==12688== Memcheck, a memory error detector
==12688== Copyright (C) 2002-2022, and GNU GPL'd, by Julian Seward et al.
==12688== Using Valgrind-3.22.0 and LibVEX; rerun with -h for copyright info
==12688== Command: /mnt/c/Users/Juan/Documents/GitHub/Mapanare/mapanare/self/mnc-stage1 /mnt/c/Users/Juan/Documents/GitHub/Mapanare/tests/golden/24_enum_methods.mn -o docs/roadmap/v4/v4.142.0/valgrind-logs/24_enum_methods.ll
==12688== 
==12688== 
==12688== HEAP SUMMARY:
==12688==     in use at exit: 143,274 bytes in 1,525 blocks
==12688==   total heap usage: 2,698 allocs, 1,173 frees, 223,501 bytes allocated
==12688== 
==12688== 2 bytes in 1 blocks are definitely lost in loss record 1 of 853
==12688==    at 0x484D953: calloc (in /usr/libexec/valgrind/vgpreload_memcheck-amd64-linux.so)
==12688==    by 0x739049: __mn_alloc (in /mnt/c/Users/Juan/Documents/GitHub/Mapanare/mapanare/self/mnc-stage1)
==12688==    by 0x73980B: __mn_str_from_parts (in /mnt/c/Users/Juan/Documents/GitHub/Mapanare/mapanare/self/mnc-stage1)
==12688==    by 0x41FA6B: lexer__scan_ident (in /mnt/c/Users/Juan/Documents/GitHub/Mapanare/mapanare/self/mnc-stage1)
==12688==    by 0x6A7779F: ???
==12688==    by 0x8000000000000000: ???
==12688==    by 0x6A733D7: ???
==12688== 
==12688== 2 bytes in 1 blocks are definitely lost in loss record 2 of 853
==12688==    at 0x484D953: calloc (in /usr/libexec/valgrind/vgpreload_memcheck-amd64-linux.so)
==12688==    by 0x739049: __mn_alloc (in /mnt/c/Users/Juan/Documents/GitHub/Mapanare/mapanare/self/mnc-stage1)
==12688==    by 0x73980B: __mn_str_from_parts (in /mnt/c/Users/Juan/Documents/GitHub/Mapanare/mapanare/self/mnc-stage1)
==12688==    by 0x41FA6B: lexer__scan_ident (in /mnt/c/Users/Juan/Documents/GitHub/Mapanare/mapanare/self/mnc-stage1)
==12688==    by 0x6A7783F: ???
==12688==    by 0x8000000000000001: ???
==12688==    by 0x6A733D7: ???
==12688== 
==12688== 2 bytes in 1 blocks are definitely lost in loss record 3 of 853
==12688==    at 0x484D953: calloc (in /usr/libexec/valgrind/vgpreload_memcheck-amd64-linux.so)
==12688==    by 0x739049: __mn_alloc (in /mnt/c/Users/Juan/Documents/GitHub/Mapanare/mapanare/self/mnc-stage1)
==12688==    by 0x73980B: __mn_str_from_parts (in /mnt/c/Users/Juan/Documents/GitHub/Mapanare/mapanare/self/mnc-stage1)
==12688==    by 0x41FA6B: lexer__scan_ident (in /mnt/c/Users/Juan/Documents/GitHub/Mapanare/mapanare/self/mnc-stage1)
==12688==    by 0x6A778DF: ???
==12688==    by 0x8000000000000002: ???
==12688==    by 0x6A733D7: ???
==12688== 
==12688== 2 bytes in 1 blocks are definitely lost in loss record 4 of 853
==12688==    at 0x484D953: calloc (in /usr/libexec/valgrind/vgpreload_memcheck-amd64-linux.so)
==12688==    by 0x739049: __mn_alloc (in /mnt/c/Users/Juan/Documents/GitHub/Mapanare/mapanare/self/mnc-stage1)
==12688==    by 0x73980B: __mn_str_from_parts (in /mnt/c/Users/Juan/Documents/GitHub/Mapanare/mapanare/self/mnc-stage1)
==12688==    by 0x41FA6B: lexer__scan_ident (in /mnt/c/Users/Juan/Documents/GitHub/Mapanare/mapanare/self/mnc-stage1)
==12688==    by 0x6A7797F: ???
==12688==    by 0x8000000000000003: ???
==12688==    by 0x6A733D7: ???
==12688== 
==12688== 2 bytes in 1 blocks are definitely lost in loss record 5 of 853
==12688==    at 0x484D953: calloc (in /usr/libexec/valgrind/vgpreload_memcheck-amd64-linux.so)
==12688==    by 0x739049: __mn_alloc (in /mnt/c/Users/Juan/Documents/GitHub/Mapanare/mapanare/self/mnc-stage1)
==12688==    by 0x73980B: __mn_str_from_parts (in /mnt/c/Users/Juan/Documents/GitHub/Mapanare/mapanare/self/mnc-stage1)
==12688==    by 0x41FA6B: lexer__scan_ident (in /mnt/c/Users/Juan/Documents/GitHub/Mapanare/mapanare/self/mnc-stage1)
==12688==    by 0x6A77DAF: ???
==12688==    by 0x8000000000000000: ???
==12688==    by 0x6A733D7: ???
==12688==    by 0x5: ???
==12688== 
==12688== 2 bytes in 1 blocks are definitely lost in loss record 6 of 853
==12688==    at 0x484D953: calloc (in /usr/libexec/valgrind/vgpreload_memcheck-amd64-linux.so)
==12688==    by 0x739049: __mn_alloc (in /mnt/c/Users/Juan/Documents/GitHub/Mapanare/mapanare/self/mnc-stage1)
==12688==    by 0x73980B: __mn_str_from_parts (in /mnt/c/Users/Juan/Documents/GitHub/Mapanare/mapanare/self/mnc-stage1)
==12688==    by 0x41FA6B: lexer__scan_ident (in /mnt/c/Users/Juan/Documents/GitHub/Mapanare/mapanare/self/mnc-stage1)
==12688==    by 0x6A77E4F: ???
==12688==    by 0x8000000000000001: ???
==12688==    by 0x6A733D7: ???
==12688==    by 0x5: ???
==12688== 
==12688== 2 bytes in 1 blocks are definitely lost in loss record 7 of 853
==12688==    at 0x484D953: calloc (in /usr/libexec/valgrind/vgpreload_memcheck-amd64-linux.so)
==12688==    by 0x739049: __mn_alloc (in /mnt/c/Users/Juan/Documents/GitHub/Mapanare/mapanare/self/mnc-stage1)
==12688==    by 0x73980B: __mn_str_from_parts (in /mnt/c/Users/Juan/Documents/GitHub/Mapanare/mapanare/self/mnc-stage1)
==12688==    by 0x41FA6B: lexer__scan_ident (in /mnt/c/Users/Juan/Documents/GitHub/Mapanare/mapanare/self/mnc-stage1)
==12688==    by 0x6A77EEF: ???
==12688==    by 0x8000000000000002: ???
==12688==    by 0x6A733D7: ???
==12688==    by 0x5: ???
==12688== 
==12688== 2 bytes in 1 blocks are definitely lost in loss record 8 of 853
==12688==    at 0x484D953: calloc (in /usr/libexec/valgrind/vgpreload_memcheck-amd64-linux.so)
==12688==    by 0x739049: __mn_alloc (in /mnt/c/Users/Juan/Documents/GitHub/Mapanare/mapanare/self/mnc-stage1)
==12688==    by 0x73980B: __mn_str_from_parts (in /mnt/c/Users/Juan/Documents/GitHub/Mapanare/mapanare/self/mnc-stage1)
==12688==    by 0x41FA6B: lexer__scan_ident (in /mnt/c/Users/Juan/Documents/GitHub/Mapanare/mapanare/self/mnc-stage1)
==12688==    by 0x6A77F8F: ???
==12688==    by 0x8000000000000003: ???
==12688==    by 0x6A733D7: ???
==12688==    by 0x5: ???
==12688== 
==12688== 2 bytes in 1 blocks are definitely lost in loss record 9 of 853
==12688==    at 0x484D953: calloc (in /usr/libexec/valgrind/vgpreload_memcheck-amd64-linux.so)
==12688==    by 0x739049: __mn_alloc (in /mnt/c/Users/Juan/Documents/GitHub/Mapanare/mapanare/self/mnc-stage1)
==12688==    by 0x73980B: __mn_str_from_parts (in /mnt/c/Users/Juan/Documents/GitHub/Mapanare/mapanare/self/mnc-stage1)
==12688==    by 0x41FA6B: lexer__scan_ident (in /mnt/c/Users/Juan/Documents/GitHub/Mapanare/mapanare/self/mnc-stage1)
==12688==    by 0x6A7802F: ???
==12688==    by 0x8000000000000004: ???
==12688==    by 0x6A733D7: ???
==12688==    by 0x5: ???
==12688== 
==12688== 2 bytes in 1 blocks are definitely lost in loss record 10 of 853
==12688==    at 0x484D953: calloc (in /usr/libexec/valgrind/vgpreload_memcheck-amd64-linux.so)
==12688==    by 0x739049: __mn_alloc (in /mnt/c/Users/Juan/Documents/GitHub/Mapanare/mapanare/self/mnc-stage1)
==12688==    by 0x73980B: __mn_str_from_parts (in /mnt/c/Users/Juan/Documents/GitHub/Mapanare/mapanare/self/mnc-stage1)
==12688==    by 0x41FA6B: lexer__scan_ident (in /mnt/c/Users/Juan/Documents/GitHub/Mapanare/mapanare/self/mnc-stage1)
==12688==    by 0x6A7848F: ???
==12688==    by 0x8000000000000000: ???
==12688==    by 0x6A733D7: ???
==12688==    by 0x4: ???
==12688==    by 0x1: ???
==12688==    by 0x6A7751F: ???
==12688==    by 0x8000000000000000: ???
==12688==    by 0x4: ???
==12688==    by 0x10: ???
==12688== 
==12688== 2 bytes in 1 blocks are definitely lost in loss record 11 of 853
==12688==    at 0x484D953: calloc (in /usr/libexec/valgrind/vgpreload_memcheck-amd64-linux.so)
==12688==    by 0x739049: __mn_alloc (in /mnt/c/Users/Juan/Documents/GitHub/Mapanare/mapanare/self/mnc-stage1)
==12688==    by 0x73980B: __mn_str_from_parts (in /mnt/c/Users/Juan/Documents/GitHub/Mapanare/mapanare/self/mnc-stage1)
==12688==    by 0x41FA6B: lexer__scan_ident (in /mnt/c/Users/Juan/Documents/GitHub/Mapanare/mapanare/self/mnc-stage1)
==12688==    by 0x6A7852F: ???
==12688==    by 0x8000000000000001: ???
==12688==    by 0x6A733D7: ???
==12688==    by 0x4: ???
==12688==    by 0x1: ???
==12688==    by 0x6A7751F: ???
==12688==    by 0x8000000000000000: ???
==12688==    by 0x4: ???
==12688==    by 0x10: ???
==12688== 
==12688== 2 bytes in 1 blocks are definitely lost in loss record 12 of 853
==12688==    at 0x484D953: calloc (in /usr/libexec/valgrind/vgpreload_memcheck-amd64-linux.so)
==12688==    by 0x739049: __mn_alloc (in /mnt/c/Users/Juan/Documents/GitHub/Mapanare/mapanare/self/mnc-stage1)
==12688==    by 0x73980B: __mn_str_from_parts (in /mnt/c/Users/Juan/Documents/GitHub/Mapanare/mapanare/self/mnc-stage1)
==12688==    by 0x41FA6B: lexer__scan_ident (in /mnt/c/Users/Juan/Documents/GitHub/Mapanare/mapanare/self/mnc-stage1)
==12688==    by 0x6A785CF: ???
==12688==    by 0x8000000000000002: ???
==12688==    by 0x6A733D7: ???
==12688==    by 0x4: ???
==12688==    by 0x1: ???
==12688==    by 0x6A7751F: ???
==12688==    by 0x8000000000000000: ???
==12688==    by 0x4: ???
==12688==    by 0x10: ???
==12688== 
==12688== 2 bytes in 1 blocks are definitely lost in loss record 13 of 853
==12688==    at 0x484D953: calloc (in /usr/libexec/valgrind/vgpreload_memcheck-amd64-linux.so)
==12688==    by 0x739049: __mn_alloc (in /mnt/c/Users/Juan/Documents/GitHub/Mapanare/mapanare/self/mnc-stage1)
==12688==    by 0x73980B: __mn_str_from_parts (in /mnt/c/Users/Juan/Documents/GitHub/Mapanare/mapanare/self/mnc-stage1)
==12688==    by 0x41FA6B: lexer__scan_ident (in /mnt/c/Users/Juan/Documents/GitHub/Mapanare/mapanare/self/mnc-stage1)
==12688==    by 0x6A789DF: ???
==12688==    by 0x8000000000000000: ???
==12688==    by 0x6A733D7: ???
==12688==    by 0x4: ???
==12688==    by 0x2: ???
==12688==    by 0x6A7751F: ???
==12688==    by 0x8000000000000000: ???
==12688==    by 0x4: ???
==12688==    by 0x19: ???
==12688== 
==12688== 2 bytes in 1 blocks are definitely lost in loss record 14 of 853
==12688==    at 0x484D953: calloc (in /usr/libexec/valgrind/vgpreload_memcheck-amd64-linux.so)
==12688==    by 0x739049: __mn_alloc (in /mnt/c/Users/Juan/Documents/GitHub/Mapanare/mapanare/self/mnc-stage1)
==12688==    by 0x73980B: __mn_str_from_parts (in /mnt/c/Users/Juan/Documents/GitHub/Mapanare/mapanare/self/mnc-stage1)
==12688==    by 0x41FA6B: lexer__scan_ident (in /mnt/c/Users/Juan/Documents/GitHub/Mapanare/mapanare/self/mnc-stage1)
==12688==    by 0x6A78A7F: ???
==12688==    by 0x8000000000000001: ???
==12688==    by 0x6A733D7: ???
==12688==    by 0x4: ???
==12688==    by 0x2: ???
==12688==    by 0x6A7751F: ???
==12688==    by 0x8000000000000000: ???
==12688==    by 0x4: ???
==12688==    by 0x19: ???
==12688== 
==12688== 2 bytes in 1 blocks are definitely lost in loss record 15 of 853
==12688==    at 0x484D953: calloc (in /usr/libexec/valgrind/vgpreload_memcheck-amd64-linux.so)
==12688==    by 0x739049: __mn_alloc (in /mnt/c/Users/Juan/Documents/GitHub/Mapanare/mapanare/self/mnc-stage1)
==12688==    by 0x73980B: __mn_str_from_parts (in /mnt/c/Users/Juan/Documents/GitHub/Mapanare/mapanare/self/mnc-stage1)
==12688==    by 0x41FA6B: lexer__scan_ident (in /mnt/c/Users/Juan/Documents/GitHub/Mapanare/mapanare/self/mnc-stage1)
==12688==    by 0x6A78B1F: ???
==12688==    by 0x8000000000000002: ???
==12688==    by 0x6A733D7: ???
==12688==    by 0x4: ???
==12688==    by 0x2: ???
==12688==    by 0x6A7751F: ???
==12688==    by 0x8000000000000000: ???
==12688==    by 0x4: ???
==12688==    by 0x19: ???
==12688== 
==12688== 2 bytes in 1 blocks are definitely lost in loss record 16 of 853
==12688==    at 0x484D953: calloc (in /usr/libexec/valgrind/vgpreload_memcheck-amd64-linux.so)
==12688==    by 0x739049: __mn_alloc (in /mnt/c/Users/Juan/Documents/GitHub/Mapanare/mapanare/self/mnc-stage1)
==12688==    by 0x73980B: __mn_str_from_parts (in /mnt/c/Users/Juan/Documents/GitHub/Mapanare/mapanare/self/mnc-stage1)
==12688==    by 0x41FA6B: lexer__scan_ident (in /mnt/c/Users/Juan/Documents/GitHub/Mapanare/mapanare/self/mnc-stage1)
==12688==    by 0x6A78BBF: ???
==12688==    by 0x8000000000000003: ???
==12688==    by 0x6A733D7: ???
==12688==    by 0x4: ???
==12688==    by 0x2: ???
==12688==    by 0x6A7751F: ???
==12688==    by 0x8000000000000000: ???
==12688==    by 0x4: ???
==12688==    by 0x19: ???
==12688== 
==12688== 2 bytes in 1 blocks are definitely lost in loss record 17 of 853
==12688==    at 0x484D953: calloc (in /usr/libexec/valgrind/vgpreload_memcheck-amd64-linux.so)
==12688==    by 0x739049: __mn_alloc (in /mnt/c/Users/Juan/Documents/GitHub/Mapanare/mapanare/self/mnc-stage1)
==12688==    by 0x73980B: __mn_str_from_parts (in /mnt/c/Users/Juan/Documents/GitHub/Mapanare/mapanare/self/mnc-stage1)
==12688==    by 0x41FA6B: lexer__scan_ident (in /mnt/c/Users/Juan/Documents/GitHub/Mapanare/mapanare/self/mnc-stage1)
==12688==    by 0x6A78C5F: ???
==12688==    by 0x8000000000000004: ???
==12688==    by 0x6A733D7: ???
==12688==    by 0x4: ???
==12688==    by 0x2: ???
==12688==    by 0x6A7751F: ???
==12688==    by 0x8000000000000000: ???
==12688==    by 0x4: ???
==12688==    by 0x19: ???
==12688== 
==12688== 2 bytes in 1 blocks are definitely lost in loss record 18 of 853
==12688==    at 0x484D953: calloc (in /usr/libexec/valgrind/vgpreload_memcheck-amd64-linux.so)
==12688==    by 0x739049: __mn_alloc (in /mnt/c/Users/Juan/Documents/GitHub/Mapanare/mapanare/self/mnc-stage1)
==12688==    by 0x73980B: __mn_str_from_parts (in /mnt/c/Users/Juan/Documents/GitHub/Mapanare/mapanare/self/mnc-stage1)
==12688==    by 0x41FA6B: lexer__scan_ident (in /mnt/c/Users/Juan/Documents/GitHub/Mapanare/mapanare/self/mnc-stage1)
==12688==    by 0x6A7906F: ???
==12688==    by 0x8000000000000000: ???
==12688==    by 0x6A733D7: ???
==12688==    by 0x4: ???
==12688==    by 0x3: ???
==12688==    by 0x6A7751F: ???
==12688==    by 0x8000000000000000: ???
==12688==    by 0x4: ???
==12688==    by 0x24: ???
==12688== 
==12688== 2 bytes in 1 blocks are definitely lost in loss record 19 of 853
==12688==    at 0x484D953: calloc (in /usr/libexec/valgrind/vgpreload_memcheck-amd64-linux.so)
==12688==    by 0x739049: __mn_alloc (in /mnt/c/Users/Juan/Documents/GitHub/Mapanare/mapanare/self/mnc-stage1)
==12688==    by 0x73980B: __mn_str_from_parts (in /mnt/c/Users/Juan/Documents/GitHub/Mapanare/mapanare/self/mnc-stage1)
==12688==    by 0x41FA6B: lexer__scan_ident (in /mnt/c/Users/Juan/Documents/GitHub/Mapanare/mapanare/self/mnc-stage1)
==12688==    by 0x6A7910F: ???
==12688==    by 0x8000000000000001: ???
==12688==    by 0x6A733D7: ???
==12688==    by 0x4: ???
==12688==    by 0x3: ???
==12688==    by 0x6A7751F: ???
==12688==    by 0x8000000000000000: ???
==12688==    by 0x4: ???
==12688==    by 0x24: ???
==12688== 
==12688== 2 bytes in 1 blocks are definitely lost in loss record 20 of 853
==12688==    at 0x484D953: calloc (in /usr/libexec/valgrind/vgpreload_memcheck-amd64-linux.so)
==12688==    by 0x739049: __mn_alloc (in /mnt/c/Users/Juan/Documents/GitHub/Mapanare/mapanare/self/mnc-stage1)
==12688==    by 0x73980B: __mn_str_from_parts (in /mnt/c/Users/Juan/Documents/GitHub/Mapanare/mapanare/self/mnc-stage1)
==12688==    by 0x41FA6B: lexer__scan_ident (in /mnt/c/Users/Juan/Documents/GitHub/Mapanare/mapanare/self/mnc-stage1)
==12688==    by 0x6A791AF: ???
==12688==    by 0x8000000000000002: ???
==12688==    by 0x6A733D7: ???
==12688==    by 0x4: ???
==12688==    by 0x3: ???
==12688==    by 0x6A7751F: ???
==12688==    by 0x8000000000000000: ???
==12688==    by 0x4: ???
==12688==    by 0x24: ???
==12688== 
==12688== 2 bytes in 1 blocks are definitely lost in loss record 21 of 853
==12688==    at 0x484D953: calloc (in /usr/libexec/valgrind/vgpreload_memcheck-amd64-linux.so)
==12688==    by 0x739049: __mn_alloc (in /mnt/c/Users/Juan/Documents/GitHub/Mapanare/mapanare/self/mnc-stage1)
==12688==    by 0x73980B: __mn_str_from_parts (in /mnt/c/Users/Juan/Documents/GitHub/Mapanare/mapanare/self/mnc-stage1)
==12688==    by 0x41FA6B: lexer__scan_ident (in /mnt/c/Users/Juan/Documents/GitHub/Mapanare/mapanare/self/mnc-stage1)
==12688==    by 0x6A7924F: ???
==12688==    by 0x8000000000000003: ???
==12688==    by 0x6A733D7: ???
==12688==    by 0x4: ???
==12688==    by 0x3: ???
==12688==    by 0x6A7751F: ???
==12688==    by 0x8000000000000000: ???
==12688==    by 0x4: ???
==12688==    by 0x24: ???
==12688== 
==12688== 2 bytes in 1 blocks are definitely lost in loss record 22 of 853
==12688==    at 0x484D953: calloc (in /usr/libexec/valgrind/vgpreload_memcheck-amd64-linux.so)
==12688==    by 0x739049: __mn_alloc (in /mnt/c/Users/Juan/Documents/GitHub/Mapanare/mapanare/self/mnc-stage1)
==12688==    by 0x73980B: __mn_str_from_parts (in /mnt/c/Users/Juan/Documents/GitHub/Mapanare/mapanare/self/mnc-stage1)
==12688==    by 0x41FA6B: lexer__scan_ident (in /mnt/c/Users/Juan/Documents/GitHub/Mapanare/mapanare/self/mnc-stage1)
==12688==    by 0x6A79A0F: ???
==12688==    by 0x8000000000000000: ???
==12688==    by 0x6A733D7: ???
==12688== 
==12688== 2 bytes in 1 blocks are definitely lost in loss record 23 of 853
==12688==    at 0x484D953: calloc (in /usr/libexec/valgrind/vgpreload_memcheck-amd64-linux.so)
==12688==    by 0x739049: __mn_alloc (in /mnt/c/Users/Juan/Documents/GitHub/Mapanare/mapanare/self/mnc-stage1)
==12688==    by 0x73980B: __mn_str_from_parts (in /mnt/c/Users/Juan/Documents/GitHub/Mapanare/mapanare/self/mnc-stage1)
==12688==    by 0x41FA6B: lexer__scan_ident (in /mnt/c/Users/Juan/Documents/GitHub/Mapanare/mapanare/self/mnc-stage1)
==12688==    by 0x6A79AAF: ???
==12688==    by 0x8000000000000001: ???
==12688==    by 0x6A733D7: ???
==12688== 
==12688== 2 bytes in 1 blocks are definitely lost in loss record 24 of 853
==12688==    at 0x484D953: calloc (in /usr/libexec/valgrind/vgpreload_memcheck-amd64-linux.so)
==12688==    by 0x739049: __mn_alloc (in /mnt/c/Users/Juan/Documents/GitHub/Mapanare/mapanare/self/mnc-stage1)
==12688==    by 0x73980B: __mn_str_from_parts (in /mnt/c/Users/Juan/Documents/GitHub/Mapanare/mapanare/self/mnc-stage1)
==12688==    by 0x41FA6B: lexer__scan_ident (in /mnt/c/Users/Juan/Documents/GitHub/Mapanare/mapanare/self/mnc-stage1)
==12688==    by 0x6A79C8F: ???
==12688==    by 0x8000000000000000: ???
==12688==    by 0x6A733D7: ???
==12688==    by 0x3: ???
==12688==    by 0x6: ???
==12688==    by 0x6A7751F: ???
==12688==    by 0x8000000000000000: ???
==12688==    by 0x3: ???
==12688==    by 0x2F: ???
==12688== 
==12688== 2 bytes in 1 blocks are definitely lost in loss record 25 of 853
==12688==    at 0x484D953: calloc (in /usr/libexec/valgrind/vgpreload_memcheck-amd64-linux.so)
==12688==    by 0x739049: __mn_alloc (in /mnt/c/Users/Juan/Documents/GitHub/Mapanare/mapanare/self/mnc-stage1)
==12688==    by 0x73980B: __mn_str_from_parts (in /mnt/c/Users/Juan/Documents/GitHub/Mapanare/mapanare/self/mnc-stage1)
==12688==    by 0x41FA6B: lexer__scan_ident (in /mnt/c/Users/Juan/Documents/GitHub/Mapanare/mapanare/self/mnc-stage1)
==12688==    by 0x6A79D2F: ???
==12688==    by 0x8000000000000001: ???
==12688==    by 0x6A733D7: ???
==12688==    by 0x3: ???
==12688==    by 0x6: ???
==12688==    by 0x6A7751F: ???
==12688==    by 0x8000000000000000: ???
==12688==    by 0x3: ???
==12688==    by 0x2F: ???
==12688== 
==12688== 2 bytes in 1 blocks are definitely lost in loss record 26 of 853
==12688==    at 0x484D953: calloc (in /usr/libexec/valgrind/vgpreload_memcheck-amd64-linux.so)
==12688==    by 0x739049: __mn_alloc (in /mnt/c/Users/Juan/Documents/GitHub/Mapanare/mapanare/self/mnc-stage1)
==12688==    by 0x73980B: __mn_str_from_parts (in /mnt/c/Users/Juan/Documents/GitHub/Mapanare/mapanare/self/mnc-stage1)
==12688==    by 0x41FA6B: lexer__scan_ident (in /mnt/c/Users/Juan/Documents/GitHub/Mapanare/mapanare/self/mnc-stage1)
==12688==    by 0x6A79DCF: ???
==12688==    by 0x8000000000000002: ???
==12688==    by 0x6A733D7: ???
==12688==    by 0x3: ???
==12688==    by 0x6: ???
==12688==    by 0x6A7751F: ???
==12688==    by 0x8000000000000000: ???
==12688==    by 0x3: ???
==12688==    by 0x2F: ???
==12688== 
==12688== 2 bytes in 1 blocks are definitely lost in loss record 27 of 853
==12688==    at 0x484D953: calloc (in /usr/libexec/valgrind/vgpreload_memcheck-amd64-linux.so)
==12688==    by 0x739049: __mn_alloc (in /mnt/c/Users/Juan/Documents/GitHub/Mapanare/mapanare/self/mnc-stage1)
==12688==    by 0x73980B: __mn_str_from_parts (in /mnt/c/Users/Juan/Documents/GitHub/Mapanare/mapanare/self/mnc-stage1)
==12688==    by 0x41FA6B: lexer__scan_ident (in /mnt/c/Users/Juan/Documents/GitHub/Mapanare/mapanare/self/mnc-stage1)
==12688==    by 0x6A79E6F: ???
==12688==    by 0x8000000000000003: ???
==12688==    by 0x6A733D7: ???
==12688==    by 0x3: ???
==12688==    by 0x6: ???
==12688==    by 0x6A7751F: ???
==12688==    by 0x8000000000000000: ???
==12688==    by 0x3: ???
==12688==    by 0x2F: ???
==12688== 
==12688== 2 bytes in 1 blocks are definitely lost in loss record 28 of 853
==12688==    at 0x484D953: calloc (in /usr/libexec/valgrind/vgpreload_memcheck-amd64-linux.so)
==12688==    by 0x739049: __mn_alloc (in /mnt/c/Users/Juan/Documents/GitHub/Mapanare/mapanare/self/mnc-stage1)
==12688==    by 0x73980B: __mn_str_from_parts (in /mnt/c/Users/Juan/Documents/GitHub/Mapanare/mapanare/self/mnc-stage1)
==12688==    by 0x41FA6B: lexer__scan_ident (in /mnt/c/Users/Juan/Documents/GitHub/Mapanare/mapanare/self/mnc-stage1)
==12688==    by 0x6A79F0F: ???
==12688==    by 0x8000000000000004: ???
==12688==    by 0x6A733D7: ???
==12688==    by 0x3: ???
==12688==    by 0x6: ???
==12688==    by 0x6A7751F: ???
==12688==    by 0x8000000000000000: ???
==12688==    by 0x3: ???
==12688==    by 0x2F: ???
==12688== 
==12688== 2 bytes in 1 blocks are definitely lost in loss record 29 of 853
==12688==    at 0x484D953: calloc (in /usr/libexec/valgrind/vgpreload_memcheck-amd64-linux.so)
==12688==    by 0x739049: __mn_alloc (in /mnt/c/Users/Juan/Documents/GitHub/Mapanare/mapanare/self/mnc-stage1)
==12688==    by 0x73980B: __mn_str_from_parts (in /mnt/c/Users/Juan/Documents/GitHub/Mapanare/mapanare/self/mnc-stage1)
==12688==    by 0x41FA6B: lexer__scan_ident (in /mnt/c/Users/Juan/Documents/GitHub/Mapanare/mapanare/self/mnc-stage1)
==12688==    by 0x6A79FAF: ???
==12688==    by 0x8000000000000005: ???
==12688==    by 0x6A733D7: ???
==12688==    by 0x3: ???
==12688==    by 0x6: ???
==12688==    by 0x6A7751F: ???
==12688==    by 0x8000000000000000: ???
==12688==    by 0x3: ???
==12688==    by 0x2F: ???
==12688== 
==12688== 2 bytes in 1 blocks are definitely lost in loss record 30 of 853
==12688==    at 0x484D953: calloc (in /usr/libexec/valgrind/vgpreload_memcheck-amd64-linux.so)
==12688==    by 0x739049: __mn_alloc (in /mnt/c/Users/Juan/Documents/GitHub/Mapanare/mapanare/self/mnc-stage1)
==12688==    by 0x73980B: __mn_str_from_parts (in /mnt/c/Users/Juan/Documents/GitHub/Mapanare/mapanare/self/mnc-stage1)
==12688==    by 0x41FA6B: lexer__scan_ident (in /mnt/c/Users/Juan/Documents/GitHub/Mapanare/mapanare/self/mnc-stage1)
==12688==    by 0x6A7A04F: ???
==12688==    by 0x8000000000000006: ???
==12688==    by 0x6A733D7: ???
==12688==    by 0x3: ???
==12688==    by 0x6: ???
==12688==    by 0x6A7751F: ???
==12688==    by 0x8000000000000000: ???
==12688==    by 0x3: ???
==12688==    by 0x2F: ???
==12688== 
==12688== 2 bytes in 1 blocks are definitely lost in loss record 31 of 853
==12688==    at 0x484D953: calloc (in /usr/libexec/valgrind/vgpreload_memcheck-amd64-linux.so)
==12688==    by 0x739049: __mn_alloc (in /mnt/c/Users/Juan/Documents/GitHub/Mapanare/mapanare/self/mnc-stage1)
==12688==    by 0x73980B: __mn_str_from_parts (in /mnt/c/Users/Juan/Documents/GitHub/Mapanare/mapanare/self/mnc-stage1)
==12688==    by 0x41FA6B: lexer__scan_ident (in /mnt/c/Users/Juan/Documents/GitHub/Mapanare/mapanare/self/mnc-stage1)
==12688==    by 0x6A7A0EF: ???
==12688==    by 0x8000000000000007: ???
==12688==    by 0x6A733D7: ???
==12688==    by 0x3: ???
==12688==    by 0x6: ???
==12688==    by 0x6A7751F: ???
==12688==    by 0x8000000000000000: ???
==12688==    by 0x3: ???
==12688==    by 0x2F: ???
==12688== 
==12688== 2 bytes in 1 blocks are definitely lost in loss record 32 of 853
==12688==    at 0x484D953: calloc (in /usr/libexec/valgrind/vgpreload_memcheck-amd64-linux.so)
==12688==    by 0x739049: __mn_alloc (in /mnt/c/Users/Juan/Documents/GitHub/Mapanare/mapanare/self/mnc-stage1)
==12688==    by 0x73980B: __mn_str_from_parts (in /mnt/c/Users/Juan/Documents/GitHub/Mapanare/mapanare/self/mnc-stage1)
==12688==    by 0x41FA6B: lexer__scan_ident (in /mnt/c/Users/Juan/Documents/GitHub/Mapanare/mapanare/self/mnc-stage1)
==12688==    by 0x6A7A18F: ???
==12688==    by 0x8000000000000008: ???
==12688==    by 0x6A733D7: ???
==12688==    by 0x3: ???
==12688==    by 0x6: ???
==12688==    by 0x6A7751F: ???
==12688==    by 0x8000000000000000: ???
==12688==    by 0x3: ???
==12688==    by 0x2F: ???
==12688== 
==12688== 2 bytes in 1 blocks are definitely lost in loss record 33 of 853
==12688==    at 0x484D953: calloc (in /usr/libexec/valgrind/vgpreload_memcheck-amd64-linux.so)
==12688==    by 0x739049: __mn_alloc (in /mnt/c/Users/Juan/Documents/GitHub/Mapanare/mapanare/self/mnc-stage1)
==12688==    by 0x73980B: __mn_str_from_parts (in /mnt/c/Users/Juan/Documents/GitHub/Mapanare/mapanare/self/mnc-stage1)
==12688==    by 0x41FA6B: lexer__scan_ident (in /mnt/c/Users/Juan/Documents/GitHub/Mapanare/mapanare/self/mnc-stage1)
==12688==    by 0x6A7A22F: ???
==12688==    by 0x8000000000000009: ???
==12688==    by 0x6A733D7: ???
==12688==    by 0x3: ???
==12688==    by 0x6: ???
==12688==    by 0x6A7751F: ???
==12688==    by 0x8000000000000000: ???
==12688==    by 0x3: ???
==12688==    by 0x2F: ???
==12688== 
==12688== 2 bytes in 1 blocks are definitely lost in loss record 34 of 853
==12688==    at 0x484D953: calloc (in /usr/libexec/valgrind/vgpreload_memcheck-amd64-linux.so)
==12688==    by 0x739049: __mn_alloc (in /mnt/c/Users/Juan/Documents/GitHub/Mapanare/mapanare/self/mnc-stage1)
==12688==    by 0x73980B: __mn_str_from_parts (in /mnt/c/Users/Juan/Documents/GitHub/Mapanare/mapanare/self/mnc-stage1)
==12688==    by 0x41FA6B: lexer__scan_ident (in /mnt/c/Users/Juan/Documents/GitHub/Mapanare/mapanare/self/mnc-stage1)
==12688==    by 0x6A7A4AF: ???
==12688==    by 0x8000000000000000: ???
==12688==    by 0x6A733D7: ???
==12688==    by 0xE: ???
==12688==    by 0x6: ???
==12688==    by 0x6A7751F: ???
==12688==    by 0x8000000000000000: ???
==12688==    by 0xE: ???
==12688==    by 0x3A: ???
==12688== 
==12688== 2 bytes in 1 blocks are definitely lost in loss record 35 of 853
==12688==    at 0x484D953: calloc (in /usr/libexec/valgrind/vgpreload_memcheck-amd64-linux.so)
==12688==    by 0x739049: __mn_alloc (in /mnt/c/Users/Juan/Documents/GitHub/Mapanare/mapanare/self/mnc-stage1)
==12688==    by 0x73980B: __mn_str_from_parts (in /mnt/c/Users/Juan/Documents/GitHub/Mapanare/mapanare/self/mnc-stage1)
==12688==    by 0x41FA6B: lexer__scan_ident (in /mnt/c/Users/Juan/Documents/GitHub/Mapanare/mapanare/self/mnc-stage1)
==12688==    by 0x6A7A77F: ???
==12688==    by 0x8000000000000000: ???
==12688==    by 0x6A733D7: ???
==12688==    by 0x11: ???
==12688==    by 0x6: ???
==12688==    by 0x6A7751F: ???
==12688==    by 0x8000000000000000: ???
==12688==    by 0x11: ???
==12688==    by 0x3D: ???
==12688== 
==12688== 2 bytes in 1 blocks are definitely lost in loss record 36 of 853
==12688==    at 0x484D953: calloc (in /usr/libexec/valgrind/vgpreload_memcheck-amd64-linux.so)
==12688==    by 0x739049: __mn_alloc (in /mnt/c/Users/Juan/Documents/GitHub/Mapanare/mapanare/self/mnc-stage1)
==12688==    by 0x73980B: __mn_str_from_parts (in /mnt/c/Users/Juan/Documents/GitHub/Mapanare/mapanare/self/mnc-stage1)
==12688==    by 0x41FA6B: lexer__scan_ident (in /mnt/c/Users/Juan/Documents/GitHub/Mapanare/mapanare/self/mnc-stage1)
==12688==    by 0x6A7A81F: ???
==12688==    by 0x8000000000000001: ???
==12688==    by 0x6A733D7: ???
==12688==    by 0x11: ???
==12688==    by 0x6: ???
==12688==    by 0x6A7751F: ???
==12688==    by 0x8000000000000000: ???
==12688==    by 0x11: ???
==12688==    by 0x3D: ???
==12688== 
==12688== 2 bytes in 1 blocks are definitely lost in loss record 37 of 853
==12688==    at 0x484D953: calloc (in /usr/libexec/valgrind/vgpreload_memcheck-amd64-linux.so)
==12688==    by 0x739049: __mn_alloc (in /mnt/c/Users/Juan/Documents/GitHub/Mapanare/mapanare/self/mnc-stage1)
==12688==    by 0x73980B: __mn_str_from_parts (in /mnt/c/Users/Juan/Documents/GitHub/Mapanare/mapanare/self/mnc-stage1)
==12688==    by 0x41FA6B: lexer__scan_ident (in /mnt/c/Users/Juan/Documents/GitHub/Mapanare/mapanare/self/mnc-stage1)
==12688==    by 0x6A7A8BF: ???
==12688==    by 0x8000000000000002: ???
==12688==    by 0x6A733D7: ???
==12688==    by 0x11: ???
==12688==    by 0x6: ???
==12688==    by 0x6A7751F: ???
==12688==    by 0x8000000000000000: ???
==12688==    by 0x11: ???
==12688==    by 0x3D: ???
==12688== 
==12688== 2 bytes in 1 blocks are definitely lost in loss record 38 of 853
==12688==    at 0x484D953: calloc (in /usr/libexec/valgrind/vgpreload_memcheck-amd64-linux.so)
==12688==    by 0x739049: __mn_alloc (in /mnt/c/Users/Juan/Documents/GitHub/Mapanare/mapanare/self/mnc-stage1)
==12688==    by 0x73980B: __mn_str_from_parts (in /mnt/c/Users/Juan/Documents/GitHub/Mapanare/mapanare/self/mnc-stage1)
==12688==    by 0x41FA6B: lexer__scan_ident (in /mnt/c/Users/Juan/Documents/GitHub/Mapanare/mapanare/self/mnc-stage1)
==12688==    by 0x6A7A95F: ???
==12688==    by 0x8000000000000003: ???
==12688==    by 0x6A733D7: ???
==12688==    by 0x11: ???
==12688==    by 0x6: ???
==12688==    by 0x6A7751F: ???
==12688==    by 0x8000000000000000: ???
==12688==    by 0x11: ???
==12688==    by 0x3D: ???
==12688== 
==12688== 2 bytes in 1 blocks are definitely lost in loss record 39 of 853
==12688==    at 0x484D953: calloc (in /usr/libexec/valgrind/vgpreload_memcheck-amd64-linux.so)
==12688==    by 0x739049: __mn_alloc (in /mnt/c/Users/Juan/Documents/GitHub/Mapanare/mapanare/self/mnc-stage1)
==12688==    by 0x73980B: __mn_str_from_parts (in /mnt/c/Users/Juan/Documents/GitHub/Mapanare/mapanare/self/mnc-stage1)
==12688==    by 0x41FA6B: lexer__scan_ident (in /mnt/c/Users/Juan/Documents/GitHub/Mapanare/mapanare/self/mnc-stage1)
==12688==    by 0x6A7A9FF: ???
==12688==    by 0x8000000000000004: ???
==12688==    by 0x6A733D7: ???
==12688==    by 0x11: ???
==12688==    by 0x6: ???
==12688==    by 0x6A7751F: ???
==12688==    by 0x8000000000000000: ???
==12688==    by 0x11: ???
==12688==    by 0x3D: ???
==12688== 
==12688== 2 bytes in 1 blocks are definitely lost in loss record 40 of 853
==12688==    at 0x484D953: calloc (in /usr/libexec/valgrind/vgpreload_memcheck-amd64-linux.so)
==12688==    by 0x739049: __mn_alloc (in /mnt/c/Users/Juan/Documents/GitHub/Mapanare/mapanare/self/mnc-stage1)
==12688==    by 0x73980B: __mn_str_from_parts (in /mnt/c/Users/Juan/Documents/GitHub/Mapanare/mapanare/self/mnc-stage1)
==12688==    by 0x41FA6B: lexer__scan_ident (in /mnt/c/Users/Juan/Documents/GitHub/Mapanare/mapanare/self/mnc-stage1)
==12688==    by 0x6A7B65F: ???
==12688==    by 0x8000000000000000: ???
==12688==    by 0x6A733D7: ???
==12688==    by 0x1B: ???
==12688==    by 0x6: ???
==12688==    by 0x6A7751F: ???
==12688==    by 0x8000000000000000: ???
==12688==    by 0x1B: ???
==12688==    by 0x47: ???
==12688== 
==12688== 2 bytes in 1 blocks are definitely lost in loss record 41 of 853
==12688==    at 0x484D953: calloc (in /usr/libexec/valgrind/vgpreload_memcheck-amd64-linux.so)
==12688==    by 0x739049: __mn_alloc (in /mnt/c/Users/Juan/Documents/GitHub/Mapanare/mapanare/self/mnc-stage1)
==12688==    by 0x73980B: __mn_str_from_parts (in /mnt/c/Users/Juan/Documents/GitHub/Mapanare/mapanare/self/mnc-stage1)
==12688==    by 0x41FA6B: lexer__scan_ident (in /mnt/c/Users/Juan/Documents/GitHub/Mapanare/mapanare/self/mnc-stage1)
==12688==    by 0x6A7B6FF: ???
==12688==    by 0x8000000000000001: ???
==12688==    by 0x6A733D7: ???
==12688==    by 0x1B: ???
==12688==    by 0x6: ???
==12688==    by 0x6A7751F: ???
==12688==    by 0x8000000000000000: ???
==12688==    by 0x1B: ???
==12688==    by 0x47: ???
==12688== 
==12688== 2 bytes in 1 blocks are definitely lost in loss record 42 of 853
==12688==    at 0x484D953: calloc (in /usr/libexec/valgrind/vgpreload_memcheck-amd64-linux.so)
==12688==    by 0x739049: __mn_alloc (in /mnt/c/Users/Juan/Documents/GitHub/Mapanare/mapanare/self/mnc-stage1)
==12688==    by 0x73980B: __mn_str_from_parts (in /mnt/c/Users/Juan/Documents/GitHub/Mapanare/mapanare/self/mnc-stage1)
==12688==    by 0x41FA6B: lexer__scan_ident (in /mnt/c/Users/Juan/Documents/GitHub/Mapanare/mapanare/self/mnc-stage1)
==12688==    by 0x6A7B79F: ???
==12688==    by 0x8000000000000002: ???
==12688==    by 0x6A733D7: ???
==12688==    by 0x1B: ???
==12688==    by 0x6: ???
==12688==    by 0x6A7751F: ???
==12688==    by 0x8000000000000000: ???
==12688==    by 0x1B: ???
==12688==    by 0x47: ???
==12688== 
==12688== 2 bytes in 1 blocks are definitely lost in loss record 43 of 853
==12688==    at 0x484D953: calloc (in /usr/libexec/valgrind/vgpreload_memcheck-amd64-linux.so)
==12688==    by 0x739049: __mn_alloc (in /mnt/c/Users/Juan/Documents/GitHub/Mapanare/mapanare/self/mnc-stage1)
==12688==    by 0x73980B: __mn_str_from_parts (in /mnt/c/Users/Juan/Documents/GitHub/Mapanare/mapanare/self/mnc-stage1)
==12688==    by 0x41FA6B: lexer__scan_ident (in /mnt/c/Users/Juan/Documents/GitHub/Mapanare/mapanare/self/mnc-stage1)
==12688==    by 0x6A7B83F: ???
==12688==    by 0x8000000000000003: ???
==12688==    by 0x6A733D7: ???
==12688==    by 0x1B: ???
==12688==    by 0x6: ???
==12688==    by 0x6A7751F: ???
==12688==    by 0x8000000000000000: ???
==12688==    by 0x1B: ???
==12688==    by 0x47: ???
==12688== 
==12688== 2 bytes in 1 blocks are definitely lost in loss record 44 of 853
==12688==    at 0x484D953: calloc (in /usr/libexec/valgrind/vgpreload_memcheck-amd64-linux.so)
==12688==    by 0x739049: __mn_alloc (in /mnt/c/Users/Juan/Documents/GitHub/Mapanare/mapanare/self/mnc-stage1)
==12688==    by 0x73980B: __mn_str_from_parts (in /mnt/c/Users/Juan/Documents/GitHub/Mapanare/mapanare/self/mnc-stage1)
==12688==    by 0x41FA6B: lexer__scan_ident (in /mnt/c/Users/Juan/Documents/GitHub/Mapanare/mapanare/self/mnc-stage1)
==12688==    by 0x6A7B8DF: ???
==12688==    by 0x8000000000000004: ???
==12688==    by 0x6A733D7: ???
==12688==    by 0x1B: ???
==12688==    by 0x6: ???
==12688==    by 0x6A7751F: ???
==12688==    by 0x8000000000000000: ???
==12688==    by 0x1B: ???
==12688==    by 0x47: ???
==12688== 
==12688== 2 bytes in 1 blocks are definitely lost in loss record 45 of 853
==12688==    at 0x484D953: calloc (in /usr/libexec/valgrind/vgpreload_memcheck-amd64-linux.so)
==12688==    by 0x739049: __mn_alloc (in /mnt/c/Users/Juan/Documents/GitHub/Mapanare/mapanare/self/mnc-stage1)
==12688==    by 0x73980B: __mn_str_from_parts (in /mnt/c/Users/Juan/Documents/GitHub/Mapanare/mapanare/self/mnc-stage1)
==12688==    by 0x41FA6B: lexer__scan_ident (in /mnt/c/Users/Juan/Documents/GitHub/Mapanare/mapanare/self/mnc-stage1)
==12688==    by 0x6A7B97F: ???
==12688==    by 0x8000000000000005: ???
==12688==    by 0x6A733D7: ???
==12688==    by 0x1B: ???
==12688==    by 0x6: ???
==12688==    by 0x6A7751F: ???
==12688==    by 0x8000000000000000: ???
==12688==    by 0x1B: ???
==12688==    by 0x47: ???
==12688== 
==12688== 2 bytes in 1 blocks are definitely lost in loss record 46 of 853
==12688==    at 0x484D953: calloc (in /usr/libexec/valgrind/vgpreload_memcheck-amd64-linux.so)
==12688==    by 0x739049: __mn_alloc (in /mnt/c/Users/Juan/Documents/GitHub/Mapanare/mapanare/self/mnc-stage1)
==12688==    by 0x73980B: __mn_str_from_parts (in /mnt/c/Users/Juan/Documents/GitHub/Mapanare/mapanare/self/mnc-stage1)
==12688==    by 0x41FA6B: lexer__scan_ident (in /mnt/c/Users/Juan/Documents/GitHub/Mapanare/mapanare/self/mnc-stage1)
==12688==    by 0x6A7BDDF: ???
==12688==    by 0x8000000000000000: ???
==12688==    by 0x6A733D7: ???
==12688==    by 0x4: ???
==12688==    by 0x7: ???
==12688==    by 0x6A7751F: ???
==12688==    by 0x8000000000000000: ???
==12688==    by 0x4: ???
==12688==    by 0x54: ???
==12688== 
==12688== 2 bytes in 1 blocks are definitely lost in loss record 47 of 853
==12688==    at 0x484D953: calloc (in /usr/libexec/valgrind/vgpreload_memcheck-amd64-linux.so)
==12688==    by 0x739049: __mn_alloc (in /mnt/c/Users/Juan/Documents/GitHub/Mapanare/mapanare/self/mnc-stage1)
==12688==    by 0x73980B: __mn_str_from_parts (in /mnt/c/Users/Juan/Documents/GitHub/Mapanare/mapanare/self/mnc-stage1)
==12688==    by 0x41FA6B: lexer__scan_ident (in /mnt/c/Users/Juan/Documents/GitHub/Mapanare/mapanare/self/mnc-stage1)
==12688==    by 0x6A7BE7F: ???
==12688==    by 0x8000000000000001: ???
==12688==    by 0x6A733D7: ???
==12688==    by 0x4: ???
==12688==    by 0x7: ???
==12688==    by 0x6A7751F: ???
==12688==    by 0x8000000000000000: ???
==12688==    by 0x4: ???
==12688==    by 0x54: ???
==12688== 
==12688== 2 bytes in 1 blocks are definitely lost in loss record 48 of 853
==12688==    at 0x484D953: calloc (in /usr/libexec/valgrind/vgpreload_memcheck-amd64-linux.so)
==12688==    by 0x739049: __mn_alloc (in /mnt/c/Users/Juan/Documents/GitHub/Mapanare/mapanare/self/mnc-stage1)
==12688==    by 0x73980B: __mn_str_from_parts (in /mnt/c/Users/Juan/Documents/GitHub/Mapanare/mapanare/self/mnc-stage1)
==12688==    by 0x41FA6B: lexer__scan_ident (in /mnt/c/Users/Juan/Documents/GitHub/Mapanare/mapanare/self/mnc-stage1)
==12688==    by 0x6A7BF1F: ???
==12688==    by 0x8000000000000002: ???
==12688==    by 0x6A733D7: ???
==12688==    by 0x4: ???
==12688==    by 0x7: ???
==12688==    by 0x6A7751F: ???
==12688==    by 0x8000000000000000: ???
==12688==    by 0x4: ???
==12688==    by 0x54: ???
==12688== 
==12688== 2 bytes in 1 blocks are definitely lost in loss record 49 of 853
==12688==    at 0x484D953: calloc (in /usr/libexec/valgrind/vgpreload_memcheck-amd64-linux.so)
==12688==    by 0x739049: __mn_alloc (in /mnt/c/Users/Juan/Documents/GitHub/Mapanare/mapanare/self/mnc-stage1)
==12688==    by 0x73980B: __mn_str_from_parts (in /mnt/c/Users/Juan/Documents/GitHub/Mapanare/mapanare/self/mnc-stage1)
==12688==    by 0x41FA6B: lexer__scan_ident (in /mnt/c/Users/Juan/Documents/GitHub/Mapanare/mapanare/self/mnc-stage1)
==12688==    by 0x6A7BFBF: ???
==12688==    by 0x8000000000000003: ???
==12688==    by 0x6A733D7: ???
==12688==    by 0x4: ???
==12688==    by 0x7: ???
==12688==    by 0x6A7751F: ???
==12688==    by 0x8000000000000000: ???
==12688==    by 0x4: ???
==12688==    by 0x54: ???
==12688== 
==12688== 2 bytes in 1 blocks are definitely lost in loss record 50 of 853
==12688==    at 0x484D953: calloc (in /usr/libexec/valgrind/vgpreload_memcheck-amd64-linux.so)
==12688==    by 0x739049: __mn_alloc (in /mnt/c/Users/Juan/Documents/GitHub/Mapanare/mapanare/self/mnc-stage1)
==12688==    by 0x73980B: __mn_str_from_parts (in /mnt/c/Users/Juan/Documents/GitHub/Mapanare/mapanare/self/mnc-stage1)
==12688==    by 0x41FA6B: lexer__scan_ident (in /mnt/c/Users/Juan/Documents/GitHub/Mapanare/mapanare/self/mnc-stage1)
==12688==    by 0x6A7C05F: ???
==12688==    by 0x8000000000000004: ???
==12688==    by 0x6A733D7: ???
==12688==    by 0x4: ???
==12688==    by 0x7: ???
==12688==    by 0x6A7751F: ???
==12688==    by 0x8000000000000000: ???
==12688==    by 0x4: ???
==12688==    by 0x54: ???
==12688== 
==12688== 2 bytes in 1 blocks are definitely lost in loss record 51 of 853
==12688==    at 0x484D953: calloc (in /usr/libexec/valgrind/vgpreload_memcheck-amd64-linux.so)
==12688==    by 0x739049: __mn_alloc (in /mnt/c/Users/Juan/Documents/GitHub/Mapanare/mapanare/self/mnc-stage1)
==12688==    by 0x73980B: __mn_str_from_parts (in /mnt/c/Users/Juan/Documents/GitHub/Mapanare/mapanare/self/mnc-stage1)
==12688==    by 0x41FA6B: lexer__scan_ident (in /mnt/c/Users/Juan/Documents/GitHub/Mapanare/mapanare/self/mnc-stage1)
==12688==    by 0x6A7C23F: ???
==12688==    by 0x8000000000000000: ???
==12688==    by 0x6A733D7: ???
==12688==    by 0xA: ???
==12688==    by 0x7: ???
==12688==    by 0x6A7751F: ???
==12688==    by 0x8000000000000000: ???
==12688==    by 0xA: ???
==12688==    by 0x5A: ???
==12688== 
==12688== 2 bytes in 1 blocks are definitely lost in loss record 52 of 853
==12688==    at 0x484D953: calloc (in /usr/libexec/valgrind/vgpreload_memcheck-amd64-linux.so)
==12688==    by 0x739049: __mn_alloc (in /mnt/c/Users/Juan/Documents/GitHub/Mapanare/mapanare/self/mnc-stage1)
==12688==    by 0x73980B: __mn_str_from_parts (in /mnt/c/Users/Juan/Documents/GitHub/Mapanare/mapanare/self/mnc-stage1)
==12688==    by 0x41FA6B: lexer__scan_ident (in /mnt/c/Users/Juan/Documents/GitHub/Mapanare/mapanare/self/mnc-stage1)
==12688==    by 0x6A7C7DF: ???
==12688==    by 0x8000000000000000: ???
==12688==    by 0x6A733D7: ???
==12688==    by 0x8: ???
==12688==    by 0x8: ???
==12688==    by 0x6A7751F: ???
==12688==    by 0x8000000000000000: ???
==12688==    by 0x8: ???
==12688==    by 0x66: ???
==12688== 
==12688== 2 bytes in 1 blocks are definitely lost in loss record 53 of 853
==12688==    at 0x484D953: calloc (in /usr/libexec/valgrind/vgpreload_memcheck-amd64-linux.so)
==12688==    by 0x739049: __mn_alloc (in /mnt/c/Users/Juan/Documents/GitHub/Mapanare/mapanare/self/mnc-stage1)
==12688==    by 0x73980B: __mn_str_from_parts (in /mnt/c/Users/Juan/Documents/GitHub/Mapanare/mapanare/self/mnc-stage1)
==12688==    by 0x41FA6B: lexer__scan_ident (in /mnt/c/Users/Juan/Documents/GitHub/Mapanare/mapanare/self/mnc-stage1)
==12688==    by 0x6A7C87F: ???
==12688==    by 0x8000000000000001: ???
==12688==    by 0x6A733D7: ???
==12688==    by 0x8: ???
==12688==    by 0x8: ???
==12688==    by 0x6A7751F: ???
==12688==    by 0x8000000000000000: ???
==12688==    by 0x8: ???
==12688==    by 0x66: ???
==12688== 
==12688== 2 bytes in 1 blocks are definitely lost in loss record 54 of 853
==12688==    at 0x484D953: calloc (in /usr/libexec/valgrind/vgpreload_memcheck-amd64-linux.so)
==12688==    by 0x739049: __mn_alloc (in /mnt/c/Users/Juan/Documents/GitHub/Mapanare/mapanare/self/mnc-stage1)
==12688==    by 0x73980B: __mn_str_from_parts (in /mnt/c/Users/Juan/Documents/GitHub/Mapanare/mapanare/self/mnc-stage1)
==12688==    by 0x41FA6B: lexer__scan_ident (in /mnt/c/Users/Juan/Documents/GitHub/Mapanare/mapanare/self/mnc-stage1)
==12688==    by 0x6A7C91F: ???
==12688==    by 0x8000000000000002: ???
==12688==    by 0x6A733D7: ???
==12688==    by 0x8: ???
==12688==    by 0x8: ???
==12688==    by 0x6A7751F: ???
==12688==    by 0x8000000000000000: ???
==12688==    by 0x8: ???
==12688==    by 0x66: ???
==12688== 
==12688== 2 bytes in 1 blocks are definitely lost in loss record 55 of 853
==12688==    at 0x484D953: calloc (in /usr/libexec/valgrind/vgpreload_memcheck-amd64-linux.so)
==12688==    by 0x739049: __mn_alloc (in /mnt/c/Users/Juan/Documents/GitHub/Mapanare/mapanare/self/mnc-stage1)
==12688==    by 0x73980B: __mn_str_from_parts (in /mnt/c/Users/Juan/Documents/GitHub/Mapanare/mapanare/self/mnc-stage1)
==12688==    by 0x41FA6B: lexer__scan_ident (in /mnt/c/Users/Juan/Documents/GitHub/Mapanare/mapanare/self/mnc-stage1)
==12688==    by 0x6A7CD7F: ???
==12688==    by 0x8000000000000000: ???
==12688==    by 0x6A733D7: ???
==12688==    by 0x11: ???
==12688==    by 0x8: ???
==12688==    by 0x6A7751F: ???
==12688==    by 0x8000000000000000: ???
==12688==    by 0x11: ???
==12688==    by 0x6F: ???
==12688== 
==12688== 2 bytes in 1 blocks are definitely lost in loss record 56 of 853
==12688==    at 0x484D953: calloc (in /usr/libexec/valgrind/vgpreload_memcheck-amd64-linux.so)
==12688==    by 0x739049: __mn_alloc (in /mnt/c/Users/Juan/Documents/GitHub/Mapanare/mapanare/self/mnc-stage1)
==12688==    by 0x73980B: __mn_str_from_parts (in /mnt/c/Users/Juan/Documents/GitHub/Mapanare/mapanare/self/mnc-stage1)
==12688==    by 0x41FA6B: lexer__scan_ident (in /mnt/c/Users/Juan/Documents/GitHub/Mapanare/mapanare/self/mnc-stage1)
==12688==    by 0x6A7CE1F: ???
==12688==    by 0x8000000000000001: ???
==12688==    by 0x6A733D7: ???
==12688==    by 0x11: ???
==12688==    by 0x8: ???
==12688==    by 0x6A7751F: ???
==12688==    by 0x8000000000000000: ???
==12688==    by 0x11: ???
==12688==    by 0x6F: ???
==12688== 
==12688== 2 bytes in 1 blocks are definitely lost in loss record 57 of 853
==12688==    at 0x484D953: calloc (in /usr/libexec/valgrind/vgpreload_memcheck-amd64-linux.so)
==12688==    by 0x739049: __mn_alloc (in /mnt/c/Users/Juan/Documents/GitHub/Mapanare/mapanare/self/mnc-stage1)
==12688==    by 0x73980B: __mn_str_from_parts (in /mnt/c/Users/Juan/Documents/GitHub/Mapanare/mapanare/self/mnc-stage1)
==12688==    by 0x41FA6B: lexer__scan_ident (in /mnt/c/Users/Juan/Documents/GitHub/Mapanare/mapanare/self/mnc-stage1)
==12688==    by 0x6A7CEBF: ???
==12688==    by 0x8000000000000002: ???
==12688==    by 0x6A733D7: ???
==12688==    by 0x11: ???
==12688==    by 0x8: ???
==12688==    by 0x6A7751F: ???
==12688==    by 0x8000000000000000: ???
==12688==    by 0x11: ???
==12688==    by 0x6F: ???
==12688== 
==12688== 2 bytes in 1 blocks are definitely lost in loss record 58 of 853
==12688==    at 0x484D953: calloc (in /usr/libexec/valgrind/vgpreload_memcheck-amd64-linux.so)
==12688==    by 0x739049: __mn_alloc (in /mnt/c/Users/Juan/Documents/GitHub/Mapanare/mapanare/self/mnc-stage1)
==12688==    by 0x73980B: __mn_str_from_parts (in /mnt/c/Users/Juan/Documents/GitHub/Mapanare/mapanare/self/mnc-stage1)
==12688==    by 0x41FA6B: lexer__scan_ident (in /mnt/c/Users/Juan/Documents/GitHub/Mapanare/mapanare/self/mnc-stage1)
==12688==    by 0x6A7CF5F: ???
==12688==    by 0x8000000000000003: ???
==12688==    by 0x6A733D7: ???
==12688==    by 0x11: ???
==12688==    by 0x8: ???
==12688==    by 0x6A7751F: ???
==12688==    by 0x8000000000000000: ???
==12688==    by 0x11: ???
==12688==    by 0x6F: ???
==12688== 
==12688== 2 bytes in 1 blocks are definitely lost in loss record 59 of 853
==12688==    at 0x484D953: calloc (in /usr/libexec/valgrind/vgpreload_memcheck-amd64-linux.so)
==12688==    by 0x739049: __mn_alloc (in /mnt/c/Users/Juan/Documents/GitHub/Mapanare/mapanare/self/mnc-stage1)
==12688==    by 0x73980B: __mn_str_from_parts (in /mnt/c/Users/Juan/Documents/GitHub/Mapanare/mapanare/self/mnc-stage1)
==12688==    by 0x41FA6B: lexer__scan_ident (in /mnt/c/Users/Juan/Documents/GitHub/Mapanare/mapanare/self/mnc-stage1)
==12688==    by 0x6A7CFFF: ???
==12688==    by 0x8000000000000004: ???
==12688==    by 0x6A733D7: ???
==12688==    by 0x11: ???
==12688==    by 0x8: ???
==12688==    by 0x6A7751F: ???
==12688==    by 0x8000000000000000: ???
==12688==    by 0x11: ???
==12688==    by 0x6F: ???
==12688== 
==12688== 2 bytes in 1 blocks are definitely lost in loss record 60 of 853
==12688==    at 0x484D953: calloc (in /usr/libexec/valgrind/vgpreload_memcheck-amd64-linux.so)
==12688==    by 0x739049: __mn_alloc (in /mnt/c/Users/Juan/Documents/GitHub/Mapanare/mapanare/self/mnc-stage1)
==12688==    by 0x73980B: __mn_str_from_parts (in /mnt/c/Users/Juan/Documents/GitHub/Mapanare/mapanare/self/mnc-stage1)
==12688==    by 0x41FA6B: lexer__scan_ident (in /mnt/c/Users/Juan/Documents/GitHub/Mapanare/mapanare/self/mnc-stage1)
==12688==    by 0x6A7D09F: ???
==12688==    by 0x8000000000000005: ???
==12688==    by 0x6A733D7: ???
==12688==    by 0x11: ???
==12688==    by 0x8: ???
==12688==    by 0x6A7751F: ???
==12688==    by 0x8000000000000000: ???
==12688==    by 0x11: ???
==12688==    by 0x6F: ???
==12688== 
==12688== 2 bytes in 1 blocks are definitely lost in loss record 61 of 853
==12688==    at 0x484D953: calloc (in /usr/libexec/valgrind/vgpreload_memcheck-amd64-linux.so)
==12688==    by 0x739049: __mn_alloc (in /mnt/c/Users/Juan/Documents/GitHub/Mapanare/mapanare/self/mnc-stage1)
==12688==    by 0x73980B: __mn_str_from_parts (in /mnt/c/Users/Juan/Documents/GitHub/Mapanare/mapanare/self/mnc-stage1)
==12688==    by 0x41FA6B: lexer__scan_ident (in /mnt/c/Users/Juan/Documents/GitHub/Mapanare/mapanare/self/mnc-stage1)
==12688==    by 0x6A7DA4F: ???
==12688==    by 0x8000000000000000: ???
==12688==    by 0x6A733D7: ???
==12688==    by 0x8: ???
==12688==    by 0x9: ???
==12688==    by 0x6A7751F: ???
==12688==    by 0x8000000000000000: ???
==12688==    by 0x8: ???
==12688==    by 0x87: ???
==12688== 
==12688== 2 bytes in 1 blocks are definitely lost in loss record 62 of 853
==12688==    at 0x484D953: calloc (in /usr/libexec/valgrind/vgpreload_memcheck-amd64-linux.so)
==12688==    by 0x739049: __mn_alloc (in /mnt/c/Users/Juan/Documents/GitHub/Mapanare/mapanare/self/mnc-stage1)
==12688==    by 0x73980B: __mn_str_from_parts (in /mnt/c/Users/Juan/Documents/GitHub/Mapanare/mapanare/self/mnc-stage1)
==12688==    by 0x41FA6B: lexer__scan_ident (in /mnt/c/Users/Juan/Documents/GitHub/Mapanare/mapanare/self/mnc-stage1)
==12688==    by 0x6A7DAEF: ???
==12688==    by 0x8000000000000001: ???
==12688==    by 0x6A733D7: ???
==12688==    by 0x8: ???
==12688==    by 0x9: ???
==12688==    by 0x6A7751F: ???
==12688==    by 0x8000000000000000: ???
==12688==    by 0x8: ???
==12688==    by 0x87: ???
==12688== 
==12688== 2 bytes in 1 blocks are definitely lost in loss record 63 of 853
==12688==    at 0x484D953: calloc (in /usr/libexec/valgrind/vgpreload_memcheck-amd64-linux.so)
==12688==    by 0x739049: __mn_alloc (in /mnt/c/Users/Juan/Documents/GitHub/Mapanare/mapanare/self/mnc-stage1)
==12688==    by 0x73980B: __mn_str_from_parts (in /mnt/c/Users/Juan/Documents/GitHub/Mapanare/mapanare/self/mnc-stage1)
==12688==    by 0x41FA6B: lexer__scan_ident (in /mnt/c/Users/Juan/Documents/GitHub/Mapanare/mapanare/self/mnc-stage1)
==12688==    by 0x6A7DB8F: ???
==12688==    by 0x8000000000000002: ???
==12688==    by 0x6A733D7: ???
==12688==    by 0x8: ???
==12688==    by 0x9: ???
==12688==    by 0x6A7751F: ???
==12688==    by 0x8000000000000000: ???
==12688==    by 0x8: ???
==12688==    by 0x87: ???
==12688== 
==12688== 2 bytes in 1 blocks are definitely lost in loss record 64 of 853
==12688==    at 0x484D953: calloc (in /usr/libexec/valgrind/vgpreload_memcheck-amd64-linux.so)
==12688==    by 0x739049: __mn_alloc (in /mnt/c/Users/Juan/Documents/GitHub/Mapanare/mapanare/self/mnc-stage1)
==12688==    by 0x73980B: __mn_str_from_parts (in /mnt/c/Users/Juan/Documents/GitHub/Mapanare/mapanare/self/mnc-stage1)
==12688==    by 0x41FA6B: lexer__scan_ident (in /mnt/c/Users/Juan/Documents/GitHub/Mapanare/mapanare/self/mnc-stage1)
==12688==    by 0x6A7DC2F: ???
==12688==    by 0x8000000000000003: ???
==12688==    by 0x6A733D7: ???
==12688==    by 0x8: ???
==12688==    by 0x9: ???
==12688==    by 0x6A7751F: ???
==12688==    by 0x8000000000000000: ???
==12688==    by 0x8: ???
==12688==    by 0x87: ???
==12688== 
==12688== 2 bytes in 1 blocks are definitely lost in loss record 65 of 853
==12688==    at 0x484D953: calloc (in /usr/libexec/valgrind/vgpreload_memcheck-amd64-linux.so)
==12688==    by 0x739049: __mn_alloc (in /mnt/c/Users/Juan/Documents/GitHub/Mapanare/mapanare/self/mnc-stage1)
==12688==    by 0x73980B: __mn_str_from_parts (in /mnt/c/Users/Juan/Documents/GitHub/Mapanare/mapanare/self/mnc-stage1)
==12688==    by 0x41FA6B: lexer__scan_ident (in /mnt/c/Users/Juan/Documents/GitHub/Mapanare/mapanare/self/mnc-stage1)
==12688==    by 0x6A7DCCF: ???
==12688==    by 0x8000000000000004: ???
==12688==    by 0x6A733D7: ???
==12688==    by 0x8: ???
==12688==    by 0x9: ???
==12688==    by 0x6A7751F: ???
==12688==    by 0x8000000000000000: ???
==12688==    by 0x8: ???
==12688==    by 0x87: ???
==12688== 
==12688== 2 bytes in 1 blocks are definitely lost in loss record 66 of 853
==12688==    at 0x484D953: calloc (in /usr/libexec/valgrind/vgpreload_memcheck-amd64-linux.so)
==12688==    by 0x739049: __mn_alloc (in /mnt/c/Users/Juan/Documents/GitHub/Mapanare/mapanare/self/mnc-stage1)
==12688==    by 0x73980B: __mn_str_from_parts (in /mnt/c/Users/Juan/Documents/GitHub/Mapanare/mapanare/self/mnc-stage1)
==12688==    by 0x41FA6B: lexer__scan_ident (in /mnt/c/Users/Juan/Documents/GitHub/Mapanare/mapanare/self/mnc-stage1)
==12688==    by 0x6A7E12F: ???
==12688==    by 0x8000000000000000: ???
==12688==    by 0x6A733D7: ???
==12688==    by 0x13: ???
==12688==    by 0x9: ???
==12688==    by 0x6A7751F: ???
==12688==    by 0x8000000000000000: ???
==12688==    by 0x13: ???
==12688==    by 0x92: ???
==12688== 
==12688== 2 bytes in 1 blocks are definitely lost in loss record 67 of 853
==12688==    at 0x484D953: calloc (in /usr/libexec/valgrind/vgpreload_memcheck-amd64-linux.so)
==12688==    by 0x739049: __mn_alloc (in /mnt/c/Users/Juan/Documents/GitHub/Mapanare/mapanare/self/mnc-stage1)
==12688==    by 0x73980B: __mn_str_from_parts (in /mnt/c/Users/Juan/Documents/GitHub/Mapanare/mapanare/self/mnc-stage1)
==12688==    by 0x41FA6B: lexer__scan_ident (in /mnt/c/Users/Juan/Documents/GitHub/Mapanare/mapanare/self/mnc-stage1)
==12688==    by 0x6A7E1CF: ???
==12688==    by 0x8000000000000001: ???
==12688==    by 0x6A733D7: ???
==12688==    by 0x13: ???
==12688==    by 0x9: ???
==12688==    by 0x6A7751F: ???
==12688==    by 0x8000000000000000: ???
==12688==    by 0x13: ???
==12688==    by 0x92: ???
==12688== 
==12688== 2 bytes in 1 blocks are definitely lost in loss record 68 of 853
==12688==    at 0x484D953: calloc (in /usr/libexec/valgrind/vgpreload_memcheck-amd64-linux.so)
==12688==    by 0x739049: __mn_alloc (in /mnt/c/Users/Juan/Documents/GitHub/Mapanare/mapanare/self/mnc-stage1)
==12688==    by 0x73980B: __mn_str_from_parts (in /mnt/c/Users/Juan/Documents/GitHub/Mapanare/mapanare/self/mnc-stage1)
==12688==    by 0x41FA6B: lexer__scan_ident (in /mnt/c/Users/Juan/Documents/GitHub/Mapanare/mapanare/self/mnc-stage1)
==12688==    by 0x6A7E26F: ???
==12688==    by 0x8000000000000002: ???
==12688==    by 0x6A733D7: ???
==12688==    by 0x13: ???
==12688==    by 0x9: ???
==12688==    by 0x6A7751F: ???
==12688==    by 0x8000000000000000: ???
==12688==    by 0x13: ???
==12688==    by 0x92: ???
==12688== 
==12688== 2 bytes in 1 blocks are definitely lost in loss record 69 of 853
==12688==    at 0x484D953: calloc (in /usr/libexec/valgrind/vgpreload_memcheck-amd64-linux.so)
==12688==    by 0x739049: __mn_alloc (in /mnt/c/Users/Juan/Documents/GitHub/Mapanare/mapanare/self/mnc-stage1)
==12688==    by 0x73980B: __mn_str_from_parts (in /mnt/c/Users/Juan/Documents/GitHub/Mapanare/mapanare/self/mnc-stage1)
==12688==    by 0x41FA6B: lexer__scan_ident (in /mnt/c/Users/Juan/Documents/GitHub/Mapanare/mapanare/self/mnc-stage1)
==12688==    by 0x6A7E30F: ???
==12688==    by 0x8000000000000003: ???
==12688==    by 0x6A733D7: ???
==12688==    by 0x13: ???
==12688==    by 0x9: ???
==12688==    by 0x6A7751F: ???
==12688==    by 0x8000000000000000: ???
==12688==    by 0x13: ???
==12688==    by 0x92: ???
==12688== 
==12688== 2 bytes in 1 blocks are definitely lost in loss record 70 of 853
==12688==    at 0x484D953: calloc (in /usr/libexec/valgrind/vgpreload_memcheck-amd64-linux.so)
==12688==    by 0x739049: __mn_alloc (in /mnt/c/Users/Juan/Documents/GitHub/Mapanare/mapanare/self/mnc-stage1)
==12688==    by 0x73980B: __mn_str_from_parts (in /mnt/c/Users/Juan/Documents/GitHub/Mapanare/mapanare/self/mnc-stage1)
==12688==    by 0x41FA6B: lexer__scan_ident (in /mnt/c/Users/Juan/Documents/GitHub/Mapanare/mapanare/self/mnc-stage1)
==12688==    by 0x6A7E3AF: ???
==12688==    by 0x8000000000000004: ???
==12688==    by 0x6A733D7: ???
==12688==    by 0x13: ???
==12688==    by 0x9: ???
==12688==    by 0x6A7751F: ???
==12688==    by 0x8000000000000000: ???
==12688==    by 0x13: ???
==12688==    by 0x92: ???
==12688== 
==12688== 2 bytes in 1 blocks are definitely lost in loss record 71 of 853
==12688==    at 0x484D953: calloc (in /usr/libexec/valgrind/vgpreload_memcheck-amd64-linux.so)
==12688==    by 0x739049: __mn_alloc (in /mnt/c/Users/Juan/Documents/GitHub/Mapanare/mapanare/self/mnc-stage1)
==12688==    by 0x73980B: __mn_str_from_parts (in /mnt/c/Users/Juan/Documents/GitHub/Mapanare/mapanare/self/mnc-stage1)
==12688==    by 0x41FA6B: lexer__scan_ident (in /mnt/c/Users/Juan/Documents/GitHub/Mapanare/mapanare/self/mnc-stage1)
==12688==    by 0x6A7E44F: ???
==12688==    by 0x8000000000000005: ???
==12688==    by 0x6A733D7: ???
==12688==    by 0x13: ???
==12688==    by 0x9: ???
==12688==    by 0x6A7751F: ???
==12688==    by 0x8000000000000000: ???
==12688==    by 0x13: ???
==12688==    by 0x92: ???
==12688== 
==12688== 2 bytes in 1 blocks are definitely lost in loss record 72 of 853
==12688==    at 0x484D953: calloc (in /usr/libexec/valgrind/vgpreload_memcheck-amd64-linux.so)
==12688==    by 0x739049: __mn_alloc (in /mnt/c/Users/Juan/Documents/GitHub/Mapanare/mapanare/self/mnc-stage1)
==12688==    by 0x73980B: __mn_str_from_parts (in /mnt/c/Users/Juan/Documents/GitHub/Mapanare/mapanare/self/mnc-stage1)
==12688==    by 0x41FA6B: lexer__scan_ident (in /mnt/c/Users/Juan/Documents/GitHub/Mapanare/mapanare/self/mnc-stage1)
==12688==    by 0x6A7FF8F: ???
==12688==    by 0x8000000000000000: ???
==12688==    by 0x6A733D7: ???
==12688==    by 0x8: ???
==12688==    by 0xA: ???
==12688==    by 0x6A7751F: ???
==12688==    by 0x8000000000000000: ???
==12688==    by 0x8: ???
==12688==    by 0xAC: ???
==12688== 
==12688== 2 bytes in 1 blocks are definitely lost in loss record 73 of 853
==12688==    at 0x484D953: calloc (in /usr/libexec/valgrind/vgpreload_memcheck-amd64-linux.so)
==12688==    by 0x739049: __mn_alloc (in /mnt/c/Users/Juan/Documents/GitHub/Mapanare/mapanare/self/mnc-stage1)
==12688==    by 0x73980B: __mn_str_from_parts (in /mnt/c/Users/Juan/Documents/GitHub/Mapanare/mapanare/self/mnc-stage1)
==12688==    by 0x41FA6B: lexer__scan_ident (in /mnt/c/Users/Juan/Documents/GitHub/Mapanare/mapanare/self/mnc-stage1)
==12688==    by 0x6A8002F: ???
==12688==    by 0x8000000000000001: ???
==12688==    by 0x6A733D7: ???
==12688==    by 0x8: ???
==12688==    by 0xA: ???
==12688==    by 0x6A7751F: ???
==12688==    by 0x8000000000000000: ???
==12688==    by 0x8: ???
==12688==    by 0xAC: ???
==12688== 
==12688== 2 bytes in 1 blocks are definitely lost in loss record 74 of 853
==12688==    at 0x484D953: calloc (in /usr/libexec/valgrind/vgpreload_memcheck-amd64-linux.so)
==12688==    by 0x739049: __mn_alloc (in /mnt/c/Users/Juan/Documents/GitHub/Mapanare/mapanare/self/mnc-stage1)
==12688==    by 0x73980B: __mn_str_from_parts (in /mnt/c/Users/Juan/Documents/GitHub/Mapanare/mapanare/self/mnc-stage1)
==12688==    by 0x41FA6B: lexer__scan_ident (in /mnt/c/Users/Juan/Documents/GitHub/Mapanare/mapanare/self/mnc-stage1)
==12688==    by 0x6A800CF: ???
==12688==    by 0x8000000000000002: ???
==12688==    by 0x6A733D7: ???
==12688==    by 0x8: ???
==12688==    by 0xA: ???
==12688==    by 0x6A7751F: ???
==12688==    by 0x8000000000000000: ???
==12688==    by 0x8: ???
==12688==    by 0xAC: ???
==12688== 
==12688== 2 bytes in 1 blocks are definitely lost in loss record 75 of 853
==12688==    at 0x484D953: calloc (in /usr/libexec/valgrind/vgpreload_memcheck-amd64-linux.so)
==12688==    by 0x739049: __mn_alloc (in /mnt/c/Users/Juan/Documents/GitHub/Mapanare/mapanare/self/mnc-stage1)
==12688==    by 0x73980B: __mn_str_from_parts (in /mnt/c/Users/Juan/Documents/GitHub/Mapanare/mapanare/self/mnc-stage1)
==12688==    by 0x41FA6B: lexer__scan_ident (in /mnt/c/Users/Juan/Documents/GitHub/Mapanare/mapanare/self/mnc-stage1)
==12688==    by 0x6A8016F: ???
==12688==    by 0x8000000000000003: ???
==12688==    by 0x6A733D7: ???
==12688==    by 0x8: ???
==12688==    by 0xA: ???
==12688==    by 0x6A7751F: ???
==12688==    by 0x8000000000000000: ???
==12688==    by 0x8: ???
==12688==    by 0xAC: ???
==12688== 
==12688== 2 bytes in 1 blocks are definitely lost in loss record 76 of 853
==12688==    at 0x484D953: calloc (in /usr/libexec/valgrind/vgpreload_memcheck-amd64-linux.so)
==12688==    by 0x739049: __mn_alloc (in /mnt/c/Users/Juan/Documents/GitHub/Mapanare/mapanare/self/mnc-stage1)
==12688==    by 0x73980B: __mn_str_from_parts (in /mnt/c/Users/Juan/Documents/GitHub/Mapanare/mapanare/self/mnc-stage1)
==12688==    by 0x41FA6B: lexer__scan_ident (in /mnt/c/Users/Juan/Documents/GitHub/Mapanare/mapanare/self/mnc-stage1)
==12688==    by 0x6A805CF: ???
==12688==    by 0x8000000000000000: ???
==12688==    by 0x6A733D7: ???
==12688==    by 0x12: ???
==12688==    by 0xA: ???
==12688==    by 0x6A7751F: ???
==12688==    by 0x8000000000000000: ???
==12688==    by 0x12: ???
==12688==    by 0xB6: ???
==12688== 
==12688== 2 bytes in 1 blocks are definitely lost in loss record 77 of 853
==12688==    at 0x484D953: calloc (in /usr/libexec/valgrind/vgpreload_memcheck-amd64-linux.so)
==12688==    by 0x739049: __mn_alloc (in /mnt/c/Users/Juan/Documents/GitHub/Mapanare/mapanare/self/mnc-stage1)
==12688==    by 0x73980B: __mn_str_from_parts (in /mnt/c/Users/Juan/Documents/GitHub/Mapanare/mapanare/self/mnc-stage1)
==12688==    by 0x41FA6B: lexer__scan_ident (in /mnt/c/Users/Juan/Documents/GitHub/Mapanare/mapanare/self/mnc-stage1)
==12688==    by 0x6A8066F: ???
==12688==    by 0x8000000000000001: ???
==12688==    by 0x6A733D7: ???
==12688==    by 0x12: ???
==12688==    by 0xA: ???
==12688==    by 0x6A7751F: ???
==12688==    by 0x8000000000000000: ???
==12688==    by 0x12: ???
==12688==    by 0xB6: ???
==12688== 
==12688== 2 bytes in 1 blocks are definitely lost in loss record 78 of 853
==12688==    at 0x484D953: calloc (in /usr/libexec/valgrind/vgpreload_memcheck-amd64-linux.so)
==12688==    by 0x739049: __mn_alloc (in /mnt/c/Users/Juan/Documents/GitHub/Mapanare/mapanare/self/mnc-stage1)
==12688==    by 0x73980B: __mn_str_from_parts (in /mnt/c/Users/Juan/Documents/GitHub/Mapanare/mapanare/self/mnc-stage1)
==12688==    by 0x41FA6B: lexer__scan_ident (in /mnt/c/Users/Juan/Documents/GitHub/Mapanare/mapanare/self/mnc-stage1)
==12688==    by 0x6A8070F: ???
==12688==    by 0x8000000000000002: ???
==12688==    by 0x6A733D7: ???
==12688==    by 0x12: ???
==12688==    by 0xA: ???
==12688==    by 0x6A7751F: ???
==12688==    by 0x8000000000000000: ???
==12688==    by 0x12: ???
==12688==    by 0xB6: ???
==12688== 
==12688== 2 bytes in 1 blocks are definitely lost in loss record 79 of 853
==12688==    at 0x484D953: calloc (in /usr/libexec/valgrind/vgpreload_memcheck-amd64-linux.so)
==12688==    by 0x739049: __mn_alloc (in /mnt/c/Users/Juan/Documents/GitHub/Mapanare/mapanare/self/mnc-stage1)
==12688==    by 0x73980B: __mn_str_from_parts (in /mnt/c/Users/Juan/Documents/GitHub/Mapanare/mapanare/self/mnc-stage1)
==12688==    by 0x41FA6B: lexer__scan_ident (in /mnt/c/Users/Juan/Documents/GitHub/Mapanare/mapanare/self/mnc-stage1)
==12688==    by 0x6A807AF: ???
==12688==    by 0x8000000000000003: ???
==12688==    by 0x6A733D7: ???
==12688==    by 0x12: ???
==12688==    by 0xA: ???
==12688==    by 0x6A7751F: ???
==12688==    by 0x8000000000000000: ???
==12688==    by 0x12: ???
==12688==    by 0xB6: ???
==12688== 
==12688== 2 bytes in 1 blocks are definitely lost in loss record 80 of 853
==12688==    at 0x484D953: calloc (in /usr/libexec/valgrind/vgpreload_memcheck-amd64-linux.so)
==12688==    by 0x739049: __mn_alloc (in /mnt/c/Users/Juan/Documents/GitHub/Mapanare/mapanare/self/mnc-stage1)
==12688==    by 0x73980B: __mn_str_from_parts (in /mnt/c/Users/Juan/Documents/GitHub/Mapanare/mapanare/self/mnc-stage1)
==12688==    by 0x41FA6B: lexer__scan_ident (in /mnt/c/Users/Juan/Documents/GitHub/Mapanare/mapanare/self/mnc-stage1)
==12688==    by 0x6A8084F: ???
==12688==    by 0x8000000000000004: ???
==12688==    by 0x6A733D7: ???
==12688==    by 0x12: ???
==12688==    by 0xA: ???
==12688==    by 0x6A7751F: ???
==12688==    by 0x8000000000000000: ???
==12688==    by 0x12: ???
==12688==    by 0xB6: ???
==12688== 
==12688== 2 bytes in 1 blocks are definitely lost in loss record 81 of 853
==12688==    at 0x484D953: calloc (in /usr/libexec/valgrind/vgpreload_memcheck-amd64-linux.so)
==12688==    by 0x739049: __mn_alloc (in /mnt/c/Users/Juan/Documents/GitHub/Mapanare/mapanare/self/mnc-stage1)
==12688==    by 0x73980B: __mn_str_from_parts (in /mnt/c/Users/Juan/Documents/GitHub/Mapanare/mapanare/self/mnc-stage1)
==12688==    by 0x41FA6B: lexer__scan_ident (in /mnt/c/Users/Juan/Documents/GitHub/Mapanare/mapanare/self/mnc-stage1)
==12688==    by 0x6A808EF: ???
==12688==    by 0x8000000000000005: ???
==12688==    by 0x6A733D7: ???
==12688==    by 0x12: ???
==12688==    by 0xA: ???
==12688==    by 0x6A7751F: ???
==12688==    by 0x8000000000000000: ???
==12688==    by 0x12: ???
==12688==    by 0xB6: ???
==12688== 
==12688== 2 bytes in 1 blocks are definitely lost in loss record 82 of 853
==12688==    at 0x484D953: calloc (in /usr/libexec/valgrind/vgpreload_memcheck-amd64-linux.so)
==12688==    by 0x739049: __mn_alloc (in /mnt/c/Users/Juan/Documents/GitHub/Mapanare/mapanare/self/mnc-stage1)
==12688==    by 0x73980B: __mn_str_from_parts (in /mnt/c/Users/Juan/Documents/GitHub/Mapanare/mapanare/self/mnc-stage1)
==12688==    by 0x41FA6B: lexer__scan_ident (in /mnt/c/Users/Juan/Documents/GitHub/Mapanare/mapanare/self/mnc-stage1)
==12688==    by 0x6A813DF: ???
==12688==    by 0x8000000000000000: ???
==12688==    by 0x6A733D7: ???
==12688== 
==12688== 2 bytes in 1 blocks are definitely lost in loss record 83 of 853
==12688==    at 0x484D953: calloc (in /usr/libexec/valgrind/vgpreload_memcheck-amd64-linux.so)
==12688==    by 0x739049: __mn_alloc (in /mnt/c/Users/Juan/Documents/GitHub/Mapanare/mapanare/self/mnc-stage1)
==12688==    by 0x73980B: __mn_str_from_parts (in /mnt/c/Users/Juan/Documents/GitHub/Mapanare/mapanare/self/mnc-stage1)
==12688==    by 0x41FA6B: lexer__scan_ident (in /mnt/c/Users/Juan/Documents/GitHub/Mapanare/mapanare/self/mnc-stage1)
==12688==    by 0x6A8147F: ???
==12688==    by 0x8000000000000001: ???
==12688==    by 0x6A733D7: ???
==12688== 
==12688== 2 bytes in 1 blocks are definitely lost in loss record 84 of 853
==12688==    at 0x484D953: calloc (in /usr/libexec/valgrind/vgpreload_memcheck-amd64-linux.so)
==12688==    by 0x739049: __mn_alloc (in /mnt/c/Users/Juan/Documents/GitHub/Mapanare/mapanare/self/mnc-stage1)
==12688==    by 0x73980B: __mn_str_from_parts (in /mnt/c/Users/Juan/Documents/GitHub/Mapanare/mapanare/self/mnc-stage1)
==12688==    by 0x41FA6B: lexer__scan_ident (in /mnt/c/Users/Juan/Documents/GitHub/Mapanare/mapanare/self/mnc-stage1)
==12688==    by 0x6A8165F: ???
==12688==    by 0x8000000000000000: ???
==12688==    by 0x6A733D7: ???
==12688==    by 0x3: ???
==12688==    by 0xE: ???
==12688==    by 0x6A7751F: ???
==12688==    by 0x8000000000000000: ???
==12688==    by 0x3: ???
==12688==    by 0xD2: ???
==12688== 
==12688== 2 bytes in 1 blocks are definitely lost in loss record 85 of 853
==12688==    at 0x484D953: calloc (in /usr/libexec/valgrind/vgpreload_memcheck-amd64-linux.so)
==12688==    by 0x739049: __mn_alloc (in /mnt/c/Users/Juan/Documents/GitHub/Mapanare/mapanare/self/mnc-stage1)
==12688==    by 0x73980B: __mn_str_from_parts (in /mnt/c/Users/Juan/Documents/GitHub/Mapanare/mapanare/self/mnc-stage1)
==12688==    by 0x41FA6B: lexer__scan_ident (in /mnt/c/Users/Juan/Documents/GitHub/Mapanare/mapanare/self/mnc-stage1)
==12688==    by 0x6A816FF: ???
==12688==    by 0x8000000000000001: ???
==12688==    by 0x6A733D7: ???
==12688==    by 0x3: ???
==12688==    by 0xE: ???
==12688==    by 0x6A7751F: ???
==12688==    by 0x8000000000000000: ???
==12688==    by 0x3: ???
==12688==    by 0xD2: ???
==12688== 
==12688== 2 bytes in 1 blocks are definitely lost in loss record 86 of 853
==12688==    at 0x484D953: calloc (in /usr/libexec/valgrind/vgpreload_memcheck-amd64-linux.so)
==12688==    by 0x739049: __mn_alloc (in /mnt/c/Users/Juan/Documents/GitHub/Mapanare/mapanare/self/mnc-stage1)
==12688==    by 0x73980B: __mn_str_from_parts (in /mnt/c/Users/Juan/Documents/GitHub/Mapanare/mapanare/self/mnc-stage1)
==12688==    by 0x41FA6B: lexer__scan_ident (in /mnt/c/Users/Juan/Documents/GitHub/Mapanare/mapanare/self/mnc-stage1)
==12688==    by 0x6A8179F: ???
==12688==    by 0x8000000000000002: ???
==12688==    by 0x6A733D7: ???
==12688==    by 0x3: ???
==12688==    by 0xE: ???
==12688==    by 0x6A7751F: ???
==12688==    by 0x8000000000000000: ???
==12688==    by 0x3: ???
==12688==    by 0xD2: ???
==12688== 
==12688== 2 bytes in 1 blocks are definitely lost in loss record 87 of 853
==12688==    at 0x484D953: calloc (in /usr/libexec/valgrind/vgpreload_memcheck-amd64-linux.so)
==12688==    by 0x739049: __mn_alloc (in /mnt/c/Users/Juan/Documents/GitHub/Mapanare/mapanare/self/mnc-stage1)
==12688==    by 0x73980B: __mn_str_from_parts (in /mnt/c/Users/Juan/Documents/GitHub/Mapanare/mapanare/self/mnc-stage1)
==12688==    by 0x41FA6B: lexer__scan_ident (in /mnt/c/Users/Juan/Documents/GitHub/Mapanare/mapanare/self/mnc-stage1)
==12688==    by 0x6A8183F: ???
==12688==    by 0x8000000000000003: ???
==12688==    by 0x6A733D7: ???
==12688==    by 0x3: ???
==12688==    by 0xE: ???
==12688==    by 0x6A7751F: ???
==12688==    by 0x8000000000000000: ???
==12688==    by 0x3: ???
==12688==    by 0xD2: ???
==12688== 
==12688== 2 bytes in 1 blocks are definitely lost in loss record 88 of 853
==12688==    at 0x484D953: calloc (in /usr/libexec/valgrind/vgpreload_memcheck-amd64-linux.so)
==12688==    by 0x739049: __mn_alloc (in /mnt/c/Users/Juan/Documents/GitHub/Mapanare/mapanare/self/mnc-stage1)
==12688==    by 0x73980B: __mn_str_from_parts (in /mnt/c/Users/Juan/Documents/GitHub/Mapanare/mapanare/self/mnc-stage1)
==12688==    by 0x41FA6B: lexer__scan_ident (in /mnt/c/Users/Juan/Documents/GitHub/Mapanare/mapanare/self/mnc-stage1)
==12688==    by 0x6A81E7F: ???
==12688==    by 0x8000000000000000: ???
==12688==    by 0x6A733D7: ???
==12688==    by 0x4: ???
==12688==    by 0xF: ???
==12688==    by 0x6A7751F: ???
==12688==    by 0x8000000000000000: ???
==12688==    by 0x4: ???
==12688==    by 0xDF: ???
==12688== 
==12688== 2 bytes in 1 blocks are definitely lost in loss record 89 of 853
==12688==    at 0x484D953: calloc (in /usr/libexec/valgrind/vgpreload_memcheck-amd64-linux.so)
==12688==    by 0x739049: __mn_alloc (in /mnt/c/Users/Juan/Documents/GitHub/Mapanare/mapanare/self/mnc-stage1)
==12688==    by 0x73980B: __mn_str_from_parts (in /mnt/c/Users/Juan/Documents/GitHub/Mapanare/mapanare/self/mnc-stage1)
==12688==    by 0x41FA6B: lexer__scan_ident (in /mnt/c/Users/Juan/Documents/GitHub/Mapanare/mapanare/self/mnc-stage1)
==12688==    by 0x6A81F1F: ???
==12688==    by 0x8000000000000001: ???
==12688==    by 0x6A733D7: ???
==12688==    by 0x4: ???
==12688==    by 0xF: ???
==12688==    by 0x6A7751F: ???
==12688==    by 0x8000000000000000: ???
==12688==    by 0x4: ???
==12688==    by 0xDF: ???
==12688== 
==12688== 2 bytes in 1 blocks are definitely lost in loss record 90 of 853
==12688==    at 0x484D953: calloc (in /usr/libexec/valgrind/vgpreload_memcheck-amd64-linux.so)
==12688==    by 0x739049: __mn_alloc (in /mnt/c/Users/Juan/Documents/GitHub/Mapanare/mapanare/self/mnc-stage1)
==12688==    by 0x73980B: __mn_str_from_parts (in /mnt/c/Users/Juan/Documents/GitHub/Mapanare/mapanare/self/mnc-stage1)
==12688==    by 0x41FA6B: lexer__scan_ident (in /mnt/c/Users/Juan/Documents/GitHub/Mapanare/mapanare/self/mnc-stage1)
==12688==    by 0x6A81FBF: ???
==12688==    by 0x8000000000000002: ???
==12688==    by 0x6A733D7: ???
==12688==    by 0x4: ???
==12688==    by 0xF: ???
==12688==    by 0x6A7751F: ???
==12688==    by 0x8000000000000000: ???
==12688==    by 0x4: ???
==12688==    by 0xDF: ???
==12688== 
==12688== 2 bytes in 1 blocks are definitely lost in loss record 91 of 853
==12688==    at 0x484D953: calloc (in /usr/libexec/valgrind/vgpreload_memcheck-amd64-linux.so)
==12688==    by 0x739049: __mn_alloc (in /mnt/c/Users/Juan/Documents/GitHub/Mapanare/mapanare/self/mnc-stage1)
==12688==    by 0x73980B: __mn_str_from_parts (in /mnt/c/Users/Juan/Documents/GitHub/Mapanare/mapanare/self/mnc-stage1)
==12688==    by 0x41FA6B: lexer__scan_ident (in /mnt/c/Users/Juan/Documents/GitHub/Mapanare/mapanare/self/mnc-stage1)
==12688==    by 0x6A8219F: ???
==12688==    by 0x8000000000000000: ???
==12688==    by 0x6A733D7: ???
==12688==    by 0x8: ???
==12688==    by 0xF: ???
==12688==    by 0x6A7751F: ???
==12688==    by 0x8000000000000000: ???
==12688==    by 0x8: ???
==12688==    by 0xE3: ???
==12688== 
==12688== 2 bytes in 1 blocks are definitely lost in loss record 92 of 853
==12688==    at 0x484D953: calloc (in /usr/libexec/valgrind/vgpreload_memcheck-amd64-linux.so)
==12688==    by 0x739049: __mn_alloc (in /mnt/c/Users/Juan/Documents/GitHub/Mapanare/mapanare/self/mnc-stage1)
==12688==    by 0x73980B: __mn_str_from_parts (in /mnt/c/Users/Juan/Documents/GitHub/Mapanare/mapanare/self/mnc-stage1)
==12688==    by 0x41FA6B: lexer__scan_ident (in /mnt/c/Users/Juan/Documents/GitHub/Mapanare/mapanare/self/mnc-stage1)
==12688==    by 0x6A8223F: ???
==12688==    by 0x8000000000000001: ???
==12688==    by 0x6A733D7: ???
==12688==    by 0x8: ???
==12688==    by 0xF: ???
==12688==    by 0x6A7751F: ???
==12688==    by 0x8000000000000000: ???
==12688==    by 0x8: ???
==12688==    by 0xE3: ???
==12688== 
==12688== 2 bytes in 1 blocks are definitely lost in loss record 93 of 853
==12688==    at 0x484D953: calloc (in /usr/libexec/valgrind/vgpreload_memcheck-amd64-linux.so)
==12688==    by 0x739049: __mn_alloc (in /mnt/c/Users/Juan/Documents/GitHub/Mapanare/mapanare/self/mnc-stage1)
==12688==    by 0x73980B: __mn_str_from_parts (in /mnt/c/Users/Juan/Documents/GitHub/Mapanare/mapanare/self/mnc-stage1)
==12688==    by 0x41FA6B: lexer__scan_ident (in /mnt/c/Users/Juan/Documents/GitHub/Mapanare/mapanare/self/mnc-stage1)
==12688==    by 0x6A8250F: ???
==12688==    by 0x8000000000000000: ???
==12688==    by 0x6A733D7: ???
==12688==    by 0xC: ???
==12688==    by 0xF: ???
==12688==    by 0x6A7751F: ???
==12688==    by 0x8000000000000000: ???
==12688==    by 0xC: ???
==12688==    by 0xE7: ???
==12688== 
==12688== 2 bytes in 1 blocks are definitely lost in loss record 94 of 853
==12688==    at 0x484D953: calloc (in /usr/libexec/valgrind/vgpreload_memcheck-amd64-linux.so)
==12688==    by 0x739049: __mn_alloc (in /mnt/c/Users/Juan/Documents/GitHub/Mapanare/mapanare/self/mnc-stage1)
==12688==    by 0x73980B: __mn_str_from_parts (in /mnt/c/Users/Juan/Documents/GitHub/Mapanare/mapanare/self/mnc-stage1)
==12688==    by 0x41FA6B: lexer__scan_ident (in /mnt/c/Users/Juan/Documents/GitHub/Mapanare/mapanare/self/mnc-stage1)
==12688==    by 0x6A825AF: ???
==12688==    by 0x8000000000000001: ???
==12688==    by 0x6A733D7: ???
==12688==    by 0xC: ???
==12688==    by 0xF: ???
==12688==    by 0x6A7751F: ???
==12688==    by 0x8000000000000000: ???
==12688==    by 0xC: ???
==12688==    by 0xE7: ???
==12688== 
==12688== 2 bytes in 1 blocks are definitely lost in loss record 95 of 853
==12688==    at 0x484D953: calloc (in /usr/libexec/valgrind/vgpreload_memcheck-amd64-linux.so)
==12688==    by 0x739049: __mn_alloc (in /mnt/c/Users/Juan/Documents/GitHub/Mapanare/mapanare/self/mnc-stage1)
==12688==    by 0x73980B: __mn_str_from_parts (in /mnt/c/Users/Juan/Documents/GitHub/Mapanare/mapanare/self/mnc-stage1)
==12688==    by 0x41FA6B: lexer__scan_ident (in /mnt/c/Users/Juan/Documents/GitHub/Mapanare/mapanare/self/mnc-stage1)
==12688==    by 0x6A8264F: ???
==12688==    by 0x8000000000000002: ???
==12688==    by 0x6A733D7: ???
==12688==    by 0xC: ???
==12688==    by 0xF: ???
==12688==    by 0x6A7751F: ???
==12688==    by 0x8000000000000000: ???
==12688==    by 0xC: ???
==12688==    by 0xE7: ???
==12688== 
==12688== 2 bytes in 1 blocks are definitely lost in loss record 96 of 853
==12688==    at 0x484D953: calloc (in /usr/libexec/valgrind/vgpreload_memcheck-amd64-linux.so)
==12688==    by 0x739049: __mn_alloc (in /mnt/c/Users/Juan/Documents/GitHub/Mapanare/mapanare/self/mnc-stage1)
==12688==    by 0x73980B: __mn_str_from_parts (in /mnt/c/Users/Juan/Documents/GitHub/Mapanare/mapanare/self/mnc-stage1)
==12688==    by 0x41FA6B: lexer__scan_ident (in /mnt/c/Users/Juan/Documents/GitHub/Mapanare/mapanare/self/mnc-stage1)
==12688==    by 0x6A826EF: ???
==12688==    by 0x8000000000000003: ???
==12688==    by 0x6A733D7: ???
==12688==    by 0xC: ???
==12688==    by 0xF: ???
==12688==    by 0x6A7751F: ???
==12688==    by 0x8000000000000000: ???
==12688==    by 0xC: ???
==12688==    by 0xE7: ???
==12688== 
==12688== 2 bytes in 1 blocks are definitely lost in loss record 97 of 853
==12688==    at 0x484D953: calloc (in /usr/libexec/valgrind/vgpreload_memcheck-amd64-linux.so)
==12688==    by 0x739049: __mn_alloc (in /mnt/c/Users/Juan/Documents/GitHub/Mapanare/mapanare/self/mnc-stage1)
==12688==    by 0x73980B: __mn_str_from_parts (in /mnt/c/Users/Juan/Documents/GitHub/Mapanare/mapanare/self/mnc-stage1)
==12688==    by 0x41FA6B: lexer__scan_ident (in /mnt/c/Users/Juan/Documents/GitHub/Mapanare/mapanare/self/mnc-stage1)
==12688==    by 0x6A8278F: ???
==12688==    by 0x8000000000000004: ???
==12688==    by 0x6A733D7: ???
==12688==    by 0xC: ???
==12688==    by 0xF: ???
==12688==    by 0x6A7751F: ???
==12688==    by 0x8000000000000000: ???
==12688==    by 0xC: ???
==12688==    by 0xE7: ???
==12688== 
==12688== 2 bytes in 1 blocks are definitely lost in loss record 98 of 853
==12688==    at 0x484D953: calloc (in /usr/libexec/valgrind/vgpreload_memcheck-amd64-linux.so)
==12688==    by 0x739049: __mn_alloc (in /mnt/c/Users/Juan/Documents/GitHub/Mapanare/mapanare/self/mnc-stage1)
==12688==    by 0x73980B: __mn_str_from_parts (in /mnt/c/Users/Juan/Documents/GitHub/Mapanare/mapanare/self/mnc-stage1)
==12688==    by 0x41FA6B: lexer__scan_ident (in /mnt/c/Users/Juan/Documents/GitHub/Mapanare/mapanare/self/mnc-stage1)
==12688==    by 0x6A82AAF: ???
==12688==    by 0x8000000000000000: ???
==12688==    by 0x6A733D7: ???
==12688==    by 0x14: ???
==12688==    by 0xF: ???
==12688==    by 0x6A7751F: ???
==12688==    by 0x8000000000000000: ???
==12688==    by 0x14: ???
==12688==    by 0xEF: ???
==12688== 
==12688== 2 bytes in 1 blocks are definitely lost in loss record 99 of 853
==12688==    at 0x484D953: calloc (in /usr/libexec/valgrind/vgpreload_memcheck-amd64-linux.so)
==12688==    by 0x739049: __mn_alloc (in /mnt/c/Users/Juan/Documents/GitHub/Mapanare/mapanare/self/mnc-stage1)
==12688==    by 0x73980B: __mn_str_from_parts (in /mnt/c/Users/Juan/Documents/GitHub/Mapanare/mapanare/self/mnc-stage1)
==12688==    by 0x41FA6B: lexer__scan_ident (in /mnt/c/Users/Juan/Documents/GitHub/Mapanare/mapanare/self/mnc-stage1)
==12688==    by 0x6A82B4F: ???
==12688==    by 0x8000000000000001: ???
==12688==    by 0x6A733D7: ???
==12688==    by 0x14: ???
==12688==    by 0xF: ???
==12688==    by 0x6A7751F: ???
==12688==    by 0x8000000000000000: ???
==12688==    by 0x14: ???
==12688==    by 0xEF: ???
==12688== 
==12688== 2 bytes in 1 blocks are definitely lost in loss record 100 of 853
==12688==    at 0x484D953: calloc (in /usr/libexec/valgrind/vgpreload_memcheck-amd64-linux.so)
==12688==    by 0x739049: __mn_alloc (in /mnt/c/Users/Juan/Documents/GitHub/Mapanare/mapanare/self/mnc-stage1)
==12688==    by 0x73980B: __mn_str_from_parts (in /mnt/c/Users/Juan/Documents/GitHub/Mapanare/mapanare/self/mnc-stage1)
==12688==    by 0x41FA6B: lexer__scan_ident (in /mnt/c/Users/Juan/Documents/GitHub/Mapanare/mapanare/self/mnc-stage1)
==12688==    by 0x6A82BEF: ???
==12688==    by 0x8000000000000002: ???
==12688==    by 0x6A733D7: ???
==12688==    by 0x14: ???
==12688==    by 0xF: ???
==12688==    by 0x6A7751F: ???
==12688==    by 0x8000000000000000: ???
==12688==    by 0x14: ???
==12688==    by 0xEF: ???
==12688== 
==12688== 2 bytes in 1 blocks are definitely lost in loss record 101 of 853
==12688==    at 0x484D953: calloc (in /usr/libexec/valgrind/vgpreload_memcheck-amd64-linux.so)
==12688==    by 0x739049: __mn_alloc (in /mnt/c/Users/Juan/Documents/GitHub/Mapanare/mapanare/self/mnc-stage1)
==12688==    by 0x73980B: __mn_str_from_parts (in /mnt/c/Users/Juan/Documents/GitHub/Mapanare/mapanare/self/mnc-stage1)
==12688==    by 0x41FA6B: lexer__scan_ident (in /mnt/c/Users/Juan/Documents/GitHub/Mapanare/mapanare/self/mnc-stage1)
==12688==    by 0x6A82F0F: ???
==12688==    by 0x8000000000000000: ???
==12688==    by 0x6A733D7: ???
==12688==    by 0x4: ???
==12688==    by 0x10: ???
==12688==    by 0x6A7751F: ???
==12688==    by 0x8000000000000000: ???
==12688==    by 0x4: ???
==12688==    by 0xF7: ???
==12688== 
==12688== 2 bytes in 1 blocks are definitely lost in loss record 102 of 853
==12688==    at 0x484D953: calloc (in /usr/libexec/valgrind/vgpreload_memcheck-amd64-linux.so)
==12688==    by 0x739049: __mn_alloc (in /mnt/c/Users/Juan/Documents/GitHub/Mapanare/mapanare/self/mnc-stage1)
==12688==    by 0x73980B: __mn_str_from_parts (in /mnt/c/Users/Juan/Documents/GitHub/Mapanare/mapanare/self/mnc-stage1)
==12688==    by 0x41FA6B: lexer__scan_ident (in /mnt/c/Users/Juan/Documents/GitHub/Mapanare/mapanare/self/mnc-stage1)
==12688==    by 0x6A82FAF: ???
==12688==    by 0x8000000000000001: ???
==12688==    by 0x6A733D7: ???
==12688==    by 0x4: ???
==12688==    by 0x10: ???
==12688==    by 0x6A7751F: ???
==12688==    by 0x8000000000000000: ???
==12688==    by 0x4: ???
==12688==    by 0xF7: ???
==12688== 
==12688== 2 bytes in 1 blocks are definitely lost in loss record 103 of 853
==12688==    at 0x484D953: calloc (in /usr/libexec/valgrind/vgpreload_memcheck-amd64-linux.so)
==12688==    by 0x739049: __mn_alloc (in /mnt/c/Users/Juan/Documents/GitHub/Mapanare/mapanare/self/mnc-stage1)
==12688==    by 0x73980B: __mn_str_from_parts (in /mnt/c/Users/Juan/Documents/GitHub/Mapanare/mapanare/self/mnc-stage1)
==12688==    by 0x41FA6B: lexer__scan_ident (in /mnt/c/Users/Juan/Documents/GitHub/Mapanare/mapanare/self/mnc-stage1)
==12688==    by 0x6A8304F: ???
==12688==    by 0x8000000000000002: ???
==12688==    by 0x6A733D7: ???
==12688==    by 0x4: ???
==12688==    by 0x10: ???
==12688==    by 0x6A7751F: ???
==12688==    by 0x8000000000000000: ???
==12688==    by 0x4: ???
==12688==    by 0xF7: ???
==12688== 
==12688== 2 bytes in 1 blocks are definitely lost in loss record 104 of 853
==12688==    at 0x484D953: calloc (in /usr/libexec/valgrind/vgpreload_memcheck-amd64-linux.so)
==12688==    by 0x739049: __mn_alloc (in /mnt/c/Users/Juan/Documents/GitHub/Mapanare/mapanare/self/mnc-stage1)
==12688==    by 0x73980B: __mn_str_from_parts (in /mnt/c/Users/Juan/Documents/GitHub/Mapanare/mapanare/self/mnc-stage1)
==12688==    by 0x41FA6B: lexer__scan_ident (in /mnt/c/Users/Juan/Documents/GitHub/Mapanare/mapanare/self/mnc-stage1)
==12688==    by 0x6A8322F: ???
==12688==    by 0x8000000000000000: ???
==12688==    by 0x6A733D7: ???
==12688==    by 0x8: ???
==12688==    by 0x10: ???
==12688==    by 0x6A7751F: ???
==12688==    by 0x8000000000000000: ???
==12688==    by 0x8: ???
==12688==    by 0xFB: ???
==12688== 
==12688== 2 bytes in 1 blocks are definitely lost in loss record 105 of 853
==12688==    at 0x484D953: calloc (in /usr/libexec/valgrind/vgpreload_memcheck-amd64-linux.so)
==12688==    by 0x739049: __mn_alloc (in /mnt/c/Users/Juan/Documents/GitHub/Mapanare/mapanare/self/mnc-stage1)
==12688==    by 0x73980B: __mn_str_from_parts (in /mnt/c/Users/Juan/Documents/GitHub/Mapanare/mapanare/self/mnc-stage1)
==12688==    by 0x41FA6B: lexer__scan_ident (in /mnt/c/Users/Juan/Documents/GitHub/Mapanare/mapanare/self/mnc-stage1)
==12688==    by 0x6A832CF: ???
==12688==    by 0x8000000000000001: ???
==12688==    by 0x6A733D7: ???
==12688==    by 0x8: ???
==12688==    by 0x10: ???
==12688==    by 0x6A7751F: ???
==12688==    by 0x8000000000000000: ???
==12688==    by 0x8: ???
==12688==    by 0xFB: ???
==12688== 
==12688== 2 bytes in 1 blocks are definitely lost in loss record 106 of 853
==12688==    at 0x484D953: calloc (in /usr/libexec/valgrind/vgpreload_memcheck-amd64-linux.so)
==12688==    by 0x739049: __mn_alloc (in /mnt/c/Users/Juan/Documents/GitHub/Mapanare/mapanare/self/mnc-stage1)
==12688==    by 0x73980B: __mn_str_from_parts (in /mnt/c/Users/Juan/Documents/GitHub/Mapanare/mapanare/self/mnc-stage1)
==12688==    by 0x41FA6B: lexer__scan_ident (in /mnt/c/Users/Juan/Documents/GitHub/Mapanare/mapanare/self/mnc-stage1)
==12688==    by 0x6A8359F: ???
==12688==    by 0x8000000000000000: ???
==12688==    by 0x6A733D7: ???
==12688==    by 0xC: ???
==12688==    by 0x10: ???
==12688==    by 0x6A7751F: ???
==12688==    by 0x8000000000000000: ???
==12688==    by 0xC: ???
==12688==    by 0xFF: ???
==12688== 
==12688== 2 bytes in 1 blocks are definitely lost in loss record 107 of 853
==12688==    at 0x484D953: calloc (in /usr/libexec/valgrind/vgpreload_memcheck-amd64-linux.so)
==12688==    by 0x739049: __mn_alloc (in /mnt/c/Users/Juan/Documents/GitHub/Mapanare/mapanare/self/mnc-stage1)
==12688==    by 0x73980B: __mn_str_from_parts (in /mnt/c/Users/Juan/Documents/GitHub/Mapanare/mapanare/self/mnc-stage1)
==12688==    by 0x41FA6B: lexer__scan_ident (in /mnt/c/Users/Juan/Documents/GitHub/Mapanare/mapanare/self/mnc-stage1)
==12688==    by 0x6A8363F: ???
==12688==    by 0x8000000000000001: ???
==12688==    by 0x6A733D7: ???
==12688==    by 0xC: ???
==12688==    by 0x10: ???
==12688==    by 0x6A7751F: ???
==12688==    by 0x8000000000000000: ???
==12688==    by 0xC: ???
==12688==    by 0xFF: ???
==12688== 
==12688== 2 bytes in 1 blocks are definitely lost in loss record 108 of 853
==12688==    at 0x484D953: calloc (in /usr/libexec/valgrind/vgpreload_memcheck-amd64-linux.so)
==12688==    by 0x739049: __mn_alloc (in /mnt/c/Users/Juan/Documents/GitHub/Mapanare/mapanare/self/mnc-stage1)
==12688==    by 0x73980B: __mn_str_from_parts (in /mnt/c/Users/Juan/Documents/GitHub/Mapanare/mapanare/self/mnc-stage1)
==12688==    by 0x41FA6B: lexer__scan_ident (in /mnt/c/Users/Juan/Documents/GitHub/Mapanare/mapanare/self/mnc-stage1)
==12688==    by 0x6A836DF: ???
==12688==    by 0x8000000000000002: ???
==12688==    by 0x6A733D7: ???
==12688==    by 0xC: ???
==12688==    by 0x10: ???
==12688==    by 0x6A7751F: ???
==12688==    by 0x8000000000000000: ???
==12688==    by 0xC: ???
==12688==    by 0xFF: ???
==12688== 
==12688== 2 bytes in 1 blocks are definitely lost in loss record 109 of 853
==12688==    at 0x484D953: calloc (in /usr/libexec/valgrind/vgpreload_memcheck-amd64-linux.so)
==12688==    by 0x739049: __mn_alloc (in /mnt/c/Users/Juan/Documents/GitHub/Mapanare/mapanare/self/mnc-stage1)
==12688==    by 0x73980B: __mn_str_from_parts (in /mnt/c/Users/Juan/Documents/GitHub/Mapanare/mapanare/self/mnc-stage1)
==12688==    by 0x41FA6B: lexer__scan_ident (in /mnt/c/Users/Juan/Documents/GitHub/Mapanare/mapanare/self/mnc-stage1)
==12688==    by 0x6A8377F: ???
==12688==    by 0x8000000000000003: ???
==12688==    by 0x6A733D7: ???
==12688==    by 0xC: ???
==12688==    by 0x10: ???
==12688==    by 0x6A7751F: ???
==12688==    by 0x8000000000000000: ???
==12688==    by 0xC: ???
==12688==    by 0xFF: ???
==12688== 
==12688== 2 bytes in 1 blocks are definitely lost in loss record 110 of 853
==12688==    at 0x484D953: calloc (in /usr/libexec/valgrind/vgpreload_memcheck-amd64-linux.so)
==12688==    by 0x739049: __mn_alloc (in /mnt/c/Users/Juan/Documents/GitHub/Mapanare/mapanare/self/mnc-stage1)
==12688==    by 0x73980B: __mn_str_from_parts (in /mnt/c/Users/Juan/Documents/GitHub/Mapanare/mapanare/self/mnc-stage1)
==12688==    by 0x41FA6B: lexer__scan_ident (in /mnt/c/Users/Juan/Documents/GitHub/Mapanare/mapanare/self/mnc-stage1)
==12688==    by 0x6A8381F: ???
==12688==    by 0x8000000000000004: ???
==12688==    by 0x6A733D7: ???
==12688==    by 0xC: ???
==12688==    by 0x10: ???
==12688==    by 0x6A7751F: ???
==12688==    by 0x8000000000000000: ???
==12688==    by 0xC: ???
==12688==    by 0xFF: ???
==12688== 
==12688== 2 bytes in 1 blocks are definitely lost in loss record 111 of 853
==12688==    at 0x484D953: calloc (in /usr/libexec/valgrind/vgpreload_memcheck-amd64-linux.so)
==12688==    by 0x739049: __mn_alloc (in /mnt/c/Users/Juan/Documents/GitHub/Mapanare/mapanare/self/mnc-stage1)
==12688==    by 0x73980B: __mn_str_from_parts (in /mnt/c/Users/Juan/Documents/GitHub/Mapanare/mapanare/self/mnc-stage1)
==12688==    by 0x41FA6B: lexer__scan_ident (in /mnt/c/Users/Juan/Documents/GitHub/Mapanare/mapanare/self/mnc-stage1)
==12688==    by 0x6A83B3F: ???
==12688==    by 0x8000000000000000: ???
==12688==    by 0x6A733D7: ???
==12688==    by 0x14: ???
==12688==    by 0x10: ???
==12688==    by 0x6A7751F: ???
==12688==    by 0x8000000000000000: ???
==12688==    by 0x14: ???
==12688==    by 0x107: ???
==12688== 
==12688== 2 bytes in 1 blocks are definitely lost in loss record 112 of 853
==12688==    at 0x484D953: calloc (in /usr/libexec/valgrind/vgpreload_memcheck-amd64-linux.so)
==12688==    by 0x739049: __mn_alloc (in /mnt/c/Users/Juan/Documents/GitHub/Mapanare/mapanare/self/mnc-stage1)
==12688==    by 0x73980B: __mn_str_from_parts (in /mnt/c/Users/Juan/Documents/GitHub/Mapanare/mapanare/self/mnc-stage1)
==12688==    by 0x41FA6B: lexer__scan_ident (in /mnt/c/Users/Juan/Documents/GitHub/Mapanare/mapanare/self/mnc-stage1)
==12688==    by 0x6A83BDF: ???
==12688==    by 0x8000000000000001: ???
==12688==    by 0x6A733D7: ???
==12688==    by 0x14: ???
==12688==    by 0x10: ???
==12688==    by 0x6A7751F: ???
==12688==    by 0x8000000000000000: ???
==12688==    by 0x14: ???
==12688==    by 0x107: ???
==12688== 
==12688== 2 bytes in 1 blocks are definitely lost in loss record 113 of 853
==12688==    at 0x484D953: calloc (in /usr/libexec/valgrind/vgpreload_memcheck-amd64-linux.so)
==12688==    by 0x739049: __mn_alloc (in /mnt/c/Users/Juan/Documents/GitHub/Mapanare/mapanare/self/mnc-stage1)
==12688==    by 0x73980B: __mn_str_from_parts (in /mnt/c/Users/Juan/Documents/GitHub/Mapanare/mapanare/self/mnc-stage1)
==12688==    by 0x41FA6B: lexer__scan_ident (in /mnt/c/Users/Juan/Documents/GitHub/Mapanare/mapanare/self/mnc-stage1)
==12688==    by 0x6A83C7F: ???
==12688==    by 0x8000000000000002: ???
==12688==    by 0x6A733D7: ???
==12688==    by 0x14: ???
==12688==    by 0x10: ???
==12688==    by 0x6A7751F: ???
==12688==    by 0x8000000000000000: ???
==12688==    by 0x14: ???
==12688==    by 0x107: ???
==12688== 
==12688== 2 bytes in 1 blocks are definitely lost in loss record 114 of 853
==12688==    at 0x484D953: calloc (in /usr/libexec/valgrind/vgpreload_memcheck-amd64-linux.so)
==12688==    by 0x739049: __mn_alloc (in /mnt/c/Users/Juan/Documents/GitHub/Mapanare/mapanare/self/mnc-stage1)
==12688==    by 0x73980B: __mn_str_from_parts (in /mnt/c/Users/Juan/Documents/GitHub/Mapanare/mapanare/self/mnc-stage1)
==12688==    by 0x41FA6B: lexer__scan_ident (in /mnt/c/Users/Juan/Documents/GitHub/Mapanare/mapanare/self/mnc-stage1)
==12688==    by 0x6A83D1F: ???
==12688==    by 0x8000000000000003: ???
==12688==    by 0x6A733D7: ???
==12688==    by 0x14: ???
==12688==    by 0x10: ???
==12688==    by 0x6A7751F: ???
==12688==    by 0x8000000000000000: ???
==12688==    by 0x14: ???
==12688==    by 0x107: ???
==12688== 
==12688== 2 bytes in 1 blocks are definitely lost in loss record 115 of 853
==12688==    at 0x484D953: calloc (in /usr/libexec/valgrind/vgpreload_memcheck-amd64-linux.so)
==12688==    by 0x739049: __mn_alloc (in /mnt/c/Users/Juan/Documents/GitHub/Mapanare/mapanare/self/mnc-stage1)
==12688==    by 0x73980B: __mn_str_from_parts (in /mnt/c/Users/Juan/Documents/GitHub/Mapanare/mapanare/self/mnc-stage1)
==12688==    by 0x41FA6B: lexer__scan_ident (in /mnt/c/Users/Juan/Documents/GitHub/Mapanare/mapanare/self/mnc-stage1)
==12688==    by 0x6A8403F: ???
==12688==    by 0x8000000000000000: ???
==12688==    by 0x6A733D7: ???
==12688==    by 0x4: ???
==12688==    by 0x11: ???
==12688==    by 0x6A7751F: ???
==12688==    by 0x8000000000000000: ???
==12688==    by 0x4: ???
==12688==    by 0x110: ???
==12688== 
==12688== 2 bytes in 1 blocks are definitely lost in loss record 116 of 853
==12688==    at 0x484D953: calloc (in /usr/libexec/valgrind/vgpreload_memcheck-amd64-linux.so)
==12688==    by 0x739049: __mn_alloc (in /mnt/c/Users/Juan/Documents/GitHub/Mapanare/mapanare/self/mnc-stage1)
==12688==    by 0x73980B: __mn_str_from_parts (in /mnt/c/Users/Juan/Documents/GitHub/Mapanare/mapanare/self/mnc-stage1)
==12688==    by 0x41FA6B: lexer__scan_ident (in /mnt/c/Users/Juan/Documents/GitHub/Mapanare/mapanare/self/mnc-stage1)
==12688==    by 0x6A840DF: ???
==12688==    by 0x8000000000000001: ???
==12688==    by 0x6A733D7: ???
==12688==    by 0x4: ???
==12688==    by 0x11: ???
==12688==    by 0x6A7751F: ???
==12688==    by 0x8000000000000000: ???
==12688==    by 0x4: ???
==12688==    by 0x110: ???
==12688== 
==12688== 2 bytes in 1 blocks are definitely lost in loss record 117 of 853
==12688==    at 0x484D953: calloc (in /usr/libexec/valgrind/vgpreload_memcheck-amd64-linux.so)
==12688==    by 0x739049: __mn_alloc (in /mnt/c/Users/Juan/Documents/GitHub/Mapanare/mapanare/self/mnc-stage1)
==12688==    by 0x73980B: __mn_str_from_parts (in /mnt/c/Users/Juan/Documents/GitHub/Mapanare/mapanare/self/mnc-stage1)
==12688==    by 0x41FA6B: lexer__scan_ident (in /mnt/c/Users/Juan/Documents/GitHub/Mapanare/mapanare/self/mnc-stage1)
==12688==    by 0x6A8417F: ???
==12688==    by 0x8000000000000002: ???
==12688==    by 0x6A733D7: ???
==12688==    by 0x4: ???
==12688==    by 0x11: ???
==12688==    by 0x6A7751F: ???
==12688==    by 0x8000000000000000: ???
==12688==    by 0x4: ???
==12688==    by 0x110: ???
==12688== 
==12688== 2 bytes in 1 blocks are definitely lost in loss record 118 of 853
==12688==    at 0x484D953: calloc (in /usr/libexec/valgrind/vgpreload_memcheck-amd64-linux.so)
==12688==    by 0x739049: __mn_alloc (in /mnt/c/Users/Juan/Documents/GitHub/Mapanare/mapanare/self/mnc-stage1)
==12688==    by 0x73980B: __mn_str_from_parts (in /mnt/c/Users/Juan/Documents/GitHub/Mapanare/mapanare/self/mnc-stage1)
==12688==    by 0x41FA6B: lexer__scan_ident (in /mnt/c/Users/Juan/Documents/GitHub/Mapanare/mapanare/self/mnc-stage1)
==12688==    by 0x6A8421F: ???
==12688==    by 0x8000000000000003: ???
==12688==    by 0x6A733D7: ???
==12688==    by 0x4: ???
==12688==    by 0x11: ???
==12688==    by 0x6A7751F: ???
==12688==    by 0x8000000000000000: ???
==12688==    by 0x4: ???
==12688==    by 0x110: ???
==12688== 
==12688== 2 bytes in 1 blocks are definitely lost in loss record 119 of 853
==12688==    at 0x484D953: calloc (in /usr/libexec/valgrind/vgpreload_memcheck-amd64-linux.so)
==12688==    by 0x739049: __mn_alloc (in /mnt/c/Users/Juan/Documents/GitHub/Mapanare/mapanare/self/mnc-stage1)
==12688==    by 0x73980B: __mn_str_from_parts (in /mnt/c/Users/Juan/Documents/GitHub/Mapanare/mapanare/self/mnc-stage1)
==12688==    by 0x41FA6B: lexer__scan_ident (in /mnt/c/Users/Juan/Documents/GitHub/Mapanare/mapanare/self/mnc-stage1)
==12688==    by 0x6A842BF: ???
==12688==    by 0x8000000000000004: ???
==12688==    by 0x6A733D7: ???
==12688==    by 0x4: ???
==12688==    by 0x11: ???
==12688==    by 0x6A7751F: ???
==12688==    by 0x8000000000000000: ???
==12688==    by 0x4: ???
==12688==    by 0x110: ???
==12688== 
==12688== 2 bytes in 1 blocks are definitely lost in loss record 120 of 853
==12688==    at 0x484D953: calloc (in /usr/libexec/valgrind/vgpreload_memcheck-amd64-linux.so)
==12688==    by 0x739049: __mn_alloc (in /mnt/c/Users/Juan/Documents/GitHub/Mapanare/mapanare/self/mnc-stage1)
==12688==    by 0x73980B: __mn_str_from_parts (in /mnt/c/Users/Juan/Documents/GitHub/Mapanare/mapanare/self/mnc-stage1)
==12688==    by 0x41FA6B: lexer__scan_ident (in /mnt/c/Users/Juan/Documents/GitHub/Mapanare/mapanare/self/mnc-stage1)
==12688==    by 0x6A8453F: ???
==12688==    by 0x8000000000000000: ???
==12688==    by 0x6A733D7: ???
==12688==    by 0xA: ???
==12688==    by 0x11: ???
==12688==    by 0x6A7751F: ???
==12688==    by 0x8000000000000000: ???
==12688==    by 0xA: ???
==12688==    by 0x116: ???
==12688== 
==12688== 2 bytes in 1 blocks are definitely lost in loss record 121 of 853
==12688==    at 0x484D953: calloc (in /usr/libexec/valgrind/vgpreload_memcheck-amd64-linux.so)
==12688==    by 0x739049: __mn_alloc (in /mnt/c/Users/Juan/Documents/GitHub/Mapanare/mapanare/self/mnc-stage1)
==12688==    by 0x73980B: __mn_str_from_parts (in /mnt/c/Users/Juan/Documents/GitHub/Mapanare/mapanare/self/mnc-stage1)
==12688==    by 0x41FA6B: lexer__scan_ident (in /mnt/c/Users/Juan/Documents/GitHub/Mapanare/mapanare/self/mnc-stage1)
==12688==    by 0x6A845DF: ???
==12688==    by 0x8000000000000001: ???
==12688==    by 0x6A733D7: ???
==12688==    by 0xA: ???
==12688==    by 0x11: ???
==12688==    by 0x6A7751F: ???
==12688==    by 0x8000000000000000: ???
==12688==    by 0xA: ???
==12688==    by 0x116: ???
==12688== 
==12688== 2 bytes in 1 blocks are definitely lost in loss record 122 of 853
==12688==    at 0x484D953: calloc (in /usr/libexec/valgrind/vgpreload_memcheck-amd64-linux.so)
==12688==    by 0x739049: __mn_alloc (in /mnt/c/Users/Juan/Documents/GitHub/Mapanare/mapanare/self/mnc-stage1)
==12688==    by 0x73980B: __mn_str_from_parts (in /mnt/c/Users/Juan/Documents/GitHub/Mapanare/mapanare/self/mnc-stage1)
==12688==    by 0x41FA6B: lexer__scan_ident (in /mnt/c/Users/Juan/Documents/GitHub/Mapanare/mapanare/self/mnc-stage1)
==12688==    by 0x6A8467F: ???
==12688==    by 0x8000000000000002: ???
==12688==    by 0x6A733D7: ???
==12688==    by 0xA: ???
==12688==    by 0x11: ???
==12688==    by 0x6A7751F: ???
==12688==    by 0x8000000000000000: ???
==12688==    by 0xA: ???
==12688==    by 0x116: ???
==12688== 
==12688== 2 bytes in 1 blocks are definitely lost in loss record 123 of 853
==12688==    at 0x484D953: calloc (in /usr/libexec/valgrind/vgpreload_memcheck-amd64-linux.so)
==12688==    by 0x739049: __mn_alloc (in /mnt/c/Users/Juan/Documents/GitHub/Mapanare/mapanare/self/mnc-stage1)
==12688==    by 0x73980B: __mn_str_from_parts (in /mnt/c/Users/Juan/Documents/GitHub/Mapanare/mapanare/self/mnc-stage1)
==12688==    by 0x41FA6B: lexer__scan_ident (in /mnt/c/Users/Juan/Documents/GitHub/Mapanare/mapanare/self/mnc-stage1)
==12688==    by 0x6A8471F: ???
==12688==    by 0x8000000000000003: ???
==12688==    by 0x6A733D7: ???
==12688==    by 0xA: ???
==12688==    by 0x11: ???
==12688==    by 0x6A7751F: ???
==12688==    by 0x8000000000000000: ???
==12688==    by 0xA: ???
==12688==    by 0x116: ???
==12688== 
==12688== 2 bytes in 1 blocks are definitely lost in loss record 124 of 853
==12688==    at 0x484D953: calloc (in /usr/libexec/valgrind/vgpreload_memcheck-amd64-linux.so)
==12688==    by 0x739049: __mn_alloc (in /mnt/c/Users/Juan/Documents/GitHub/Mapanare/mapanare/self/mnc-stage1)
==12688==    by 0x73980B: __mn_str_from_parts (in /mnt/c/Users/Juan/Documents/GitHub/Mapanare/mapanare/self/mnc-stage1)
==12688==    by 0x41FA6B: lexer__scan_ident (in /mnt/c/Users/Juan/Documents/GitHub/Mapanare/mapanare/self/mnc-stage1)
==12688==    by 0x6A847BF: ???
==12688==    by 0x8000000000000004: ???
==12688==    by 0x6A733D7: ???
==12688==    by 0xA: ???
==12688==    by 0x11: ???
==12688==    by 0x6A7751F: ???
==12688==    by 0x8000000000000000: ???
==12688==    by 0xA: ???
==12688==    by 0x116: ???
==12688== 
==12688== 2 bytes in 1 blocks are definitely lost in loss record 125 of 853
==12688==    at 0x484D953: calloc (in /usr/libexec/valgrind/vgpreload_memcheck-amd64-linux.so)
==12688==    by 0x739049: __mn_alloc (in /mnt/c/Users/Juan/Documents/GitHub/Mapanare/mapanare/self/mnc-stage1)
==12688==    by 0x73980B: __mn_str_from_parts (in /mnt/c/Users/Juan/Documents/GitHub/Mapanare/mapanare/self/mnc-stage1)
==12688==    by 0x41FA6B: lexer__scan_ident (in /mnt/c/Users/Juan/Documents/GitHub/Mapanare/mapanare/self/mnc-stage1)
==12688==    by 0x6A8485F: ???
==12688==    by 0x8000000000000005: ???
==12688==    by 0x6A733D7: ???
==12688==    by 0xA: ???
==12688==    by 0x11: ???
==12688==    by 0x6A7751F: ???
==12688==    by 0x8000000000000000: ???
==12688==    by 0xA: ???
==12688==    by 0x116: ???
==12688== 
==12688== 2 bytes in 1 blocks are definitely lost in loss record 126 of 853
==12688==    at 0x484D953: calloc (in /usr/libexec/valgrind/vgpreload_memcheck-amd64-linux.so)
==12688==    by 0x739049: __mn_alloc (in /mnt/c/Users/Juan/Documents/GitHub/Mapanare/mapanare/self/mnc-stage1)
==12688==    by 0x73980B: __mn_str_from_parts (in /mnt/c/Users/Juan/Documents/GitHub/Mapanare/mapanare/self/mnc-stage1)
==12688==    by 0x41FA6B: lexer__scan_ident (in /mnt/c/Users/Juan/Documents/GitHub/Mapanare/mapanare/self/mnc-stage1)
==12688==    by 0x6A848FF: ???
==12688==    by 0x8000000000000006: ???
==12688==    by 0x6A733D7: ???
==12688==    by 0xA: ???
==12688==    by 0x11: ???
==12688==    by 0x6A7751F: ???
==12688==    by 0x8000000000000000: ???
==12688==    by 0xA: ???
==12688==    by 0x116: ???
==12688== 
==12688== 2 bytes in 1 blocks are definitely lost in loss record 127 of 853
==12688==    at 0x484D953: calloc (in /usr/libexec/valgrind/vgpreload_memcheck-amd64-linux.so)
==12688==    by 0x739049: __mn_alloc (in /mnt/c/Users/Juan/Documents/GitHub/Mapanare/mapanare/self/mnc-stage1)
==12688==    by 0x73980B: __mn_str_from_parts (in /mnt/c/Users/Juan/Documents/GitHub/Mapanare/mapanare/self/mnc-stage1)
==12688==    by 0x41FA6B: lexer__scan_ident (in /mnt/c/Users/Juan/Documents/GitHub/Mapanare/mapanare/self/mnc-stage1)
==12688==    by 0x6A8499F: ???
==12688==    by 0x8000000000000007: ???
==12688==    by 0x6A733D7: ???
==12688==    by 0xA: ???
==12688==    by 0x11: ???
==12688==    by 0x6A7751F: ???
==12688==    by 0x8000000000000000: ???
==12688==    by 0xA: ???
==12688==    by 0x116: ???
==12688== 
==12688== 2 bytes in 1 blocks are definitely lost in loss record 128 of 853
==12688==    at 0x484D953: calloc (in /usr/libexec/valgrind/vgpreload_memcheck-amd64-linux.so)
==12688==    by 0x739049: __mn_alloc (in /mnt/c/Users/Juan/Documents/GitHub/Mapanare/mapanare/self/mnc-stage1)
==12688==    by 0x73980B: __mn_str_from_parts (in /mnt/c/Users/Juan/Documents/GitHub/Mapanare/mapanare/self/mnc-stage1)
==12688==    by 0x41FA6B: lexer__scan_ident (in /mnt/c/Users/Juan/Documents/GitHub/Mapanare/mapanare/self/mnc-stage1)
==12688==    by 0x6A84A3F: ???
==12688==    by 0x8000000000000008: ???
==12688==    by 0x6A733D7: ???
==12688==    by 0xA: ???
==12688==    by 0x11: ???
==12688==    by 0x6A7751F: ???
==12688==    by 0x8000000000000000: ???
==12688==    by 0xA: ???
==12688==    by 0x116: ???
==12688== 
==12688== 2 bytes in 1 blocks are definitely lost in loss record 129 of 853
==12688==    at 0x484D953: calloc (in /usr/libexec/valgrind/vgpreload_memcheck-amd64-linux.so)
==12688==    by 0x739049: __mn_alloc (in /mnt/c/Users/Juan/Documents/GitHub/Mapanare/mapanare/self/mnc-stage1)
==12688==    by 0x73980B: __mn_str_from_parts (in /mnt/c/Users/Juan/Documents/GitHub/Mapanare/mapanare/self/mnc-stage1)
==12688==    by 0x41FA6B: lexer__scan_ident (in /mnt/c/Users/Juan/Documents/GitHub/Mapanare/mapanare/self/mnc-stage1)
==12688==    by 0x6A84ADF: ???
==12688==    by 0x8000000000000009: ???
==12688==    by 0x6A733D7: ???
==12688==    by 0xA: ???
==12688==    by 0x11: ???
==12688==    by 0x6A7751F: ???
==12688==    by 0x8000000000000000: ???
==12688==    by 0xA: ???
==12688==    by 0x116: ???
==12688== 
==12688== 2 bytes in 1 blocks are definitely lost in loss record 130 of 853
==12688==    at 0x484D953: calloc (in /usr/libexec/valgrind/vgpreload_memcheck-amd64-linux.so)
==12688==    by 0x739049: __mn_alloc (in /mnt/c/Users/Juan/Documents/GitHub/Mapanare/mapanare/self/mnc-stage1)
==12688==    by 0x73980B: __mn_str_from_parts (in /mnt/c/Users/Juan/Documents/GitHub/Mapanare/mapanare/self/mnc-stage1)
==12688==    by 0x41FA6B: lexer__scan_ident (in /mnt/c/Users/Juan/Documents/GitHub/Mapanare/mapanare/self/mnc-stage1)
==12688==    by 0x6A86DAF: ???
==12688==    by 0x8000000000000000: ???
==12688==    by 0x6A733D7: ???
==12688==    by 0x15: ???
==12688==    by 0x11: ???
==12688==    by 0x6A7751F: ???
==12688==    by 0x8000000000000000: ???
==12688==    by 0x15: ???
==12688==    by 0x121: ???
==12688== 
==12688== 2 bytes in 1 blocks are definitely lost in loss record 131 of 853
==12688==    at 0x484D953: calloc (in /usr/libexec/valgrind/vgpreload_memcheck-amd64-linux.so)
==12688==    by 0x739049: __mn_alloc (in /mnt/c/Users/Juan/Documents/GitHub/Mapanare/mapanare/self/mnc-stage1)
==12688==    by 0x73980B: __mn_str_from_parts (in /mnt/c/Users/Juan/Documents/GitHub/Mapanare/mapanare/self/mnc-stage1)
==12688==    by 0x41FA6B: lexer__scan_ident (in /mnt/c/Users/Juan/Documents/GitHub/Mapanare/mapanare/self/mnc-stage1)
==12688==    by 0x6A86E4F: ???
==12688==    by 0x8000000000000001: ???
==12688==    by 0x6A733D7: ???
==12688==    by 0x15: ???
==12688==    by 0x11: ???
==12688==    by 0x6A7751F: ???
==12688==    by 0x8000000000000000: ???
==12688==    by 0x15: ???
==12688==    by 0x121: ???
==12688== 
==12688== 2 bytes in 1 blocks are definitely lost in loss record 132 of 853
==12688==    at 0x484D953: calloc (in /usr/libexec/valgrind/vgpreload_memcheck-amd64-linux.so)
==12688==    by 0x739049: __mn_alloc (in /mnt/c/Users/Juan/Documents/GitHub/Mapanare/mapanare/self/mnc-stage1)
==12688==    by 0x73980B: __mn_str_from_parts (in /mnt/c/Users/Juan/Documents/GitHub/Mapanare/mapanare/self/mnc-stage1)
==12688==    by 0x41FA6B: lexer__scan_ident (in /mnt/c/Users/Juan/Documents/GitHub/Mapanare/mapanare/self/mnc-stage1)
==12688==    by 0x6A8734F: ???
==12688==    by 0x8000000000000000: ???
==12688==    by 0x6A733D7: ???
==12688==    by 0x4: ???
==12688==    by 0x12: ???
==12688==    by 0x6A7751F: ???
==12688==    by 0x8000000000000000: ???
==12688==    by 0x4: ???
==12688==    by 0x12A: ???
==12688== 
==12688== 2 bytes in 1 blocks are definitely lost in loss record 133 of 853
==12688==    at 0x484D953: calloc (in /usr/libexec/valgrind/vgpreload_memcheck-amd64-linux.so)
==12688==    by 0x739049: __mn_alloc (in /mnt/c/Users/Juan/Documents/GitHub/Mapanare/mapanare/self/mnc-stage1)
==12688==    by 0x73980B: __mn_str_from_parts (in /mnt/c/Users/Juan/Documents/GitHub/Mapanare/mapanare/self/mnc-stage1)
==12688==    by 0x41FA6B: lexer__scan_ident (in /mnt/c/Users/Juan/Documents/GitHub/Mapanare/mapanare/self/mnc-stage1)
==12688==    by 0x6A873EF: ???
==12688==    by 0x8000000000000001: ???
==12688==    by 0x6A733D7: ???
==12688==    by 0x4: ???
==12688==    by 0x12: ???
==12688==    by 0x6A7751F: ???
==12688==    by 0x8000000000000000: ???
==12688==    by 0x4: ???
==12688==    by 0x12A: ???
==12688== 
==12688== 2 bytes in 1 blocks are definitely lost in loss record 134 of 853
==12688==    at 0x484D953: calloc (in /usr/libexec/valgrind/vgpreload_memcheck-amd64-linux.so)
==12688==    by 0x739049: __mn_alloc (in /mnt/c/Users/Juan/Documents/GitHub/Mapanare/mapanare/self/mnc-stage1)
==12688==    by 0x73980B: __mn_str_from_parts (in /mnt/c/Users/Juan/Documents/GitHub/Mapanare/mapanare/self/mnc-stage1)
==12688==    by 0x41FA6B: lexer__scan_ident (in /mnt/c/Users/Juan/Documents/GitHub/Mapanare/mapanare/self/mnc-stage1)
==12688==    by 0x6A8748F: ???
==12688==    by 0x8000000000000002: ???
==12688==    by 0x6A733D7: ???
==12688==    by 0x4: ???
==12688==    by 0x12: ???
==12688==    by 0x6A7751F: ???
==12688==    by 0x8000000000000000: ???
==12688==    by 0x4: ???
==12688==    by 0x12A: ???
==12688== 
==12688== 2 bytes in 1 blocks are definitely lost in loss record 135 of 853
==12688==    at 0x484D953: calloc (in /usr/libexec/valgrind/vgpreload_memcheck-amd64-linux.so)
==12688==    by 0x739049: __mn_alloc (in /mnt/c/Users/Juan/Documents/GitHub/Mapanare/mapanare/self/mnc-stage1)
==12688==    by 0x73980B: __mn_str_from_parts (in /mnt/c/Users/Juan/Documents/GitHub/Mapanare/mapanare/self/mnc-stage1)
==12688==    by 0x41FA6B: lexer__scan_ident (in /mnt/c/Users/Juan/Documents/GitHub/Mapanare/mapanare/self/mnc-stage1)
==12688==    by 0x6A8752F: ???
==12688==    by 0x8000000000000003: ???
==12688==    by 0x6A733D7: ???
==12688==    by 0x4: ???
==12688==    by 0x12: ???
==12688==    by 0x6A7751F: ???
==12688==    by 0x8000000000000000: ???
==12688==    by 0x4: ???
==12688==    by 0x12A: ???
==12688== 
==12688== 2 bytes in 1 blocks are definitely lost in loss record 136 of 853
==12688==    at 0x484D953: calloc (in /usr/libexec/valgrind/vgpreload_memcheck-amd64-linux.so)
==12688==    by 0x739049: __mn_alloc (in /mnt/c/Users/Juan/Documents/GitHub/Mapanare/mapanare/self/mnc-stage1)
==12688==    by 0x73980B: __mn_str_from_parts (in /mnt/c/Users/Juan/Documents/GitHub/Mapanare/mapanare/self/mnc-stage1)
==12688==    by 0x41FA6B: lexer__scan_ident (in /mnt/c/Users/Juan/Documents/GitHub/Mapanare/mapanare/self/mnc-stage1)
==12688==    by 0x6A875CF: ???
==12688==    by 0x8000000000000004: ???
==12688==    by 0x6A733D7: ???
==12688==    by 0x4: ???
==12688==    by 0x12: ???
==12688==    by 0x6A7751F: ???
==12688==    by 0x8000000000000000: ???
==12688==    by 0x4: ???
==12688==    by 0x12A: ???
==12688== 
==12688== 2 bytes in 1 blocks are definitely lost in loss record 137 of 853
==12688==    at 0x484D953: calloc (in /usr/libexec/valgrind/vgpreload_memcheck-amd64-linux.so)
==12688==    by 0x739049: __mn_alloc (in /mnt/c/Users/Juan/Documents/GitHub/Mapanare/mapanare/self/mnc-stage1)
==12688==    by 0x73980B: __mn_str_from_parts (in /mnt/c/Users/Juan/Documents/GitHub/Mapanare/mapanare/self/mnc-stage1)
==12688==    by 0x41FA6B: lexer__scan_ident (in /mnt/c/Users/Juan/Documents/GitHub/Mapanare/mapanare/self/mnc-stage1)
==12688==    by 0x6A8784F: ???
==12688==    by 0x8000000000000000: ???
==12688==    by 0x6A733D7: ???
==12688==    by 0xA: ???
==12688==    by 0x12: ???
==12688==    by 0x6A7751F: ???
==12688==    by 0x8000000000000000: ???
==12688==    by 0xA: ???
==12688==    by 0x130: ???
==12688== 
==12688== 2 bytes in 1 blocks are definitely lost in loss record 138 of 853
==12688==    at 0x484D953: calloc (in /usr/libexec/valgrind/vgpreload_memcheck-amd64-linux.so)
==12688==    by 0x739049: __mn_alloc (in /mnt/c/Users/Juan/Documents/GitHub/Mapanare/mapanare/self/mnc-stage1)
==12688==    by 0x73980B: __mn_str_from_parts (in /mnt/c/Users/Juan/Documents/GitHub/Mapanare/mapanare/self/mnc-stage1)
==12688==    by 0x41FA6B: lexer__scan_ident (in /mnt/c/Users/Juan/Documents/GitHub/Mapanare/mapanare/self/mnc-stage1)
==12688==    by 0x6A878EF: ???
==12688==    by 0x8000000000000001: ???
==12688==    by 0x6A733D7: ???
==12688==    by 0xA: ???
==12688==    by 0x12: ???
==12688==    by 0x6A7751F: ???
==12688==    by 0x8000000000000000: ???
==12688==    by 0xA: ???
==12688==    by 0x130: ???
==12688== 
==12688== 2 bytes in 1 blocks are definitely lost in loss record 139 of 853
==12688==    at 0x484D953: calloc (in /usr/libexec/valgrind/vgpreload_memcheck-amd64-linux.so)
==12688==    by 0x739049: __mn_alloc (in /mnt/c/Users/Juan/Documents/GitHub/Mapanare/mapanare/self/mnc-stage1)
==12688==    by 0x73980B: __mn_str_from_parts (in /mnt/c/Users/Juan/Documents/GitHub/Mapanare/mapanare/self/mnc-stage1)
==12688==    by 0x41FA6B: lexer__scan_ident (in /mnt/c/Users/Juan/Documents/GitHub/Mapanare/mapanare/self/mnc-stage1)
==12688==    by 0x6A8798F: ???
==12688==    by 0x8000000000000002: ???
==12688==    by 0x6A733D7: ???
==12688==    by 0xA: ???
==12688==    by 0x12: ???
==12688==    by 0x6A7751F: ???
==12688==    by 0x8000000000000000: ???
==12688==    by 0xA: ???
==12688==    by 0x130: ???
==12688== 
==12688== 2 bytes in 1 blocks are definitely lost in loss record 140 of 853
==12688==    at 0x484D953: calloc (in /usr/libexec/valgrind/vgpreload_memcheck-amd64-linux.so)
==12688==    by 0x739049: __mn_alloc (in /mnt/c/Users/Juan/Documents/GitHub/Mapanare/mapanare/self/mnc-stage1)
==12688==    by 0x73980B: __mn_str_from_parts (in /mnt/c/Users/Juan/Documents/GitHub/Mapanare/mapanare/self/mnc-stage1)
==12688==    by 0x41FA6B: lexer__scan_ident (in /mnt/c/Users/Juan/Documents/GitHub/Mapanare/mapanare/self/mnc-stage1)
==12688==    by 0x6A87A2F: ???
==12688==    by 0x8000000000000003: ???
==12688==    by 0x6A733D7: ???
==12688==    by 0xA: ???
==12688==    by 0x12: ???
==12688==    by 0x6A7751F: ???
==12688==    by 0x8000000000000000: ???
==12688==    by 0xA: ???
==12688==    by 0x130: ???
==12688== 
==12688== 2 bytes in 1 blocks are definitely lost in loss record 141 of 853
==12688==    at 0x484D953: calloc (in /usr/libexec/valgrind/vgpreload_memcheck-amd64-linux.so)
==12688==    by 0x739049: __mn_alloc (in /mnt/c/Users/Juan/Documents/GitHub/Mapanare/mapanare/self/mnc-stage1)
==12688==    by 0x73980B: __mn_str_from_parts (in /mnt/c/Users/Juan/Documents/GitHub/Mapanare/mapanare/self/mnc-stage1)
==12688==    by 0x41FA6B: lexer__scan_ident (in /mnt/c/Users/Juan/Documents/GitHub/Mapanare/mapanare/self/mnc-stage1)
==12688==    by 0x6A87ACF: ???
==12688==    by 0x8000000000000004: ???
==12688==    by 0x6A733D7: ???
==12688==    by 0xA: ???
==12688==    by 0x12: ???
==12688==    by 0x6A7751F: ???
==12688==    by 0x8000000000000000: ???
==12688==    by 0xA: ???
==12688==    by 0x130: ???
==12688== 
==12688== 2 bytes in 1 blocks are definitely lost in loss record 142 of 853
==12688==    at 0x484D953: calloc (in /usr/libexec/valgrind/vgpreload_memcheck-amd64-linux.so)
==12688==    by 0x739049: __mn_alloc (in /mnt/c/Users/Juan/Documents/GitHub/Mapanare/mapanare/self/mnc-stage1)
==12688==    by 0x73980B: __mn_str_from_parts (in /mnt/c/Users/Juan/Documents/GitHub/Mapanare/mapanare/self/mnc-stage1)
==12688==    by 0x41FA6B: lexer__scan_ident (in /mnt/c/Users/Juan/Documents/GitHub/Mapanare/mapanare/self/mnc-stage1)
==12688==    by 0x6A87B6F: ???
==12688==    by 0x8000000000000005: ???
==12688==    by 0x6A733D7: ???
==12688==    by 0xA: ???
==12688==    by 0x12: ???
==12688==    by 0x6A7751F: ???
==12688==    by 0x8000000000000000: ???
==12688==    by 0xA: ???
==12688==    by 0x130: ???
==12688== 
==12688== 2 bytes in 1 blocks are definitely lost in loss record 143 of 853
==12688==    at 0x484D953: calloc (in /usr/libexec/valgrind/vgpreload_memcheck-amd64-linux.so)
==12688==    by 0x739049: __mn_alloc (in /mnt/c/Users/Juan/Documents/GitHub/Mapanare/mapanare/self/mnc-stage1)
==12688==    by 0x73980B: __mn_str_from_parts (in /mnt/c/Users/Juan/Documents/GitHub/Mapanare/mapanare/self/mnc-stage1)
==12688==    by 0x41FA6B: lexer__scan_ident (in /mnt/c/Users/Juan/Documents/GitHub/Mapanare/mapanare/self/mnc-stage1)
==12688==    by 0x6A87C0F: ???
==12688==    by 0x8000000000000006: ???
==12688==    by 0x6A733D7: ???
==12688==    by 0xA: ???
==12688==    by 0x12: ???
==12688==    by 0x6A7751F: ???
==12688==    by 0x8000000000000000: ???
==12688==    by 0xA: ???
==12688==    by 0x130: ???
==12688== 
==12688== 2 bytes in 1 blocks are definitely lost in loss record 144 of 853
==12688==    at 0x484D953: calloc (in /usr/libexec/valgrind/vgpreload_memcheck-amd64-linux.so)
==12688==    by 0x739049: __mn_alloc (in /mnt/c/Users/Juan/Documents/GitHub/Mapanare/mapanare/self/mnc-stage1)
==12688==    by 0x73980B: __mn_str_from_parts (in /mnt/c/Users/Juan/Documents/GitHub/Mapanare/mapanare/self/mnc-stage1)
==12688==    by 0x41FA6B: lexer__scan_ident (in /mnt/c/Users/Juan/Documents/GitHub/Mapanare/mapanare/self/mnc-stage1)
==12688==    by 0x6A87CAF: ???
==12688==    by 0x8000000000000007: ???
==12688==    by 0x6A733D7: ???
==12688==    by 0xA: ???
==12688==    by 0x12: ???
==12688==    by 0x6A7751F: ???
==12688==    by 0x8000000000000000: ???
==12688==    by 0xA: ???
==12688==    by 0x130: ???
==12688== 
==12688== 2 bytes in 1 blocks are definitely lost in loss record 145 of 853
==12688==    at 0x484D953: calloc (in /usr/libexec/valgrind/vgpreload_memcheck-amd64-linux.so)
==12688==    by 0x739049: __mn_alloc (in /mnt/c/Users/Juan/Documents/GitHub/Mapanare/mapanare/self/mnc-stage1)
==12688==    by 0x73980B: __mn_str_from_parts (in /mnt/c/Users/Juan/Documents/GitHub/Mapanare/mapanare/self/mnc-stage1)
==12688==    by 0x41FA6B: lexer__scan_ident (in /mnt/c/Users/Juan/Documents/GitHub/Mapanare/mapanare/self/mnc-stage1)
==12688==    by 0x6A87D4F: ???
==12688==    by 0x8000000000000008: ???
==12688==    by 0x6A733D7: ???
==12688==    by 0xA: ???
==12688==    by 0x12: ???
==12688==    by 0x6A7751F: ???
==12688==    by 0x8000000000000000: ???
==12688==    by 0xA: ???
==12688==    by 0x130: ???
==12688== 
==12688== 2 bytes in 1 blocks are definitely lost in loss record 146 of 853
==12688==    at 0x484D953: calloc (in /usr/libexec/valgrind/vgpreload_memcheck-amd64-linux.so)
==12688==    by 0x739049: __mn_alloc (in /mnt/c/Users/Juan/Documents/GitHub/Mapanare/mapanare/self/mnc-stage1)
==12688==    by 0x73980B: __mn_str_from_parts (in /mnt/c/Users/Juan/Documents/GitHub/Mapanare/mapanare/self/mnc-stage1)
==12688==    by 0x41FA6B: lexer__scan_ident (in /mnt/c/Users/Juan/Documents/GitHub/Mapanare/mapanare/self/mnc-stage1)
==12688==    by 0x6A87DEF: ???
==12688==    by 0x8000000000000009: ???
==12688==    by 0x6A733D7: ???
==12688==    by 0xA: ???
==12688==    by 0x12: ???
==12688==    by 0x6A7751F: ???
==12688==    by 0x8000000000000000: ???
==12688==    by 0xA: ???
==12688==    by 0x130: ???
==12688== 
==12688== 2 bytes in 1 blocks are definitely lost in loss record 147 of 853
==12688==    at 0x484D953: calloc (in /usr/libexec/valgrind/vgpreload_memcheck-amd64-linux.so)
==12688==    by 0x739049: __mn_alloc (in /mnt/c/Users/Juan/Documents/GitHub/Mapanare/mapanare/self/mnc-stage1)
==12688==    by 0x73980B: __mn_str_from_parts (in /mnt/c/Users/Juan/Documents/GitHub/Mapanare/mapanare/self/mnc-stage1)
==12688==    by 0x41FA6B: lexer__scan_ident (in /mnt/c/Users/Juan/Documents/GitHub/Mapanare/mapanare/self/mnc-stage1)
==12688==    by 0x6A8806F: ???
==12688==    by 0x8000000000000000: ???
==12688==    by 0x6A733D7: ???
==12688==    by 0x15: ???
==12688==    by 0x12: ???
==12688==    by 0x6A7751F: ???
==12688==    by 0x8000000000000000: ???
==12688==    by 0x15: ???
==12688==    by 0x13B: ???
==12688== 
==12688== 2 bytes in 1 blocks are definitely lost in loss record 148 of 853
==12688==    at 0x484D953: calloc (in /usr/libexec/valgrind/vgpreload_memcheck-amd64-linux.so)
==12688==    by 0x739049: __mn_alloc (in /mnt/c/Users/Juan/Documents/GitHub/Mapanare/mapanare/self/mnc-stage1)
==12688==    by 0x73980B: __mn_str_from_parts (in /mnt/c/Users/Juan/Documents/GitHub/Mapanare/mapanare/self/mnc-stage1)
==12688==    by 0x41FA6B: lexer__scan_ident (in /mnt/c/Users/Juan/Documents/GitHub/Mapanare/mapanare/self/mnc-stage1)
==12688==    by 0x6A8810F: ???
==12688==    by 0x8000000000000001: ???
==12688==    by 0x6A733D7: ???
==12688==    by 0x15: ???
==12688==    by 0x12: ???
==12688==    by 0x6A7751F: ???
==12688==    by 0x8000000000000000: ???
==12688==    by 0x15: ???
==12688==    by 0x13B: ???
==12688== 
==12688== 2 bytes in 1 blocks are definitely lost in loss record 149 of 853
==12688==    at 0x484D953: calloc (in /usr/libexec/valgrind/vgpreload_memcheck-amd64-linux.so)
==12688==    by 0x739049: __mn_alloc (in /mnt/c/Users/Juan/Documents/GitHub/Mapanare/mapanare/self/mnc-stage1)
==12688==    by 0x73980B: __mn_str_from_parts (in /mnt/c/Users/Juan/Documents/GitHub/Mapanare/mapanare/self/mnc-stage1)
==12688==    by 0x431688: parser__has_interpolation (in /mnt/c/Users/Juan/Documents/GitHub/Mapanare/mapanare/self/mnc-stage1)
==12688== 
==12688== 2 bytes in 1 blocks are definitely lost in loss record 150 of 853
==12688==    at 0x484D953: calloc (in /usr/libexec/valgrind/vgpreload_memcheck-amd64-linux.so)
==12688==    by 0x739049: __mn_alloc (in /mnt/c/Users/Juan/Documents/GitHub/Mapanare/mapanare/self/mnc-stage1)
==12688==    by 0x73980B: __mn_str_from_parts (in /mnt/c/Users/Juan/Documents/GitHub/Mapanare/mapanare/self/mnc-stage1)
==12688==    by 0x431688: parser__has_interpolation (in /mnt/c/Users/Juan/Documents/GitHub/Mapanare/mapanare/self/mnc-stage1)
==12688==    by 0x8000000000000000: ???
==12688== 
==12688== 2 bytes in 1 blocks are definitely lost in loss record 151 of 853
==12688==    at 0x484D953: calloc (in /usr/libexec/valgrind/vgpreload_memcheck-amd64-linux.so)
==12688==    by 0x739049: __mn_alloc (in /mnt/c/Users/Juan/Documents/GitHub/Mapanare/mapanare/self/mnc-stage1)
==12688==    by 0x73980B: __mn_str_from_parts (in /mnt/c/Users/Juan/Documents/GitHub/Mapanare/mapanare/self/mnc-stage1)
==12688==    by 0x431688: parser__has_interpolation (in /mnt/c/Users/Juan/Documents/GitHub/Mapanare/mapanare/self/mnc-stage1)
==12688==    by 0x1101: ???
==12688==    by 0x580053FF: ??? (in /usr/libexec/valgrind/memcheck-amd64-linux)
==12688==    by 0xF: ???
==12688==    by 0x9: ???
==12688==    by 0x7F: ???
==12688==    by 0x4B: ???
==12688==    by 0x8000000000000004: ???
==12688==    by 0x6A7F8FF: ???
==12688==    by 0x6A84C7F: ???
==12688==    by 0x432BDF: parser__parse_atom (in /mnt/c/Users/Juan/Documents/GitHub/Mapanare/mapanare/self/mnc-stage1)
==12688== 
==12688== 2 bytes in 1 blocks are definitely lost in loss record 152 of 853
==12688==    at 0x484D953: calloc (in /usr/libexec/valgrind/vgpreload_memcheck-amd64-linux.so)
==12688==    by 0x739049: __mn_alloc (in /mnt/c/Users/Juan/Documents/GitHub/Mapanare/mapanare/self/mnc-stage1)
==12688==    by 0x73980B: __mn_str_from_parts (in /mnt/c/Users/Juan/Documents/GitHub/Mapanare/mapanare/self/mnc-stage1)
==12688==    by 0x431688: parser__has_interpolation (in /mnt/c/Users/Juan/Documents/GitHub/Mapanare/mapanare/self/mnc-stage1)
==12688==    by 0x1101: ???
==12688==    by 0x580053FF: ??? (in /usr/libexec/valgrind/memcheck-amd64-linux)
==12688==    by 0xF: ???
==12688==    by 0x9: ???
==12688==    by 0x7F: ???
==12688==    by 0x4B: ???
==12688==    by 0x8000000000000003: ???
==12688==    by 0x6A80CAF: ???
==12688==    by 0x6A84C7F: ???
==12688==    by 0x432BDF: parser__parse_atom (in /mnt/c/Users/Juan/Documents/GitHub/Mapanare/mapanare/self/mnc-stage1)
==12688== 
==12688== 3 bytes in 1 blocks are indirectly lost in loss record 153 of 853
==12688==    at 0x484D953: calloc (in /usr/libexec/valgrind/vgpreload_memcheck-amd64-linux.so)
==12688==    by 0x739049: __mn_alloc (in /mnt/c/Users/Juan/Documents/GitHub/Mapanare/mapanare/self/mnc-stage1)
==12688==    by 0x739C2E: __mn_str_concat (in /mnt/c/Users/Juan/Documents/GitHub/Mapanare/mapanare/self/mnc-stage1)
==12688==    by 0x41FA94: lexer__scan_ident (in /mnt/c/Users/Juan/Documents/GitHub/Mapanare/mapanare/self/mnc-stage1)
==12688==    by 0x6A79A0F: ???
==12688==    by 0x8000000000000000: ???
==12688==    by 0x6A733D7: ???
==12688== 
==12688== 3 bytes in 1 blocks are indirectly lost in loss record 154 of 853
==12688==    at 0x484D953: calloc (in /usr/libexec/valgrind/vgpreload_memcheck-amd64-linux.so)
==12688==    by 0x739049: __mn_alloc (in /mnt/c/Users/Juan/Documents/GitHub/Mapanare/mapanare/self/mnc-stage1)
==12688==    by 0x739C2E: __mn_str_concat (in /mnt/c/Users/Juan/Documents/GitHub/Mapanare/mapanare/self/mnc-stage1)
==12688==    by 0x41FA94: lexer__scan_ident (in /mnt/c/Users/Juan/Documents/GitHub/Mapanare/mapanare/self/mnc-stage1)
==12688==    by 0x6A813DF: ???
==12688==    by 0x8000000000000000: ???
==12688==    by 0x6A733D7: ???
==12688== 
==12688== 3 bytes in 1 blocks are indirectly lost in loss record 155 of 853
==12688==    at 0x484D953: calloc (in /usr/libexec/valgrind/vgpreload_memcheck-amd64-linux.so)
==12688==    by 0x739049: __mn_alloc (in /mnt/c/Users/Juan/Documents/GitHub/Mapanare/mapanare/self/mnc-stage1)
==12688==    by 0x739C2E: __mn_str_concat (in /mnt/c/Users/Juan/Documents/GitHub/Mapanare/mapanare/self/mnc-stage1)
==12688==    by 0x41FA94: lexer__scan_ident (in /mnt/c/Users/Juan/Documents/GitHub/Mapanare/mapanare/self/mnc-stage1)
==12688==    by 0x6A8219F: ???
==12688==    by 0x8000000000000000: ???
==12688==    by 0x6A733D7: ???
==12688==    by 0x8: ???
==12688==    by 0xF: ???
==12688==    by 0x6A7751F: ???
==12688==    by 0x8000000000000000: ???
==12688==    by 0x8: ???
==12688==    by 0xE3: ???
==12688== 
==12688== 3 bytes in 1 blocks are indirectly lost in loss record 156 of 853
==12688==    at 0x484D953: calloc (in /usr/libexec/valgrind/vgpreload_memcheck-amd64-linux.so)
==12688==    by 0x739049: __mn_alloc (in /mnt/c/Users/Juan/Documents/GitHub/Mapanare/mapanare/self/mnc-stage1)
==12688==    by 0x739C2E: __mn_str_concat (in /mnt/c/Users/Juan/Documents/GitHub/Mapanare/mapanare/self/mnc-stage1)
==12688==    by 0x41FA94: lexer__scan_ident (in /mnt/c/Users/Juan/Documents/GitHub/Mapanare/mapanare/self/mnc-stage1)
==12688==    by 0x6A8322F: ???
==12688==    by 0x8000000000000000: ???
==12688==    by 0x6A733D7: ???
==12688==    by 0x8: ???
==12688==    by 0x10: ???
==12688==    by 0x6A7751F: ???
==12688==    by 0x8000000000000000: ???
==12688==    by 0x8: ???
==12688==    by 0xFB: ???
==12688== 
==12688== 3 bytes in 1 blocks are indirectly lost in loss record 157 of 853
==12688==    at 0x484D953: calloc (in /usr/libexec/valgrind/vgpreload_memcheck-amd64-linux.so)
==12688==    by 0x739049: __mn_alloc (in /mnt/c/Users/Juan/Documents/GitHub/Mapanare/mapanare/self/mnc-stage1)
==12688==    by 0x739C2E: __mn_str_concat (in /mnt/c/Users/Juan/Documents/GitHub/Mapanare/mapanare/self/mnc-stage1)
==12688==    by 0x41FA94: lexer__scan_ident (in /mnt/c/Users/Juan/Documents/GitHub/Mapanare/mapanare/self/mnc-stage1)
==12688==    by 0x6A86DAF: ???
==12688==    by 0x8000000000000000: ???
==12688==    by 0x6A733D7: ???
==12688==    by 0x15: ???
==12688==    by 0x11: ???
==12688==    by 0x6A7751F: ???
==12688==    by 0x8000000000000000: ???
==12688==    by 0x15: ???
==12688==    by 0x121: ???
==12688== 
==12688== 3 bytes in 1 blocks are indirectly lost in loss record 158 of 853
==12688==    at 0x484D953: calloc (in /usr/libexec/valgrind/vgpreload_memcheck-amd64-linux.so)
==12688==    by 0x739049: __mn_alloc (in /mnt/c/Users/Juan/Documents/GitHub/Mapanare/mapanare/self/mnc-stage1)
==12688==    by 0x739C2E: __mn_str_concat (in /mnt/c/Users/Juan/Documents/GitHub/Mapanare/mapanare/self/mnc-stage1)
==12688==    by 0x41FA94: lexer__scan_ident (in /mnt/c/Users/Juan/Documents/GitHub/Mapanare/mapanare/self/mnc-stage1)
==12688==    by 0x6A8806F: ???
==12688==    by 0x8000000000000000: ???
==12688==    by 0x6A733D7: ???
==12688==    by 0x15: ???
==12688==    by 0x12: ???
==12688==    by 0x6A7751F: ???
==12688==    by 0x8000000000000000: ???
==12688==    by 0x15: ???
==12688==    by 0x13B: ???
==12688== 
==12688== 3 bytes in 1 blocks are indirectly lost in loss record 159 of 853
==12688==    at 0x484D953: calloc (in /usr/libexec/valgrind/vgpreload_memcheck-amd64-linux.so)
==12688==    by 0x739049: __mn_alloc (in /mnt/c/Users/Juan/Documents/GitHub/Mapanare/mapanare/self/mnc-stage1)
==12688==    by 0x739C2E: __mn_str_concat (in /mnt/c/Users/Juan/Documents/GitHub/Mapanare/mapanare/self/mnc-stage1)
==12688==    by 0x4CE3A9: lower__bind_fn_params (in /mnt/c/Users/Juan/Documents/GitHub/Mapanare/mapanare/self/mnc-stage1)
==12688== 
==12688== 3 bytes in 1 blocks are definitely lost in loss record 160 of 853
==12688==    at 0x484D953: calloc (in /usr/libexec/valgrind/vgpreload_memcheck-amd64-linux.so)
==12688==    by 0x739049: __mn_alloc (in /mnt/c/Users/Juan/Documents/GitHub/Mapanare/mapanare/self/mnc-stage1)
==12688==    by 0x739C2E: __mn_str_concat (in /mnt/c/Users/Juan/Documents/GitHub/Mapanare/mapanare/self/mnc-stage1)
==12688==    by 0x41FA94: lexer__scan_ident (in /mnt/c/Users/Juan/Documents/GitHub/Mapanare/mapanare/self/mnc-stage1)
==12688==    by 0x6A7779F: ???
==12688==    by 0x8000000000000000: ???
==12688==    by 0x6A733D7: ???
==12688== 
==12688== 3 bytes in 1 blocks are definitely lost in loss record 161 of 853
==12688==    at 0x484D953: calloc (in /usr/libexec/valgrind/vgpreload_memcheck-amd64-linux.so)
==12688==    by 0x739049: __mn_alloc (in /mnt/c/Users/Juan/Documents/GitHub/Mapanare/mapanare/self/mnc-stage1)
==12688==    by 0x739C2E: __mn_str_concat (in /mnt/c/Users/Juan/Documents/GitHub/Mapanare/mapanare/self/mnc-stage1)
==12688==    by 0x41FA94: lexer__scan_ident (in /mnt/c/Users/Juan/Documents/GitHub/Mapanare/mapanare/self/mnc-stage1)
==12688==    by 0x6A77DAF: ???
==12688==    by 0x8000000000000000: ???
==12688==    by 0x6A733D7: ???
==12688==    by 0x5: ???
==12688== 
==12688== 3 bytes in 1 blocks are definitely lost in loss record 162 of 853
==12688==    at 0x484D953: calloc (in /usr/libexec/valgrind/vgpreload_memcheck-amd64-linux.so)
==12688==    by 0x739049: __mn_alloc (in /mnt/c/Users/Juan/Documents/GitHub/Mapanare/mapanare/self/mnc-stage1)
==12688==    by 0x739C2E: __mn_str_concat (in /mnt/c/Users/Juan/Documents/GitHub/Mapanare/mapanare/self/mnc-stage1)
==12688==    by 0x41FA94: lexer__scan_ident (in /mnt/c/Users/Juan/Documents/GitHub/Mapanare/mapanare/self/mnc-stage1)
==12688==    by 0x6A7848F: ???
==12688==    by 0x8000000000000000: ???
==12688==    by 0x6A733D7: ???
==12688==    by 0x4: ???
==12688==    by 0x1: ???
==12688==    by 0x6A7751F: ???
==12688==    by 0x8000000000000000: ???
==12688==    by 0x4: ???
==12688==    by 0x10: ???
==12688== 
==12688== 3 bytes in 1 blocks are definitely lost in loss record 163 of 853
==12688==    at 0x484D953: calloc (in /usr/libexec/valgrind/vgpreload_memcheck-amd64-linux.so)
==12688==    by 0x739049: __mn_alloc (in /mnt/c/Users/Juan/Documents/GitHub/Mapanare/mapanare/self/mnc-stage1)
==12688==    by 0x739C2E: __mn_str_concat (in /mnt/c/Users/Juan/Documents/GitHub/Mapanare/mapanare/self/mnc-stage1)
==12688==    by 0x41FA94: lexer__scan_ident (in /mnt/c/Users/Juan/Documents/GitHub/Mapanare/mapanare/self/mnc-stage1)
==12688==    by 0x6A789DF: ???
==12688==    by 0x8000000000000000: ???
==12688==    by 0x6A733D7: ???
==12688==    by 0x4: ???
==12688==    by 0x2: ???
==12688==    by 0x6A7751F: ???
==12688==    by 0x8000000000000000: ???
==12688==    by 0x4: ???
==12688==    by 0x19: ???
==12688== 
==12688== 3 bytes in 1 blocks are definitely lost in loss record 164 of 853
==12688==    at 0x484D953: calloc (in /usr/libexec/valgrind/vgpreload_memcheck-amd64-linux.so)
==12688==    by 0x739049: __mn_alloc (in /mnt/c/Users/Juan/Documents/GitHub/Mapanare/mapanare/self/mnc-stage1)
==12688==    by 0x739C2E: __mn_str_concat (in /mnt/c/Users/Juan/Documents/GitHub/Mapanare/mapanare/self/mnc-stage1)
==12688==    by 0x41FA94: lexer__scan_ident (in /mnt/c/Users/Juan/Documents/GitHub/Mapanare/mapanare/self/mnc-stage1)
==12688==    by 0x6A7906F: ???
==12688==    by 0x8000000000000000: ???
==12688==    by 0x6A733D7: ???
==12688==    by 0x4: ???
==12688==    by 0x3: ???
==12688==    by 0x6A7751F: ???
==12688==    by 0x8000000000000000: ???
==12688==    by 0x4: ???
==12688==    by 0x24: ???
==12688== 
==12688== 3 bytes in 1 blocks are definitely lost in loss record 165 of 853
==12688==    at 0x484D953: calloc (in /usr/libexec/valgrind/vgpreload_memcheck-amd64-linux.so)
==12688==    by 0x739049: __mn_alloc (in /mnt/c/Users/Juan/Documents/GitHub/Mapanare/mapanare/self/mnc-stage1)
==12688==    by 0x739C2E: __mn_str_concat (in /mnt/c/Users/Juan/Documents/GitHub/Mapanare/mapanare/self/mnc-stage1)
==12688==    by 0x41FA94: lexer__scan_ident (in /mnt/c/Users/Juan/Documents/GitHub/Mapanare/mapanare/self/mnc-stage1)
==12688==    by 0x6A79C8F: ???
==12688==    by 0x8000000000000000: ???
==12688==    by 0x6A733D7: ???
==12688==    by 0x3: ???
==12688==    by 0x6: ???
==12688==    by 0x6A7751F: ???
==12688==    by 0x8000000000000000: ???
==12688==    by 0x3: ???
==12688==    by 0x2F: ???
==12688== 
==12688== 3 bytes in 1 blocks are definitely lost in loss record 166 of 853
==12688==    at 0x484D953: calloc (in /usr/libexec/valgrind/vgpreload_memcheck-amd64-linux.so)
==12688==    by 0x739049: __mn_alloc (in /mnt/c/Users/Juan/Documents/GitHub/Mapanare/mapanare/self/mnc-stage1)
==12688==    by 0x739C2E: __mn_str_concat (in /mnt/c/Users/Juan/Documents/GitHub/Mapanare/mapanare/self/mnc-stage1)
==12688==    by 0x41FA94: lexer__scan_ident (in /mnt/c/Users/Juan/Documents/GitHub/Mapanare/mapanare/self/mnc-stage1)
==12688==    by 0x6A7A77F: ???
==12688==    by 0x8000000000000000: ???
==12688==    by 0x6A733D7: ???
==12688==    by 0x11: ???
==12688==    by 0x6: ???
==12688==    by 0x6A7751F: ???
==12688==    by 0x8000000000000000: ???
==12688==    by 0x11: ???
==12688==    by 0x3D: ???
==12688== 
==12688== 3 bytes in 1 blocks are definitely lost in loss record 167 of 853
==12688==    at 0x484D953: calloc (in /usr/libexec/valgrind/vgpreload_memcheck-amd64-linux.so)
==12688==    by 0x739049: __mn_alloc (in /mnt/c/Users/Juan/Documents/GitHub/Mapanare/mapanare/self/mnc-stage1)
==12688==    by 0x739C2E: __mn_str_concat (in /mnt/c/Users/Juan/Documents/GitHub/Mapanare/mapanare/self/mnc-stage1)
==12688==    by 0x41FA94: lexer__scan_ident (in /mnt/c/Users/Juan/Documents/GitHub/Mapanare/mapanare/self/mnc-stage1)
==12688==    by 0x6A7B65F: ???
==12688==    by 0x8000000000000000: ???
==12688==    by 0x6A733D7: ???
==12688==    by 0x1B: ???
==12688==    by 0x6: ???
==12688==    by 0x6A7751F: ???
==12688==    by 0x8000000000000000: ???
==12688==    by 0x1B: ???
==12688==    by 0x47: ???
==12688== 
==12688== 3 bytes in 1 blocks are definitely lost in loss record 168 of 853
==12688==    at 0x484D953: calloc (in /usr/libexec/valgrind/vgpreload_memcheck-amd64-linux.so)
==12688==    by 0x739049: __mn_alloc (in /mnt/c/Users/Juan/Documents/GitHub/Mapanare/mapanare/self/mnc-stage1)
==12688==    by 0x739C2E: __mn_str_concat (in /mnt/c/Users/Juan/Documents/GitHub/Mapanare/mapanare/self/mnc-stage1)
==12688==    by 0x41FA94: lexer__scan_ident (in /mnt/c/Users/Juan/Documents/GitHub/Mapanare/mapanare/self/mnc-stage1)
==12688==    by 0x6A7BDDF: ???
==12688==    by 0x8000000000000000: ???
==12688==    by 0x6A733D7: ???
==12688==    by 0x4: ???
==12688==    by 0x7: ???
==12688==    by 0x6A7751F: ???
==12688==    by 0x8000000000000000: ???
==12688==    by 0x4: ???
==12688==    by 0x54: ???
==12688== 
==12688== 3 bytes in 1 blocks are definitely lost in loss record 169 of 853
==12688==    at 0x484D953: calloc (in /usr/libexec/valgrind/vgpreload_memcheck-amd64-linux.so)
==12688==    by 0x739049: __mn_alloc (in /mnt/c/Users/Juan/Documents/GitHub/Mapanare/mapanare/self/mnc-stage1)
==12688==    by 0x739C2E: __mn_str_concat (in /mnt/c/Users/Juan/Documents/GitHub/Mapanare/mapanare/self/mnc-stage1)
==12688==    by 0x41FA94: lexer__scan_ident (in /mnt/c/Users/Juan/Documents/GitHub/Mapanare/mapanare/self/mnc-stage1)
==12688==    by 0x6A7C7DF: ???
==12688==    by 0x8000000000000000: ???
==12688==    by 0x6A733D7: ???
==12688==    by 0x8: ???
==12688==    by 0x8: ???
==12688==    by 0x6A7751F: ???
==12688==    by 0x8000000000000000: ???
==12688==    by 0x8: ???
==12688==    by 0x66: ???
==12688== 
==12688== 3 bytes in 1 blocks are definitely lost in loss record 170 of 853
==12688==    at 0x484D953: calloc (in /usr/libexec/valgrind/vgpreload_memcheck-amd64-linux.so)
==12688==    by 0x739049: __mn_alloc (in /mnt/c/Users/Juan/Documents/GitHub/Mapanare/mapanare/self/mnc-stage1)
==12688==    by 0x739C2E: __mn_str_concat (in /mnt/c/Users/Juan/Documents/GitHub/Mapanare/mapanare/self/mnc-stage1)
==12688==    by 0x41FA94: lexer__scan_ident (in /mnt/c/Users/Juan/Documents/GitHub/Mapanare/mapanare/self/mnc-stage1)
==12688==    by 0x6A7CD7F: ???
==12688==    by 0x8000000000000000: ???
==12688==    by 0x6A733D7: ???
==12688==    by 0x11: ???
==12688==    by 0x8: ???
==12688==    by 0x6A7751F: ???
==12688==    by 0x8000000000000000: ???
==12688==    by 0x11: ???
==12688==    by 0x6F: ???
==12688== 
==12688== 3 bytes in 1 blocks are definitely lost in loss record 171 of 853
==12688==    at 0x484D953: calloc (in /usr/libexec/valgrind/vgpreload_memcheck-amd64-linux.so)
==12688==    by 0x739049: __mn_alloc (in /mnt/c/Users/Juan/Documents/GitHub/Mapanare/mapanare/self/mnc-stage1)
==12688==    by 0x739C2E: __mn_str_concat (in /mnt/c/Users/Juan/Documents/GitHub/Mapanare/mapanare/self/mnc-stage1)
==12688==    by 0x41FA94: lexer__scan_ident (in /mnt/c/Users/Juan/Documents/GitHub/Mapanare/mapanare/self/mnc-stage1)
==12688==    by 0x6A7DA4F: ???
==12688==    by 0x8000000000000000: ???
==12688==    by 0x6A733D7: ???
==12688==    by 0x8: ???
==12688==    by 0x9: ???
==12688==    by 0x6A7751F: ???
==12688==    by 0x8000000000000000: ???
==12688==    by 0x8: ???
==12688==    by 0x87: ???
==12688== 
==12688== 3 bytes in 1 blocks are definitely lost in loss record 172 of 853
==12688==    at 0x484D953: calloc (in /usr/libexec/valgrind/vgpreload_memcheck-amd64-linux.so)
==12688==    by 0x739049: __mn_alloc (in /mnt/c/Users/Juan/Documents/GitHub/Mapanare/mapanare/self/mnc-stage1)
==12688==    by 0x739C2E: __mn_str_concat (in /mnt/c/Users/Juan/Documents/GitHub/Mapanare/mapanare/self/mnc-stage1)
==12688==    by 0x41FA94: lexer__scan_ident (in /mnt/c/Users/Juan/Documents/GitHub/Mapanare/mapanare/self/mnc-stage1)
==12688==    by 0x6A7E12F: ???
==12688==    by 0x8000000000000000: ???
==12688==    by 0x6A733D7: ???
==12688==    by 0x13: ???
==12688==    by 0x9: ???
==12688==    by 0x6A7751F: ???
==12688==    by 0x8000000000000000: ???
==12688==    by 0x13: ???
==12688==    by 0x92: ???
==12688== 
==12688== 3 bytes in 1 blocks are definitely lost in loss record 173 of 853
==12688==    at 0x484D953: calloc (in /usr/libexec/valgrind/vgpreload_memcheck-amd64-linux.so)
==12688==    by 0x739049: __mn_alloc (in /mnt/c/Users/Juan/Documents/GitHub/Mapanare/mapanare/self/mnc-stage1)
==12688==    by 0x739C2E: __mn_str_concat (in /mnt/c/Users/Juan/Documents/GitHub/Mapanare/mapanare/self/mnc-stage1)
==12688==    by 0x41FA94: lexer__scan_ident (in /mnt/c/Users/Juan/Documents/GitHub/Mapanare/mapanare/self/mnc-stage1)
==12688==    by 0x6A7FF8F: ???
==12688==    by 0x8000000000000000: ???
==12688==    by 0x6A733D7: ???
==12688==    by 0x8: ???
==12688==    by 0xA: ???
==12688==    by 0x6A7751F: ???
==12688==    by 0x8000000000000000: ???
==12688==    by 0x8: ???
==12688==    by 0xAC: ???
==12688== 
==12688== 3 bytes in 1 blocks are definitely lost in loss record 174 of 853
==12688==    at 0x484D953: calloc (in /usr/libexec/valgrind/vgpreload_memcheck-amd64-linux.so)
==12688==    by 0x739049: __mn_alloc (in /mnt/c/Users/Juan/Documents/GitHub/Mapanare/mapanare/self/mnc-stage1)
==12688==    by 0x739C2E: __mn_str_concat (in /mnt/c/Users/Juan/Documents/GitHub/Mapanare/mapanare/self/mnc-stage1)
==12688==    by 0x41FA94: lexer__scan_ident (in /mnt/c/Users/Juan/Documents/GitHub/Mapanare/mapanare/self/mnc-stage1)
==12688==    by 0x6A805CF: ???
==12688==    by 0x8000000000000000: ???
==12688==    by 0x6A733D7: ???
==12688==    by 0x12: ???
==12688==    by 0xA: ???
==12688==    by 0x6A7751F: ???
==12688==    by 0x8000000000000000: ???
==12688==    by 0x12: ???
==12688==    by 0xB6: ???
==12688== 
==12688== 3 bytes in 1 blocks are definitely lost in loss record 175 of 853
==12688==    at 0x484D953: calloc (in /usr/libexec/valgrind/vgpreload_memcheck-amd64-linux.so)
==12688==    by 0x739049: __mn_alloc (in /mnt/c/Users/Juan/Documents/GitHub/Mapanare/mapanare/self/mnc-stage1)
==12688==    by 0x739C2E: __mn_str_concat (in /mnt/c/Users/Juan/Documents/GitHub/Mapanare/mapanare/self/mnc-stage1)
==12688==    by 0x41FA94: lexer__scan_ident (in /mnt/c/Users/Juan/Documents/GitHub/Mapanare/mapanare/self/mnc-stage1)
==12688==    by 0x6A8165F: ???
==12688==    by 0x8000000000000000: ???
==12688==    by 0x6A733D7: ???
==12688==    by 0x3: ???
==12688==    by 0xE: ???
==12688==    by 0x6A7751F: ???
==12688==    by 0x8000000000000000: ???
==12688==    by 0x3: ???
==12688==    by 0xD2: ???
==12688== 
==12688== 3 bytes in 1 blocks are definitely lost in loss record 176 of 853
==12688==    at 0x484D953: calloc (in /usr/libexec/valgrind/vgpreload_memcheck-amd64-linux.so)
==12688==    by 0x739049: __mn_alloc (in /mnt/c/Users/Juan/Documents/GitHub/Mapanare/mapanare/self/mnc-stage1)
==12688==    by 0x739C2E: __mn_str_concat (in /mnt/c/Users/Juan/Documents/GitHub/Mapanare/mapanare/self/mnc-stage1)
==12688==    by 0x41FA94: lexer__scan_ident (in /mnt/c/Users/Juan/Documents/GitHub/Mapanare/mapanare/self/mnc-stage1)
==12688==    by 0x6A81E7F: ???
==12688==    by 0x8000000000000000: ???
==12688==    by 0x6A733D7: ???
==12688==    by 0x4: ???
==12688==    by 0xF: ???
==12688==    by 0x6A7751F: ???
==12688==    by 0x8000000000000000: ???
==12688==    by 0x4: ???
==12688==    by 0xDF: ???
==12688== 
==12688== 3 bytes in 1 blocks are definitely lost in loss record 177 of 853
==12688==    at 0x484D953: calloc (in /usr/libexec/valgrind/vgpreload_memcheck-amd64-linux.so)
==12688==    by 0x739049: __mn_alloc (in /mnt/c/Users/Juan/Documents/GitHub/Mapanare/mapanare/self/mnc-stage1)
==12688==    by 0x739C2E: __mn_str_concat (in /mnt/c/Users/Juan/Documents/GitHub/Mapanare/mapanare/self/mnc-stage1)
==12688==    by 0x41FA94: lexer__scan_ident (in /mnt/c/Users/Juan/Documents/GitHub/Mapanare/mapanare/self/mnc-stage1)
==12688==    by 0x6A8250F: ???
==12688==    by 0x8000000000000000: ???
==12688==    by 0x6A733D7: ???
==12688==    by 0xC: ???
==12688==    by 0xF: ???
==12688==    by 0x6A7751F: ???
==12688==    by 0x8000000000000000: ???
==12688==    by 0xC: ???
==12688==    by 0xE7: ???
==12688== 
==12688== 3 bytes in 1 blocks are definitely lost in loss record 178 of 853
==12688==    at 0x484D953: calloc (in /usr/libexec/valgrind/vgpreload_memcheck-amd64-linux.so)
==12688==    by 0x739049: __mn_alloc (in /mnt/c/Users/Juan/Documents/GitHub/Mapanare/mapanare/self/mnc-stage1)
==12688==    by 0x739C2E: __mn_str_concat (in /mnt/c/Users/Juan/Documents/GitHub/Mapanare/mapanare/self/mnc-stage1)
==12688==    by 0x41FA94: lexer__scan_ident (in /mnt/c/Users/Juan/Documents/GitHub/Mapanare/mapanare/self/mnc-stage1)
==12688==    by 0x6A82AAF: ???
==12688==    by 0x8000000000000000: ???
==12688==    by 0x6A733D7: ???
==12688==    by 0x14: ???
==12688==    by 0xF: ???
==12688==    by 0x6A7751F: ???
==12688==    by 0x8000000000000000: ???
==12688==    by 0x14: ???
==12688==    by 0xEF: ???
==12688== 
==12688== 3 bytes in 1 blocks are definitely lost in loss record 179 of 853
==12688==    at 0x484D953: calloc (in /usr/libexec/valgrind/vgpreload_memcheck-amd64-linux.so)
==12688==    by 0x739049: __mn_alloc (in /mnt/c/Users/Juan/Documents/GitHub/Mapanare/mapanare/self/mnc-stage1)
==12688==    by 0x739C2E: __mn_str_concat (in /mnt/c/Users/Juan/Documents/GitHub/Mapanare/mapanare/self/mnc-stage1)
==12688==    by 0x41FA94: lexer__scan_ident (in /mnt/c/Users/Juan/Documents/GitHub/Mapanare/mapanare/self/mnc-stage1)
==12688==    by 0x6A82F0F: ???
==12688==    by 0x8000000000000000: ???
==12688==    by 0x6A733D7: ???
==12688==    by 0x4: ???
==12688==    by 0x10: ???
==12688==    by 0x6A7751F: ???
==12688==    by 0x8000000000000000: ???
==12688==    by 0x4: ???
==12688==    by 0xF7: ???
==12688== 
==12688== 3 bytes in 1 blocks are definitely lost in loss record 180 of 853
==12688==    at 0x484D953: calloc (in /usr/libexec/valgrind/vgpreload_memcheck-amd64-linux.so)
==12688==    by 0x739049: __mn_alloc (in /mnt/c/Users/Juan/Documents/GitHub/Mapanare/mapanare/self/mnc-stage1)
==12688==    by 0x739C2E: __mn_str_concat (in /mnt/c/Users/Juan/Documents/GitHub/Mapanare/mapanare/self/mnc-stage1)
==12688==    by 0x41FA94: lexer__scan_ident (in /mnt/c/Users/Juan/Documents/GitHub/Mapanare/mapanare/self/mnc-stage1)
==12688==    by 0x6A8359F: ???
==12688==    by 0x8000000000000000: ???
==12688==    by 0x6A733D7: ???
==12688==    by 0xC: ???
==12688==    by 0x10: ???
==12688==    by 0x6A7751F: ???
==12688==    by 0x8000000000000000: ???
==12688==    by 0xC: ???
==12688==    by 0xFF: ???
==12688== 
==12688== 3 bytes in 1 blocks are definitely lost in loss record 181 of 853
==12688==    at 0x484D953: calloc (in /usr/libexec/valgrind/vgpreload_memcheck-amd64-linux.so)
==12688==    by 0x739049: __mn_alloc (in /mnt/c/Users/Juan/Documents/GitHub/Mapanare/mapanare/self/mnc-stage1)
==12688==    by 0x739C2E: __mn_str_concat (in /mnt/c/Users/Juan/Documents/GitHub/Mapanare/mapanare/self/mnc-stage1)
==12688==    by 0x41FA94: lexer__scan_ident (in /mnt/c/Users/Juan/Documents/GitHub/Mapanare/mapanare/self/mnc-stage1)
==12688==    by 0x6A83B3F: ???
==12688==    by 0x8000000000000000: ???
==12688==    by 0x6A733D7: ???
==12688==    by 0x14: ???
==12688==    by 0x10: ???
==12688==    by 0x6A7751F: ???
==12688==    by 0x8000000000000000: ???
==12688==    by 0x14: ???
==12688==    by 0x107: ???
==12688== 
==12688== 3 bytes in 1 blocks are definitely lost in loss record 182 of 853
==12688==    at 0x484D953: calloc (in /usr/libexec/valgrind/vgpreload_memcheck-amd64-linux.so)
==12688==    by 0x739049: __mn_alloc (in /mnt/c/Users/Juan/Documents/GitHub/Mapanare/mapanare/self/mnc-stage1)
==12688==    by 0x739C2E: __mn_str_concat (in /mnt/c/Users/Juan/Documents/GitHub/Mapanare/mapanare/self/mnc-stage1)
==12688==    by 0x41FA94: lexer__scan_ident (in /mnt/c/Users/Juan/Documents/GitHub/Mapanare/mapanare/self/mnc-stage1)
==12688==    by 0x6A8403F: ???
==12688==    by 0x8000000000000000: ???
==12688==    by 0x6A733D7: ???
==12688==    by 0x4: ???
==12688==    by 0x11: ???
==12688==    by 0x6A7751F: ???
==12688==    by 0x8000000000000000: ???
==12688==    by 0x4: ???
==12688==    by 0x110: ???
==12688== 
==12688== 3 bytes in 1 blocks are definitely lost in loss record 183 of 853
==12688==    at 0x484D953: calloc (in /usr/libexec/valgrind/vgpreload_memcheck-amd64-linux.so)
==12688==    by 0x739049: __mn_alloc (in /mnt/c/Users/Juan/Documents/GitHub/Mapanare/mapanare/self/mnc-stage1)
==12688==    by 0x739C2E: __mn_str_concat (in /mnt/c/Users/Juan/Documents/GitHub/Mapanare/mapanare/self/mnc-stage1)
==12688==    by 0x41FA94: lexer__scan_ident (in /mnt/c/Users/Juan/Documents/GitHub/Mapanare/mapanare/self/mnc-stage1)
==12688==    by 0x6A8453F: ???
==12688==    by 0x8000000000000000: ???
==12688==    by 0x6A733D7: ???
==12688==    by 0xA: ???
==12688==    by 0x11: ???
==12688==    by 0x6A7751F: ???
==12688==    by 0x8000000000000000: ???
==12688==    by 0xA: ???
==12688==    by 0x116: ???
==12688== 
==12688== 3 bytes in 1 blocks are definitely lost in loss record 184 of 853
==12688==    at 0x484D953: calloc (in /usr/libexec/valgrind/vgpreload_memcheck-amd64-linux.so)
==12688==    by 0x739049: __mn_alloc (in /mnt/c/Users/Juan/Documents/GitHub/Mapanare/mapanare/self/mnc-stage1)
==12688==    by 0x739C2E: __mn_str_concat (in /mnt/c/Users/Juan/Documents/GitHub/Mapanare/mapanare/self/mnc-stage1)
==12688==    by 0x41FA94: lexer__scan_ident (in /mnt/c/Users/Juan/Documents/GitHub/Mapanare/mapanare/self/mnc-stage1)
==12688==    by 0x6A8734F: ???
==12688==    by 0x8000000000000000: ???
==12688==    by 0x6A733D7: ???
==12688==    by 0x4: ???
==12688==    by 0x12: ???
==12688==    by 0x6A7751F: ???
==12688==    by 0x8000000000000000: ???
==12688==    by 0x4: ???
==12688==    by 0x12A: ???
==12688== 
==12688== 3 bytes in 1 blocks are definitely lost in loss record 185 of 853
==12688==    at 0x484D953: calloc (in /usr/libexec/valgrind/vgpreload_memcheck-amd64-linux.so)
==12688==    by 0x739049: __mn_alloc (in /mnt/c/Users/Juan/Documents/GitHub/Mapanare/mapanare/self/mnc-stage1)
==12688==    by 0x739C2E: __mn_str_concat (in /mnt/c/Users/Juan/Documents/GitHub/Mapanare/mapanare/self/mnc-stage1)
==12688==    by 0x41FA94: lexer__scan_ident (in /mnt/c/Users/Juan/Documents/GitHub/Mapanare/mapanare/self/mnc-stage1)
==12688==    by 0x6A8784F: ???
==12688==    by 0x8000000000000000: ???
==12688==    by 0x6A733D7: ???
==12688==    by 0xA: ???
==12688==    by 0x12: ???
==12688==    by 0x6A7751F: ???
==12688==    by 0x8000000000000000: ???
==12688==    by 0xA: ???
==12688==    by 0x130: ???
==12688== 
==12688== 3 bytes in 1 blocks are definitely lost in loss record 186 of 853
==12688==    at 0x484D953: calloc (in /usr/libexec/valgrind/vgpreload_memcheck-amd64-linux.so)
==12688==    by 0x739049: __mn_alloc (in /mnt/c/Users/Juan/Documents/GitHub/Mapanare/mapanare/self/mnc-stage1)
==12688==    by 0x739C2E: __mn_str_concat (in /mnt/c/Users/Juan/Documents/GitHub/Mapanare/mapanare/self/mnc-stage1)
==12688==    by 0x4CE368: lower__bind_fn_params (in /mnt/c/Users/Juan/Documents/GitHub/Mapanare/mapanare/self/mnc-stage1)
==12688== 
==12688== 4 bytes in 1 blocks are indirectly lost in loss record 187 of 853
==12688==    at 0x484D953: calloc (in /usr/libexec/valgrind/vgpreload_memcheck-amd64-linux.so)
==12688==    by 0x739049: __mn_alloc (in /mnt/c/Users/Juan/Documents/GitHub/Mapanare/mapanare/self/mnc-stage1)
==12688==    by 0x739C2E: __mn_str_concat (in /mnt/c/Users/Juan/Documents/GitHub/Mapanare/mapanare/self/mnc-stage1)
==12688==    by 0x41FA94: lexer__scan_ident (in /mnt/c/Users/Juan/Documents/GitHub/Mapanare/mapanare/self/mnc-stage1)
==12688==    by 0x6A7852F: ???
==12688==    by 0x8000000000000001: ???
==12688==    by 0x6A733D7: ???
==12688==    by 0x4: ???
==12688==    by 0x1: ???
==12688==    by 0x6A7751F: ???
==12688==    by 0x8000000000000000: ???
==12688==    by 0x4: ???
==12688==    by 0x10: ???
==12688== 
==12688== 4 bytes in 1 blocks are indirectly lost in loss record 188 of 853
==12688==    at 0x484D953: calloc (in /usr/libexec/valgrind/vgpreload_memcheck-amd64-linux.so)
==12688==    by 0x739049: __mn_alloc (in /mnt/c/Users/Juan/Documents/GitHub/Mapanare/mapanare/self/mnc-stage1)
==12688==    by 0x739C2E: __mn_str_concat (in /mnt/c/Users/Juan/Documents/GitHub/Mapanare/mapanare/self/mnc-stage1)
==12688==    by 0x41FA94: lexer__scan_ident (in /mnt/c/Users/Juan/Documents/GitHub/Mapanare/mapanare/self/mnc-stage1)
==12688==    by 0x6A7C87F: ???
==12688==    by 0x8000000000000001: ???
==12688==    by 0x6A733D7: ???
==12688==    by 0x8: ???
==12688==    by 0x8: ???
==12688==    by 0x6A7751F: ???
==12688==    by 0x8000000000000000: ???
==12688==    by 0x8: ???
==12688==    by 0x66: ???
==12688== 
==12688== 4 bytes in 1 blocks are indirectly lost in loss record 189 of 853
==12688==    at 0x484D953: calloc (in /usr/libexec/valgrind/vgpreload_memcheck-amd64-linux.so)
==12688==    by 0x739049: __mn_alloc (in /mnt/c/Users/Juan/Documents/GitHub/Mapanare/mapanare/self/mnc-stage1)
==12688==    by 0x739C2E: __mn_str_concat (in /mnt/c/Users/Juan/Documents/GitHub/Mapanare/mapanare/self/mnc-stage1)
==12688==    by 0x41FA94: lexer__scan_ident (in /mnt/c/Users/Juan/Documents/GitHub/Mapanare/mapanare/self/mnc-stage1)
==12688==    by 0x6A81F1F: ???
==12688==    by 0x8000000000000001: ???
==12688==    by 0x6A733D7: ???
==12688==    by 0x4: ???
==12688==    by 0xF: ???
==12688==    by 0x6A7751F: ???
==12688==    by 0x8000000000000000: ???
==12688==    by 0x4: ???
==12688==    by 0xDF: ???
==12688== 
==12688== 4 bytes in 1 blocks are indirectly lost in loss record 190 of 853
==12688==    at 0x484D953: calloc (in /usr/libexec/valgrind/vgpreload_memcheck-amd64-linux.so)
==12688==    by 0x739049: __mn_alloc (in /mnt/c/Users/Juan/Documents/GitHub/Mapanare/mapanare/self/mnc-stage1)
==12688==    by 0x739C2E: __mn_str_concat (in /mnt/c/Users/Juan/Documents/GitHub/Mapanare/mapanare/self/mnc-stage1)
==12688==    by 0x41FA94: lexer__scan_ident (in /mnt/c/Users/Juan/Documents/GitHub/Mapanare/mapanare/self/mnc-stage1)
==12688==    by 0x6A82B4F: ???
==12688==    by 0x8000000000000001: ???
==12688==    by 0x6A733D7: ???
==12688==    by 0x14: ???
==12688==    by 0xF: ???
==12688==    by 0x6A7751F: ???
==12688==    by 0x8000000000000000: ???
==12688==    by 0x14: ???
==12688==    by 0xEF: ???
==12688== 
==12688== 4 bytes in 1 blocks are indirectly lost in loss record 191 of 853
==12688==    at 0x484D953: calloc (in /usr/libexec/valgrind/vgpreload_memcheck-amd64-linux.so)
==12688==    by 0x739049: __mn_alloc (in /mnt/c/Users/Juan/Documents/GitHub/Mapanare/mapanare/self/mnc-stage1)
==12688==    by 0x739C2E: __mn_str_concat (in /mnt/c/Users/Juan/Documents/GitHub/Mapanare/mapanare/self/mnc-stage1)
==12688==    by 0x41FA94: lexer__scan_ident (in /mnt/c/Users/Juan/Documents/GitHub/Mapanare/mapanare/self/mnc-stage1)
==12688==    by 0x6A82FAF: ???
==12688==    by 0x8000000000000001: ???
==12688==    by 0x6A733D7: ???
==12688==    by 0x4: ???
==12688==    by 0x10: ???
==12688==    by 0x6A7751F: ???
==12688==    by 0x8000000000000000: ???
==12688==    by 0x4: ???
==12688==    by 0xF7: ???
==12688== 
==12688== 4 bytes in 2 blocks are indirectly lost in loss record 192 of 853
==12688==    at 0x484D953: calloc (in /usr/libexec/valgrind/vgpreload_memcheck-amd64-linux.so)
==12688==    by 0x739049: __mn_alloc (in /mnt/c/Users/Juan/Documents/GitHub/Mapanare/mapanare/self/mnc-stage1)
==12688==    by 0x73980B: __mn_str_from_parts (in /mnt/c/Users/Juan/Documents/GitHub/Mapanare/mapanare/self/mnc-stage1)
==12688==    by 0x41FA94: lexer__scan_ident (in /mnt/c/Users/Juan/Documents/GitHub/Mapanare/mapanare/self/mnc-stage1)
==12688==    by 0x75156F: ??? (in /mnt/c/Users/Juan/Documents/GitHub/Mapanare/mapanare/self/mnc-stage1)
==12688== 
==12688== 4 bytes in 1 blocks are definitely lost in loss record 193 of 853
==12688==    at 0x484D953: calloc (in /usr/libexec/valgrind/vgpreload_memcheck-amd64-linux.so)
==12688==    by 0x739049: __mn_alloc (in /mnt/c/Users/Juan/Documents/GitHub/Mapanare/mapanare/self/mnc-stage1)
==12688==    by 0x739C2E: __mn_str_concat (in /mnt/c/Users/Juan/Documents/GitHub/Mapanare/mapanare/self/mnc-stage1)
==12688==    by 0x41FA94: lexer__scan_ident (in /mnt/c/Users/Juan/Documents/GitHub/Mapanare/mapanare/self/mnc-stage1)
==12688==    by 0x6A7783F: ???
==12688==    by 0x8000000000000001: ???
==12688==    by 0x6A733D7: ???
==12688== 
==12688== 4 bytes in 1 blocks are definitely lost in loss record 194 of 853
==12688==    at 0x484D953: calloc (in /usr/libexec/valgrind/vgpreload_memcheck-amd64-linux.so)
==12688==    by 0x739049: __mn_alloc (in /mnt/c/Users/Juan/Documents/GitHub/Mapanare/mapanare/self/mnc-stage1)
==12688==    by 0x739C2E: __mn_str_concat (in /mnt/c/Users/Juan/Documents/GitHub/Mapanare/mapanare/self/mnc-stage1)
==12688==    by 0x41FA94: lexer__scan_ident (in /mnt/c/Users/Juan/Documents/GitHub/Mapanare/mapanare/self/mnc-stage1)
==12688==    by 0x6A77E4F: ???
==12688==    by 0x8000000000000001: ???
==12688==    by 0x6A733D7: ???
==12688==    by 0x5: ???
==12688== 
==12688== 4 bytes in 1 blocks are definitely lost in loss record 195 of 853
==12688==    at 0x484D953: calloc (in /usr/libexec/valgrind/vgpreload_memcheck-amd64-linux.so)
==12688==    by 0x739049: __mn_alloc (in /mnt/c/Users/Juan/Documents/GitHub/Mapanare/mapanare/self/mnc-stage1)
==12688==    by 0x739C2E: __mn_str_concat (in /mnt/c/Users/Juan/Documents/GitHub/Mapanare/mapanare/self/mnc-stage1)
==12688==    by 0x41FA94: lexer__scan_ident (in /mnt/c/Users/Juan/Documents/GitHub/Mapanare/mapanare/self/mnc-stage1)
==12688==    by 0x6A78A7F: ???
==12688==    by 0x8000000000000001: ???
==12688==    by 0x6A733D7: ???
==12688==    by 0x4: ???
==12688==    by 0x2: ???
==12688==    by 0x6A7751F: ???
==12688==    by 0x8000000000000000: ???
==12688==    by 0x4: ???
==12688==    by 0x19: ???
==12688== 
==12688== 4 bytes in 1 blocks are definitely lost in loss record 196 of 853
==12688==    at 0x484D953: calloc (in /usr/libexec/valgrind/vgpreload_memcheck-amd64-linux.so)
==12688==    by 0x739049: __mn_alloc (in /mnt/c/Users/Juan/Documents/GitHub/Mapanare/mapanare/self/mnc-stage1)
==12688==    by 0x739C2E: __mn_str_concat (in /mnt/c/Users/Juan/Documents/GitHub/Mapanare/mapanare/self/mnc-stage1)
==12688==    by 0x41FA94: lexer__scan_ident (in /mnt/c/Users/Juan/Documents/GitHub/Mapanare/mapanare/self/mnc-stage1)
==12688==    by 0x6A7910F: ???
==12688==    by 0x8000000000000001: ???
==12688==    by 0x6A733D7: ???
==12688==    by 0x4: ???
==12688==    by 0x3: ???
==12688==    by 0x6A7751F: ???
==12688==    by 0x8000000000000000: ???
==12688==    by 0x4: ???
==12688==    by 0x24: ???
==12688== 
==12688== 4 bytes in 1 blocks are definitely lost in loss record 197 of 853
==12688==    at 0x484D953: calloc (in /usr/libexec/valgrind/vgpreload_memcheck-amd64-linux.so)
==12688==    by 0x739049: __mn_alloc (in /mnt/c/Users/Juan/Documents/GitHub/Mapanare/mapanare/self/mnc-stage1)
==12688==    by 0x739C2E: __mn_str_concat (in /mnt/c/Users/Juan/Documents/GitHub/Mapanare/mapanare/self/mnc-stage1)
==12688==    by 0x41FA94: lexer__scan_ident (in /mnt/c/Users/Juan/Documents/GitHub/Mapanare/mapanare/self/mnc-stage1)
==12688==    by 0x6A79D2F: ???
==12688==    by 0x8000000000000001: ???
==12688==    by 0x6A733D7: ???
==12688==    by 0x3: ???
==12688==    by 0x6: ???
==12688==    by 0x6A7751F: ???
==12688==    by 0x8000000000000000: ???
==12688==    by 0x3: ???
==12688==    by 0x2F: ???
==12688== 
==12688== 4 bytes in 1 blocks are definitely lost in loss record 198 of 853
==12688==    at 0x484D953: calloc (in /usr/libexec/valgrind/vgpreload_memcheck-amd64-linux.so)
==12688==    by 0x739049: __mn_alloc (in /mnt/c/Users/Juan/Documents/GitHub/Mapanare/mapanare/self/mnc-stage1)
==12688==    by 0x739C2E: __mn_str_concat (in /mnt/c/Users/Juan/Documents/GitHub/Mapanare/mapanare/self/mnc-stage1)
==12688==    by 0x41FA94: lexer__scan_ident (in /mnt/c/Users/Juan/Documents/GitHub/Mapanare/mapanare/self/mnc-stage1)
==12688==    by 0x6A7A81F: ???
==12688==    by 0x8000000000000001: ???
==12688==    by 0x6A733D7: ???
==12688==    by 0x11: ???
==12688==    by 0x6: ???
==12688==    by 0x6A7751F: ???
==12688==    by 0x8000000000000000: ???
==12688==    by 0x11: ???
==12688==    by 0x3D: ???
==12688== 
==12688== 4 bytes in 1 blocks are definitely lost in loss record 199 of 853
==12688==    at 0x484D953: calloc (in /usr/libexec/valgrind/vgpreload_memcheck-amd64-linux.so)
==12688==    by 0x739049: __mn_alloc (in /mnt/c/Users/Juan/Documents/GitHub/Mapanare/mapanare/self/mnc-stage1)
==12688==    by 0x739C2E: __mn_str_concat (in /mnt/c/Users/Juan/Documents/GitHub/Mapanare/mapanare/self/mnc-stage1)
==12688==    by 0x41FA94: lexer__scan_ident (in /mnt/c/Users/Juan/Documents/GitHub/Mapanare/mapanare/self/mnc-stage1)
==12688==    by 0x6A7B6FF: ???
==12688==    by 0x8000000000000001: ???
==12688==    by 0x6A733D7: ???
==12688==    by 0x1B: ???
==12688==    by 0x6: ???
==12688==    by 0x6A7751F: ???
==12688==    by 0x8000000000000000: ???
==12688==    by 0x1B: ???
==12688==    by 0x47: ???
==12688== 
==12688== 4 bytes in 1 blocks are definitely lost in loss record 200 of 853
==12688==    at 0x484D953: calloc (in /usr/libexec/valgrind/vgpreload_memcheck-amd64-linux.so)
==12688==    by 0x739049: __mn_alloc (in /mnt/c/Users/Juan/Documents/GitHub/Mapanare/mapanare/self/mnc-stage1)
==12688==    by 0x739C2E: __mn_str_concat (in /mnt/c/Users/Juan/Documents/GitHub/Mapanare/mapanare/self/mnc-stage1)
==12688==    by 0x41FA94: lexer__scan_ident (in /mnt/c/Users/Juan/Documents/GitHub/Mapanare/mapanare/self/mnc-stage1)
==12688==    by 0x6A7BE7F: ???
==12688==    by 0x8000000000000001: ???
==12688==    by 0x6A733D7: ???
==12688==    by 0x4: ???
==12688==    by 0x7: ???
==12688==    by 0x6A7751F: ???
==12688==    by 0x8000000000000000: ???
==12688==    by 0x4: ???
==12688==    by 0x54: ???
==12688== 
==12688== 4 bytes in 1 blocks are definitely lost in loss record 201 of 853
==12688==    at 0x484D953: calloc (in /usr/libexec/valgrind/vgpreload_memcheck-amd64-linux.so)
==12688==    by 0x739049: __mn_alloc (in /mnt/c/Users/Juan/Documents/GitHub/Mapanare/mapanare/self/mnc-stage1)
==12688==    by 0x739C2E: __mn_str_concat (in /mnt/c/Users/Juan/Documents/GitHub/Mapanare/mapanare/self/mnc-stage1)
==12688==    by 0x41FA94: lexer__scan_ident (in /mnt/c/Users/Juan/Documents/GitHub/Mapanare/mapanare/self/mnc-stage1)
==12688==    by 0x6A7CE1F: ???
==12688==    by 0x8000000000000001: ???
==12688==    by 0x6A733D7: ???
==12688==    by 0x11: ???
==12688==    by 0x8: ???
==12688==    by 0x6A7751F: ???
==12688==    by 0x8000000000000000: ???
==12688==    by 0x11: ???
==12688==    by 0x6F: ???
==12688== 
==12688== 4 bytes in 1 blocks are definitely lost in loss record 202 of 853
==12688==    at 0x484D953: calloc (in /usr/libexec/valgrind/vgpreload_memcheck-amd64-linux.so)
==12688==    by 0x739049: __mn_alloc (in /mnt/c/Users/Juan/Documents/GitHub/Mapanare/mapanare/self/mnc-stage1)
==12688==    by 0x739C2E: __mn_str_concat (in /mnt/c/Users/Juan/Documents/GitHub/Mapanare/mapanare/self/mnc-stage1)
==12688==    by 0x41FA94: lexer__scan_ident (in /mnt/c/Users/Juan/Documents/GitHub/Mapanare/mapanare/self/mnc-stage1)
==12688==    by 0x6A7DAEF: ???
==12688==    by 0x8000000000000001: ???
==12688==    by 0x6A733D7: ???
==12688==    by 0x8: ???
==12688==    by 0x9: ???
==12688==    by 0x6A7751F: ???
==12688==    by 0x8000000000000000: ???
==12688==    by 0x8: ???
==12688==    by 0x87: ???
==12688== 
==12688== 4 bytes in 1 blocks are definitely lost in loss record 203 of 853
==12688==    at 0x484D953: calloc (in /usr/libexec/valgrind/vgpreload_memcheck-amd64-linux.so)
==12688==    by 0x739049: __mn_alloc (in /mnt/c/Users/Juan/Documents/GitHub/Mapanare/mapanare/self/mnc-stage1)
==12688==    by 0x739C2E: __mn_str_concat (in /mnt/c/Users/Juan/Documents/GitHub/Mapanare/mapanare/self/mnc-stage1)
==12688==    by 0x41FA94: lexer__scan_ident (in /mnt/c/Users/Juan/Documents/GitHub/Mapanare/mapanare/self/mnc-stage1)
==12688==    by 0x6A7E1CF: ???
==12688==    by 0x8000000000000001: ???
==12688==    by 0x6A733D7: ???
==12688==    by 0x13: ???
==12688==    by 0x9: ???
==12688==    by 0x6A7751F: ???
==12688==    by 0x8000000000000000: ???
==12688==    by 0x13: ???
==12688==    by 0x92: ???
==12688== 
==12688== 4 bytes in 1 blocks are definitely lost in loss record 204 of 853
==12688==    at 0x484D953: calloc (in /usr/libexec/valgrind/vgpreload_memcheck-amd64-linux.so)
==12688==    by 0x739049: __mn_alloc (in /mnt/c/Users/Juan/Documents/GitHub/Mapanare/mapanare/self/mnc-stage1)
==12688==    by 0x739C2E: __mn_str_concat (in /mnt/c/Users/Juan/Documents/GitHub/Mapanare/mapanare/self/mnc-stage1)
==12688==    by 0x41FA94: lexer__scan_ident (in /mnt/c/Users/Juan/Documents/GitHub/Mapanare/mapanare/self/mnc-stage1)
==12688==    by 0x6A8002F: ???
==12688==    by 0x8000000000000001: ???
==12688==    by 0x6A733D7: ???
==12688==    by 0x8: ???
==12688==    by 0xA: ???
==12688==    by 0x6A7751F: ???
==12688==    by 0x8000000000000000: ???
==12688==    by 0x8: ???
==12688==    by 0xAC: ???
==12688== 
==12688== 4 bytes in 1 blocks are definitely lost in loss record 205 of 853
==12688==    at 0x484D953: calloc (in /usr/libexec/valgrind/vgpreload_memcheck-amd64-linux.so)
==12688==    by 0x739049: __mn_alloc (in /mnt/c/Users/Juan/Documents/GitHub/Mapanare/mapanare/self/mnc-stage1)
==12688==    by 0x739C2E: __mn_str_concat (in /mnt/c/Users/Juan/Documents/GitHub/Mapanare/mapanare/self/mnc-stage1)
==12688==    by 0x41FA94: lexer__scan_ident (in /mnt/c/Users/Juan/Documents/GitHub/Mapanare/mapanare/self/mnc-stage1)
==12688==    by 0x6A8066F: ???
==12688==    by 0x8000000000000001: ???
==12688==    by 0x6A733D7: ???
==12688==    by 0x12: ???
==12688==    by 0xA: ???
==12688==    by 0x6A7751F: ???
==12688==    by 0x8000000000000000: ???
==12688==    by 0x12: ???
==12688==    by 0xB6: ???
==12688== 
==12688== 4 bytes in 1 blocks are definitely lost in loss record 206 of 853
==12688==    at 0x484D953: calloc (in /usr/libexec/valgrind/vgpreload_memcheck-amd64-linux.so)
==12688==    by 0x739049: __mn_alloc (in /mnt/c/Users/Juan/Documents/GitHub/Mapanare/mapanare/self/mnc-stage1)
==12688==    by 0x739C2E: __mn_str_concat (in /mnt/c/Users/Juan/Documents/GitHub/Mapanare/mapanare/self/mnc-stage1)
==12688==    by 0x41FA94: lexer__scan_ident (in /mnt/c/Users/Juan/Documents/GitHub/Mapanare/mapanare/self/mnc-stage1)
==12688==    by 0x6A816FF: ???
==12688==    by 0x8000000000000001: ???
==12688==    by 0x6A733D7: ???
==12688==    by 0x3: ???
==12688==    by 0xE: ???
==12688==    by 0x6A7751F: ???
==12688==    by 0x8000000000000000: ???
==12688==    by 0x3: ???
==12688==    by 0xD2: ???
==12688== 
==12688== 4 bytes in 1 blocks are definitely lost in loss record 207 of 853
==12688==    at 0x484D953: calloc (in /usr/libexec/valgrind/vgpreload_memcheck-amd64-linux.so)
==12688==    by 0x739049: __mn_alloc (in /mnt/c/Users/Juan/Documents/GitHub/Mapanare/mapanare/self/mnc-stage1)
==12688==    by 0x739C2E: __mn_str_concat (in /mnt/c/Users/Juan/Documents/GitHub/Mapanare/mapanare/self/mnc-stage1)
==12688==    by 0x41FA94: lexer__scan_ident (in /mnt/c/Users/Juan/Documents/GitHub/Mapanare/mapanare/self/mnc-stage1)
==12688==    by 0x6A825AF: ???
==12688==    by 0x8000000000000001: ???
==12688==    by 0x6A733D7: ???
==12688==    by 0xC: ???
==12688==    by 0xF: ???
==12688==    by 0x6A7751F: ???
==12688==    by 0x8000000000000000: ???
==12688==    by 0xC: ???
==12688==    by 0xE7: ???
==12688== 
==12688== 4 bytes in 1 blocks are definitely lost in loss record 208 of 853
==12688==    at 0x484D953: calloc (in /usr/libexec/valgrind/vgpreload_memcheck-amd64-linux.so)
==12688==    by 0x739049: __mn_alloc (in /mnt/c/Users/Juan/Documents/GitHub/Mapanare/mapanare/self/mnc-stage1)
==12688==    by 0x739C2E: __mn_str_concat (in /mnt/c/Users/Juan/Documents/GitHub/Mapanare/mapanare/self/mnc-stage1)
==12688==    by 0x41FA94: lexer__scan_ident (in /mnt/c/Users/Juan/Documents/GitHub/Mapanare/mapanare/self/mnc-stage1)
==12688==    by 0x6A8363F: ???
==12688==    by 0x8000000000000001: ???
==12688==    by 0x6A733D7: ???
==12688==    by 0xC: ???
==12688==    by 0x10: ???
==12688==    by 0x6A7751F: ???
==12688==    by 0x8000000000000000: ???
==12688==    by 0xC: ???
==12688==    by 0xFF: ???
==12688== 
==12688== 4 bytes in 1 blocks are definitely lost in loss record 209 of 853
==12688==    at 0x484D953: calloc (in /usr/libexec/valgrind/vgpreload_memcheck-amd64-linux.so)
==12688==    by 0x739049: __mn_alloc (in /mnt/c/Users/Juan/Documents/GitHub/Mapanare/mapanare/self/mnc-stage1)
==12688==    by 0x739C2E: __mn_str_concat (in /mnt/c/Users/Juan/Documents/GitHub/Mapanare/mapanare/self/mnc-stage1)
==12688==    by 0x41FA94: lexer__scan_ident (in /mnt/c/Users/Juan/Documents/GitHub/Mapanare/mapanare/self/mnc-stage1)
==12688==    by 0x6A83BDF: ???
==12688==    by 0x8000000000000001: ???
==12688==    by 0x6A733D7: ???
==12688==    by 0x14: ???
==12688==    by 0x10: ???
==12688==    by 0x6A7751F: ???
==12688==    by 0x8000000000000000: ???
==12688==    by 0x14: ???
==12688==    by 0x107: ???
==12688== 
==12688== 4 bytes in 1 blocks are definitely lost in loss record 210 of 853
==12688==    at 0x484D953: calloc (in /usr/libexec/valgrind/vgpreload_memcheck-amd64-linux.so)
==12688==    by 0x739049: __mn_alloc (in /mnt/c/Users/Juan/Documents/GitHub/Mapanare/mapanare/self/mnc-stage1)
==12688==    by 0x739C2E: __mn_str_concat (in /mnt/c/Users/Juan/Documents/GitHub/Mapanare/mapanare/self/mnc-stage1)
==12688==    by 0x41FA94: lexer__scan_ident (in /mnt/c/Users/Juan/Documents/GitHub/Mapanare/mapanare/self/mnc-stage1)
==12688==    by 0x6A840DF: ???
==12688==    by 0x8000000000000001: ???
==12688==    by 0x6A733D7: ???
==12688==    by 0x4: ???
==12688==    by 0x11: ???
==12688==    by 0x6A7751F: ???
==12688==    by 0x8000000000000000: ???
==12688==    by 0x4: ???
==12688==    by 0x110: ???
==12688== 
==12688== 4 bytes in 1 blocks are definitely lost in loss record 211 of 853
==12688==    at 0x484D953: calloc (in /usr/libexec/valgrind/vgpreload_memcheck-amd64-linux.so)
==12688==    by 0x739049: __mn_alloc (in /mnt/c/Users/Juan/Documents/GitHub/Mapanare/mapanare/self/mnc-stage1)
==12688==    by 0x739C2E: __mn_str_concat (in /mnt/c/Users/Juan/Documents/GitHub/Mapanare/mapanare/self/mnc-stage1)
==12688==    by 0x41FA94: lexer__scan_ident (in /mnt/c/Users/Juan/Documents/GitHub/Mapanare/mapanare/self/mnc-stage1)
==12688==    by 0x6A845DF: ???
==12688==    by 0x8000000000000001: ???
==12688==    by 0x6A733D7: ???
==12688==    by 0xA: ???
==12688==    by 0x11: ???
==12688==    by 0x6A7751F: ???
==12688==    by 0x8000000000000000: ???
==12688==    by 0xA: ???
==12688==    by 0x116: ???
==12688== 
==12688== 4 bytes in 1 blocks are definitely lost in loss record 212 of 853
==12688==    at 0x484D953: calloc (in /usr/libexec/valgrind/vgpreload_memcheck-amd64-linux.so)
==12688==    by 0x739049: __mn_alloc (in /mnt/c/Users/Juan/Documents/GitHub/Mapanare/mapanare/self/mnc-stage1)
==12688==    by 0x739C2E: __mn_str_concat (in /mnt/c/Users/Juan/Documents/GitHub/Mapanare/mapanare/self/mnc-stage1)
==12688==    by 0x41FA94: lexer__scan_ident (in /mnt/c/Users/Juan/Documents/GitHub/Mapanare/mapanare/self/mnc-stage1)
==12688==    by 0x6A873EF: ???
==12688==    by 0x8000000000000001: ???
==12688==    by 0x6A733D7: ???
==12688==    by 0x4: ???
==12688==    by 0x12: ???
==12688==    by 0x6A7751F: ???
==12688==    by 0x8000000000000000: ???
==12688==    by 0x4: ???
==12688==    by 0x12A: ???
==12688== 
==12688== 4 bytes in 1 blocks are definitely lost in loss record 213 of 853
==12688==    at 0x484D953: calloc (in /usr/libexec/valgrind/vgpreload_memcheck-amd64-linux.so)
==12688==    by 0x739049: __mn_alloc (in /mnt/c/Users/Juan/Documents/GitHub/Mapanare/mapanare/self/mnc-stage1)
==12688==    by 0x739C2E: __mn_str_concat (in /mnt/c/Users/Juan/Documents/GitHub/Mapanare/mapanare/self/mnc-stage1)
==12688==    by 0x41FA94: lexer__scan_ident (in /mnt/c/Users/Juan/Documents/GitHub/Mapanare/mapanare/self/mnc-stage1)
==12688==    by 0x6A878EF: ???
==12688==    by 0x8000000000000001: ???
==12688==    by 0x6A733D7: ???
==12688==    by 0xA: ???
==12688==    by 0x12: ???
==12688==    by 0x6A7751F: ???
==12688==    by 0x8000000000000000: ???
==12688==    by 0xA: ???
==12688==    by 0x130: ???
==12688== 
==12688== 4 bytes in 1 blocks are definitely lost in loss record 214 of 853
==12688==    at 0x484D953: calloc (in /usr/libexec/valgrind/vgpreload_memcheck-amd64-linux.so)
==12688==    by 0x739049: __mn_alloc (in /mnt/c/Users/Juan/Documents/GitHub/Mapanare/mapanare/self/mnc-stage1)
==12688==    by 0x73980B: __mn_str_from_parts (in /mnt/c/Users/Juan/Documents/GitHub/Mapanare/mapanare/self/mnc-stage1)
==12688==    by 0x413E5E: file_extension (in /mnt/c/Users/Juan/Documents/GitHub/Mapanare/mapanare/self/mnc-stage1)
==12688==    by 0x8000000000000011: ???
==12688== 
==12688== 4 bytes in 2 blocks are definitely lost in loss record 215 of 853
==12688==    at 0x484D953: calloc (in /usr/libexec/valgrind/vgpreload_memcheck-amd64-linux.so)
==12688==    by 0x739049: __mn_alloc (in /mnt/c/Users/Juan/Documents/GitHub/Mapanare/mapanare/self/mnc-stage1)
==12688==    by 0x73980B: __mn_str_from_parts (in /mnt/c/Users/Juan/Documents/GitHub/Mapanare/mapanare/self/mnc-stage1)
==12688==    by 0x431688: parser__has_interpolation (in /mnt/c/Users/Juan/Documents/GitHub/Mapanare/mapanare/self/mnc-stage1)
==12688==    by 0x8000000000000000: ???
==12688==    by 0x580053FF: ??? (in /usr/libexec/valgrind/memcheck-amd64-linux)
==12688==    by 0xF: ???
==12688==    by 0x9: ???
==12688==    by 0x7F: ???
==12688==    by 0x4B: ???
==12688==    by 0x8000000000000003: ???
==12688==    by 0x6A80CAF: ???
==12688==    by 0x6A84C7F: ???
==12688==    by 0x432BDF: parser__parse_atom (in /mnt/c/Users/Juan/Documents/GitHub/Mapanare/mapanare/self/mnc-stage1)
==12688== 
==12688== 4 bytes in 2 blocks are definitely lost in loss record 216 of 853
==12688==    at 0x484D953: calloc (in /usr/libexec/valgrind/vgpreload_memcheck-amd64-linux.so)
==12688==    by 0x739049: __mn_alloc (in /mnt/c/Users/Juan/Documents/GitHub/Mapanare/mapanare/self/mnc-stage1)
==12688==    by 0x73980B: __mn_str_from_parts (in /mnt/c/Users/Juan/Documents/GitHub/Mapanare/mapanare/self/mnc-stage1)
==12688==    by 0x413E27: file_extension (in /mnt/c/Users/Juan/Documents/GitHub/Mapanare/mapanare/self/mnc-stage1)
==12688==    by 0x8000000000000011: ???
==12688== 
==12688== 5 bytes in 1 blocks are indirectly lost in loss record 217 of 853
==12688==    at 0x484D953: calloc (in /usr/libexec/valgrind/vgpreload_memcheck-amd64-linux.so)
==12688==    by 0x739049: __mn_alloc (in /mnt/c/Users/Juan/Documents/GitHub/Mapanare/mapanare/self/mnc-stage1)
==12688==    by 0x739C2E: __mn_str_concat (in /mnt/c/Users/Juan/Documents/GitHub/Mapanare/mapanare/self/mnc-stage1)
==12688==    by 0x41FA94: lexer__scan_ident (in /mnt/c/Users/Juan/Documents/GitHub/Mapanare/mapanare/self/mnc-stage1)
==12688==    by 0x6A778DF: ???
==12688==    by 0x8000000000000002: ???
==12688==    by 0x6A733D7: ???
==12688== 
==12688== 5 bytes in 1 blocks are indirectly lost in loss record 218 of 853
==12688==    at 0x484D953: calloc (in /usr/libexec/valgrind/vgpreload_memcheck-amd64-linux.so)
==12688==    by 0x739049: __mn_alloc (in /mnt/c/Users/Juan/Documents/GitHub/Mapanare/mapanare/self/mnc-stage1)
==12688==    by 0x739C2E: __mn_str_concat (in /mnt/c/Users/Juan/Documents/GitHub/Mapanare/mapanare/self/mnc-stage1)
==12688==    by 0x41FA94: lexer__scan_ident (in /mnt/c/Users/Juan/Documents/GitHub/Mapanare/mapanare/self/mnc-stage1)
==12688==    by 0x6A791AF: ???
==12688==    by 0x8000000000000002: ???
==12688==    by 0x6A733D7: ???
==12688==    by 0x4: ???
==12688==    by 0x3: ???
==12688==    by 0x6A7751F: ???
==12688==    by 0x8000000000000000: ???
==12688==    by 0x4: ???
==12688==    by 0x24: ???
==12688== 
==12688== 5 bytes in 1 blocks are indirectly lost in loss record 219 of 853
==12688==    at 0x484D953: calloc (in /usr/libexec/valgrind/vgpreload_memcheck-amd64-linux.so)
==12688==    by 0x739049: __mn_alloc (in /mnt/c/Users/Juan/Documents/GitHub/Mapanare/mapanare/self/mnc-stage1)
==12688==    by 0x739C2E: __mn_str_concat (in /mnt/c/Users/Juan/Documents/GitHub/Mapanare/mapanare/self/mnc-stage1)
==12688==    by 0x41FA94: lexer__scan_ident (in /mnt/c/Users/Juan/Documents/GitHub/Mapanare/mapanare/self/mnc-stage1)
==12688==    by 0x6A800CF: ???
==12688==    by 0x8000000000000002: ???
==12688==    by 0x6A733D7: ???
==12688==    by 0x8: ???
==12688==    by 0xA: ???
==12688==    by 0x6A7751F: ???
==12688==    by 0x8000000000000000: ???
==12688==    by 0x8: ???
==12688==    by 0xAC: ???
==12688== 
==12688== 5 bytes in 1 blocks are indirectly lost in loss record 220 of 853
==12688==    at 0x484D953: calloc (in /usr/libexec/valgrind/vgpreload_memcheck-amd64-linux.so)
==12688==    by 0x739049: __mn_alloc (in /mnt/c/Users/Juan/Documents/GitHub/Mapanare/mapanare/self/mnc-stage1)
==12688==    by 0x739C2E: __mn_str_concat (in /mnt/c/Users/Juan/Documents/GitHub/Mapanare/mapanare/self/mnc-stage1)
==12688==    by 0x41FA94: lexer__scan_ident (in /mnt/c/Users/Juan/Documents/GitHub/Mapanare/mapanare/self/mnc-stage1)
==12688==    by 0x6A8179F: ???
==12688==    by 0x8000000000000002: ???
==12688==    by 0x6A733D7: ???
==12688==    by 0x3: ???
==12688==    by 0xE: ???
==12688==    by 0x6A7751F: ???
==12688==    by 0x8000000000000000: ???
==12688==    by 0x3: ???
==12688==    by 0xD2: ???
==12688== 
==12688== 5 bytes in 1 blocks are indirectly lost in loss record 221 of 853
==12688==    at 0x484D953: calloc (in /usr/libexec/valgrind/vgpreload_memcheck-amd64-linux.so)
==12688==    by 0x739049: __mn_alloc (in /mnt/c/Users/Juan/Documents/GitHub/Mapanare/mapanare/self/mnc-stage1)
==12688==    by 0x739C2E: __mn_str_concat (in /mnt/c/Users/Juan/Documents/GitHub/Mapanare/mapanare/self/mnc-stage1)
==12688==    by 0x41FA94: lexer__scan_ident (in /mnt/c/Users/Juan/Documents/GitHub/Mapanare/mapanare/self/mnc-stage1)
==12688==    by 0x6A83C7F: ???
==12688==    by 0x8000000000000002: ???
==12688==    by 0x6A733D7: ???
==12688==    by 0x14: ???
==12688==    by 0x10: ???
==12688==    by 0x6A7751F: ???
==12688==    by 0x8000000000000000: ???
==12688==    by 0x14: ???
==12688==    by 0x107: ???
==12688== 
==12688== 5 bytes in 1 blocks are definitely lost in loss record 222 of 853
==12688==    at 0x484D953: calloc (in /usr/libexec/valgrind/vgpreload_memcheck-amd64-linux.so)
==12688==    by 0x739049: __mn_alloc (in /mnt/c/Users/Juan/Documents/GitHub/Mapanare/mapanare/self/mnc-stage1)
==12688==    by 0x739C2E: __mn_str_concat (in /mnt/c/Users/Juan/Documents/GitHub/Mapanare/mapanare/self/mnc-stage1)
==12688==    by 0x41FA94: lexer__scan_ident (in /mnt/c/Users/Juan/Documents/GitHub/Mapanare/mapanare/self/mnc-stage1)
==12688==    by 0x6A77EEF: ???
==12688==    by 0x8000000000000002: ???
==12688==    by 0x6A733D7: ???
==12688==    by 0x5: ???
==12688== 
==12688== 5 bytes in 1 blocks are definitely lost in loss record 223 of 853
==12688==    at 0x484D953: calloc (in /usr/libexec/valgrind/vgpreload_memcheck-amd64-linux.so)
==12688==    by 0x739049: __mn_alloc (in /mnt/c/Users/Juan/Documents/GitHub/Mapanare/mapanare/self/mnc-stage1)
==12688==    by 0x739C2E: __mn_str_concat (in /mnt/c/Users/Juan/Documents/GitHub/Mapanare/mapanare/self/mnc-stage1)
==12688==    by 0x41FA94: lexer__scan_ident (in /mnt/c/Users/Juan/Documents/GitHub/Mapanare/mapanare/self/mnc-stage1)
==12688==    by 0x6A78B1F: ???
==12688==    by 0x8000000000000002: ???
==12688==    by 0x6A733D7: ???
==12688==    by 0x4: ???
==12688==    by 0x2: ???
==12688==    by 0x6A7751F: ???
==12688==    by 0x8000000000000000: ???
==12688==    by 0x4: ???
==12688==    by 0x19: ???
==12688== 
==12688== 5 bytes in 1 blocks are definitely lost in loss record 224 of 853
==12688==    at 0x484D953: calloc (in /usr/libexec/valgrind/vgpreload_memcheck-amd64-linux.so)
==12688==    by 0x739049: __mn_alloc (in /mnt/c/Users/Juan/Documents/GitHub/Mapanare/mapanare/self/mnc-stage1)
==12688==    by 0x739C2E: __mn_str_concat (in /mnt/c/Users/Juan/Documents/GitHub/Mapanare/mapanare/self/mnc-stage1)
==12688==    by 0x41FA94: lexer__scan_ident (in /mnt/c/Users/Juan/Documents/GitHub/Mapanare/mapanare/self/mnc-stage1)
==12688==    by 0x6A79DCF: ???
==12688==    by 0x8000000000000002: ???
==12688==    by 0x6A733D7: ???
==12688==    by 0x3: ???
==12688==    by 0x6: ???
==12688==    by 0x6A7751F: ???
==12688==    by 0x8000000000000000: ???
==12688==    by 0x3: ???
==12688==    by 0x2F: ???
==12688== 
==12688== 5 bytes in 1 blocks are definitely lost in loss record 225 of 853
==12688==    at 0x484D953: calloc (in /usr/libexec/valgrind/vgpreload_memcheck-amd64-linux.so)
==12688==    by 0x739049: __mn_alloc (in /mnt/c/Users/Juan/Documents/GitHub/Mapanare/mapanare/self/mnc-stage1)
==12688==    by 0x739C2E: __mn_str_concat (in /mnt/c/Users/Juan/Documents/GitHub/Mapanare/mapanare/self/mnc-stage1)
==12688==    by 0x41FA94: lexer__scan_ident (in /mnt/c/Users/Juan/Documents/GitHub/Mapanare/mapanare/self/mnc-stage1)
==12688==    by 0x6A7A8BF: ???
==12688==    by 0x8000000000000002: ???
==12688==    by 0x6A733D7: ???
==12688==    by 0x11: ???
==12688==    by 0x6: ???
==12688==    by 0x6A7751F: ???
==12688==    by 0x8000000000000000: ???
==12688==    by 0x11: ???
==12688==    by 0x3D: ???
==12688== 
==12688== 5 bytes in 1 blocks are definitely lost in loss record 226 of 853
==12688==    at 0x484D953: calloc (in /usr/libexec/valgrind/vgpreload_memcheck-amd64-linux.so)
==12688==    by 0x739049: __mn_alloc (in /mnt/c/Users/Juan/Documents/GitHub/Mapanare/mapanare/self/mnc-stage1)
==12688==    by 0x739C2E: __mn_str_concat (in /mnt/c/Users/Juan/Documents/GitHub/Mapanare/mapanare/self/mnc-stage1)
==12688==    by 0x41FA94: lexer__scan_ident (in /mnt/c/Users/Juan/Documents/GitHub/Mapanare/mapanare/self/mnc-stage1)
==12688==    by 0x6A7B79F: ???
==12688==    by 0x8000000000000002: ???
==12688==    by 0x6A733D7: ???
==12688==    by 0x1B: ???
==12688==    by 0x6: ???
==12688==    by 0x6A7751F: ???
==12688==    by 0x8000000000000000: ???
==12688==    by 0x1B: ???
==12688==    by 0x47: ???
==12688== 
==12688== 5 bytes in 1 blocks are definitely lost in loss record 227 of 853
==12688==    at 0x484D953: calloc (in /usr/libexec/valgrind/vgpreload_memcheck-amd64-linux.so)
==12688==    by 0x739049: __mn_alloc (in /mnt/c/Users/Juan/Documents/GitHub/Mapanare/mapanare/self/mnc-stage1)
==12688==    by 0x739C2E: __mn_str_concat (in /mnt/c/Users/Juan/Documents/GitHub/Mapanare/mapanare/self/mnc-stage1)
==12688==    by 0x41FA94: lexer__scan_ident (in /mnt/c/Users/Juan/Documents/GitHub/Mapanare/mapanare/self/mnc-stage1)
==12688==    by 0x6A7BF1F: ???
==12688==    by 0x8000000000000002: ???
==12688==    by 0x6A733D7: ???
==12688==    by 0x4: ???
==12688==    by 0x7: ???
==12688==    by 0x6A7751F: ???
==12688==    by 0x8000000000000000: ???
==12688==    by 0x4: ???
==12688==    by 0x54: ???
==12688== 
==12688== 5 bytes in 1 blocks are definitely lost in loss record 228 of 853
==12688==    at 0x484D953: calloc (in /usr/libexec/valgrind/vgpreload_memcheck-amd64-linux.so)
==12688==    by 0x739049: __mn_alloc (in /mnt/c/Users/Juan/Documents/GitHub/Mapanare/mapanare/self/mnc-stage1)
==12688==    by 0x739C2E: __mn_str_concat (in /mnt/c/Users/Juan/Documents/GitHub/Mapanare/mapanare/self/mnc-stage1)
==12688==    by 0x41FA94: lexer__scan_ident (in /mnt/c/Users/Juan/Documents/GitHub/Mapanare/mapanare/self/mnc-stage1)
==12688==    by 0x6A7CEBF: ???
==12688==    by 0x8000000000000002: ???
==12688==    by 0x6A733D7: ???
==12688==    by 0x11: ???
==12688==    by 0x8: ???
==12688==    by 0x6A7751F: ???
==12688==    by 0x8000000000000000: ???
==12688==    by 0x11: ???
==12688==    by 0x6F: ???
==12688== 
==12688== 5 bytes in 1 blocks are definitely lost in loss record 229 of 853
==12688==    at 0x484D953: calloc (in /usr/libexec/valgrind/vgpreload_memcheck-amd64-linux.so)
==12688==    by 0x739049: __mn_alloc (in /mnt/c/Users/Juan/Documents/GitHub/Mapanare/mapanare/self/mnc-stage1)
==12688==    by 0x739C2E: __mn_str_concat (in /mnt/c/Users/Juan/Documents/GitHub/Mapanare/mapanare/self/mnc-stage1)
==12688==    by 0x41FA94: lexer__scan_ident (in /mnt/c/Users/Juan/Documents/GitHub/Mapanare/mapanare/self/mnc-stage1)
==12688==    by 0x6A7DB8F: ???
==12688==    by 0x8000000000000002: ???
==12688==    by 0x6A733D7: ???
==12688==    by 0x8: ???
==12688==    by 0x9: ???
==12688==    by 0x6A7751F: ???
==12688==    by 0x8000000000000000: ???
==12688==    by 0x8: ???
==12688==    by 0x87: ???
==12688== 
==12688== 5 bytes in 1 blocks are definitely lost in loss record 230 of 853
==12688==    at 0x484D953: calloc (in /usr/libexec/valgrind/vgpreload_memcheck-amd64-linux.so)
==12688==    by 0x739049: __mn_alloc (in /mnt/c/Users/Juan/Documents/GitHub/Mapanare/mapanare/self/mnc-stage1)
==12688==    by 0x739C2E: __mn_str_concat (in /mnt/c/Users/Juan/Documents/GitHub/Mapanare/mapanare/self/mnc-stage1)
==12688==    by 0x41FA94: lexer__scan_ident (in /mnt/c/Users/Juan/Documents/GitHub/Mapanare/mapanare/self/mnc-stage1)
==12688==    by 0x6A7E26F: ???
==12688==    by 0x8000000000000002: ???
==12688==    by 0x6A733D7: ???
==12688==    by 0x13: ???
==12688==    by 0x9: ???
==12688==    by 0x6A7751F: ???
==12688==    by 0x8000000000000000: ???
==12688==    by 0x13: ???
==12688==    by 0x92: ???
==12688== 
==12688== 5 bytes in 1 blocks are definitely lost in loss record 231 of 853
==12688==    at 0x484D953: calloc (in /usr/libexec/valgrind/vgpreload_memcheck-amd64-linux.so)
==12688==    by 0x739049: __mn_alloc (in /mnt/c/Users/Juan/Documents/GitHub/Mapanare/mapanare/self/mnc-stage1)
==12688==    by 0x739C2E: __mn_str_concat (in /mnt/c/Users/Juan/Documents/GitHub/Mapanare/mapanare/self/mnc-stage1)
==12688==    by 0x41FA94: lexer__scan_ident (in /mnt/c/Users/Juan/Documents/GitHub/Mapanare/mapanare/self/mnc-stage1)
==12688==    by 0x6A8070F: ???
==12688==    by 0x8000000000000002: ???
==12688==    by 0x6A733D7: ???
==12688==    by 0x12: ???
==12688==    by 0xA: ???
==12688==    by 0x6A7751F: ???
==12688==    by 0x8000000000000000: ???
==12688==    by 0x12: ???
==12688==    by 0xB6: ???
==12688== 
==12688== 5 bytes in 1 blocks are definitely lost in loss record 232 of 853
==12688==    at 0x484D953: calloc (in /usr/libexec/valgrind/vgpreload_memcheck-amd64-linux.so)
==12688==    by 0x739049: __mn_alloc (in /mnt/c/Users/Juan/Documents/GitHub/Mapanare/mapanare/self/mnc-stage1)
==12688==    by 0x739C2E: __mn_str_concat (in /mnt/c/Users/Juan/Documents/GitHub/Mapanare/mapanare/self/mnc-stage1)
==12688==    by 0x41FA94: lexer__scan_ident (in /mnt/c/Users/Juan/Documents/GitHub/Mapanare/mapanare/self/mnc-stage1)
==12688==    by 0x6A8264F: ???
==12688==    by 0x8000000000000002: ???
==12688==    by 0x6A733D7: ???
==12688==    by 0xC: ???
==12688==    by 0xF: ???
==12688==    by 0x6A7751F: ???
==12688==    by 0x8000000000000000: ???
==12688==    by 0xC: ???
==12688==    by 0xE7: ???
==12688== 
==12688== 5 bytes in 1 blocks are definitely lost in loss record 233 of 853
==12688==    at 0x484D953: calloc (in /usr/libexec/valgrind/vgpreload_memcheck-amd64-linux.so)
==12688==    by 0x739049: __mn_alloc (in /mnt/c/Users/Juan/Documents/GitHub/Mapanare/mapanare/self/mnc-stage1)
==12688==    by 0x739C2E: __mn_str_concat (in /mnt/c/Users/Juan/Documents/GitHub/Mapanare/mapanare/self/mnc-stage1)
==12688==    by 0x41FA94: lexer__scan_ident (in /mnt/c/Users/Juan/Documents/GitHub/Mapanare/mapanare/self/mnc-stage1)
==12688==    by 0x6A836DF: ???
==12688==    by 0x8000000000000002: ???
==12688==    by 0x6A733D7: ???
==12688==    by 0xC: ???
==12688==    by 0x10: ???
==12688==    by 0x6A7751F: ???
==12688==    by 0x8000000000000000: ???
==12688==    by 0xC: ???
==12688==    by 0xFF: ???
==12688== 
==12688== 5 bytes in 1 blocks are definitely lost in loss record 234 of 853
==12688==    at 0x484D953: calloc (in /usr/libexec/valgrind/vgpreload_memcheck-amd64-linux.so)
==12688==    by 0x739049: __mn_alloc (in /mnt/c/Users/Juan/Documents/GitHub/Mapanare/mapanare/self/mnc-stage1)
==12688==    by 0x739C2E: __mn_str_concat (in /mnt/c/Users/Juan/Documents/GitHub/Mapanare/mapanare/self/mnc-stage1)
==12688==    by 0x41FA94: lexer__scan_ident (in /mnt/c/Users/Juan/Documents/GitHub/Mapanare/mapanare/self/mnc-stage1)
==12688==    by 0x6A8417F: ???
==12688==    by 0x8000000000000002: ???
==12688==    by 0x6A733D7: ???
==12688==    by 0x4: ???
==12688==    by 0x11: ???
==12688==    by 0x6A7751F: ???
==12688==    by 0x8000000000000000: ???
==12688==    by 0x4: ???
==12688==    by 0x110: ???
==12688== 
==12688== 5 bytes in 1 blocks are definitely lost in loss record 235 of 853
==12688==    at 0x484D953: calloc (in /usr/libexec/valgrind/vgpreload_memcheck-amd64-linux.so)
==12688==    by 0x739049: __mn_alloc (in /mnt/c/Users/Juan/Documents/GitHub/Mapanare/mapanare/self/mnc-stage1)
==12688==    by 0x739C2E: __mn_str_concat (in /mnt/c/Users/Juan/Documents/GitHub/Mapanare/mapanare/self/mnc-stage1)
==12688==    by 0x41FA94: lexer__scan_ident (in /mnt/c/Users/Juan/Documents/GitHub/Mapanare/mapanare/self/mnc-stage1)
==12688==    by 0x6A8467F: ???
==12688==    by 0x8000000000000002: ???
==12688==    by 0x6A733D7: ???
==12688==    by 0xA: ???
==12688==    by 0x11: ???
==12688==    by 0x6A7751F: ???
==12688==    by 0x8000000000000000: ???
==12688==    by 0xA: ???
==12688==    by 0x116: ???
==12688== 
==12688== 5 bytes in 1 blocks are definitely lost in loss record 236 of 853
==12688==    at 0x484D953: calloc (in /usr/libexec/valgrind/vgpreload_memcheck-amd64-linux.so)
==12688==    by 0x739049: __mn_alloc (in /mnt/c/Users/Juan/Documents/GitHub/Mapanare/mapanare/self/mnc-stage1)
==12688==    by 0x739C2E: __mn_str_concat (in /mnt/c/Users/Juan/Documents/GitHub/Mapanare/mapanare/self/mnc-stage1)
==12688==    by 0x41FA94: lexer__scan_ident (in /mnt/c/Users/Juan/Documents/GitHub/Mapanare/mapanare/self/mnc-stage1)
==12688==    by 0x6A8748F: ???
==12688==    by 0x8000000000000002: ???
==12688==    by 0x6A733D7: ???
==12688==    by 0x4: ???
==12688==    by 0x12: ???
==12688==    by 0x6A7751F: ???
==12688==    by 0x8000000000000000: ???
==12688==    by 0x4: ???
==12688==    by 0x12A: ???
==12688== 
==12688== 5 bytes in 1 blocks are definitely lost in loss record 237 of 853
==12688==    at 0x484D953: calloc (in /usr/libexec/valgrind/vgpreload_memcheck-amd64-linux.so)
==12688==    by 0x739049: __mn_alloc (in /mnt/c/Users/Juan/Documents/GitHub/Mapanare/mapanare/self/mnc-stage1)
==12688==    by 0x739C2E: __mn_str_concat (in /mnt/c/Users/Juan/Documents/GitHub/Mapanare/mapanare/self/mnc-stage1)
==12688==    by 0x41FA94: lexer__scan_ident (in /mnt/c/Users/Juan/Documents/GitHub/Mapanare/mapanare/self/mnc-stage1)
==12688==    by 0x6A8798F: ???
==12688==    by 0x8000000000000002: ???
==12688==    by 0x6A733D7: ???
==12688==    by 0xA: ???
==12688==    by 0x12: ???
==12688==    by 0x6A7751F: ???
==12688==    by 0x8000000000000000: ???
==12688==    by 0xA: ???
==12688==    by 0x130: ???
==12688== 
==12688== 6 bytes in 1 blocks are indirectly lost in loss record 238 of 853
==12688==    at 0x484D953: calloc (in /usr/libexec/valgrind/vgpreload_memcheck-amd64-linux.so)
==12688==    by 0x739049: __mn_alloc (in /mnt/c/Users/Juan/Documents/GitHub/Mapanare/mapanare/self/mnc-stage1)
==12688==    by 0x739C2E: __mn_str_concat (in /mnt/c/Users/Juan/Documents/GitHub/Mapanare/mapanare/self/mnc-stage1)
==12688==    by 0x41FA94: lexer__scan_ident (in /mnt/c/Users/Juan/Documents/GitHub/Mapanare/mapanare/self/mnc-stage1)
==12688==    by 0x6A77F8F: ???
==12688==    by 0x8000000000000003: ???
==12688==    by 0x6A733D7: ???
==12688==    by 0x5: ???
==12688== 
==12688== 6 bytes in 1 blocks are indirectly lost in loss record 239 of 853
==12688==    at 0x484D953: calloc (in /usr/libexec/valgrind/vgpreload_memcheck-amd64-linux.so)
==12688==    by 0x739049: __mn_alloc (in /mnt/c/Users/Juan/Documents/GitHub/Mapanare/mapanare/self/mnc-stage1)
==12688==    by 0x739C2E: __mn_str_concat (in /mnt/c/Users/Juan/Documents/GitHub/Mapanare/mapanare/self/mnc-stage1)
==12688==    by 0x41FA94: lexer__scan_ident (in /mnt/c/Users/Juan/Documents/GitHub/Mapanare/mapanare/self/mnc-stage1)
==12688==    by 0x6A78BBF: ???
==12688==    by 0x8000000000000003: ???
==12688==    by 0x6A733D7: ???
==12688==    by 0x4: ???
==12688==    by 0x2: ???
==12688==    by 0x6A7751F: ???
==12688==    by 0x8000000000000000: ???
==12688==    by 0x4: ???
==12688==    by 0x19: ???
==12688== 
==12688== 6 bytes in 1 blocks are indirectly lost in loss record 240 of 853
==12688==    at 0x484D953: calloc (in /usr/libexec/valgrind/vgpreload_memcheck-amd64-linux.so)
==12688==    by 0x739049: __mn_alloc (in /mnt/c/Users/Juan/Documents/GitHub/Mapanare/mapanare/self/mnc-stage1)
==12688==    by 0x739C2E: __mn_str_concat (in /mnt/c/Users/Juan/Documents/GitHub/Mapanare/mapanare/self/mnc-stage1)
==12688==    by 0x41FA94: lexer__scan_ident (in /mnt/c/Users/Juan/Documents/GitHub/Mapanare/mapanare/self/mnc-stage1)
==12688==    by 0x6A7A95F: ???
==12688==    by 0x8000000000000003: ???
==12688==    by 0x6A733D7: ???
==12688==    by 0x11: ???
==12688==    by 0x6: ???
==12688==    by 0x6A7751F: ???
==12688==    by 0x8000000000000000: ???
==12688==    by 0x11: ???
==12688==    by 0x3D: ???
==12688== 
==12688== 6 bytes in 1 blocks are indirectly lost in loss record 241 of 853
==12688==    at 0x484D953: calloc (in /usr/libexec/valgrind/vgpreload_memcheck-amd64-linux.so)
==12688==    by 0x739049: __mn_alloc (in /mnt/c/Users/Juan/Documents/GitHub/Mapanare/mapanare/self/mnc-stage1)
==12688==    by 0x739C2E: __mn_str_concat (in /mnt/c/Users/Juan/Documents/GitHub/Mapanare/mapanare/self/mnc-stage1)
==12688==    by 0x41FA94: lexer__scan_ident (in /mnt/c/Users/Juan/Documents/GitHub/Mapanare/mapanare/self/mnc-stage1)
==12688==    by 0x6A7BFBF: ???
==12688==    by 0x8000000000000003: ???
==12688==    by 0x6A733D7: ???
==12688==    by 0x4: ???
==12688==    by 0x7: ???
==12688==    by 0x6A7751F: ???
==12688==    by 0x8000000000000000: ???
==12688==    by 0x4: ???
==12688==    by 0x54: ???
==12688== 
==12688== 6 bytes in 1 blocks are indirectly lost in loss record 242 of 853
==12688==    at 0x484D953: calloc (in /usr/libexec/valgrind/vgpreload_memcheck-amd64-linux.so)
==12688==    by 0x739049: __mn_alloc (in /mnt/c/Users/Juan/Documents/GitHub/Mapanare/mapanare/self/mnc-stage1)
==12688==    by 0x739C2E: __mn_str_concat (in /mnt/c/Users/Juan/Documents/GitHub/Mapanare/mapanare/self/mnc-stage1)
==12688==    by 0x41FA94: lexer__scan_ident (in /mnt/c/Users/Juan/Documents/GitHub/Mapanare/mapanare/self/mnc-stage1)
==12688==    by 0x6A7DC2F: ???
==12688==    by 0x8000000000000003: ???
==12688==    by 0x6A733D7: ???
==12688==    by 0x8: ???
==12688==    by 0x9: ???
==12688==    by 0x6A7751F: ???
==12688==    by 0x8000000000000000: ???
==12688==    by 0x8: ???
==12688==    by 0x87: ???
==12688== 
==12688== 6 bytes in 1 blocks are indirectly lost in loss record 243 of 853
==12688==    at 0x484D953: calloc (in /usr/libexec/valgrind/vgpreload_memcheck-amd64-linux.so)
==12688==    by 0x739049: __mn_alloc (in /mnt/c/Users/Juan/Documents/GitHub/Mapanare/mapanare/self/mnc-stage1)
==12688==    by 0x739C2E: __mn_str_concat (in /mnt/c/Users/Juan/Documents/GitHub/Mapanare/mapanare/self/mnc-stage1)
==12688==    by 0x41FA94: lexer__scan_ident (in /mnt/c/Users/Juan/Documents/GitHub/Mapanare/mapanare/self/mnc-stage1)
==12688==    by 0x6A826EF: ???
==12688==    by 0x8000000000000003: ???
==12688==    by 0x6A733D7: ???
==12688==    by 0xC: ???
==12688==    by 0xF: ???
==12688==    by 0x6A7751F: ???
==12688==    by 0x8000000000000000: ???
==12688==    by 0xC: ???
==12688==    by 0xE7: ???
==12688== 
==12688== 6 bytes in 1 blocks are indirectly lost in loss record 244 of 853
==12688==    at 0x484D953: calloc (in /usr/libexec/valgrind/vgpreload_memcheck-amd64-linux.so)
==12688==    by 0x739049: __mn_alloc (in /mnt/c/Users/Juan/Documents/GitHub/Mapanare/mapanare/self/mnc-stage1)
==12688==    by 0x739C2E: __mn_str_concat (in /mnt/c/Users/Juan/Documents/GitHub/Mapanare/mapanare/self/mnc-stage1)
==12688==    by 0x41FA94: lexer__scan_ident (in /mnt/c/Users/Juan/Documents/GitHub/Mapanare/mapanare/self/mnc-stage1)
==12688==    by 0x6A8377F: ???
==12688==    by 0x8000000000000003: ???
==12688==    by 0x6A733D7: ???
==12688==    by 0xC: ???
==12688==    by 0x10: ???
==12688==    by 0x6A7751F: ???
==12688==    by 0x8000000000000000: ???
==12688==    by 0xC: ???
==12688==    by 0xFF: ???
==12688== 
==12688== 6 bytes in 1 blocks are indirectly lost in loss record 245 of 853
==12688==    at 0x484D953: calloc (in /usr/libexec/valgrind/vgpreload_memcheck-amd64-linux.so)
==12688==    by 0x739049: __mn_alloc (in /mnt/c/Users/Juan/Documents/GitHub/Mapanare/mapanare/self/mnc-stage1)
==12688==    by 0x739C2E: __mn_str_concat (in /mnt/c/Users/Juan/Documents/GitHub/Mapanare/mapanare/self/mnc-stage1)
==12688==    by 0x41FA94: lexer__scan_ident (in /mnt/c/Users/Juan/Documents/GitHub/Mapanare/mapanare/self/mnc-stage1)
==12688==    by 0x6A8421F: ???
==12688==    by 0x8000000000000003: ???
==12688==    by 0x6A733D7: ???
==12688==    by 0x4: ???
==12688==    by 0x11: ???
==12688==    by 0x6A7751F: ???
==12688==    by 0x8000000000000000: ???
==12688==    by 0x4: ???
==12688==    by 0x110: ???
==12688== 
==12688== 6 bytes in 1 blocks are indirectly lost in loss record 246 of 853
==12688==    at 0x484D953: calloc (in /usr/libexec/valgrind/vgpreload_memcheck-amd64-linux.so)
==12688==    by 0x739049: __mn_alloc (in /mnt/c/Users/Juan/Documents/GitHub/Mapanare/mapanare/self/mnc-stage1)
==12688==    by 0x739C2E: __mn_str_concat (in /mnt/c/Users/Juan/Documents/GitHub/Mapanare/mapanare/self/mnc-stage1)
==12688==    by 0x41FA94: lexer__scan_ident (in /mnt/c/Users/Juan/Documents/GitHub/Mapanare/mapanare/self/mnc-stage1)
==12688==    by 0x6A8752F: ???
==12688==    by 0x8000000000000003: ???
==12688==    by 0x6A733D7: ???
==12688==    by 0x4: ???
==12688==    by 0x12: ???
==12688==    by 0x6A7751F: ???
==12688==    by 0x8000000000000000: ???
==12688==    by 0x4: ???
==12688==    by 0x12A: ???
==12688== 
==12688== 6 bytes in 1 blocks are definitely lost in loss record 247 of 853
==12688==    at 0x484D953: calloc (in /usr/libexec/valgrind/vgpreload_memcheck-amd64-linux.so)
==12688==    by 0x739049: __mn_alloc (in /mnt/c/Users/Juan/Documents/GitHub/Mapanare/mapanare/self/mnc-stage1)
==12688==    by 0x739C2E: __mn_str_concat (in /mnt/c/Users/Juan/Documents/GitHub/Mapanare/mapanare/self/mnc-stage1)
==12688==    by 0x41FA94: lexer__scan_ident (in /mnt/c/Users/Juan/Documents/GitHub/Mapanare/mapanare/self/mnc-stage1)
==12688==    by 0x6A79E6F: ???
==12688==    by 0x8000000000000003: ???
==12688==    by 0x6A733D7: ???
==12688==    by 0x3: ???
==12688==    by 0x6: ???
==12688==    by 0x6A7751F: ???
==12688==    by 0x8000000000000000: ???
==12688==    by 0x3: ???
==12688==    by 0x2F: ???
==12688== 
==12688== 6 bytes in 1 blocks are definitely lost in loss record 248 of 853
==12688==    at 0x484D953: calloc (in /usr/libexec/valgrind/vgpreload_memcheck-amd64-linux.so)
==12688==    by 0x739049: __mn_alloc (in /mnt/c/Users/Juan/Documents/GitHub/Mapanare/mapanare/self/mnc-stage1)
==12688==    by 0x739C2E: __mn_str_concat (in /mnt/c/Users/Juan/Documents/GitHub/Mapanare/mapanare/self/mnc-stage1)
==12688==    by 0x41FA94: lexer__scan_ident (in /mnt/c/Users/Juan/Documents/GitHub/Mapanare/mapanare/self/mnc-stage1)
==12688==    by 0x6A7B83F: ???
==12688==    by 0x8000000000000003: ???
==12688==    by 0x6A733D7: ???
==12688==    by 0x1B: ???
==12688==    by 0x6: ???
==12688==    by 0x6A7751F: ???
==12688==    by 0x8000000000000000: ???
==12688==    by 0x1B: ???
==12688==    by 0x47: ???
==12688== 
==12688== 6 bytes in 1 blocks are definitely lost in loss record 249 of 853
==12688==    at 0x484D953: calloc (in /usr/libexec/valgrind/vgpreload_memcheck-amd64-linux.so)
==12688==    by 0x739049: __mn_alloc (in /mnt/c/Users/Juan/Documents/GitHub/Mapanare/mapanare/self/mnc-stage1)
==12688==    by 0x739C2E: __mn_str_concat (in /mnt/c/Users/Juan/Documents/GitHub/Mapanare/mapanare/self/mnc-stage1)
==12688==    by 0x41FA94: lexer__scan_ident (in /mnt/c/Users/Juan/Documents/GitHub/Mapanare/mapanare/self/mnc-stage1)
==12688==    by 0x6A7CF5F: ???
==12688==    by 0x8000000000000003: ???
==12688==    by 0x6A733D7: ???
==12688==    by 0x11: ???
==12688==    by 0x8: ???
==12688==    by 0x6A7751F: ???
==12688==    by 0x8000000000000000: ???
==12688==    by 0x11: ???
==12688==    by 0x6F: ???
==12688== 
==12688== 6 bytes in 1 blocks are definitely lost in loss record 250 of 853
==12688==    at 0x484D953: calloc (in /usr/libexec/valgrind/vgpreload_memcheck-amd64-linux.so)
==12688==    by 0x739049: __mn_alloc (in /mnt/c/Users/Juan/Documents/GitHub/Mapanare/mapanare/self/mnc-stage1)
==12688==    by 0x739C2E: __mn_str_concat (in /mnt/c/Users/Juan/Documents/GitHub/Mapanare/mapanare/self/mnc-stage1)
==12688==    by 0x41FA94: lexer__scan_ident (in /mnt/c/Users/Juan/Documents/GitHub/Mapanare/mapanare/self/mnc-stage1)
==12688==    by 0x6A7E30F: ???
==12688==    by 0x8000000000000003: ???
==12688==    by 0x6A733D7: ???
==12688==    by 0x13: ???
==12688==    by 0x9: ???
==12688==    by 0x6A7751F: ???
==12688==    by 0x8000000000000000: ???
==12688==    by 0x13: ???
==12688==    by 0x92: ???
==12688== 
==12688== 6 bytes in 1 blocks are definitely lost in loss record 251 of 853
==12688==    at 0x484D953: calloc (in /usr/libexec/valgrind/vgpreload_memcheck-amd64-linux.so)
==12688==    by 0x739049: __mn_alloc (in /mnt/c/Users/Juan/Documents/GitHub/Mapanare/mapanare/self/mnc-stage1)
==12688==    by 0x739C2E: __mn_str_concat (in /mnt/c/Users/Juan/Documents/GitHub/Mapanare/mapanare/self/mnc-stage1)
==12688==    by 0x41FA94: lexer__scan_ident (in /mnt/c/Users/Juan/Documents/GitHub/Mapanare/mapanare/self/mnc-stage1)
==12688==    by 0x6A807AF: ???
==12688==    by 0x8000000000000003: ???
==12688==    by 0x6A733D7: ???
==12688==    by 0x12: ???
==12688==    by 0xA: ???
==12688==    by 0x6A7751F: ???
==12688==    by 0x8000000000000000: ???
==12688==    by 0x12: ???
==12688==    by 0xB6: ???
==12688== 
==12688== 6 bytes in 1 blocks are definitely lost in loss record 252 of 853
==12688==    at 0x484D953: calloc (in /usr/libexec/valgrind/vgpreload_memcheck-amd64-linux.so)
==12688==    by 0x739049: __mn_alloc (in /mnt/c/Users/Juan/Documents/GitHub/Mapanare/mapanare/self/mnc-stage1)
==12688==    by 0x739C2E: __mn_str_concat (in /mnt/c/Users/Juan/Documents/GitHub/Mapanare/mapanare/self/mnc-stage1)
==12688==    by 0x41FA94: lexer__scan_ident (in /mnt/c/Users/Juan/Documents/GitHub/Mapanare/mapanare/self/mnc-stage1)
==12688==    by 0x6A8471F: ???
==12688==    by 0x8000000000000003: ???
==12688==    by 0x6A733D7: ???
==12688==    by 0xA: ???
==12688==    by 0x11: ???
==12688==    by 0x6A7751F: ???
==12688==    by 0x8000000000000000: ???
==12688==    by 0xA: ???
==12688==    by 0x116: ???
==12688== 
==12688== 6 bytes in 1 blocks are definitely lost in loss record 253 of 853
==12688==    at 0x484D953: calloc (in /usr/libexec/valgrind/vgpreload_memcheck-amd64-linux.so)
==12688==    by 0x739049: __mn_alloc (in /mnt/c/Users/Juan/Documents/GitHub/Mapanare/mapanare/self/mnc-stage1)
==12688==    by 0x739C2E: __mn_str_concat (in /mnt/c/Users/Juan/Documents/GitHub/Mapanare/mapanare/self/mnc-stage1)
==12688==    by 0x41FA94: lexer__scan_ident (in /mnt/c/Users/Juan/Documents/GitHub/Mapanare/mapanare/self/mnc-stage1)
==12688==    by 0x6A87A2F: ???
==12688==    by 0x8000000000000003: ???
==12688==    by 0x6A733D7: ???
==12688==    by 0xA: ???
==12688==    by 0x12: ???
==12688==    by 0x6A7751F: ???
==12688==    by 0x8000000000000000: ???
==12688==    by 0xA: ???
==12688==    by 0x130: ???
==12688== 
==12688== 6 bytes in 3 blocks are definitely lost in loss record 254 of 853
==12688==    at 0x484D953: calloc (in /usr/libexec/valgrind/vgpreload_memcheck-amd64-linux.so)
==12688==    by 0x739049: __mn_alloc (in /mnt/c/Users/Juan/Documents/GitHub/Mapanare/mapanare/self/mnc-stage1)
==12688==    by 0x73980B: __mn_str_from_parts (in /mnt/c/Users/Juan/Documents/GitHub/Mapanare/mapanare/self/mnc-stage1)
==12688==    by 0x4208EB: lexer__scan_string (in /mnt/c/Users/Juan/Documents/GitHub/Mapanare/mapanare/self/mnc-stage1)
==12688== 
==12688== 6 bytes in 3 blocks are definitely lost in loss record 255 of 853
==12688==    at 0x484D953: calloc (in /usr/libexec/valgrind/vgpreload_memcheck-amd64-linux.so)
==12688==    by 0x739049: __mn_alloc (in /mnt/c/Users/Juan/Documents/GitHub/Mapanare/mapanare/self/mnc-stage1)
==12688==    by 0x73980B: __mn_str_from_parts (in /mnt/c/Users/Juan/Documents/GitHub/Mapanare/mapanare/self/mnc-stage1)
==12688==    by 0x431688: parser__has_interpolation (in /mnt/c/Users/Juan/Documents/GitHub/Mapanare/mapanare/self/mnc-stage1)
==12688==    by 0x8000000000000000: ???
==12688==    by 0x580053FF: ??? (in /usr/libexec/valgrind/memcheck-amd64-linux)
==12688==    by 0xF: ???
==12688==    by 0x9: ???
==12688==    by 0x7F: ???
==12688==    by 0x4B: ???
==12688==    by 0x8000000000000004: ???
==12688==    by 0x6A7F8FF: ???
==12688==    by 0x6A84C7F: ???
==12688==    by 0x432BDF: parser__parse_atom (in /mnt/c/Users/Juan/Documents/GitHub/Mapanare/mapanare/self/mnc-stage1)
==12688== 
==12688== 7 bytes in 1 blocks are indirectly lost in loss record 256 of 853
==12688==    at 0x484D953: calloc (in /usr/libexec/valgrind/vgpreload_memcheck-amd64-linux.so)
==12688==    by 0x739049: __mn_alloc (in /mnt/c/Users/Juan/Documents/GitHub/Mapanare/mapanare/self/mnc-stage1)
==12688==    by 0x739C2E: __mn_str_concat (in /mnt/c/Users/Juan/Documents/GitHub/Mapanare/mapanare/self/mnc-stage1)
==12688==    by 0x41FA94: lexer__scan_ident (in /mnt/c/Users/Juan/Documents/GitHub/Mapanare/mapanare/self/mnc-stage1)
==12688==    by 0x6A7B8DF: ???
==12688==    by 0x8000000000000004: ???
==12688==    by 0x6A733D7: ???
==12688==    by 0x1B: ???
==12688==    by 0x6: ???
==12688==    by 0x6A7751F: ???
==12688==    by 0x8000000000000000: ???
==12688==    by 0x1B: ???
==12688==    by 0x47: ???
==12688== 
==12688== 7 bytes in 1 blocks are indirectly lost in loss record 257 of 853
==12688==    at 0x484D953: calloc (in /usr/libexec/valgrind/vgpreload_memcheck-amd64-linux.so)
==12688==    by 0x739049: __mn_alloc (in /mnt/c/Users/Juan/Documents/GitHub/Mapanare/mapanare/self/mnc-stage1)
==12688==    by 0x739C2E: __mn_str_concat (in /mnt/c/Users/Juan/Documents/GitHub/Mapanare/mapanare/self/mnc-stage1)
==12688==    by 0x41FA94: lexer__scan_ident (in /mnt/c/Users/Juan/Documents/GitHub/Mapanare/mapanare/self/mnc-stage1)
==12688==    by 0x6A7CFFF: ???
==12688==    by 0x8000000000000004: ???
==12688==    by 0x6A733D7: ???
==12688==    by 0x11: ???
==12688==    by 0x8: ???
==12688==    by 0x6A7751F: ???
==12688==    by 0x8000000000000000: ???
==12688==    by 0x11: ???
==12688==    by 0x6F: ???
==12688== 
==12688== 7 bytes in 1 blocks are indirectly lost in loss record 258 of 853
==12688==    at 0x484D953: calloc (in /usr/libexec/valgrind/vgpreload_memcheck-amd64-linux.so)
==12688==    by 0x739049: __mn_alloc (in /mnt/c/Users/Juan/Documents/GitHub/Mapanare/mapanare/self/mnc-stage1)
==12688==    by 0x739C2E: __mn_str_concat (in /mnt/c/Users/Juan/Documents/GitHub/Mapanare/mapanare/self/mnc-stage1)
==12688==    by 0x41FA94: lexer__scan_ident (in /mnt/c/Users/Juan/Documents/GitHub/Mapanare/mapanare/self/mnc-stage1)
==12688==    by 0x6A7E3AF: ???
==12688==    by 0x8000000000000004: ???
==12688==    by 0x6A733D7: ???
==12688==    by 0x13: ???
==12688==    by 0x9: ???
==12688==    by 0x6A7751F: ???
==12688==    by 0x8000000000000000: ???
==12688==    by 0x13: ???
==12688==    by 0x92: ???
==12688== 
==12688== 7 bytes in 1 blocks are indirectly lost in loss record 259 of 853
==12688==    at 0x484D953: calloc (in /usr/libexec/valgrind/vgpreload_memcheck-amd64-linux.so)
==12688==    by 0x739049: __mn_alloc (in /mnt/c/Users/Juan/Documents/GitHub/Mapanare/mapanare/self/mnc-stage1)
==12688==    by 0x739C2E: __mn_str_concat (in /mnt/c/Users/Juan/Documents/GitHub/Mapanare/mapanare/self/mnc-stage1)
==12688==    by 0x41FA94: lexer__scan_ident (in /mnt/c/Users/Juan/Documents/GitHub/Mapanare/mapanare/self/mnc-stage1)
==12688==    by 0x6A8084F: ???
==12688==    by 0x8000000000000004: ???
==12688==    by 0x6A733D7: ???
==12688==    by 0x12: ???
==12688==    by 0xA: ???
==12688==    by 0x6A7751F: ???
==12688==    by 0x8000000000000000: ???
==12688==    by 0x12: ???
==12688==    by 0xB6: ???
==12688== 
==12688== 7 bytes in 1 blocks are definitely lost in loss record 260 of 853
==12688==    at 0x484D953: calloc (in /usr/libexec/valgrind/vgpreload_memcheck-amd64-linux.so)
==12688==    by 0x739049: __mn_alloc (in /mnt/c/Users/Juan/Documents/GitHub/Mapanare/mapanare/self/mnc-stage1)
==12688==    by 0x739C2E: __mn_str_concat (in /mnt/c/Users/Juan/Documents/GitHub/Mapanare/mapanare/self/mnc-stage1)
==12688==    by 0x41FA94: lexer__scan_ident (in /mnt/c/Users/Juan/Documents/GitHub/Mapanare/mapanare/self/mnc-stage1)
==12688==    by 0x6A79F0F: ???
==12688==    by 0x8000000000000004: ???
==12688==    by 0x6A733D7: ???
==12688==    by 0x3: ???
==12688==    by 0x6: ???
==12688==    by 0x6A7751F: ???
==12688==    by 0x8000000000000000: ???
==12688==    by 0x3: ???
==12688==    by 0x2F: ???
==12688== 
==12688== 7 bytes in 1 blocks are definitely lost in loss record 261 of 853
==12688==    at 0x484D953: calloc (in /usr/libexec/valgrind/vgpreload_memcheck-amd64-linux.so)
==12688==    by 0x739049: __mn_alloc (in /mnt/c/Users/Juan/Documents/GitHub/Mapanare/mapanare/self/mnc-stage1)
==12688==    by 0x739C2E: __mn_str_concat (in /mnt/c/Users/Juan/Documents/GitHub/Mapanare/mapanare/self/mnc-stage1)
==12688==    by 0x41FA94: lexer__scan_ident (in /mnt/c/Users/Juan/Documents/GitHub/Mapanare/mapanare/self/mnc-stage1)
==12688==    by 0x6A847BF: ???
==12688==    by 0x8000000000000004: ???
==12688==    by 0x6A733D7: ???
==12688==    by 0xA: ???
==12688==    by 0x11: ???
==12688==    by 0x6A7751F: ???
==12688==    by 0x8000000000000000: ???
==12688==    by 0xA: ???
==12688==    by 0x116: ???
==12688== 
==12688== 7 bytes in 1 blocks are definitely lost in loss record 262 of 853
==12688==    at 0x484D953: calloc (in /usr/libexec/valgrind/vgpreload_memcheck-amd64-linux.so)
==12688==    by 0x739049: __mn_alloc (in /mnt/c/Users/Juan/Documents/GitHub/Mapanare/mapanare/self/mnc-stage1)
==12688==    by 0x739C2E: __mn_str_concat (in /mnt/c/Users/Juan/Documents/GitHub/Mapanare/mapanare/self/mnc-stage1)
==12688==    by 0x41FA94: lexer__scan_ident (in /mnt/c/Users/Juan/Documents/GitHub/Mapanare/mapanare/self/mnc-stage1)
==12688==    by 0x6A87ACF: ???
==12688==    by 0x8000000000000004: ???
==12688==    by 0x6A733D7: ???
==12688==    by 0xA: ???
==12688==    by 0x12: ???
==12688==    by 0x6A7751F: ???
==12688==    by 0x8000000000000000: ???
==12688==    by 0xA: ???
==12688==    by 0x130: ???
==12688== 
==12688== 7 bytes in 1 blocks are definitely lost in loss record 263 of 853
==12688==    at 0x484D953: calloc (in /usr/libexec/valgrind/vgpreload_memcheck-amd64-linux.so)
==12688==    by 0x739049: __mn_alloc (in /mnt/c/Users/Juan/Documents/GitHub/Mapanare/mapanare/self/mnc-stage1)
==12688==    by 0x739C2E: __mn_str_concat (in /mnt/c/Users/Juan/Documents/GitHub/Mapanare/mapanare/self/mnc-stage1)
==12688==    by 0x6B142B: emit_llvm__emit_const (in /mnt/c/Users/Juan/Documents/GitHub/Mapanare/mapanare/self/mnc-stage1)
==12688==    by 0x8000000000000002: ???
==12688==    by 0x8000000000000004: ???
==12688==    by 0x6AA8B4F: ???
==12688==    by 0x6ACF99F: ???
==12688==    by 0x6ACDF2F: ???
==12688==    by 0x580053FF: ??? (in /usr/libexec/valgrind/memcheck-amd64-linux)
==12688==    by 0xF: ???
==12688==    by 0x7: ???
==12688==    by 0x6AD0A3F: ???
==12688== 
==12688== 8 bytes in 1 blocks are indirectly lost in loss record 264 of 853
==12688==    at 0x484D953: calloc (in /usr/libexec/valgrind/vgpreload_memcheck-amd64-linux.so)
==12688==    by 0x739049: __mn_alloc (in /mnt/c/Users/Juan/Documents/GitHub/Mapanare/mapanare/self/mnc-stage1)
==12688==    by 0x739C2E: __mn_str_concat (in /mnt/c/Users/Juan/Documents/GitHub/Mapanare/mapanare/self/mnc-stage1)
==12688==    by 0x4CE37F: lower__bind_fn_params (in /mnt/c/Users/Juan/Documents/GitHub/Mapanare/mapanare/self/mnc-stage1)
==12688== 
==12688== 8 bytes in 2 blocks are indirectly lost in loss record 265 of 853
==12688==    at 0x484D953: calloc (in /usr/libexec/valgrind/vgpreload_memcheck-amd64-linux.so)
==12688==    by 0x739049: __mn_alloc (in /mnt/c/Users/Juan/Documents/GitHub/Mapanare/mapanare/self/mnc-stage1)
==12688==    by 0x739C2E: __mn_str_concat (in /mnt/c/Users/Juan/Documents/GitHub/Mapanare/mapanare/self/mnc-stage1)
==12688==    by 0x499D82: lower_state__fresh_tmp (in /mnt/c/Users/Juan/Documents/GitHub/Mapanare/mapanare/self/mnc-stage1)
==12688==    by 0x1000000000087: ???
==12688== 
==12688== 8 bytes in 1 blocks are definitely lost in loss record 266 of 853
==12688==    at 0x484D953: calloc (in /usr/libexec/valgrind/vgpreload_memcheck-amd64-linux.so)
==12688==    by 0x739049: __mn_alloc (in /mnt/c/Users/Juan/Documents/GitHub/Mapanare/mapanare/self/mnc-stage1)
==12688==    by 0x739C2E: __mn_str_concat (in /mnt/c/Users/Juan/Documents/GitHub/Mapanare/mapanare/self/mnc-stage1)
==12688==    by 0x41FA94: lexer__scan_ident (in /mnt/c/Users/Juan/Documents/GitHub/Mapanare/mapanare/self/mnc-stage1)
==12688==    by 0x6A79FAF: ???
==12688==    by 0x8000000000000005: ???
==12688==    by 0x6A733D7: ???
==12688==    by 0x3: ???
==12688==    by 0x6: ???
==12688==    by 0x6A7751F: ???
==12688==    by 0x8000000000000000: ???
==12688==    by 0x3: ???
==12688==    by 0x2F: ???
==12688== 
==12688== 8 bytes in 1 blocks are definitely lost in loss record 267 of 853
==12688==    at 0x484D953: calloc (in /usr/libexec/valgrind/vgpreload_memcheck-amd64-linux.so)
==12688==    by 0x739049: __mn_alloc (in /mnt/c/Users/Juan/Documents/GitHub/Mapanare/mapanare/self/mnc-stage1)
==12688==    by 0x739C2E: __mn_str_concat (in /mnt/c/Users/Juan/Documents/GitHub/Mapanare/mapanare/self/mnc-stage1)
==12688==    by 0x41FA94: lexer__scan_ident (in /mnt/c/Users/Juan/Documents/GitHub/Mapanare/mapanare/self/mnc-stage1)
==12688==    by 0x6A8485F: ???
==12688==    by 0x8000000000000005: ???
==12688==    by 0x6A733D7: ???
==12688==    by 0xA: ???
==12688==    by 0x11: ???
==12688==    by 0x6A7751F: ???
==12688==    by 0x8000000000000000: ???
==12688==    by 0xA: ???
==12688==    by 0x116: ???
==12688== 
==12688== 8 bytes in 1 blocks are definitely lost in loss record 268 of 853
==12688==    at 0x484D953: calloc (in /usr/libexec/valgrind/vgpreload_memcheck-amd64-linux.so)
==12688==    by 0x739049: __mn_alloc (in /mnt/c/Users/Juan/Documents/GitHub/Mapanare/mapanare/self/mnc-stage1)
==12688==    by 0x739C2E: __mn_str_concat (in /mnt/c/Users/Juan/Documents/GitHub/Mapanare/mapanare/self/mnc-stage1)
==12688==    by 0x41FA94: lexer__scan_ident (in /mnt/c/Users/Juan/Documents/GitHub/Mapanare/mapanare/self/mnc-stage1)
==12688==    by 0x6A87B6F: ???
==12688==    by 0x8000000000000005: ???
==12688==    by 0x6A733D7: ???
==12688==    by 0xA: ???
==12688==    by 0x12: ???
==12688==    by 0x6A7751F: ???
==12688==    by 0x8000000000000000: ???
==12688==    by 0xA: ???
==12688==    by 0x130: ???
==12688== 
==12688== 8 bytes in 1 blocks are definitely lost in loss record 269 of 853
==12688==    at 0x484D953: calloc (in /usr/libexec/valgrind/vgpreload_memcheck-amd64-linux.so)
==12688==    by 0x739049: __mn_alloc (in /mnt/c/Users/Juan/Documents/GitHub/Mapanare/mapanare/self/mnc-stage1)
==12688==    by 0x739C2E: __mn_str_concat (in /mnt/c/Users/Juan/Documents/GitHub/Mapanare/mapanare/self/mnc-stage1)
==12688==    by 0x6B1270: emit_llvm__emit_const (in /mnt/c/Users/Juan/Documents/GitHub/Mapanare/mapanare/self/mnc-stage1)
==12688==    by 0x8000000000000002: ???
==12688==    by 0x8000000000000004: ???
==12688==    by 0x6AA8B4F: ???
==12688==    by 0x6ACF99F: ???
==12688==    by 0x6ACDF2F: ???
==12688==    by 0x580053FF: ??? (in /usr/libexec/valgrind/memcheck-amd64-linux)
==12688==    by 0xF: ???
==12688==    by 0x7: ???
==12688== 
==12688== 9 bytes in 1 blocks are definitely lost in loss record 270 of 853
==12688==    at 0x484D953: calloc (in /usr/libexec/valgrind/vgpreload_memcheck-amd64-linux.so)
==12688==    by 0x739049: __mn_alloc (in /mnt/c/Users/Juan/Documents/GitHub/Mapanare/mapanare/self/mnc-stage1)
==12688==    by 0x739C2E: __mn_str_concat (in /mnt/c/Users/Juan/Documents/GitHub/Mapanare/mapanare/self/mnc-stage1)
==12688==    by 0x41FA94: lexer__scan_ident (in /mnt/c/Users/Juan/Documents/GitHub/Mapanare/mapanare/self/mnc-stage1)
==12688==    by 0x6A7A04F: ???
==12688==    by 0x8000000000000006: ???
==12688==    by 0x6A733D7: ???
==12688==    by 0x3: ???
==12688==    by 0x6: ???
==12688==    by 0x6A7751F: ???
==12688==    by 0x8000000000000000: ???
==12688==    by 0x3: ???
==12688==    by 0x2F: ???
==12688== 
==12688== 9 bytes in 1 blocks are definitely lost in loss record 271 of 853
==12688==    at 0x484D953: calloc (in /usr/libexec/valgrind/vgpreload_memcheck-amd64-linux.so)
==12688==    by 0x739049: __mn_alloc (in /mnt/c/Users/Juan/Documents/GitHub/Mapanare/mapanare/self/mnc-stage1)
==12688==    by 0x739C2E: __mn_str_concat (in /mnt/c/Users/Juan/Documents/GitHub/Mapanare/mapanare/self/mnc-stage1)
==12688==    by 0x41FA94: lexer__scan_ident (in /mnt/c/Users/Juan/Documents/GitHub/Mapanare/mapanare/self/mnc-stage1)
==12688==    by 0x6A848FF: ???
==12688==    by 0x8000000000000006: ???
==12688==    by 0x6A733D7: ???
==12688==    by 0xA: ???
==12688==    by 0x11: ???
==12688==    by 0x6A7751F: ???
==12688==    by 0x8000000000000000: ???
==12688==    by 0xA: ???
==12688==    by 0x116: ???
==12688== 
==12688== 9 bytes in 1 blocks are definitely lost in loss record 272 of 853
==12688==    at 0x484D953: calloc (in /usr/libexec/valgrind/vgpreload_memcheck-amd64-linux.so)
==12688==    by 0x739049: __mn_alloc (in /mnt/c/Users/Juan/Documents/GitHub/Mapanare/mapanare/self/mnc-stage1)
==12688==    by 0x739C2E: __mn_str_concat (in /mnt/c/Users/Juan/Documents/GitHub/Mapanare/mapanare/self/mnc-stage1)
==12688==    by 0x41FA94: lexer__scan_ident (in /mnt/c/Users/Juan/Documents/GitHub/Mapanare/mapanare/self/mnc-stage1)
==12688==    by 0x6A87C0F: ???
==12688==    by 0x8000000000000006: ???
==12688==    by 0x6A733D7: ???
==12688==    by 0xA: ???
==12688==    by 0x12: ???
==12688==    by 0x6A7751F: ???
==12688==    by 0x8000000000000000: ???
==12688==    by 0xA: ???
==12688==    by 0x130: ???
==12688== 
==12688== 10 bytes in 1 blocks are definitely lost in loss record 273 of 853
==12688==    at 0x484D953: calloc (in /usr/libexec/valgrind/vgpreload_memcheck-amd64-linux.so)
==12688==    by 0x739049: __mn_alloc (in /mnt/c/Users/Juan/Documents/GitHub/Mapanare/mapanare/self/mnc-stage1)
==12688==    by 0x739C2E: __mn_str_concat (in /mnt/c/Users/Juan/Documents/GitHub/Mapanare/mapanare/self/mnc-stage1)
==12688==    by 0x41FA94: lexer__scan_ident (in /mnt/c/Users/Juan/Documents/GitHub/Mapanare/mapanare/self/mnc-stage1)
==12688==    by 0x6A7A0EF: ???
==12688==    by 0x8000000000000007: ???
==12688==    by 0x6A733D7: ???
==12688==    by 0x3: ???
==12688==    by 0x6: ???
==12688==    by 0x6A7751F: ???
==12688==    by 0x8000000000000000: ???
==12688==    by 0x3: ???
==12688==    by 0x2F: ???
==12688== 
==12688== 10 bytes in 1 blocks are definitely lost in loss record 274 of 853
==12688==    at 0x484D953: calloc (in /usr/libexec/valgrind/vgpreload_memcheck-amd64-linux.so)
==12688==    by 0x739049: __mn_alloc (in /mnt/c/Users/Juan/Documents/GitHub/Mapanare/mapanare/self/mnc-stage1)
==12688==    by 0x739C2E: __mn_str_concat (in /mnt/c/Users/Juan/Documents/GitHub/Mapanare/mapanare/self/mnc-stage1)
==12688==    by 0x41FA94: lexer__scan_ident (in /mnt/c/Users/Juan/Documents/GitHub/Mapanare/mapanare/self/mnc-stage1)
==12688==    by 0x6A8499F: ???
==12688==    by 0x8000000000000007: ???
==12688==    by 0x6A733D7: ???
==12688==    by 0xA: ???
==12688==    by 0x11: ???
==12688==    by 0x6A7751F: ???
==12688==    by 0x8000000000000000: ???
==12688==    by 0xA: ???
==12688==    by 0x116: ???
==12688== 
==12688== 10 bytes in 1 blocks are definitely lost in loss record 275 of 853
==12688==    at 0x484D953: calloc (in /usr/libexec/valgrind/vgpreload_memcheck-amd64-linux.so)
==12688==    by 0x739049: __mn_alloc (in /mnt/c/Users/Juan/Documents/GitHub/Mapanare/mapanare/self/mnc-stage1)
==12688==    by 0x739C2E: __mn_str_concat (in /mnt/c/Users/Juan/Documents/GitHub/Mapanare/mapanare/self/mnc-stage1)
==12688==    by 0x41FA94: lexer__scan_ident (in /mnt/c/Users/Juan/Documents/GitHub/Mapanare/mapanare/self/mnc-stage1)
==12688==    by 0x6A87CAF: ???
==12688==    by 0x8000000000000007: ???
==12688==    by 0x6A733D7: ???
==12688==    by 0xA: ???
==12688==    by 0x12: ???
==12688==    by 0x6A7751F: ???
==12688==    by 0x8000000000000000: ???
==12688==    by 0xA: ???
==12688==    by 0x130: ???
==12688== 
==12688== 11 bytes in 1 blocks are indirectly lost in loss record 276 of 853
==12688==    at 0x484D953: calloc (in /usr/libexec/valgrind/vgpreload_memcheck-amd64-linux.so)
==12688==    by 0x739049: __mn_alloc (in /mnt/c/Users/Juan/Documents/GitHub/Mapanare/mapanare/self/mnc-stage1)
==12688==    by 0x739C2E: __mn_str_concat (in /mnt/c/Users/Juan/Documents/GitHub/Mapanare/mapanare/self/mnc-stage1)
==12688==    by 0x41FA94: lexer__scan_ident (in /mnt/c/Users/Juan/Documents/GitHub/Mapanare/mapanare/self/mnc-stage1)
==12688==    by 0x6A7A18F: ???
==12688==    by 0x8000000000000008: ???
==12688==    by 0x6A733D7: ???
==12688==    by 0x3: ???
==12688==    by 0x6: ???
==12688==    by 0x6A7751F: ???
==12688==    by 0x8000000000000000: ???
==12688==    by 0x3: ???
==12688==    by 0x2F: ???
==12688== 
==12688== 11 bytes in 1 blocks are indirectly lost in loss record 277 of 853
==12688==    at 0x484D953: calloc (in /usr/libexec/valgrind/vgpreload_memcheck-amd64-linux.so)
==12688==    by 0x739049: __mn_alloc (in /mnt/c/Users/Juan/Documents/GitHub/Mapanare/mapanare/self/mnc-stage1)
==12688==    by 0x739C2E: __mn_str_concat (in /mnt/c/Users/Juan/Documents/GitHub/Mapanare/mapanare/self/mnc-stage1)
==12688==    by 0x41FA94: lexer__scan_ident (in /mnt/c/Users/Juan/Documents/GitHub/Mapanare/mapanare/self/mnc-stage1)
==12688==    by 0x6A84A3F: ???
==12688==    by 0x8000000000000008: ???
==12688==    by 0x6A733D7: ???
==12688==    by 0xA: ???
==12688==    by 0x11: ???
==12688==    by 0x6A7751F: ???
==12688==    by 0x8000000000000000: ???
==12688==    by 0xA: ???
==12688==    by 0x116: ???
==12688== 
==12688== 11 bytes in 1 blocks are indirectly lost in loss record 278 of 853
==12688==    at 0x484D953: calloc (in /usr/libexec/valgrind/vgpreload_memcheck-amd64-linux.so)
==12688==    by 0x739049: __mn_alloc (in /mnt/c/Users/Juan/Documents/GitHub/Mapanare/mapanare/self/mnc-stage1)
==12688==    by 0x739C2E: __mn_str_concat (in /mnt/c/Users/Juan/Documents/GitHub/Mapanare/mapanare/self/mnc-stage1)
==12688==    by 0x41FA94: lexer__scan_ident (in /mnt/c/Users/Juan/Documents/GitHub/Mapanare/mapanare/self/mnc-stage1)
==12688==    by 0x6A87D4F: ???
==12688==    by 0x8000000000000008: ???
==12688==    by 0x6A733D7: ???
==12688==    by 0xA: ???
==12688==    by 0x12: ???
==12688==    by 0x6A7751F: ???
==12688==    by 0x8000000000000000: ???
==12688==    by 0xA: ???
==12688==    by 0x130: ???
==12688== 
==12688== 11 bytes in 1 blocks are definitely lost in loss record 279 of 853
==12688==    at 0x484D953: calloc (in /usr/libexec/valgrind/vgpreload_memcheck-amd64-linux.so)
==12688==    by 0x739049: __mn_alloc (in /mnt/c/Users/Juan/Documents/GitHub/Mapanare/mapanare/self/mnc-stage1)
==12688==    by 0x739C2E: __mn_str_concat (in /mnt/c/Users/Juan/Documents/GitHub/Mapanare/mapanare/self/mnc-stage1)
==12688==    by 0x414BE5: dedup_definitions (in /mnt/c/Users/Juan/Documents/GitHub/Mapanare/mapanare/self/mnc-stage1)
==12688==    by 0x9: ???
==12688==    by 0x1: ???
==12688==    by 0x1: ???
==12688== 
==12688== 12 bytes in 1 blocks are indirectly lost in loss record 280 of 853
==12688==    at 0x484D953: calloc (in /usr/libexec/valgrind/vgpreload_memcheck-amd64-linux.so)
==12688==    by 0x739049: __mn_alloc (in /mnt/c/Users/Juan/Documents/GitHub/Mapanare/mapanare/self/mnc-stage1)
==12688==    by 0x739C2E: __mn_str_concat (in /mnt/c/Users/Juan/Documents/GitHub/Mapanare/mapanare/self/mnc-stage1)
==12688==    by 0x737D03: emit_llvm__emit_mir_module (in /mnt/c/Users/Juan/Documents/GitHub/Mapanare/mapanare/self/mnc-stage1)
==12688==    by 0x3F: ???
==12688== 
==12688== 12 bytes in 1 blocks are indirectly lost in loss record 281 of 853
==12688==    at 0x484D953: calloc (in /usr/libexec/valgrind/vgpreload_memcheck-amd64-linux.so)
==12688==    by 0x739049: __mn_alloc (in /mnt/c/Users/Juan/Documents/GitHub/Mapanare/mapanare/self/mnc-stage1)
==12688==    by 0x739C2E: __mn_str_concat (in /mnt/c/Users/Juan/Documents/GitHub/Mapanare/mapanare/self/mnc-stage1)
==12688==    by 0x730A41: emit_llvm__emit_mir_function (in /mnt/c/Users/Juan/Documents/GitHub/Mapanare/mapanare/self/mnc-stage1)
==12688==    by 0x3F: ???
==12688== 
==12688== 12 bytes in 1 blocks are definitely lost in loss record 282 of 853
==12688==    at 0x484D953: calloc (in /usr/libexec/valgrind/vgpreload_memcheck-amd64-linux.so)
==12688==    by 0x739049: __mn_alloc (in /mnt/c/Users/Juan/Documents/GitHub/Mapanare/mapanare/self/mnc-stage1)
==12688==    by 0x739C2E: __mn_str_concat (in /mnt/c/Users/Juan/Documents/GitHub/Mapanare/mapanare/self/mnc-stage1)
==12688==    by 0x737B94: emit_llvm__emit_mir_module (in /mnt/c/Users/Juan/Documents/GitHub/Mapanare/mapanare/self/mnc-stage1)
==12688== 
==12688== 12 bytes in 1 blocks are definitely lost in loss record 283 of 853
==12688==    at 0x484D953: calloc (in /usr/libexec/valgrind/vgpreload_memcheck-amd64-linux.so)
==12688==    by 0x739049: __mn_alloc (in /mnt/c/Users/Juan/Documents/GitHub/Mapanare/mapanare/self/mnc-stage1)
==12688==    by 0x739C2E: __mn_str_concat (in /mnt/c/Users/Juan/Documents/GitHub/Mapanare/mapanare/self/mnc-stage1)
==12688==    by 0x731A97: emit_llvm__emit_mir_function (in /mnt/c/Users/Juan/Documents/GitHub/Mapanare/mapanare/self/mnc-stage1)
==12688==    by 0x3F: ???
==12688== 
==12688== 12 bytes in 1 blocks are definitely lost in loss record 284 of 853
==12688==    at 0x484D953: calloc (in /usr/libexec/valgrind/vgpreload_memcheck-amd64-linux.so)
==12688==    by 0x739049: __mn_alloc (in /mnt/c/Users/Juan/Documents/GitHub/Mapanare/mapanare/self/mnc-stage1)
==12688==    by 0x739C2E: __mn_str_concat (in /mnt/c/Users/Juan/Documents/GitHub/Mapanare/mapanare/self/mnc-stage1)
==12688==    by 0x732130: emit_llvm__emit_mir_function (in /mnt/c/Users/Juan/Documents/GitHub/Mapanare/mapanare/self/mnc-stage1)
==12688==    by 0x3F: ???
==12688== 
==12688== 14 bytes in 1 blocks are indirectly lost in loss record 285 of 853
==12688==    at 0x484D953: calloc (in /usr/libexec/valgrind/vgpreload_memcheck-amd64-linux.so)
==12688==    by 0x739049: __mn_alloc (in /mnt/c/Users/Juan/Documents/GitHub/Mapanare/mapanare/self/mnc-stage1)
==12688==    by 0x739C2E: __mn_str_concat (in /mnt/c/Users/Juan/Documents/GitHub/Mapanare/mapanare/self/mnc-stage1)
==12688==    by 0x68C5B4: emit_llvm__build_internal_struct_list (in /mnt/c/Users/Juan/Documents/GitHub/Mapanare/mapanare/self/mnc-stage1)
==12688==    by 0x1: ???
==12688==    by 0x7: ???
==12688==    by 0x6AB71FF: ???
==12688==    by 0x7: ???
==12688==    by 0xF: ???
==12688== 
==12688== 14 bytes in 2 blocks are indirectly lost in loss record 286 of 853
==12688==    at 0x484D953: calloc (in /usr/libexec/valgrind/vgpreload_memcheck-amd64-linux.so)
==12688==    by 0x739049: __mn_alloc (in /mnt/c/Users/Juan/Documents/GitHub/Mapanare/mapanare/self/mnc-stage1)
==12688==    by 0x739C2E: __mn_str_concat (in /mnt/c/Users/Juan/Documents/GitHub/Mapanare/mapanare/self/mnc-stage1)
==12688==    by 0x731408: emit_llvm__emit_mir_function (in /mnt/c/Users/Juan/Documents/GitHub/Mapanare/mapanare/self/mnc-stage1)
==12688==    by 0x3F: ???
==12688== 
==12688== 14 bytes in 2 blocks are definitely lost in loss record 287 of 853
==12688==    at 0x484D953: calloc (in /usr/libexec/valgrind/vgpreload_memcheck-amd64-linux.so)
==12688==    by 0x739049: __mn_alloc (in /mnt/c/Users/Juan/Documents/GitHub/Mapanare/mapanare/self/mnc-stage1)
==12688==    by 0x73980B: __mn_str_from_parts (in /mnt/c/Users/Juan/Documents/GitHub/Mapanare/mapanare/self/mnc-stage1)
==12688==    by 0x5CCAB1: lower__lower_call_by_name (in /mnt/c/Users/Juan/Documents/GitHub/Mapanare/mapanare/self/mnc-stage1)
==12688== 
==12688== 14 bytes in 2 blocks are definitely lost in loss record 288 of 853
==12688==    at 0x484D953: calloc (in /usr/libexec/valgrind/vgpreload_memcheck-amd64-linux.so)
==12688==    by 0x739049: __mn_alloc (in /mnt/c/Users/Juan/Documents/GitHub/Mapanare/mapanare/self/mnc-stage1)
==12688==    by 0x73980B: __mn_str_from_parts (in /mnt/c/Users/Juan/Documents/GitHub/Mapanare/mapanare/self/mnc-stage1)
==12688==    by 0x5CCAD6: lower__lower_call_by_name (in /mnt/c/Users/Juan/Documents/GitHub/Mapanare/mapanare/self/mnc-stage1)
==12688== 
==12688== 14 bytes in 2 blocks are definitely lost in loss record 289 of 853
==12688==    at 0x484D953: calloc (in /usr/libexec/valgrind/vgpreload_memcheck-amd64-linux.so)
==12688==    by 0x739049: __mn_alloc (in /mnt/c/Users/Juan/Documents/GitHub/Mapanare/mapanare/self/mnc-stage1)
==12688==    by 0x739C2E: __mn_str_concat (in /mnt/c/Users/Juan/Documents/GitHub/Mapanare/mapanare/self/mnc-stage1)
==12688==    by 0x6B142B: emit_llvm__emit_const (in /mnt/c/Users/Juan/Documents/GitHub/Mapanare/mapanare/self/mnc-stage1)
==12688==    by 0x8000000000000002: ???
==12688== 
==12688== 15 bytes in 3 blocks are indirectly lost in loss record 290 of 853
==12688==    at 0x484D953: calloc (in /usr/libexec/valgrind/vgpreload_memcheck-amd64-linux.so)
==12688==    by 0x739049: __mn_alloc (in /mnt/c/Users/Juan/Documents/GitHub/Mapanare/mapanare/self/mnc-stage1)
==12688==    by 0x739C2E: __mn_str_concat (in /mnt/c/Users/Juan/Documents/GitHub/Mapanare/mapanare/self/mnc-stage1)
==12688==    by 0x4208EB: lexer__scan_string (in /mnt/c/Users/Juan/Documents/GitHub/Mapanare/mapanare/self/mnc-stage1)
==12688== 
==12688== 16 bytes in 1 blocks are indirectly lost in loss record 291 of 853
==12688==    at 0x4846828: malloc (in /usr/libexec/valgrind/vgpreload_memcheck-amd64-linux.so)
==12688==    by 0x434A5F: parser__parse_pattern_alt (in /mnt/c/Users/Juan/Documents/GitHub/Mapanare/mapanare/self/mnc-stage1)
==12688== 
==12688== 16 bytes in 1 blocks are indirectly lost in loss record 292 of 853
==12688==    at 0x4846828: malloc (in /usr/libexec/valgrind/vgpreload_memcheck-amd64-linux.so)
==12688==    by 0x434A5F: parser__parse_pattern_alt (in /mnt/c/Users/Juan/Documents/GitHub/Mapanare/mapanare/self/mnc-stage1)
==12688==    by 0x8: ???
==12688==    by 0x8000000000000004: ???
==12688==    by 0x6A7DCCF: ???
==12688== 
==12688== 16 bytes in 1 blocks are indirectly lost in loss record 293 of 853
==12688==    at 0x4846828: malloc (in /usr/libexec/valgrind/vgpreload_memcheck-amd64-linux.so)
==12688==    by 0x434A5F: parser__parse_pattern_alt (in /mnt/c/Users/Juan/Documents/GitHub/Mapanare/mapanare/self/mnc-stage1)
==12688==    by 0x8: ???
==12688==    by 0x8000000000000003: ???
==12688==    by 0x6A8016F: ???
==12688== 
==12688== 16 bytes in 1 blocks are indirectly lost in loss record 294 of 853
==12688==    at 0x4846828: malloc (in /usr/libexec/valgrind/vgpreload_memcheck-amd64-linux.so)
==12688==    by 0x433DCD: parser__parse_match_expr (in /mnt/c/Users/Juan/Documents/GitHub/Mapanare/mapanare/self/mnc-stage1)
==12688== 
==12688== 16 bytes in 1 blocks are indirectly lost in loss record 295 of 853
==12688==    at 0x4846828: malloc (in /usr/libexec/valgrind/vgpreload_memcheck-amd64-linux.so)
==12688==    by 0x433542: parser__parse_atom (in /mnt/c/Users/Juan/Documents/GitHub/Mapanare/mapanare/self/mnc-stage1)
==12688==    by 0x4B: ???
==12688==    by 0x3E: ???
==12688== 
==12688== 16 bytes in 1 blocks are indirectly lost in loss record 296 of 853
==12688==    at 0x4846828: malloc (in /usr/libexec/valgrind/vgpreload_memcheck-amd64-linux.so)
==12688==    by 0x433542: parser__parse_atom (in /mnt/c/Users/Juan/Documents/GitHub/Mapanare/mapanare/self/mnc-stage1)
==12688==    by 0x4B: ???
==12688==    by 0x45: ???
==12688== 
==12688== 16 bytes in 1 blocks are indirectly lost in loss record 297 of 853
==12688==    at 0x484D953: calloc (in /usr/libexec/valgrind/vgpreload_memcheck-amd64-linux.so)
==12688==    by 0x739049: __mn_alloc (in /mnt/c/Users/Juan/Documents/GitHub/Mapanare/mapanare/self/mnc-stage1)
==12688==    by 0x739C2E: __mn_str_concat (in /mnt/c/Users/Juan/Documents/GitHub/Mapanare/mapanare/self/mnc-stage1)
==12688==    by 0x68A891: emit_llvm__build_internal_struct_list (in /mnt/c/Users/Juan/Documents/GitHub/Mapanare/mapanare/self/mnc-stage1)
==12688==    by 0x2: ???
==12688==    by 0x7: ???
==12688==    by 0x6AB4ABF: ???
==12688==    by 0x7: ???
==12688==    by 0xF: ???
==12688== 
==12688== 16 bytes in 1 blocks are indirectly lost in loss record 298 of 853
==12688==    at 0x484D953: calloc (in /usr/libexec/valgrind/vgpreload_memcheck-amd64-linux.so)
==12688==    by 0x739049: __mn_alloc (in /mnt/c/Users/Juan/Documents/GitHub/Mapanare/mapanare/self/mnc-stage1)
==12688==    by 0x739C2E: __mn_str_concat (in /mnt/c/Users/Juan/Documents/GitHub/Mapanare/mapanare/self/mnc-stage1)
==12688==    by 0x68AA80: emit_llvm__build_internal_struct_list (in /mnt/c/Users/Juan/Documents/GitHub/Mapanare/mapanare/self/mnc-stage1)
==12688==    by 0x2: ???
==12688==    by 0x7: ???
==12688==    by 0x6AB4BDF: ???
==12688==    by 0x7: ???
==12688==    by 0xF: ???
==12688== 
==12688== 16 bytes in 1 blocks are indirectly lost in loss record 299 of 853
==12688==    at 0x484D953: calloc (in /usr/libexec/valgrind/vgpreload_memcheck-amd64-linux.so)
==12688==    by 0x739049: __mn_alloc (in /mnt/c/Users/Juan/Documents/GitHub/Mapanare/mapanare/self/mnc-stage1)
==12688==    by 0x739C2E: __mn_str_concat (in /mnt/c/Users/Juan/Documents/GitHub/Mapanare/mapanare/self/mnc-stage1)
==12688==    by 0x68C3F9: emit_llvm__build_internal_struct_list (in /mnt/c/Users/Juan/Documents/GitHub/Mapanare/mapanare/self/mnc-stage1)
==12688==    by 0x2: ???
==12688==    by 0x7: ???
==12688==    by 0x6AB70DF: ???
==12688==    by 0x7: ???
==12688==    by 0xF: ???
==12688== 
==12688== 16 bytes in 2 blocks are indirectly lost in loss record 300 of 853
==12688==    at 0x484D953: calloc (in /usr/libexec/valgrind/vgpreload_memcheck-amd64-linux.so)
==12688==    by 0x739049: __mn_alloc (in /mnt/c/Users/Juan/Documents/GitHub/Mapanare/mapanare/self/mnc-stage1)
==12688==    by 0x73980B: __mn_str_from_parts (in /mnt/c/Users/Juan/Documents/GitHub/Mapanare/mapanare/self/mnc-stage1)
==12688==    by 0x4D0E08: lower__lower_fn (in /mnt/c/Users/Juan/Documents/GitHub/Mapanare/mapanare/self/mnc-stage1)
==12688== 
==12688== 16 bytes in 1 blocks are definitely lost in loss record 301 of 853
==12688==    at 0x4846828: malloc (in /usr/libexec/valgrind/vgpreload_memcheck-amd64-linux.so)
==12688==    by 0x73DDF9: __mn_range (in /mnt/c/Users/Juan/Documents/GitHub/Mapanare/mapanare/self/mnc-stage1)
==12688==    by 0x423BE0: parser__parse (in /mnt/c/Users/Juan/Documents/GitHub/Mapanare/mapanare/self/mnc-stage1)
==12688== 
==12688== 16 bytes in 1 blocks are definitely lost in loss record 302 of 853
==12688==    at 0x4846828: malloc (in /usr/libexec/valgrind/vgpreload_memcheck-amd64-linux.so)
==12688==    by 0x73DDF9: __mn_range (in /mnt/c/Users/Juan/Documents/GitHub/Mapanare/mapanare/self/mnc-stage1)
==12688==    by 0x42308E: parser__skip_semis (in /mnt/c/Users/Juan/Documents/GitHub/Mapanare/mapanare/self/mnc-stage1)
==12688==    by 0x1: ???
==12688==    by 0x751AE7: ??? (in /mnt/c/Users/Juan/Documents/GitHub/Mapanare/mapanare/self/mnc-stage1)
==12688==    by 0x5: ???
==12688==    by 0x751AEF: ??? (in /mnt/c/Users/Juan/Documents/GitHub/Mapanare/mapanare/self/mnc-stage1)
==12688== 
==12688== 16 bytes in 1 blocks are definitely lost in loss record 303 of 853
==12688==    at 0x4846828: malloc (in /usr/libexec/valgrind/vgpreload_memcheck-amd64-linux.so)
==12688==    by 0x73DDF9: __mn_range (in /mnt/c/Users/Juan/Documents/GitHub/Mapanare/mapanare/self/mnc-stage1)
==12688==    by 0x428FF1: parser__parse_enum_body (in /mnt/c/Users/Juan/Documents/GitHub/Mapanare/mapanare/self/mnc-stage1)
==12688== 
==12688== 16 bytes in 1 blocks are definitely lost in loss record 304 of 853
==12688==    at 0x4846828: malloc (in /usr/libexec/valgrind/vgpreload_memcheck-amd64-linux.so)
==12688==    by 0x73DDF9: __mn_range (in /mnt/c/Users/Juan/Documents/GitHub/Mapanare/mapanare/self/mnc-stage1)
==12688==    by 0x42308E: parser__skip_semis (in /mnt/c/Users/Juan/Documents/GitHub/Mapanare/mapanare/self/mnc-stage1)
==12688==    by 0x6A8860F: ???
==12688== 
==12688== 16 bytes in 1 blocks are definitely lost in loss record 305 of 853
==12688==    at 0x4846828: malloc (in /usr/libexec/valgrind/vgpreload_memcheck-amd64-linux.so)
==12688==    by 0x73DDF9: __mn_range (in /mnt/c/Users/Juan/Documents/GitHub/Mapanare/mapanare/self/mnc-stage1)
==12688==    by 0x42308E: parser__skip_semis (in /mnt/c/Users/Juan/Documents/GitHub/Mapanare/mapanare/self/mnc-stage1)
==12688==    by 0x6A8896F: ???
==12688== 
==12688== 16 bytes in 1 blocks are definitely lost in loss record 306 of 853
==12688==    at 0x4846828: malloc (in /usr/libexec/valgrind/vgpreload_memcheck-amd64-linux.so)
==12688==    by 0x73DDF9: __mn_range (in /mnt/c/Users/Juan/Documents/GitHub/Mapanare/mapanare/self/mnc-stage1)
==12688==    by 0x42308E: parser__skip_semis (in /mnt/c/Users/Juan/Documents/GitHub/Mapanare/mapanare/self/mnc-stage1)
==12688==    by 0x6A889BF: ???
==12688== 
==12688== 16 bytes in 1 blocks are definitely lost in loss record 307 of 853
==12688==    at 0x4846828: malloc (in /usr/libexec/valgrind/vgpreload_memcheck-amd64-linux.so)
==12688==    by 0x73DDF9: __mn_range (in /mnt/c/Users/Juan/Documents/GitHub/Mapanare/mapanare/self/mnc-stage1)
==12688==    by 0x42308E: parser__skip_semis (in /mnt/c/Users/Juan/Documents/GitHub/Mapanare/mapanare/self/mnc-stage1)
==12688==    by 0x6A8856F: ???
==12688== 
==12688== 16 bytes in 1 blocks are definitely lost in loss record 308 of 853
==12688==    at 0x4846828: malloc (in /usr/libexec/valgrind/vgpreload_memcheck-amd64-linux.so)
==12688==    by 0x73DDF9: __mn_range (in /mnt/c/Users/Juan/Documents/GitHub/Mapanare/mapanare/self/mnc-stage1)
==12688==    by 0x4272DB: parser__parse_fn_params (in /mnt/c/Users/Juan/Documents/GitHub/Mapanare/mapanare/self/mnc-stage1)
==12688==    by 0x8: ???
==12688==    by 0xB: ???
==12688==    by 0x2: ???
==12688== 
==12688== 16 bytes in 1 blocks are definitely lost in loss record 309 of 853
==12688==    at 0x4846828: malloc (in /usr/libexec/valgrind/vgpreload_memcheck-amd64-linux.so)
==12688==    by 0x73DDF9: __mn_range (in /mnt/c/Users/Juan/Documents/GitHub/Mapanare/mapanare/self/mnc-stage1)
==12688==    by 0x42EB95: parser__parse_block (in /mnt/c/Users/Juan/Documents/GitHub/Mapanare/mapanare/self/mnc-stage1)
==12688== 
==12688== 16 bytes in 1 blocks are definitely lost in loss record 310 of 853
==12688==    at 0x4846828: malloc (in /usr/libexec/valgrind/vgpreload_memcheck-amd64-linux.so)
==12688==    by 0x73DDF9: __mn_range (in /mnt/c/Users/Juan/Documents/GitHub/Mapanare/mapanare/self/mnc-stage1)
==12688==    by 0x4306E0: parser__parse_postfix (in /mnt/c/Users/Juan/Documents/GitHub/Mapanare/mapanare/self/mnc-stage1)
==12688==    by 0x14: ???
==12688==    by 0x6A8910F: ???
==12688==    by 0x5: ???
==12688== 
==12688== 16 bytes in 1 blocks are definitely lost in loss record 311 of 853
==12688==    at 0x4846828: malloc (in /usr/libexec/valgrind/vgpreload_memcheck-amd64-linux.so)
==12688==    by 0x73DDF9: __mn_range (in /mnt/c/Users/Juan/Documents/GitHub/Mapanare/mapanare/self/mnc-stage1)
==12688==    by 0x433B5C: parser__parse_match_expr (in /mnt/c/Users/Juan/Documents/GitHub/Mapanare/mapanare/self/mnc-stage1)
==12688== 
==12688== 16 bytes in 1 blocks are definitely lost in loss record 312 of 853
==12688==    at 0x4846828: malloc (in /usr/libexec/valgrind/vgpreload_memcheck-amd64-linux.so)
==12688==    by 0x73DDF9: __mn_range (in /mnt/c/Users/Juan/Documents/GitHub/Mapanare/mapanare/self/mnc-stage1)
==12688==    by 0x42EB95: parser__parse_block (in /mnt/c/Users/Juan/Documents/GitHub/Mapanare/mapanare/self/mnc-stage1)
==12688==    by 0x6A84C7F: ???
==12688==    by 0x18: ???
==12688== 
==12688== 16 bytes in 1 blocks are definitely lost in loss record 313 of 853
==12688==    at 0x4846828: malloc (in /usr/libexec/valgrind/vgpreload_memcheck-amd64-linux.so)
==12688==    by 0x73DDF9: __mn_range (in /mnt/c/Users/Juan/Documents/GitHub/Mapanare/mapanare/self/mnc-stage1)
==12688==    by 0x42308E: parser__skip_semis (in /mnt/c/Users/Juan/Documents/GitHub/Mapanare/mapanare/self/mnc-stage1)
==12688==    by 0x7F: ???
==12688==    by 0x739F8C: __mn_str_eq (in /mnt/c/Users/Juan/Documents/GitHub/Mapanare/mapanare/self/mnc-stage1)
==12688==    by 0x422FF4: parser__expect (in /mnt/c/Users/Juan/Documents/GitHub/Mapanare/mapanare/self/mnc-stage1)
==12688==    by 0x4B: ???
==12688==    by 0x6A84C7F: ???
==12688==    by 0x4B: ???
==12688==    by 0x7F: ???
==12688==    by 0x3F: ???
==12688==    by 0x6A892EF: ???
==12688==    by 0x1101: ???
==12688==    by 0x580053FF: ??? (in /usr/libexec/valgrind/memcheck-amd64-linux)
==12688==    by 0xF: ???
==12688== 
==12688== 16 bytes in 1 blocks are definitely lost in loss record 314 of 853
==12688==    at 0x4846828: malloc (in /usr/libexec/valgrind/vgpreload_memcheck-amd64-linux.so)
==12688==    by 0x73DDF9: __mn_range (in /mnt/c/Users/Juan/Documents/GitHub/Mapanare/mapanare/self/mnc-stage1)
==12688==    by 0x4306E0: parser__parse_postfix (in /mnt/c/Users/Juan/Documents/GitHub/Mapanare/mapanare/self/mnc-stage1)
==12688==    by 0x1A: ???
==12688==    by 0x6A894CF: ???
==12688==    by 0x1: ???
==12688== 
==12688== 16 bytes in 1 blocks are definitely lost in loss record 315 of 853
==12688==    at 0x4846828: malloc (in /usr/libexec/valgrind/vgpreload_memcheck-amd64-linux.so)
==12688==    by 0x73DDF9: __mn_range (in /mnt/c/Users/Juan/Documents/GitHub/Mapanare/mapanare/self/mnc-stage1)
==12688==    by 0x42308E: parser__skip_semis (in /mnt/c/Users/Juan/Documents/GitHub/Mapanare/mapanare/self/mnc-stage1)
==12688==    by 0x6A8933F: ???
==12688== 
==12688== 16 bytes in 1 blocks are definitely lost in loss record 316 of 853
==12688==    at 0x4846828: malloc (in /usr/libexec/valgrind/vgpreload_memcheck-amd64-linux.so)
==12688==    by 0x73DDF9: __mn_range (in /mnt/c/Users/Juan/Documents/GitHub/Mapanare/mapanare/self/mnc-stage1)
==12688==    by 0x42308E: parser__skip_semis (in /mnt/c/Users/Juan/Documents/GitHub/Mapanare/mapanare/self/mnc-stage1)
==12688==    by 0x6A8929F: ???
==12688== 
==12688== 16 bytes in 1 blocks are definitely lost in loss record 317 of 853
==12688==    at 0x4846828: malloc (in /usr/libexec/valgrind/vgpreload_memcheck-amd64-linux.so)
==12688==    by 0x73DDF9: __mn_range (in /mnt/c/Users/Juan/Documents/GitHub/Mapanare/mapanare/self/mnc-stage1)
==12688==    by 0x42EB95: parser__parse_block (in /mnt/c/Users/Juan/Documents/GitHub/Mapanare/mapanare/self/mnc-stage1)
==12688==    by 0x6A84C7F: ???
==12688==    by 0x1F: ???
==12688== 
==12688== 16 bytes in 1 blocks are definitely lost in loss record 318 of 853
==12688==    at 0x4846828: malloc (in /usr/libexec/valgrind/vgpreload_memcheck-amd64-linux.so)
==12688==    by 0x73DDF9: __mn_range (in /mnt/c/Users/Juan/Documents/GitHub/Mapanare/mapanare/self/mnc-stage1)
==12688==    by 0x42308E: parser__skip_semis (in /mnt/c/Users/Juan/Documents/GitHub/Mapanare/mapanare/self/mnc-stage1)
==12688==    by 0x7F: ???
==12688==    by 0x739F8C: __mn_str_eq (in /mnt/c/Users/Juan/Documents/GitHub/Mapanare/mapanare/self/mnc-stage1)
==12688==    by 0x422FF4: parser__expect (in /mnt/c/Users/Juan/Documents/GitHub/Mapanare/mapanare/self/mnc-stage1)
==12688==    by 0x4B: ???
==12688==    by 0x6A84C7F: ???
==12688==    by 0x4B: ???
==12688==    by 0x7F: ???
==12688==    by 0x3F: ???
==12688==    by 0x6A89B7F: ???
==12688==    by 0x1101: ???
==12688==    by 0x580053FF: ??? (in /usr/libexec/valgrind/memcheck-amd64-linux)
==12688==    by 0xF: ???
==12688== 
==12688== 16 bytes in 1 blocks are definitely lost in loss record 319 of 853
==12688==    at 0x4846828: malloc (in /usr/libexec/valgrind/vgpreload_memcheck-amd64-linux.so)
==12688==    by 0x73DDF9: __mn_range (in /mnt/c/Users/Juan/Documents/GitHub/Mapanare/mapanare/self/mnc-stage1)
==12688==    by 0x4306E0: parser__parse_postfix (in /mnt/c/Users/Juan/Documents/GitHub/Mapanare/mapanare/self/mnc-stage1)
==12688==    by 0x21: ???
==12688==    by 0x6A89DFF: ???
==12688==    by 0x1: ???
==12688== 
==12688== 16 bytes in 1 blocks are definitely lost in loss record 320 of 853
==12688==    at 0x4846828: malloc (in /usr/libexec/valgrind/vgpreload_memcheck-amd64-linux.so)
==12688==    by 0x73DDF9: __mn_range (in /mnt/c/Users/Juan/Documents/GitHub/Mapanare/mapanare/self/mnc-stage1)
==12688==    by 0x42308E: parser__skip_semis (in /mnt/c/Users/Juan/Documents/GitHub/Mapanare/mapanare/self/mnc-stage1)
==12688==    by 0x6A89BCF: ???
==12688== 
==12688== 16 bytes in 1 blocks are definitely lost in loss record 321 of 853
==12688==    at 0x4846828: malloc (in /usr/libexec/valgrind/vgpreload_memcheck-amd64-linux.so)
==12688==    by 0x73DDF9: __mn_range (in /mnt/c/Users/Juan/Documents/GitHub/Mapanare/mapanare/self/mnc-stage1)
==12688==    by 0x42308E: parser__skip_semis (in /mnt/c/Users/Juan/Documents/GitHub/Mapanare/mapanare/self/mnc-stage1)
==12688==    by 0x6A89B2F: ???
==12688== 
==12688== 16 bytes in 1 blocks are definitely lost in loss record 322 of 853
==12688==    at 0x4846828: malloc (in /usr/libexec/valgrind/vgpreload_memcheck-amd64-linux.so)
==12688==    by 0x73DDF9: __mn_range (in /mnt/c/Users/Juan/Documents/GitHub/Mapanare/mapanare/self/mnc-stage1)
==12688==    by 0x42EB95: parser__parse_block (in /mnt/c/Users/Juan/Documents/GitHub/Mapanare/mapanare/self/mnc-stage1)
==12688==    by 0x6A84C7F: ???
==12688==    by 0x26: ???
==12688== 
==12688== 16 bytes in 1 blocks are definitely lost in loss record 323 of 853
==12688==    at 0x4846828: malloc (in /usr/libexec/valgrind/vgpreload_memcheck-amd64-linux.so)
==12688==    by 0x73DDF9: __mn_range (in /mnt/c/Users/Juan/Documents/GitHub/Mapanare/mapanare/self/mnc-stage1)
==12688==    by 0x42308E: parser__skip_semis (in /mnt/c/Users/Juan/Documents/GitHub/Mapanare/mapanare/self/mnc-stage1)
==12688==    by 0x7F: ???
==12688==    by 0x739F8C: __mn_str_eq (in /mnt/c/Users/Juan/Documents/GitHub/Mapanare/mapanare/self/mnc-stage1)
==12688==    by 0x422FF4: parser__expect (in /mnt/c/Users/Juan/Documents/GitHub/Mapanare/mapanare/self/mnc-stage1)
==12688==    by 0x4B: ???
==12688==    by 0x6A84C7F: ???
==12688==    by 0x4B: ???
==12688==    by 0x7F: ???
==12688==    by 0x3F: ???
==12688==    by 0x6A8A19F: ???
==12688==    by 0x1101: ???
==12688==    by 0x580053FF: ??? (in /usr/libexec/valgrind/memcheck-amd64-linux)
==12688==    by 0xF: ???
==12688== 
==12688== 16 bytes in 1 blocks are definitely lost in loss record 324 of 853
==12688==    at 0x4846828: malloc (in /usr/libexec/valgrind/vgpreload_memcheck-amd64-linux.so)
==12688==    by 0x73DDF9: __mn_range (in /mnt/c/Users/Juan/Documents/GitHub/Mapanare/mapanare/self/mnc-stage1)
==12688==    by 0x4306E0: parser__parse_postfix (in /mnt/c/Users/Juan/Documents/GitHub/Mapanare/mapanare/self/mnc-stage1)
==12688==    by 0x28: ???
==12688==    by 0x6A8A3CF: ???
==12688==    by 0x1: ???
==12688== 
==12688== 16 bytes in 1 blocks are definitely lost in loss record 325 of 853
==12688==    at 0x4846828: malloc (in /usr/libexec/valgrind/vgpreload_memcheck-amd64-linux.so)
==12688==    by 0x73DDF9: __mn_range (in /mnt/c/Users/Juan/Documents/GitHub/Mapanare/mapanare/self/mnc-stage1)
==12688==    by 0x42308E: parser__skip_semis (in /mnt/c/Users/Juan/Documents/GitHub/Mapanare/mapanare/self/mnc-stage1)
==12688==    by 0x6A8A1EF: ???
==12688== 
==12688== 16 bytes in 1 blocks are definitely lost in loss record 326 of 853
==12688==    at 0x4846828: malloc (in /usr/libexec/valgrind/vgpreload_memcheck-amd64-linux.so)
==12688==    by 0x73DDF9: __mn_range (in /mnt/c/Users/Juan/Documents/GitHub/Mapanare/mapanare/self/mnc-stage1)
==12688==    by 0x42308E: parser__skip_semis (in /mnt/c/Users/Juan/Documents/GitHub/Mapanare/mapanare/self/mnc-stage1)
==12688==    by 0x6A8A14F: ???
==12688== 
==12688== 16 bytes in 1 blocks are definitely lost in loss record 327 of 853
==12688==    at 0x4846828: malloc (in /usr/libexec/valgrind/vgpreload_memcheck-amd64-linux.so)
==12688==    by 0x73DDF9: __mn_range (in /mnt/c/Users/Juan/Documents/GitHub/Mapanare/mapanare/self/mnc-stage1)
==12688==    by 0x4306E0: parser__parse_postfix (in /mnt/c/Users/Juan/Documents/GitHub/Mapanare/mapanare/self/mnc-stage1)
==12688==    by 0x2A: ???
==12688==    by 0x6A8A71F: ???
==12688==    by 0x1F: ???
==12688== 
==12688== 16 bytes in 1 blocks are definitely lost in loss record 328 of 853
==12688==    at 0x4846828: malloc (in /usr/libexec/valgrind/vgpreload_memcheck-amd64-linux.so)
==12688==    by 0x73DDF9: __mn_range (in /mnt/c/Users/Juan/Documents/GitHub/Mapanare/mapanare/self/mnc-stage1)
==12688==    by 0x42308E: parser__skip_semis (in /mnt/c/Users/Juan/Documents/GitHub/Mapanare/mapanare/self/mnc-stage1)
==12688==    by 0x6A890BF: ???
==12688== 
==12688== 16 bytes in 1 blocks are definitely lost in loss record 329 of 853
==12688==    at 0x4846828: malloc (in /usr/libexec/valgrind/vgpreload_memcheck-amd64-linux.so)
==12688==    by 0x73DDF9: __mn_range (in /mnt/c/Users/Juan/Documents/GitHub/Mapanare/mapanare/self/mnc-stage1)
==12688==    by 0x42308E: parser__skip_semis (in /mnt/c/Users/Juan/Documents/GitHub/Mapanare/mapanare/self/mnc-stage1)
==12688==    by 0x6A88BFF: ???
==12688== 
==12688== 16 bytes in 1 blocks are definitely lost in loss record 330 of 853
==12688==    at 0x4846828: malloc (in /usr/libexec/valgrind/vgpreload_memcheck-amd64-linux.so)
==12688==    by 0x73DDF9: __mn_range (in /mnt/c/Users/Juan/Documents/GitHub/Mapanare/mapanare/self/mnc-stage1)
==12688==    by 0x42EB95: parser__parse_block (in /mnt/c/Users/Juan/Documents/GitHub/Mapanare/mapanare/self/mnc-stage1)
==12688==    by 0x6A8906F: ???
==12688==    by 0x30: ???
==12688== 
==12688== 16 bytes in 1 blocks are definitely lost in loss record 331 of 853
==12688==    at 0x4846828: malloc (in /usr/libexec/valgrind/vgpreload_memcheck-amd64-linux.so)
==12688==    by 0x73DDF9: __mn_range (in /mnt/c/Users/Juan/Documents/GitHub/Mapanare/mapanare/self/mnc-stage1)
==12688==    by 0x42308E: parser__skip_semis (in /mnt/c/Users/Juan/Documents/GitHub/Mapanare/mapanare/self/mnc-stage1)
==12688==    by 0x6A8A99F: ???
==12688==    by 0x739F8C: __mn_str_eq (in /mnt/c/Users/Juan/Documents/GitHub/Mapanare/mapanare/self/mnc-stage1)
==12688==    by 0x422FF4: parser__expect (in /mnt/c/Users/Juan/Documents/GitHub/Mapanare/mapanare/self/mnc-stage1)
==12688==    by 0x7F: ???
==12688==    by 0x6A84C7F: ???
==12688==    by 0x4B: ???
==12688==    by 0x7F: ???
==12688==    by 0x3F: ???
==12688==    by 0x6A8AB8F: ???
==12688==    by 0x1101: ???
==12688==    by 0x580053FF: ??? (in /usr/libexec/valgrind/memcheck-amd64-linux)
==12688==    by 0xF: ???
==12688== 
==12688== 16 bytes in 1 blocks are definitely lost in loss record 332 of 853
==12688==    at 0x4846828: malloc (in /usr/libexec/valgrind/vgpreload_memcheck-amd64-linux.so)
==12688==    by 0x73DDF9: __mn_range (in /mnt/c/Users/Juan/Documents/GitHub/Mapanare/mapanare/self/mnc-stage1)
==12688==    by 0x4306E0: parser__parse_postfix (in /mnt/c/Users/Juan/Documents/GitHub/Mapanare/mapanare/self/mnc-stage1)
==12688==    by 0x36: ???
==12688==    by 0x6A8ACCF: ???
==12688==    by 0x5: ???
==12688== 
==12688== 16 bytes in 1 blocks are definitely lost in loss record 333 of 853
==12688==    at 0x4846828: malloc (in /usr/libexec/valgrind/vgpreload_memcheck-amd64-linux.so)
==12688==    by 0x73DDF9: __mn_range (in /mnt/c/Users/Juan/Documents/GitHub/Mapanare/mapanare/self/mnc-stage1)
==12688==    by 0x42308E: parser__skip_semis (in /mnt/c/Users/Juan/Documents/GitHub/Mapanare/mapanare/self/mnc-stage1)
==12688==    by 0x6A8ABDF: ???
==12688== 
==12688== 16 bytes in 1 blocks are definitely lost in loss record 334 of 853
==12688==    at 0x4846828: malloc (in /usr/libexec/valgrind/vgpreload_memcheck-amd64-linux.so)
==12688==    by 0x73DDF9: __mn_range (in /mnt/c/Users/Juan/Documents/GitHub/Mapanare/mapanare/self/mnc-stage1)
==12688==    by 0x4306E0: parser__parse_postfix (in /mnt/c/Users/Juan/Documents/GitHub/Mapanare/mapanare/self/mnc-stage1)
==12688==    by 0x3C: ???
==12688==    by 0x6A8AFFF: ???
==12688==    by 0x5: ???
==12688== 
==12688== 16 bytes in 1 blocks are definitely lost in loss record 335 of 853
==12688==    at 0x4846828: malloc (in /usr/libexec/valgrind/vgpreload_memcheck-amd64-linux.so)
==12688==    by 0x73DDF9: __mn_range (in /mnt/c/Users/Juan/Documents/GitHub/Mapanare/mapanare/self/mnc-stage1)
==12688==    by 0x42308E: parser__skip_semis (in /mnt/c/Users/Juan/Documents/GitHub/Mapanare/mapanare/self/mnc-stage1)
==12688==    by 0x6A8AF0F: ???
==12688== 
==12688== 16 bytes in 1 blocks are definitely lost in loss record 336 of 853
==12688==    at 0x4846828: malloc (in /usr/libexec/valgrind/vgpreload_memcheck-amd64-linux.so)
==12688==    by 0x73DDF9: __mn_range (in /mnt/c/Users/Juan/Documents/GitHub/Mapanare/mapanare/self/mnc-stage1)
==12688==    by 0x4306E0: parser__parse_postfix (in /mnt/c/Users/Juan/Documents/GitHub/Mapanare/mapanare/self/mnc-stage1)
==12688==    by 0x3D: ???
==12688==    by 0x6A8B1BF: ???
==12688==    by 0x5: ???
==12688==    by 0x6A84C7F: ???
==12688==    by 0x4B: ???
==12688==    by 0x7F: ???
==12688==    by 0x3F: ???
==12688==    by 0x6A8B09F: ???
==12688==    by 0x1101: ???
==12688==    by 0x580053FF: ??? (in /usr/libexec/valgrind/memcheck-amd64-linux)
==12688==    by 0xF: ???
==12688== 
==12688== 16 bytes in 1 blocks are definitely lost in loss record 337 of 853
==12688==    at 0x4846828: malloc (in /usr/libexec/valgrind/vgpreload_memcheck-amd64-linux.so)
==12688==    by 0x73DDF9: __mn_range (in /mnt/c/Users/Juan/Documents/GitHub/Mapanare/mapanare/self/mnc-stage1)
==12688==    by 0x4306E0: parser__parse_postfix (in /mnt/c/Users/Juan/Documents/GitHub/Mapanare/mapanare/self/mnc-stage1)
==12688==    by 0x3F: ???
==12688==    by 0x6A8B25F: ???
==12688==    by 0x5: ???
==12688== 
==12688== 16 bytes in 1 blocks are definitely lost in loss record 338 of 853
==12688==    at 0x4846828: malloc (in /usr/libexec/valgrind/vgpreload_memcheck-amd64-linux.so)
==12688==    by 0x73DDF9: __mn_range (in /mnt/c/Users/Juan/Documents/GitHub/Mapanare/mapanare/self/mnc-stage1)
==12688==    by 0x4306E0: parser__parse_postfix (in /mnt/c/Users/Juan/Documents/GitHub/Mapanare/mapanare/self/mnc-stage1)
==12688==    by 0x41: ???
==12688==    by 0x6A8B2FF: ???
==12688==    by 0x5: ???
==12688==    by 0x14: ???
==12688==    by 0x6A84C7F: ???
==12688==    by 0x433542: parser__parse_atom (in /mnt/c/Users/Juan/Documents/GitHub/Mapanare/mapanare/self/mnc-stage1)
==12688== 
==12688== 16 bytes in 1 blocks are definitely lost in loss record 339 of 853
==12688==    at 0x4846828: malloc (in /usr/libexec/valgrind/vgpreload_memcheck-amd64-linux.so)
==12688==    by 0x73DDF9: __mn_range (in /mnt/c/Users/Juan/Documents/GitHub/Mapanare/mapanare/self/mnc-stage1)
==12688==    by 0x42FA6B: parser__parse_expr (in /mnt/c/Users/Juan/Documents/GitHub/Mapanare/mapanare/self/mnc-stage1)
==12688==    by 0x4B: ???
==12688==    by 0x8: ???
==12688==    by 0x6A8B73F: ???
==12688==    by 0x3F: ???
==12688==    by 0x4B: ???
==12688==    by 0x7F: ???
==12688==    by 0x6A84C7F: ???
==12688==    by 0x6A84C7F: ???
==12688==    by 0x4B: ???
==12688==    by 0x7F: ???
==12688==    by 0x3F: ???
==12688== 
==12688== 16 bytes in 1 blocks are definitely lost in loss record 340 of 853
==12688==    at 0x4846828: malloc (in /usr/libexec/valgrind/vgpreload_memcheck-amd64-linux.so)
==12688==    by 0x73DDF9: __mn_range (in /mnt/c/Users/Juan/Documents/GitHub/Mapanare/mapanare/self/mnc-stage1)
==12688==    by 0x42308E: parser__skip_semis (in /mnt/c/Users/Juan/Documents/GitHub/Mapanare/mapanare/self/mnc-stage1)
==12688==    by 0x6A8B16F: ???
==12688== 
==12688== 16 bytes in 1 blocks are definitely lost in loss record 341 of 853
==12688==    at 0x4846828: malloc (in /usr/libexec/valgrind/vgpreload_memcheck-amd64-linux.so)
==12688==    by 0x73DDF9: __mn_range (in /mnt/c/Users/Juan/Documents/GitHub/Mapanare/mapanare/self/mnc-stage1)
==12688==    by 0x4306E0: parser__parse_postfix (in /mnt/c/Users/Juan/Documents/GitHub/Mapanare/mapanare/self/mnc-stage1)
==12688==    by 0x44: ???
==12688==    by 0x6A8B8EF: ???
==12688==    by 0x5: ???
==12688== 
==12688== 16 bytes in 1 blocks are definitely lost in loss record 342 of 853
==12688==    at 0x4846828: malloc (in /usr/libexec/valgrind/vgpreload_memcheck-amd64-linux.so)
==12688==    by 0x73DDF9: __mn_range (in /mnt/c/Users/Juan/Documents/GitHub/Mapanare/mapanare/self/mnc-stage1)
==12688==    by 0x4306E0: parser__parse_postfix (in /mnt/c/Users/Juan/Documents/GitHub/Mapanare/mapanare/self/mnc-stage1)
==12688==    by 0x46: ???
==12688==    by 0x6A8B98F: ???
==12688==    by 0x5: ???
==12688== 
==12688== 16 bytes in 1 blocks are definitely lost in loss record 343 of 853
==12688==    at 0x4846828: malloc (in /usr/libexec/valgrind/vgpreload_memcheck-amd64-linux.so)
==12688==    by 0x73DDF9: __mn_range (in /mnt/c/Users/Juan/Documents/GitHub/Mapanare/mapanare/self/mnc-stage1)
==12688==    by 0x4306E0: parser__parse_postfix (in /mnt/c/Users/Juan/Documents/GitHub/Mapanare/mapanare/self/mnc-stage1)
==12688==    by 0x48: ???
==12688==    by 0x6A8BA2F: ???
==12688==    by 0x5: ???
==12688== 
==12688== 16 bytes in 1 blocks are definitely lost in loss record 344 of 853
==12688==    at 0x4846828: malloc (in /usr/libexec/valgrind/vgpreload_memcheck-amd64-linux.so)
==12688==    by 0x73DDF9: __mn_range (in /mnt/c/Users/Juan/Documents/GitHub/Mapanare/mapanare/self/mnc-stage1)
==12688==    by 0x42FA6B: parser__parse_expr (in /mnt/c/Users/Juan/Documents/GitHub/Mapanare/mapanare/self/mnc-stage1)
==12688==    by 0x4B: ???
==12688==    by 0x8: ???
==12688==    by 0x6A8BE6F: ???
==12688==    by 0x3F: ???
==12688==    by 0x4B: ???
==12688==    by 0x7F: ???
==12688==    by 0x6A84C7F: ???
==12688==    by 0x6A84C7F: ???
==12688==    by 0x4B: ???
==12688==    by 0x7F: ???
==12688==    by 0x3F: ???
==12688== 
==12688== 16 bytes in 1 blocks are definitely lost in loss record 345 of 853
==12688==    at 0x4846828: malloc (in /usr/libexec/valgrind/vgpreload_memcheck-amd64-linux.so)
==12688==    by 0x73DDF9: __mn_range (in /mnt/c/Users/Juan/Documents/GitHub/Mapanare/mapanare/self/mnc-stage1)
==12688==    by 0x42308E: parser__skip_semis (in /mnt/c/Users/Juan/Documents/GitHub/Mapanare/mapanare/self/mnc-stage1)
==12688==    by 0x6A8B89F: ???
==12688== 
==12688== 16 bytes in 1 blocks are definitely lost in loss record 346 of 853
==12688==    at 0x4846828: malloc (in /usr/libexec/valgrind/vgpreload_memcheck-amd64-linux.so)
==12688==    by 0x73DDF9: __mn_range (in /mnt/c/Users/Juan/Documents/GitHub/Mapanare/mapanare/self/mnc-stage1)
==12688==    by 0x42308E: parser__skip_semis (in /mnt/c/Users/Juan/Documents/GitHub/Mapanare/mapanare/self/mnc-stage1)
==12688==    by 0x6A8AB3F: ???
==12688== 
==12688== 16 bytes in 1 blocks are definitely lost in loss record 347 of 853
==12688==    at 0x4846828: malloc (in /usr/libexec/valgrind/vgpreload_memcheck-amd64-linux.so)
==12688==    by 0x73DDF9: __mn_range (in /mnt/c/Users/Juan/Documents/GitHub/Mapanare/mapanare/self/mnc-stage1)
==12688==    by 0x4139FD: dir_of_path (in /mnt/c/Users/Juan/Documents/GitHub/Mapanare/mapanare/self/mnc-stage1)
==12688== 
==12688== 16 bytes in 1 blocks are definitely lost in loss record 348 of 853
==12688==    at 0x4846828: malloc (in /usr/libexec/valgrind/vgpreload_memcheck-amd64-linux.so)
==12688==    by 0x73DDF9: __mn_range (in /mnt/c/Users/Juan/Documents/GitHub/Mapanare/mapanare/self/mnc-stage1)
==12688==    by 0x414E82: resolve_imports (in /mnt/c/Users/Juan/Documents/GitHub/Mapanare/mapanare/self/mnc-stage1)
==12688==    by 0x6A73667: ???
==12688==    by 0x4B: ???
==12688== 
==12688== 16 bytes in 1 blocks are definitely lost in loss record 349 of 853
==12688==    at 0x4846828: malloc (in /usr/libexec/valgrind/vgpreload_memcheck-amd64-linux.so)
==12688==    by 0x73DDF9: __mn_range (in /mnt/c/Users/Juan/Documents/GitHub/Mapanare/mapanare/self/mnc-stage1)
==12688==    by 0x41550C: resolve_imports (in /mnt/c/Users/Juan/Documents/GitHub/Mapanare/mapanare/self/mnc-stage1)
==12688==    by 0x6A73667: ???
==12688==    by 0x4B: ???
==12688== 
==12688== 16 bytes in 1 blocks are definitely lost in loss record 350 of 853
==12688==    at 0x4846828: malloc (in /usr/libexec/valgrind/vgpreload_memcheck-amd64-linux.so)
==12688==    by 0x73DDF9: __mn_range (in /mnt/c/Users/Juan/Documents/GitHub/Mapanare/mapanare/self/mnc-stage1)
==12688==    by 0x476A0C: semantic__register_definitions (in /mnt/c/Users/Juan/Documents/GitHub/Mapanare/mapanare/self/mnc-stage1)
==12688== 
==12688== 16 bytes in 1 blocks are definitely lost in loss record 351 of 853
==12688==    at 0x4846828: malloc (in /usr/libexec/valgrind/vgpreload_memcheck-amd64-linux.so)
==12688==    by 0x73DDF9: __mn_range (in /mnt/c/Users/Juan/Documents/GitHub/Mapanare/mapanare/self/mnc-stage1)
==12688==    by 0x47A0D5: semantic__register_def (in /mnt/c/Users/Juan/Documents/GitHub/Mapanare/mapanare/self/mnc-stage1)
==12688==    by 0x6A93B5F: ???
==12688==    by 0x3C: ???
==12688==    by 0x3F: ???
==12688==    by 0x74FD9F: ??? (in /mnt/c/Users/Juan/Documents/GitHub/Mapanare/mapanare/self/mnc-stage1)
==12688== 
==12688== 16 bytes in 1 blocks are definitely lost in loss record 352 of 853
==12688==    at 0x4846828: malloc (in /usr/libexec/valgrind/vgpreload_memcheck-amd64-linux.so)
==12688==    by 0x73DDF9: __mn_range (in /mnt/c/Users/Juan/Documents/GitHub/Mapanare/mapanare/self/mnc-stage1)
==12688==    by 0x47E7FC: semantic__check_definitions (in /mnt/c/Users/Juan/Documents/GitHub/Mapanare/mapanare/self/mnc-stage1)
==12688==    by 0x6A9A0BF: ???
==12688== 
==12688== 16 bytes in 1 blocks are definitely lost in loss record 353 of 853
==12688==    at 0x4846828: malloc (in /usr/libexec/valgrind/vgpreload_memcheck-amd64-linux.so)
==12688==    by 0x73DDF9: __mn_range (in /mnt/c/Users/Juan/Documents/GitHub/Mapanare/mapanare/self/mnc-stage1)
==12688==    by 0x461B56: semantic__check_match_expr (in /mnt/c/Users/Juan/Documents/GitHub/Mapanare/mapanare/self/mnc-stage1)
==12688== 
==12688== 16 bytes in 1 blocks are definitely lost in loss record 354 of 853
==12688==    at 0x4846828: malloc (in /usr/libexec/valgrind/vgpreload_memcheck-amd64-linux.so)
==12688==    by 0x73DDF9: __mn_range (in /mnt/c/Users/Juan/Documents/GitHub/Mapanare/mapanare/self/mnc-stage1)
==12688==    by 0x46E208: semantic__check_block (in /mnt/c/Users/Juan/Documents/GitHub/Mapanare/mapanare/self/mnc-stage1)
==12688==    by 0x6AA280F: ???
==12688== 
==12688== 16 bytes in 1 blocks are definitely lost in loss record 355 of 853
==12688==    at 0x4846828: malloc (in /usr/libexec/valgrind/vgpreload_memcheck-amd64-linux.so)
==12688==    by 0x73DDF9: __mn_range (in /mnt/c/Users/Juan/Documents/GitHub/Mapanare/mapanare/self/mnc-stage1)
==12688==    by 0x46E208: semantic__check_block (in /mnt/c/Users/Juan/Documents/GitHub/Mapanare/mapanare/self/mnc-stage1)
==12688==    by 0x6AA31CF: ???
==12688== 
==12688== 16 bytes in 1 blocks are definitely lost in loss record 356 of 853
==12688==    at 0x4846828: malloc (in /usr/libexec/valgrind/vgpreload_memcheck-amd64-linux.so)
==12688==    by 0x73DDF9: __mn_range (in /mnt/c/Users/Juan/Documents/GitHub/Mapanare/mapanare/self/mnc-stage1)
==12688==    by 0x46E208: semantic__check_block (in /mnt/c/Users/Juan/Documents/GitHub/Mapanare/mapanare/self/mnc-stage1)
==12688==    by 0x6AA1E9F: ???
==12688== 
==12688== 16 bytes in 1 blocks are definitely lost in loss record 357 of 853
==12688==    at 0x4846828: malloc (in /usr/libexec/valgrind/vgpreload_memcheck-amd64-linux.so)
==12688==    by 0x73DDF9: __mn_range (in /mnt/c/Users/Juan/Documents/GitHub/Mapanare/mapanare/self/mnc-stage1)
==12688==    by 0x4380F6: semantic__scope_lookup (in /mnt/c/Users/Juan/Documents/GitHub/Mapanare/mapanare/self/mnc-stage1)
==12688==    by 0x9F: ???
==12688==    by 0x6A6AA97: ???
==12688==    by 0x6AA3DBF: ???
==12688== 
==12688== 16 bytes in 1 blocks are definitely lost in loss record 358 of 853
==12688==    at 0x4846828: malloc (in /usr/libexec/valgrind/vgpreload_memcheck-amd64-linux.so)
==12688==    by 0x73DDF9: __mn_range (in /mnt/c/Users/Juan/Documents/GitHub/Mapanare/mapanare/self/mnc-stage1)
==12688==    by 0x4380F6: semantic__scope_lookup (in /mnt/c/Users/Juan/Documents/GitHub/Mapanare/mapanare/self/mnc-stage1)
==12688==    by 0x9F: ???
==12688==    by 0x6A6AA97: ???
==12688==    by 0x6AA47EF: ???
==12688== 
==12688== 16 bytes in 1 blocks are definitely lost in loss record 359 of 853
==12688==    at 0x4846828: malloc (in /usr/libexec/valgrind/vgpreload_memcheck-amd64-linux.so)
==12688==    by 0x73DDF9: __mn_range (in /mnt/c/Users/Juan/Documents/GitHub/Mapanare/mapanare/self/mnc-stage1)
==12688==    by 0x4380F6: semantic__scope_lookup (in /mnt/c/Users/Juan/Documents/GitHub/Mapanare/mapanare/self/mnc-stage1)
==12688==    by 0xFFFFFFFFFF: ???
==12688==    by 0x6A669A7: ???
==12688==    by 0x6AA140F: ???
==12688==    by 0x8: ???
==12688== 
==12688== 16 bytes in 1 blocks are definitely lost in loss record 360 of 853
==12688==    at 0x4846828: malloc (in /usr/libexec/valgrind/vgpreload_memcheck-amd64-linux.so)
==12688==    by 0x73DDF9: __mn_range (in /mnt/c/Users/Juan/Documents/GitHub/Mapanare/mapanare/self/mnc-stage1)
==12688==    by 0x4380F6: semantic__scope_lookup (in /mnt/c/Users/Juan/Documents/GitHub/Mapanare/mapanare/self/mnc-stage1)
==12688==    by 0xFFFFFFFFFF: ???
==12688==    by 0x6A5CB27: ???
==12688==    by 0x6AA140F: ???
==12688==    by 0x3: ???
==12688== 
==12688== 16 bytes in 1 blocks are definitely lost in loss record 361 of 853
==12688==    at 0x4846828: malloc (in /usr/libexec/valgrind/vgpreload_memcheck-amd64-linux.so)
==12688==    by 0x73DDF9: __mn_range (in /mnt/c/Users/Juan/Documents/GitHub/Mapanare/mapanare/self/mnc-stage1)
==12688==    by 0x4380F6: semantic__scope_lookup (in /mnt/c/Users/Juan/Documents/GitHub/Mapanare/mapanare/self/mnc-stage1)
==12688==    by 0xFFFFFFFFFF: ???
==12688==    by 0x6A65927: ???
==12688==    by 0x6AA140F: ???
==12688==    by 0x8: ???
==12688== 
==12688== 16 bytes in 1 blocks are definitely lost in loss record 362 of 853
==12688==    at 0x4846828: malloc (in /usr/libexec/valgrind/vgpreload_memcheck-amd64-linux.so)
==12688==    by 0x73DDF9: __mn_range (in /mnt/c/Users/Juan/Documents/GitHub/Mapanare/mapanare/self/mnc-stage1)
==12688==    by 0x4A77A5: lower__register_declarations_pass1 (in /mnt/c/Users/Juan/Documents/GitHub/Mapanare/mapanare/self/mnc-stage1)
==12688== 
==12688== 16 bytes in 1 blocks are definitely lost in loss record 363 of 853
==12688==    at 0x4846828: malloc (in /usr/libexec/valgrind/vgpreload_memcheck-amd64-linux.so)
==12688==    by 0x73DDF9: __mn_range (in /mnt/c/Users/Juan/Documents/GitHub/Mapanare/mapanare/self/mnc-stage1)
==12688==    by 0x4C21CD: lower__register_enum (in /mnt/c/Users/Juan/Documents/GitHub/Mapanare/mapanare/self/mnc-stage1)
==12688== 
==12688== 16 bytes in 1 blocks are definitely lost in loss record 364 of 853
==12688==    at 0x4846828: malloc (in /usr/libexec/valgrind/vgpreload_memcheck-amd64-linux.so)
==12688==    by 0x73DDF9: __mn_range (in /mnt/c/Users/Juan/Documents/GitHub/Mapanare/mapanare/self/mnc-stage1)
==12688==    by 0x4ABE65: lower__register_declarations_pass2 (in /mnt/c/Users/Juan/Documents/GitHub/Mapanare/mapanare/self/mnc-stage1)
==12688== 
==12688== 16 bytes in 1 blocks are definitely lost in loss record 365 of 853
==12688==    at 0x4846828: malloc (in /usr/libexec/valgrind/vgpreload_memcheck-amd64-linux.so)
==12688==    by 0x73DDF9: __mn_range (in /mnt/c/Users/Juan/Documents/GitHub/Mapanare/mapanare/self/mnc-stage1)
==12688==    by 0x4C49B5: lower__lower_definitions (in /mnt/c/Users/Juan/Documents/GitHub/Mapanare/mapanare/self/mnc-stage1)
==12688== 
==12688== 16 bytes in 1 blocks are definitely lost in loss record 366 of 853
==12688==    at 0x4846828: malloc (in /usr/libexec/valgrind/vgpreload_memcheck-amd64-linux.so)
==12688==    by 0x73DDF9: __mn_range (in /mnt/c/Users/Juan/Documents/GitHub/Mapanare/mapanare/self/mnc-stage1)
==12688==    by 0x4CD083: lower__collect_decorator_names (in /mnt/c/Users/Juan/Documents/GitHub/Mapanare/mapanare/self/mnc-stage1)
==12688==    by 0x6AA6E0F: ???
==12688== 
==12688== 16 bytes in 1 blocks are definitely lost in loss record 367 of 853
==12688==    at 0x4846828: malloc (in /usr/libexec/valgrind/vgpreload_memcheck-amd64-linux.so)
==12688==    by 0x73DDF9: __mn_range (in /mnt/c/Users/Juan/Documents/GitHub/Mapanare/mapanare/self/mnc-stage1)
==12688==    by 0x4A0B8E: lower_state__is_enum_variant (in /mnt/c/Users/Juan/Documents/GitHub/Mapanare/mapanare/self/mnc-stage1)
==12688==    by 0xF: ???
==12688==    by 0x6AA839F: ???
==12688== 
==12688== 16 bytes in 1 blocks are definitely lost in loss record 368 of 853
==12688==    at 0x4846828: malloc (in /usr/libexec/valgrind/vgpreload_memcheck-amd64-linux.so)
==12688==    by 0x73DDF9: __mn_range (in /mnt/c/Users/Juan/Documents/GitHub/Mapanare/mapanare/self/mnc-stage1)
==12688==    by 0x4A0B8E: lower_state__is_enum_variant (in /mnt/c/Users/Juan/Documents/GitHub/Mapanare/mapanare/self/mnc-stage1)
==12688==    by 0xF: ???
==12688==    by 0x6AA85DF: ???
==12688== 
==12688== 16 bytes in 1 blocks are definitely lost in loss record 369 of 853
==12688==    at 0x4846828: malloc (in /usr/libexec/valgrind/vgpreload_memcheck-amd64-linux.so)
==12688==    by 0x73DDF9: __mn_range (in /mnt/c/Users/Juan/Documents/GitHub/Mapanare/mapanare/self/mnc-stage1)
==12688==    by 0x4A0B8E: lower_state__is_enum_variant (in /mnt/c/Users/Juan/Documents/GitHub/Mapanare/mapanare/self/mnc-stage1)
==12688==    by 0xF: ???
==12688==    by 0x6AA86CF: ???
==12688== 
==12688== 16 bytes in 1 blocks are definitely lost in loss record 370 of 853
==12688==    at 0x4846828: malloc (in /usr/libexec/valgrind/vgpreload_memcheck-amd64-linux.so)
==12688==    by 0x73DDF9: __mn_range (in /mnt/c/Users/Juan/Documents/GitHub/Mapanare/mapanare/self/mnc-stage1)
==12688==    by 0x4A0A7A: lower_state__is_enum_variant (in /mnt/c/Users/Juan/Documents/GitHub/Mapanare/mapanare/self/mnc-stage1)
==12688== 
==12688== 16 bytes in 1 blocks are definitely lost in loss record 371 of 853
==12688==    at 0x4846828: malloc (in /usr/libexec/valgrind/vgpreload_memcheck-amd64-linux.so)
==12688==    by 0x73DDF9: __mn_range (in /mnt/c/Users/Juan/Documents/GitHub/Mapanare/mapanare/self/mnc-stage1)
==12688==    by 0x4A0B8E: lower_state__is_enum_variant (in /mnt/c/Users/Juan/Documents/GitHub/Mapanare/mapanare/self/mnc-stage1)
==12688== 
==12688== 16 bytes in 1 blocks are definitely lost in loss record 372 of 853
==12688==    at 0x4846828: malloc (in /usr/libexec/valgrind/vgpreload_memcheck-amd64-linux.so)
==12688==    by 0x73DDF9: __mn_range (in /mnt/c/Users/Juan/Documents/GitHub/Mapanare/mapanare/self/mnc-stage1)
==12688==    by 0x4A0B8E: lower_state__is_enum_variant (in /mnt/c/Users/Juan/Documents/GitHub/Mapanare/mapanare/self/mnc-stage1)
==12688==    by 0x6AA6E0F: ???
==12688==    by 0x6AA95AF: ???
==12688== 
==12688== 16 bytes in 1 blocks are definitely lost in loss record 373 of 853
==12688==    at 0x4846828: malloc (in /usr/libexec/valgrind/vgpreload_memcheck-amd64-linux.so)
==12688==    by 0x73DDF9: __mn_range (in /mnt/c/Users/Juan/Documents/GitHub/Mapanare/mapanare/self/mnc-stage1)
==12688==    by 0x4A0B8E: lower_state__is_enum_variant (in /mnt/c/Users/Juan/Documents/GitHub/Mapanare/mapanare/self/mnc-stage1)
==12688==    by 0x6AA6E0F: ???
==12688==    by 0x6AAA14F: ???
==12688== 
==12688== 16 bytes in 1 blocks are definitely lost in loss record 374 of 853
==12688==    at 0x4846828: malloc (in /usr/libexec/valgrind/vgpreload_memcheck-amd64-linux.so)
==12688==    by 0x73DDF9: __mn_range (in /mnt/c/Users/Juan/Documents/GitHub/Mapanare/mapanare/self/mnc-stage1)
==12688==    by 0x4CD083: lower__collect_decorator_names (in /mnt/c/Users/Juan/Documents/GitHub/Mapanare/mapanare/self/mnc-stage1)
==12688== 
==12688== 16 bytes in 1 blocks are definitely lost in loss record 375 of 853
==12688==    at 0x4846828: malloc (in /usr/libexec/valgrind/vgpreload_memcheck-amd64-linux.so)
==12688==    by 0x73DDF9: __mn_range (in /mnt/c/Users/Juan/Documents/GitHub/Mapanare/mapanare/self/mnc-stage1)
==12688==    by 0x4A02FF: lower_state__lookup_var (in /mnt/c/Users/Juan/Documents/GitHub/Mapanare/mapanare/self/mnc-stage1)
==12688==    by 0x3F: ???
==12688==    by 0x6A3E4CF: ???
==12688== 
==12688== 16 bytes in 1 blocks are definitely lost in loss record 376 of 853
==12688==    at 0x4846828: malloc (in /usr/libexec/valgrind/vgpreload_memcheck-amd64-linux.so)
==12688==    by 0x73DDF9: __mn_range (in /mnt/c/Users/Juan/Documents/GitHub/Mapanare/mapanare/self/mnc-stage1)
==12688==    by 0x4A0F2A: lower_state__find_lambda (in /mnt/c/Users/Juan/Documents/GitHub/Mapanare/mapanare/self/mnc-stage1)
==12688==    by 0x1: ???
==12688== 
==12688== 16 bytes in 1 blocks are definitely lost in loss record 377 of 853
==12688==    at 0x4846828: malloc (in /usr/libexec/valgrind/vgpreload_memcheck-amd64-linux.so)
==12688==    by 0x73DDF9: __mn_range (in /mnt/c/Users/Juan/Documents/GitHub/Mapanare/mapanare/self/mnc-stage1)
==12688==    by 0x4A0A7A: lower_state__is_enum_variant (in /mnt/c/Users/Juan/Documents/GitHub/Mapanare/mapanare/self/mnc-stage1)
==12688==    by 0x800000000000004A: ???
==12688==    by 0x7CF: ???
==12688== 
==12688== 16 bytes in 1 blocks are definitely lost in loss record 378 of 853
==12688==    at 0x4846828: malloc (in /usr/libexec/valgrind/vgpreload_memcheck-amd64-linux.so)
==12688==    by 0x73DDF9: __mn_range (in /mnt/c/Users/Juan/Documents/GitHub/Mapanare/mapanare/self/mnc-stage1)
==12688==    by 0x4A0B8E: lower_state__is_enum_variant (in /mnt/c/Users/Juan/Documents/GitHub/Mapanare/mapanare/self/mnc-stage1)
==12688==    by 0x800000000000004A: ???
==12688==    by 0x6AAC04F: ???
==12688== 
==12688== 16 bytes in 1 blocks are definitely lost in loss record 379 of 853
==12688==    at 0x4846828: malloc (in /usr/libexec/valgrind/vgpreload_memcheck-amd64-linux.so)
==12688==    by 0x73DDF9: __mn_range (in /mnt/c/Users/Juan/Documents/GitHub/Mapanare/mapanare/self/mnc-stage1)
==12688==    by 0x4A0F2A: lower_state__find_lambda (in /mnt/c/Users/Juan/Documents/GitHub/Mapanare/mapanare/self/mnc-stage1)
==12688==    by 0x1: ???
==12688==    by 0x6AAC70F: ???
==12688==    by 0x6A83D1F: ???
==12688==    by 0x6AACADF: ???
==12688==    by 0x800000000000000C: ???
==12688==    by 0x5800566F: ??? (in /usr/libexec/valgrind/memcheck-amd64-linux)
==12688== 
==12688== 16 bytes in 1 blocks are definitely lost in loss record 380 of 853
==12688==    at 0x4846828: malloc (in /usr/libexec/valgrind/vgpreload_memcheck-amd64-linux.so)
==12688==    by 0x73DDF9: __mn_range (in /mnt/c/Users/Juan/Documents/GitHub/Mapanare/mapanare/self/mnc-stage1)
==12688==    by 0x4A0A7A: lower_state__is_enum_variant (in /mnt/c/Users/Juan/Documents/GitHub/Mapanare/mapanare/self/mnc-stage1)
==12688==    by 0x7: ???
==12688==    by 0x7CF: ???
==12688== 
==12688== 16 bytes in 1 blocks are definitely lost in loss record 381 of 853
==12688==    at 0x4846828: malloc (in /usr/libexec/valgrind/vgpreload_memcheck-amd64-linux.so)
==12688==    by 0x73DDF9: __mn_range (in /mnt/c/Users/Juan/Documents/GitHub/Mapanare/mapanare/self/mnc-stage1)
==12688==    by 0x4A0B8E: lower_state__is_enum_variant (in /mnt/c/Users/Juan/Documents/GitHub/Mapanare/mapanare/self/mnc-stage1)
==12688==    by 0x7: ???
==12688==    by 0x6AACB7F: ???
==12688== 
==12688== 16 bytes in 1 blocks are definitely lost in loss record 382 of 853
==12688==    at 0x4846828: malloc (in /usr/libexec/valgrind/vgpreload_memcheck-amd64-linux.so)
==12688==    by 0x73DDF9: __mn_range (in /mnt/c/Users/Juan/Documents/GitHub/Mapanare/mapanare/self/mnc-stage1)
==12688==    by 0x4A04DB: lower_state__is_struct_name (in /mnt/c/Users/Juan/Documents/GitHub/Mapanare/mapanare/self/mnc-stage1)
==12688==    by 0x6AA672F: ???
==12688==    by 0x2: ???
==12688==    by 0x6A84ADF: ???
==12688==    by 0x8000000000000009: ???
==12688== 
==12688== 16 bytes in 1 blocks are definitely lost in loss record 383 of 853
==12688==    at 0x4846828: malloc (in /usr/libexec/valgrind/vgpreload_memcheck-amd64-linux.so)
==12688==    by 0x73DDF9: __mn_range (in /mnt/c/Users/Juan/Documents/GitHub/Mapanare/mapanare/self/mnc-stage1)
==12688==    by 0x4A0F2A: lower_state__find_lambda (in /mnt/c/Users/Juan/Documents/GitHub/Mapanare/mapanare/self/mnc-stage1)
==12688==    by 0x1: ???
==12688==    by 0x6AAD82F: ???
==12688==    by 0x6A84ADF: ???
==12688==    by 0x6A84ADF: ???
==12688==    by 0x8000000000000009: ???
==12688==    by 0x6AA6AAF: ???
==12688== 
==12688== 16 bytes in 1 blocks are definitely lost in loss record 384 of 853
==12688==    at 0x4846828: malloc (in /usr/libexec/valgrind/vgpreload_memcheck-amd64-linux.so)
==12688==    by 0x73DDF9: __mn_range (in /mnt/c/Users/Juan/Documents/GitHub/Mapanare/mapanare/self/mnc-stage1)
==12688==    by 0x4A0F2A: lower_state__find_lambda (in /mnt/c/Users/Juan/Documents/GitHub/Mapanare/mapanare/self/mnc-stage1)
==12688==    by 0x1: ???
==12688==    by 0x6AAD87F: ???
==12688==    by 0x6AA6E0F: ???
==12688==    by 0x6AAD8CF: ???
==12688==    by 0x8000000000000010: ???
==12688==    by 0x5800566F: ??? (in /usr/libexec/valgrind/memcheck-amd64-linux)
==12688== 
==12688== 16 bytes in 1 blocks are definitely lost in loss record 385 of 853
==12688==    at 0x4846828: malloc (in /usr/libexec/valgrind/vgpreload_memcheck-amd64-linux.so)
==12688==    by 0x73DDF9: __mn_range (in /mnt/c/Users/Juan/Documents/GitHub/Mapanare/mapanare/self/mnc-stage1)
==12688==    by 0x4A04DB: lower_state__is_struct_name (in /mnt/c/Users/Juan/Documents/GitHub/Mapanare/mapanare/self/mnc-stage1)
==12688==    by 0x6AA672F: ???
==12688==    by 0x2: ???
==12688==    by 0x6A87DEF: ???
==12688==    by 0x8000000000000009: ???
==12688== 
==12688== 16 bytes in 1 blocks are definitely lost in loss record 386 of 853
==12688==    at 0x4846828: malloc (in /usr/libexec/valgrind/vgpreload_memcheck-amd64-linux.so)
==12688==    by 0x73DDF9: __mn_range (in /mnt/c/Users/Juan/Documents/GitHub/Mapanare/mapanare/self/mnc-stage1)
==12688==    by 0x4A0F2A: lower_state__find_lambda (in /mnt/c/Users/Juan/Documents/GitHub/Mapanare/mapanare/self/mnc-stage1)
==12688==    by 0x1: ???
==12688==    by 0x6AAE83F: ???
==12688==    by 0x6A87DEF: ???
==12688==    by 0x6A87DEF: ???
==12688==    by 0x8000000000000009: ???
==12688==    by 0x6AA6AAF: ???
==12688== 
==12688== 16 bytes in 1 blocks are definitely lost in loss record 387 of 853
==12688==    at 0x4846828: malloc (in /usr/libexec/valgrind/vgpreload_memcheck-amd64-linux.so)
==12688==    by 0x73DDF9: __mn_range (in /mnt/c/Users/Juan/Documents/GitHub/Mapanare/mapanare/self/mnc-stage1)
==12688==    by 0x4A0F2A: lower_state__find_lambda (in /mnt/c/Users/Juan/Documents/GitHub/Mapanare/mapanare/self/mnc-stage1)
==12688==    by 0x1: ???
==12688==    by 0x6AAE88F: ???
==12688==    by 0x6AA6E0F: ???
==12688==    by 0x6AAE8DF: ???
==12688==    by 0x8000000000000010: ???
==12688==    by 0x5800566F: ??? (in /usr/libexec/valgrind/memcheck-amd64-linux)
==12688== 
==12688== 16 bytes in 1 blocks are definitely lost in loss record 388 of 853
==12688==    at 0x4846828: malloc (in /usr/libexec/valgrind/vgpreload_memcheck-amd64-linux.so)
==12688==    by 0x73DDF9: __mn_range (in /mnt/c/Users/Juan/Documents/GitHub/Mapanare/mapanare/self/mnc-stage1)
==12688==    by 0x68642A: mir_opt__optimize_mir (in /mnt/c/Users/Juan/Documents/GitHub/Mapanare/mapanare/self/mnc-stage1)
==12688==    by 0x6AAB4FF: ???
==12688==    by 0x800000000000004A: ???
==12688==    by 0x6A74317: ???
==12688== 
==12688== 16 bytes in 1 blocks are definitely lost in loss record 389 of 853
==12688==    at 0x4846828: malloc (in /usr/libexec/valgrind/vgpreload_memcheck-amd64-linux.so)
==12688==    by 0x73DDF9: __mn_range (in /mnt/c/Users/Juan/Documents/GitHub/Mapanare/mapanare/self/mnc-stage1)
==12688==    by 0x679203: mir_opt__constant_fold_function (in /mnt/c/Users/Juan/Documents/GitHub/Mapanare/mapanare/self/mnc-stage1)
==12688==    by 0x87: ???
==12688== 
==12688== 16 bytes in 1 blocks are definitely lost in loss record 390 of 853
==12688==    at 0x4846828: malloc (in /usr/libexec/valgrind/vgpreload_memcheck-amd64-linux.so)
==12688==    by 0x73DDF9: __mn_range (in /mnt/c/Users/Juan/Documents/GitHub/Mapanare/mapanare/self/mnc-stage1)
==12688==    by 0x67C06F: mir_opt__is_in_list (in /mnt/c/Users/Juan/Documents/GitHub/Mapanare/mapanare/self/mnc-stage1)
==12688== 
==12688== 16 bytes in 1 blocks are definitely lost in loss record 391 of 853
==12688==    at 0x4846828: malloc (in /usr/libexec/valgrind/vgpreload_memcheck-amd64-linux.so)
==12688==    by 0x73DDF9: __mn_range (in /mnt/c/Users/Juan/Documents/GitHub/Mapanare/mapanare/self/mnc-stage1)
==12688==    by 0x67C06F: mir_opt__is_in_list (in /mnt/c/Users/Juan/Documents/GitHub/Mapanare/mapanare/self/mnc-stage1)
==12688==    by 0x6AA791F: ???
==12688==    by 0x4: ???
==12688==    by 0x7: ???
==12688==    by 0x6AA81EF: ???
==12688==    by 0x8000000000000009: ???
==12688==    by 0x6AA791F: ???
==12688==    by 0x4: ???
==12688==    by 0x6AB05CF: ???
==12688==    by 0x1101: ???
==12688==    by 0x580053FF: ??? (in /usr/libexec/valgrind/memcheck-amd64-linux)
==12688==    by 0xF: ???
==12688== 
==12688== 16 bytes in 1 blocks are definitely lost in loss record 392 of 853
==12688==    at 0x4846828: malloc (in /usr/libexec/valgrind/vgpreload_memcheck-amd64-linux.so)
==12688==    by 0x73DDF9: __mn_range (in /mnt/c/Users/Juan/Documents/GitHub/Mapanare/mapanare/self/mnc-stage1)
==12688==    by 0x67C06F: mir_opt__is_in_list (in /mnt/c/Users/Juan/Documents/GitHub/Mapanare/mapanare/self/mnc-stage1)
==12688==    by 0x6AA791F: ???
==12688==    by 0x6A7260000000004: ???
==12688==    by 0x6AB061F: ???
==12688==    by 0x6AA858F: ???
==12688==    by 0x8000000000000009: ???
==12688==    by 0x6AB02FF: ???
==12688== 
==12688== 16 bytes in 1 blocks are definitely lost in loss record 393 of 853
==12688==    at 0x4846828: malloc (in /usr/libexec/valgrind/vgpreload_memcheck-amd64-linux.so)
==12688==    by 0x73DDF9: __mn_range (in /mnt/c/Users/Juan/Documents/GitHub/Mapanare/mapanare/self/mnc-stage1)
==12688==    by 0x67C06F: mir_opt__is_in_list (in /mnt/c/Users/Juan/Documents/GitHub/Mapanare/mapanare/self/mnc-stage1)
==12688==    by 0x6AA791F: ???
==12688==    by 0x6A7260000000004: ???
==12688==    by 0x6AB066F: ???
==12688==    by 0x6AA867F: ???
==12688==    by 0x8000000000000009: ???
==12688==    by 0x6AB02FF: ???
==12688==    by 0x1: ???
==12688==    by 0x7: ???
==12688==    by 0xF: ???
==12688== 
==12688== 16 bytes in 1 blocks are definitely lost in loss record 394 of 853
==12688==    at 0x4846828: malloc (in /usr/libexec/valgrind/vgpreload_memcheck-amd64-linux.so)
==12688==    by 0x73DDF9: __mn_range (in /mnt/c/Users/Juan/Documents/GitHub/Mapanare/mapanare/self/mnc-stage1)
==12688==    by 0x67C06F: mir_opt__is_in_list (in /mnt/c/Users/Juan/Documents/GitHub/Mapanare/mapanare/self/mnc-stage1)
==12688==    by 0x6AA791F: ???
==12688==    by 0x6A7260000000004: ???
==12688==    by 0x6AB06BF: ???
==12688==    by 0x6AA814F: ???
==12688==    by 0x800000000000000B: ???
==12688==    by 0x6AB02FF: ???
==12688==    by 0x2: ???
==12688==    by 0x7: ???
==12688==    by 0xF: ???
==12688== 
==12688== 16 bytes in 1 blocks are definitely lost in loss record 395 of 853
==12688==    at 0x4846828: malloc (in /usr/libexec/valgrind/vgpreload_memcheck-amd64-linux.so)
==12688==    by 0x73DDF9: __mn_range (in /mnt/c/Users/Juan/Documents/GitHub/Mapanare/mapanare/self/mnc-stage1)
==12688==    by 0x67C06F: mir_opt__is_in_list (in /mnt/c/Users/Juan/Documents/GitHub/Mapanare/mapanare/self/mnc-stage1)
==12688==    by 0x6AA791F: ???
==12688==    by 0x6A7260000000004: ???
==12688==    by 0x6AB070F: ???
==12688==    by 0x6AA81EF: ???
==12688==    by 0x8000000000000009: ???
==12688==    by 0x6AB02FF: ???
==12688==    by 0x3: ???
==12688==    by 0x7: ???
==12688==    by 0xF: ???
==12688== 
==12688== 16 bytes in 1 blocks are definitely lost in loss record 396 of 853
==12688==    at 0x4846828: malloc (in /usr/libexec/valgrind/vgpreload_memcheck-amd64-linux.so)
==12688==    by 0x73DDF9: __mn_range (in /mnt/c/Users/Juan/Documents/GitHub/Mapanare/mapanare/self/mnc-stage1)
==12688==    by 0x67C06F: mir_opt__is_in_list (in /mnt/c/Users/Juan/Documents/GitHub/Mapanare/mapanare/self/mnc-stage1)
==12688==    by 0x6AA8C8F: ???
==12688==    by 0x1: ???
==12688==    by 0x7: ???
==12688==    by 0x6AA858F: ???
==12688==    by 0x8000000000000009: ???
==12688==    by 0x6AA8C8F: ???
==12688==    by 0x1: ???
==12688==    by 0x6AB07AF: ???
==12688==    by 0x1101: ???
==12688==    by 0x580053FF: ??? (in /usr/libexec/valgrind/memcheck-amd64-linux)
==12688==    by 0xF: ???
==12688== 
==12688== 16 bytes in 1 blocks are definitely lost in loss record 397 of 853
==12688==    at 0x4846828: malloc (in /usr/libexec/valgrind/vgpreload_memcheck-amd64-linux.so)
==12688==    by 0x73DDF9: __mn_range (in /mnt/c/Users/Juan/Documents/GitHub/Mapanare/mapanare/self/mnc-stage1)
==12688==    by 0x67C06F: mir_opt__is_in_list (in /mnt/c/Users/Juan/Documents/GitHub/Mapanare/mapanare/self/mnc-stage1)
==12688==    by 0x6AA982F: ???
==12688==    by 0x1: ???
==12688==    by 0x7: ???
==12688==    by 0x6AA867F: ???
==12688==    by 0x8000000000000009: ???
==12688==    by 0x6AA982F: ???
==12688==    by 0x1: ???
==12688==    by 0x6AB084F: ???
==12688==    by 0x1101: ???
==12688==    by 0x580053FF: ??? (in /usr/libexec/valgrind/memcheck-amd64-linux)
==12688==    by 0xF: ???
==12688== 
==12688== 16 bytes in 1 blocks are definitely lost in loss record 398 of 853
==12688==    at 0x4846828: malloc (in /usr/libexec/valgrind/vgpreload_memcheck-amd64-linux.so)
==12688==    by 0x73DDF9: __mn_range (in /mnt/c/Users/Juan/Documents/GitHub/Mapanare/mapanare/self/mnc-stage1)
==12688==    by 0x67C06F: mir_opt__is_in_list (in /mnt/c/Users/Juan/Documents/GitHub/Mapanare/mapanare/self/mnc-stage1)
==12688==    by 0x6AAA3CF: ???
==12688==    by 0x1: ???
==12688==    by 0x7: ???
==12688==    by 0x6AA814F: ???
==12688==    by 0x800000000000000B: ???
==12688==    by 0x6AAA3CF: ???
==12688==    by 0x1: ???
==12688==    by 0x6AB08EF: ???
==12688==    by 0x1101: ???
==12688==    by 0x580053FF: ??? (in /usr/libexec/valgrind/memcheck-amd64-linux)
==12688==    by 0xF: ???
==12688== 
==12688== 16 bytes in 1 blocks are definitely lost in loss record 399 of 853
==12688==    at 0x4846828: malloc (in /usr/libexec/valgrind/vgpreload_memcheck-amd64-linux.so)
==12688==    by 0x73DDF9: __mn_range (in /mnt/c/Users/Juan/Documents/GitHub/Mapanare/mapanare/self/mnc-stage1)
==12688==    by 0x67C06F: mir_opt__is_in_list (in /mnt/c/Users/Juan/Documents/GitHub/Mapanare/mapanare/self/mnc-stage1)
==12688==    by 0x6AAAECF: ???
==12688==    by 0x2: ???
==12688==    by 0x7: ???
==12688==    by 0x7540BF: ??? (in /mnt/c/Users/Juan/Documents/GitHub/Mapanare/mapanare/self/mnc-stage1)
==12688==    by 0x4: ???
==12688==    by 0x6AAAECF: ???
==12688==    by 0x2: ???
==12688==    by 0x6AB09DF: ???
==12688==    by 0x1101: ???
==12688==    by 0x580053FF: ??? (in /usr/libexec/valgrind/memcheck-amd64-linux)
==12688==    by 0xF: ???
==12688== 
==12688== 16 bytes in 1 blocks are definitely lost in loss record 400 of 853
==12688==    at 0x4846828: malloc (in /usr/libexec/valgrind/vgpreload_memcheck-amd64-linux.so)
==12688==    by 0x73DDF9: __mn_range (in /mnt/c/Users/Juan/Documents/GitHub/Mapanare/mapanare/self/mnc-stage1)
==12688==    by 0x67C06F: mir_opt__is_in_list (in /mnt/c/Users/Juan/Documents/GitHub/Mapanare/mapanare/self/mnc-stage1)
==12688==    by 0x6AA791F: ???
==12688==    by 0x4: ???
==12688==    by 0x7: ???
==12688==    by 0x6AA81EF: ???
==12688==    by 0x8000000000000009: ???
==12688==    by 0x6AA791F: ???
==12688==    by 0x4: ???
==12688==    by 0x6AB0B9F: ???
==12688==    by 0x1101: ???
==12688==    by 0x580053FF: ??? (in /usr/libexec/valgrind/memcheck-amd64-linux)
==12688==    by 0xF: ???
==12688== 
==12688== 16 bytes in 1 blocks are definitely lost in loss record 401 of 853
==12688==    at 0x4846828: malloc (in /usr/libexec/valgrind/vgpreload_memcheck-amd64-linux.so)
==12688==    by 0x73DDF9: __mn_range (in /mnt/c/Users/Juan/Documents/GitHub/Mapanare/mapanare/self/mnc-stage1)
==12688==    by 0x67C06F: mir_opt__is_in_list (in /mnt/c/Users/Juan/Documents/GitHub/Mapanare/mapanare/self/mnc-stage1)
==12688==    by 0x6AA791F: ???
==12688==    by 0x6A7260100000004: ???
==12688==    by 0x6AB0BEF: ???
==12688==    by 0x6AA858F: ???
==12688==    by 0x8000000000000009: ???
==12688==    by 0x6AB02FF: ???
==12688==    by 0x4: ???
==12688==    by 0x7: ???
==12688==    by 0xF: ???
==12688== 
==12688== 16 bytes in 1 blocks are definitely lost in loss record 402 of 853
==12688==    at 0x4846828: malloc (in /usr/libexec/valgrind/vgpreload_memcheck-amd64-linux.so)
==12688==    by 0x73DDF9: __mn_range (in /mnt/c/Users/Juan/Documents/GitHub/Mapanare/mapanare/self/mnc-stage1)
==12688==    by 0x67C06F: mir_opt__is_in_list (in /mnt/c/Users/Juan/Documents/GitHub/Mapanare/mapanare/self/mnc-stage1)
==12688==    by 0x6AA791F: ???
==12688==    by 0x6A7260100000004: ???
==12688==    by 0x6AB0C3F: ???
==12688==    by 0x6AA867F: ???
==12688==    by 0x8000000000000009: ???
==12688==    by 0x6AB02FF: ???
==12688==    by 0x4: ???
==12688==    by 0x7: ???
==12688==    by 0xF: ???
==12688== 
==12688== 16 bytes in 1 blocks are definitely lost in loss record 403 of 853
==12688==    at 0x4846828: malloc (in /usr/libexec/valgrind/vgpreload_memcheck-amd64-linux.so)
==12688==    by 0x73DDF9: __mn_range (in /mnt/c/Users/Juan/Documents/GitHub/Mapanare/mapanare/self/mnc-stage1)
==12688==    by 0x67C06F: mir_opt__is_in_list (in /mnt/c/Users/Juan/Documents/GitHub/Mapanare/mapanare/self/mnc-stage1)
==12688==    by 0x6AA791F: ???
==12688==    by 0x6A7260100000004: ???
==12688==    by 0x6AB0C8F: ???
==12688==    by 0x6AA814F: ???
==12688==    by 0x800000000000000B: ???
==12688==    by 0x6AB02FF: ???
==12688==    by 0x4: ???
==12688==    by 0x7: ???
==12688==    by 0xF: ???
==12688== 
==12688== 16 bytes in 1 blocks are definitely lost in loss record 404 of 853
==12688==    at 0x4846828: malloc (in /usr/libexec/valgrind/vgpreload_memcheck-amd64-linux.so)
==12688==    by 0x73DDF9: __mn_range (in /mnt/c/Users/Juan/Documents/GitHub/Mapanare/mapanare/self/mnc-stage1)
==12688==    by 0x67C06F: mir_opt__is_in_list (in /mnt/c/Users/Juan/Documents/GitHub/Mapanare/mapanare/self/mnc-stage1)
==12688==    by 0x6AA791F: ???
==12688==    by 0x6A7260100000004: ???
==12688==    by 0x6AB0CDF: ???
==12688==    by 0x6AA81EF: ???
==12688==    by 0x8000000000000009: ???
==12688==    by 0x6AB02FF: ???
==12688==    by 0x4: ???
==12688==    by 0x7: ???
==12688==    by 0xF: ???
==12688== 
==12688== 16 bytes in 1 blocks are definitely lost in loss record 405 of 853
==12688==    at 0x4846828: malloc (in /usr/libexec/valgrind/vgpreload_memcheck-amd64-linux.so)
==12688==    by 0x73DDF9: __mn_range (in /mnt/c/Users/Juan/Documents/GitHub/Mapanare/mapanare/self/mnc-stage1)
==12688==    by 0x67C06F: mir_opt__is_in_list (in /mnt/c/Users/Juan/Documents/GitHub/Mapanare/mapanare/self/mnc-stage1)
==12688==    by 0x6AA8C8F: ???
==12688==    by 0x1: ???
==12688==    by 0x7: ???
==12688==    by 0x6AA858F: ???
==12688==    by 0x8000000000000009: ???
==12688==    by 0x6AA8C8F: ???
==12688==    by 0x1: ???
==12688==    by 0x6AB0D7F: ???
==12688==    by 0x1101: ???
==12688==    by 0x580053FF: ??? (in /usr/libexec/valgrind/memcheck-amd64-linux)
==12688==    by 0xF: ???
==12688== 
==12688== 16 bytes in 1 blocks are definitely lost in loss record 406 of 853
==12688==    at 0x4846828: malloc (in /usr/libexec/valgrind/vgpreload_memcheck-amd64-linux.so)
==12688==    by 0x73DDF9: __mn_range (in /mnt/c/Users/Juan/Documents/GitHub/Mapanare/mapanare/self/mnc-stage1)
==12688==    by 0x67C06F: mir_opt__is_in_list (in /mnt/c/Users/Juan/Documents/GitHub/Mapanare/mapanare/self/mnc-stage1)
==12688==    by 0x6AA982F: ???
==12688==    by 0x1: ???
==12688==    by 0x7: ???
==12688==    by 0x6AA867F: ???
==12688==    by 0x8000000000000009: ???
==12688==    by 0x6AA982F: ???
==12688==    by 0x1: ???
==12688==    by 0x6AB0E1F: ???
==12688==    by 0x1101: ???
==12688==    by 0x580053FF: ??? (in /usr/libexec/valgrind/memcheck-amd64-linux)
==12688==    by 0xF: ???
==12688== 
==12688== 16 bytes in 1 blocks are definitely lost in loss record 407 of 853
==12688==    at 0x4846828: malloc (in /usr/libexec/valgrind/vgpreload_memcheck-amd64-linux.so)
==12688==    by 0x73DDF9: __mn_range (in /mnt/c/Users/Juan/Documents/GitHub/Mapanare/mapanare/self/mnc-stage1)
==12688==    by 0x67C06F: mir_opt__is_in_list (in /mnt/c/Users/Juan/Documents/GitHub/Mapanare/mapanare/self/mnc-stage1)
==12688==    by 0x6AAA3CF: ???
==12688==    by 0x1: ???
==12688==    by 0x7: ???
==12688==    by 0x6AA814F: ???
==12688==    by 0x800000000000000B: ???
==12688==    by 0x6AAA3CF: ???
==12688==    by 0x1: ???
==12688==    by 0x6AB0EBF: ???
==12688==    by 0x1101: ???
==12688==    by 0x580053FF: ??? (in /usr/libexec/valgrind/memcheck-amd64-linux)
==12688==    by 0xF: ???
==12688== 
==12688== 16 bytes in 1 blocks are definitely lost in loss record 408 of 853
==12688==    at 0x4846828: malloc (in /usr/libexec/valgrind/vgpreload_memcheck-amd64-linux.so)
==12688==    by 0x73DDF9: __mn_range (in /mnt/c/Users/Juan/Documents/GitHub/Mapanare/mapanare/self/mnc-stage1)
==12688==    by 0x67C06F: mir_opt__is_in_list (in /mnt/c/Users/Juan/Documents/GitHub/Mapanare/mapanare/self/mnc-stage1)
==12688==    by 0x6AAAECF: ???
==12688==    by 0x2: ???
==12688==    by 0x7: ???
==12688==    by 0x7540BF: ??? (in /mnt/c/Users/Juan/Documents/GitHub/Mapanare/mapanare/self/mnc-stage1)
==12688==    by 0x4: ???
==12688==    by 0x6AAAECF: ???
==12688==    by 0x2: ???
==12688==    by 0x6AB122F: ???
==12688==    by 0x1101: ???
==12688==    by 0x580053FF: ??? (in /usr/libexec/valgrind/memcheck-amd64-linux)
==12688==    by 0xF: ???
==12688== 
==12688== 16 bytes in 1 blocks are definitely lost in loss record 409 of 853
==12688==    at 0x4846828: malloc (in /usr/libexec/valgrind/vgpreload_memcheck-amd64-linux.so)
==12688==    by 0x73DDF9: __mn_range (in /mnt/c/Users/Juan/Documents/GitHub/Mapanare/mapanare/self/mnc-stage1)
==12688==    by 0x67C06F: mir_opt__is_in_list (in /mnt/c/Users/Juan/Documents/GitHub/Mapanare/mapanare/self/mnc-stage1)
==12688==    by 0x6AA791F: ???
==12688==    by 0x4: ???
==12688==    by 0x7: ???
==12688==    by 0x6AA81EF: ???
==12688==    by 0x8000000000000009: ???
==12688==    by 0x6AA791F: ???
==12688==    by 0x4: ???
==12688==    by 0x6AB13EF: ???
==12688==    by 0x1101: ???
==12688==    by 0x580053FF: ??? (in /usr/libexec/valgrind/memcheck-amd64-linux)
==12688==    by 0xF: ???
==12688== 
==12688== 16 bytes in 1 blocks are definitely lost in loss record 410 of 853
==12688==    at 0x4846828: malloc (in /usr/libexec/valgrind/vgpreload_memcheck-amd64-linux.so)
==12688==    by 0x73DDF9: __mn_range (in /mnt/c/Users/Juan/Documents/GitHub/Mapanare/mapanare/self/mnc-stage1)
==12688==    by 0x67C06F: mir_opt__is_in_list (in /mnt/c/Users/Juan/Documents/GitHub/Mapanare/mapanare/self/mnc-stage1)
==12688==    by 0x6AA791F: ???
==12688==    by 0x6A7260100000004: ???
==12688==    by 0x6AB143F: ???
==12688==    by 0x6AA858F: ???
==12688==    by 0x8000000000000009: ???
==12688==    by 0x6AB02FF: ???
==12688==    by 0x4: ???
==12688==    by 0x7: ???
==12688==    by 0xF: ???
==12688== 
==12688== 16 bytes in 1 blocks are definitely lost in loss record 411 of 853
==12688==    at 0x4846828: malloc (in /usr/libexec/valgrind/vgpreload_memcheck-amd64-linux.so)
==12688==    by 0x73DDF9: __mn_range (in /mnt/c/Users/Juan/Documents/GitHub/Mapanare/mapanare/self/mnc-stage1)
==12688==    by 0x67C06F: mir_opt__is_in_list (in /mnt/c/Users/Juan/Documents/GitHub/Mapanare/mapanare/self/mnc-stage1)
==12688==    by 0x6AA791F: ???
==12688==    by 0x6A7260100000004: ???
==12688==    by 0x6AB148F: ???
==12688==    by 0x6AA867F: ???
==12688==    by 0x8000000000000009: ???
==12688==    by 0x6AB02FF: ???
==12688==    by 0x4: ???
==12688==    by 0x7: ???
==12688==    by 0xF: ???
==12688== 
==12688== 16 bytes in 1 blocks are definitely lost in loss record 412 of 853
==12688==    at 0x4846828: malloc (in /usr/libexec/valgrind/vgpreload_memcheck-amd64-linux.so)
==12688==    by 0x73DDF9: __mn_range (in /mnt/c/Users/Juan/Documents/GitHub/Mapanare/mapanare/self/mnc-stage1)
==12688==    by 0x67C06F: mir_opt__is_in_list (in /mnt/c/Users/Juan/Documents/GitHub/Mapanare/mapanare/self/mnc-stage1)
==12688==    by 0x6AA791F: ???
==12688==    by 0x6A7260100000004: ???
==12688==    by 0x6AB14DF: ???
==12688==    by 0x6AA814F: ???
==12688==    by 0x800000000000000B: ???
==12688==    by 0x6AB02FF: ???
==12688==    by 0x4: ???
==12688==    by 0x7: ???
==12688==    by 0xF: ???
==12688== 
==12688== 16 bytes in 1 blocks are definitely lost in loss record 413 of 853
==12688==    at 0x4846828: malloc (in /usr/libexec/valgrind/vgpreload_memcheck-amd64-linux.so)
==12688==    by 0x73DDF9: __mn_range (in /mnt/c/Users/Juan/Documents/GitHub/Mapanare/mapanare/self/mnc-stage1)
==12688==    by 0x67C06F: mir_opt__is_in_list (in /mnt/c/Users/Juan/Documents/GitHub/Mapanare/mapanare/self/mnc-stage1)
==12688==    by 0x6AA791F: ???
==12688==    by 0x6A7260100000004: ???
==12688==    by 0x6AB152F: ???
==12688==    by 0x6AA81EF: ???
==12688==    by 0x8000000000000009: ???
==12688==    by 0x6AB02FF: ???
==12688==    by 0x4: ???
==12688==    by 0x7: ???
==12688==    by 0xF: ???
==12688== 
==12688== 16 bytes in 1 blocks are definitely lost in loss record 414 of 853
==12688==    at 0x4846828: malloc (in /usr/libexec/valgrind/vgpreload_memcheck-amd64-linux.so)
==12688==    by 0x73DDF9: __mn_range (in /mnt/c/Users/Juan/Documents/GitHub/Mapanare/mapanare/self/mnc-stage1)
==12688==    by 0x67C06F: mir_opt__is_in_list (in /mnt/c/Users/Juan/Documents/GitHub/Mapanare/mapanare/self/mnc-stage1)
==12688==    by 0x6AA8C8F: ???
==12688==    by 0x1: ???
==12688==    by 0x7: ???
==12688==    by 0x6AA858F: ???
==12688==    by 0x8000000000000009: ???
==12688==    by 0x6AA8C8F: ???
==12688==    by 0x1: ???
==12688==    by 0x6AB15CF: ???
==12688==    by 0x1101: ???
==12688==    by 0x580053FF: ??? (in /usr/libexec/valgrind/memcheck-amd64-linux)
==12688==    by 0xF: ???
==12688== 
==12688== 16 bytes in 1 blocks are definitely lost in loss record 415 of 853
==12688==    at 0x4846828: malloc (in /usr/libexec/valgrind/vgpreload_memcheck-amd64-linux.so)
==12688==    by 0x73DDF9: __mn_range (in /mnt/c/Users/Juan/Documents/GitHub/Mapanare/mapanare/self/mnc-stage1)
==12688==    by 0x67C06F: mir_opt__is_in_list (in /mnt/c/Users/Juan/Documents/GitHub/Mapanare/mapanare/self/mnc-stage1)
==12688==    by 0x6AA982F: ???
==12688==    by 0x1: ???
==12688==    by 0x7: ???
==12688==    by 0x6AA867F: ???
==12688==    by 0x8000000000000009: ???
==12688==    by 0x6AA982F: ???
==12688==    by 0x1: ???
==12688==    by 0x6AB166F: ???
==12688==    by 0x1101: ???
==12688==    by 0x580053FF: ??? (in /usr/libexec/valgrind/memcheck-amd64-linux)
==12688==    by 0xF: ???
==12688== 
==12688== 16 bytes in 1 blocks are definitely lost in loss record 416 of 853
==12688==    at 0x4846828: malloc (in /usr/libexec/valgrind/vgpreload_memcheck-amd64-linux.so)
==12688==    by 0x73DDF9: __mn_range (in /mnt/c/Users/Juan/Documents/GitHub/Mapanare/mapanare/self/mnc-stage1)
==12688==    by 0x67C06F: mir_opt__is_in_list (in /mnt/c/Users/Juan/Documents/GitHub/Mapanare/mapanare/self/mnc-stage1)
==12688==    by 0x6AAA3CF: ???
==12688==    by 0x1: ???
==12688==    by 0x7: ???
==12688==    by 0x6AA814F: ???
==12688==    by 0x800000000000000B: ???
==12688==    by 0x6AAA3CF: ???
==12688==    by 0x1: ???
==12688==    by 0x6AB170F: ???
==12688==    by 0x1101: ???
==12688==    by 0x580053FF: ??? (in /usr/libexec/valgrind/memcheck-amd64-linux)
==12688==    by 0xF: ???
==12688== 
==12688== 16 bytes in 1 blocks are definitely lost in loss record 417 of 853
==12688==    at 0x4846828: malloc (in /usr/libexec/valgrind/vgpreload_memcheck-amd64-linux.so)
==12688==    by 0x73DDF9: __mn_range (in /mnt/c/Users/Juan/Documents/GitHub/Mapanare/mapanare/self/mnc-stage1)
==12688==    by 0x67C06F: mir_opt__is_in_list (in /mnt/c/Users/Juan/Documents/GitHub/Mapanare/mapanare/self/mnc-stage1)
==12688==    by 0x6AAAECF: ???
==12688==    by 0x2: ???
==12688==    by 0x7: ???
==12688==    by 0x7540BF: ??? (in /mnt/c/Users/Juan/Documents/GitHub/Mapanare/mapanare/self/mnc-stage1)
==12688==    by 0x4: ???
==12688==    by 0x6AAAECF: ???
==12688==    by 0x2: ???
==12688==    by 0x6AB17FF: ???
==12688==    by 0x1101: ???
==12688==    by 0x580053FF: ??? (in /usr/libexec/valgrind/memcheck-amd64-linux)
==12688==    by 0xF: ???
==12688== 
==12688== 16 bytes in 1 blocks are definitely lost in loss record 418 of 853
==12688==    at 0x4846828: malloc (in /usr/libexec/valgrind/vgpreload_memcheck-amd64-linux.so)
==12688==    by 0x73DDF9: __mn_range (in /mnt/c/Users/Juan/Documents/GitHub/Mapanare/mapanare/self/mnc-stage1)
==12688==    by 0x67C06F: mir_opt__is_in_list (in /mnt/c/Users/Juan/Documents/GitHub/Mapanare/mapanare/self/mnc-stage1)
==12688==    by 0x6AAAECF: ???
==12688==    by 0x6A7260100000002: ???
==12688==    by 0x6AB184F: ???
==12688==    by 0x6AA81EF: ???
==12688==    by 0x8000000000000009: ???
==12688==    by 0x6AB18EF: ???
==12688==    by 0x1102: ???
==12688==    by 0x5800566F: ??? (in /usr/libexec/valgrind/memcheck-amd64-linux)
==12688== 
==12688== 16 bytes in 1 blocks are definitely lost in loss record 419 of 853
==12688==    at 0x4846828: malloc (in /usr/libexec/valgrind/vgpreload_memcheck-amd64-linux.so)
==12688==    by 0x73DDF9: __mn_range (in /mnt/c/Users/Juan/Documents/GitHub/Mapanare/mapanare/self/mnc-stage1)
==12688==    by 0x67C06F: mir_opt__is_in_list (in /mnt/c/Users/Juan/Documents/GitHub/Mapanare/mapanare/self/mnc-stage1)
==12688==    by 0x6AAAECF: ???
==12688==    by 0x6A7260100000002: ???
==12688==    by 0x6AB1AFF: ???
==12688==    by 0x6AA858F: ???
==12688==    by 0x8000000000000009: ???
==12688==    by 0x6AB02FF: ???
==12688==    by 0x4: ???
==12688==    by 0x7: ???
==12688==    by 0xF: ???
==12688== 
==12688== 16 bytes in 1 blocks are definitely lost in loss record 420 of 853
==12688==    at 0x4846828: malloc (in /usr/libexec/valgrind/vgpreload_memcheck-amd64-linux.so)
==12688==    by 0x73DDF9: __mn_range (in /mnt/c/Users/Juan/Documents/GitHub/Mapanare/mapanare/self/mnc-stage1)
==12688==    by 0x67C06F: mir_opt__is_in_list (in /mnt/c/Users/Juan/Documents/GitHub/Mapanare/mapanare/self/mnc-stage1)
==12688==    by 0x6AAAECF: ???
==12688==    by 0x6A7260100000002: ???
==12688==    by 0x6AB1B9F: ???
==12688==    by 0x6AA867F: ???
==12688==    by 0x8000000000000009: ???
==12688==    by 0x6AB02FF: ???
==12688==    by 0x4: ???
==12688==    by 0x7: ???
==12688==    by 0xF: ???
==12688== 
==12688== 16 bytes in 1 blocks are definitely lost in loss record 421 of 853
==12688==    at 0x4846828: malloc (in /usr/libexec/valgrind/vgpreload_memcheck-amd64-linux.so)
==12688==    by 0x73DDF9: __mn_range (in /mnt/c/Users/Juan/Documents/GitHub/Mapanare/mapanare/self/mnc-stage1)
==12688==    by 0x67C06F: mir_opt__is_in_list (in /mnt/c/Users/Juan/Documents/GitHub/Mapanare/mapanare/self/mnc-stage1)
==12688==    by 0x6AAAECF: ???
==12688==    by 0x6A7260100000002: ???
==12688==    by 0x6AB1C3F: ???
==12688==    by 0x6AA814F: ???
==12688==    by 0x800000000000000B: ???
==12688==    by 0x6AB02FF: ???
==12688==    by 0x4: ???
==12688==    by 0x7: ???
==12688==    by 0xF: ???
==12688== 
==12688== 16 bytes in 1 blocks are definitely lost in loss record 422 of 853
==12688==    at 0x4846828: malloc (in /usr/libexec/valgrind/vgpreload_memcheck-amd64-linux.so)
==12688==    by 0x73DDF9: __mn_range (in /mnt/c/Users/Juan/Documents/GitHub/Mapanare/mapanare/self/mnc-stage1)
==12688==    by 0x679203: mir_opt__constant_fold_function (in /mnt/c/Users/Juan/Documents/GitHub/Mapanare/mapanare/self/mnc-stage1)
==12688== 
==12688== 16 bytes in 1 blocks are definitely lost in loss record 423 of 853
==12688==    at 0x4846828: malloc (in /usr/libexec/valgrind/vgpreload_memcheck-amd64-linux.so)
==12688==    by 0x73DDF9: __mn_range (in /mnt/c/Users/Juan/Documents/GitHub/Mapanare/mapanare/self/mnc-stage1)
==12688==    by 0x675FE1: lower__verify_module (in /mnt/c/Users/Juan/Documents/GitHub/Mapanare/mapanare/self/mnc-stage1)
==12688==    by 0xF: ???
==12688== 
==12688== 16 bytes in 1 blocks are definitely lost in loss record 424 of 853
==12688==    at 0x4846828: malloc (in /usr/libexec/valgrind/vgpreload_memcheck-amd64-linux.so)
==12688==    by 0x73DDF9: __mn_range (in /mnt/c/Users/Juan/Documents/GitHub/Mapanare/mapanare/self/mnc-stage1)
==12688==    by 0x6764B5: lower__verify_function (in /mnt/c/Users/Juan/Documents/GitHub/Mapanare/mapanare/self/mnc-stage1)
==12688==    by 0x3F: ???
==12688== 
==12688== 16 bytes in 1 blocks are definitely lost in loss record 425 of 853
==12688==    at 0x4846828: malloc (in /usr/libexec/valgrind/vgpreload_memcheck-amd64-linux.so)
==12688==    by 0x73DDF9: __mn_range (in /mnt/c/Users/Juan/Documents/GitHub/Mapanare/mapanare/self/mnc-stage1)
==12688==    by 0x6764B5: lower__verify_function (in /mnt/c/Users/Juan/Documents/GitHub/Mapanare/mapanare/self/mnc-stage1)
==12688==    by 0x2: ???
==12688==    by 0x7: ???
==12688==    by 0xF: ???
==12688== 
==12688== 16 bytes in 1 blocks are definitely lost in loss record 426 of 853
==12688==    at 0x4846828: malloc (in /usr/libexec/valgrind/vgpreload_memcheck-amd64-linux.so)
==12688==    by 0x73DDF9: __mn_range (in /mnt/c/Users/Juan/Documents/GitHub/Mapanare/mapanare/self/mnc-stage1)
==12688==    by 0x413CD8: basename_of (in /mnt/c/Users/Juan/Documents/GitHub/Mapanare/mapanare/self/mnc-stage1)
==12688==    by 0xF: ???
==12688==    by 0x6A7619F: ???
==12688== 
==12688== 16 bytes in 1 blocks are definitely lost in loss record 427 of 853
==12688==    at 0x4846828: malloc (in /usr/libexec/valgrind/vgpreload_memcheck-amd64-linux.so)
==12688==    by 0x73DDF9: __mn_range (in /mnt/c/Users/Juan/Documents/GitHub/Mapanare/mapanare/self/mnc-stage1)
==12688==    by 0x413DE5: file_extension (in /mnt/c/Users/Juan/Documents/GitHub/Mapanare/mapanare/self/mnc-stage1)
==12688==    by 0x8000000000000011: ???
==12688== 
==12688== 16 bytes in 1 blocks are definitely lost in loss record 428 of 853
==12688==    at 0x484D953: calloc (in /usr/libexec/valgrind/vgpreload_memcheck-amd64-linux.so)
==12688==    by 0x739049: __mn_alloc (in /mnt/c/Users/Juan/Documents/GitHub/Mapanare/mapanare/self/mnc-stage1)
==12688==    by 0x73980B: __mn_str_from_parts (in /mnt/c/Users/Juan/Documents/GitHub/Mapanare/mapanare/self/mnc-stage1)
==12688==    by 0x416CF9: compile (in /mnt/c/Users/Juan/Documents/GitHub/Mapanare/mapanare/self/mnc-stage1)
==12688== 
==12688== 16 bytes in 1 blocks are definitely lost in loss record 429 of 853
==12688==    at 0x484D953: calloc (in /usr/libexec/valgrind/vgpreload_memcheck-amd64-linux.so)
==12688==    by 0x739049: __mn_alloc (in /mnt/c/Users/Juan/Documents/GitHub/Mapanare/mapanare/self/mnc-stage1)
==12688==    by 0x739C2E: __mn_str_concat (in /mnt/c/Users/Juan/Documents/GitHub/Mapanare/mapanare/self/mnc-stage1)
==12688==    by 0x68FD63: emit_llvm__declare_all_runtime (in /mnt/c/Users/Juan/Documents/GitHub/Mapanare/mapanare/self/mnc-stage1)
==12688== 
==12688== 16 bytes in 1 blocks are definitely lost in loss record 430 of 853
==12688==    at 0x484D953: calloc (in /usr/libexec/valgrind/vgpreload_memcheck-amd64-linux.so)
==12688==    by 0x739049: __mn_alloc (in /mnt/c/Users/Juan/Documents/GitHub/Mapanare/mapanare/self/mnc-stage1)
==12688==    by 0x739C2E: __mn_str_concat (in /mnt/c/Users/Juan/Documents/GitHub/Mapanare/mapanare/self/mnc-stage1)
==12688==    by 0x68FF7D: emit_llvm__declare_all_runtime (in /mnt/c/Users/Juan/Documents/GitHub/Mapanare/mapanare/self/mnc-stage1)
==12688==    by 0x75C4AF: ??? (in /mnt/c/Users/Juan/Documents/GitHub/Mapanare/mapanare/self/mnc-stage1)
==12688==    by 0x3: ???
==12688== 
==12688== 16 bytes in 1 blocks are definitely lost in loss record 431 of 853
==12688==    at 0x484D953: calloc (in /usr/libexec/valgrind/vgpreload_memcheck-amd64-linux.so)
==12688==    by 0x739049: __mn_alloc (in /mnt/c/Users/Juan/Documents/GitHub/Mapanare/mapanare/self/mnc-stage1)
==12688==    by 0x739C2E: __mn_str_concat (in /mnt/c/Users/Juan/Documents/GitHub/Mapanare/mapanare/self/mnc-stage1)
==12688==    by 0x691886: emit_llvm__declare_all_runtime (in /mnt/c/Users/Juan/Documents/GitHub/Mapanare/mapanare/self/mnc-stage1)
==12688== 
==12688== 16 bytes in 1 blocks are definitely lost in loss record 432 of 853
==12688==    at 0x4846828: malloc (in /usr/libexec/valgrind/vgpreload_memcheck-amd64-linux.so)
==12688==    by 0x73DDF9: __mn_range (in /mnt/c/Users/Juan/Documents/GitHub/Mapanare/mapanare/self/mnc-stage1)
==12688==    by 0x6A1AC8: emit_llvm__compute_enum_inline_slots (in /mnt/c/Users/Juan/Documents/GitHub/Mapanare/mapanare/self/mnc-stage1)
==12688== 
==12688== 16 bytes in 1 blocks are definitely lost in loss record 433 of 853
==12688==    at 0x4846828: malloc (in /usr/libexec/valgrind/vgpreload_memcheck-amd64-linux.so)
==12688==    by 0x73DDF9: __mn_range (in /mnt/c/Users/Juan/Documents/GitHub/Mapanare/mapanare/self/mnc-stage1)
==12688==    by 0x69FEBB: emit_llvm__is_enum_type (in /mnt/c/Users/Juan/Documents/GitHub/Mapanare/mapanare/self/mnc-stage1)
==12688==    by 0x7F: ???
==12688==    by 0xF: ???
==12688==    by 0x6A7A9FF: ???
==12688==    by 0x8000000000000004: ???
==12688==    by 0x6ACDE5F: ???
==12688==    by 0x5800566F: ??? (in /usr/libexec/valgrind/memcheck-amd64-linux)
==12688== 
==12688== 16 bytes in 1 blocks are definitely lost in loss record 434 of 853
==12688==    at 0x4846828: malloc (in /usr/libexec/valgrind/vgpreload_memcheck-amd64-linux.so)
==12688==    by 0x73DDF9: __mn_range (in /mnt/c/Users/Juan/Documents/GitHub/Mapanare/mapanare/self/mnc-stage1)
==12688==    by 0x69FEBB: emit_llvm__is_enum_type (in /mnt/c/Users/Juan/Documents/GitHub/Mapanare/mapanare/self/mnc-stage1)
==12688==    by 0x74: ???
==12688==    by 0x7F: ???
==12688==    by 0x6A7A9FF: ???
==12688==    by 0x8000000000000004: ???
==12688==    by 0x6ACDE5F: ???
==12688==    by 0x5800566F: ??? (in /usr/libexec/valgrind/memcheck-amd64-linux)
==12688== 
==12688== 16 bytes in 1 blocks are definitely lost in loss record 435 of 853
==12688==    at 0x4846828: malloc (in /usr/libexec/valgrind/vgpreload_memcheck-amd64-linux.so)
==12688==    by 0x73DDF9: __mn_range (in /mnt/c/Users/Juan/Documents/GitHub/Mapanare/mapanare/self/mnc-stage1)
==12688==    by 0x728082: emit_llvm__emit_mir_switch (in /mnt/c/Users/Juan/Documents/GitHub/Mapanare/mapanare/self/mnc-stage1)
==12688==    by 0x6ACE27F: ???
==12688==    by 0x6ACDF2F: ???
==12688==    by 0x6A67CCF: ???
==12688==    by 0x73AD95: __mn_list_push (in /mnt/c/Users/Juan/Documents/GitHub/Mapanare/mapanare/self/mnc-stage1)
==12688==    by 0x6E1E01: emit_llvm__emit_enum_tag (in /mnt/c/Users/Juan/Documents/GitHub/Mapanare/mapanare/self/mnc-stage1)
==12688==    by 0x75A127: ??? (in /mnt/c/Users/Juan/Documents/GitHub/Mapanare/mapanare/self/mnc-stage1)
==12688== 
==12688== 16 bytes in 1 blocks are definitely lost in loss record 436 of 853
==12688==    at 0x4846828: malloc (in /usr/libexec/valgrind/vgpreload_memcheck-amd64-linux.so)
==12688==    by 0x73DDF9: __mn_range (in /mnt/c/Users/Juan/Documents/GitHub/Mapanare/mapanare/self/mnc-stage1)
==12688==    by 0x69FEBB: emit_llvm__is_enum_type (in /mnt/c/Users/Juan/Documents/GitHub/Mapanare/mapanare/self/mnc-stage1)
==12688==    by 0x6AAA28F: ???
==12688==    by 0x8000000000000030: ???
==12688==    by 0x750E77: ??? (in /mnt/c/Users/Juan/Documents/GitHub/Mapanare/mapanare/self/mnc-stage1)
==12688==    by 0x5: ???
==12688==    by 0x6ACDE5F: ???
==12688==    by 0x6AD3D4F: ???
==12688==    by 0x6AD3D9F: ???
==12688==    by 0x6AD3DEF: ???
==12688==    by 0x6AD3E3F: ???
==12688==    by 0x9AD18F: ???
==12688==    by 0x6AD3E8F: ???
==12688==    by 0x7557A7: ??? (in /mnt/c/Users/Juan/Documents/GitHub/Mapanare/mapanare/self/mnc-stage1)
==12688== 
==12688== 16 bytes in 1 blocks are definitely lost in loss record 437 of 853
==12688==    at 0x4846828: malloc (in /usr/libexec/valgrind/vgpreload_memcheck-amd64-linux.so)
==12688==    by 0x73DDF9: __mn_range (in /mnt/c/Users/Juan/Documents/GitHub/Mapanare/mapanare/self/mnc-stage1)
==12688==    by 0x6E0712: emit_llvm__resolve_variant_index (in /mnt/c/Users/Juan/Documents/GitHub/Mapanare/mapanare/self/mnc-stage1)
==12688== 
==12688== 16 bytes in 1 blocks are definitely lost in loss record 438 of 853
==12688==    at 0x4846828: malloc (in /usr/libexec/valgrind/vgpreload_memcheck-amd64-linux.so)
==12688==    by 0x73DDF9: __mn_range (in /mnt/c/Users/Juan/Documents/GitHub/Mapanare/mapanare/self/mnc-stage1)
==12688==    by 0x6E0874: emit_llvm__resolve_variant_index (in /mnt/c/Users/Juan/Documents/GitHub/Mapanare/mapanare/self/mnc-stage1)
==12688== 
==12688== 16 bytes in 1 blocks are definitely lost in loss record 439 of 853
==12688==    at 0x4846828: malloc (in /usr/libexec/valgrind/vgpreload_memcheck-amd64-linux.so)
==12688==    by 0x73DDF9: __mn_range (in /mnt/c/Users/Juan/Documents/GitHub/Mapanare/mapanare/self/mnc-stage1)
==12688==    by 0x6A1E42: emit_llvm__lookup_enum_inline (in /mnt/c/Users/Juan/Documents/GitHub/Mapanare/mapanare/self/mnc-stage1)
==12688==    by 0x37: ???
==12688==    by 0x6ACE27F: ???
==12688==    by 0x6AD59BF: ???
==12688==    by 0x6A7802F: ???
==12688==    by 0x8000000000000004: ???
==12688== 
==12688== 16 bytes in 1 blocks are definitely lost in loss record 440 of 853
==12688==    at 0x4846828: malloc (in /usr/libexec/valgrind/vgpreload_memcheck-amd64-linux.so)
==12688==    by 0x73DDF9: __mn_range (in /mnt/c/Users/Juan/Documents/GitHub/Mapanare/mapanare/self/mnc-stage1)
==12688==    by 0x69FEBB: emit_llvm__is_enum_type (in /mnt/c/Users/Juan/Documents/GitHub/Mapanare/mapanare/self/mnc-stage1)
==12688==    by 0x2: ???
==12688==    by 0x6AD097F: ???
==12688==    by 0x6A8278F: ???
==12688==    by 0x8000000000000004: ???
==12688==    by 0x6ACDE5F: ???
==12688==    by 0x5800566F: ??? (in /usr/libexec/valgrind/memcheck-amd64-linux)
==12688== 
==12688== 16 bytes in 1 blocks are definitely lost in loss record 441 of 853
==12688==    at 0x4846828: malloc (in /usr/libexec/valgrind/vgpreload_memcheck-amd64-linux.so)
==12688==    by 0x73DDF9: __mn_range (in /mnt/c/Users/Juan/Documents/GitHub/Mapanare/mapanare/self/mnc-stage1)
==12688==    by 0x69FEBB: emit_llvm__is_enum_type (in /mnt/c/Users/Juan/Documents/GitHub/Mapanare/mapanare/self/mnc-stage1)
==12688==    by 0x6AD5AFF: ???
==12688==    by 0x9AD17F: ???
==12688==    by 0x6A8278F: ???
==12688==    by 0x8000000000000004: ???
==12688==    by 0x6ACDE5F: ???
==12688==    by 0x5800566F: ??? (in /usr/libexec/valgrind/memcheck-amd64-linux)
==12688== 
==12688== 16 bytes in 1 blocks are definitely lost in loss record 442 of 853
==12688==    at 0x4846828: malloc (in /usr/libexec/valgrind/vgpreload_memcheck-amd64-linux.so)
==12688==    by 0x73DDF9: __mn_range (in /mnt/c/Users/Juan/Documents/GitHub/Mapanare/mapanare/self/mnc-stage1)
==12688==    by 0x69FEBB: emit_llvm__is_enum_type (in /mnt/c/Users/Juan/Documents/GitHub/Mapanare/mapanare/self/mnc-stage1)
==12688==    by 0x6AD5AFF: ???
==12688==    by 0x6AD62FF: ???
==12688==    by 0x6A8278F: ???
==12688==    by 0x8000000000000004: ???
==12688==    by 0x6ACDE5F: ???
==12688==    by 0x5800566F: ??? (in /usr/libexec/valgrind/memcheck-amd64-linux)
==12688== 
==12688== 16 bytes in 1 blocks are definitely lost in loss record 443 of 853
==12688==    at 0x4846828: malloc (in /usr/libexec/valgrind/vgpreload_memcheck-amd64-linux.so)
==12688==    by 0x73DDF9: __mn_range (in /mnt/c/Users/Juan/Documents/GitHub/Mapanare/mapanare/self/mnc-stage1)
==12688==    by 0x6E0712: emit_llvm__resolve_variant_index (in /mnt/c/Users/Juan/Documents/GitHub/Mapanare/mapanare/self/mnc-stage1)
==12688==    by 0xF: ???
==12688== 
==12688== 16 bytes in 1 blocks are definitely lost in loss record 444 of 853
==12688==    at 0x4846828: malloc (in /usr/libexec/valgrind/vgpreload_memcheck-amd64-linux.so)
==12688==    by 0x73DDF9: __mn_range (in /mnt/c/Users/Juan/Documents/GitHub/Mapanare/mapanare/self/mnc-stage1)
==12688==    by 0x6E0874: emit_llvm__resolve_variant_index (in /mnt/c/Users/Juan/Documents/GitHub/Mapanare/mapanare/self/mnc-stage1)
==12688==    by 0xF: ???
==12688== 
==12688== 16 bytes in 1 blocks are definitely lost in loss record 445 of 853
==12688==    at 0x4846828: malloc (in /usr/libexec/valgrind/vgpreload_memcheck-amd64-linux.so)
==12688==    by 0x73DDF9: __mn_range (in /mnt/c/Users/Juan/Documents/GitHub/Mapanare/mapanare/self/mnc-stage1)
==12688==    by 0x6A1E42: emit_llvm__lookup_enum_inline (in /mnt/c/Users/Juan/Documents/GitHub/Mapanare/mapanare/self/mnc-stage1)
==12688==    by 0x37: ???
==12688==    by 0x6ACE27F: ???
==12688==    by 0x6AD65DF: ???
==12688==    by 0x6A7802F: ???
==12688==    by 0x8000000000000004: ???
==12688== 
==12688== 16 bytes in 1 blocks are definitely lost in loss record 446 of 853
==12688==    at 0x4846828: malloc (in /usr/libexec/valgrind/vgpreload_memcheck-amd64-linux.so)
==12688==    by 0x73DDF9: __mn_range (in /mnt/c/Users/Juan/Documents/GitHub/Mapanare/mapanare/self/mnc-stage1)
==12688==    by 0x69FEBB: emit_llvm__is_enum_type (in /mnt/c/Users/Juan/Documents/GitHub/Mapanare/mapanare/self/mnc-stage1)
==12688==    by 0x2: ???
==12688==    by 0x6AD097F: ???
==12688==    by 0x6A8381F: ???
==12688==    by 0x8000000000000004: ???
==12688==    by 0x6ACDE5F: ???
==12688==    by 0x5800566F: ??? (in /usr/libexec/valgrind/memcheck-amd64-linux)
==12688== 
==12688== 16 bytes in 1 blocks are definitely lost in loss record 447 of 853
==12688==    at 0x4846828: malloc (in /usr/libexec/valgrind/vgpreload_memcheck-amd64-linux.so)
==12688==    by 0x73DDF9: __mn_range (in /mnt/c/Users/Juan/Documents/GitHub/Mapanare/mapanare/self/mnc-stage1)
==12688==    by 0x69FEBB: emit_llvm__is_enum_type (in /mnt/c/Users/Juan/Documents/GitHub/Mapanare/mapanare/self/mnc-stage1)
==12688==    by 0x6AD671F: ???
==12688==    by 0x9AD18F: ???
==12688==    by 0x6A8381F: ???
==12688==    by 0x8000000000000004: ???
==12688==    by 0x6ACDE5F: ???
==12688==    by 0x5800566F: ??? (in /usr/libexec/valgrind/memcheck-amd64-linux)
==12688== 
==12688== 16 bytes in 1 blocks are definitely lost in loss record 448 of 853
==12688==    at 0x4846828: malloc (in /usr/libexec/valgrind/vgpreload_memcheck-amd64-linux.so)
==12688==    by 0x73DDF9: __mn_range (in /mnt/c/Users/Juan/Documents/GitHub/Mapanare/mapanare/self/mnc-stage1)
==12688==    by 0x69FEBB: emit_llvm__is_enum_type (in /mnt/c/Users/Juan/Documents/GitHub/Mapanare/mapanare/self/mnc-stage1)
==12688==    by 0x6AD671F: ???
==12688==    by 0x6AD6F1F: ???
==12688==    by 0x6A8381F: ???
==12688==    by 0x8000000000000004: ???
==12688==    by 0x6ACDE5F: ???
==12688==    by 0x5800566F: ??? (in /usr/libexec/valgrind/memcheck-amd64-linux)
==12688== 
==12688== 16 bytes in 1 blocks are definitely lost in loss record 449 of 853
==12688==    at 0x4846828: malloc (in /usr/libexec/valgrind/vgpreload_memcheck-amd64-linux.so)
==12688==    by 0x73DDF9: __mn_range (in /mnt/c/Users/Juan/Documents/GitHub/Mapanare/mapanare/self/mnc-stage1)
==12688==    by 0x68D13B: emit_llvm__find_function (in /mnt/c/Users/Juan/Documents/GitHub/Mapanare/mapanare/self/mnc-stage1)
==12688==    by 0x6A5530F: ???
==12688==    by 0x47: ???
==12688==    by 0x7: ???
==12688==    by 0x3: ???
==12688==    by 0x6ACE6BF: ???
==12688==    by 0x6A84ADF: ???
==12688==    by 0x8000000000000009: ???
==12688== 
==12688== 16 bytes in 1 blocks are definitely lost in loss record 450 of 853
==12688==    at 0x4846828: malloc (in /usr/libexec/valgrind/vgpreload_memcheck-amd64-linux.so)
==12688==    by 0x73DDF9: __mn_range (in /mnt/c/Users/Juan/Documents/GitHub/Mapanare/mapanare/self/mnc-stage1)
==12688==    by 0x68D13B: emit_llvm__find_function (in /mnt/c/Users/Juan/Documents/GitHub/Mapanare/mapanare/self/mnc-stage1)
==12688==    by 0x6A5C507: ???
==12688==    by 0x47: ???
==12688==    by 0x7: ???
==12688==    by 0x3: ???
==12688==    by 0x6ACE6BF: ???
==12688==    by 0x6A84ADF: ???
==12688==    by 0x8000000000000009: ???
==12688==    by 0x5800566F: ??? (in /usr/libexec/valgrind/memcheck-amd64-linux)
==12688== 
==12688== 16 bytes in 1 blocks are definitely lost in loss record 451 of 853
==12688==    at 0x4846828: malloc (in /usr/libexec/valgrind/vgpreload_memcheck-amd64-linux.so)
==12688==    by 0x73DDF9: __mn_range (in /mnt/c/Users/Juan/Documents/GitHub/Mapanare/mapanare/self/mnc-stage1)
==12688==    by 0x69FEBB: emit_llvm__is_enum_type (in /mnt/c/Users/Juan/Documents/GitHub/Mapanare/mapanare/self/mnc-stage1)
==12688==    by 0x7: ???
==12688==    by 0x6AD724F: ???
==12688==    by 0x6A8381F: ???
==12688==    by 0x8000000000000004: ???
==12688==    by 0x6ACDE5F: ???
==12688==    by 0x5800566F: ??? (in /usr/libexec/valgrind/memcheck-amd64-linux)
==12688== 
==12688== 16 bytes in 1 blocks are definitely lost in loss record 452 of 853
==12688==    at 0x4846828: malloc (in /usr/libexec/valgrind/vgpreload_memcheck-amd64-linux.so)
==12688==    by 0x73DDF9: __mn_range (in /mnt/c/Users/Juan/Documents/GitHub/Mapanare/mapanare/self/mnc-stage1)
==12688==    by 0x68D13B: emit_llvm__find_function (in /mnt/c/Users/Juan/Documents/GitHub/Mapanare/mapanare/self/mnc-stage1)
==12688==    by 0x6A5530F: ???
==12688==    by 0x47: ???
==12688==    by 0x7: ???
==12688==    by 0x3: ???
==12688==    by 0x6ACE6BF: ???
==12688==    by 0x6A87DEF: ???
==12688==    by 0x8000000000000009: ???
==12688== 
==12688== 16 bytes in 1 blocks are definitely lost in loss record 453 of 853
==12688==    at 0x4846828: malloc (in /usr/libexec/valgrind/vgpreload_memcheck-amd64-linux.so)
==12688==    by 0x73DDF9: __mn_range (in /mnt/c/Users/Juan/Documents/GitHub/Mapanare/mapanare/self/mnc-stage1)
==12688==    by 0x68D13B: emit_llvm__find_function (in /mnt/c/Users/Juan/Documents/GitHub/Mapanare/mapanare/self/mnc-stage1)
==12688==    by 0x6A5C507: ???
==12688==    by 0x47: ???
==12688==    by 0x7: ???
==12688==    by 0x3: ???
==12688==    by 0x6ACE6BF: ???
==12688==    by 0x6A87DEF: ???
==12688==    by 0x8000000000000009: ???
==12688==    by 0x5800566F: ??? (in /usr/libexec/valgrind/memcheck-amd64-linux)
==12688== 
==12688== 16 bytes in 2 blocks are definitely lost in loss record 454 of 853
==12688==    at 0x484D953: calloc (in /usr/libexec/valgrind/vgpreload_memcheck-amd64-linux.so)
==12688==    by 0x739049: __mn_alloc (in /mnt/c/Users/Juan/Documents/GitHub/Mapanare/mapanare/self/mnc-stage1)
==12688==    by 0x739C2E: __mn_str_concat (in /mnt/c/Users/Juan/Documents/GitHub/Mapanare/mapanare/self/mnc-stage1)
==12688==    by 0x6B1270: emit_llvm__emit_const (in /mnt/c/Users/Juan/Documents/GitHub/Mapanare/mapanare/self/mnc-stage1)
==12688==    by 0x8000000000000002: ???
==12688== 
==12688== 17 bytes in 1 blocks are indirectly lost in loss record 455 of 853
==12688==    at 0x484D953: calloc (in /usr/libexec/valgrind/vgpreload_memcheck-amd64-linux.so)
==12688==    by 0x739049: __mn_alloc (in /mnt/c/Users/Juan/Documents/GitHub/Mapanare/mapanare/self/mnc-stage1)
==12688==    by 0x739C2E: __mn_str_concat (in /mnt/c/Users/Juan/Documents/GitHub/Mapanare/mapanare/self/mnc-stage1)
==12688==    by 0x68BDD6: emit_llvm__build_internal_struct_list (in /mnt/c/Users/Juan/Documents/GitHub/Mapanare/mapanare/self/mnc-stage1)
==12688==    by 0x1: ???
==12688==    by 0x7: ???
==12688==    by 0x6AB6D4F: ???
==12688==    by 0x7: ???
==12688==    by 0xF: ???
==12688== 
==12688== 18 bytes in 1 blocks are indirectly lost in loss record 456 of 853
==12688==    at 0x484D953: calloc (in /usr/libexec/valgrind/vgpreload_memcheck-amd64-linux.so)
==12688==    by 0x739049: __mn_alloc (in /mnt/c/Users/Juan/Documents/GitHub/Mapanare/mapanare/self/mnc-stage1)
==12688==    by 0x739C2E: __mn_str_concat (in /mnt/c/Users/Juan/Documents/GitHub/Mapanare/mapanare/self/mnc-stage1)
==12688==    by 0x68A12F: emit_llvm__build_internal_struct_list (in /mnt/c/Users/Juan/Documents/GitHub/Mapanare/mapanare/self/mnc-stage1)
==12688==    by 0xF: ???
==12688== 
==12688== 18 bytes in 1 blocks are indirectly lost in loss record 457 of 853
==12688==    at 0x484D953: calloc (in /usr/libexec/valgrind/vgpreload_memcheck-amd64-linux.so)
==12688==    by 0x739049: __mn_alloc (in /mnt/c/Users/Juan/Documents/GitHub/Mapanare/mapanare/self/mnc-stage1)
==12688==    by 0x739C2E: __mn_str_concat (in /mnt/c/Users/Juan/Documents/GitHub/Mapanare/mapanare/self/mnc-stage1)
==12688==    by 0x68B5EF: emit_llvm__build_internal_struct_list (in /mnt/c/Users/Juan/Documents/GitHub/Mapanare/mapanare/self/mnc-stage1)
==12688==    by 0x1: ???
==12688==    by 0x7: ???
==12688==    by 0x6AB5A3F: ???
==12688==    by 0x7: ???
==12688==    by 0xF: ???
==12688== 
==12688== 18 bytes in 1 blocks are indirectly lost in loss record 458 of 853
==12688==    at 0x484D953: calloc (in /usr/libexec/valgrind/vgpreload_memcheck-amd64-linux.so)
==12688==    by 0x739049: __mn_alloc (in /mnt/c/Users/Juan/Documents/GitHub/Mapanare/mapanare/self/mnc-stage1)
==12688==    by 0x739C2E: __mn_str_concat (in /mnt/c/Users/Juan/Documents/GitHub/Mapanare/mapanare/self/mnc-stage1)
==12688==    by 0x68BC12: emit_llvm__build_internal_struct_list (in /mnt/c/Users/Juan/Documents/GitHub/Mapanare/mapanare/self/mnc-stage1)
==12688==    by 0x3: ???
==12688==    by 0x7: ???
==12688==    by 0x6AB6C1F: ???
==12688==    by 0x7: ???
==12688==    by 0xF: ???
==12688== 
==12688== 19 bytes in 1 blocks are indirectly lost in loss record 459 of 853
==12688==    at 0x484D953: calloc (in /usr/libexec/valgrind/vgpreload_memcheck-amd64-linux.so)
==12688==    by 0x739049: __mn_alloc (in /mnt/c/Users/Juan/Documents/GitHub/Mapanare/mapanare/self/mnc-stage1)
==12688==    by 0x739C2E: __mn_str_concat (in /mnt/c/Users/Juan/Documents/GitHub/Mapanare/mapanare/self/mnc-stage1)
==12688==    by 0x68B7B3: emit_llvm__build_internal_struct_list (in /mnt/c/Users/Juan/Documents/GitHub/Mapanare/mapanare/self/mnc-stage1)
==12688==    by 0x1: ???
==12688==    by 0x7: ???
==12688==    by 0x6AB5B6F: ???
==12688==    by 0x7: ???
==12688==    by 0xF: ???
==12688== 
==12688== 19 bytes in 1 blocks are indirectly lost in loss record 460 of 853
==12688==    at 0x484D953: calloc (in /usr/libexec/valgrind/vgpreload_memcheck-amd64-linux.so)
==12688==    by 0x739049: __mn_alloc (in /mnt/c/Users/Juan/Documents/GitHub/Mapanare/mapanare/self/mnc-stage1)
==12688==    by 0x739C2E: __mn_str_concat (in /mnt/c/Users/Juan/Documents/GitHub/Mapanare/mapanare/self/mnc-stage1)
==12688==    by 0x68C20A: emit_llvm__build_internal_struct_list (in /mnt/c/Users/Juan/Documents/GitHub/Mapanare/mapanare/self/mnc-stage1)
==12688==    by 0x1: ???
==12688==    by 0x7: ???
==12688==    by 0x6AB6FAF: ???
==12688==    by 0x7: ???
==12688==    by 0xF: ???
==12688== 
==12688== 19 bytes in 1 blocks are definitely lost in loss record 461 of 853
==12688==    at 0x484D953: calloc (in /usr/libexec/valgrind/vgpreload_memcheck-amd64-linux.so)
==12688==    by 0x739049: __mn_alloc (in /mnt/c/Users/Juan/Documents/GitHub/Mapanare/mapanare/self/mnc-stage1)
==12688==    by 0x73980B: __mn_str_from_parts (in /mnt/c/Users/Juan/Documents/GitHub/Mapanare/mapanare/self/mnc-stage1)
==12688==    by 0x413D6B: basename_of (in /mnt/c/Users/Juan/Documents/GitHub/Mapanare/mapanare/self/mnc-stage1)
==12688==    by 0xF: ???
==12688==    by 0x6A7619F: ???
==12688==    by 0x4A: ???
==12688== 
==12688== 20 bytes in 1 blocks are indirectly lost in loss record 462 of 853
==12688==    at 0x484D953: calloc (in /usr/libexec/valgrind/vgpreload_memcheck-amd64-linux.so)
==12688==    by 0x739049: __mn_alloc (in /mnt/c/Users/Juan/Documents/GitHub/Mapanare/mapanare/self/mnc-stage1)
==12688==    by 0x739C2E: __mn_str_concat (in /mnt/c/Users/Juan/Documents/GitHub/Mapanare/mapanare/self/mnc-stage1)
==12688==    by 0x68A2B7: emit_llvm__build_internal_struct_list (in /mnt/c/Users/Juan/Documents/GitHub/Mapanare/mapanare/self/mnc-stage1)
==12688==    by 0xF: ???
==12688== 
==12688== 20 bytes in 1 blocks are indirectly lost in loss record 463 of 853
==12688==    at 0x484D953: calloc (in /usr/libexec/valgrind/vgpreload_memcheck-amd64-linux.so)
==12688==    by 0x739049: __mn_alloc (in /mnt/c/Users/Juan/Documents/GitHub/Mapanare/mapanare/self/mnc-stage1)
==12688==    by 0x739C2E: __mn_str_concat (in /mnt/c/Users/Juan/Documents/GitHub/Mapanare/mapanare/self/mnc-stage1)
==12688==    by 0x68AFF7: emit_llvm__build_internal_struct_list (in /mnt/c/Users/Juan/Documents/GitHub/Mapanare/mapanare/self/mnc-stage1)
==12688==    by 0x1: ???
==12688==    by 0x7: ???
==12688==    by 0x6AB56AF: ???
==12688==    by 0x7: ???
==12688==    by 0xF: ???
==12688== 
==12688== 20 bytes in 1 blocks are indirectly lost in loss record 464 of 853
==12688==    at 0x484D953: calloc (in /usr/libexec/valgrind/vgpreload_memcheck-amd64-linux.so)
==12688==    by 0x739049: __mn_alloc (in /mnt/c/Users/Juan/Documents/GitHub/Mapanare/mapanare/self/mnc-stage1)
==12688==    by 0x739C2E: __mn_str_concat (in /mnt/c/Users/Juan/Documents/GitHub/Mapanare/mapanare/self/mnc-stage1)
==12688==    by 0x68B42B: emit_llvm__build_internal_struct_list (in /mnt/c/Users/Juan/Documents/GitHub/Mapanare/mapanare/self/mnc-stage1)
==12688==    by 0x2: ???
==12688==    by 0x7: ???
==12688==    by 0x6AB590F: ???
==12688==    by 0x7: ???
==12688==    by 0xF: ???
==12688== 
==12688== 20 bytes in 1 blocks are indirectly lost in loss record 465 of 853
==12688==    at 0x484D953: calloc (in /usr/libexec/valgrind/vgpreload_memcheck-amd64-linux.so)
==12688==    by 0x739049: __mn_alloc (in /mnt/c/Users/Juan/Documents/GitHub/Mapanare/mapanare/self/mnc-stage1)
==12688==    by 0x739C2E: __mn_str_concat (in /mnt/c/Users/Juan/Documents/GitHub/Mapanare/mapanare/self/mnc-stage1)
==12688==    by 0x68B9F8: emit_llvm__build_internal_struct_list (in /mnt/c/Users/Juan/Documents/GitHub/Mapanare/mapanare/self/mnc-stage1)
==12688==    by 0x4: ???
==12688==    by 0x7: ???
==12688==    by 0x6AB5C9F: ???
==12688==    by 0x7: ???
==12688==    by 0xF: ???
==12688== 
==12688== 20 bytes in 1 blocks are indirectly lost in loss record 466 of 853
==12688==    at 0x484D953: calloc (in /usr/libexec/valgrind/vgpreload_memcheck-amd64-linux.so)
==12688==    by 0x739049: __mn_alloc (in /mnt/c/Users/Juan/Documents/GitHub/Mapanare/mapanare/self/mnc-stage1)
==12688==    by 0x739C2E: __mn_str_concat (in /mnt/c/Users/Juan/Documents/GitHub/Mapanare/mapanare/self/mnc-stage1)
==12688==    by 0x68C046: emit_llvm__build_internal_struct_list (in /mnt/c/Users/Juan/Documents/GitHub/Mapanare/mapanare/self/mnc-stage1)
==12688==    by 0x5: ???
==12688==    by 0x7: ???
==12688==    by 0x6AB6E7F: ???
==12688==    by 0x7: ???
==12688==    by 0xF: ???
==12688== 
==12688== 20 bytes in 2 blocks are indirectly lost in loss record 467 of 853
==12688==    at 0x484D953: calloc (in /usr/libexec/valgrind/vgpreload_memcheck-amd64-linux.so)
==12688==    by 0x739049: __mn_alloc (in /mnt/c/Users/Juan/Documents/GitHub/Mapanare/mapanare/self/mnc-stage1)
==12688==    by 0x739C2E: __mn_str_concat (in /mnt/c/Users/Juan/Documents/GitHub/Mapanare/mapanare/self/mnc-stage1)
==12688==    by 0x4EBB92: lower__lower_let (in /mnt/c/Users/Juan/Documents/GitHub/Mapanare/mapanare/self/mnc-stage1)
==12688==    by 0x8000000000000004: ???
==12688== 
==12688== 20 bytes in 3 blocks are definitely lost in loss record 468 of 853
==12688==    at 0x484D953: calloc (in /usr/libexec/valgrind/vgpreload_memcheck-amd64-linux.so)
==12688==    by 0x739049: __mn_alloc (in /mnt/c/Users/Juan/Documents/GitHub/Mapanare/mapanare/self/mnc-stage1)
==12688==    by 0x739C2E: __mn_str_concat (in /mnt/c/Users/Juan/Documents/GitHub/Mapanare/mapanare/self/mnc-stage1)
==12688==    by 0x569FC9: lower__lower_identifier (in /mnt/c/Users/Juan/Documents/GitHub/Mapanare/mapanare/self/mnc-stage1)
==12688== 
==12688== 21 bytes in 1 blocks are indirectly lost in loss record 469 of 853
==12688==    at 0x484D953: calloc (in /usr/libexec/valgrind/vgpreload_memcheck-amd64-linux.so)
==12688==    by 0x739049: __mn_alloc (in /mnt/c/Users/Juan/Documents/GitHub/Mapanare/mapanare/self/mnc-stage1)
==12688==    by 0x739C2E: __mn_str_concat (in /mnt/c/Users/Juan/Documents/GitHub/Mapanare/mapanare/self/mnc-stage1)
==12688==    by 0x6635B8: lower__lower_match (in /mnt/c/Users/Juan/Documents/GitHub/Mapanare/mapanare/self/mnc-stage1)
==12688==    by 0x5: ???
==12688==    by 0x800000000000000D: ???
==12688== 
==12688== 21 bytes in 1 blocks are indirectly lost in loss record 470 of 853
==12688==    at 0x484D953: calloc (in /usr/libexec/valgrind/vgpreload_memcheck-amd64-linux.so)
==12688==    by 0x739049: __mn_alloc (in /mnt/c/Users/Juan/Documents/GitHub/Mapanare/mapanare/self/mnc-stage1)
==12688==    by 0x739C2E: __mn_str_concat (in /mnt/c/Users/Juan/Documents/GitHub/Mapanare/mapanare/self/mnc-stage1)
==12688==    by 0x68B23C: emit_llvm__build_internal_struct_list (in /mnt/c/Users/Juan/Documents/GitHub/Mapanare/mapanare/self/mnc-stage1)
==12688==    by 0x4: ???
==12688==    by 0x7: ???
==12688==    by 0x6AB57DF: ???
==12688==    by 0x7: ???
==12688==    by 0xF: ???
==12688== 
==12688== 21 bytes in 1 blocks are definitely lost in loss record 471 of 853
==12688==    at 0x484D953: calloc (in /usr/libexec/valgrind/vgpreload_memcheck-amd64-linux.so)
==12688==    by 0x739049: __mn_alloc (in /mnt/c/Users/Juan/Documents/GitHub/Mapanare/mapanare/self/mnc-stage1)
==12688==    by 0x739C2E: __mn_str_concat (in /mnt/c/Users/Juan/Documents/GitHub/Mapanare/mapanare/self/mnc-stage1)
==12688==    by 0x690193: emit_llvm__declare_all_runtime (in /mnt/c/Users/Juan/Documents/GitHub/Mapanare/mapanare/self/mnc-stage1)
==12688==    by 0x75C4AF: ??? (in /mnt/c/Users/Juan/Documents/GitHub/Mapanare/mapanare/self/mnc-stage1)
==12688==    by 0x3: ???
==12688== 
==12688== 21 bytes in 1 blocks are definitely lost in loss record 472 of 853
==12688==    at 0x484D953: calloc (in /usr/libexec/valgrind/vgpreload_memcheck-amd64-linux.so)
==12688==    by 0x739049: __mn_alloc (in /mnt/c/Users/Juan/Documents/GitHub/Mapanare/mapanare/self/mnc-stage1)
==12688==    by 0x739C2E: __mn_str_concat (in /mnt/c/Users/Juan/Documents/GitHub/Mapanare/mapanare/self/mnc-stage1)
==12688==    by 0x699EC7: emit_llvm__declare_all_runtime (in /mnt/c/Users/Juan/Documents/GitHub/Mapanare/mapanare/self/mnc-stage1)
==12688== 
==12688== 22 bytes in 1 blocks are indirectly lost in loss record 473 of 853
==12688==    at 0x484D953: calloc (in /usr/libexec/valgrind/vgpreload_memcheck-amd64-linux.so)
==12688==    by 0x739049: __mn_alloc (in /mnt/c/Users/Juan/Documents/GitHub/Mapanare/mapanare/self/mnc-stage1)
==12688==    by 0x739C2E: __mn_str_concat (in /mnt/c/Users/Juan/Documents/GitHub/Mapanare/mapanare/self/mnc-stage1)
==12688==    by 0x68A46A: emit_llvm__build_internal_struct_list (in /mnt/c/Users/Juan/Documents/GitHub/Mapanare/mapanare/self/mnc-stage1)
==12688==    by 0xF: ???
==12688== 
==12688== 22 bytes in 6 blocks are definitely lost in loss record 474 of 853
==12688==    at 0x484D953: calloc (in /usr/libexec/valgrind/vgpreload_memcheck-amd64-linux.so)
==12688==    by 0x739049: __mn_alloc (in /mnt/c/Users/Juan/Documents/GitHub/Mapanare/mapanare/self/mnc-stage1)
==12688==    by 0x739C2E: __mn_str_concat (in /mnt/c/Users/Juan/Documents/GitHub/Mapanare/mapanare/self/mnc-stage1)
==12688==    by 0x4208EB: lexer__scan_string (in /mnt/c/Users/Juan/Documents/GitHub/Mapanare/mapanare/self/mnc-stage1)
==12688== 
==12688== 23 bytes in 1 blocks are definitely lost in loss record 475 of 853
==12688==    at 0x484D953: calloc (in /usr/libexec/valgrind/vgpreload_memcheck-amd64-linux.so)
==12688==    by 0x739049: __mn_alloc (in /mnt/c/Users/Juan/Documents/GitHub/Mapanare/mapanare/self/mnc-stage1)
==12688==    by 0x739C2E: __mn_str_concat (in /mnt/c/Users/Juan/Documents/GitHub/Mapanare/mapanare/self/mnc-stage1)
==12688==    by 0x68F738: emit_llvm__declare_all_runtime (in /mnt/c/Users/Juan/Documents/GitHub/Mapanare/mapanare/self/mnc-stage1)
==12688==    by 0x75C4AF: ??? (in /mnt/c/Users/Juan/Documents/GitHub/Mapanare/mapanare/self/mnc-stage1)
==12688==    by 0x3: ???
==12688== 
==12688== 23 bytes in 1 blocks are definitely lost in loss record 476 of 853
==12688==    at 0x484D953: calloc (in /usr/libexec/valgrind/vgpreload_memcheck-amd64-linux.so)
==12688==    by 0x739049: __mn_alloc (in /mnt/c/Users/Juan/Documents/GitHub/Mapanare/mapanare/self/mnc-stage1)
==12688==    by 0x739C2E: __mn_str_concat (in /mnt/c/Users/Juan/Documents/GitHub/Mapanare/mapanare/self/mnc-stage1)
==12688==    by 0x68F97B: emit_llvm__declare_all_runtime (in /mnt/c/Users/Juan/Documents/GitHub/Mapanare/mapanare/self/mnc-stage1)
==12688== 
==12688== 23 bytes in 1 blocks are definitely lost in loss record 477 of 853
==12688==    at 0x484D953: calloc (in /usr/libexec/valgrind/vgpreload_memcheck-amd64-linux.so)
==12688==    by 0x739049: __mn_alloc (in /mnt/c/Users/Juan/Documents/GitHub/Mapanare/mapanare/self/mnc-stage1)
==12688==    by 0x739C2E: __mn_str_concat (in /mnt/c/Users/Juan/Documents/GitHub/Mapanare/mapanare/self/mnc-stage1)
==12688==    by 0x69112C: emit_llvm__declare_all_runtime (in /mnt/c/Users/Juan/Documents/GitHub/Mapanare/mapanare/self/mnc-stage1)
==12688== 
==12688== 23 bytes in 1 blocks are definitely lost in loss record 478 of 853
==12688==    at 0x484D953: calloc (in /usr/libexec/valgrind/vgpreload_memcheck-amd64-linux.so)
==12688==    by 0x739049: __mn_alloc (in /mnt/c/Users/Juan/Documents/GitHub/Mapanare/mapanare/self/mnc-stage1)
==12688==    by 0x739C2E: __mn_str_concat (in /mnt/c/Users/Juan/Documents/GitHub/Mapanare/mapanare/self/mnc-stage1)
==12688==    by 0x6913B0: emit_llvm__declare_all_runtime (in /mnt/c/Users/Juan/Documents/GitHub/Mapanare/mapanare/self/mnc-stage1)
==12688== 
==12688== 23 bytes in 1 blocks are definitely lost in loss record 479 of 853
==12688==    at 0x484D953: calloc (in /usr/libexec/valgrind/vgpreload_memcheck-amd64-linux.so)
==12688==    by 0x739049: __mn_alloc (in /mnt/c/Users/Juan/Documents/GitHub/Mapanare/mapanare/self/mnc-stage1)
==12688==    by 0x739C2E: __mn_str_concat (in /mnt/c/Users/Juan/Documents/GitHub/Mapanare/mapanare/self/mnc-stage1)
==12688==    by 0x691631: emit_llvm__declare_all_runtime (in /mnt/c/Users/Juan/Documents/GitHub/Mapanare/mapanare/self/mnc-stage1)
==12688==    by 0x75C4AF: ??? (in /mnt/c/Users/Juan/Documents/GitHub/Mapanare/mapanare/self/mnc-stage1)
==12688==    by 0x3: ???
==12688== 
==12688== 23 bytes in 1 blocks are definitely lost in loss record 480 of 853
==12688==    at 0x484D953: calloc (in /usr/libexec/valgrind/vgpreload_memcheck-amd64-linux.so)
==12688==    by 0x739049: __mn_alloc (in /mnt/c/Users/Juan/Documents/GitHub/Mapanare/mapanare/self/mnc-stage1)
==12688==    by 0x739C2E: __mn_str_concat (in /mnt/c/Users/Juan/Documents/GitHub/Mapanare/mapanare/self/mnc-stage1)
==12688==    by 0x6934EB: emit_llvm__declare_all_runtime (in /mnt/c/Users/Juan/Documents/GitHub/Mapanare/mapanare/self/mnc-stage1)
==12688== 
==12688== 23 bytes in 1 blocks are definitely lost in loss record 481 of 853
==12688==    at 0x484D953: calloc (in /usr/libexec/valgrind/vgpreload_memcheck-amd64-linux.so)
==12688==    by 0x739049: __mn_alloc (in /mnt/c/Users/Juan/Documents/GitHub/Mapanare/mapanare/self/mnc-stage1)
==12688==    by 0x739C2E: __mn_str_concat (in /mnt/c/Users/Juan/Documents/GitHub/Mapanare/mapanare/self/mnc-stage1)
==12688==    by 0x693953: emit_llvm__declare_all_runtime (in /mnt/c/Users/Juan/Documents/GitHub/Mapanare/mapanare/self/mnc-stage1)
==12688== 
==12688== 23 bytes in 1 blocks are definitely lost in loss record 482 of 853
==12688==    at 0x484D953: calloc (in /usr/libexec/valgrind/vgpreload_memcheck-amd64-linux.so)
==12688==    by 0x739049: __mn_alloc (in /mnt/c/Users/Juan/Documents/GitHub/Mapanare/mapanare/self/mnc-stage1)
==12688==    by 0x739C2E: __mn_str_concat (in /mnt/c/Users/Juan/Documents/GitHub/Mapanare/mapanare/self/mnc-stage1)
==12688==    by 0x69456C: emit_llvm__declare_all_runtime (in /mnt/c/Users/Juan/Documents/GitHub/Mapanare/mapanare/self/mnc-stage1)
==12688== 
==12688== 23 bytes in 1 blocks are definitely lost in loss record 483 of 853
==12688==    at 0x484D953: calloc (in /usr/libexec/valgrind/vgpreload_memcheck-amd64-linux.so)
==12688==    by 0x739049: __mn_alloc (in /mnt/c/Users/Juan/Documents/GitHub/Mapanare/mapanare/self/mnc-stage1)
==12688==    by 0x739C2E: __mn_str_concat (in /mnt/c/Users/Juan/Documents/GitHub/Mapanare/mapanare/self/mnc-stage1)
==12688==    by 0x697FC6: emit_llvm__declare_all_runtime (in /mnt/c/Users/Juan/Documents/GitHub/Mapanare/mapanare/self/mnc-stage1)
==12688== 
==12688== 23 bytes in 1 blocks are definitely lost in loss record 484 of 853
==12688==    at 0x484D953: calloc (in /usr/libexec/valgrind/vgpreload_memcheck-amd64-linux.so)
==12688==    by 0x739049: __mn_alloc (in /mnt/c/Users/Juan/Documents/GitHub/Mapanare/mapanare/self/mnc-stage1)
==12688==    by 0x739C2E: __mn_str_concat (in /mnt/c/Users/Juan/Documents/GitHub/Mapanare/mapanare/self/mnc-stage1)
==12688==    by 0x69911F: emit_llvm__declare_all_runtime (in /mnt/c/Users/Juan/Documents/GitHub/Mapanare/mapanare/self/mnc-stage1)
==12688== 
==12688== 23 bytes in 1 blocks are definitely lost in loss record 485 of 853
==12688==    at 0x484D953: calloc (in /usr/libexec/valgrind/vgpreload_memcheck-amd64-linux.so)
==12688==    by 0x739049: __mn_alloc (in /mnt/c/Users/Juan/Documents/GitHub/Mapanare/mapanare/self/mnc-stage1)
==12688==    by 0x739C2E: __mn_str_concat (in /mnt/c/Users/Juan/Documents/GitHub/Mapanare/mapanare/self/mnc-stage1)
==12688==    by 0x69BA6E: emit_llvm__declare_all_runtime (in /mnt/c/Users/Juan/Documents/GitHub/Mapanare/mapanare/self/mnc-stage1)
==12688== 
==12688== 23 bytes in 1 blocks are definitely lost in loss record 486 of 853
==12688==    at 0x484D953: calloc (in /usr/libexec/valgrind/vgpreload_memcheck-amd64-linux.so)
==12688==    by 0x739049: __mn_alloc (in /mnt/c/Users/Juan/Documents/GitHub/Mapanare/mapanare/self/mnc-stage1)
==12688==    by 0x739C2E: __mn_str_concat (in /mnt/c/Users/Juan/Documents/GitHub/Mapanare/mapanare/self/mnc-stage1)
==12688==    by 0x69BF8E: emit_llvm__declare_all_runtime (in /mnt/c/Users/Juan/Documents/GitHub/Mapanare/mapanare/self/mnc-stage1)
==12688== 
==12688== 24 bytes in 1 blocks are indirectly lost in loss record 487 of 853
==12688==    at 0x484D953: calloc (in /usr/libexec/valgrind/vgpreload_memcheck-amd64-linux.so)
==12688==    by 0x739049: __mn_alloc (in /mnt/c/Users/Juan/Documents/GitHub/Mapanare/mapanare/self/mnc-stage1)
==12688==    by 0x739C2E: __mn_str_concat (in /mnt/c/Users/Juan/Documents/GitHub/Mapanare/mapanare/self/mnc-stage1)
==12688==    by 0x68AC6F: emit_llvm__build_internal_struct_list (in /mnt/c/Users/Juan/Documents/GitHub/Mapanare/mapanare/self/mnc-stage1)
==12688==    by 0x2: ???
==12688==    by 0x7: ???
==12688==    by 0x6AB544F: ???
==12688==    by 0x7: ???
==12688==    by 0xF: ???
==12688== 
==12688== 24 bytes in 2 blocks are indirectly lost in loss record 488 of 853
==12688==    at 0x484D953: calloc (in /usr/libexec/valgrind/vgpreload_memcheck-amd64-linux.so)
==12688==    by 0x739049: __mn_alloc (in /mnt/c/Users/Juan/Documents/GitHub/Mapanare/mapanare/self/mnc-stage1)
==12688==    by 0x739C2E: __mn_str_concat (in /mnt/c/Users/Juan/Documents/GitHub/Mapanare/mapanare/self/mnc-stage1)
==12688==    by 0x4B7AAB: lower__register_definition (in /mnt/c/Users/Juan/Documents/GitHub/Mapanare/mapanare/self/mnc-stage1)
==12688== 
==12688== 24 bytes in 2 blocks are definitely lost in loss record 489 of 853
==12688==    at 0x484D953: calloc (in /usr/libexec/valgrind/vgpreload_memcheck-amd64-linux.so)
==12688==    by 0x739049: __mn_alloc (in /mnt/c/Users/Juan/Documents/GitHub/Mapanare/mapanare/self/mnc-stage1)
==12688==    by 0x739C2E: __mn_str_concat (in /mnt/c/Users/Juan/Documents/GitHub/Mapanare/mapanare/self/mnc-stage1)
==12688==    by 0x6DCD75: emit_llvm__emit_enum_init (in /mnt/c/Users/Juan/Documents/GitHub/Mapanare/mapanare/self/mnc-stage1)
==12688==    by 0x3F: ???
==12688== 
==12688== 24 bytes in 2 blocks are definitely lost in loss record 490 of 853
==12688==    at 0x484D953: calloc (in /usr/libexec/valgrind/vgpreload_memcheck-amd64-linux.so)
==12688==    by 0x739049: __mn_alloc (in /mnt/c/Users/Juan/Documents/GitHub/Mapanare/mapanare/self/mnc-stage1)
==12688==    by 0x739C2E: __mn_str_concat (in /mnt/c/Users/Juan/Documents/GitHub/Mapanare/mapanare/self/mnc-stage1)
==12688==    by 0x715BFA: emit_llvm__emit_mir_call (in /mnt/c/Users/Juan/Documents/GitHub/Mapanare/mapanare/self/mnc-stage1)
==12688==    by 0x3F: ???
==12688== 
==12688== 24 bytes in 12 blocks are definitely lost in loss record 491 of 853
==12688==    at 0x484D953: calloc (in /usr/libexec/valgrind/vgpreload_memcheck-amd64-linux.so)
==12688==    by 0x739049: __mn_alloc (in /mnt/c/Users/Juan/Documents/GitHub/Mapanare/mapanare/self/mnc-stage1)
==12688==    by 0x73980B: __mn_str_from_parts (in /mnt/c/Users/Juan/Documents/GitHub/Mapanare/mapanare/self/mnc-stage1)
==12688==    by 0x42094C: lexer__scan_string (in /mnt/c/Users/Juan/Documents/GitHub/Mapanare/mapanare/self/mnc-stage1)
==12688== 
==12688== 25 bytes in 1 blocks are indirectly lost in loss record 492 of 853
==12688==    at 0x484D953: calloc (in /usr/libexec/valgrind/vgpreload_memcheck-amd64-linux.so)
==12688==    by 0x739049: __mn_alloc (in /mnt/c/Users/Juan/Documents/GitHub/Mapanare/mapanare/self/mnc-stage1)
==12688==    by 0x739C2E: __mn_str_concat (in /mnt/c/Users/Juan/Documents/GitHub/Mapanare/mapanare/self/mnc-stage1)
==12688==    by 0x68A6A2: emit_llvm__build_internal_struct_list (in /mnt/c/Users/Juan/Documents/GitHub/Mapanare/mapanare/self/mnc-stage1)
==12688==    by 0x4: ???
==12688==    by 0x7: ???
==12688==    by 0x6AB498F: ???
==12688==    by 0x7: ???
==12688==    by 0xF: ???
==12688== 
==12688== 25 bytes in 1 blocks are indirectly lost in loss record 493 of 853
==12688==    at 0x484D953: calloc (in /usr/libexec/valgrind/vgpreload_memcheck-amd64-linux.so)
==12688==    by 0x739049: __mn_alloc (in /mnt/c/Users/Juan/Documents/GitHub/Mapanare/mapanare/self/mnc-stage1)
==12688==    by 0x739C2E: __mn_str_concat (in /mnt/c/Users/Juan/Documents/GitHub/Mapanare/mapanare/self/mnc-stage1)
==12688==    by 0x68AE33: emit_llvm__build_internal_struct_list (in /mnt/c/Users/Juan/Documents/GitHub/Mapanare/mapanare/self/mnc-stage1)
==12688==    by 0x1: ???
==12688==    by 0x7: ???
==12688==    by 0x6AB557F: ???
==12688==    by 0x7: ???
==12688==    by 0xF: ???
==12688== 
==12688== 26 bytes in 1 blocks are indirectly lost in loss record 494 of 853
==12688==    at 0x484D953: calloc (in /usr/libexec/valgrind/vgpreload_memcheck-amd64-linux.so)
==12688==    by 0x739049: __mn_alloc (in /mnt/c/Users/Juan/Documents/GitHub/Mapanare/mapanare/self/mnc-stage1)
==12688==    by 0x739C2E: __mn_str_concat (in /mnt/c/Users/Juan/Documents/GitHub/Mapanare/mapanare/self/mnc-stage1)
==12688==    by 0x7272FD: emit_llvm__emit_mir_return (in /mnt/c/Users/Juan/Documents/GitHub/Mapanare/mapanare/self/mnc-stage1)
==12688==    by 0x6ACDF2F: ???
==12688==    by 0x6ACDE5F: ???
==12688==    by 0x6AD097F: ???
==12688== 
==12688== 27 bytes in 2 blocks are definitely lost in loss record 495 of 853
==12688==    at 0x484D953: calloc (in /usr/libexec/valgrind/vgpreload_memcheck-amd64-linux.so)
==12688==    by 0x739049: __mn_alloc (in /mnt/c/Users/Juan/Documents/GitHub/Mapanare/mapanare/self/mnc-stage1)
==12688==    by 0x739C2E: __mn_str_concat (in /mnt/c/Users/Juan/Documents/GitHub/Mapanare/mapanare/self/mnc-stage1)
==12688==    by 0x56B640: lower__lower_identifier (in /mnt/c/Users/Juan/Documents/GitHub/Mapanare/mapanare/self/mnc-stage1)
==12688==    by 0x6: ???
==12688==    by 0x7: ???
==12688==    by 0x6AA6E0F: ???
==12688== 
==12688== 29 bytes in 2 blocks are definitely lost in loss record 496 of 853
==12688==    at 0x484D953: calloc (in /usr/libexec/valgrind/vgpreload_memcheck-amd64-linux.so)
==12688==    by 0x739049: __mn_alloc (in /mnt/c/Users/Juan/Documents/GitHub/Mapanare/mapanare/self/mnc-stage1)
==12688==    by 0x739C2E: __mn_str_concat (in /mnt/c/Users/Juan/Documents/GitHub/Mapanare/mapanare/self/mnc-stage1)
==12688==    by 0x414BE5: dedup_definitions (in /mnt/c/Users/Juan/Documents/GitHub/Mapanare/mapanare/self/mnc-stage1)
==12688==    by 0x9: ???
==12688== 
==12688== 30 bytes in 1 blocks are indirectly lost in loss record 497 of 853
==12688==    at 0x484D953: calloc (in /usr/libexec/valgrind/vgpreload_memcheck-amd64-linux.so)
==12688==    by 0x739049: __mn_alloc (in /mnt/c/Users/Juan/Documents/GitHub/Mapanare/mapanare/self/mnc-stage1)
==12688==    by 0x739C2E: __mn_str_concat (in /mnt/c/Users/Juan/Documents/GitHub/Mapanare/mapanare/self/mnc-stage1)
==12688==    by 0x6A2432: emit_llvm__register_mir_enum (in /mnt/c/Users/Juan/Documents/GitHub/Mapanare/mapanare/self/mnc-stage1)
==12688==    by 0x6ACE27F: ???
==12688==    by 0x7F: ???
==12688==    by 0xF: ???
==12688== 
==12688== 30 bytes in 2 blocks are indirectly lost in loss record 498 of 853
==12688==    at 0x484D953: calloc (in /usr/libexec/valgrind/vgpreload_memcheck-amd64-linux.so)
==12688==    by 0x739049: __mn_alloc (in /mnt/c/Users/Juan/Documents/GitHub/Mapanare/mapanare/self/mnc-stage1)
==12688==    by 0x739C2E: __mn_str_concat (in /mnt/c/Users/Juan/Documents/GitHub/Mapanare/mapanare/self/mnc-stage1)
==12688==    by 0x4B7A63: lower__register_definition (in /mnt/c/Users/Juan/Documents/GitHub/Mapanare/mapanare/self/mnc-stage1)
==12688== 
==12688== 30 bytes in 3 blocks are definitely lost in loss record 499 of 853
==12688==    at 0x484D953: calloc (in /usr/libexec/valgrind/vgpreload_memcheck-amd64-linux.so)
==12688==    by 0x739049: __mn_alloc (in /mnt/c/Users/Juan/Documents/GitHub/Mapanare/mapanare/self/mnc-stage1)
==12688==    by 0x739C2E: __mn_str_concat (in /mnt/c/Users/Juan/Documents/GitHub/Mapanare/mapanare/self/mnc-stage1)
==12688==    by 0x7280D9: emit_llvm__emit_mir_switch (in /mnt/c/Users/Juan/Documents/GitHub/Mapanare/mapanare/self/mnc-stage1)
==12688==    by 0x6ACE27F: ???
==12688==    by 0x6ACDF2F: ???
==12688== 
==12688== 31 bytes in 1 blocks are indirectly lost in loss record 500 of 853
==12688==    at 0x484D953: calloc (in /usr/libexec/valgrind/vgpreload_memcheck-amd64-linux.so)
==12688==    by 0x739049: __mn_alloc (in /mnt/c/Users/Juan/Documents/GitHub/Mapanare/mapanare/self/mnc-stage1)
==12688==    by 0x739C2E: __mn_str_concat (in /mnt/c/Users/Juan/Documents/GitHub/Mapanare/mapanare/self/mnc-stage1)
==12688==    by 0x7351D9: emit_llvm__emit_mir_module (in /mnt/c/Users/Juan/Documents/GitHub/Mapanare/mapanare/self/mnc-stage1)
==12688== 
==12688== 32 bytes in 2 blocks are definitely lost in loss record 501 of 853
==12688==    at 0x4846828: malloc (in /usr/libexec/valgrind/vgpreload_memcheck-amd64-linux.so)
==12688==    by 0x73DDF9: __mn_range (in /mnt/c/Users/Juan/Documents/GitHub/Mapanare/mapanare/self/mnc-stage1)
==12688==    by 0x477C10: semantic__register_def (in /mnt/c/Users/Juan/Documents/GitHub/Mapanare/mapanare/self/mnc-stage1)
==12688== 
==12688== 32 bytes in 2 blocks are definitely lost in loss record 502 of 853
==12688==    at 0x4846828: malloc (in /usr/libexec/valgrind/vgpreload_memcheck-amd64-linux.so)
==12688==    by 0x73DDF9: __mn_range (in /mnt/c/Users/Juan/Documents/GitHub/Mapanare/mapanare/self/mnc-stage1)
==12688==    by 0x481BB2: semantic__check_fn_body (in /mnt/c/Users/Juan/Documents/GitHub/Mapanare/mapanare/self/mnc-stage1)
==12688== 
==12688== 32 bytes in 2 blocks are definitely lost in loss record 503 of 853
==12688==    at 0x4846828: malloc (in /usr/libexec/valgrind/vgpreload_memcheck-amd64-linux.so)
==12688==    by 0x73DDF9: __mn_range (in /mnt/c/Users/Juan/Documents/GitHub/Mapanare/mapanare/self/mnc-stage1)
==12688==    by 0x46E208: semantic__check_block (in /mnt/c/Users/Juan/Documents/GitHub/Mapanare/mapanare/self/mnc-stage1)
==12688== 
==12688== 32 bytes in 2 blocks are definitely lost in loss record 504 of 853
==12688==    at 0x4846828: malloc (in /usr/libexec/valgrind/vgpreload_memcheck-amd64-linux.so)
==12688==    by 0x73DDF9: __mn_range (in /mnt/c/Users/Juan/Documents/GitHub/Mapanare/mapanare/self/mnc-stage1)
==12688==    by 0x4CC82E: lower__build_mir_params (in /mnt/c/Users/Juan/Documents/GitHub/Mapanare/mapanare/self/mnc-stage1)
==12688== 
==12688== 32 bytes in 2 blocks are definitely lost in loss record 505 of 853
==12688==    at 0x4846828: malloc (in /usr/libexec/valgrind/vgpreload_memcheck-amd64-linux.so)
==12688==    by 0x73DDF9: __mn_range (in /mnt/c/Users/Juan/Documents/GitHub/Mapanare/mapanare/self/mnc-stage1)
==12688==    by 0x4CD999: lower__bind_fn_params (in /mnt/c/Users/Juan/Documents/GitHub/Mapanare/mapanare/self/mnc-stage1)
==12688== 
==12688== 32 bytes in 2 blocks are definitely lost in loss record 506 of 853
==12688==    at 0x4846828: malloc (in /usr/libexec/valgrind/vgpreload_memcheck-amd64-linux.so)
==12688==    by 0x73DDF9: __mn_range (in /mnt/c/Users/Juan/Documents/GitHub/Mapanare/mapanare/self/mnc-stage1)
==12688==    by 0x4A0A7A: lower_state__is_enum_variant (in /mnt/c/Users/Juan/Documents/GitHub/Mapanare/mapanare/self/mnc-stage1)
==12688==    by 0x6AA6E0F: ???
==12688== 
==12688== 32 bytes in 2 blocks are definitely lost in loss record 507 of 853
==12688==    at 0x4846828: malloc (in /usr/libexec/valgrind/vgpreload_memcheck-amd64-linux.so)
==12688==    by 0x73DDF9: __mn_range (in /mnt/c/Users/Juan/Documents/GitHub/Mapanare/mapanare/self/mnc-stage1)
==12688==    by 0x4A0CEA: lower_state__enum_name_for_variant (in /mnt/c/Users/Juan/Documents/GitHub/Mapanare/mapanare/self/mnc-stage1)
==12688== 
==12688== 32 bytes in 2 blocks are definitely lost in loss record 508 of 853
==12688==    at 0x4846828: malloc (in /usr/libexec/valgrind/vgpreload_memcheck-amd64-linux.so)
==12688==    by 0x73DDF9: __mn_range (in /mnt/c/Users/Juan/Documents/GitHub/Mapanare/mapanare/self/mnc-stage1)
==12688==    by 0x4A0E0F: lower_state__enum_name_for_variant (in /mnt/c/Users/Juan/Documents/GitHub/Mapanare/mapanare/self/mnc-stage1)
==12688== 
==12688== 32 bytes in 2 blocks are definitely lost in loss record 509 of 853
==12688==    at 0x4846828: malloc (in /usr/libexec/valgrind/vgpreload_memcheck-amd64-linux.so)
==12688==    by 0x73DDF9: __mn_range (in /mnt/c/Users/Juan/Documents/GitHub/Mapanare/mapanare/self/mnc-stage1)
==12688==    by 0x69FEBB: emit_llvm__is_enum_type (in /mnt/c/Users/Juan/Documents/GitHub/Mapanare/mapanare/self/mnc-stage1)
==12688==    by 0x7: ???
==12688== 
==12688== 33 bytes in 1 blocks are definitely lost in loss record 510 of 853
==12688==    at 0x484D953: calloc (in /usr/libexec/valgrind/vgpreload_memcheck-amd64-linux.so)
==12688==    by 0x739049: __mn_alloc (in /mnt/c/Users/Juan/Documents/GitHub/Mapanare/mapanare/self/mnc-stage1)
==12688==    by 0x739C2E: __mn_str_concat (in /mnt/c/Users/Juan/Documents/GitHub/Mapanare/mapanare/self/mnc-stage1)
==12688==    by 0x69A43B: emit_llvm__declare_all_runtime (in /mnt/c/Users/Juan/Documents/GitHub/Mapanare/mapanare/self/mnc-stage1)
==12688== 
==12688== 35 bytes in 1 blocks are definitely lost in loss record 511 of 853
==12688==    at 0x484D953: calloc (in /usr/libexec/valgrind/vgpreload_memcheck-amd64-linux.so)
==12688==    by 0x739049: __mn_alloc (in /mnt/c/Users/Juan/Documents/GitHub/Mapanare/mapanare/self/mnc-stage1)
==12688==    by 0x739C2E: __mn_str_concat (in /mnt/c/Users/Juan/Documents/GitHub/Mapanare/mapanare/self/mnc-stage1)
==12688==    by 0x69326A: emit_llvm__declare_all_runtime (in /mnt/c/Users/Juan/Documents/GitHub/Mapanare/mapanare/self/mnc-stage1)
==12688==    by 0x3: ???
==12688==    by 0x3: ???
==12688==    by 0x75C4AF: ??? (in /mnt/c/Users/Juan/Documents/GitHub/Mapanare/mapanare/self/mnc-stage1)
==12688== 
==12688== 36 bytes in 1 blocks are indirectly lost in loss record 512 of 853
==12688==    at 0x484D953: calloc (in /usr/libexec/valgrind/vgpreload_memcheck-amd64-linux.so)
==12688==    by 0x739049: __mn_alloc (in /mnt/c/Users/Juan/Documents/GitHub/Mapanare/mapanare/self/mnc-stage1)
==12688==    by 0x739C2E: __mn_str_concat (in /mnt/c/Users/Juan/Documents/GitHub/Mapanare/mapanare/self/mnc-stage1)
==12688==    by 0x73528C: emit_llvm__emit_mir_module (in /mnt/c/Users/Juan/Documents/GitHub/Mapanare/mapanare/self/mnc-stage1)
==12688== 
==12688== 36 bytes in 2 blocks are definitely lost in loss record 513 of 853
==12688==    at 0x484D953: calloc (in /usr/libexec/valgrind/vgpreload_memcheck-amd64-linux.so)
==12688==    by 0x739049: __mn_alloc (in /mnt/c/Users/Juan/Documents/GitHub/Mapanare/mapanare/self/mnc-stage1)
==12688==    by 0x739C2E: __mn_str_concat (in /mnt/c/Users/Juan/Documents/GitHub/Mapanare/mapanare/self/mnc-stage1)
==12688==    by 0x5CC236: lower__lower_call_by_name (in /mnt/c/Users/Juan/Documents/GitHub/Mapanare/mapanare/self/mnc-stage1)
==12688== 
==12688== 36 bytes in 18 blocks are definitely lost in loss record 514 of 853
==12688==    at 0x484D953: calloc (in /usr/libexec/valgrind/vgpreload_memcheck-amd64-linux.so)
==12688==    by 0x739049: __mn_alloc (in /mnt/c/Users/Juan/Documents/GitHub/Mapanare/mapanare/self/mnc-stage1)
==12688==    by 0x73980B: __mn_str_from_parts (in /mnt/c/Users/Juan/Documents/GitHub/Mapanare/mapanare/self/mnc-stage1)
==12688==    by 0x413A46: dir_of_path (in /mnt/c/Users/Juan/Documents/GitHub/Mapanare/mapanare/self/mnc-stage1)
==12688== 
==12688== 36 bytes in 18 blocks are definitely lost in loss record 515 of 853
==12688==    at 0x484D953: calloc (in /usr/libexec/valgrind/vgpreload_memcheck-amd64-linux.so)
==12688==    by 0x739049: __mn_alloc (in /mnt/c/Users/Juan/Documents/GitHub/Mapanare/mapanare/self/mnc-stage1)
==12688==    by 0x73980B: __mn_str_from_parts (in /mnt/c/Users/Juan/Documents/GitHub/Mapanare/mapanare/self/mnc-stage1)
==12688==    by 0x413D28: basename_of (in /mnt/c/Users/Juan/Documents/GitHub/Mapanare/mapanare/self/mnc-stage1)
==12688==    by 0xF: ???
==12688==    by 0x6A7619F: ???
==12688==    by 0x4A: ???
==12688== 
==12688== 38 bytes in 1 blocks are indirectly lost in loss record 516 of 853
==12688==    at 0x484D953: calloc (in /usr/libexec/valgrind/vgpreload_memcheck-amd64-linux.so)
==12688==    by 0x739049: __mn_alloc (in /mnt/c/Users/Juan/Documents/GitHub/Mapanare/mapanare/self/mnc-stage1)
==12688==    by 0x73980B: __mn_str_from_parts (in /mnt/c/Users/Juan/Documents/GitHub/Mapanare/mapanare/self/mnc-stage1)
==12688==    by 0x68DA16: emit_llvm__declare_runtime_fn (in /mnt/c/Users/Juan/Documents/GitHub/Mapanare/mapanare/self/mnc-stage1)
==12688==    by 0x2: ???
==12688==    by 0x6AC351F: ???
==12688==    by 0xF: ???
==12688== 
==12688== 39 bytes in 3 blocks are definitely lost in loss record 517 of 853
==12688==    at 0x484D953: calloc (in /usr/libexec/valgrind/vgpreload_memcheck-amd64-linux.so)
==12688==    by 0x739049: __mn_alloc (in /mnt/c/Users/Juan/Documents/GitHub/Mapanare/mapanare/self/mnc-stage1)
==12688==    by 0x739C2E: __mn_str_concat (in /mnt/c/Users/Juan/Documents/GitHub/Mapanare/mapanare/self/mnc-stage1)
==12688==    by 0x414989: has_later_def (in /mnt/c/Users/Juan/Documents/GitHub/Mapanare/mapanare/self/mnc-stage1)
==12688== 
==12688== 42 bytes in 1 blocks are indirectly lost in loss record 518 of 853
==12688==    at 0x484D953: calloc (in /usr/libexec/valgrind/vgpreload_memcheck-amd64-linux.so)
==12688==    by 0x739049: __mn_alloc (in /mnt/c/Users/Juan/Documents/GitHub/Mapanare/mapanare/self/mnc-stage1)
==12688==    by 0x739C2E: __mn_str_concat (in /mnt/c/Users/Juan/Documents/GitHub/Mapanare/mapanare/self/mnc-stage1)
==12688==    by 0x727FFB: emit_llvm__emit_mir_switch (in /mnt/c/Users/Juan/Documents/GitHub/Mapanare/mapanare/self/mnc-stage1)
==12688==    by 0x6ACE27F: ???
==12688==    by 0x6ACDF2F: ???
==12688==    by 0x6A67CCF: ???
==12688==    by 0x73AD95: __mn_list_push (in /mnt/c/Users/Juan/Documents/GitHub/Mapanare/mapanare/self/mnc-stage1)
==12688==    by 0x6E1E01: emit_llvm__emit_enum_tag (in /mnt/c/Users/Juan/Documents/GitHub/Mapanare/mapanare/self/mnc-stage1)
==12688==    by 0x75A127: ??? (in /mnt/c/Users/Juan/Documents/GitHub/Mapanare/mapanare/self/mnc-stage1)
==12688== 
==12688== 46 bytes in 1 blocks are indirectly lost in loss record 519 of 853
==12688==    at 0x484D953: calloc (in /usr/libexec/valgrind/vgpreload_memcheck-amd64-linux.so)
==12688==    by 0x739049: __mn_alloc (in /mnt/c/Users/Juan/Documents/GitHub/Mapanare/mapanare/self/mnc-stage1)
==12688==    by 0x739C2E: __mn_str_concat (in /mnt/c/Users/Juan/Documents/GitHub/Mapanare/mapanare/self/mnc-stage1)
==12688==    by 0x689194: emit_llvm_ir__emit_extractvalue (in /mnt/c/Users/Juan/Documents/GitHub/Mapanare/mapanare/self/mnc-stage1)
==12688== 
==12688== 46 bytes in 4 blocks are indirectly lost in loss record 520 of 853
==12688==    at 0x484D953: calloc (in /usr/libexec/valgrind/vgpreload_memcheck-amd64-linux.so)
==12688==    by 0x739049: __mn_alloc (in /mnt/c/Users/Juan/Documents/GitHub/Mapanare/mapanare/self/mnc-stage1)
==12688==    by 0x739C2E: __mn_str_concat (in /mnt/c/Users/Juan/Documents/GitHub/Mapanare/mapanare/self/mnc-stage1)
==12688==    by 0x49ADC9: lower_state__fresh_block_label (in /mnt/c/Users/Juan/Documents/GitHub/Mapanare/mapanare/self/mnc-stage1)
==12688== 
==12688== 48 bytes in 1 blocks are indirectly lost in loss record 521 of 853
==12688==    at 0x4846828: malloc (in /usr/libexec/valgrind/vgpreload_memcheck-amd64-linux.so)
==12688==    by 0x433DC0: parser__parse_match_expr (in /mnt/c/Users/Juan/Documents/GitHub/Mapanare/mapanare/self/mnc-stage1)
==12688== 
==12688== 48 bytes in 3 blocks are indirectly lost in loss record 522 of 853
==12688==    at 0x4846828: malloc (in /usr/libexec/valgrind/vgpreload_memcheck-amd64-linux.so)
==12688==    by 0x432EAD: parser__parse_atom (in /mnt/c/Users/Juan/Documents/GitHub/Mapanare/mapanare/self/mnc-stage1)
==12688== 
==12688== 48 bytes in 3 blocks are indirectly lost in loss record 523 of 853
==12688==    at 0x4846828: malloc (in /usr/libexec/valgrind/vgpreload_memcheck-amd64-linux.so)
==12688==    by 0x42F15E: parser__parse_stmt (in /mnt/c/Users/Juan/Documents/GitHub/Mapanare/mapanare/self/mnc-stage1)
==12688==    by 0x3F: ???
==12688== 
==12688== 48 bytes in 3 blocks are definitely lost in loss record 524 of 853
==12688==    at 0x4846828: malloc (in /usr/libexec/valgrind/vgpreload_memcheck-amd64-linux.so)
==12688==    by 0x73DDF9: __mn_range (in /mnt/c/Users/Juan/Documents/GitHub/Mapanare/mapanare/self/mnc-stage1)
==12688==    by 0x420865: lexer__scan_string (in /mnt/c/Users/Juan/Documents/GitHub/Mapanare/mapanare/self/mnc-stage1)
==12688== 
==12688== 48 bytes in 3 blocks are definitely lost in loss record 525 of 853
==12688==    at 0x4846828: malloc (in /usr/libexec/valgrind/vgpreload_memcheck-amd64-linux.so)
==12688==    by 0x73DDF9: __mn_range (in /mnt/c/Users/Juan/Documents/GitHub/Mapanare/mapanare/self/mnc-stage1)
==12688==    by 0x42308E: parser__skip_semis (in /mnt/c/Users/Juan/Documents/GitHub/Mapanare/mapanare/self/mnc-stage1)
==12688== 
==12688== 48 bytes in 3 blocks are definitely lost in loss record 526 of 853
==12688==    at 0x4846828: malloc (in /usr/libexec/valgrind/vgpreload_memcheck-amd64-linux.so)
==12688==    by 0x73DDF9: __mn_range (in /mnt/c/Users/Juan/Documents/GitHub/Mapanare/mapanare/self/mnc-stage1)
==12688==    by 0x4A0A7A: lower_state__is_enum_variant (in /mnt/c/Users/Juan/Documents/GitHub/Mapanare/mapanare/self/mnc-stage1)
==12688==    by 0xF: ???
==12688== 
==12688== 48 bytes in 3 blocks are definitely lost in loss record 527 of 853
==12688==    at 0x4846828: malloc (in /usr/libexec/valgrind/vgpreload_memcheck-amd64-linux.so)
==12688==    by 0x73DDF9: __mn_range (in /mnt/c/Users/Juan/Documents/GitHub/Mapanare/mapanare/self/mnc-stage1)
==12688==    by 0x69FEBB: emit_llvm__is_enum_type (in /mnt/c/Users/Juan/Documents/GitHub/Mapanare/mapanare/self/mnc-stage1)
==12688== 
==12688== 48 bytes in 3 blocks are definitely lost in loss record 528 of 853
==12688==    at 0x4846828: malloc (in /usr/libexec/valgrind/vgpreload_memcheck-amd64-linux.so)
==12688==    by 0x73DDF9: __mn_range (in /mnt/c/Users/Juan/Documents/GitHub/Mapanare/mapanare/self/mnc-stage1)
==12688==    by 0x6E0712: emit_llvm__resolve_variant_index (in /mnt/c/Users/Juan/Documents/GitHub/Mapanare/mapanare/self/mnc-stage1)
==12688==    by 0x7: ???
==12688== 
==12688== 48 bytes in 3 blocks are definitely lost in loss record 529 of 853
==12688==    at 0x4846828: malloc (in /usr/libexec/valgrind/vgpreload_memcheck-amd64-linux.so)
==12688==    by 0x73DDF9: __mn_range (in /mnt/c/Users/Juan/Documents/GitHub/Mapanare/mapanare/self/mnc-stage1)
==12688==    by 0x6E0874: emit_llvm__resolve_variant_index (in /mnt/c/Users/Juan/Documents/GitHub/Mapanare/mapanare/self/mnc-stage1)
==12688==    by 0x7: ???
==12688== 
==12688== 50 bytes in 4 blocks are indirectly lost in loss record 530 of 853
==12688==    at 0x484D953: calloc (in /usr/libexec/valgrind/vgpreload_memcheck-amd64-linux.so)
==12688==    by 0x739049: __mn_alloc (in /mnt/c/Users/Juan/Documents/GitHub/Mapanare/mapanare/self/mnc-stage1)
==12688==    by 0x739C2E: __mn_str_concat (in /mnt/c/Users/Juan/Documents/GitHub/Mapanare/mapanare/self/mnc-stage1)
==12688==    by 0x72F0F7: emit_llvm__emit_mir_basic_block (in /mnt/c/Users/Juan/Documents/GitHub/Mapanare/mapanare/self/mnc-stage1)
==12688==    by 0x1F: ???
==12688==    by 0x6ACE6BF: ???
==12688== 
==12688== 51 bytes in 1 blocks are indirectly lost in loss record 531 of 853
==12688==    at 0x484D953: calloc (in /usr/libexec/valgrind/vgpreload_memcheck-amd64-linux.so)
==12688==    by 0x739049: __mn_alloc (in /mnt/c/Users/Juan/Documents/GitHub/Mapanare/mapanare/self/mnc-stage1)
==12688==    by 0x739C2E: __mn_str_concat (in /mnt/c/Users/Juan/Documents/GitHub/Mapanare/mapanare/self/mnc-stage1)
==12688==    by 0x6B11D4: emit_llvm__emit_const (in /mnt/c/Users/Juan/Documents/GitHub/Mapanare/mapanare/self/mnc-stage1)
==12688==    by 0x8000000000000002: ???
==12688==    by 0x8000000000000004: ???
==12688==    by 0x6AA8B4F: ???
==12688==    by 0x6ACF99F: ???
==12688==    by 0x6ACDF2F: ???
==12688==    by 0x580053FF: ??? (in /usr/libexec/valgrind/memcheck-amd64-linux)
==12688==    by 0xF: ???
==12688==    by 0x7: ???
==12688== 
==12688== 54 bytes in 1 blocks are indirectly lost in loss record 532 of 853
==12688==    at 0x484D953: calloc (in /usr/libexec/valgrind/vgpreload_memcheck-amd64-linux.so)
==12688==    by 0x739049: __mn_alloc (in /mnt/c/Users/Juan/Documents/GitHub/Mapanare/mapanare/self/mnc-stage1)
==12688==    by 0x73980B: __mn_str_from_parts (in /mnt/c/Users/Juan/Documents/GitHub/Mapanare/mapanare/self/mnc-stage1)
==12688==    by 0x68DA16: emit_llvm__declare_runtime_fn (in /mnt/c/Users/Juan/Documents/GitHub/Mapanare/mapanare/self/mnc-stage1)
==12688==    by 0x9: ???
==12688==    by 0x6AB758F: ???
==12688==    by 0xF: ???
==12688== 
==12688== 56 bytes in 1 blocks are indirectly lost in loss record 533 of 853
==12688==    at 0x4846828: malloc (in /usr/libexec/valgrind/vgpreload_memcheck-amd64-linux.so)
==12688==    by 0x478338: semantic__register_def (in /mnt/c/Users/Juan/Documents/GitHub/Mapanare/mapanare/self/mnc-stage1)
==12688== 
==12688== 56 bytes in 1 blocks are indirectly lost in loss record 534 of 853
==12688==    at 0x4846828: malloc (in /usr/libexec/valgrind/vgpreload_memcheck-amd64-linux.so)
==12688==    by 0x481ED5: semantic__check_fn_body (in /mnt/c/Users/Juan/Documents/GitHub/Mapanare/mapanare/self/mnc-stage1)
==12688== 
==12688== 56 bytes in 1 blocks are definitely lost in loss record 535 of 853
==12688==    at 0x484D953: calloc (in /usr/libexec/valgrind/vgpreload_memcheck-amd64-linux.so)
==12688==    by 0x415B0F: compile (in /mnt/c/Users/Juan/Documents/GitHub/Mapanare/mapanare/self/mnc-stage1)
==12688== 
==12688== 56 bytes in 1 blocks are definitely lost in loss record 536 of 853
==12688==    at 0x4846828: malloc (in /usr/libexec/valgrind/vgpreload_memcheck-amd64-linux.so)
==12688==    by 0x48A783: semantic__register_builtins (in /mnt/c/Users/Juan/Documents/GitHub/Mapanare/mapanare/self/mnc-stage1)
==12688== 
==12688== 56 bytes in 1 blocks are definitely lost in loss record 537 of 853
==12688==    at 0x4846828: malloc (in /usr/libexec/valgrind/vgpreload_memcheck-amd64-linux.so)
==12688==    by 0x497FC2: semantic__register_builtins (in /mnt/c/Users/Juan/Documents/GitHub/Mapanare/mapanare/self/mnc-stage1)
==12688== 
==12688== 56 bytes in 1 blocks are definitely lost in loss record 538 of 853
==12688==    at 0x4846828: malloc (in /usr/libexec/valgrind/vgpreload_memcheck-amd64-linux.so)
==12688==    by 0x439278: semantic__define_in_scope (in /mnt/c/Users/Juan/Documents/GitHub/Mapanare/mapanare/self/mnc-stage1)
==12688== 
==12688== 56 bytes in 1 blocks are definitely lost in loss record 539 of 853
==12688==    at 0x4846828: malloc (in /usr/libexec/valgrind/vgpreload_memcheck-amd64-linux.so)
==12688==    by 0x47A4FC: semantic__register_def (in /mnt/c/Users/Juan/Documents/GitHub/Mapanare/mapanare/self/mnc-stage1)
==12688==    by 0x6A93B5F: ???
==12688==    by 0x3D: ???
==12688==    by 0x3F: ???
==12688==    by 0x74FD9F: ??? (in /mnt/c/Users/Juan/Documents/GitHub/Mapanare/mapanare/self/mnc-stage1)
==12688== 
==12688== 56 bytes in 1 blocks are definitely lost in loss record 540 of 853
==12688==    at 0x4846828: malloc (in /usr/libexec/valgrind/vgpreload_memcheck-amd64-linux.so)
==12688==    by 0x47A4FC: semantic__register_def (in /mnt/c/Users/Juan/Documents/GitHub/Mapanare/mapanare/self/mnc-stage1)
==12688==    by 0x6A93B5F: ???
==12688==    by 0x3E: ???
==12688==    by 0x3F: ???
==12688==    by 0x74FD9F: ??? (in /mnt/c/Users/Juan/Documents/GitHub/Mapanare/mapanare/self/mnc-stage1)
==12688== 
==12688== 56 bytes in 1 blocks are definitely lost in loss record 541 of 853
==12688==    at 0x4846828: malloc (in /usr/libexec/valgrind/vgpreload_memcheck-amd64-linux.so)
==12688==    by 0x47A4FC: semantic__register_def (in /mnt/c/Users/Juan/Documents/GitHub/Mapanare/mapanare/self/mnc-stage1)
==12688==    by 0x6A93B5F: ???
==12688==    by 0x3F: ???
==12688==    by 0x3F: ???
==12688==    by 0x74FD9F: ??? (in /mnt/c/Users/Juan/Documents/GitHub/Mapanare/mapanare/self/mnc-stage1)
==12688== 
==12688== 56 bytes in 1 blocks are definitely lost in loss record 542 of 853
==12688==    at 0x4846828: malloc (in /usr/libexec/valgrind/vgpreload_memcheck-amd64-linux.so)
==12688==    by 0x478338: semantic__register_def (in /mnt/c/Users/Juan/Documents/GitHub/Mapanare/mapanare/self/mnc-stage1)
==12688== 
==12688== 57 bytes in 3 blocks are definitely lost in loss record 543 of 853
==12688==    at 0x484D953: calloc (in /usr/libexec/valgrind/vgpreload_memcheck-amd64-linux.so)
==12688==    by 0x739049: __mn_alloc (in /mnt/c/Users/Juan/Documents/GitHub/Mapanare/mapanare/self/mnc-stage1)
==12688==    by 0x739C2E: __mn_str_concat (in /mnt/c/Users/Juan/Documents/GitHub/Mapanare/mapanare/self/mnc-stage1)
==12688==    by 0x7280F0: emit_llvm__emit_mir_switch (in /mnt/c/Users/Juan/Documents/GitHub/Mapanare/mapanare/self/mnc-stage1)
==12688==    by 0x6ACE27F: ???
==12688==    by 0x6ACDF2F: ???
==12688== 
==12688== 58 bytes in 1 blocks are indirectly lost in loss record 544 of 853
==12688==    at 0x484D953: calloc (in /usr/libexec/valgrind/vgpreload_memcheck-amd64-linux.so)
==12688==    by 0x739049: __mn_alloc (in /mnt/c/Users/Juan/Documents/GitHub/Mapanare/mapanare/self/mnc-stage1)
==12688==    by 0x739C2E: __mn_str_concat (in /mnt/c/Users/Juan/Documents/GitHub/Mapanare/mapanare/self/mnc-stage1)
==12688==    by 0x688BB5: emit_llvm_ir__emit_call_ir (in /mnt/c/Users/Juan/Documents/GitHub/Mapanare/mapanare/self/mnc-stage1)
==12688==    by 0x6ACE6BF: ???
==12688==    by 0x8000000000000004: ???
==12688==    by 0x800000000000000C: ???
==12688==    by 0x8000000000000016: ???
==12688==    by 0x8000000000000018: ???
==12688==    by 0x8000000000000022: ???
==12688==    by 0x8000000000000023: ???
==12688==    by 0x8000000000000037: ???
==12688==    by 0x6AD784F: ???
==12688==    by 0x3: ???
==12688==    by 0x6AD78BF: ???
==12688==    by 0x800000000000000A: ???
==12688==    by 0x7: ???
==12688==    by 0xF: ???
==12688==    by 0x6ACEA7F: ???
==12688== 
==12688== 58 bytes in 1 blocks are indirectly lost in loss record 545 of 853
==12688==    at 0x484D953: calloc (in /usr/libexec/valgrind/vgpreload_memcheck-amd64-linux.so)
==12688==    by 0x739049: __mn_alloc (in /mnt/c/Users/Juan/Documents/GitHub/Mapanare/mapanare/self/mnc-stage1)
==12688==    by 0x739C2E: __mn_str_concat (in /mnt/c/Users/Juan/Documents/GitHub/Mapanare/mapanare/self/mnc-stage1)
==12688==    by 0x688BB5: emit_llvm_ir__emit_call_ir (in /mnt/c/Users/Juan/Documents/GitHub/Mapanare/mapanare/self/mnc-stage1)
==12688==    by 0x6ACE6BF: ???
==12688==    by 0x8000000000000004: ???
==12688==    by 0x800000000000000C: ???
==12688==    by 0x8000000000000016: ???
==12688==    by 0x8000000000000018: ???
==12688==    by 0x8000000000000022: ???
==12688==    by 0x8000000000000023: ???
==12688==    by 0x8000000000000037: ???
==12688==    by 0x6AD813F: ???
==12688==    by 0x3: ???
==12688==    by 0x6AD81AF: ???
==12688==    by 0x800000000000000A: ???
==12688==    by 0x7: ???
==12688==    by 0xF: ???
==12688==    by 0x6ACEA7F: ???
==12688== 
==12688== 58 bytes in 1 blocks are definitely lost in loss record 546 of 853
==12688==    at 0x484D953: calloc (in /usr/libexec/valgrind/vgpreload_memcheck-amd64-linux.so)
==12688==    by 0x739049: __mn_alloc (in /mnt/c/Users/Juan/Documents/GitHub/Mapanare/mapanare/self/mnc-stage1)
==12688==    by 0x73980B: __mn_str_from_parts (in /mnt/c/Users/Juan/Documents/GitHub/Mapanare/mapanare/self/mnc-stage1)
==12688==    by 0x413A7B: dir_of_path (in /mnt/c/Users/Juan/Documents/GitHub/Mapanare/mapanare/self/mnc-stage1)
==12688== 
==12688== 64 bytes in 1 blocks are indirectly lost in loss record 547 of 853
==12688==    at 0x4846828: malloc (in /usr/libexec/valgrind/vgpreload_memcheck-amd64-linux.so)
==12688==    by 0x42F454: parser__parse_let_stmt (in /mnt/c/Users/Juan/Documents/GitHub/Mapanare/mapanare/self/mnc-stage1)
==12688==    by 0x6A84C7F: ???
==12688==    by 0x6A8AC7F: ???
==12688==    by 0x6A84C7F: ???
==12688==    by 0x6A84C7F: ???
==12688==    by 0x4B: ???
==12688==    by 0x7F: ???
==12688==    by 0x3F: ???
==12688== 
==12688== 64 bytes in 1 blocks are indirectly lost in loss record 548 of 853
==12688==    at 0x4846828: malloc (in /usr/libexec/valgrind/vgpreload_memcheck-amd64-linux.so)
==12688==    by 0x42F454: parser__parse_let_stmt (in /mnt/c/Users/Juan/Documents/GitHub/Mapanare/mapanare/self/mnc-stage1)
==12688==    by 0x6A84C7F: ???
==12688==    by 0x6A8AFAF: ???
==12688==    by 0x6A84C7F: ???
==12688==    by 0x6A84C7F: ???
==12688==    by 0x4B: ???
==12688==    by 0x7F: ???
==12688==    by 0x3F: ???
==12688== 
==12688== 64 bytes in 4 blocks are indirectly lost in loss record 549 of 853
==12688==    at 0x4846828: malloc (in /usr/libexec/valgrind/vgpreload_memcheck-amd64-linux.so)
==12688==    by 0x43689C: parser__parse_type_expr (in /mnt/c/Users/Juan/Documents/GitHub/Mapanare/mapanare/self/mnc-stage1)
==12688==    by 0x3F: ???
==12688==    by 0x6A84C7F: ???
==12688==    by 0x4B: ???
==12688==    by 0x7F: ???
==12688==    by 0x3F: ???
==12688== 
==12688== 64 bytes in 4 blocks are indirectly lost in loss record 550 of 853
==12688==    at 0x4846828: malloc (in /usr/libexec/valgrind/vgpreload_memcheck-amd64-linux.so)
==12688==    by 0x431081: parser__parse_call_args (in /mnt/c/Users/Juan/Documents/GitHub/Mapanare/mapanare/self/mnc-stage1)
==12688==    by 0x6A84C7F: ???
==12688==    by 0x4B: ???
==12688==    by 0x7F: ???
==12688==    by 0x3F: ???
==12688== 
==12688== 64 bytes in 4 blocks are definitely lost in loss record 551 of 853
==12688==    at 0x4846828: malloc (in /usr/libexec/valgrind/vgpreload_memcheck-amd64-linux.so)
==12688==    by 0x73DDF9: __mn_range (in /mnt/c/Users/Juan/Documents/GitHub/Mapanare/mapanare/self/mnc-stage1)
==12688==    by 0x430E1A: parser__parse_call_args (in /mnt/c/Users/Juan/Documents/GitHub/Mapanare/mapanare/self/mnc-stage1)
==12688==    by 0x6A84C7F: ???
==12688==    by 0x4B: ???
==12688==    by 0x7F: ???
==12688==    by 0x3F: ???
==12688== 
==12688== 64 bytes in 4 blocks are definitely lost in loss record 552 of 853
==12688==    at 0x4846828: malloc (in /usr/libexec/valgrind/vgpreload_memcheck-amd64-linux.so)
==12688==    by 0x73DDF9: __mn_range (in /mnt/c/Users/Juan/Documents/GitHub/Mapanare/mapanare/self/mnc-stage1)
==12688==    by 0x458FB5: semantic__check_call_expr (in /mnt/c/Users/Juan/Documents/GitHub/Mapanare/mapanare/self/mnc-stage1)
==12688== 
==12688== 64 bytes in 4 blocks are definitely lost in loss record 553 of 853
==12688==    at 0x4846828: malloc (in /usr/libexec/valgrind/vgpreload_memcheck-amd64-linux.so)
==12688==    by 0x73DDF9: __mn_range (in /mnt/c/Users/Juan/Documents/GitHub/Mapanare/mapanare/self/mnc-stage1)
==12688==    by 0x4A1EBA: lower_state__resolve_type_name_checked (in /mnt/c/Users/Juan/Documents/GitHub/Mapanare/mapanare/self/mnc-stage1)
==12688== 
==12688== 64 bytes in 4 blocks are definitely lost in loss record 554 of 853
==12688==    at 0x4846828: malloc (in /usr/libexec/valgrind/vgpreload_memcheck-amd64-linux.so)
==12688==    by 0x73DDF9: __mn_range (in /mnt/c/Users/Juan/Documents/GitHub/Mapanare/mapanare/self/mnc-stage1)
==12688==    by 0x4A02FF: lower_state__lookup_var (in /mnt/c/Users/Juan/Documents/GitHub/Mapanare/mapanare/self/mnc-stage1)
==12688== 
==12688== 64 bytes in 4 blocks are definitely lost in loss record 555 of 853
==12688==    at 0x4846828: malloc (in /usr/libexec/valgrind/vgpreload_memcheck-amd64-linux.so)
==12688==    by 0x73DDF9: __mn_range (in /mnt/c/Users/Juan/Documents/GitHub/Mapanare/mapanare/self/mnc-stage1)
==12688==    by 0x72F18D: emit_llvm__emit_mir_basic_block (in /mnt/c/Users/Juan/Documents/GitHub/Mapanare/mapanare/self/mnc-stage1)
==12688==    by 0x1F: ???
==12688==    by 0x6ACE6BF: ???
==12688== 
==12688== 64 bytes in 32 blocks are definitely lost in loss record 556 of 853
==12688==    at 0x484D953: calloc (in /usr/libexec/valgrind/vgpreload_memcheck-amd64-linux.so)
==12688==    by 0x739049: __mn_alloc (in /mnt/c/Users/Juan/Documents/GitHub/Mapanare/mapanare/self/mnc-stage1)
==12688==    by 0x73980B: __mn_str_from_parts (in /mnt/c/Users/Juan/Documents/GitHub/Mapanare/mapanare/self/mnc-stage1)
==12688==    by 0x41FA94: lexer__scan_ident (in /mnt/c/Users/Juan/Documents/GitHub/Mapanare/mapanare/self/mnc-stage1)
==12688==    by 0x75156F: ??? (in /mnt/c/Users/Juan/Documents/GitHub/Mapanare/mapanare/self/mnc-stage1)
==12688== 
==12688== 66 bytes in 2 blocks are indirectly lost in loss record 557 of 853
==12688==    at 0x484D953: calloc (in /usr/libexec/valgrind/vgpreload_memcheck-amd64-linux.so)
==12688==    by 0x739049: __mn_alloc (in /mnt/c/Users/Juan/Documents/GitHub/Mapanare/mapanare/self/mnc-stage1)
==12688==    by 0x73980B: __mn_str_from_parts (in /mnt/c/Users/Juan/Documents/GitHub/Mapanare/mapanare/self/mnc-stage1)
==12688==    by 0x68DA16: emit_llvm__declare_runtime_fn (in /mnt/c/Users/Juan/Documents/GitHub/Mapanare/mapanare/self/mnc-stage1)
==12688==    by 0x3: ???
==12688==    by 0x6ABC59F: ???
==12688==    by 0xF: ???
==12688== 
==12688== 68 bytes in 34 blocks are definitely lost in loss record 558 of 853
==12688==    at 0x484D953: calloc (in /usr/libexec/valgrind/vgpreload_memcheck-amd64-linux.so)
==12688==    by 0x739049: __mn_alloc (in /mnt/c/Users/Juan/Documents/GitHub/Mapanare/mapanare/self/mnc-stage1)
==12688==    by 0x73980B: __mn_str_from_parts (in /mnt/c/Users/Juan/Documents/GitHub/Mapanare/mapanare/self/mnc-stage1)
==12688==    by 0x41FA6B: lexer__scan_ident (in /mnt/c/Users/Juan/Documents/GitHub/Mapanare/mapanare/self/mnc-stage1)
==12688==    by 0x75156F: ??? (in /mnt/c/Users/Juan/Documents/GitHub/Mapanare/mapanare/self/mnc-stage1)
==12688== 
==12688== 70 bytes in 1 blocks are indirectly lost in loss record 559 of 853
==12688==    at 0x484D953: calloc (in /usr/libexec/valgrind/vgpreload_memcheck-amd64-linux.so)
==12688==    by 0x739049: __mn_alloc (in /mnt/c/Users/Juan/Documents/GitHub/Mapanare/mapanare/self/mnc-stage1)
==12688==    by 0x739C2E: __mn_str_concat (in /mnt/c/Users/Juan/Documents/GitHub/Mapanare/mapanare/self/mnc-stage1)
==12688==    by 0x6B1392: emit_llvm__emit_const (in /mnt/c/Users/Juan/Documents/GitHub/Mapanare/mapanare/self/mnc-stage1)
==12688==    by 0x8000000000000002: ???
==12688==    by 0x8000000000000004: ???
==12688==    by 0x6AA8B4F: ???
==12688==    by 0x6ACF99F: ???
==12688==    by 0x6ACDF2F: ???
==12688==    by 0x580053FF: ??? (in /usr/libexec/valgrind/memcheck-amd64-linux)
==12688==    by 0xF: ???
==12688==    by 0x7: ???
==12688==    by 0x6AD0A3F: ???
==12688== 
==12688== 72 bytes in 3 blocks are indirectly lost in loss record 560 of 853
==12688==    at 0x4846828: malloc (in /usr/libexec/valgrind/vgpreload_memcheck-amd64-linux.so)
==12688==    by 0x42F608: parser__parse_return_stmt (in /mnt/c/Users/Juan/Documents/GitHub/Mapanare/mapanare/self/mnc-stage1)
==12688==    by 0x3F: ???
==12688== 
==12688== 74 bytes in 1 blocks are indirectly lost in loss record 561 of 853
==12688==    at 0x484D953: calloc (in /usr/libexec/valgrind/vgpreload_memcheck-amd64-linux.so)
==12688==    by 0x739049: __mn_alloc (in /mnt/c/Users/Juan/Documents/GitHub/Mapanare/mapanare/self/mnc-stage1)
==12688==    by 0x739C2E: __mn_str_concat (in /mnt/c/Users/Juan/Documents/GitHub/Mapanare/mapanare/self/mnc-stage1)
==12688==    by 0x68DA16: emit_llvm__declare_runtime_fn (in /mnt/c/Users/Juan/Documents/GitHub/Mapanare/mapanare/self/mnc-stage1)
==12688==    by 0x18: ???
==12688==    by 0x6AB8C2F: ???
==12688==    by 0xF: ???
==12688== 
==12688== 75 bytes in 1 blocks are indirectly lost in loss record 562 of 853
==12688==    at 0x484D953: calloc (in /usr/libexec/valgrind/vgpreload_memcheck-amd64-linux.so)
==12688==    by 0x739049: __mn_alloc (in /mnt/c/Users/Juan/Documents/GitHub/Mapanare/mapanare/self/mnc-stage1)
==12688==    by 0x739C2E: __mn_str_concat (in /mnt/c/Users/Juan/Documents/GitHub/Mapanare/mapanare/self/mnc-stage1)
==12688==    by 0x68DA16: emit_llvm__declare_runtime_fn (in /mnt/c/Users/Juan/Documents/GitHub/Mapanare/mapanare/self/mnc-stage1)
==12688==    by 0x5: ???
==12688==    by 0x6AB8C2F: ???
==12688==    by 0xF: ???
==12688== 
==12688== 75 bytes in 12 blocks are indirectly lost in loss record 563 of 853
==12688==    at 0x484D953: calloc (in /usr/libexec/valgrind/vgpreload_memcheck-amd64-linux.so)
==12688==    by 0x739049: __mn_alloc (in /mnt/c/Users/Juan/Documents/GitHub/Mapanare/mapanare/self/mnc-stage1)
==12688==    by 0x739C2E: __mn_str_concat (in /mnt/c/Users/Juan/Documents/GitHub/Mapanare/mapanare/self/mnc-stage1)
==12688==    by 0x499D82: lower_state__fresh_tmp (in /mnt/c/Users/Juan/Documents/GitHub/Mapanare/mapanare/self/mnc-stage1)
==12688==    by 0xFFFFFFFFFFFF: ???
==12688== 
==12688== 76 bytes in 1 blocks are indirectly lost in loss record 564 of 853
==12688==    at 0x484D953: calloc (in /usr/libexec/valgrind/vgpreload_memcheck-amd64-linux.so)
==12688==    by 0x739049: __mn_alloc (in /mnt/c/Users/Juan/Documents/GitHub/Mapanare/mapanare/self/mnc-stage1)
==12688==    by 0x739732: __mn_str_from_cstr (in /mnt/c/Users/Juan/Documents/GitHub/Mapanare/mapanare/self/mnc-stage1)
==12688==    by 0x418B0A: mn_main (in /mnt/c/Users/Juan/Documents/GitHub/Mapanare/mapanare/self/mnc-stage1)
==12688==    by 0x4989A63: clone (clone.S:100)
==12688== 
==12688== 78 bytes in 1 blocks are indirectly lost in loss record 565 of 853
==12688==    at 0x484D953: calloc (in /usr/libexec/valgrind/vgpreload_memcheck-amd64-linux.so)
==12688==    by 0x739049: __mn_alloc (in /mnt/c/Users/Juan/Documents/GitHub/Mapanare/mapanare/self/mnc-stage1)
==12688==    by 0x739C2E: __mn_str_concat (in /mnt/c/Users/Juan/Documents/GitHub/Mapanare/mapanare/self/mnc-stage1)
==12688==    by 0x68DA16: emit_llvm__declare_runtime_fn (in /mnt/c/Users/Juan/Documents/GitHub/Mapanare/mapanare/self/mnc-stage1)
==12688==    by 0x1: ???
==12688==    by 0x6AC351F: ???
==12688==    by 0xF: ???
==12688== 
==12688== 78 bytes in 39 blocks are definitely lost in loss record 566 of 853
==12688==    at 0x484D953: calloc (in /usr/libexec/valgrind/vgpreload_memcheck-amd64-linux.so)
==12688==    by 0x739049: __mn_alloc (in /mnt/c/Users/Juan/Documents/GitHub/Mapanare/mapanare/self/mnc-stage1)
==12688==    by 0x73980B: __mn_str_from_parts (in /mnt/c/Users/Juan/Documents/GitHub/Mapanare/mapanare/self/mnc-stage1)
==12688==    by 0x420FFD: lexer__scan_op (in /mnt/c/Users/Juan/Documents/GitHub/Mapanare/mapanare/self/mnc-stage1)
==12688==    by 0x1102: ???
==12688==    by 0x6A73417: ???
==12688== 
==12688== 80 bytes in 1 blocks are indirectly lost in loss record 567 of 853
==12688==    at 0x484D953: calloc (in /usr/libexec/valgrind/vgpreload_memcheck-amd64-linux.so)
==12688==    by 0x739049: __mn_alloc (in /mnt/c/Users/Juan/Documents/GitHub/Mapanare/mapanare/self/mnc-stage1)
==12688==    by 0x739C2E: __mn_str_concat (in /mnt/c/Users/Juan/Documents/GitHub/Mapanare/mapanare/self/mnc-stage1)
==12688==    by 0x68DA16: emit_llvm__declare_runtime_fn (in /mnt/c/Users/Juan/Documents/GitHub/Mapanare/mapanare/self/mnc-stage1)
==12688==    by 0x9: ???
==12688== 
==12688== 80 bytes in 1 blocks are definitely lost in loss record 568 of 853
==12688==    at 0x484D953: calloc (in /usr/libexec/valgrind/vgpreload_memcheck-amd64-linux.so)
==12688==    by 0x739049: __mn_alloc (in /mnt/c/Users/Juan/Documents/GitHub/Mapanare/mapanare/self/mnc-stage1)
==12688==    by 0x73AD5A: __mn_list_push (in /mnt/c/Users/Juan/Documents/GitHub/Mapanare/mapanare/self/mnc-stage1)
==12688==    by 0x4D319E: lower__lower_fn (in /mnt/c/Users/Juan/Documents/GitHub/Mapanare/mapanare/self/mnc-stage1)
==12688== 
==12688== 80 bytes in 1 blocks are definitely lost in loss record 569 of 853
==12688==    at 0x484D953: calloc (in /usr/libexec/valgrind/vgpreload_memcheck-amd64-linux.so)
==12688==    by 0x739049: __mn_alloc (in /mnt/c/Users/Juan/Documents/GitHub/Mapanare/mapanare/self/mnc-stage1)
==12688==    by 0x73AD5A: __mn_list_push (in /mnt/c/Users/Juan/Documents/GitHub/Mapanare/mapanare/self/mnc-stage1)
==12688==    by 0x650723: lower__build_match_arms (in /mnt/c/Users/Juan/Documents/GitHub/Mapanare/mapanare/self/mnc-stage1)
==12688==    by 0xFFFFFFFFFFFFFF: ???
==12688==    by 0x800000000000000B: ???
==12688==    by 0x8000000000000009: ???
==12688==    by 0x6AA814F: ???
==12688==    by 0x6AA81EF: ???
==12688== 
==12688== 80 bytes in 1 blocks are definitely lost in loss record 570 of 853
==12688==    at 0x484D953: calloc (in /usr/libexec/valgrind/vgpreload_memcheck-amd64-linux.so)
==12688==    by 0x739049: __mn_alloc (in /mnt/c/Users/Juan/Documents/GitHub/Mapanare/mapanare/self/mnc-stage1)
==12688==    by 0x73AD5A: __mn_list_push (in /mnt/c/Users/Juan/Documents/GitHub/Mapanare/mapanare/self/mnc-stage1)
==12688==    by 0x6A22DD: emit_llvm__register_mir_enum (in /mnt/c/Users/Juan/Documents/GitHub/Mapanare/mapanare/self/mnc-stage1)
==12688== 
==12688== 80 bytes in 5 blocks are definitely lost in loss record 571 of 853
==12688==    at 0x4846828: malloc (in /usr/libexec/valgrind/vgpreload_memcheck-amd64-linux.so)
==12688==    by 0x73DDF9: __mn_range (in /mnt/c/Users/Juan/Documents/GitHub/Mapanare/mapanare/self/mnc-stage1)
==12688==    by 0x4DE353: lower__lower_block_stmts (in /mnt/c/Users/Juan/Documents/GitHub/Mapanare/mapanare/self/mnc-stage1)
==12688== 
==12688== 87 bytes in 3 blocks are indirectly lost in loss record 572 of 853
==12688==    at 0x484D953: calloc (in /usr/libexec/valgrind/vgpreload_memcheck-amd64-linux.so)
==12688==    by 0x739049: __mn_alloc (in /mnt/c/Users/Juan/Documents/GitHub/Mapanare/mapanare/self/mnc-stage1)
==12688==    by 0x739C2E: __mn_str_concat (in /mnt/c/Users/Juan/Documents/GitHub/Mapanare/mapanare/self/mnc-stage1)
==12688==    by 0x728106: emit_llvm__emit_mir_switch (in /mnt/c/Users/Juan/Documents/GitHub/Mapanare/mapanare/self/mnc-stage1)
==12688==    by 0x6ACE27F: ???
==12688==    by 0x6ACDF2F: ???
==12688== 
==12688== 88 bytes in 1 blocks are indirectly lost in loss record 573 of 853
==12688==    at 0x4846828: malloc (in /usr/libexec/valgrind/vgpreload_memcheck-amd64-linux.so)
==12688==    by 0x4D562D: lower__lower_fn (in /mnt/c/Users/Juan/Documents/GitHub/Mapanare/mapanare/self/mnc-stage1)
==12688== 
==12688== 88 bytes in 1 blocks are indirectly lost in loss record 574 of 853
==12688==    at 0x484D953: calloc (in /usr/libexec/valgrind/vgpreload_memcheck-amd64-linux.so)
==12688==    by 0x4D4C82: lower__lower_fn (in /mnt/c/Users/Juan/Documents/GitHub/Mapanare/mapanare/self/mnc-stage1)
==12688== 
==12688== 91 bytes in 2 blocks are indirectly lost in loss record 575 of 853
==12688==    at 0x484D953: calloc (in /usr/libexec/valgrind/vgpreload_memcheck-amd64-linux.so)
==12688==    by 0x739049: __mn_alloc (in /mnt/c/Users/Juan/Documents/GitHub/Mapanare/mapanare/self/mnc-stage1)
==12688==    by 0x73980B: __mn_str_from_parts (in /mnt/c/Users/Juan/Documents/GitHub/Mapanare/mapanare/self/mnc-stage1)
==12688==    by 0x68DA16: emit_llvm__declare_runtime_fn (in /mnt/c/Users/Juan/Documents/GitHub/Mapanare/mapanare/self/mnc-stage1)
==12688==    by 0x9: ???
==12688==    by 0x6ABC59F: ???
==12688==    by 0xF: ???
==12688== 
==12688== 92 bytes in 2 blocks are indirectly lost in loss record 576 of 853
==12688==    at 0x484D953: calloc (in /usr/libexec/valgrind/vgpreload_memcheck-amd64-linux.so)
==12688==    by 0x739049: __mn_alloc (in /mnt/c/Users/Juan/Documents/GitHub/Mapanare/mapanare/self/mnc-stage1)
==12688==    by 0x739C2E: __mn_str_concat (in /mnt/c/Users/Juan/Documents/GitHub/Mapanare/mapanare/self/mnc-stage1)
==12688==    by 0x720187: emit_llvm__emit_builtin_print (in /mnt/c/Users/Juan/Documents/GitHub/Mapanare/mapanare/self/mnc-stage1)
==12688== 
==12688== 95 bytes in 4 blocks are indirectly lost in loss record 577 of 853
==12688==    at 0x484D953: calloc (in /usr/libexec/valgrind/vgpreload_memcheck-amd64-linux.so)
==12688==    by 0x739049: __mn_alloc (in /mnt/c/Users/Juan/Documents/GitHub/Mapanare/mapanare/self/mnc-stage1)
==12688==    by 0x739C2E: __mn_str_concat (in /mnt/c/Users/Juan/Documents/GitHub/Mapanare/mapanare/self/mnc-stage1)
==12688==    by 0x727BFB: emit_llvm__emit_mir_return (in /mnt/c/Users/Juan/Documents/GitHub/Mapanare/mapanare/self/mnc-stage1)
==12688==    by 0x6ACDF2F: ???
==12688==    by 0x6ACDE5F: ???
==12688==    by 0x6AD097F: ???
==12688== 
==12688== 96 bytes in 6 blocks are definitely lost in loss record 578 of 853
==12688==    at 0x4846828: malloc (in /usr/libexec/valgrind/vgpreload_memcheck-amd64-linux.so)
==12688==    by 0x73DDF9: __mn_range (in /mnt/c/Users/Juan/Documents/GitHub/Mapanare/mapanare/self/mnc-stage1)
==12688==    by 0x678D3F: mir_opt__constant_fold_block (in /mnt/c/Users/Juan/Documents/GitHub/Mapanare/mapanare/self/mnc-stage1)
==12688== 
==12688== 96 bytes in 6 blocks are definitely lost in loss record 579 of 853
==12688==    at 0x4846828: malloc (in /usr/libexec/valgrind/vgpreload_memcheck-amd64-linux.so)
==12688==    by 0x73DDF9: __mn_range (in /mnt/c/Users/Juan/Documents/GitHub/Mapanare/mapanare/self/mnc-stage1)
==12688==    by 0x6C7171: emit_llvm__is_name_in_byref (in /mnt/c/Users/Juan/Documents/GitHub/Mapanare/mapanare/self/mnc-stage1)
==12688== 
==12688== 104 bytes in 2 blocks are indirectly lost in loss record 580 of 853
==12688==    at 0x484D953: calloc (in /usr/libexec/valgrind/vgpreload_memcheck-amd64-linux.so)
==12688==    by 0x739049: __mn_alloc (in /mnt/c/Users/Juan/Documents/GitHub/Mapanare/mapanare/self/mnc-stage1)
==12688==    by 0x739C2E: __mn_str_concat (in /mnt/c/Users/Juan/Documents/GitHub/Mapanare/mapanare/self/mnc-stage1)
==12688==    by 0x6DEF9B: emit_llvm__emit_enum_init (in /mnt/c/Users/Juan/Documents/GitHub/Mapanare/mapanare/self/mnc-stage1)
==12688==    by 0x3F: ???
==12688== 
==12688== 105 bytes in 2 blocks are indirectly lost in loss record 581 of 853
==12688==    at 0x484D953: calloc (in /usr/libexec/valgrind/vgpreload_memcheck-amd64-linux.so)
==12688==    by 0x739049: __mn_alloc (in /mnt/c/Users/Juan/Documents/GitHub/Mapanare/mapanare/self/mnc-stage1)
==12688==    by 0x739C2E: __mn_str_concat (in /mnt/c/Users/Juan/Documents/GitHub/Mapanare/mapanare/self/mnc-stage1)
==12688==    by 0x6B11D4: emit_llvm__emit_const (in /mnt/c/Users/Juan/Documents/GitHub/Mapanare/mapanare/self/mnc-stage1)
==12688==    by 0x8000000000000002: ???
==12688== 
==12688== 106 bytes in 2 blocks are indirectly lost in loss record 582 of 853
==12688==    at 0x484D953: calloc (in /usr/libexec/valgrind/vgpreload_memcheck-amd64-linux.so)
==12688==    by 0x739049: __mn_alloc (in /mnt/c/Users/Juan/Documents/GitHub/Mapanare/mapanare/self/mnc-stage1)
==12688==    by 0x739C2E: __mn_str_concat (in /mnt/c/Users/Juan/Documents/GitHub/Mapanare/mapanare/self/mnc-stage1)
==12688==    by 0x6DF104: emit_llvm__emit_enum_init (in /mnt/c/Users/Juan/Documents/GitHub/Mapanare/mapanare/self/mnc-stage1)
==12688==    by 0x3F: ???
==12688== 
==12688== 109 bytes in 2 blocks are indirectly lost in loss record 583 of 853
==12688==    at 0x484D953: calloc (in /usr/libexec/valgrind/vgpreload_memcheck-amd64-linux.so)
==12688==    by 0x739049: __mn_alloc (in /mnt/c/Users/Juan/Documents/GitHub/Mapanare/mapanare/self/mnc-stage1)
==12688==    by 0x739C2E: __mn_str_concat (in /mnt/c/Users/Juan/Documents/GitHub/Mapanare/mapanare/self/mnc-stage1)
==12688==    by 0x73121D: emit_llvm__emit_mir_function (in /mnt/c/Users/Juan/Documents/GitHub/Mapanare/mapanare/self/mnc-stage1)
==12688==    by 0x3F: ???
==12688== 
==12688== 112 bytes in 7 blocks are indirectly lost in loss record 584 of 853
==12688==    at 0x4846828: malloc (in /usr/libexec/valgrind/vgpreload_memcheck-amd64-linux.so)
==12688==    by 0x433542: parser__parse_atom (in /mnt/c/Users/Juan/Documents/GitHub/Mapanare/mapanare/self/mnc-stage1)
==12688== 
==12688== 112 bytes in 2 blocks are definitely lost in loss record 585 of 853
==12688==    at 0x4846828: malloc (in /usr/libexec/valgrind/vgpreload_memcheck-amd64-linux.so)
==12688==    by 0x4739F7: semantic__check_let_stmt (in /mnt/c/Users/Juan/Documents/GitHub/Mapanare/mapanare/self/mnc-stage1)
==12688== 
==12688== 114 bytes in 3 blocks are indirectly lost in loss record 586 of 853
==12688==    at 0x484D953: calloc (in /usr/libexec/valgrind/vgpreload_memcheck-amd64-linux.so)
==12688==    by 0x739049: __mn_alloc (in /mnt/c/Users/Juan/Documents/GitHub/Mapanare/mapanare/self/mnc-stage1)
==12688==    by 0x739C2E: __mn_str_concat (in /mnt/c/Users/Juan/Documents/GitHub/Mapanare/mapanare/self/mnc-stage1)
==12688==    by 0x6D7ECF: emit_llvm__emit_store (in /mnt/c/Users/Juan/Documents/GitHub/Mapanare/mapanare/self/mnc-stage1)
==12688== 
==12688== 136 bytes in 1 blocks are indirectly lost in loss record 587 of 853
==12688==    at 0x4846828: malloc (in /usr/libexec/valgrind/vgpreload_memcheck-amd64-linux.so)
==12688==    by 0x42998A: parser__parse_enum_body (in /mnt/c/Users/Juan/Documents/GitHub/Mapanare/mapanare/self/mnc-stage1)
==12688==    by 0x2: ???
==12688==    by 0x6A8866F: ???
==12688==    by 0x7: ???
==12688==    by 0x57: ???
==12688== 
==12688== 136 bytes in 1 blocks are indirectly lost in loss record 588 of 853
==12688==    at 0x4846828: malloc (in /usr/libexec/valgrind/vgpreload_memcheck-amd64-linux.so)
==12688==    by 0x655938: lower__lower_match (in /mnt/c/Users/Juan/Documents/GitHub/Mapanare/mapanare/self/mnc-stage1)
==12688==    by 0x3F: ???
==12688== 
==12688== 140 bytes in 2 blocks are indirectly lost in loss record 589 of 853
==12688==    at 0x484D953: calloc (in /usr/libexec/valgrind/vgpreload_memcheck-amd64-linux.so)
==12688==    by 0x739049: __mn_alloc (in /mnt/c/Users/Juan/Documents/GitHub/Mapanare/mapanare/self/mnc-stage1)
==12688==    by 0x739C2E: __mn_str_concat (in /mnt/c/Users/Juan/Documents/GitHub/Mapanare/mapanare/self/mnc-stage1)
==12688==    by 0x6B1392: emit_llvm__emit_const (in /mnt/c/Users/Juan/Documents/GitHub/Mapanare/mapanare/self/mnc-stage1)
==12688==    by 0x8000000000000002: ???
==12688== 
==12688== 140 bytes in 4 blocks are indirectly lost in loss record 590 of 853
==12688==    at 0x484D953: calloc (in /usr/libexec/valgrind/vgpreload_memcheck-amd64-linux.so)
==12688==    by 0x739049: __mn_alloc (in /mnt/c/Users/Juan/Documents/GitHub/Mapanare/mapanare/self/mnc-stage1)
==12688==    by 0x739C2E: __mn_str_concat (in /mnt/c/Users/Juan/Documents/GitHub/Mapanare/mapanare/self/mnc-stage1)
==12688==    by 0x6A7B5C: emit_llvm__emit_mir_by_kind (in /mnt/c/Users/Juan/Documents/GitHub/Mapanare/mapanare/self/mnc-stage1)
==12688== 
==12688== 144 bytes in 1 blocks are indirectly lost in loss record 591 of 853
==12688==    at 0x484D953: calloc (in /usr/libexec/valgrind/vgpreload_memcheck-amd64-linux.so)
==12688==    by 0x739049: __mn_alloc (in /mnt/c/Users/Juan/Documents/GitHub/Mapanare/mapanare/self/mnc-stage1)
==12688==    by 0x73AD5A: __mn_list_push (in /mnt/c/Users/Juan/Documents/GitHub/Mapanare/mapanare/self/mnc-stage1)
==12688==    by 0x42ED12: parser__parse_block (in /mnt/c/Users/Juan/Documents/GitHub/Mapanare/mapanare/self/mnc-stage1)
==12688==    by 0x6A892EF: ???
==12688==    by 0x1A: ???
==12688== 
==12688== 144 bytes in 1 blocks are indirectly lost in loss record 592 of 853
==12688==    at 0x484D953: calloc (in /usr/libexec/valgrind/vgpreload_memcheck-amd64-linux.so)
==12688==    by 0x739049: __mn_alloc (in /mnt/c/Users/Juan/Documents/GitHub/Mapanare/mapanare/self/mnc-stage1)
==12688==    by 0x73AD5A: __mn_list_push (in /mnt/c/Users/Juan/Documents/GitHub/Mapanare/mapanare/self/mnc-stage1)
==12688==    by 0x42ED12: parser__parse_block (in /mnt/c/Users/Juan/Documents/GitHub/Mapanare/mapanare/self/mnc-stage1)
==12688==    by 0x6A89B7F: ???
==12688==    by 0x21: ???
==12688== 
==12688== 144 bytes in 1 blocks are indirectly lost in loss record 593 of 853
==12688==    at 0x484D953: calloc (in /usr/libexec/valgrind/vgpreload_memcheck-amd64-linux.so)
==12688==    by 0x739049: __mn_alloc (in /mnt/c/Users/Juan/Documents/GitHub/Mapanare/mapanare/self/mnc-stage1)
==12688==    by 0x73AD5A: __mn_list_push (in /mnt/c/Users/Juan/Documents/GitHub/Mapanare/mapanare/self/mnc-stage1)
==12688==    by 0x42ED12: parser__parse_block (in /mnt/c/Users/Juan/Documents/GitHub/Mapanare/mapanare/self/mnc-stage1)
==12688==    by 0x6A8A19F: ???
==12688==    by 0x28: ???
==12688== 
==12688== 144 bytes in 1 blocks are indirectly lost in loss record 594 of 853
==12688==    at 0x484D953: calloc (in /usr/libexec/valgrind/vgpreload_memcheck-amd64-linux.so)
==12688==    by 0x739049: __mn_alloc (in /mnt/c/Users/Juan/Documents/GitHub/Mapanare/mapanare/self/mnc-stage1)
==12688==    by 0x73AD5A: __mn_list_push (in /mnt/c/Users/Juan/Documents/GitHub/Mapanare/mapanare/self/mnc-stage1)
==12688==    by 0x42ED12: parser__parse_block (in /mnt/c/Users/Juan/Documents/GitHub/Mapanare/mapanare/self/mnc-stage1)
==12688==    by 0x6A8906F: ???
==12688==    by 0x2A: ???
==12688== 
==12688== 144 bytes in 1 blocks are indirectly lost in loss record 595 of 853
==12688==    at 0x484D953: calloc (in /usr/libexec/valgrind/vgpreload_memcheck-amd64-linux.so)
==12688==    by 0x739049: __mn_alloc (in /mnt/c/Users/Juan/Documents/GitHub/Mapanare/mapanare/self/mnc-stage1)
==12688==    by 0x73AD5A: __mn_list_push (in /mnt/c/Users/Juan/Documents/GitHub/Mapanare/mapanare/self/mnc-stage1)
==12688==    by 0x42ED12: parser__parse_block (in /mnt/c/Users/Juan/Documents/GitHub/Mapanare/mapanare/self/mnc-stage1)
==12688==    by 0x6A8AB8F: ???
==12688==    by 0x36: ???
==12688== 
==12688== 144 bytes in 1 blocks are indirectly lost in loss record 596 of 853
==12688==    at 0x484D953: calloc (in /usr/libexec/valgrind/vgpreload_memcheck-amd64-linux.so)
==12688==    by 0x739049: __mn_alloc (in /mnt/c/Users/Juan/Documents/GitHub/Mapanare/mapanare/self/mnc-stage1)
==12688==    by 0x73AD5A: __mn_list_push (in /mnt/c/Users/Juan/Documents/GitHub/Mapanare/mapanare/self/mnc-stage1)
==12688==    by 0x4C2661: lower__register_enum (in /mnt/c/Users/Juan/Documents/GitHub/Mapanare/mapanare/self/mnc-stage1)
==12688== 
==12688== 144 bytes in 1 blocks are indirectly lost in loss record 597 of 853
==12688==    at 0x4846828: malloc (in /usr/libexec/valgrind/vgpreload_memcheck-amd64-linux.so)
==12688==    by 0x4CE3C3: lower__bind_fn_params (in /mnt/c/Users/Juan/Documents/GitHub/Mapanare/mapanare/self/mnc-stage1)
==12688== 
==12688== 144 bytes in 1 blocks are indirectly lost in loss record 598 of 853
==12688==    at 0x484D953: calloc (in /usr/libexec/valgrind/vgpreload_memcheck-amd64-linux.so)
==12688==    by 0x739049: __mn_alloc (in /mnt/c/Users/Juan/Documents/GitHub/Mapanare/mapanare/self/mnc-stage1)
==12688==    by 0x73AD5A: __mn_list_push (in /mnt/c/Users/Juan/Documents/GitHub/Mapanare/mapanare/self/mnc-stage1)
==12688==    by 0x49D84D: lower_state__emit_instr (in /mnt/c/Users/Juan/Documents/GitHub/Mapanare/mapanare/self/mnc-stage1)
==12688== 
==12688== 144 bytes in 1 blocks are indirectly lost in loss record 599 of 853
==12688==    at 0x4846828: malloc (in /usr/libexec/valgrind/vgpreload_memcheck-amd64-linux.so)
==12688==    by 0x6635D8: lower__lower_match (in /mnt/c/Users/Juan/Documents/GitHub/Mapanare/mapanare/self/mnc-stage1)
==12688==    by 0x5: ???
==12688==    by 0x800000000000000D: ???
==12688== 
==12688== 144 bytes in 1 blocks are indirectly lost in loss record 600 of 853
==12688==    at 0x484D953: calloc (in /usr/libexec/valgrind/vgpreload_memcheck-amd64-linux.so)
==12688==    by 0x739049: __mn_alloc (in /mnt/c/Users/Juan/Documents/GitHub/Mapanare/mapanare/self/mnc-stage1)
==12688==    by 0x73AD5A: __mn_list_push (in /mnt/c/Users/Juan/Documents/GitHub/Mapanare/mapanare/self/mnc-stage1)
==12688==    by 0x49D84D: lower_state__emit_instr (in /mnt/c/Users/Juan/Documents/GitHub/Mapanare/mapanare/self/mnc-stage1)
==12688==    by 0x7: ???
==12688==    by 0x37: ???
==12688== 
==12688== 144 bytes in 1 blocks are indirectly lost in loss record 601 of 853
==12688==    at 0x484D953: calloc (in /usr/libexec/valgrind/vgpreload_memcheck-amd64-linux.so)
==12688==    by 0x739049: __mn_alloc (in /mnt/c/Users/Juan/Documents/GitHub/Mapanare/mapanare/self/mnc-stage1)
==12688==    by 0x73AD5A: __mn_list_push (in /mnt/c/Users/Juan/Documents/GitHub/Mapanare/mapanare/self/mnc-stage1)
==12688==    by 0x689693: emit_llvm__build_internal_struct_list (in /mnt/c/Users/Juan/Documents/GitHub/Mapanare/mapanare/self/mnc-stage1)
==12688== 
==12688== 144 bytes in 1 blocks are indirectly lost in loss record 602 of 853
==12688==    at 0x484D953: calloc (in /usr/libexec/valgrind/vgpreload_memcheck-amd64-linux.so)
==12688==    by 0x739049: __mn_alloc (in /mnt/c/Users/Juan/Documents/GitHub/Mapanare/mapanare/self/mnc-stage1)
==12688==    by 0x73AD5A: __mn_list_push (in /mnt/c/Users/Juan/Documents/GitHub/Mapanare/mapanare/self/mnc-stage1)
==12688==    by 0x68A21B: emit_llvm__build_internal_struct_list (in /mnt/c/Users/Juan/Documents/GitHub/Mapanare/mapanare/self/mnc-stage1)
==12688==    by 0xF: ???
==12688== 
==12688== 144 bytes in 1 blocks are indirectly lost in loss record 603 of 853
==12688==    at 0x484D953: calloc (in /usr/libexec/valgrind/vgpreload_memcheck-amd64-linux.so)
==12688==    by 0x739049: __mn_alloc (in /mnt/c/Users/Juan/Documents/GitHub/Mapanare/mapanare/self/mnc-stage1)
==12688==    by 0x73AD5A: __mn_list_push (in /mnt/c/Users/Juan/Documents/GitHub/Mapanare/mapanare/self/mnc-stage1)
==12688==    by 0x68A3A3: emit_llvm__build_internal_struct_list (in /mnt/c/Users/Juan/Documents/GitHub/Mapanare/mapanare/self/mnc-stage1)
==12688==    by 0xF: ???
==12688== 
==12688== 144 bytes in 1 blocks are indirectly lost in loss record 604 of 853
==12688==    at 0x484D953: calloc (in /usr/libexec/valgrind/vgpreload_memcheck-amd64-linux.so)
==12688==    by 0x739049: __mn_alloc (in /mnt/c/Users/Juan/Documents/GitHub/Mapanare/mapanare/self/mnc-stage1)
==12688==    by 0x73AD5A: __mn_list_push (in /mnt/c/Users/Juan/Documents/GitHub/Mapanare/mapanare/self/mnc-stage1)
==12688==    by 0x68A576: emit_llvm__build_internal_struct_list (in /mnt/c/Users/Juan/Documents/GitHub/Mapanare/mapanare/self/mnc-stage1)
==12688==    by 0xF: ???
==12688== 
==12688== 144 bytes in 1 blocks are indirectly lost in loss record 605 of 853
==12688==    at 0x484D953: calloc (in /usr/libexec/valgrind/vgpreload_memcheck-amd64-linux.so)
==12688==    by 0x739049: __mn_alloc (in /mnt/c/Users/Juan/Documents/GitHub/Mapanare/mapanare/self/mnc-stage1)
==12688==    by 0x73AD5A: __mn_list_push (in /mnt/c/Users/Juan/Documents/GitHub/Mapanare/mapanare/self/mnc-stage1)
==12688==    by 0x68A7BB: emit_llvm__build_internal_struct_list (in /mnt/c/Users/Juan/Documents/GitHub/Mapanare/mapanare/self/mnc-stage1)
==12688==    by 0x4: ???
==12688==    by 0x7: ???
==12688==    by 0x6AB498F: ???
==12688==    by 0x7: ???
==12688==    by 0xF: ???
==12688== 
==12688== 144 bytes in 1 blocks are indirectly lost in loss record 606 of 853
==12688==    at 0x484D953: calloc (in /usr/libexec/valgrind/vgpreload_memcheck-amd64-linux.so)
==12688==    by 0x739049: __mn_alloc (in /mnt/c/Users/Juan/Documents/GitHub/Mapanare/mapanare/self/mnc-stage1)
==12688==    by 0x73AD5A: __mn_list_push (in /mnt/c/Users/Juan/Documents/GitHub/Mapanare/mapanare/self/mnc-stage1)
==12688==    by 0x68A9AA: emit_llvm__build_internal_struct_list (in /mnt/c/Users/Juan/Documents/GitHub/Mapanare/mapanare/self/mnc-stage1)
==12688==    by 0x2: ???
==12688==    by 0x7: ???
==12688==    by 0x6AB4ABF: ???
==12688==    by 0x7: ???
==12688==    by 0xF: ???
==12688== 
==12688== 144 bytes in 1 blocks are indirectly lost in loss record 607 of 853
==12688==    at 0x484D953: calloc (in /usr/libexec/valgrind/vgpreload_memcheck-amd64-linux.so)
==12688==    by 0x739049: __mn_alloc (in /mnt/c/Users/Juan/Documents/GitHub/Mapanare/mapanare/self/mnc-stage1)
==12688==    by 0x73AD5A: __mn_list_push (in /mnt/c/Users/Juan/Documents/GitHub/Mapanare/mapanare/self/mnc-stage1)
==12688==    by 0x68AB99: emit_llvm__build_internal_struct_list (in /mnt/c/Users/Juan/Documents/GitHub/Mapanare/mapanare/self/mnc-stage1)
==12688==    by 0x2: ???
==12688==    by 0x7: ???
==12688==    by 0x6AB4BDF: ???
==12688==    by 0x7: ???
==12688==    by 0xF: ???
==12688== 
==12688== 144 bytes in 1 blocks are indirectly lost in loss record 608 of 853
==12688==    at 0x484D953: calloc (in /usr/libexec/valgrind/vgpreload_memcheck-amd64-linux.so)
==12688==    by 0x739049: __mn_alloc (in /mnt/c/Users/Juan/Documents/GitHub/Mapanare/mapanare/self/mnc-stage1)
==12688==    by 0x73AD5A: __mn_list_push (in /mnt/c/Users/Juan/Documents/GitHub/Mapanare/mapanare/self/mnc-stage1)
==12688==    by 0x68AD88: emit_llvm__build_internal_struct_list (in /mnt/c/Users/Juan/Documents/GitHub/Mapanare/mapanare/self/mnc-stage1)
==12688==    by 0x2: ???
==12688==    by 0x7: ???
==12688==    by 0x6AB544F: ???
==12688==    by 0x7: ???
==12688==    by 0xF: ???
==12688== 
==12688== 144 bytes in 1 blocks are indirectly lost in loss record 609 of 853
==12688==    at 0x484D953: calloc (in /usr/libexec/valgrind/vgpreload_memcheck-amd64-linux.so)
==12688==    by 0x739049: __mn_alloc (in /mnt/c/Users/Juan/Documents/GitHub/Mapanare/mapanare/self/mnc-stage1)
==12688==    by 0x73AD5A: __mn_list_push (in /mnt/c/Users/Juan/Documents/GitHub/Mapanare/mapanare/self/mnc-stage1)
==12688==    by 0x68AF4C: emit_llvm__build_internal_struct_list (in /mnt/c/Users/Juan/Documents/GitHub/Mapanare/mapanare/self/mnc-stage1)
==12688==    by 0x1: ???
==12688==    by 0x7: ???
==12688==    by 0x6AB557F: ???
==12688==    by 0x7: ???
==12688==    by 0xF: ???
==12688== 
==12688== 144 bytes in 1 blocks are indirectly lost in loss record 610 of 853
==12688==    at 0x484D953: calloc (in /usr/libexec/valgrind/vgpreload_memcheck-amd64-linux.so)
==12688==    by 0x739049: __mn_alloc (in /mnt/c/Users/Juan/Documents/GitHub/Mapanare/mapanare/self/mnc-stage1)
==12688==    by 0x73AD5A: __mn_list_push (in /mnt/c/Users/Juan/Documents/GitHub/Mapanare/mapanare/self/mnc-stage1)
==12688==    by 0x68B110: emit_llvm__build_internal_struct_list (in /mnt/c/Users/Juan/Documents/GitHub/Mapanare/mapanare/self/mnc-stage1)
==12688==    by 0x1: ???
==12688==    by 0x7: ???
==12688==    by 0x6AB56AF: ???
==12688==    by 0x7: ???
==12688==    by 0xF: ???
==12688== 
==12688== 144 bytes in 1 blocks are indirectly lost in loss record 611 of 853
==12688==    at 0x484D953: calloc (in /usr/libexec/valgrind/vgpreload_memcheck-amd64-linux.so)
==12688==    by 0x739049: __mn_alloc (in /mnt/c/Users/Juan/Documents/GitHub/Mapanare/mapanare/self/mnc-stage1)
==12688==    by 0x73AD5A: __mn_list_push (in /mnt/c/Users/Juan/Documents/GitHub/Mapanare/mapanare/self/mnc-stage1)
==12688==    by 0x68B355: emit_llvm__build_internal_struct_list (in /mnt/c/Users/Juan/Documents/GitHub/Mapanare/mapanare/self/mnc-stage1)
==12688==    by 0x4: ???
==12688==    by 0x7: ???
==12688==    by 0x6AB57DF: ???
==12688==    by 0x7: ???
==12688==    by 0xF: ???
==12688== 
==12688== 144 bytes in 1 blocks are indirectly lost in loss record 612 of 853
==12688==    at 0x484D953: calloc (in /usr/libexec/valgrind/vgpreload_memcheck-amd64-linux.so)
==12688==    by 0x739049: __mn_alloc (in /mnt/c/Users/Juan/Documents/GitHub/Mapanare/mapanare/self/mnc-stage1)
==12688==    by 0x73AD5A: __mn_list_push (in /mnt/c/Users/Juan/Documents/GitHub/Mapanare/mapanare/self/mnc-stage1)
==12688==    by 0x68B544: emit_llvm__build_internal_struct_list (in /mnt/c/Users/Juan/Documents/GitHub/Mapanare/mapanare/self/mnc-stage1)
==12688==    by 0x2: ???
==12688==    by 0x7: ???
==12688==    by 0x6AB590F: ???
==12688==    by 0x7: ???
==12688==    by 0xF: ???
==12688== 
==12688== 144 bytes in 1 blocks are indirectly lost in loss record 613 of 853
==12688==    at 0x484D953: calloc (in /usr/libexec/valgrind/vgpreload_memcheck-amd64-linux.so)
==12688==    by 0x739049: __mn_alloc (in /mnt/c/Users/Juan/Documents/GitHub/Mapanare/mapanare/self/mnc-stage1)
==12688==    by 0x73AD5A: __mn_list_push (in /mnt/c/Users/Juan/Documents/GitHub/Mapanare/mapanare/self/mnc-stage1)
==12688==    by 0x68B708: emit_llvm__build_internal_struct_list (in /mnt/c/Users/Juan/Documents/GitHub/Mapanare/mapanare/self/mnc-stage1)
==12688==    by 0x1: ???
==12688==    by 0x7: ???
==12688==    by 0x6AB5A3F: ???
==12688==    by 0x7: ???
==12688==    by 0xF: ???
==12688== 
==12688== 144 bytes in 1 blocks are indirectly lost in loss record 614 of 853
==12688==    at 0x484D953: calloc (in /usr/libexec/valgrind/vgpreload_memcheck-amd64-linux.so)
==12688==    by 0x739049: __mn_alloc (in /mnt/c/Users/Juan/Documents/GitHub/Mapanare/mapanare/self/mnc-stage1)
==12688==    by 0x73AD5A: __mn_list_push (in /mnt/c/Users/Juan/Documents/GitHub/Mapanare/mapanare/self/mnc-stage1)
==12688==    by 0x68B8CC: emit_llvm__build_internal_struct_list (in /mnt/c/Users/Juan/Documents/GitHub/Mapanare/mapanare/self/mnc-stage1)
==12688==    by 0x1: ???
==12688==    by 0x7: ???
==12688==    by 0x6AB5B6F: ???
==12688==    by 0x7: ???
==12688==    by 0xF: ???
==12688== 
==12688== 144 bytes in 1 blocks are indirectly lost in loss record 615 of 853
==12688==    at 0x484D953: calloc (in /usr/libexec/valgrind/vgpreload_memcheck-amd64-linux.so)
==12688==    by 0x739049: __mn_alloc (in /mnt/c/Users/Juan/Documents/GitHub/Mapanare/mapanare/self/mnc-stage1)
==12688==    by 0x73AD5A: __mn_list_push (in /mnt/c/Users/Juan/Documents/GitHub/Mapanare/mapanare/self/mnc-stage1)
==12688==    by 0x68BB11: emit_llvm__build_internal_struct_list (in /mnt/c/Users/Juan/Documents/GitHub/Mapanare/mapanare/self/mnc-stage1)
==12688==    by 0x4: ???
==12688==    by 0x7: ???
==12688==    by 0x6AB5C9F: ???
==12688==    by 0x7: ???
==12688==    by 0xF: ???
==12688== 
==12688== 144 bytes in 1 blocks are indirectly lost in loss record 616 of 853
==12688==    at 0x484D953: calloc (in /usr/libexec/valgrind/vgpreload_memcheck-amd64-linux.so)
==12688==    by 0x739049: __mn_alloc (in /mnt/c/Users/Juan/Documents/GitHub/Mapanare/mapanare/self/mnc-stage1)
==12688==    by 0x73AD5A: __mn_list_push (in /mnt/c/Users/Juan/Documents/GitHub/Mapanare/mapanare/self/mnc-stage1)
==12688==    by 0x68BD2B: emit_llvm__build_internal_struct_list (in /mnt/c/Users/Juan/Documents/GitHub/Mapanare/mapanare/self/mnc-stage1)
==12688==    by 0x3: ???
==12688==    by 0x7: ???
==12688==    by 0x6AB6C1F: ???
==12688==    by 0x7: ???
==12688==    by 0xF: ???
==12688== 
==12688== 144 bytes in 1 blocks are indirectly lost in loss record 617 of 853
==12688==    at 0x484D953: calloc (in /usr/libexec/valgrind/vgpreload_memcheck-amd64-linux.so)
==12688==    by 0x739049: __mn_alloc (in /mnt/c/Users/Juan/Documents/GitHub/Mapanare/mapanare/self/mnc-stage1)
==12688==    by 0x73AD5A: __mn_list_push (in /mnt/c/Users/Juan/Documents/GitHub/Mapanare/mapanare/self/mnc-stage1)
==12688==    by 0x68BEEF: emit_llvm__build_internal_struct_list (in /mnt/c/Users/Juan/Documents/GitHub/Mapanare/mapanare/self/mnc-stage1)
==12688==    by 0x1: ???
==12688==    by 0x7: ???
==12688==    by 0x6AB6D4F: ???
==12688==    by 0x7: ???
==12688==    by 0xF: ???
==12688== 
==12688== 144 bytes in 1 blocks are indirectly lost in loss record 618 of 853
==12688==    at 0x484D953: calloc (in /usr/libexec/valgrind/vgpreload_memcheck-amd64-linux.so)
==12688==    by 0x739049: __mn_alloc (in /mnt/c/Users/Juan/Documents/GitHub/Mapanare/mapanare/self/mnc-stage1)
==12688==    by 0x73AD5A: __mn_list_push (in /mnt/c/Users/Juan/Documents/GitHub/Mapanare/mapanare/self/mnc-stage1)
==12688==    by 0x68C15F: emit_llvm__build_internal_struct_list (in /mnt/c/Users/Juan/Documents/GitHub/Mapanare/mapanare/self/mnc-stage1)
==12688==    by 0x5: ???
==12688==    by 0x7: ???
==12688==    by 0x6AB6E7F: ???
==12688==    by 0x7: ???
==12688==    by 0xF: ???
==12688== 
==12688== 144 bytes in 1 blocks are indirectly lost in loss record 619 of 853
==12688==    at 0x484D953: calloc (in /usr/libexec/valgrind/vgpreload_memcheck-amd64-linux.so)
==12688==    by 0x739049: __mn_alloc (in /mnt/c/Users/Juan/Documents/GitHub/Mapanare/mapanare/self/mnc-stage1)
==12688==    by 0x73AD5A: __mn_list_push (in /mnt/c/Users/Juan/Documents/GitHub/Mapanare/mapanare/self/mnc-stage1)
==12688==    by 0x68C323: emit_llvm__build_internal_struct_list (in /mnt/c/Users/Juan/Documents/GitHub/Mapanare/mapanare/self/mnc-stage1)
==12688==    by 0x1: ???
==12688==    by 0x7: ???
==12688==    by 0x6AB6FAF: ???
==12688==    by 0x7: ???
==12688==    by 0xF: ???
==12688== 
==12688== 144 bytes in 1 blocks are indirectly lost in loss record 620 of 853
==12688==    at 0x484D953: calloc (in /usr/libexec/valgrind/vgpreload_memcheck-amd64-linux.so)
==12688==    by 0x739049: __mn_alloc (in /mnt/c/Users/Juan/Documents/GitHub/Mapanare/mapanare/self/mnc-stage1)
==12688==    by 0x73AD5A: __mn_list_push (in /mnt/c/Users/Juan/Documents/GitHub/Mapanare/mapanare/self/mnc-stage1)
==12688==    by 0x68C50C: emit_llvm__build_internal_struct_list (in /mnt/c/Users/Juan/Documents/GitHub/Mapanare/mapanare/self/mnc-stage1)
==12688==    by 0x2: ???
==12688==    by 0x7: ???
==12688==    by 0x6AB70DF: ???
==12688==    by 0x7: ???
==12688==    by 0xF: ???
==12688== 
==12688== 144 bytes in 1 blocks are indirectly lost in loss record 621 of 853
==12688==    at 0x484D953: calloc (in /usr/libexec/valgrind/vgpreload_memcheck-amd64-linux.so)
==12688==    by 0x739049: __mn_alloc (in /mnt/c/Users/Juan/Documents/GitHub/Mapanare/mapanare/self/mnc-stage1)
==12688==    by 0x73AD5A: __mn_list_push (in /mnt/c/Users/Juan/Documents/GitHub/Mapanare/mapanare/self/mnc-stage1)
==12688==    by 0x737D28: emit_llvm__emit_mir_module (in /mnt/c/Users/Juan/Documents/GitHub/Mapanare/mapanare/self/mnc-stage1)
==12688==    by 0x3F: ???
==12688== 
==12688== 144 bytes in 1 blocks are indirectly lost in loss record 622 of 853
==12688==    at 0x484D953: calloc (in /usr/libexec/valgrind/vgpreload_memcheck-amd64-linux.so)
==12688==    by 0x739049: __mn_alloc (in /mnt/c/Users/Juan/Documents/GitHub/Mapanare/mapanare/self/mnc-stage1)
==12688==    by 0x73AD5A: __mn_list_push (in /mnt/c/Users/Juan/Documents/GitHub/Mapanare/mapanare/self/mnc-stage1)
==12688==    by 0x730A6C: emit_llvm__emit_mir_function (in /mnt/c/Users/Juan/Documents/GitHub/Mapanare/mapanare/self/mnc-stage1)
==12688==    by 0x3F: ???
==12688== 
==12688== 144 bytes in 1 blocks are definitely lost in loss record 623 of 853
==12688==    at 0x484D953: calloc (in /usr/libexec/valgrind/vgpreload_memcheck-amd64-linux.so)
==12688==    by 0x739049: __mn_alloc (in /mnt/c/Users/Juan/Documents/GitHub/Mapanare/mapanare/self/mnc-stage1)
==12688==    by 0x73AD5A: __mn_list_push (in /mnt/c/Users/Juan/Documents/GitHub/Mapanare/mapanare/self/mnc-stage1)
==12688==    by 0x415634: resolve_imports (in /mnt/c/Users/Juan/Documents/GitHub/Mapanare/mapanare/self/mnc-stage1)
==12688==    by 0x6A73667: ???
==12688==    by 0x4B: ???
==12688== 
==12688== 144 bytes in 1 blocks are definitely lost in loss record 624 of 853
==12688==    at 0x484D953: calloc (in /usr/libexec/valgrind/vgpreload_memcheck-amd64-linux.so)
==12688==    by 0x739049: __mn_alloc (in /mnt/c/Users/Juan/Documents/GitHub/Mapanare/mapanare/self/mnc-stage1)
==12688==    by 0x73AD5A: __mn_list_push (in /mnt/c/Users/Juan/Documents/GitHub/Mapanare/mapanare/self/mnc-stage1)
==12688==    by 0x414B11: dedup_definitions (in /mnt/c/Users/Juan/Documents/GitHub/Mapanare/mapanare/self/mnc-stage1)
==12688==    by 0x9: ???
==12688== 
==12688== 144 bytes in 1 blocks are definitely lost in loss record 625 of 853
==12688==    at 0x484D953: calloc (in /usr/libexec/valgrind/vgpreload_memcheck-amd64-linux.so)
==12688==    by 0x739049: __mn_alloc (in /mnt/c/Users/Juan/Documents/GitHub/Mapanare/mapanare/self/mnc-stage1)
==12688==    by 0x73AD5A: __mn_list_push (in /mnt/c/Users/Juan/Documents/GitHub/Mapanare/mapanare/self/mnc-stage1)
==12688==    by 0x6506B9: lower__build_match_arms (in /mnt/c/Users/Juan/Documents/GitHub/Mapanare/mapanare/self/mnc-stage1)
==12688==    by 0xFFFFFFFFFFFFFF: ???
==12688==    by 0x800000000000000B: ???
==12688==    by 0x8000000000000009: ???
==12688==    by 0x6AA814F: ???
==12688==    by 0x6AA81EF: ???
==12688== 
==12688== 144 bytes in 1 blocks are definitely lost in loss record 626 of 853
==12688==    at 0x484D953: calloc (in /usr/libexec/valgrind/vgpreload_memcheck-amd64-linux.so)
==12688==    by 0x739049: __mn_alloc (in /mnt/c/Users/Juan/Documents/GitHub/Mapanare/mapanare/self/mnc-stage1)
==12688==    by 0x73AD5A: __mn_list_push (in /mnt/c/Users/Juan/Documents/GitHub/Mapanare/mapanare/self/mnc-stage1)
==12688==    by 0x67DE48: mir_opt__dead_block_elim_function (in /mnt/c/Users/Juan/Documents/GitHub/Mapanare/mapanare/self/mnc-stage1)
==12688== 
==12688== 144 bytes in 1 blocks are definitely lost in loss record 627 of 853
==12688==    at 0x484D953: calloc (in /usr/libexec/valgrind/vgpreload_memcheck-amd64-linux.so)
==12688==    by 0x739049: __mn_alloc (in /mnt/c/Users/Juan/Documents/GitHub/Mapanare/mapanare/self/mnc-stage1)
==12688==    by 0x73AD5A: __mn_list_push (in /mnt/c/Users/Juan/Documents/GitHub/Mapanare/mapanare/self/mnc-stage1)
==12688==    by 0x6A2181: emit_llvm__register_mir_enum (in /mnt/c/Users/Juan/Documents/GitHub/Mapanare/mapanare/self/mnc-stage1)
==12688== 
==12688== 145 bytes in 4 blocks are indirectly lost in loss record 628 of 853
==12688==    at 0x484D953: calloc (in /usr/libexec/valgrind/vgpreload_memcheck-amd64-linux.so)
==12688==    by 0x739049: __mn_alloc (in /mnt/c/Users/Juan/Documents/GitHub/Mapanare/mapanare/self/mnc-stage1)
==12688==    by 0x73980B: __mn_str_from_parts (in /mnt/c/Users/Juan/Documents/GitHub/Mapanare/mapanare/self/mnc-stage1)
==12688==    by 0x68DA16: emit_llvm__declare_runtime_fn (in /mnt/c/Users/Juan/Documents/GitHub/Mapanare/mapanare/self/mnc-stage1)
==12688==    by 0x2: ???
==12688==    by 0x6ABC59F: ???
==12688==    by 0xF: ???
==12688== 
==12688== 152 bytes in 2 blocks are indirectly lost in loss record 629 of 853
==12688==    at 0x484D953: calloc (in /usr/libexec/valgrind/vgpreload_memcheck-amd64-linux.so)
==12688==    by 0x739049: __mn_alloc (in /mnt/c/Users/Juan/Documents/GitHub/Mapanare/mapanare/self/mnc-stage1)
==12688==    by 0x739C2E: __mn_str_concat (in /mnt/c/Users/Juan/Documents/GitHub/Mapanare/mapanare/self/mnc-stage1)
==12688==    by 0x68DA16: emit_llvm__declare_runtime_fn (in /mnt/c/Users/Juan/Documents/GitHub/Mapanare/mapanare/self/mnc-stage1)
==12688==    by 0x1: ???
==12688==    by 0x6ABC59F: ???
==12688==    by 0xF: ???
==12688== 
==12688== 156 bytes in 13 blocks are definitely lost in loss record 630 of 853
==12688==    at 0x484D953: calloc (in /usr/libexec/valgrind/vgpreload_memcheck-amd64-linux.so)
==12688==    by 0x739049: __mn_alloc (in /mnt/c/Users/Juan/Documents/GitHub/Mapanare/mapanare/self/mnc-stage1)
==12688==    by 0x739C2E: __mn_str_concat (in /mnt/c/Users/Juan/Documents/GitHub/Mapanare/mapanare/self/mnc-stage1)
==12688==    by 0x68D577: emit_llvm__resolve_type (in /mnt/c/Users/Juan/Documents/GitHub/Mapanare/mapanare/self/mnc-stage1)
==12688==    by 0x3F: ???
==12688== 
==12688== 160 bytes in 1 blocks are indirectly lost in loss record 631 of 853
==12688==    at 0x4846828: malloc (in /usr/libexec/valgrind/vgpreload_memcheck-amd64-linux.so)
==12688==    by 0x4CEED4: lower__bind_fn_params (in /mnt/c/Users/Juan/Documents/GitHub/Mapanare/mapanare/self/mnc-stage1)
==12688== 
==12688== 160 bytes in 1 blocks are indirectly lost in loss record 632 of 853
==12688==    at 0x4846828: malloc (in /usr/libexec/valgrind/vgpreload_memcheck-amd64-linux.so)
==12688==    by 0x6550CB: lower__lower_match (in /mnt/c/Users/Juan/Documents/GitHub/Mapanare/mapanare/self/mnc-stage1)
==12688==    by 0x3F: ???
==12688== 
==12688== 160 bytes in 1 blocks are indirectly lost in loss record 633 of 853
==12688==    at 0x4846828: malloc (in /usr/libexec/valgrind/vgpreload_memcheck-amd64-linux.so)
==12688==    by 0x663DC3: lower__lower_match (in /mnt/c/Users/Juan/Documents/GitHub/Mapanare/mapanare/self/mnc-stage1)
==12688==    by 0x5: ???
==12688==    by 0x800000000000000D: ???
==12688== 
==12688== 160 bytes in 10 blocks are definitely lost in loss record 634 of 853
==12688==    at 0x4846828: malloc (in /usr/libexec/valgrind/vgpreload_memcheck-amd64-linux.so)
==12688==    by 0x73DDF9: __mn_range (in /mnt/c/Users/Juan/Documents/GitHub/Mapanare/mapanare/self/mnc-stage1)
==12688==    by 0x4380F6: semantic__scope_lookup (in /mnt/c/Users/Juan/Documents/GitHub/Mapanare/mapanare/self/mnc-stage1)
==12688== 
==12688== 168 bytes in 1 blocks are indirectly lost in loss record 635 of 853
==12688==    at 0x484D953: calloc (in /usr/libexec/valgrind/vgpreload_memcheck-amd64-linux.so)
==12688==    by 0x48A53F: semantic__register_builtins (in /mnt/c/Users/Juan/Documents/GitHub/Mapanare/mapanare/self/mnc-stage1)
==12688== 
==12688== 168 bytes in 1 blocks are indirectly lost in loss record 636 of 853
==12688==    at 0x4846828: malloc (in /usr/libexec/valgrind/vgpreload_memcheck-amd64-linux.so)
==12688==    by 0x48A5C0: semantic__register_builtins (in /mnt/c/Users/Juan/Documents/GitHub/Mapanare/mapanare/self/mnc-stage1)
==12688== 
==12688== 168 bytes in 1 blocks are indirectly lost in loss record 637 of 853
==12688==    at 0x484D953: calloc (in /usr/libexec/valgrind/vgpreload_memcheck-amd64-linux.so)
==12688==    by 0x48A846: semantic__register_builtins (in /mnt/c/Users/Juan/Documents/GitHub/Mapanare/mapanare/self/mnc-stage1)
==12688== 
==12688== 168 bytes in 1 blocks are indirectly lost in loss record 638 of 853
==12688==    at 0x4846828: malloc (in /usr/libexec/valgrind/vgpreload_memcheck-amd64-linux.so)
==12688==    by 0x48A8CF: semantic__register_builtins (in /mnt/c/Users/Juan/Documents/GitHub/Mapanare/mapanare/self/mnc-stage1)
==12688== 
==12688== 168 bytes in 1 blocks are indirectly lost in loss record 639 of 853
==12688==    at 0x484D953: calloc (in /usr/libexec/valgrind/vgpreload_memcheck-amd64-linux.so)
==12688==    by 0x48AB24: semantic__register_builtins (in /mnt/c/Users/Juan/Documents/GitHub/Mapanare/mapanare/self/mnc-stage1)
==12688== 
==12688== 168 bytes in 1 blocks are indirectly lost in loss record 640 of 853
==12688==    at 0x4846828: malloc (in /usr/libexec/valgrind/vgpreload_memcheck-amd64-linux.so)
==12688==    by 0x48ABAD: semantic__register_builtins (in /mnt/c/Users/Juan/Documents/GitHub/Mapanare/mapanare/self/mnc-stage1)
==12688== 
==12688== 168 bytes in 1 blocks are indirectly lost in loss record 641 of 853
==12688==    at 0x484D953: calloc (in /usr/libexec/valgrind/vgpreload_memcheck-amd64-linux.so)
==12688==    by 0x48AE02: semantic__register_builtins (in /mnt/c/Users/Juan/Documents/GitHub/Mapanare/mapanare/self/mnc-stage1)
==12688== 
==12688== 168 bytes in 1 blocks are indirectly lost in loss record 642 of 853
==12688==    at 0x4846828: malloc (in /usr/libexec/valgrind/vgpreload_memcheck-amd64-linux.so)
==12688==    by 0x48AE8B: semantic__register_builtins (in /mnt/c/Users/Juan/Documents/GitHub/Mapanare/mapanare/self/mnc-stage1)
==12688== 
==12688== 168 bytes in 1 blocks are indirectly lost in loss record 643 of 853
==12688==    at 0x484D953: calloc (in /usr/libexec/valgrind/vgpreload_memcheck-amd64-linux.so)
==12688==    by 0x48B0E0: semantic__register_builtins (in /mnt/c/Users/Juan/Documents/GitHub/Mapanare/mapanare/self/mnc-stage1)
==12688== 
==12688== 168 bytes in 1 blocks are indirectly lost in loss record 644 of 853
==12688==    at 0x4846828: malloc (in /usr/libexec/valgrind/vgpreload_memcheck-amd64-linux.so)
==12688==    by 0x48B169: semantic__register_builtins (in /mnt/c/Users/Juan/Documents/GitHub/Mapanare/mapanare/self/mnc-stage1)
==12688== 
==12688== 168 bytes in 1 blocks are indirectly lost in loss record 645 of 853
==12688==    at 0x484D953: calloc (in /usr/libexec/valgrind/vgpreload_memcheck-amd64-linux.so)
==12688==    by 0x48B3C7: semantic__register_builtins (in /mnt/c/Users/Juan/Documents/GitHub/Mapanare/mapanare/self/mnc-stage1)
==12688== 
==12688== 168 bytes in 1 blocks are indirectly lost in loss record 646 of 853
==12688==    at 0x4846828: malloc (in /usr/libexec/valgrind/vgpreload_memcheck-amd64-linux.so)
==12688==    by 0x48B47C: semantic__register_builtins (in /mnt/c/Users/Juan/Documents/GitHub/Mapanare/mapanare/self/mnc-stage1)
==12688== 
==12688== 168 bytes in 1 blocks are indirectly lost in loss record 647 of 853
==12688==    at 0x484D953: calloc (in /usr/libexec/valgrind/vgpreload_memcheck-amd64-linux.so)
==12688==    by 0x48B732: semantic__register_builtins (in /mnt/c/Users/Juan/Documents/GitHub/Mapanare/mapanare/self/mnc-stage1)
==12688== 
==12688== 168 bytes in 1 blocks are indirectly lost in loss record 648 of 853
==12688==    at 0x4846828: malloc (in /usr/libexec/valgrind/vgpreload_memcheck-amd64-linux.so)
==12688==    by 0x48B7F7: semantic__register_builtins (in /mnt/c/Users/Juan/Documents/GitHub/Mapanare/mapanare/self/mnc-stage1)
==12688== 
==12688== 168 bytes in 1 blocks are indirectly lost in loss record 649 of 853
==12688==    at 0x484D953: calloc (in /usr/libexec/valgrind/vgpreload_memcheck-amd64-linux.so)
==12688==    by 0x48BAEF: semantic__register_builtins (in /mnt/c/Users/Juan/Documents/GitHub/Mapanare/mapanare/self/mnc-stage1)
==12688== 
==12688== 168 bytes in 1 blocks are indirectly lost in loss record 650 of 853
==12688==    at 0x4846828: malloc (in /usr/libexec/valgrind/vgpreload_memcheck-amd64-linux.so)
==12688==    by 0x48BBB4: semantic__register_builtins (in /mnt/c/Users/Juan/Documents/GitHub/Mapanare/mapanare/self/mnc-stage1)
==12688== 
==12688== 168 bytes in 1 blocks are indirectly lost in loss record 651 of 853
==12688==    at 0x484D953: calloc (in /usr/libexec/valgrind/vgpreload_memcheck-amd64-linux.so)
==12688==    by 0x48BEAC: semantic__register_builtins (in /mnt/c/Users/Juan/Documents/GitHub/Mapanare/mapanare/self/mnc-stage1)
==12688== 
==12688== 168 bytes in 1 blocks are indirectly lost in loss record 652 of 853
==12688==    at 0x4846828: malloc (in /usr/libexec/valgrind/vgpreload_memcheck-amd64-linux.so)
==12688==    by 0x48BF71: semantic__register_builtins (in /mnt/c/Users/Juan/Documents/GitHub/Mapanare/mapanare/self/mnc-stage1)
==12688== 
==12688== 168 bytes in 1 blocks are indirectly lost in loss record 653 of 853
==12688==    at 0x484D953: calloc (in /usr/libexec/valgrind/vgpreload_memcheck-amd64-linux.so)
==12688==    by 0x48C269: semantic__register_builtins (in /mnt/c/Users/Juan/Documents/GitHub/Mapanare/mapanare/self/mnc-stage1)
==12688== 
==12688== 168 bytes in 1 blocks are indirectly lost in loss record 654 of 853
==12688==    at 0x4846828: malloc (in /usr/libexec/valgrind/vgpreload_memcheck-amd64-linux.so)
==12688==    by 0x48C32E: semantic__register_builtins (in /mnt/c/Users/Juan/Documents/GitHub/Mapanare/mapanare/self/mnc-stage1)
==12688== 
==12688== 168 bytes in 1 blocks are indirectly lost in loss record 655 of 853
==12688==    at 0x484D953: calloc (in /usr/libexec/valgrind/vgpreload_memcheck-amd64-linux.so)
==12688==    by 0x48C626: semantic__register_builtins (in /mnt/c/Users/Juan/Documents/GitHub/Mapanare/mapanare/self/mnc-stage1)
==12688== 
==12688== 168 bytes in 1 blocks are indirectly lost in loss record 656 of 853
==12688==    at 0x4846828: malloc (in /usr/libexec/valgrind/vgpreload_memcheck-amd64-linux.so)
==12688==    by 0x48C6EB: semantic__register_builtins (in /mnt/c/Users/Juan/Documents/GitHub/Mapanare/mapanare/self/mnc-stage1)
==12688== 
==12688== 168 bytes in 1 blocks are indirectly lost in loss record 657 of 853
==12688==    at 0x484D953: calloc (in /usr/libexec/valgrind/vgpreload_memcheck-amd64-linux.so)
==12688==    by 0x48C9E3: semantic__register_builtins (in /mnt/c/Users/Juan/Documents/GitHub/Mapanare/mapanare/self/mnc-stage1)
==12688== 
==12688== 168 bytes in 1 blocks are indirectly lost in loss record 658 of 853
==12688==    at 0x4846828: malloc (in /usr/libexec/valgrind/vgpreload_memcheck-amd64-linux.so)
==12688==    by 0x48CAA8: semantic__register_builtins (in /mnt/c/Users/Juan/Documents/GitHub/Mapanare/mapanare/self/mnc-stage1)
==12688== 
==12688== 168 bytes in 1 blocks are indirectly lost in loss record 659 of 853
==12688==    at 0x484D953: calloc (in /usr/libexec/valgrind/vgpreload_memcheck-amd64-linux.so)
==12688==    by 0x48CD9E: semantic__register_builtins (in /mnt/c/Users/Juan/Documents/GitHub/Mapanare/mapanare/self/mnc-stage1)
==12688== 
==12688== 168 bytes in 1 blocks are indirectly lost in loss record 660 of 853
==12688==    at 0x4846828: malloc (in /usr/libexec/valgrind/vgpreload_memcheck-amd64-linux.so)
==12688==    by 0x48CE63: semantic__register_builtins (in /mnt/c/Users/Juan/Documents/GitHub/Mapanare/mapanare/self/mnc-stage1)
==12688== 
==12688== 168 bytes in 1 blocks are indirectly lost in loss record 661 of 853
==12688==    at 0x484D953: calloc (in /usr/libexec/valgrind/vgpreload_memcheck-amd64-linux.so)
==12688==    by 0x48D157: semantic__register_builtins (in /mnt/c/Users/Juan/Documents/GitHub/Mapanare/mapanare/self/mnc-stage1)
==12688== 
==12688== 168 bytes in 1 blocks are indirectly lost in loss record 662 of 853
==12688==    at 0x4846828: malloc (in /usr/libexec/valgrind/vgpreload_memcheck-amd64-linux.so)
==12688==    by 0x48D21C: semantic__register_builtins (in /mnt/c/Users/Juan/Documents/GitHub/Mapanare/mapanare/self/mnc-stage1)
==12688== 
==12688== 168 bytes in 1 blocks are indirectly lost in loss record 663 of 853
==12688==    at 0x484D953: calloc (in /usr/libexec/valgrind/vgpreload_memcheck-amd64-linux.so)
==12688==    by 0x48D510: semantic__register_builtins (in /mnt/c/Users/Juan/Documents/GitHub/Mapanare/mapanare/self/mnc-stage1)
==12688== 
==12688== 168 bytes in 1 blocks are indirectly lost in loss record 664 of 853
==12688==    at 0x4846828: malloc (in /usr/libexec/valgrind/vgpreload_memcheck-amd64-linux.so)
==12688==    by 0x48D5D5: semantic__register_builtins (in /mnt/c/Users/Juan/Documents/GitHub/Mapanare/mapanare/self/mnc-stage1)
==12688== 
==12688== 168 bytes in 1 blocks are indirectly lost in loss record 665 of 853
==12688==    at 0x484D953: calloc (in /usr/libexec/valgrind/vgpreload_memcheck-amd64-linux.so)
==12688==    by 0x48D8C9: semantic__register_builtins (in /mnt/c/Users/Juan/Documents/GitHub/Mapanare/mapanare/self/mnc-stage1)
==12688== 
==12688== 168 bytes in 1 blocks are indirectly lost in loss record 666 of 853
==12688==    at 0x4846828: malloc (in /usr/libexec/valgrind/vgpreload_memcheck-amd64-linux.so)
==12688==    by 0x48D98E: semantic__register_builtins (in /mnt/c/Users/Juan/Documents/GitHub/Mapanare/mapanare/self/mnc-stage1)
==12688== 
==12688== 168 bytes in 1 blocks are indirectly lost in loss record 667 of 853
==12688==    at 0x484D953: calloc (in /usr/libexec/valgrind/vgpreload_memcheck-amd64-linux.so)
==12688==    by 0x48DC82: semantic__register_builtins (in /mnt/c/Users/Juan/Documents/GitHub/Mapanare/mapanare/self/mnc-stage1)
==12688== 
==12688== 168 bytes in 1 blocks are indirectly lost in loss record 668 of 853
==12688==    at 0x4846828: malloc (in /usr/libexec/valgrind/vgpreload_memcheck-amd64-linux.so)
==12688==    by 0x48DD47: semantic__register_builtins (in /mnt/c/Users/Juan/Documents/GitHub/Mapanare/mapanare/self/mnc-stage1)
==12688== 
==12688== 168 bytes in 1 blocks are indirectly lost in loss record 669 of 853
==12688==    at 0x484D953: calloc (in /usr/libexec/valgrind/vgpreload_memcheck-amd64-linux.so)
==12688==    by 0x48E03B: semantic__register_builtins (in /mnt/c/Users/Juan/Documents/GitHub/Mapanare/mapanare/self/mnc-stage1)
==12688== 
==12688== 168 bytes in 1 blocks are indirectly lost in loss record 670 of 853
==12688==    at 0x4846828: malloc (in /usr/libexec/valgrind/vgpreload_memcheck-amd64-linux.so)
==12688==    by 0x48E100: semantic__register_builtins (in /mnt/c/Users/Juan/Documents/GitHub/Mapanare/mapanare/self/mnc-stage1)
==12688== 
==12688== 168 bytes in 1 blocks are indirectly lost in loss record 671 of 853
==12688==    at 0x484D953: calloc (in /usr/libexec/valgrind/vgpreload_memcheck-amd64-linux.so)
==12688==    by 0x48E3F4: semantic__register_builtins (in /mnt/c/Users/Juan/Documents/GitHub/Mapanare/mapanare/self/mnc-stage1)
==12688== 
==12688== 168 bytes in 1 blocks are indirectly lost in loss record 672 of 853
==12688==    at 0x4846828: malloc (in /usr/libexec/valgrind/vgpreload_memcheck-amd64-linux.so)
==12688==    by 0x48E4B9: semantic__register_builtins (in /mnt/c/Users/Juan/Documents/GitHub/Mapanare/mapanare/self/mnc-stage1)
==12688== 
==12688== 168 bytes in 1 blocks are indirectly lost in loss record 673 of 853
==12688==    at 0x484D953: calloc (in /usr/libexec/valgrind/vgpreload_memcheck-amd64-linux.so)
==12688==    by 0x48E7AD: semantic__register_builtins (in /mnt/c/Users/Juan/Documents/GitHub/Mapanare/mapanare/self/mnc-stage1)
==12688== 
==12688== 168 bytes in 1 blocks are indirectly lost in loss record 674 of 853
==12688==    at 0x4846828: malloc (in /usr/libexec/valgrind/vgpreload_memcheck-amd64-linux.so)
==12688==    by 0x48E872: semantic__register_builtins (in /mnt/c/Users/Juan/Documents/GitHub/Mapanare/mapanare/self/mnc-stage1)
==12688== 
==12688== 168 bytes in 1 blocks are indirectly lost in loss record 675 of 853
==12688==    at 0x484D953: calloc (in /usr/libexec/valgrind/vgpreload_memcheck-amd64-linux.so)
==12688==    by 0x48EB66: semantic__register_builtins (in /mnt/c/Users/Juan/Documents/GitHub/Mapanare/mapanare/self/mnc-stage1)
==12688== 
==12688== 168 bytes in 1 blocks are indirectly lost in loss record 676 of 853
==12688==    at 0x4846828: malloc (in /usr/libexec/valgrind/vgpreload_memcheck-amd64-linux.so)
==12688==    by 0x48EC2B: semantic__register_builtins (in /mnt/c/Users/Juan/Documents/GitHub/Mapanare/mapanare/self/mnc-stage1)
==12688== 
==12688== 168 bytes in 1 blocks are indirectly lost in loss record 677 of 853
==12688==    at 0x484D953: calloc (in /usr/libexec/valgrind/vgpreload_memcheck-amd64-linux.so)
==12688==    by 0x48EF1F: semantic__register_builtins (in /mnt/c/Users/Juan/Documents/GitHub/Mapanare/mapanare/self/mnc-stage1)
==12688== 
==12688== 168 bytes in 1 blocks are indirectly lost in loss record 678 of 853
==12688==    at 0x4846828: malloc (in /usr/libexec/valgrind/vgpreload_memcheck-amd64-linux.so)
==12688==    by 0x48EFE4: semantic__register_builtins (in /mnt/c/Users/Juan/Documents/GitHub/Mapanare/mapanare/self/mnc-stage1)
==12688== 
==12688== 168 bytes in 1 blocks are indirectly lost in loss record 679 of 853
==12688==    at 0x484D953: calloc (in /usr/libexec/valgrind/vgpreload_memcheck-amd64-linux.so)
==12688==    by 0x48F2D8: semantic__register_builtins (in /mnt/c/Users/Juan/Documents/GitHub/Mapanare/mapanare/self/mnc-stage1)
==12688== 
==12688== 168 bytes in 1 blocks are indirectly lost in loss record 680 of 853
==12688==    at 0x4846828: malloc (in /usr/libexec/valgrind/vgpreload_memcheck-amd64-linux.so)
==12688==    by 0x48F39D: semantic__register_builtins (in /mnt/c/Users/Juan/Documents/GitHub/Mapanare/mapanare/self/mnc-stage1)
==12688== 
==12688== 168 bytes in 1 blocks are indirectly lost in loss record 681 of 853
==12688==    at 0x484D953: calloc (in /usr/libexec/valgrind/vgpreload_memcheck-amd64-linux.so)
==12688==    by 0x48F691: semantic__register_builtins (in /mnt/c/Users/Juan/Documents/GitHub/Mapanare/mapanare/self/mnc-stage1)
==12688== 
==12688== 168 bytes in 1 blocks are indirectly lost in loss record 682 of 853
==12688==    at 0x4846828: malloc (in /usr/libexec/valgrind/vgpreload_memcheck-amd64-linux.so)
==12688==    by 0x48F756: semantic__register_builtins (in /mnt/c/Users/Juan/Documents/GitHub/Mapanare/mapanare/self/mnc-stage1)
==12688== 
==12688== 168 bytes in 1 blocks are indirectly lost in loss record 683 of 853
==12688==    at 0x484D953: calloc (in /usr/libexec/valgrind/vgpreload_memcheck-amd64-linux.so)
==12688==    by 0x48FA4A: semantic__register_builtins (in /mnt/c/Users/Juan/Documents/GitHub/Mapanare/mapanare/self/mnc-stage1)
==12688== 
==12688== 168 bytes in 1 blocks are indirectly lost in loss record 684 of 853
==12688==    at 0x4846828: malloc (in /usr/libexec/valgrind/vgpreload_memcheck-amd64-linux.so)
==12688==    by 0x48FB0F: semantic__register_builtins (in /mnt/c/Users/Juan/Documents/GitHub/Mapanare/mapanare/self/mnc-stage1)
==12688== 
==12688== 168 bytes in 1 blocks are indirectly lost in loss record 685 of 853
==12688==    at 0x484D953: calloc (in /usr/libexec/valgrind/vgpreload_memcheck-amd64-linux.so)
==12688==    by 0x48FE03: semantic__register_builtins (in /mnt/c/Users/Juan/Documents/GitHub/Mapanare/mapanare/self/mnc-stage1)
==12688== 
==12688== 168 bytes in 1 blocks are indirectly lost in loss record 686 of 853
==12688==    at 0x4846828: malloc (in /usr/libexec/valgrind/vgpreload_memcheck-amd64-linux.so)
==12688==    by 0x48FEC8: semantic__register_builtins (in /mnt/c/Users/Juan/Documents/GitHub/Mapanare/mapanare/self/mnc-stage1)
==12688== 
==12688== 168 bytes in 1 blocks are indirectly lost in loss record 687 of 853
==12688==    at 0x484D953: calloc (in /usr/libexec/valgrind/vgpreload_memcheck-amd64-linux.so)
==12688==    by 0x4901BC: semantic__register_builtins (in /mnt/c/Users/Juan/Documents/GitHub/Mapanare/mapanare/self/mnc-stage1)
==12688== 
==12688== 168 bytes in 1 blocks are indirectly lost in loss record 688 of 853
==12688==    at 0x4846828: malloc (in /usr/libexec/valgrind/vgpreload_memcheck-amd64-linux.so)
==12688==    by 0x490281: semantic__register_builtins (in /mnt/c/Users/Juan/Documents/GitHub/Mapanare/mapanare/self/mnc-stage1)
==12688== 
==12688== 168 bytes in 1 blocks are indirectly lost in loss record 689 of 853
==12688==    at 0x484D953: calloc (in /usr/libexec/valgrind/vgpreload_memcheck-amd64-linux.so)
==12688==    by 0x490575: semantic__register_builtins (in /mnt/c/Users/Juan/Documents/GitHub/Mapanare/mapanare/self/mnc-stage1)
==12688== 
==12688== 168 bytes in 1 blocks are indirectly lost in loss record 690 of 853
==12688==    at 0x4846828: malloc (in /usr/libexec/valgrind/vgpreload_memcheck-amd64-linux.so)
==12688==    by 0x49063A: semantic__register_builtins (in /mnt/c/Users/Juan/Documents/GitHub/Mapanare/mapanare/self/mnc-stage1)
==12688== 
==12688== 168 bytes in 1 blocks are indirectly lost in loss record 691 of 853
==12688==    at 0x484D953: calloc (in /usr/libexec/valgrind/vgpreload_memcheck-amd64-linux.so)
==12688==    by 0x490930: semantic__register_builtins (in /mnt/c/Users/Juan/Documents/GitHub/Mapanare/mapanare/self/mnc-stage1)
==12688== 
==12688== 168 bytes in 1 blocks are indirectly lost in loss record 692 of 853
==12688==    at 0x4846828: malloc (in /usr/libexec/valgrind/vgpreload_memcheck-amd64-linux.so)
==12688==    by 0x4909F5: semantic__register_builtins (in /mnt/c/Users/Juan/Documents/GitHub/Mapanare/mapanare/self/mnc-stage1)
==12688== 
==12688== 168 bytes in 1 blocks are indirectly lost in loss record 693 of 853
==12688==    at 0x484D953: calloc (in /usr/libexec/valgrind/vgpreload_memcheck-amd64-linux.so)
==12688==    by 0x490CED: semantic__register_builtins (in /mnt/c/Users/Juan/Documents/GitHub/Mapanare/mapanare/self/mnc-stage1)
==12688== 
==12688== 168 bytes in 1 blocks are indirectly lost in loss record 694 of 853
==12688==    at 0x4846828: malloc (in /usr/libexec/valgrind/vgpreload_memcheck-amd64-linux.so)
==12688==    by 0x490DB2: semantic__register_builtins (in /mnt/c/Users/Juan/Documents/GitHub/Mapanare/mapanare/self/mnc-stage1)
==12688== 
==12688== 168 bytes in 1 blocks are indirectly lost in loss record 695 of 853
==12688==    at 0x484D953: calloc (in /usr/libexec/valgrind/vgpreload_memcheck-amd64-linux.so)
==12688==    by 0x4910A8: semantic__register_builtins (in /mnt/c/Users/Juan/Documents/GitHub/Mapanare/mapanare/self/mnc-stage1)
==12688== 
==12688== 168 bytes in 1 blocks are indirectly lost in loss record 696 of 853
==12688==    at 0x4846828: malloc (in /usr/libexec/valgrind/vgpreload_memcheck-amd64-linux.so)
==12688==    by 0x49116D: semantic__register_builtins (in /mnt/c/Users/Juan/Documents/GitHub/Mapanare/mapanare/self/mnc-stage1)
==12688== 
==12688== 168 bytes in 1 blocks are indirectly lost in loss record 697 of 853
==12688==    at 0x484D953: calloc (in /usr/libexec/valgrind/vgpreload_memcheck-amd64-linux.so)
==12688==    by 0x491461: semantic__register_builtins (in /mnt/c/Users/Juan/Documents/GitHub/Mapanare/mapanare/self/mnc-stage1)
==12688== 
==12688== 168 bytes in 1 blocks are indirectly lost in loss record 698 of 853
==12688==    at 0x4846828: malloc (in /usr/libexec/valgrind/vgpreload_memcheck-amd64-linux.so)
==12688==    by 0x491526: semantic__register_builtins (in /mnt/c/Users/Juan/Documents/GitHub/Mapanare/mapanare/self/mnc-stage1)
==12688== 
==12688== 168 bytes in 1 blocks are indirectly lost in loss record 699 of 853
==12688==    at 0x484D953: calloc (in /usr/libexec/valgrind/vgpreload_memcheck-amd64-linux.so)
==12688==    by 0x49181A: semantic__register_builtins (in /mnt/c/Users/Juan/Documents/GitHub/Mapanare/mapanare/self/mnc-stage1)
==12688== 
==12688== 168 bytes in 1 blocks are indirectly lost in loss record 700 of 853
==12688==    at 0x4846828: malloc (in /usr/libexec/valgrind/vgpreload_memcheck-amd64-linux.so)
==12688==    by 0x4918DF: semantic__register_builtins (in /mnt/c/Users/Juan/Documents/GitHub/Mapanare/mapanare/self/mnc-stage1)
==12688== 
==12688== 168 bytes in 1 blocks are indirectly lost in loss record 701 of 853
==12688==    at 0x484D953: calloc (in /usr/libexec/valgrind/vgpreload_memcheck-amd64-linux.so)
==12688==    by 0x491BD3: semantic__register_builtins (in /mnt/c/Users/Juan/Documents/GitHub/Mapanare/mapanare/self/mnc-stage1)
==12688== 
==12688== 168 bytes in 1 blocks are indirectly lost in loss record 702 of 853
==12688==    at 0x4846828: malloc (in /usr/libexec/valgrind/vgpreload_memcheck-amd64-linux.so)
==12688==    by 0x491C98: semantic__register_builtins (in /mnt/c/Users/Juan/Documents/GitHub/Mapanare/mapanare/self/mnc-stage1)
==12688== 
==12688== 168 bytes in 1 blocks are indirectly lost in loss record 703 of 853
==12688==    at 0x484D953: calloc (in /usr/libexec/valgrind/vgpreload_memcheck-amd64-linux.so)
==12688==    by 0x491F8C: semantic__register_builtins (in /mnt/c/Users/Juan/Documents/GitHub/Mapanare/mapanare/self/mnc-stage1)
==12688== 
==12688== 168 bytes in 1 blocks are indirectly lost in loss record 704 of 853
==12688==    at 0x4846828: malloc (in /usr/libexec/valgrind/vgpreload_memcheck-amd64-linux.so)
==12688==    by 0x492051: semantic__register_builtins (in /mnt/c/Users/Juan/Documents/GitHub/Mapanare/mapanare/self/mnc-stage1)
==12688== 
==12688== 168 bytes in 1 blocks are indirectly lost in loss record 705 of 853
==12688==    at 0x484D953: calloc (in /usr/libexec/valgrind/vgpreload_memcheck-amd64-linux.so)
==12688==    by 0x492345: semantic__register_builtins (in /mnt/c/Users/Juan/Documents/GitHub/Mapanare/mapanare/self/mnc-stage1)
==12688== 
==12688== 168 bytes in 1 blocks are indirectly lost in loss record 706 of 853
==12688==    at 0x4846828: malloc (in /usr/libexec/valgrind/vgpreload_memcheck-amd64-linux.so)
==12688==    by 0x49240A: semantic__register_builtins (in /mnt/c/Users/Juan/Documents/GitHub/Mapanare/mapanare/self/mnc-stage1)
==12688== 
==12688== 168 bytes in 1 blocks are indirectly lost in loss record 707 of 853
==12688==    at 0x484D953: calloc (in /usr/libexec/valgrind/vgpreload_memcheck-amd64-linux.so)
==12688==    by 0x4926FE: semantic__register_builtins (in /mnt/c/Users/Juan/Documents/GitHub/Mapanare/mapanare/self/mnc-stage1)
==12688== 
==12688== 168 bytes in 1 blocks are indirectly lost in loss record 708 of 853
==12688==    at 0x4846828: malloc (in /usr/libexec/valgrind/vgpreload_memcheck-amd64-linux.so)
==12688==    by 0x4927C3: semantic__register_builtins (in /mnt/c/Users/Juan/Documents/GitHub/Mapanare/mapanare/self/mnc-stage1)
==12688== 
==12688== 168 bytes in 1 blocks are indirectly lost in loss record 709 of 853
==12688==    at 0x484D953: calloc (in /usr/libexec/valgrind/vgpreload_memcheck-amd64-linux.so)
==12688==    by 0x492AB9: semantic__register_builtins (in /mnt/c/Users/Juan/Documents/GitHub/Mapanare/mapanare/self/mnc-stage1)
==12688== 
==12688== 168 bytes in 1 blocks are indirectly lost in loss record 710 of 853
==12688==    at 0x4846828: malloc (in /usr/libexec/valgrind/vgpreload_memcheck-amd64-linux.so)
==12688==    by 0x492B7E: semantic__register_builtins (in /mnt/c/Users/Juan/Documents/GitHub/Mapanare/mapanare/self/mnc-stage1)
==12688== 
==12688== 168 bytes in 1 blocks are indirectly lost in loss record 711 of 853
==12688==    at 0x484D953: calloc (in /usr/libexec/valgrind/vgpreload_memcheck-amd64-linux.so)
==12688==    by 0x492E74: semantic__register_builtins (in /mnt/c/Users/Juan/Documents/GitHub/Mapanare/mapanare/self/mnc-stage1)
==12688== 
==12688== 168 bytes in 1 blocks are indirectly lost in loss record 712 of 853
==12688==    at 0x4846828: malloc (in /usr/libexec/valgrind/vgpreload_memcheck-amd64-linux.so)
==12688==    by 0x492F39: semantic__register_builtins (in /mnt/c/Users/Juan/Documents/GitHub/Mapanare/mapanare/self/mnc-stage1)
==12688== 
==12688== 168 bytes in 1 blocks are indirectly lost in loss record 713 of 853
==12688==    at 0x484D953: calloc (in /usr/libexec/valgrind/vgpreload_memcheck-amd64-linux.so)
==12688==    by 0x49322F: semantic__register_builtins (in /mnt/c/Users/Juan/Documents/GitHub/Mapanare/mapanare/self/mnc-stage1)
==12688== 
==12688== 168 bytes in 1 blocks are indirectly lost in loss record 714 of 853
==12688==    at 0x4846828: malloc (in /usr/libexec/valgrind/vgpreload_memcheck-amd64-linux.so)
==12688==    by 0x4932F4: semantic__register_builtins (in /mnt/c/Users/Juan/Documents/GitHub/Mapanare/mapanare/self/mnc-stage1)
==12688== 
==12688== 168 bytes in 1 blocks are indirectly lost in loss record 715 of 853
==12688==    at 0x484D953: calloc (in /usr/libexec/valgrind/vgpreload_memcheck-amd64-linux.so)
==12688==    by 0x4935EA: semantic__register_builtins (in /mnt/c/Users/Juan/Documents/GitHub/Mapanare/mapanare/self/mnc-stage1)
==12688== 
==12688== 168 bytes in 1 blocks are indirectly lost in loss record 716 of 853
==12688==    at 0x4846828: malloc (in /usr/libexec/valgrind/vgpreload_memcheck-amd64-linux.so)
==12688==    by 0x4936AF: semantic__register_builtins (in /mnt/c/Users/Juan/Documents/GitHub/Mapanare/mapanare/self/mnc-stage1)
==12688== 
==12688== 168 bytes in 1 blocks are indirectly lost in loss record 717 of 853
==12688==    at 0x484D953: calloc (in /usr/libexec/valgrind/vgpreload_memcheck-amd64-linux.so)
==12688==    by 0x4939A5: semantic__register_builtins (in /mnt/c/Users/Juan/Documents/GitHub/Mapanare/mapanare/self/mnc-stage1)
==12688== 
==12688== 168 bytes in 1 blocks are indirectly lost in loss record 718 of 853
==12688==    at 0x4846828: malloc (in /usr/libexec/valgrind/vgpreload_memcheck-amd64-linux.so)
==12688==    by 0x493A6A: semantic__register_builtins (in /mnt/c/Users/Juan/Documents/GitHub/Mapanare/mapanare/self/mnc-stage1)
==12688== 
==12688== 168 bytes in 1 blocks are indirectly lost in loss record 719 of 853
==12688==    at 0x484D953: calloc (in /usr/libexec/valgrind/vgpreload_memcheck-amd64-linux.so)
==12688==    by 0x493D62: semantic__register_builtins (in /mnt/c/Users/Juan/Documents/GitHub/Mapanare/mapanare/self/mnc-stage1)
==12688== 
==12688== 168 bytes in 1 blocks are indirectly lost in loss record 720 of 853
==12688==    at 0x4846828: malloc (in /usr/libexec/valgrind/vgpreload_memcheck-amd64-linux.so)
==12688==    by 0x493E27: semantic__register_builtins (in /mnt/c/Users/Juan/Documents/GitHub/Mapanare/mapanare/self/mnc-stage1)
==12688== 
==12688== 168 bytes in 1 blocks are indirectly lost in loss record 721 of 853
==12688==    at 0x484D953: calloc (in /usr/libexec/valgrind/vgpreload_memcheck-amd64-linux.so)
==12688==    by 0x49411F: semantic__register_builtins (in /mnt/c/Users/Juan/Documents/GitHub/Mapanare/mapanare/self/mnc-stage1)
==12688== 
==12688== 168 bytes in 1 blocks are indirectly lost in loss record 722 of 853
==12688==    at 0x4846828: malloc (in /usr/libexec/valgrind/vgpreload_memcheck-amd64-linux.so)
==12688==    by 0x4941E4: semantic__register_builtins (in /mnt/c/Users/Juan/Documents/GitHub/Mapanare/mapanare/self/mnc-stage1)
==12688== 
==12688== 168 bytes in 1 blocks are indirectly lost in loss record 723 of 853
==12688==    at 0x484D953: calloc (in /usr/libexec/valgrind/vgpreload_memcheck-amd64-linux.so)
==12688==    by 0x4944DC: semantic__register_builtins (in /mnt/c/Users/Juan/Documents/GitHub/Mapanare/mapanare/self/mnc-stage1)
==12688== 
==12688== 168 bytes in 1 blocks are indirectly lost in loss record 724 of 853
==12688==    at 0x4846828: malloc (in /usr/libexec/valgrind/vgpreload_memcheck-amd64-linux.so)
==12688==    by 0x4945A1: semantic__register_builtins (in /mnt/c/Users/Juan/Documents/GitHub/Mapanare/mapanare/self/mnc-stage1)
==12688== 
==12688== 168 bytes in 1 blocks are indirectly lost in loss record 725 of 853
==12688==    at 0x484D953: calloc (in /usr/libexec/valgrind/vgpreload_memcheck-amd64-linux.so)
==12688==    by 0x494899: semantic__register_builtins (in /mnt/c/Users/Juan/Documents/GitHub/Mapanare/mapanare/self/mnc-stage1)
==12688== 
==12688== 168 bytes in 1 blocks are indirectly lost in loss record 726 of 853
==12688==    at 0x4846828: malloc (in /usr/libexec/valgrind/vgpreload_memcheck-amd64-linux.so)
==12688==    by 0x49495E: semantic__register_builtins (in /mnt/c/Users/Juan/Documents/GitHub/Mapanare/mapanare/self/mnc-stage1)
==12688== 
==12688== 168 bytes in 1 blocks are indirectly lost in loss record 727 of 853
==12688==    at 0x484D953: calloc (in /usr/libexec/valgrind/vgpreload_memcheck-amd64-linux.so)
==12688==    by 0x494C56: semantic__register_builtins (in /mnt/c/Users/Juan/Documents/GitHub/Mapanare/mapanare/self/mnc-stage1)
==12688== 
==12688== 168 bytes in 1 blocks are indirectly lost in loss record 728 of 853
==12688==    at 0x4846828: malloc (in /usr/libexec/valgrind/vgpreload_memcheck-amd64-linux.so)
==12688==    by 0x494D1B: semantic__register_builtins (in /mnt/c/Users/Juan/Documents/GitHub/Mapanare/mapanare/self/mnc-stage1)
==12688== 
==12688== 168 bytes in 1 blocks are indirectly lost in loss record 729 of 853
==12688==    at 0x484D953: calloc (in /usr/libexec/valgrind/vgpreload_memcheck-amd64-linux.so)
==12688==    by 0x495013: semantic__register_builtins (in /mnt/c/Users/Juan/Documents/GitHub/Mapanare/mapanare/self/mnc-stage1)
==12688== 
==12688== 168 bytes in 1 blocks are indirectly lost in loss record 730 of 853
==12688==    at 0x4846828: malloc (in /usr/libexec/valgrind/vgpreload_memcheck-amd64-linux.so)
==12688==    by 0x4950D8: semantic__register_builtins (in /mnt/c/Users/Juan/Documents/GitHub/Mapanare/mapanare/self/mnc-stage1)
==12688== 
==12688== 168 bytes in 1 blocks are indirectly lost in loss record 731 of 853
==12688==    at 0x484D953: calloc (in /usr/libexec/valgrind/vgpreload_memcheck-amd64-linux.so)
==12688==    by 0x4953D0: semantic__register_builtins (in /mnt/c/Users/Juan/Documents/GitHub/Mapanare/mapanare/self/mnc-stage1)
==12688== 
==12688== 168 bytes in 1 blocks are indirectly lost in loss record 732 of 853
==12688==    at 0x4846828: malloc (in /usr/libexec/valgrind/vgpreload_memcheck-amd64-linux.so)
==12688==    by 0x495495: semantic__register_builtins (in /mnt/c/Users/Juan/Documents/GitHub/Mapanare/mapanare/self/mnc-stage1)
==12688== 
==12688== 168 bytes in 1 blocks are indirectly lost in loss record 733 of 853
==12688==    at 0x484D953: calloc (in /usr/libexec/valgrind/vgpreload_memcheck-amd64-linux.so)
==12688==    by 0x49578B: semantic__register_builtins (in /mnt/c/Users/Juan/Documents/GitHub/Mapanare/mapanare/self/mnc-stage1)
==12688== 
==12688== 168 bytes in 1 blocks are indirectly lost in loss record 734 of 853
==12688==    at 0x4846828: malloc (in /usr/libexec/valgrind/vgpreload_memcheck-amd64-linux.so)
==12688==    by 0x495850: semantic__register_builtins (in /mnt/c/Users/Juan/Documents/GitHub/Mapanare/mapanare/self/mnc-stage1)
==12688== 
==12688== 168 bytes in 1 blocks are indirectly lost in loss record 735 of 853
==12688==    at 0x484D953: calloc (in /usr/libexec/valgrind/vgpreload_memcheck-amd64-linux.so)
==12688==    by 0x495B46: semantic__register_builtins (in /mnt/c/Users/Juan/Documents/GitHub/Mapanare/mapanare/self/mnc-stage1)
==12688== 
==12688== 168 bytes in 1 blocks are indirectly lost in loss record 736 of 853
==12688==    at 0x4846828: malloc (in /usr/libexec/valgrind/vgpreload_memcheck-amd64-linux.so)
==12688==    by 0x495C0B: semantic__register_builtins (in /mnt/c/Users/Juan/Documents/GitHub/Mapanare/mapanare/self/mnc-stage1)
==12688== 
==12688== 168 bytes in 1 blocks are indirectly lost in loss record 737 of 853
==12688==    at 0x484D953: calloc (in /usr/libexec/valgrind/vgpreload_memcheck-amd64-linux.so)
==12688==    by 0x495F01: semantic__register_builtins (in /mnt/c/Users/Juan/Documents/GitHub/Mapanare/mapanare/self/mnc-stage1)
==12688== 
==12688== 168 bytes in 1 blocks are indirectly lost in loss record 738 of 853
==12688==    at 0x4846828: malloc (in /usr/libexec/valgrind/vgpreload_memcheck-amd64-linux.so)
==12688==    by 0x495FC6: semantic__register_builtins (in /mnt/c/Users/Juan/Documents/GitHub/Mapanare/mapanare/self/mnc-stage1)
==12688== 
==12688== 168 bytes in 1 blocks are indirectly lost in loss record 739 of 853
==12688==    at 0x484D953: calloc (in /usr/libexec/valgrind/vgpreload_memcheck-amd64-linux.so)
==12688==    by 0x4962BA: semantic__register_builtins (in /mnt/c/Users/Juan/Documents/GitHub/Mapanare/mapanare/self/mnc-stage1)
==12688== 
==12688== 168 bytes in 1 blocks are indirectly lost in loss record 740 of 853
==12688==    at 0x4846828: malloc (in /usr/libexec/valgrind/vgpreload_memcheck-amd64-linux.so)
==12688==    by 0x49637F: semantic__register_builtins (in /mnt/c/Users/Juan/Documents/GitHub/Mapanare/mapanare/self/mnc-stage1)
==12688== 
==12688== 168 bytes in 1 blocks are indirectly lost in loss record 741 of 853
==12688==    at 0x484D953: calloc (in /usr/libexec/valgrind/vgpreload_memcheck-amd64-linux.so)
==12688==    by 0x496673: semantic__register_builtins (in /mnt/c/Users/Juan/Documents/GitHub/Mapanare/mapanare/self/mnc-stage1)
==12688== 
==12688== 168 bytes in 1 blocks are indirectly lost in loss record 742 of 853
==12688==    at 0x4846828: malloc (in /usr/libexec/valgrind/vgpreload_memcheck-amd64-linux.so)
==12688==    by 0x496738: semantic__register_builtins (in /mnt/c/Users/Juan/Documents/GitHub/Mapanare/mapanare/self/mnc-stage1)
==12688== 
==12688== 168 bytes in 1 blocks are indirectly lost in loss record 743 of 853
==12688==    at 0x484D953: calloc (in /usr/libexec/valgrind/vgpreload_memcheck-amd64-linux.so)
==12688==    by 0x496A2C: semantic__register_builtins (in /mnt/c/Users/Juan/Documents/GitHub/Mapanare/mapanare/self/mnc-stage1)
==12688== 
==12688== 168 bytes in 1 blocks are indirectly lost in loss record 744 of 853
==12688==    at 0x4846828: malloc (in /usr/libexec/valgrind/vgpreload_memcheck-amd64-linux.so)
==12688==    by 0x496AF1: semantic__register_builtins (in /mnt/c/Users/Juan/Documents/GitHub/Mapanare/mapanare/self/mnc-stage1)
==12688== 
==12688== 168 bytes in 1 blocks are indirectly lost in loss record 745 of 853
==12688==    at 0x484D953: calloc (in /usr/libexec/valgrind/vgpreload_memcheck-amd64-linux.so)
==12688==    by 0x496DE5: semantic__register_builtins (in /mnt/c/Users/Juan/Documents/GitHub/Mapanare/mapanare/self/mnc-stage1)
==12688== 
==12688== 168 bytes in 1 blocks are indirectly lost in loss record 746 of 853
==12688==    at 0x4846828: malloc (in /usr/libexec/valgrind/vgpreload_memcheck-amd64-linux.so)
==12688==    by 0x496EAA: semantic__register_builtins (in /mnt/c/Users/Juan/Documents/GitHub/Mapanare/mapanare/self/mnc-stage1)
==12688== 
==12688== 168 bytes in 1 blocks are indirectly lost in loss record 747 of 853
==12688==    at 0x484D953: calloc (in /usr/libexec/valgrind/vgpreload_memcheck-amd64-linux.so)
==12688==    by 0x49719E: semantic__register_builtins (in /mnt/c/Users/Juan/Documents/GitHub/Mapanare/mapanare/self/mnc-stage1)
==12688== 
==12688== 168 bytes in 1 blocks are indirectly lost in loss record 748 of 853
==12688==    at 0x4846828: malloc (in /usr/libexec/valgrind/vgpreload_memcheck-amd64-linux.so)
==12688==    by 0x497263: semantic__register_builtins (in /mnt/c/Users/Juan/Documents/GitHub/Mapanare/mapanare/self/mnc-stage1)
==12688== 
==12688== 168 bytes in 1 blocks are indirectly lost in loss record 749 of 853
==12688==    at 0x484D953: calloc (in /usr/libexec/valgrind/vgpreload_memcheck-amd64-linux.so)
==12688==    by 0x497557: semantic__register_builtins (in /mnt/c/Users/Juan/Documents/GitHub/Mapanare/mapanare/self/mnc-stage1)
==12688== 
==12688== 168 bytes in 1 blocks are indirectly lost in loss record 750 of 853
==12688==    at 0x4846828: malloc (in /usr/libexec/valgrind/vgpreload_memcheck-amd64-linux.so)
==12688==    by 0x49761C: semantic__register_builtins (in /mnt/c/Users/Juan/Documents/GitHub/Mapanare/mapanare/self/mnc-stage1)
==12688== 
==12688== 168 bytes in 1 blocks are indirectly lost in loss record 751 of 853
==12688==    at 0x484D953: calloc (in /usr/libexec/valgrind/vgpreload_memcheck-amd64-linux.so)
==12688==    by 0x497911: semantic__register_builtins (in /mnt/c/Users/Juan/Documents/GitHub/Mapanare/mapanare/self/mnc-stage1)
==12688== 
==12688== 168 bytes in 1 blocks are indirectly lost in loss record 752 of 853
==12688==    at 0x4846828: malloc (in /usr/libexec/valgrind/vgpreload_memcheck-amd64-linux.so)
==12688==    by 0x4979D6: semantic__register_builtins (in /mnt/c/Users/Juan/Documents/GitHub/Mapanare/mapanare/self/mnc-stage1)
==12688== 
==12688== 168 bytes in 1 blocks are indirectly lost in loss record 753 of 853
==12688==    at 0x484D953: calloc (in /usr/libexec/valgrind/vgpreload_memcheck-amd64-linux.so)
==12688==    by 0x497CCC: semantic__register_builtins (in /mnt/c/Users/Juan/Documents/GitHub/Mapanare/mapanare/self/mnc-stage1)
==12688== 
==12688== 168 bytes in 1 blocks are indirectly lost in loss record 754 of 853
==12688==    at 0x4846828: malloc (in /usr/libexec/valgrind/vgpreload_memcheck-amd64-linux.so)
==12688==    by 0x497D91: semantic__register_builtins (in /mnt/c/Users/Juan/Documents/GitHub/Mapanare/mapanare/self/mnc-stage1)
==12688== 
==12688== 168 bytes in 1 blocks are indirectly lost in loss record 755 of 853
==12688==    at 0x484D953: calloc (in /usr/libexec/valgrind/vgpreload_memcheck-amd64-linux.so)
==12688==    by 0x4378D9: semantic__make_type (in /mnt/c/Users/Juan/Documents/GitHub/Mapanare/mapanare/self/mnc-stage1)
==12688== 
==12688== 168 bytes in 1 blocks are indirectly lost in loss record 756 of 853
==12688==    at 0x484D953: calloc (in /usr/libexec/valgrind/vgpreload_memcheck-amd64-linux.so)
==12688==    by 0x47A252: semantic__register_def (in /mnt/c/Users/Juan/Documents/GitHub/Mapanare/mapanare/self/mnc-stage1)
==12688==    by 0x6A93B5F: ???
==12688==    by 0x3C: ???
==12688==    by 0x3F: ???
==12688==    by 0x74FD9F: ??? (in /mnt/c/Users/Juan/Documents/GitHub/Mapanare/mapanare/self/mnc-stage1)
==12688== 
==12688== 168 bytes in 1 blocks are indirectly lost in loss record 757 of 853
==12688==    at 0x4846828: malloc (in /usr/libexec/valgrind/vgpreload_memcheck-amd64-linux.so)
==12688==    by 0x47A2E3: semantic__register_def (in /mnt/c/Users/Juan/Documents/GitHub/Mapanare/mapanare/self/mnc-stage1)
==12688==    by 0x6A93B5F: ???
==12688==    by 0x3C: ???
==12688==    by 0x3F: ???
==12688==    by 0x74FD9F: ??? (in /mnt/c/Users/Juan/Documents/GitHub/Mapanare/mapanare/self/mnc-stage1)
==12688== 
==12688== 168 bytes in 1 blocks are indirectly lost in loss record 758 of 853
==12688==    at 0x484D953: calloc (in /usr/libexec/valgrind/vgpreload_memcheck-amd64-linux.so)
==12688==    by 0x47A252: semantic__register_def (in /mnt/c/Users/Juan/Documents/GitHub/Mapanare/mapanare/self/mnc-stage1)
==12688==    by 0x6A93B5F: ???
==12688==    by 0x3D: ???
==12688==    by 0x3F: ???
==12688==    by 0x74FD9F: ??? (in /mnt/c/Users/Juan/Documents/GitHub/Mapanare/mapanare/self/mnc-stage1)
==12688== 
==12688== 168 bytes in 1 blocks are indirectly lost in loss record 759 of 853
==12688==    at 0x4846828: malloc (in /usr/libexec/valgrind/vgpreload_memcheck-amd64-linux.so)
==12688==    by 0x47A2E3: semantic__register_def (in /mnt/c/Users/Juan/Documents/GitHub/Mapanare/mapanare/self/mnc-stage1)
==12688==    by 0x6A93B5F: ???
==12688==    by 0x3D: ???
==12688==    by 0x3F: ???
==12688==    by 0x74FD9F: ??? (in /mnt/c/Users/Juan/Documents/GitHub/Mapanare/mapanare/self/mnc-stage1)
==12688== 
==12688== 168 bytes in 1 blocks are indirectly lost in loss record 760 of 853
==12688==    at 0x484D953: calloc (in /usr/libexec/valgrind/vgpreload_memcheck-amd64-linux.so)
==12688==    by 0x47A252: semantic__register_def (in /mnt/c/Users/Juan/Documents/GitHub/Mapanare/mapanare/self/mnc-stage1)
==12688==    by 0x6A93B5F: ???
==12688==    by 0x3E: ???
==12688==    by 0x3F: ???
==12688==    by 0x74FD9F: ??? (in /mnt/c/Users/Juan/Documents/GitHub/Mapanare/mapanare/self/mnc-stage1)
==12688== 
==12688== 168 bytes in 1 blocks are indirectly lost in loss record 761 of 853
==12688==    at 0x4846828: malloc (in /usr/libexec/valgrind/vgpreload_memcheck-amd64-linux.so)
==12688==    by 0x47A2E3: semantic__register_def (in /mnt/c/Users/Juan/Documents/GitHub/Mapanare/mapanare/self/mnc-stage1)
==12688==    by 0x6A93B5F: ???
==12688==    by 0x3E: ???
==12688==    by 0x3F: ???
==12688==    by 0x74FD9F: ??? (in /mnt/c/Users/Juan/Documents/GitHub/Mapanare/mapanare/self/mnc-stage1)
==12688== 
==12688== 168 bytes in 1 blocks are indirectly lost in loss record 762 of 853
==12688==    at 0x484D953: calloc (in /usr/libexec/valgrind/vgpreload_memcheck-amd64-linux.so)
==12688==    by 0x43B12D: semantic__resolve_type_opt (in /mnt/c/Users/Juan/Documents/GitHub/Mapanare/mapanare/self/mnc-stage1)
==12688==    by 0x6A7B97F: ???
==12688== 
==12688== 168 bytes in 1 blocks are indirectly lost in loss record 763 of 853
==12688==    at 0x484D953: calloc (in /usr/libexec/valgrind/vgpreload_memcheck-amd64-linux.so)
==12688==    by 0x464958: semantic__bind_pattern (in /mnt/c/Users/Juan/Documents/GitHub/Mapanare/mapanare/self/mnc-stage1)
==12688== 
==12688== 168 bytes in 1 blocks are indirectly lost in loss record 764 of 853
==12688==    at 0x484D953: calloc (in /usr/libexec/valgrind/vgpreload_memcheck-amd64-linux.so)
==12688==    by 0x464958: semantic__bind_pattern (in /mnt/c/Users/Juan/Documents/GitHub/Mapanare/mapanare/self/mnc-stage1)
==12688==    by 0x7: ???
==12688==    by 0xF: ???
==12688==    by 0x6A7DCCF: ???
==12688== 
==12688== 168 bytes in 1 blocks are indirectly lost in loss record 765 of 853
==12688==    at 0x484D953: calloc (in /usr/libexec/valgrind/vgpreload_memcheck-amd64-linux.so)
==12688==    by 0x464958: semantic__bind_pattern (in /mnt/c/Users/Juan/Documents/GitHub/Mapanare/mapanare/self/mnc-stage1)
==12688==    by 0x7: ???
==12688==    by 0xF: ???
==12688==    by 0x6A8016F: ???
==12688== 
==12688== 168 bytes in 1 blocks are definitely lost in loss record 766 of 853
==12688==    at 0x484D953: calloc (in /usr/libexec/valgrind/vgpreload_memcheck-amd64-linux.so)
==12688==    by 0x415BCF: compile (in /mnt/c/Users/Juan/Documents/GitHub/Mapanare/mapanare/self/mnc-stage1)
==12688== 
==12688== 168 bytes in 1 blocks are definitely lost in loss record 767 of 853
==12688==    at 0x484D953: calloc (in /usr/libexec/valgrind/vgpreload_memcheck-amd64-linux.so)
==12688==    by 0x462F78: semantic__check_match_expr (in /mnt/c/Users/Juan/Documents/GitHub/Mapanare/mapanare/self/mnc-stage1)
==12688== 
==12688== 168 bytes in 1 blocks are definitely lost in loss record 768 of 853
==12688==    at 0x484D953: calloc (in /usr/libexec/valgrind/vgpreload_memcheck-amd64-linux.so)
==12688==    by 0x43B12D: semantic__resolve_type_opt (in /mnt/c/Users/Juan/Documents/GitHub/Mapanare/mapanare/self/mnc-stage1)
==12688== 
==12688== 168 bytes in 3 blocks are definitely lost in loss record 769 of 853
==12688==    at 0x4846828: malloc (in /usr/libexec/valgrind/vgpreload_memcheck-amd64-linux.so)
==12688==    by 0x464AAC: semantic__bind_pattern (in /mnt/c/Users/Juan/Documents/GitHub/Mapanare/mapanare/self/mnc-stage1)
==12688== 
==12688== 170 bytes in 2 blocks are indirectly lost in loss record 770 of 853
==12688==    at 0x484D953: calloc (in /usr/libexec/valgrind/vgpreload_memcheck-amd64-linux.so)
==12688==    by 0x739049: __mn_alloc (in /mnt/c/Users/Juan/Documents/GitHub/Mapanare/mapanare/self/mnc-stage1)
==12688==    by 0x739C2E: __mn_str_concat (in /mnt/c/Users/Juan/Documents/GitHub/Mapanare/mapanare/self/mnc-stage1)
==12688==    by 0x68DA16: emit_llvm__declare_runtime_fn (in /mnt/c/Users/Juan/Documents/GitHub/Mapanare/mapanare/self/mnc-stage1)
==12688==    by 0x1: ???
==12688==    by 0x6AB8C2F: ???
==12688==    by 0xF: ???
==12688== 
==12688== 172 bytes in 3 blocks are indirectly lost in loss record 771 of 853
==12688==    at 0x484D953: calloc (in /usr/libexec/valgrind/vgpreload_memcheck-amd64-linux.so)
==12688==    by 0x739049: __mn_alloc (in /mnt/c/Users/Juan/Documents/GitHub/Mapanare/mapanare/self/mnc-stage1)
==12688==    by 0x739C2E: __mn_str_concat (in /mnt/c/Users/Juan/Documents/GitHub/Mapanare/mapanare/self/mnc-stage1)
==12688==    by 0x68DA16: emit_llvm__declare_runtime_fn (in /mnt/c/Users/Juan/Documents/GitHub/Mapanare/mapanare/self/mnc-stage1)
==12688==    by 0x3: ???
==12688==    by 0x6AB8C2F: ???
==12688==    by 0xF: ???
==12688== 
==12688== 176 bytes in 11 blocks are definitely lost in loss record 772 of 853
==12688==    at 0x4846828: malloc (in /usr/libexec/valgrind/vgpreload_memcheck-amd64-linux.so)
==12688==    by 0x73DDF9: __mn_range (in /mnt/c/Users/Juan/Documents/GitHub/Mapanare/mapanare/self/mnc-stage1)
==12688==    by 0x42FA6B: parser__parse_expr (in /mnt/c/Users/Juan/Documents/GitHub/Mapanare/mapanare/self/mnc-stage1)
==12688== 
==12688== 187 bytes in 3 blocks are indirectly lost in loss record 773 of 853
==12688==    at 0x484D953: calloc (in /usr/libexec/valgrind/vgpreload_memcheck-amd64-linux.so)
==12688==    by 0x739049: __mn_alloc (in /mnt/c/Users/Juan/Documents/GitHub/Mapanare/mapanare/self/mnc-stage1)
==12688==    by 0x739C2E: __mn_str_concat (in /mnt/c/Users/Juan/Documents/GitHub/Mapanare/mapanare/self/mnc-stage1)
==12688==    by 0x68DA16: emit_llvm__declare_runtime_fn (in /mnt/c/Users/Juan/Documents/GitHub/Mapanare/mapanare/self/mnc-stage1)
==12688==    by 0x3: ???
==12688==    by 0x6AC351F: ???
==12688==    by 0xF: ???
==12688== 
==12688== 192 bytes in 4 blocks are indirectly lost in loss record 774 of 853
==12688==    at 0x4846828: malloc (in /usr/libexec/valgrind/vgpreload_memcheck-amd64-linux.so)
==12688==    by 0x431074: parser__parse_call_args (in /mnt/c/Users/Juan/Documents/GitHub/Mapanare/mapanare/self/mnc-stage1)
==12688==    by 0x6A84C7F: ???
==12688==    by 0x4B: ???
==12688==    by 0x7F: ???
==12688==    by 0x3F: ???
==12688== 
==12688== 193 bytes in 4 blocks are indirectly lost in loss record 775 of 853
==12688==    at 0x484D953: calloc (in /usr/libexec/valgrind/vgpreload_memcheck-amd64-linux.so)
==12688==    by 0x739049: __mn_alloc (in /mnt/c/Users/Juan/Documents/GitHub/Mapanare/mapanare/self/mnc-stage1)
==12688==    by 0x739C2E: __mn_str_concat (in /mnt/c/Users/Juan/Documents/GitHub/Mapanare/mapanare/self/mnc-stage1)
==12688==    by 0x6D6CEA: emit_llvm__emit_load (in /mnt/c/Users/Juan/Documents/GitHub/Mapanare/mapanare/self/mnc-stage1)
==12688== 
==12688== 216 bytes in 3 blocks are indirectly lost in loss record 776 of 853
==12688==    at 0x4846828: malloc (in /usr/libexec/valgrind/vgpreload_memcheck-amd64-linux.so)
==12688==    by 0x4340D7: parser__parse_match_arm_item (in /mnt/c/Users/Juan/Documents/GitHub/Mapanare/mapanare/self/mnc-stage1)
==12688==    by 0x6A84C7F: ???
==12688==    by 0x6A84C7F: ???
==12688==    by 0x4B: ???
==12688==    by 0x7F: ???
==12688==    by 0x3F: ???
==12688== 
==12688== 220 (144 direct, 76 indirect) bytes in 1 blocks are definitely lost in loss record 777 of 853
==12688==    at 0x484D953: calloc (in /usr/libexec/valgrind/vgpreload_memcheck-amd64-linux.so)
==12688==    by 0x739049: __mn_alloc (in /mnt/c/Users/Juan/Documents/GitHub/Mapanare/mapanare/self/mnc-stage1)
==12688==    by 0x73AD5A: __mn_list_push (in /mnt/c/Users/Juan/Documents/GitHub/Mapanare/mapanare/self/mnc-stage1)
==12688==    by 0x414DD2: resolve_imports (in /mnt/c/Users/Juan/Documents/GitHub/Mapanare/mapanare/self/mnc-stage1)
==12688==    by 0x6A73667: ???
==12688==    by 0x4B: ???
==12688== 
==12688== 250 bytes in 3 blocks are indirectly lost in loss record 778 of 853
==12688==    at 0x484D953: calloc (in /usr/libexec/valgrind/vgpreload_memcheck-amd64-linux.so)
==12688==    by 0x739049: __mn_alloc (in /mnt/c/Users/Juan/Documents/GitHub/Mapanare/mapanare/self/mnc-stage1)
==12688==    by 0x739C2E: __mn_str_concat (in /mnt/c/Users/Juan/Documents/GitHub/Mapanare/mapanare/self/mnc-stage1)
==12688==    by 0x68DA16: emit_llvm__declare_runtime_fn (in /mnt/c/Users/Juan/Documents/GitHub/Mapanare/mapanare/self/mnc-stage1)
==12688==    by 0x18: ???
==12688==    by 0x6ABC59F: ???
==12688==    by 0xF: ???
==12688== 
==12688== 264 bytes in 3 blocks are indirectly lost in loss record 779 of 853
==12688==    at 0x4846828: malloc (in /usr/libexec/valgrind/vgpreload_memcheck-amd64-linux.so)
==12688==    by 0x4F14D7: lower__lower_return (in /mnt/c/Users/Juan/Documents/GitHub/Mapanare/mapanare/self/mnc-stage1)
==12688== 
==12688== 272 bytes in 1 blocks are indirectly lost in loss record 780 of 853
==12688==    at 0x484D953: calloc (in /usr/libexec/valgrind/vgpreload_memcheck-amd64-linux.so)
==12688==    by 0x739049: __mn_alloc (in /mnt/c/Users/Juan/Documents/GitHub/Mapanare/mapanare/self/mnc-stage1)
==12688==    by 0x73AD5A: __mn_list_push (in /mnt/c/Users/Juan/Documents/GitHub/Mapanare/mapanare/self/mnc-stage1)
==12688==    by 0x6512C9: lower__build_match_arms (in /mnt/c/Users/Juan/Documents/GitHub/Mapanare/mapanare/self/mnc-stage1)
==12688==    by 0xFFFFFFFFFFFFFF: ???
==12688==    by 0x800000000000000B: ???
==12688==    by 0x8000000000000009: ???
==12688==    by 0x6AA814F: ???
==12688==    by 0x6AA81EF: ???
==12688== 
==12688== 272 bytes in 1 blocks are indirectly lost in loss record 781 of 853
==12688==    at 0x484D953: calloc (in /usr/libexec/valgrind/vgpreload_memcheck-amd64-linux.so)
==12688==    by 0x739049: __mn_alloc (in /mnt/c/Users/Juan/Documents/GitHub/Mapanare/mapanare/self/mnc-stage1)
==12688==    by 0x73AE1F: __mn_list_push (in /mnt/c/Users/Juan/Documents/GitHub/Mapanare/mapanare/self/mnc-stage1)
==12688==    by 0x49D84D: lower_state__emit_instr (in /mnt/c/Users/Juan/Documents/GitHub/Mapanare/mapanare/self/mnc-stage1)
==12688==    by 0x7: ???
==12688==    by 0x37: ???
==12688== 
==12688== 272 bytes in 1 blocks are indirectly lost in loss record 782 of 853
==12688==    at 0x484D953: calloc (in /usr/libexec/valgrind/vgpreload_memcheck-amd64-linux.so)
==12688==    by 0x739049: __mn_alloc (in /mnt/c/Users/Juan/Documents/GitHub/Mapanare/mapanare/self/mnc-stage1)
==12688==    by 0x73AE1F: __mn_list_push (in /mnt/c/Users/Juan/Documents/GitHub/Mapanare/mapanare/self/mnc-stage1)
==12688==    by 0x6899B0: emit_llvm__build_internal_struct_list (in /mnt/c/Users/Juan/Documents/GitHub/Mapanare/mapanare/self/mnc-stage1)
==12688==    by 0xF: ???
==12688== 
==12688== 272 bytes in 1 blocks are indirectly lost in loss record 783 of 853
==12688==    at 0x484D953: calloc (in /usr/libexec/valgrind/vgpreload_memcheck-amd64-linux.so)
==12688==    by 0x739049: __mn_alloc (in /mnt/c/Users/Juan/Documents/GitHub/Mapanare/mapanare/self/mnc-stage1)
==12688==    by 0x73AE1F: __mn_list_push (in /mnt/c/Users/Juan/Documents/GitHub/Mapanare/mapanare/self/mnc-stage1)
==12688==    by 0x68A061: emit_llvm__build_internal_struct_list (in /mnt/c/Users/Juan/Documents/GitHub/Mapanare/mapanare/self/mnc-stage1)
==12688==    by 0xF: ???
==12688== 
==12688== 272 bytes in 2 blocks are indirectly lost in loss record 784 of 853
==12688==    at 0x4846828: malloc (in /usr/libexec/valgrind/vgpreload_memcheck-amd64-linux.so)
==12688==    by 0x5CE045: lower__lower_call_by_name (in /mnt/c/Users/Juan/Documents/GitHub/Mapanare/mapanare/self/mnc-stage1)
==12688== 
==12688== 272 bytes in 2 blocks are indirectly lost in loss record 785 of 853
==12688==    at 0x4846828: malloc (in /usr/libexec/valgrind/vgpreload_memcheck-amd64-linux.so)
==12688==    by 0x5A9099: lower__lower_call_by_name (in /mnt/c/Users/Juan/Documents/GitHub/Mapanare/mapanare/self/mnc-stage1)
==12688== 
==12688== 272 bytes in 1 blocks are definitely lost in loss record 786 of 853
==12688==    at 0x484D953: calloc (in /usr/libexec/valgrind/vgpreload_memcheck-amd64-linux.so)
==12688==    by 0x739049: __mn_alloc (in /mnt/c/Users/Juan/Documents/GitHub/Mapanare/mapanare/self/mnc-stage1)
==12688==    by 0x73AE1F: __mn_list_push (in /mnt/c/Users/Juan/Documents/GitHub/Mapanare/mapanare/self/mnc-stage1)
==12688==    by 0x678E74: mir_opt__constant_fold_block (in /mnt/c/Users/Juan/Documents/GitHub/Mapanare/mapanare/self/mnc-stage1)
==12688== 
==12688== 277 bytes in 4 blocks are indirectly lost in loss record 787 of 853
==12688==    at 0x484D953: calloc (in /usr/libexec/valgrind/vgpreload_memcheck-amd64-linux.so)
==12688==    by 0x739049: __mn_alloc (in /mnt/c/Users/Juan/Documents/GitHub/Mapanare/mapanare/self/mnc-stage1)
==12688==    by 0x739C2E: __mn_str_concat (in /mnt/c/Users/Juan/Documents/GitHub/Mapanare/mapanare/self/mnc-stage1)
==12688==    by 0x68DA16: emit_llvm__declare_runtime_fn (in /mnt/c/Users/Juan/Documents/GitHub/Mapanare/mapanare/self/mnc-stage1)
==12688==    by 0x2: ???
==12688==    by 0x6AB8C2F: ???
==12688==    by 0xF: ???
==12688== 
==12688== 284 bytes in 5 blocks are indirectly lost in loss record 788 of 853
==12688==    at 0x484D953: calloc (in /usr/libexec/valgrind/vgpreload_memcheck-amd64-linux.so)
==12688==    by 0x739049: __mn_alloc (in /mnt/c/Users/Juan/Documents/GitHub/Mapanare/mapanare/self/mnc-stage1)
==12688==    by 0x739C2E: __mn_str_concat (in /mnt/c/Users/Juan/Documents/GitHub/Mapanare/mapanare/self/mnc-stage1)
==12688==    by 0x68DA16: emit_llvm__declare_runtime_fn (in /mnt/c/Users/Juan/Documents/GitHub/Mapanare/mapanare/self/mnc-stage1)
==12688==    by 0x3: ???
==12688==    by 0x6ABC59F: ???
==12688==    by 0xF: ???
==12688== 
==12688== 288 bytes in 2 blocks are indirectly lost in loss record 789 of 853
==12688==    at 0x4846828: malloc (in /usr/libexec/valgrind/vgpreload_memcheck-amd64-linux.so)
==12688==    by 0x4EBBA5: lower__lower_let (in /mnt/c/Users/Juan/Documents/GitHub/Mapanare/mapanare/self/mnc-stage1)
==12688==    by 0x8000000000000004: ???
==12688== 
==12688== 300 bytes in 4 blocks are indirectly lost in loss record 790 of 853
==12688==    at 0x484D953: calloc (in /usr/libexec/valgrind/vgpreload_memcheck-amd64-linux.so)
==12688==    by 0x739049: __mn_alloc (in /mnt/c/Users/Juan/Documents/GitHub/Mapanare/mapanare/self/mnc-stage1)
==12688==    by 0x739C2E: __mn_str_concat (in /mnt/c/Users/Juan/Documents/GitHub/Mapanare/mapanare/self/mnc-stage1)
==12688==    by 0x68DA16: emit_llvm__declare_runtime_fn (in /mnt/c/Users/Juan/Documents/GitHub/Mapanare/mapanare/self/mnc-stage1)
==12688==    by 0x2: ???
==12688==    by 0x6AB758F: ???
==12688==    by 0xF: ???
==12688== 
==12688== 300 (144 direct, 156 indirect) bytes in 1 blocks are definitely lost in loss record 791 of 853
==12688==    at 0x484D953: calloc (in /usr/libexec/valgrind/vgpreload_memcheck-amd64-linux.so)
==12688==    by 0x739049: __mn_alloc (in /mnt/c/Users/Juan/Documents/GitHub/Mapanare/mapanare/self/mnc-stage1)
==12688==    by 0x73AD5A: __mn_list_push (in /mnt/c/Users/Juan/Documents/GitHub/Mapanare/mapanare/self/mnc-stage1)
==12688==    by 0x6B1226: emit_llvm__emit_const (in /mnt/c/Users/Juan/Documents/GitHub/Mapanare/mapanare/self/mnc-stage1)
==12688==    by 0x8000000000000002: ???
==12688==    by 0x8000000000000004: ???
==12688==    by 0x6AA8B4F: ???
==12688==    by 0x6ACF99F: ???
==12688==    by 0x6ACDF2F: ???
==12688==    by 0x580053FF: ??? (in /usr/libexec/valgrind/memcheck-amd64-linux)
==12688==    by 0xF: ???
==12688==    by 0x7: ???
==12688== 
==12688== 312 bytes in 6 blocks are indirectly lost in loss record 792 of 853
==12688==    at 0x484D953: calloc (in /usr/libexec/valgrind/vgpreload_memcheck-amd64-linux.so)
==12688==    by 0x739049: __mn_alloc (in /mnt/c/Users/Juan/Documents/GitHub/Mapanare/mapanare/self/mnc-stage1)
==12688==    by 0x739C2E: __mn_str_concat (in /mnt/c/Users/Juan/Documents/GitHub/Mapanare/mapanare/self/mnc-stage1)
==12688==    by 0x688F96: emit_llvm_ir__emit_insertvalue (in /mnt/c/Users/Juan/Documents/GitHub/Mapanare/mapanare/self/mnc-stage1)
==12688== 
==12688== 320 bytes in 2 blocks are indirectly lost in loss record 793 of 853
==12688==    at 0x4846828: malloc (in /usr/libexec/valgrind/vgpreload_memcheck-amd64-linux.so)
==12688==    by 0x4EE789: lower__lower_let (in /mnt/c/Users/Juan/Documents/GitHub/Mapanare/mapanare/self/mnc-stage1)
==12688==    by 0x8000000000000004: ???
==12688== 
==12688== 324 bytes in 1 blocks are definitely lost in loss record 794 of 853
==12688==    at 0x484D953: calloc (in /usr/libexec/valgrind/vgpreload_memcheck-amd64-linux.so)
==12688==    by 0x739049: __mn_alloc (in /mnt/c/Users/Juan/Documents/GitHub/Mapanare/mapanare/self/mnc-stage1)
==12688==    by 0x73B923: __mn_file_read (in /mnt/c/Users/Juan/Documents/GitHub/Mapanare/mapanare/self/mnc-stage1)
==12688==    by 0x73DCA7: __mn_file_read_or_empty (in /mnt/c/Users/Juan/Documents/GitHub/Mapanare/mapanare/self/mnc-stage1)
==12688==    by 0x418E28: mn_main (in /mnt/c/Users/Juan/Documents/GitHub/Mapanare/mapanare/self/mnc-stage1)
==12688==    by 0x4989A63: clone (clone.S:100)
==12688== 
==12688== 326 (272 direct, 54 indirect) bytes in 1 blocks are definitely lost in loss record 795 of 853
==12688==    at 0x484D953: calloc (in /usr/libexec/valgrind/vgpreload_memcheck-amd64-linux.so)
==12688==    by 0x739049: __mn_alloc (in /mnt/c/Users/Juan/Documents/GitHub/Mapanare/mapanare/self/mnc-stage1)
==12688==    by 0x73AD5A: __mn_list_push (in /mnt/c/Users/Juan/Documents/GitHub/Mapanare/mapanare/self/mnc-stage1)
==12688==    by 0x4B7B1D: lower__register_definition (in /mnt/c/Users/Juan/Documents/GitHub/Mapanare/mapanare/self/mnc-stage1)
==12688== 
==12688== 336 bytes in 2 blocks are indirectly lost in loss record 796 of 853
==12688==    at 0x4846828: malloc (in /usr/libexec/valgrind/vgpreload_memcheck-amd64-linux.so)
==12688==    by 0x478114: semantic__register_def (in /mnt/c/Users/Juan/Documents/GitHub/Mapanare/mapanare/self/mnc-stage1)
==12688== 
==12688== 336 bytes in 2 blocks are definitely lost in loss record 797 of 853
==12688==    at 0x484D953: calloc (in /usr/libexec/valgrind/vgpreload_memcheck-amd64-linux.so)
==12688==    by 0x43A0E3: semantic__resolve_type_expr (in /mnt/c/Users/Juan/Documents/GitHub/Mapanare/mapanare/self/mnc-stage1)
==12688== 
==12688== 344 bytes in 5 blocks are indirectly lost in loss record 798 of 853
==12688==    at 0x484D953: calloc (in /usr/libexec/valgrind/vgpreload_memcheck-amd64-linux.so)
==12688==    by 0x739049: __mn_alloc (in /mnt/c/Users/Juan/Documents/GitHub/Mapanare/mapanare/self/mnc-stage1)
==12688==    by 0x739C2E: __mn_str_concat (in /mnt/c/Users/Juan/Documents/GitHub/Mapanare/mapanare/self/mnc-stage1)
==12688==    by 0x68DA16: emit_llvm__declare_runtime_fn (in /mnt/c/Users/Juan/Documents/GitHub/Mapanare/mapanare/self/mnc-stage1)
==12688==    by 0x9: ???
==12688==    by 0x6AB8C2F: ???
==12688==    by 0xF: ???
==12688== 
==12688== 378 bytes in 189 blocks are definitely lost in loss record 799 of 853
==12688==    at 0x484D953: calloc (in /usr/libexec/valgrind/vgpreload_memcheck-amd64-linux.so)
==12688==    by 0x739049: __mn_alloc (in /mnt/c/Users/Juan/Documents/GitHub/Mapanare/mapanare/self/mnc-stage1)
==12688==    by 0x73980B: __mn_str_from_parts (in /mnt/c/Users/Juan/Documents/GitHub/Mapanare/mapanare/self/mnc-stage1)
==12688==    by 0x42244E: lexer__tokenize (in /mnt/c/Users/Juan/Documents/GitHub/Mapanare/mapanare/self/mnc-stage1)
==12688== 
==12688== 400 bytes in 2 blocks are indirectly lost in loss record 800 of 853
==12688==    at 0x4846828: malloc (in /usr/libexec/valgrind/vgpreload_memcheck-amd64-linux.so)
==12688==    by 0x572B66: lower__lower_identifier (in /mnt/c/Users/Juan/Documents/GitHub/Mapanare/mapanare/self/mnc-stage1)
==12688==    by 0x6: ???
==12688==    by 0x6AABCBF: ???
==12688== 
==12688== 427 bytes in 6 blocks are indirectly lost in loss record 801 of 853
==12688==    at 0x484D953: calloc (in /usr/libexec/valgrind/vgpreload_memcheck-amd64-linux.so)
==12688==    by 0x739049: __mn_alloc (in /mnt/c/Users/Juan/Documents/GitHub/Mapanare/mapanare/self/mnc-stage1)
==12688==    by 0x739C2E: __mn_str_concat (in /mnt/c/Users/Juan/Documents/GitHub/Mapanare/mapanare/self/mnc-stage1)
==12688==    by 0x68DA16: emit_llvm__declare_runtime_fn (in /mnt/c/Users/Juan/Documents/GitHub/Mapanare/mapanare/self/mnc-stage1)
==12688==    by 0x9: ???
==12688==    by 0x6ABC59F: ???
==12688==    by 0xF: ???
==12688== 
==12688== 432 bytes in 3 blocks are indirectly lost in loss record 802 of 853
==12688==    at 0x484D953: calloc (in /usr/libexec/valgrind/vgpreload_memcheck-amd64-linux.so)
==12688==    by 0x739049: __mn_alloc (in /mnt/c/Users/Juan/Documents/GitHub/Mapanare/mapanare/self/mnc-stage1)
==12688==    by 0x73AD5A: __mn_list_push (in /mnt/c/Users/Juan/Documents/GitHub/Mapanare/mapanare/self/mnc-stage1)
==12688==    by 0x49D84D: lower_state__emit_instr (in /mnt/c/Users/Juan/Documents/GitHub/Mapanare/mapanare/self/mnc-stage1)
==12688==    by 0x1: ???
==12688==    by 0x7: ???
==12688== 
==12688== 432 bytes in 3 blocks are definitely lost in loss record 803 of 853
==12688==    at 0x484D953: calloc (in /usr/libexec/valgrind/vgpreload_memcheck-amd64-linux.so)
==12688==    by 0x739049: __mn_alloc (in /mnt/c/Users/Juan/Documents/GitHub/Mapanare/mapanare/self/mnc-stage1)
==12688==    by 0x73AD5A: __mn_list_push (in /mnt/c/Users/Juan/Documents/GitHub/Mapanare/mapanare/self/mnc-stage1)
==12688==    by 0x67BFA1: mir_opt__collect_targets (in /mnt/c/Users/Juan/Documents/GitHub/Mapanare/mapanare/self/mnc-stage1)
==12688== 
==12688== 464 bytes in 1 blocks are indirectly lost in loss record 804 of 853
==12688==    at 0x484D953: calloc (in /usr/libexec/valgrind/vgpreload_memcheck-amd64-linux.so)
==12688==    by 0x739049: __mn_alloc (in /mnt/c/Users/Juan/Documents/GitHub/Mapanare/mapanare/self/mnc-stage1)
==12688==    by 0x73AD5A: __mn_list_push (in /mnt/c/Users/Juan/Documents/GitHub/Mapanare/mapanare/self/mnc-stage1)
==12688==    by 0x4C25DC: lower__register_enum (in /mnt/c/Users/Juan/Documents/GitHub/Mapanare/mapanare/self/mnc-stage1)
==12688== 
==12688== 464 bytes in 1 blocks are indirectly lost in loss record 805 of 853
==12688==    at 0x484D953: calloc (in /usr/libexec/valgrind/vgpreload_memcheck-amd64-linux.so)
==12688==    by 0x739049: __mn_alloc (in /mnt/c/Users/Juan/Documents/GitHub/Mapanare/mapanare/self/mnc-stage1)
==12688==    by 0x73AD5A: __mn_list_push (in /mnt/c/Users/Juan/Documents/GitHub/Mapanare/mapanare/self/mnc-stage1)
==12688==    by 0x679376: mir_opt__constant_fold_function (in /mnt/c/Users/Juan/Documents/GitHub/Mapanare/mapanare/self/mnc-stage1)
==12688==    by 0xF: ???
==12688== 
==12688== 464 bytes in 1 blocks are indirectly lost in loss record 806 of 853
==12688==    at 0x484D953: calloc (in /usr/libexec/valgrind/vgpreload_memcheck-amd64-linux.so)
==12688==    by 0x739049: __mn_alloc (in /mnt/c/Users/Juan/Documents/GitHub/Mapanare/mapanare/self/mnc-stage1)
==12688==    by 0x73AD5A: __mn_list_push (in /mnt/c/Users/Juan/Documents/GitHub/Mapanare/mapanare/self/mnc-stage1)
==12688==    by 0x67ED51: mir_opt__dead_block_elim_function (in /mnt/c/Users/Juan/Documents/GitHub/Mapanare/mapanare/self/mnc-stage1)
==12688==    by 0xF: ???
==12688== 
==12688== 464 bytes in 1 blocks are definitely lost in loss record 807 of 853
==12688==    at 0x484D953: calloc (in /usr/libexec/valgrind/vgpreload_memcheck-amd64-linux.so)
==12688==    by 0x739049: __mn_alloc (in /mnt/c/Users/Juan/Documents/GitHub/Mapanare/mapanare/self/mnc-stage1)
==12688==    by 0x73AD5A: __mn_list_push (in /mnt/c/Users/Juan/Documents/GitHub/Mapanare/mapanare/self/mnc-stage1)
==12688==    by 0x679376: mir_opt__constant_fold_function (in /mnt/c/Users/Juan/Documents/GitHub/Mapanare/mapanare/self/mnc-stage1)
==12688==    by 0xF: ???
==12688== 
==12688== 464 bytes in 1 blocks are definitely lost in loss record 808 of 853
==12688==    at 0x484D953: calloc (in /usr/libexec/valgrind/vgpreload_memcheck-amd64-linux.so)
==12688==    by 0x739049: __mn_alloc (in /mnt/c/Users/Juan/Documents/GitHub/Mapanare/mapanare/self/mnc-stage1)
==12688==    by 0x73AD5A: __mn_list_push (in /mnt/c/Users/Juan/Documents/GitHub/Mapanare/mapanare/self/mnc-stage1)
==12688==    by 0x6A223B: emit_llvm__register_mir_enum (in /mnt/c/Users/Juan/Documents/GitHub/Mapanare/mapanare/self/mnc-stage1)
==12688== 
==12688== 480 bytes in 3 blocks are indirectly lost in loss record 809 of 853
==12688==    at 0x4846828: malloc (in /usr/libexec/valgrind/vgpreload_memcheck-amd64-linux.so)
==12688==    by 0x56AB10: lower__lower_identifier (in /mnt/c/Users/Juan/Documents/GitHub/Mapanare/mapanare/self/mnc-stage1)
==12688== 
==12688== 480 bytes in 3 blocks are indirectly lost in loss record 810 of 853
==12688==    at 0x4846828: malloc (in /usr/libexec/valgrind/vgpreload_memcheck-amd64-linux.so)
==12688==    by 0x5463B8: lower__lower_expr (in /mnt/c/Users/Juan/Documents/GitHub/Mapanare/mapanare/self/mnc-stage1)
==12688== 
==12688== 488 bytes in 8 blocks are indirectly lost in loss record 811 of 853
==12688==    at 0x484D953: calloc (in /usr/libexec/valgrind/vgpreload_memcheck-amd64-linux.so)
==12688==    by 0x739049: __mn_alloc (in /mnt/c/Users/Juan/Documents/GitHub/Mapanare/mapanare/self/mnc-stage1)
==12688==    by 0x739C2E: __mn_str_concat (in /mnt/c/Users/Juan/Documents/GitHub/Mapanare/mapanare/self/mnc-stage1)
==12688==    by 0x68DA16: emit_llvm__declare_runtime_fn (in /mnt/c/Users/Juan/Documents/GitHub/Mapanare/mapanare/self/mnc-stage1)
==12688==    by 0x2: ???
==12688==    by 0x6ABC59F: ???
==12688==    by 0xF: ???
==12688== 
==12688== 504 bytes in 3 blocks are definitely lost in loss record 812 of 853
==12688==    at 0x484D953: calloc (in /usr/libexec/valgrind/vgpreload_memcheck-amd64-linux.so)
==12688==    by 0x43B9FD: semantic__infer_expr (in /mnt/c/Users/Juan/Documents/GitHub/Mapanare/mapanare/self/mnc-stage1)
==12688== 
==12688== 528 bytes in 1 blocks are indirectly lost in loss record 813 of 853
==12688==    at 0x484D953: calloc (in /usr/libexec/valgrind/vgpreload_memcheck-amd64-linux.so)
==12688==    by 0x739049: __mn_alloc (in /mnt/c/Users/Juan/Documents/GitHub/Mapanare/mapanare/self/mnc-stage1)
==12688==    by 0x73AE1F: __mn_list_push (in /mnt/c/Users/Juan/Documents/GitHub/Mapanare/mapanare/self/mnc-stage1)
==12688==    by 0x689DCA: emit_llvm__build_internal_struct_list (in /mnt/c/Users/Juan/Documents/GitHub/Mapanare/mapanare/self/mnc-stage1)
==12688==    by 0xF: ???
==12688== 
==12688== 532 bytes in 6 blocks are indirectly lost in loss record 814 of 853
==12688==    at 0x484D953: calloc (in /usr/libexec/valgrind/vgpreload_memcheck-amd64-linux.so)
==12688==    by 0x739049: __mn_alloc (in /mnt/c/Users/Juan/Documents/GitHub/Mapanare/mapanare/self/mnc-stage1)
==12688==    by 0x739C2E: __mn_str_concat (in /mnt/c/Users/Juan/Documents/GitHub/Mapanare/mapanare/self/mnc-stage1)
==12688==    by 0x68DA16: emit_llvm__declare_runtime_fn (in /mnt/c/Users/Juan/Documents/GitHub/Mapanare/mapanare/self/mnc-stage1)
==12688==    by 0x18: ???
==12688==    by 0x6AC351F: ???
==12688==    by 0xF: ???
==12688== 
==12688== 544 bytes in 2 blocks are indirectly lost in loss record 815 of 853
==12688==    at 0x4846828: malloc (in /usr/libexec/valgrind/vgpreload_memcheck-amd64-linux.so)
==12688==    by 0x42797A: parser__parse_fn_body (in /mnt/c/Users/Juan/Documents/GitHub/Mapanare/mapanare/self/mnc-stage1)
==12688== 
==12688== 544 bytes in 34 blocks are definitely lost in loss record 816 of 853
==12688==    at 0x4846828: malloc (in /usr/libexec/valgrind/vgpreload_memcheck-amd64-linux.so)
==12688==    by 0x73DDF9: __mn_range (in /mnt/c/Users/Juan/Documents/GitHub/Mapanare/mapanare/self/mnc-stage1)
==12688==    by 0x41FA11: lexer__scan_ident (in /mnt/c/Users/Juan/Documents/GitHub/Mapanare/mapanare/self/mnc-stage1)
==12688== 
==12688== 576 bytes in 4 blocks are indirectly lost in loss record 817 of 853
==12688==    at 0x484D953: calloc (in /usr/libexec/valgrind/vgpreload_memcheck-amd64-linux.so)
==12688==    by 0x739049: __mn_alloc (in /mnt/c/Users/Juan/Documents/GitHub/Mapanare/mapanare/self/mnc-stage1)
==12688==    by 0x73AD5A: __mn_list_push (in /mnt/c/Users/Juan/Documents/GitHub/Mapanare/mapanare/self/mnc-stage1)
==12688==    by 0x430E0E: parser__parse_call_args (in /mnt/c/Users/Juan/Documents/GitHub/Mapanare/mapanare/self/mnc-stage1)
==12688==    by 0x6A84C7F: ???
==12688==    by 0x4B: ???
==12688==    by 0x7F: ???
==12688==    by 0x3F: ???
==12688== 
==12688== 592 bytes in 1 blocks are indirectly lost in loss record 818 of 853
==12688==    at 0x484D953: calloc (in /usr/libexec/valgrind/vgpreload_memcheck-amd64-linux.so)
==12688==    by 0x739049: __mn_alloc (in /mnt/c/Users/Juan/Documents/GitHub/Mapanare/mapanare/self/mnc-stage1)
==12688==    by 0x73AD5A: __mn_list_push (in /mnt/c/Users/Juan/Documents/GitHub/Mapanare/mapanare/self/mnc-stage1)
==12688==    by 0x42728E: parser__parse_fn_params (in /mnt/c/Users/Juan/Documents/GitHub/Mapanare/mapanare/self/mnc-stage1)
==12688==    by 0x8: ???
==12688==    by 0xB: ???
==12688==    by 0x2: ???
==12688== 
==12688== 608 (464 direct, 144 indirect) bytes in 1 blocks are definitely lost in loss record 819 of 853
==12688==    at 0x484D953: calloc (in /usr/libexec/valgrind/vgpreload_memcheck-amd64-linux.so)
==12688==    by 0x739049: __mn_alloc (in /mnt/c/Users/Juan/Documents/GitHub/Mapanare/mapanare/self/mnc-stage1)
==12688==    by 0x73AD5A: __mn_list_push (in /mnt/c/Users/Juan/Documents/GitHub/Mapanare/mapanare/self/mnc-stage1)
==12688==    by 0x4C293F: lower__register_enum (in /mnt/c/Users/Juan/Documents/GitHub/Mapanare/mapanare/self/mnc-stage1)
==12688== 
==12688== 656 bytes in 1 blocks are indirectly lost in loss record 820 of 853
==12688==    at 0x484D953: calloc (in /usr/libexec/valgrind/vgpreload_memcheck-amd64-linux.so)
==12688==    by 0x739049: __mn_alloc (in /mnt/c/Users/Juan/Documents/GitHub/Mapanare/mapanare/self/mnc-stage1)
==12688==    by 0x73AD5A: __mn_list_push (in /mnt/c/Users/Juan/Documents/GitHub/Mapanare/mapanare/self/mnc-stage1)
==12688==    by 0x4CCF2E: lower__build_mir_params (in /mnt/c/Users/Juan/Documents/GitHub/Mapanare/mapanare/self/mnc-stage1)
==12688== 
==12688== 672 bytes in 4 blocks are indirectly lost in loss record 821 of 853
==12688==    at 0x484D953: calloc (in /usr/libexec/valgrind/vgpreload_memcheck-amd64-linux.so)
==12688==    by 0x43A0E3: semantic__resolve_type_expr (in /mnt/c/Users/Juan/Documents/GitHub/Mapanare/mapanare/self/mnc-stage1)
==12688== 
==12688== 720 bytes in 1 blocks are indirectly lost in loss record 822 of 853
==12688==    at 0x484D953: calloc (in /usr/libexec/valgrind/vgpreload_memcheck-amd64-linux.so)
==12688==    by 0x739049: __mn_alloc (in /mnt/c/Users/Juan/Documents/GitHub/Mapanare/mapanare/self/mnc-stage1)
==12688==    by 0x73AD5A: __mn_list_push (in /mnt/c/Users/Juan/Documents/GitHub/Mapanare/mapanare/self/mnc-stage1)
==12688==    by 0x429696: parser__parse_enum_body (in /mnt/c/Users/Juan/Documents/GitHub/Mapanare/mapanare/self/mnc-stage1)
==12688== 
==12688== 720 bytes in 1 blocks are indirectly lost in loss record 823 of 853
==12688==    at 0x484D953: calloc (in /usr/libexec/valgrind/vgpreload_memcheck-amd64-linux.so)
==12688==    by 0x739049: __mn_alloc (in /mnt/c/Users/Juan/Documents/GitHub/Mapanare/mapanare/self/mnc-stage1)
==12688==    by 0x73AD5A: __mn_list_push (in /mnt/c/Users/Juan/Documents/GitHub/Mapanare/mapanare/self/mnc-stage1)
==12688==    by 0x433D3A: parser__parse_match_expr (in /mnt/c/Users/Juan/Documents/GitHub/Mapanare/mapanare/self/mnc-stage1)
==12688== 
==12688== 720 bytes in 5 blocks are definitely lost in loss record 824 of 853
==12688==    at 0x484D953: calloc (in /usr/libexec/valgrind/vgpreload_memcheck-amd64-linux.so)
==12688==    by 0x739049: __mn_alloc (in /mnt/c/Users/Juan/Documents/GitHub/Mapanare/mapanare/self/mnc-stage1)
==12688==    by 0x73AD5A: __mn_list_push (in /mnt/c/Users/Juan/Documents/GitHub/Mapanare/mapanare/self/mnc-stage1)
==12688==    by 0x678E74: mir_opt__constant_fold_block (in /mnt/c/Users/Juan/Documents/GitHub/Mapanare/mapanare/self/mnc-stage1)
==12688== 
==12688== 848 bytes in 1 blocks are definitely lost in loss record 825 of 853
==12688==    at 0x484D953: calloc (in /usr/libexec/valgrind/vgpreload_memcheck-amd64-linux.so)
==12688==    by 0x739049: __mn_alloc (in /mnt/c/Users/Juan/Documents/GitHub/Mapanare/mapanare/self/mnc-stage1)
==12688==    by 0x73AD5A: __mn_list_push (in /mnt/c/Users/Juan/Documents/GitHub/Mapanare/mapanare/self/mnc-stage1)
==12688==    by 0x4CFD9F: lower__bind_fn_params (in /mnt/c/Users/Juan/Documents/GitHub/Mapanare/mapanare/self/mnc-stage1)
==12688== 
==12688== 848 bytes in 1 blocks are definitely lost in loss record 826 of 853
==12688==    at 0x484D953: calloc (in /usr/libexec/valgrind/vgpreload_memcheck-amd64-linux.so)
==12688==    by 0x739049: __mn_alloc (in /mnt/c/Users/Juan/Documents/GitHub/Mapanare/mapanare/self/mnc-stage1)
==12688==    by 0x73AD5A: __mn_list_push (in /mnt/c/Users/Juan/Documents/GitHub/Mapanare/mapanare/self/mnc-stage1)
==12688==    by 0x49F124: lower_state__lower_pop_scope (in /mnt/c/Users/Juan/Documents/GitHub/Mapanare/mapanare/self/mnc-stage1)
==12688==    by 0x1: ???
==12688==    by 0x1000000000003: ???
==12688==    by 0x6AA7ACF: ???
==12688== 
==12688== 848 bytes in 1 blocks are definitely lost in loss record 827 of 853
==12688==    at 0x484D953: calloc (in /usr/libexec/valgrind/vgpreload_memcheck-amd64-linux.so)
==12688==    by 0x739049: __mn_alloc (in /mnt/c/Users/Juan/Documents/GitHub/Mapanare/mapanare/self/mnc-stage1)
==12688==    by 0x73AD5A: __mn_list_push (in /mnt/c/Users/Juan/Documents/GitHub/Mapanare/mapanare/self/mnc-stage1)
==12688==    by 0x49F124: lower_state__lower_pop_scope (in /mnt/c/Users/Juan/Documents/GitHub/Mapanare/mapanare/self/mnc-stage1)
==12688==    by 0x1: ???
==12688==    by 0x1000000000003: ???
==12688==    by 0x6AA8E4F: ???
==12688== 
==12688== 848 bytes in 1 blocks are definitely lost in loss record 828 of 853
==12688==    at 0x484D953: calloc (in /usr/libexec/valgrind/vgpreload_memcheck-amd64-linux.so)
==12688==    by 0x739049: __mn_alloc (in /mnt/c/Users/Juan/Documents/GitHub/Mapanare/mapanare/self/mnc-stage1)
==12688==    by 0x73AD5A: __mn_list_push (in /mnt/c/Users/Juan/Documents/GitHub/Mapanare/mapanare/self/mnc-stage1)
==12688==    by 0x49F124: lower_state__lower_pop_scope (in /mnt/c/Users/Juan/Documents/GitHub/Mapanare/mapanare/self/mnc-stage1)
==12688==    by 0x2: ???
==12688==    by 0x1000000000003: ???
==12688==    by 0x6AA922F: ???
==12688== 
==12688== 848 bytes in 1 blocks are definitely lost in loss record 829 of 853
==12688==    at 0x484D953: calloc (in /usr/libexec/valgrind/vgpreload_memcheck-amd64-linux.so)
==12688==    by 0x739049: __mn_alloc (in /mnt/c/Users/Juan/Documents/GitHub/Mapanare/mapanare/self/mnc-stage1)
==12688==    by 0x73AD5A: __mn_list_push (in /mnt/c/Users/Juan/Documents/GitHub/Mapanare/mapanare/self/mnc-stage1)
==12688==    by 0x49F124: lower_state__lower_pop_scope (in /mnt/c/Users/Juan/Documents/GitHub/Mapanare/mapanare/self/mnc-stage1)
==12688==    by 0x2: ???
==12688==    by 0x1000000000003: ???
==12688==    by 0x6AA99EF: ???
==12688== 
==12688== 848 bytes in 1 blocks are definitely lost in loss record 830 of 853
==12688==    at 0x484D953: calloc (in /usr/libexec/valgrind/vgpreload_memcheck-amd64-linux.so)
==12688==    by 0x739049: __mn_alloc (in /mnt/c/Users/Juan/Documents/GitHub/Mapanare/mapanare/self/mnc-stage1)
==12688==    by 0x73AD5A: __mn_list_push (in /mnt/c/Users/Juan/Documents/GitHub/Mapanare/mapanare/self/mnc-stage1)
==12688==    by 0x49F124: lower_state__lower_pop_scope (in /mnt/c/Users/Juan/Documents/GitHub/Mapanare/mapanare/self/mnc-stage1)
==12688==    by 0x3: ???
==12688==    by 0x1000000000003: ???
==12688==    by 0x6AA9DCF: ???
==12688== 
==12688== 848 bytes in 1 blocks are definitely lost in loss record 831 of 853
==12688==    at 0x484D953: calloc (in /usr/libexec/valgrind/vgpreload_memcheck-amd64-linux.so)
==12688==    by 0x739049: __mn_alloc (in /mnt/c/Users/Juan/Documents/GitHub/Mapanare/mapanare/self/mnc-stage1)
==12688==    by 0x73AD5A: __mn_list_push (in /mnt/c/Users/Juan/Documents/GitHub/Mapanare/mapanare/self/mnc-stage1)
==12688==    by 0x49F124: lower_state__lower_pop_scope (in /mnt/c/Users/Juan/Documents/GitHub/Mapanare/mapanare/self/mnc-stage1)
==12688==    by 0x3: ???
==12688==    by 0x1000000000003: ???
==12688==    by 0x6AAA58F: ???
==12688== 
==12688== 848 bytes in 1 blocks are definitely lost in loss record 832 of 853
==12688==    at 0x484D953: calloc (in /usr/libexec/valgrind/vgpreload_memcheck-amd64-linux.so)
==12688==    by 0x739049: __mn_alloc (in /mnt/c/Users/Juan/Documents/GitHub/Mapanare/mapanare/self/mnc-stage1)
==12688==    by 0x73AD5A: __mn_list_push (in /mnt/c/Users/Juan/Documents/GitHub/Mapanare/mapanare/self/mnc-stage1)
==12688==    by 0x49F124: lower_state__lower_pop_scope (in /mnt/c/Users/Juan/Documents/GitHub/Mapanare/mapanare/self/mnc-stage1)
==12688== 
==12688== 848 bytes in 1 blocks are definitely lost in loss record 833 of 853
==12688==    at 0x484D953: calloc (in /usr/libexec/valgrind/vgpreload_memcheck-amd64-linux.so)
==12688==    by 0x739049: __mn_alloc (in /mnt/c/Users/Juan/Documents/GitHub/Mapanare/mapanare/self/mnc-stage1)
==12688==    by 0x73AD5A: __mn_list_push (in /mnt/c/Users/Juan/Documents/GitHub/Mapanare/mapanare/self/mnc-stage1)
==12688==    by 0x4EF755: lower__lower_let (in /mnt/c/Users/Juan/Documents/GitHub/Mapanare/mapanare/self/mnc-stage1)
==12688== 
==12688== 851 bytes in 12 blocks are indirectly lost in loss record 834 of 853
==12688==    at 0x484D953: calloc (in /usr/libexec/valgrind/vgpreload_memcheck-amd64-linux.so)
==12688==    by 0x739049: __mn_alloc (in /mnt/c/Users/Juan/Documents/GitHub/Mapanare/mapanare/self/mnc-stage1)
==12688==    by 0x739C2E: __mn_str_concat (in /mnt/c/Users/Juan/Documents/GitHub/Mapanare/mapanare/self/mnc-stage1)
==12688==    by 0x68DA16: emit_llvm__declare_runtime_fn (in /mnt/c/Users/Juan/Documents/GitHub/Mapanare/mapanare/self/mnc-stage1)
==12688==    by 0x9: ???
==12688==    by 0x6AC351F: ???
==12688==    by 0xF: ???
==12688== 
==12688== 904 (592 direct, 312 indirect) bytes in 1 blocks are definitely lost in loss record 835 of 853
==12688==    at 0x484D953: calloc (in /usr/libexec/valgrind/vgpreload_memcheck-amd64-linux.so)
==12688==    by 0x739049: __mn_alloc (in /mnt/c/Users/Juan/Documents/GitHub/Mapanare/mapanare/self/mnc-stage1)
==12688==    by 0x73AD5A: __mn_list_push (in /mnt/c/Users/Juan/Documents/GitHub/Mapanare/mapanare/self/mnc-stage1)
==12688==    by 0x7378BC: emit_llvm__emit_mir_module (in /mnt/c/Users/Juan/Documents/GitHub/Mapanare/mapanare/self/mnc-stage1)
==12688==    by 0x3F: ???
==12688== 
==12688== 928 bytes in 2 blocks are indirectly lost in loss record 836 of 853
==12688==    at 0x484D953: calloc (in /usr/libexec/valgrind/vgpreload_memcheck-amd64-linux.so)
==12688==    by 0x739049: __mn_alloc (in /mnt/c/Users/Juan/Documents/GitHub/Mapanare/mapanare/self/mnc-stage1)
==12688==    by 0x73AD5A: __mn_list_push (in /mnt/c/Users/Juan/Documents/GitHub/Mapanare/mapanare/self/mnc-stage1)
==12688==    by 0x4D216C: lower__lower_fn (in /mnt/c/Users/Juan/Documents/GitHub/Mapanare/mapanare/self/mnc-stage1)
==12688== 
==12688== 928 (464 direct, 464 indirect) bytes in 1 blocks are definitely lost in loss record 837 of 853
==12688==    at 0x484D953: calloc (in /usr/libexec/valgrind/vgpreload_memcheck-amd64-linux.so)
==12688==    by 0x739049: __mn_alloc (in /mnt/c/Users/Juan/Documents/GitHub/Mapanare/mapanare/self/mnc-stage1)
==12688==    by 0x73AD5A: __mn_list_push (in /mnt/c/Users/Juan/Documents/GitHub/Mapanare/mapanare/self/mnc-stage1)
==12688==    by 0x4C2851: lower__register_enum (in /mnt/c/Users/Juan/Documents/GitHub/Mapanare/mapanare/self/mnc-stage1)
==12688== 
==12688== 1,534 bytes in 23 blocks are indirectly lost in loss record 838 of 853
==12688==    at 0x484D953: calloc (in /usr/libexec/valgrind/vgpreload_memcheck-amd64-linux.so)
==12688==    by 0x739049: __mn_alloc (in /mnt/c/Users/Juan/Documents/GitHub/Mapanare/mapanare/self/mnc-stage1)
==12688==    by 0x739C2E: __mn_str_concat (in /mnt/c/Users/Juan/Documents/GitHub/Mapanare/mapanare/self/mnc-stage1)
==12688==    by 0x68DA16: emit_llvm__declare_runtime_fn (in /mnt/c/Users/Juan/Documents/GitHub/Mapanare/mapanare/self/mnc-stage1)
==12688==    by 0x2: ???
==12688==    by 0x6AC351F: ???
==12688==    by 0xF: ???
==12688== 
==12688== 1,616 bytes in 1 blocks are indirectly lost in loss record 839 of 853
==12688==    at 0x484D953: calloc (in /usr/libexec/valgrind/vgpreload_memcheck-amd64-linux.so)
==12688==    by 0x739049: __mn_alloc (in /mnt/c/Users/Juan/Documents/GitHub/Mapanare/mapanare/self/mnc-stage1)
==12688==    by 0x73AD5A: __mn_list_push (in /mnt/c/Users/Juan/Documents/GitHub/Mapanare/mapanare/self/mnc-stage1)
==12688==    by 0x481E8A: semantic__check_fn_body (in /mnt/c/Users/Juan/Documents/GitHub/Mapanare/mapanare/self/mnc-stage1)
==12688== 
==12688== 1,952 (1,616 direct, 336 indirect) bytes in 1 blocks are definitely lost in loss record 840 of 853
==12688==    at 0x484D953: calloc (in /usr/libexec/valgrind/vgpreload_memcheck-amd64-linux.so)
==12688==    by 0x739049: __mn_alloc (in /mnt/c/Users/Juan/Documents/GitHub/Mapanare/mapanare/self/mnc-stage1)
==12688==    by 0x73AD5A: __mn_list_push (in /mnt/c/Users/Juan/Documents/GitHub/Mapanare/mapanare/self/mnc-stage1)
==12688==    by 0x4739C5: semantic__check_let_stmt (in /mnt/c/Users/Juan/Documents/GitHub/Mapanare/mapanare/self/mnc-stage1)
==12688== 
==12688== 2,008 (168 direct, 1,840 indirect) bytes in 3 blocks are definitely lost in loss record 841 of 853
==12688==    at 0x4846828: malloc (in /usr/libexec/valgrind/vgpreload_memcheck-amd64-linux.so)
==12688==    by 0x461D48: semantic__check_match_expr (in /mnt/c/Users/Juan/Documents/GitHub/Mapanare/mapanare/self/mnc-stage1)
==12688== 
==12688== 2,608 (1,680 direct, 928 indirect) bytes in 1 blocks are definitely lost in loss record 842 of 853
==12688==    at 0x484D953: calloc (in /usr/libexec/valgrind/vgpreload_memcheck-amd64-linux.so)
==12688==    by 0x739049: __mn_alloc (in /mnt/c/Users/Juan/Documents/GitHub/Mapanare/mapanare/self/mnc-stage1)
==12688==    by 0x73AD5A: __mn_list_push (in /mnt/c/Users/Juan/Documents/GitHub/Mapanare/mapanare/self/mnc-stage1)
==12688==    by 0x686A39: mir_opt__optimize_mir (in /mnt/c/Users/Juan/Documents/GitHub/Mapanare/mapanare/self/mnc-stage1)
==12688==    by 0x6AAB4FF: ???
==12688==    by 0x800000000000004A: ???
==12688==    by 0x6A74317: ???
==12688== 
==12688== 2,624 bytes in 4 blocks are indirectly lost in loss record 843 of 853
==12688==    at 0x484D953: calloc (in /usr/libexec/valgrind/vgpreload_memcheck-amd64-linux.so)
==12688==    by 0x739049: __mn_alloc (in /mnt/c/Users/Juan/Documents/GitHub/Mapanare/mapanare/self/mnc-stage1)
==12688==    by 0x73AD5A: __mn_list_push (in /mnt/c/Users/Juan/Documents/GitHub/Mapanare/mapanare/self/mnc-stage1)
==12688==    by 0x5816CE: lower__lower_call (in /mnt/c/Users/Juan/Documents/GitHub/Mapanare/mapanare/self/mnc-stage1)
==12688== 
==12688== 5,184 bytes in 4 blocks are definitely lost in loss record 844 of 853
==12688==    at 0x484D953: calloc (in /usr/libexec/valgrind/vgpreload_memcheck-amd64-linux.so)
==12688==    by 0x739049: __mn_alloc (in /mnt/c/Users/Juan/Documents/GitHub/Mapanare/mapanare/self/mnc-stage1)
==12688==    by 0x73AD5A: __mn_list_push (in /mnt/c/Users/Juan/Documents/GitHub/Mapanare/mapanare/self/mnc-stage1)
==12688==    by 0x4596D6: semantic__check_call_expr (in /mnt/c/Users/Juan/Documents/GitHub/Mapanare/mapanare/self/mnc-stage1)
==12688== 
==12688== 5,240 (144 direct, 5,096 indirect) bytes in 1 blocks are definitely lost in loss record 845 of 853
==12688==    at 0x484D953: calloc (in /usr/libexec/valgrind/vgpreload_memcheck-amd64-linux.so)
==12688==    by 0x739049: __mn_alloc (in /mnt/c/Users/Juan/Documents/GitHub/Mapanare/mapanare/self/mnc-stage1)
==12688==    by 0x73AD5A: __mn_list_push (in /mnt/c/Users/Juan/Documents/GitHub/Mapanare/mapanare/self/mnc-stage1)
==12688==    by 0x423E21: parser__parse (in /mnt/c/Users/Juan/Documents/GitHub/Mapanare/mapanare/self/mnc-stage1)
==12688== 
==12688== 5,352 (4,848 direct, 504 indirect) bytes in 3 blocks are definitely lost in loss record 846 of 853
==12688==    at 0x484D953: calloc (in /usr/libexec/valgrind/vgpreload_memcheck-amd64-linux.so)
==12688==    by 0x739049: __mn_alloc (in /mnt/c/Users/Juan/Documents/GitHub/Mapanare/mapanare/self/mnc-stage1)
==12688==    by 0x73AD5A: __mn_list_push (in /mnt/c/Users/Juan/Documents/GitHub/Mapanare/mapanare/self/mnc-stage1)
==12688==    by 0x464A9A: semantic__bind_pattern (in /mnt/c/Users/Juan/Documents/GitHub/Mapanare/mapanare/self/mnc-stage1)
==12688== 
==12688== 7,940 (3,600 direct, 4,340 indirect) bytes in 1 blocks are definitely lost in loss record 847 of 853
==12688==    at 0x484D953: calloc (in /usr/libexec/valgrind/vgpreload_memcheck-amd64-linux.so)
==12688==    by 0x739049: __mn_alloc (in /mnt/c/Users/Juan/Documents/GitHub/Mapanare/mapanare/self/mnc-stage1)
==12688==    by 0x73AE1F: __mn_list_push (in /mnt/c/Users/Juan/Documents/GitHub/Mapanare/mapanare/self/mnc-stage1)
==12688==    by 0x68BA7C: emit_llvm__build_internal_struct_list (in /mnt/c/Users/Juan/Documents/GitHub/Mapanare/mapanare/self/mnc-stage1)
==12688==    by 0x4: ???
==12688==    by 0x7: ???
==12688==    by 0x6AB5C9F: ???
==12688==    by 0x7: ???
==12688==    by 0xF: ???
==12688== 
==12688== 8,405 (8,208 direct, 197 indirect) bytes in 1 blocks are definitely lost in loss record 848 of 853
==12688==    at 0x484D953: calloc (in /usr/libexec/valgrind/vgpreload_memcheck-amd64-linux.so)
==12688==    by 0x739049: __mn_alloc (in /mnt/c/Users/Juan/Documents/GitHub/Mapanare/mapanare/self/mnc-stage1)
==12688==    by 0x73AE1F: __mn_list_push (in /mnt/c/Users/Juan/Documents/GitHub/Mapanare/mapanare/self/mnc-stage1)
==12688==    by 0x4229EF: lexer__tokenize (in /mnt/c/Users/Juan/Documents/GitHub/Mapanare/mapanare/self/mnc-stage1)
==12688== 
==12688== 9,284 bytes in 1 blocks are definitely lost in loss record 849 of 853
==12688==    at 0x484D953: calloc (in /usr/libexec/valgrind/vgpreload_memcheck-amd64-linux.so)
==12688==    by 0x739049: __mn_alloc (in /mnt/c/Users/Juan/Documents/GitHub/Mapanare/mapanare/self/mnc-stage1)
==12688==    by 0x73AB78: __mn_str_join (in /mnt/c/Users/Juan/Documents/GitHub/Mapanare/mapanare/self/mnc-stage1)
==12688==    by 0x73899A: emit_llvm__emit_mir_module (in /mnt/c/Users/Juan/Documents/GitHub/Mapanare/mapanare/self/mnc-stage1)
==12688==    by 0x11: ???
==12688== 
==12688== 11,205 (1,680 direct, 9,525 indirect) bytes in 1 blocks are definitely lost in loss record 850 of 853
==12688==    at 0x484D953: calloc (in /usr/libexec/valgrind/vgpreload_memcheck-amd64-linux.so)
==12688==    by 0x739049: __mn_alloc (in /mnt/c/Users/Juan/Documents/GitHub/Mapanare/mapanare/self/mnc-stage1)
==12688==    by 0x73AD5A: __mn_list_push (in /mnt/c/Users/Juan/Documents/GitHub/Mapanare/mapanare/self/mnc-stage1)
==12688==    by 0x4D61DE: lower__lower_fn (in /mnt/c/Users/Juan/Documents/GitHub/Mapanare/mapanare/self/mnc-stage1)
==12688== 
==12688== 12,734 (4,112 direct, 8,622 indirect) bytes in 1 blocks are definitely lost in loss record 851 of 853
==12688==    at 0x484D953: calloc (in /usr/libexec/valgrind/vgpreload_memcheck-amd64-linux.so)
==12688==    by 0x739049: __mn_alloc (in /mnt/c/Users/Juan/Documents/GitHub/Mapanare/mapanare/self/mnc-stage1)
==12688==    by 0x73AE1F: __mn_list_push (in /mnt/c/Users/Juan/Documents/GitHub/Mapanare/mapanare/self/mnc-stage1)
==12688==    by 0x6B1583: emit_llvm__emit_const (in /mnt/c/Users/Juan/Documents/GitHub/Mapanare/mapanare/self/mnc-stage1)
==12688==    by 0x8000000000000002: ???
==12688==    by 0x8000000000000004: ???
==12688==    by 0x6AA8B4F: ???
==12688==    by 0x6ACF99F: ???
==12688==    by 0x6ACDF2F: ???
==12688==    by 0x580053FF: ??? (in /usr/libexec/valgrind/memcheck-amd64-linux)
==12688==    by 0xF: ???
==12688==    by 0x7: ???
==12688==    by 0x6AD0A3F: ???
==12688== 
==12688== 25,616 bytes in 1 blocks are indirectly lost in loss record 852 of 853
==12688==    at 0x484D953: calloc (in /usr/libexec/valgrind/vgpreload_memcheck-amd64-linux.so)
==12688==    by 0x739049: __mn_alloc (in /mnt/c/Users/Juan/Documents/GitHub/Mapanare/mapanare/self/mnc-stage1)
==12688==    by 0x73AE1F: __mn_list_push (in /mnt/c/Users/Juan/Documents/GitHub/Mapanare/mapanare/self/mnc-stage1)
==12688==    by 0x478326: semantic__register_def (in /mnt/c/Users/Juan/Documents/GitHub/Mapanare/mapanare/self/mnc-stage1)
==12688== 
==12688== 47,792 (112 direct, 47,680 indirect) bytes in 2 blocks are definitely lost in loss record 853 of 853
==12688==    at 0x4846828: malloc (in /usr/libexec/valgrind/vgpreload_memcheck-amd64-linux.so)
==12688==    by 0x4819CA: semantic__check_fn_body (in /mnt/c/Users/Juan/Documents/GitHub/Mapanare/mapanare/self/mnc-stage1)
==12688== 
==12688== LEAK SUMMARY:
==12688==    definitely lost: 63,000 bytes in 1,018 blocks
==12688==    indirectly lost: 80,274 bytes in 507 blocks
==12688==      possibly lost: 0 bytes in 0 blocks
==12688==    still reachable: 0 bytes in 0 blocks
==12688==         suppressed: 0 bytes in 0 blocks
==12688== 
==12688== For lists of detected and suppressed errors, rerun with: -s
==12688== ERROR SUMMARY: 0 errors from 0 contexts (suppressed: 0 from 0)
