==13582== Memcheck, a memory error detector
==13582== Copyright (C) 2002-2022, and GNU GPL'd, by Julian Seward et al.
==13582== Using Valgrind-3.22.0 and LibVEX; rerun with -h for copyright info
==13582== Command: /mnt/c/Users/Juan/Documents/GitHub/Mapanare/mapanare/self/mnc-stage1 /mnt/c/Users/Juan/Documents/GitHub/Mapanare/tests/golden/49_match_guards.mn -o docs/roadmap/v4/v4.142.0/valgrind-logs/49_match_guards.ll
==13582== 
==13582== 
==13582== HEAP SUMMARY:
==13582==     in use at exit: 151,745 bytes in 1,748 blocks
==13582==   total heap usage: 3,077 allocs, 1,329 frees, 225,367 bytes allocated
==13582== 
==13582== 2 bytes in 1 blocks are definitely lost in loss record 1 of 833
==13582==    at 0x484D953: calloc (in /usr/libexec/valgrind/vgpreload_memcheck-amd64-linux.so)
==13582==    by 0x739049: __mn_alloc (in /mnt/c/Users/Juan/Documents/GitHub/Mapanare/mapanare/self/mnc-stage1)
==13582==    by 0x73980B: __mn_str_from_parts (in /mnt/c/Users/Juan/Documents/GitHub/Mapanare/mapanare/self/mnc-stage1)
==13582==    by 0x41FA6B: lexer__scan_ident (in /mnt/c/Users/Juan/Documents/GitHub/Mapanare/mapanare/self/mnc-stage1)
==13582==    by 0x6A7778F: ???
==13582==    by 0x8000000000000000: ???
==13582==    by 0x6A733D7: ???
==13582== 
==13582== 2 bytes in 1 blocks are definitely lost in loss record 2 of 833
==13582==    at 0x484D953: calloc (in /usr/libexec/valgrind/vgpreload_memcheck-amd64-linux.so)
==13582==    by 0x739049: __mn_alloc (in /mnt/c/Users/Juan/Documents/GitHub/Mapanare/mapanare/self/mnc-stage1)
==13582==    by 0x73980B: __mn_str_from_parts (in /mnt/c/Users/Juan/Documents/GitHub/Mapanare/mapanare/self/mnc-stage1)
==13582==    by 0x41FA6B: lexer__scan_ident (in /mnt/c/Users/Juan/Documents/GitHub/Mapanare/mapanare/self/mnc-stage1)
==13582==    by 0x6A7782F: ???
==13582==    by 0x8000000000000001: ???
==13582==    by 0x6A733D7: ???
==13582== 
==13582== 2 bytes in 1 blocks are definitely lost in loss record 3 of 833
==13582==    at 0x484D953: calloc (in /usr/libexec/valgrind/vgpreload_memcheck-amd64-linux.so)
==13582==    by 0x739049: __mn_alloc (in /mnt/c/Users/Juan/Documents/GitHub/Mapanare/mapanare/self/mnc-stage1)
==13582==    by 0x73980B: __mn_str_from_parts (in /mnt/c/Users/Juan/Documents/GitHub/Mapanare/mapanare/self/mnc-stage1)
==13582==    by 0x41FA6B: lexer__scan_ident (in /mnt/c/Users/Juan/Documents/GitHub/Mapanare/mapanare/self/mnc-stage1)
==13582==    by 0x6A77C5F: ???
==13582==    by 0x8000000000000000: ???
==13582==    by 0x6A733D7: ???
==13582==    by 0x3: ???
==13582== 
==13582== 2 bytes in 1 blocks are definitely lost in loss record 4 of 833
==13582==    at 0x484D953: calloc (in /usr/libexec/valgrind/vgpreload_memcheck-amd64-linux.so)
==13582==    by 0x739049: __mn_alloc (in /mnt/c/Users/Juan/Documents/GitHub/Mapanare/mapanare/self/mnc-stage1)
==13582==    by 0x73980B: __mn_str_from_parts (in /mnt/c/Users/Juan/Documents/GitHub/Mapanare/mapanare/self/mnc-stage1)
==13582==    by 0x41FA6B: lexer__scan_ident (in /mnt/c/Users/Juan/Documents/GitHub/Mapanare/mapanare/self/mnc-stage1)
==13582==    by 0x6A77CFF: ???
==13582==    by 0x8000000000000001: ???
==13582==    by 0x6A733D7: ???
==13582==    by 0x3: ???
==13582== 
==13582== 2 bytes in 1 blocks are definitely lost in loss record 5 of 833
==13582==    at 0x484D953: calloc (in /usr/libexec/valgrind/vgpreload_memcheck-amd64-linux.so)
==13582==    by 0x739049: __mn_alloc (in /mnt/c/Users/Juan/Documents/GitHub/Mapanare/mapanare/self/mnc-stage1)
==13582==    by 0x73980B: __mn_str_from_parts (in /mnt/c/Users/Juan/Documents/GitHub/Mapanare/mapanare/self/mnc-stage1)
==13582==    by 0x41FA6B: lexer__scan_ident (in /mnt/c/Users/Juan/Documents/GitHub/Mapanare/mapanare/self/mnc-stage1)
==13582==    by 0x6A77D9F: ???
==13582==    by 0x8000000000000002: ???
==13582==    by 0x6A733D7: ???
==13582==    by 0x3: ???
==13582== 
==13582== 2 bytes in 1 blocks are definitely lost in loss record 6 of 833
==13582==    at 0x484D953: calloc (in /usr/libexec/valgrind/vgpreload_memcheck-amd64-linux.so)
==13582==    by 0x739049: __mn_alloc (in /mnt/c/Users/Juan/Documents/GitHub/Mapanare/mapanare/self/mnc-stage1)
==13582==    by 0x73980B: __mn_str_from_parts (in /mnt/c/Users/Juan/Documents/GitHub/Mapanare/mapanare/self/mnc-stage1)
==13582==    by 0x41FA6B: lexer__scan_ident (in /mnt/c/Users/Juan/Documents/GitHub/Mapanare/mapanare/self/mnc-stage1)
==13582==    by 0x6A77E3F: ???
==13582==    by 0x8000000000000003: ???
==13582==    by 0x6A733D7: ???
==13582==    by 0x3: ???
==13582== 
==13582== 2 bytes in 1 blocks are definitely lost in loss record 7 of 833
==13582==    at 0x484D953: calloc (in /usr/libexec/valgrind/vgpreload_memcheck-amd64-linux.so)
==13582==    by 0x739049: __mn_alloc (in /mnt/c/Users/Juan/Documents/GitHub/Mapanare/mapanare/self/mnc-stage1)
==13582==    by 0x73980B: __mn_str_from_parts (in /mnt/c/Users/Juan/Documents/GitHub/Mapanare/mapanare/self/mnc-stage1)
==13582==    by 0x41FA6B: lexer__scan_ident (in /mnt/c/Users/Juan/Documents/GitHub/Mapanare/mapanare/self/mnc-stage1)
==13582==    by 0x6A77EDF: ???
==13582==    by 0x8000000000000004: ???
==13582==    by 0x6A733D7: ???
==13582==    by 0x3: ???
==13582== 
==13582== 2 bytes in 1 blocks are definitely lost in loss record 8 of 833
==13582==    at 0x484D953: calloc (in /usr/libexec/valgrind/vgpreload_memcheck-amd64-linux.so)
==13582==    by 0x739049: __mn_alloc (in /mnt/c/Users/Juan/Documents/GitHub/Mapanare/mapanare/self/mnc-stage1)
==13582==    by 0x73980B: __mn_str_from_parts (in /mnt/c/Users/Juan/Documents/GitHub/Mapanare/mapanare/self/mnc-stage1)
==13582==    by 0x41FA6B: lexer__scan_ident (in /mnt/c/Users/Juan/Documents/GitHub/Mapanare/mapanare/self/mnc-stage1)
==13582==    by 0x6A77F7F: ???
==13582==    by 0x8000000000000005: ???
==13582==    by 0x6A733D7: ???
==13582==    by 0x3: ???
==13582== 
==13582== 2 bytes in 1 blocks are definitely lost in loss record 9 of 833
==13582==    at 0x484D953: calloc (in /usr/libexec/valgrind/vgpreload_memcheck-amd64-linux.so)
==13582==    by 0x739049: __mn_alloc (in /mnt/c/Users/Juan/Documents/GitHub/Mapanare/mapanare/self/mnc-stage1)
==13582==    by 0x73980B: __mn_str_from_parts (in /mnt/c/Users/Juan/Documents/GitHub/Mapanare/mapanare/self/mnc-stage1)
==13582==    by 0x41FA6B: lexer__scan_ident (in /mnt/c/Users/Juan/Documents/GitHub/Mapanare/mapanare/self/mnc-stage1)
==13582==    by 0x6A7801F: ???
==13582==    by 0x8000000000000006: ???
==13582==    by 0x6A733D7: ???
==13582==    by 0x3: ???
==13582== 
==13582== 2 bytes in 1 blocks are definitely lost in loss record 10 of 833
==13582==    at 0x484D953: calloc (in /usr/libexec/valgrind/vgpreload_memcheck-amd64-linux.so)
==13582==    by 0x739049: __mn_alloc (in /mnt/c/Users/Juan/Documents/GitHub/Mapanare/mapanare/self/mnc-stage1)
==13582==    by 0x73980B: __mn_str_from_parts (in /mnt/c/Users/Juan/Documents/GitHub/Mapanare/mapanare/self/mnc-stage1)
==13582==    by 0x41FA6B: lexer__scan_ident (in /mnt/c/Users/Juan/Documents/GitHub/Mapanare/mapanare/self/mnc-stage1)
==13582==    by 0x6A780BF: ???
==13582==    by 0x8000000000000007: ???
==13582==    by 0x6A733D7: ???
==13582==    by 0x3: ???
==13582== 
==13582== 2 bytes in 1 blocks are definitely lost in loss record 11 of 833
==13582==    at 0x484D953: calloc (in /usr/libexec/valgrind/vgpreload_memcheck-amd64-linux.so)
==13582==    by 0x739049: __mn_alloc (in /mnt/c/Users/Juan/Documents/GitHub/Mapanare/mapanare/self/mnc-stage1)
==13582==    by 0x73980B: __mn_str_from_parts (in /mnt/c/Users/Juan/Documents/GitHub/Mapanare/mapanare/self/mnc-stage1)
==13582==    by 0x41FA6B: lexer__scan_ident (in /mnt/c/Users/Juan/Documents/GitHub/Mapanare/mapanare/self/mnc-stage1)
==13582==    by 0x6A7833F: ???
==13582==    by 0x8000000000000000: ???
==13582==    by 0x6A733D7: ???
==13582==    by 0xC: ???
==13582== 
==13582== 2 bytes in 1 blocks are definitely lost in loss record 12 of 833
==13582==    at 0x484D953: calloc (in /usr/libexec/valgrind/vgpreload_memcheck-amd64-linux.so)
==13582==    by 0x739049: __mn_alloc (in /mnt/c/Users/Juan/Documents/GitHub/Mapanare/mapanare/self/mnc-stage1)
==13582==    by 0x73980B: __mn_str_from_parts (in /mnt/c/Users/Juan/Documents/GitHub/Mapanare/mapanare/self/mnc-stage1)
==13582==    by 0x41FA6B: lexer__scan_ident (in /mnt/c/Users/Juan/Documents/GitHub/Mapanare/mapanare/self/mnc-stage1)
==13582==    by 0x6A7860F: ???
==13582==    by 0x8000000000000000: ???
==13582==    by 0x6A733D7: ???
==13582==    by 0xF: ???
==13582== 
==13582== 2 bytes in 1 blocks are definitely lost in loss record 13 of 833
==13582==    at 0x484D953: calloc (in /usr/libexec/valgrind/vgpreload_memcheck-amd64-linux.so)
==13582==    by 0x739049: __mn_alloc (in /mnt/c/Users/Juan/Documents/GitHub/Mapanare/mapanare/self/mnc-stage1)
==13582==    by 0x73980B: __mn_str_from_parts (in /mnt/c/Users/Juan/Documents/GitHub/Mapanare/mapanare/self/mnc-stage1)
==13582==    by 0x41FA6B: lexer__scan_ident (in /mnt/c/Users/Juan/Documents/GitHub/Mapanare/mapanare/self/mnc-stage1)
==13582==    by 0x6A786AF: ???
==13582==    by 0x8000000000000001: ???
==13582==    by 0x6A733D7: ???
==13582==    by 0xF: ???
==13582== 
==13582== 2 bytes in 1 blocks are definitely lost in loss record 14 of 833
==13582==    at 0x484D953: calloc (in /usr/libexec/valgrind/vgpreload_memcheck-amd64-linux.so)
==13582==    by 0x739049: __mn_alloc (in /mnt/c/Users/Juan/Documents/GitHub/Mapanare/mapanare/self/mnc-stage1)
==13582==    by 0x73980B: __mn_str_from_parts (in /mnt/c/Users/Juan/Documents/GitHub/Mapanare/mapanare/self/mnc-stage1)
==13582==    by 0x41FA6B: lexer__scan_ident (in /mnt/c/Users/Juan/Documents/GitHub/Mapanare/mapanare/self/mnc-stage1)
==13582==    by 0x6A7874F: ???
==13582==    by 0x8000000000000002: ???
==13582==    by 0x6A733D7: ???
==13582==    by 0xF: ???
==13582== 
==13582== 2 bytes in 1 blocks are definitely lost in loss record 15 of 833
==13582==    at 0x484D953: calloc (in /usr/libexec/valgrind/vgpreload_memcheck-amd64-linux.so)
==13582==    by 0x739049: __mn_alloc (in /mnt/c/Users/Juan/Documents/GitHub/Mapanare/mapanare/self/mnc-stage1)
==13582==    by 0x73980B: __mn_str_from_parts (in /mnt/c/Users/Juan/Documents/GitHub/Mapanare/mapanare/self/mnc-stage1)
==13582==    by 0x41FA6B: lexer__scan_ident (in /mnt/c/Users/Juan/Documents/GitHub/Mapanare/mapanare/self/mnc-stage1)
==13582==    by 0x6A78B5F: ???
==13582==    by 0x8000000000000000: ???
==13582==    by 0x6A733D7: ???
==13582==    by 0x17: ???
==13582== 
==13582== 2 bytes in 1 blocks are definitely lost in loss record 16 of 833
==13582==    at 0x484D953: calloc (in /usr/libexec/valgrind/vgpreload_memcheck-amd64-linux.so)
==13582==    by 0x739049: __mn_alloc (in /mnt/c/Users/Juan/Documents/GitHub/Mapanare/mapanare/self/mnc-stage1)
==13582==    by 0x73980B: __mn_str_from_parts (in /mnt/c/Users/Juan/Documents/GitHub/Mapanare/mapanare/self/mnc-stage1)
==13582==    by 0x41FA6B: lexer__scan_ident (in /mnt/c/Users/Juan/Documents/GitHub/Mapanare/mapanare/self/mnc-stage1)
==13582==    by 0x6A78BFF: ???
==13582==    by 0x8000000000000001: ???
==13582==    by 0x6A733D7: ???
==13582==    by 0x17: ???
==13582== 
==13582== 2 bytes in 1 blocks are definitely lost in loss record 17 of 833
==13582==    at 0x484D953: calloc (in /usr/libexec/valgrind/vgpreload_memcheck-amd64-linux.so)
==13582==    by 0x739049: __mn_alloc (in /mnt/c/Users/Juan/Documents/GitHub/Mapanare/mapanare/self/mnc-stage1)
==13582==    by 0x73980B: __mn_str_from_parts (in /mnt/c/Users/Juan/Documents/GitHub/Mapanare/mapanare/self/mnc-stage1)
==13582==    by 0x41FA6B: lexer__scan_ident (in /mnt/c/Users/Juan/Documents/GitHub/Mapanare/mapanare/self/mnc-stage1)
==13582==    by 0x6A78C9F: ???
==13582==    by 0x8000000000000002: ???
==13582==    by 0x6A733D7: ???
==13582==    by 0x17: ???
==13582== 
==13582== 2 bytes in 1 blocks are definitely lost in loss record 18 of 833
==13582==    at 0x484D953: calloc (in /usr/libexec/valgrind/vgpreload_memcheck-amd64-linux.so)
==13582==    by 0x739049: __mn_alloc (in /mnt/c/Users/Juan/Documents/GitHub/Mapanare/mapanare/self/mnc-stage1)
==13582==    by 0x73980B: __mn_str_from_parts (in /mnt/c/Users/Juan/Documents/GitHub/Mapanare/mapanare/self/mnc-stage1)
==13582==    by 0x41FA6B: lexer__scan_ident (in /mnt/c/Users/Juan/Documents/GitHub/Mapanare/mapanare/self/mnc-stage1)
==13582==    by 0x6A78D3F: ???
==13582==    by 0x8000000000000003: ???
==13582==    by 0x6A733D7: ???
==13582==    by 0x17: ???
==13582== 
==13582== 2 bytes in 1 blocks are definitely lost in loss record 19 of 833
==13582==    at 0x484D953: calloc (in /usr/libexec/valgrind/vgpreload_memcheck-amd64-linux.so)
==13582==    by 0x739049: __mn_alloc (in /mnt/c/Users/Juan/Documents/GitHub/Mapanare/mapanare/self/mnc-stage1)
==13582==    by 0x73980B: __mn_str_from_parts (in /mnt/c/Users/Juan/Documents/GitHub/Mapanare/mapanare/self/mnc-stage1)
==13582==    by 0x41FA6B: lexer__scan_ident (in /mnt/c/Users/Juan/Documents/GitHub/Mapanare/mapanare/self/mnc-stage1)
==13582==    by 0x6A78DDF: ???
==13582==    by 0x8000000000000004: ???
==13582==    by 0x6A733D7: ???
==13582==    by 0x17: ???
==13582== 
==13582== 2 bytes in 1 blocks are definitely lost in loss record 20 of 833
==13582==    at 0x484D953: calloc (in /usr/libexec/valgrind/vgpreload_memcheck-amd64-linux.so)
==13582==    by 0x739049: __mn_alloc (in /mnt/c/Users/Juan/Documents/GitHub/Mapanare/mapanare/self/mnc-stage1)
==13582==    by 0x73980B: __mn_str_from_parts (in /mnt/c/Users/Juan/Documents/GitHub/Mapanare/mapanare/self/mnc-stage1)
==13582==    by 0x41FA6B: lexer__scan_ident (in /mnt/c/Users/Juan/Documents/GitHub/Mapanare/mapanare/self/mnc-stage1)
==13582==    by 0x6A78E7F: ???
==13582==    by 0x8000000000000005: ???
==13582==    by 0x6A733D7: ???
==13582==    by 0x17: ???
==13582== 
==13582== 2 bytes in 1 blocks are definitely lost in loss record 21 of 833
==13582==    at 0x484D953: calloc (in /usr/libexec/valgrind/vgpreload_memcheck-amd64-linux.so)
==13582==    by 0x739049: __mn_alloc (in /mnt/c/Users/Juan/Documents/GitHub/Mapanare/mapanare/self/mnc-stage1)
==13582==    by 0x73980B: __mn_str_from_parts (in /mnt/c/Users/Juan/Documents/GitHub/Mapanare/mapanare/self/mnc-stage1)
==13582==    by 0x41FA6B: lexer__scan_ident (in /mnt/c/Users/Juan/Documents/GitHub/Mapanare/mapanare/self/mnc-stage1)
==13582==    by 0x6A7972F: ???
==13582==    by 0x8000000000000000: ???
==13582==    by 0x6A733D7: ???
==13582==    by 0x4: ???
==13582==    by 0x1: ???
==13582==    by 0x6A7751F: ???
==13582==    by 0x8000000000000000: ???
==13582==    by 0x4: ???
==13582==    by 0x23: ???
==13582== 
==13582== 2 bytes in 1 blocks are definitely lost in loss record 22 of 833
==13582==    at 0x484D953: calloc (in /usr/libexec/valgrind/vgpreload_memcheck-amd64-linux.so)
==13582==    by 0x739049: __mn_alloc (in /mnt/c/Users/Juan/Documents/GitHub/Mapanare/mapanare/self/mnc-stage1)
==13582==    by 0x73980B: __mn_str_from_parts (in /mnt/c/Users/Juan/Documents/GitHub/Mapanare/mapanare/self/mnc-stage1)
==13582==    by 0x41FA6B: lexer__scan_ident (in /mnt/c/Users/Juan/Documents/GitHub/Mapanare/mapanare/self/mnc-stage1)
==13582==    by 0x6A797CF: ???
==13582==    by 0x8000000000000001: ???
==13582==    by 0x6A733D7: ???
==13582==    by 0x4: ???
==13582==    by 0x1: ???
==13582==    by 0x6A7751F: ???
==13582==    by 0x8000000000000000: ???
==13582==    by 0x4: ???
==13582==    by 0x23: ???
==13582== 
==13582== 2 bytes in 1 blocks are definitely lost in loss record 23 of 833
==13582==    at 0x484D953: calloc (in /usr/libexec/valgrind/vgpreload_memcheck-amd64-linux.so)
==13582==    by 0x739049: __mn_alloc (in /mnt/c/Users/Juan/Documents/GitHub/Mapanare/mapanare/self/mnc-stage1)
==13582==    by 0x73980B: __mn_str_from_parts (in /mnt/c/Users/Juan/Documents/GitHub/Mapanare/mapanare/self/mnc-stage1)
==13582==    by 0x41FA6B: lexer__scan_ident (in /mnt/c/Users/Juan/Documents/GitHub/Mapanare/mapanare/self/mnc-stage1)
==13582==    by 0x6A7986F: ???
==13582==    by 0x8000000000000002: ???
==13582==    by 0x6A733D7: ???
==13582==    by 0x4: ???
==13582==    by 0x1: ???
==13582==    by 0x6A7751F: ???
==13582==    by 0x8000000000000000: ???
==13582==    by 0x4: ???
==13582==    by 0x23: ???
==13582== 
==13582== 2 bytes in 1 blocks are definitely lost in loss record 24 of 833
==13582==    at 0x484D953: calloc (in /usr/libexec/valgrind/vgpreload_memcheck-amd64-linux.so)
==13582==    by 0x739049: __mn_alloc (in /mnt/c/Users/Juan/Documents/GitHub/Mapanare/mapanare/self/mnc-stage1)
==13582==    by 0x73980B: __mn_str_from_parts (in /mnt/c/Users/Juan/Documents/GitHub/Mapanare/mapanare/self/mnc-stage1)
==13582==    by 0x41FA6B: lexer__scan_ident (in /mnt/c/Users/Juan/Documents/GitHub/Mapanare/mapanare/self/mnc-stage1)
==13582==    by 0x6A7990F: ???
==13582==    by 0x8000000000000003: ???
==13582==    by 0x6A733D7: ???
==13582==    by 0x4: ???
==13582==    by 0x1: ???
==13582==    by 0x6A7751F: ???
==13582==    by 0x8000000000000000: ???
==13582==    by 0x4: ???
==13582==    by 0x23: ???
==13582== 
==13582== 2 bytes in 1 blocks are definitely lost in loss record 25 of 833
==13582==    at 0x484D953: calloc (in /usr/libexec/valgrind/vgpreload_memcheck-amd64-linux.so)
==13582==    by 0x739049: __mn_alloc (in /mnt/c/Users/Juan/Documents/GitHub/Mapanare/mapanare/self/mnc-stage1)
==13582==    by 0x73980B: __mn_str_from_parts (in /mnt/c/Users/Juan/Documents/GitHub/Mapanare/mapanare/self/mnc-stage1)
==13582==    by 0x41FA6B: lexer__scan_ident (in /mnt/c/Users/Juan/Documents/GitHub/Mapanare/mapanare/self/mnc-stage1)
==13582==    by 0x6A799AF: ???
==13582==    by 0x8000000000000004: ???
==13582==    by 0x6A733D7: ???
==13582==    by 0x4: ???
==13582==    by 0x1: ???
==13582==    by 0x6A7751F: ???
==13582==    by 0x8000000000000000: ???
==13582==    by 0x4: ???
==13582==    by 0x23: ???
==13582== 
==13582== 2 bytes in 1 blocks are definitely lost in loss record 26 of 833
==13582==    at 0x484D953: calloc (in /usr/libexec/valgrind/vgpreload_memcheck-amd64-linux.so)
==13582==    by 0x739049: __mn_alloc (in /mnt/c/Users/Juan/Documents/GitHub/Mapanare/mapanare/self/mnc-stage1)
==13582==    by 0x73980B: __mn_str_from_parts (in /mnt/c/Users/Juan/Documents/GitHub/Mapanare/mapanare/self/mnc-stage1)
==13582==    by 0x41FA6B: lexer__scan_ident (in /mnt/c/Users/Juan/Documents/GitHub/Mapanare/mapanare/self/mnc-stage1)
==13582==    by 0x6A79B8F: ???
==13582==    by 0x8000000000000000: ???
==13582==    by 0x6A733D7: ???
==13582==    by 0xA: ???
==13582==    by 0x1: ???
==13582==    by 0x6A7751F: ???
==13582==    by 0x8000000000000000: ???
==13582==    by 0xA: ???
==13582==    by 0x29: ???
==13582== 
==13582== 2 bytes in 1 blocks are definitely lost in loss record 27 of 833
==13582==    at 0x484D953: calloc (in /usr/libexec/valgrind/vgpreload_memcheck-amd64-linux.so)
==13582==    by 0x739049: __mn_alloc (in /mnt/c/Users/Juan/Documents/GitHub/Mapanare/mapanare/self/mnc-stage1)
==13582==    by 0x73980B: __mn_str_from_parts (in /mnt/c/Users/Juan/Documents/GitHub/Mapanare/mapanare/self/mnc-stage1)
==13582==    by 0x41FA6B: lexer__scan_ident (in /mnt/c/Users/Juan/Documents/GitHub/Mapanare/mapanare/self/mnc-stage1)
==13582==    by 0x6A7A12F: ???
==13582==    by 0x8000000000000000: ???
==13582==    by 0x6A733D7: ???
==13582==    by 0x8: ???
==13582==    by 0x2: ???
==13582==    by 0x6A7751F: ???
==13582==    by 0x8000000000000000: ???
==13582==    by 0x8: ???
==13582==    by 0x35: ???
==13582== 
==13582== 2 bytes in 1 blocks are definitely lost in loss record 28 of 833
==13582==    at 0x484D953: calloc (in /usr/libexec/valgrind/vgpreload_memcheck-amd64-linux.so)
==13582==    by 0x739049: __mn_alloc (in /mnt/c/Users/Juan/Documents/GitHub/Mapanare/mapanare/self/mnc-stage1)
==13582==    by 0x73980B: __mn_str_from_parts (in /mnt/c/Users/Juan/Documents/GitHub/Mapanare/mapanare/self/mnc-stage1)
==13582==    by 0x41FA6B: lexer__scan_ident (in /mnt/c/Users/Juan/Documents/GitHub/Mapanare/mapanare/self/mnc-stage1)
==13582==    by 0x6A7A30F: ???
==13582==    by 0x8000000000000000: ???
==13582==    by 0x6A733D7: ???
==13582==    by 0xA: ???
==13582==    by 0x2: ???
==13582==    by 0x6A7751F: ???
==13582==    by 0x8000000000000000: ???
==13582==    by 0xA: ???
==13582==    by 0x37: ???
==13582== 
==13582== 2 bytes in 1 blocks are definitely lost in loss record 29 of 833
==13582==    at 0x484D953: calloc (in /usr/libexec/valgrind/vgpreload_memcheck-amd64-linux.so)
==13582==    by 0x739049: __mn_alloc (in /mnt/c/Users/Juan/Documents/GitHub/Mapanare/mapanare/self/mnc-stage1)
==13582==    by 0x73980B: __mn_str_from_parts (in /mnt/c/Users/Juan/Documents/GitHub/Mapanare/mapanare/self/mnc-stage1)
==13582==    by 0x41FA6B: lexer__scan_ident (in /mnt/c/Users/Juan/Documents/GitHub/Mapanare/mapanare/self/mnc-stage1)
==13582==    by 0x6A7A3AF: ???
==13582==    by 0x8000000000000001: ???
==13582==    by 0x6A733D7: ???
==13582==    by 0xA: ???
==13582==    by 0x2: ???
==13582==    by 0x6A7751F: ???
==13582==    by 0x8000000000000000: ???
==13582==    by 0xA: ???
==13582==    by 0x37: ???
==13582== 
==13582== 2 bytes in 1 blocks are definitely lost in loss record 30 of 833
==13582==    at 0x484D953: calloc (in /usr/libexec/valgrind/vgpreload_memcheck-amd64-linux.so)
==13582==    by 0x739049: __mn_alloc (in /mnt/c/Users/Juan/Documents/GitHub/Mapanare/mapanare/self/mnc-stage1)
==13582==    by 0x73980B: __mn_str_from_parts (in /mnt/c/Users/Juan/Documents/GitHub/Mapanare/mapanare/self/mnc-stage1)
==13582==    by 0x41FA6B: lexer__scan_ident (in /mnt/c/Users/Juan/Documents/GitHub/Mapanare/mapanare/self/mnc-stage1)
==13582==    by 0x6A7A58F: ???
==13582==    by 0x8000000000000000: ???
==13582==    by 0x6A733D7: ???
==13582==    by 0xD: ???
==13582==    by 0x2: ???
==13582==    by 0x6A7751F: ???
==13582==    by 0x8000000000000000: ???
==13582==    by 0xD: ???
==13582==    by 0x3A: ???
==13582== 
==13582== 2 bytes in 1 blocks are definitely lost in loss record 31 of 833
==13582==    at 0x484D953: calloc (in /usr/libexec/valgrind/vgpreload_memcheck-amd64-linux.so)
==13582==    by 0x739049: __mn_alloc (in /mnt/c/Users/Juan/Documents/GitHub/Mapanare/mapanare/self/mnc-stage1)
==13582==    by 0x73980B: __mn_str_from_parts (in /mnt/c/Users/Juan/Documents/GitHub/Mapanare/mapanare/self/mnc-stage1)
==13582==    by 0x41FBC6: lexer__scan_number (in /mnt/c/Users/Juan/Documents/GitHub/Mapanare/mapanare/self/mnc-stage1)
==13582==    by 0x6A7A6CF: ???
==13582==    by 0x6A73257: ???
==13582== 
==13582== 2 bytes in 1 blocks are definitely lost in loss record 32 of 833
==13582==    at 0x484D953: calloc (in /usr/libexec/valgrind/vgpreload_memcheck-amd64-linux.so)
==13582==    by 0x739049: __mn_alloc (in /mnt/c/Users/Juan/Documents/GitHub/Mapanare/mapanare/self/mnc-stage1)
==13582==    by 0x73980B: __mn_str_from_parts (in /mnt/c/Users/Juan/Documents/GitHub/Mapanare/mapanare/self/mnc-stage1)
==13582==    by 0x42002C: lexer__scan_number (in /mnt/c/Users/Juan/Documents/GitHub/Mapanare/mapanare/self/mnc-stage1)
==13582==    by 0x6A7B19F: ???
==13582==    by 0x6A73257: ???
==13582==    by 0x8000000000000000: ???
==13582==    by 0x6A7B05F: ???
==13582==    by 0x8000000000000000: ???
==13582== 
==13582== 2 bytes in 1 blocks are definitely lost in loss record 33 of 833
==13582==    at 0x484D953: calloc (in /usr/libexec/valgrind/vgpreload_memcheck-amd64-linux.so)
==13582==    by 0x739049: __mn_alloc (in /mnt/c/Users/Juan/Documents/GitHub/Mapanare/mapanare/self/mnc-stage1)
==13582==    by 0x73980B: __mn_str_from_parts (in /mnt/c/Users/Juan/Documents/GitHub/Mapanare/mapanare/self/mnc-stage1)
==13582==    by 0x41FBC6: lexer__scan_number (in /mnt/c/Users/Juan/Documents/GitHub/Mapanare/mapanare/self/mnc-stage1)
==13582==    by 0x6A7BA0F: ???
==13582==    by 0x6A73257: ???
==13582== 
==13582== 2 bytes in 1 blocks are definitely lost in loss record 34 of 833
==13582==    at 0x484D953: calloc (in /usr/libexec/valgrind/vgpreload_memcheck-amd64-linux.so)
==13582==    by 0x739049: __mn_alloc (in /mnt/c/Users/Juan/Documents/GitHub/Mapanare/mapanare/self/mnc-stage1)
==13582==    by 0x73980B: __mn_str_from_parts (in /mnt/c/Users/Juan/Documents/GitHub/Mapanare/mapanare/self/mnc-stage1)
==13582==    by 0x42002C: lexer__scan_number (in /mnt/c/Users/Juan/Documents/GitHub/Mapanare/mapanare/self/mnc-stage1)
==13582==    by 0x6A7BF0F: ???
==13582==    by 0x6A73257: ???
==13582==    by 0x8000000000000000: ???
==13582==    by 0x6A7BDCF: ???
==13582==    by 0x8000000000000000: ???
==13582== 
==13582== 2 bytes in 1 blocks are definitely lost in loss record 35 of 833
==13582==    at 0x484D953: calloc (in /usr/libexec/valgrind/vgpreload_memcheck-amd64-linux.so)
==13582==    by 0x739049: __mn_alloc (in /mnt/c/Users/Juan/Documents/GitHub/Mapanare/mapanare/self/mnc-stage1)
==13582==    by 0x73980B: __mn_str_from_parts (in /mnt/c/Users/Juan/Documents/GitHub/Mapanare/mapanare/self/mnc-stage1)
==13582==    by 0x41FA6B: lexer__scan_ident (in /mnt/c/Users/Juan/Documents/GitHub/Mapanare/mapanare/self/mnc-stage1)
==13582==    by 0x6A7C95F: ???
==13582==    by 0x8000000000000000: ???
==13582==    by 0x6A733D7: ???
==13582==    by 0x8: ???
==13582==    by 0x4: ???
==13582==    by 0x6A7751F: ???
==13582==    by 0x8000000000000000: ???
==13582==    by 0x8: ???
==13582==    by 0x6C: ???
==13582== 
==13582== 2 bytes in 1 blocks are definitely lost in loss record 36 of 833
==13582==    at 0x484D953: calloc (in /usr/libexec/valgrind/vgpreload_memcheck-amd64-linux.so)
==13582==    by 0x739049: __mn_alloc (in /mnt/c/Users/Juan/Documents/GitHub/Mapanare/mapanare/self/mnc-stage1)
==13582==    by 0x73980B: __mn_str_from_parts (in /mnt/c/Users/Juan/Documents/GitHub/Mapanare/mapanare/self/mnc-stage1)
==13582==    by 0x41FA6B: lexer__scan_ident (in /mnt/c/Users/Juan/Documents/GitHub/Mapanare/mapanare/self/mnc-stage1)
==13582==    by 0x6A7CB3F: ???
==13582==    by 0x8000000000000000: ???
==13582==    by 0x6A733D7: ???
==13582==    by 0xA: ???
==13582==    by 0x4: ???
==13582==    by 0x6A7751F: ???
==13582==    by 0x8000000000000000: ???
==13582==    by 0xA: ???
==13582==    by 0x6E: ???
==13582== 
==13582== 2 bytes in 1 blocks are definitely lost in loss record 37 of 833
==13582==    at 0x484D953: calloc (in /usr/libexec/valgrind/vgpreload_memcheck-amd64-linux.so)
==13582==    by 0x739049: __mn_alloc (in /mnt/c/Users/Juan/Documents/GitHub/Mapanare/mapanare/self/mnc-stage1)
==13582==    by 0x73980B: __mn_str_from_parts (in /mnt/c/Users/Juan/Documents/GitHub/Mapanare/mapanare/self/mnc-stage1)
==13582==    by 0x41FA6B: lexer__scan_ident (in /mnt/c/Users/Juan/Documents/GitHub/Mapanare/mapanare/self/mnc-stage1)
==13582==    by 0x6A7CBDF: ???
==13582==    by 0x8000000000000001: ???
==13582==    by 0x6A733D7: ???
==13582==    by 0xA: ???
==13582==    by 0x4: ???
==13582==    by 0x6A7751F: ???
==13582==    by 0x8000000000000000: ???
==13582==    by 0xA: ???
==13582==    by 0x6E: ???
==13582== 
==13582== 2 bytes in 1 blocks are definitely lost in loss record 38 of 833
==13582==    at 0x484D953: calloc (in /usr/libexec/valgrind/vgpreload_memcheck-amd64-linux.so)
==13582==    by 0x739049: __mn_alloc (in /mnt/c/Users/Juan/Documents/GitHub/Mapanare/mapanare/self/mnc-stage1)
==13582==    by 0x73980B: __mn_str_from_parts (in /mnt/c/Users/Juan/Documents/GitHub/Mapanare/mapanare/self/mnc-stage1)
==13582==    by 0x41FA6B: lexer__scan_ident (in /mnt/c/Users/Juan/Documents/GitHub/Mapanare/mapanare/self/mnc-stage1)
==13582==    by 0x6A7CDBF: ???
==13582==    by 0x8000000000000000: ???
==13582==    by 0x6A733D7: ???
==13582==    by 0xD: ???
==13582==    by 0x4: ???
==13582==    by 0x6A7751F: ???
==13582==    by 0x8000000000000000: ???
==13582==    by 0xD: ???
==13582==    by 0x71: ???
==13582== 
==13582== 2 bytes in 1 blocks are definitely lost in loss record 39 of 833
==13582==    at 0x484D953: calloc (in /usr/libexec/valgrind/vgpreload_memcheck-amd64-linux.so)
==13582==    by 0x739049: __mn_alloc (in /mnt/c/Users/Juan/Documents/GitHub/Mapanare/mapanare/self/mnc-stage1)
==13582==    by 0x73980B: __mn_str_from_parts (in /mnt/c/Users/Juan/Documents/GitHub/Mapanare/mapanare/self/mnc-stage1)
==13582==    by 0x41FBC6: lexer__scan_number (in /mnt/c/Users/Juan/Documents/GitHub/Mapanare/mapanare/self/mnc-stage1)
==13582==    by 0x6A7CEFF: ???
==13582==    by 0x6A73257: ???
==13582== 
==13582== 2 bytes in 1 blocks are definitely lost in loss record 40 of 833
==13582==    at 0x484D953: calloc (in /usr/libexec/valgrind/vgpreload_memcheck-amd64-linux.so)
==13582==    by 0x739049: __mn_alloc (in /mnt/c/Users/Juan/Documents/GitHub/Mapanare/mapanare/self/mnc-stage1)
==13582==    by 0x73980B: __mn_str_from_parts (in /mnt/c/Users/Juan/Documents/GitHub/Mapanare/mapanare/self/mnc-stage1)
==13582==    by 0x42002C: lexer__scan_number (in /mnt/c/Users/Juan/Documents/GitHub/Mapanare/mapanare/self/mnc-stage1)
==13582==    by 0x6A7D17F: ???
==13582==    by 0x6A73257: ???
==13582==    by 0x8000000000000000: ???
==13582==    by 0x6A7D03F: ???
==13582==    by 0x8000000000000000: ???
==13582== 
==13582== 2 bytes in 1 blocks are definitely lost in loss record 41 of 833
==13582==    at 0x484D953: calloc (in /usr/libexec/valgrind/vgpreload_memcheck-amd64-linux.so)
==13582==    by 0x739049: __mn_alloc (in /mnt/c/Users/Juan/Documents/GitHub/Mapanare/mapanare/self/mnc-stage1)
==13582==    by 0x73980B: __mn_str_from_parts (in /mnt/c/Users/Juan/Documents/GitHub/Mapanare/mapanare/self/mnc-stage1)
==13582==    by 0x41FA6B: lexer__scan_ident (in /mnt/c/Users/Juan/Documents/GitHub/Mapanare/mapanare/self/mnc-stage1)
==13582==    by 0x6A7D49F: ???
==13582==    by 0x8000000000000000: ???
==13582==    by 0x6A733D7: ???
==13582==    by 0x16: ???
==13582==    by 0x4: ???
==13582==    by 0x6A7751F: ???
==13582==    by 0x8000000000000000: ???
==13582==    by 0x16: ???
==13582==    by 0x7A: ???
==13582== 
==13582== 2 bytes in 1 blocks are definitely lost in loss record 42 of 833
==13582==    at 0x484D953: calloc (in /usr/libexec/valgrind/vgpreload_memcheck-amd64-linux.so)
==13582==    by 0x739049: __mn_alloc (in /mnt/c/Users/Juan/Documents/GitHub/Mapanare/mapanare/self/mnc-stage1)
==13582==    by 0x73980B: __mn_str_from_parts (in /mnt/c/Users/Juan/Documents/GitHub/Mapanare/mapanare/self/mnc-stage1)
==13582==    by 0x42002C: lexer__scan_number (in /mnt/c/Users/Juan/Documents/GitHub/Mapanare/mapanare/self/mnc-stage1)
==13582==    by 0x6A7E85F: ???
==13582==    by 0x6A73257: ???
==13582==    by 0x8000000000000000: ???
==13582==    by 0x6A7E76F: ???
==13582==    by 0x8000000000000000: ???
==13582== 
==13582== 2 bytes in 1 blocks are definitely lost in loss record 43 of 833
==13582==    at 0x484D953: calloc (in /usr/libexec/valgrind/vgpreload_memcheck-amd64-linux.so)
==13582==    by 0x739049: __mn_alloc (in /mnt/c/Users/Juan/Documents/GitHub/Mapanare/mapanare/self/mnc-stage1)
==13582==    by 0x73980B: __mn_str_from_parts (in /mnt/c/Users/Juan/Documents/GitHub/Mapanare/mapanare/self/mnc-stage1)
==13582==    by 0x42002C: lexer__scan_number (in /mnt/c/Users/Juan/Documents/GitHub/Mapanare/mapanare/self/mnc-stage1)
==13582==    by 0x6A7E8FF: ???
==13582==    by 0x6A73257: ???
==13582==    by 0x8000000000000001: ???
==13582==    by 0x6A7E76F: ???
==13582==    by 0x8000000000000000: ???
==13582== 
==13582== 2 bytes in 1 blocks are definitely lost in loss record 44 of 833
==13582==    at 0x484D953: calloc (in /usr/libexec/valgrind/vgpreload_memcheck-amd64-linux.so)
==13582==    by 0x739049: __mn_alloc (in /mnt/c/Users/Juan/Documents/GitHub/Mapanare/mapanare/self/mnc-stage1)
==13582==    by 0x73980B: __mn_str_from_parts (in /mnt/c/Users/Juan/Documents/GitHub/Mapanare/mapanare/self/mnc-stage1)
==13582==    by 0x41FA6B: lexer__scan_ident (in /mnt/c/Users/Juan/Documents/GitHub/Mapanare/mapanare/self/mnc-stage1)
==13582==    by 0x6A7F3EF: ???
==13582==    by 0x8000000000000000: ???
==13582==    by 0x6A733D7: ???
==13582==    by 0x8: ???
==13582==    by 0x5: ???
==13582==    by 0x6A7751F: ???
==13582==    by 0x8000000000000000: ???
==13582==    by 0x8: ???
==13582==    by 0x95: ???
==13582== 
==13582== 2 bytes in 1 blocks are definitely lost in loss record 45 of 833
==13582==    at 0x484D953: calloc (in /usr/libexec/valgrind/vgpreload_memcheck-amd64-linux.so)
==13582==    by 0x739049: __mn_alloc (in /mnt/c/Users/Juan/Documents/GitHub/Mapanare/mapanare/self/mnc-stage1)
==13582==    by 0x73980B: __mn_str_from_parts (in /mnt/c/Users/Juan/Documents/GitHub/Mapanare/mapanare/self/mnc-stage1)
==13582==    by 0x41FA6B: lexer__scan_ident (in /mnt/c/Users/Juan/Documents/GitHub/Mapanare/mapanare/self/mnc-stage1)
==13582==    by 0x6A7F5CF: ???
==13582==    by 0x8000000000000000: ???
==13582==    by 0x6A733D7: ???
==13582==    by 0xA: ???
==13582==    by 0x5: ???
==13582==    by 0x6A7751F: ???
==13582==    by 0x8000000000000000: ???
==13582==    by 0xA: ???
==13582==    by 0x97: ???
==13582== 
==13582== 2 bytes in 1 blocks are definitely lost in loss record 46 of 833
==13582==    at 0x484D953: calloc (in /usr/libexec/valgrind/vgpreload_memcheck-amd64-linux.so)
==13582==    by 0x739049: __mn_alloc (in /mnt/c/Users/Juan/Documents/GitHub/Mapanare/mapanare/self/mnc-stage1)
==13582==    by 0x73980B: __mn_str_from_parts (in /mnt/c/Users/Juan/Documents/GitHub/Mapanare/mapanare/self/mnc-stage1)
==13582==    by 0x41FA6B: lexer__scan_ident (in /mnt/c/Users/Juan/Documents/GitHub/Mapanare/mapanare/self/mnc-stage1)
==13582==    by 0x6A7F66F: ???
==13582==    by 0x8000000000000001: ???
==13582==    by 0x6A733D7: ???
==13582==    by 0xA: ???
==13582==    by 0x5: ???
==13582==    by 0x6A7751F: ???
==13582==    by 0x8000000000000000: ???
==13582==    by 0xA: ???
==13582==    by 0x97: ???
==13582== 
==13582== 2 bytes in 1 blocks are definitely lost in loss record 47 of 833
==13582==    at 0x484D953: calloc (in /usr/libexec/valgrind/vgpreload_memcheck-amd64-linux.so)
==13582==    by 0x739049: __mn_alloc (in /mnt/c/Users/Juan/Documents/GitHub/Mapanare/mapanare/self/mnc-stage1)
==13582==    by 0x73980B: __mn_str_from_parts (in /mnt/c/Users/Juan/Documents/GitHub/Mapanare/mapanare/self/mnc-stage1)
==13582==    by 0x41FA6B: lexer__scan_ident (in /mnt/c/Users/Juan/Documents/GitHub/Mapanare/mapanare/self/mnc-stage1)
==13582==    by 0x6A7F84F: ???
==13582==    by 0x8000000000000000: ???
==13582==    by 0x6A733D7: ???
==13582==    by 0xD: ???
==13582==    by 0x5: ???
==13582==    by 0x6A7751F: ???
==13582==    by 0x8000000000000000: ???
==13582==    by 0xD: ???
==13582==    by 0x9A: ???
==13582== 
==13582== 2 bytes in 1 blocks are definitely lost in loss record 48 of 833
==13582==    at 0x484D953: calloc (in /usr/libexec/valgrind/vgpreload_memcheck-amd64-linux.so)
==13582==    by 0x739049: __mn_alloc (in /mnt/c/Users/Juan/Documents/GitHub/Mapanare/mapanare/self/mnc-stage1)
==13582==    by 0x73980B: __mn_str_from_parts (in /mnt/c/Users/Juan/Documents/GitHub/Mapanare/mapanare/self/mnc-stage1)
==13582==    by 0x42002C: lexer__scan_number (in /mnt/c/Users/Juan/Documents/GitHub/Mapanare/mapanare/self/mnc-stage1)
==13582==    by 0x6A7FBBF: ???
==13582==    by 0x6A73257: ???
==13582==    by 0x8000000000000000: ???
==13582==    by 0x6A7FACF: ???
==13582==    by 0x8000000000000000: ???
==13582== 
==13582== 2 bytes in 1 blocks are definitely lost in loss record 49 of 833
==13582==    at 0x484D953: calloc (in /usr/libexec/valgrind/vgpreload_memcheck-amd64-linux.so)
==13582==    by 0x739049: __mn_alloc (in /mnt/c/Users/Juan/Documents/GitHub/Mapanare/mapanare/self/mnc-stage1)
==13582==    by 0x73980B: __mn_str_from_parts (in /mnt/c/Users/Juan/Documents/GitHub/Mapanare/mapanare/self/mnc-stage1)
==13582==    by 0x42002C: lexer__scan_number (in /mnt/c/Users/Juan/Documents/GitHub/Mapanare/mapanare/self/mnc-stage1)
==13582==    by 0x6A7FC5F: ???
==13582==    by 0x6A73257: ???
==13582==    by 0x8000000000000001: ???
==13582==    by 0x6A7FACF: ???
==13582==    by 0x8000000000000000: ???
==13582== 
==13582== 2 bytes in 1 blocks are definitely lost in loss record 50 of 833
==13582==    at 0x484D953: calloc (in /usr/libexec/valgrind/vgpreload_memcheck-amd64-linux.so)
==13582==    by 0x739049: __mn_alloc (in /mnt/c/Users/Juan/Documents/GitHub/Mapanare/mapanare/self/mnc-stage1)
==13582==    by 0x73980B: __mn_str_from_parts (in /mnt/c/Users/Juan/Documents/GitHub/Mapanare/mapanare/self/mnc-stage1)
==13582==    by 0x41FA6B: lexer__scan_ident (in /mnt/c/Users/Juan/Documents/GitHub/Mapanare/mapanare/self/mnc-stage1)
==13582==    by 0x6A8074F: ???
==13582==    by 0x8000000000000000: ???
==13582==    by 0x6A733D7: ???
==13582==    by 0x8: ???
==13582==    by 0x6: ???
==13582==    by 0x6A7751F: ???
==13582==    by 0x8000000000000000: ???
==13582==    by 0x8: ???
==13582==    by 0xB6: ???
==13582== 
==13582== 2 bytes in 1 blocks are definitely lost in loss record 51 of 833
==13582==    at 0x484D953: calloc (in /usr/libexec/valgrind/vgpreload_memcheck-amd64-linux.so)
==13582==    by 0x739049: __mn_alloc (in /mnt/c/Users/Juan/Documents/GitHub/Mapanare/mapanare/self/mnc-stage1)
==13582==    by 0x73980B: __mn_str_from_parts (in /mnt/c/Users/Juan/Documents/GitHub/Mapanare/mapanare/self/mnc-stage1)
==13582==    by 0x41FA6B: lexer__scan_ident (in /mnt/c/Users/Juan/Documents/GitHub/Mapanare/mapanare/self/mnc-stage1)
==13582==    by 0x6A8169F: ???
==13582==    by 0x8000000000000000: ???
==13582==    by 0x6A733D7: ???
==13582== 
==13582== 2 bytes in 1 blocks are definitely lost in loss record 52 of 833
==13582==    at 0x484D953: calloc (in /usr/libexec/valgrind/vgpreload_memcheck-amd64-linux.so)
==13582==    by 0x739049: __mn_alloc (in /mnt/c/Users/Juan/Documents/GitHub/Mapanare/mapanare/self/mnc-stage1)
==13582==    by 0x73980B: __mn_str_from_parts (in /mnt/c/Users/Juan/Documents/GitHub/Mapanare/mapanare/self/mnc-stage1)
==13582==    by 0x41FA6B: lexer__scan_ident (in /mnt/c/Users/Juan/Documents/GitHub/Mapanare/mapanare/self/mnc-stage1)
==13582==    by 0x6A8173F: ???
==13582==    by 0x8000000000000001: ???
==13582==    by 0x6A733D7: ???
==13582== 
==13582== 2 bytes in 1 blocks are definitely lost in loss record 53 of 833
==13582==    at 0x484D953: calloc (in /usr/libexec/valgrind/vgpreload_memcheck-amd64-linux.so)
==13582==    by 0x739049: __mn_alloc (in /mnt/c/Users/Juan/Documents/GitHub/Mapanare/mapanare/self/mnc-stage1)
==13582==    by 0x73980B: __mn_str_from_parts (in /mnt/c/Users/Juan/Documents/GitHub/Mapanare/mapanare/self/mnc-stage1)
==13582==    by 0x41FA6B: lexer__scan_ident (in /mnt/c/Users/Juan/Documents/GitHub/Mapanare/mapanare/self/mnc-stage1)
==13582==    by 0x6A8191F: ???
==13582==    by 0x8000000000000000: ???
==13582==    by 0x6A733D7: ???
==13582==    by 0x3: ???
==13582==    by 0xA: ???
==13582==    by 0x6A7751F: ???
==13582==    by 0x8000000000000000: ???
==13582==    by 0x3: ???
==13582==    by 0xD5: ???
==13582== 
==13582== 2 bytes in 1 blocks are definitely lost in loss record 54 of 833
==13582==    at 0x484D953: calloc (in /usr/libexec/valgrind/vgpreload_memcheck-amd64-linux.so)
==13582==    by 0x739049: __mn_alloc (in /mnt/c/Users/Juan/Documents/GitHub/Mapanare/mapanare/self/mnc-stage1)
==13582==    by 0x73980B: __mn_str_from_parts (in /mnt/c/Users/Juan/Documents/GitHub/Mapanare/mapanare/self/mnc-stage1)
==13582==    by 0x41FA6B: lexer__scan_ident (in /mnt/c/Users/Juan/Documents/GitHub/Mapanare/mapanare/self/mnc-stage1)
==13582==    by 0x6A819BF: ???
==13582==    by 0x8000000000000001: ???
==13582==    by 0x6A733D7: ???
==13582==    by 0x3: ???
==13582==    by 0xA: ???
==13582==    by 0x6A7751F: ???
==13582==    by 0x8000000000000000: ???
==13582==    by 0x3: ???
==13582==    by 0xD5: ???
==13582== 
==13582== 2 bytes in 1 blocks are definitely lost in loss record 55 of 833
==13582==    at 0x484D953: calloc (in /usr/libexec/valgrind/vgpreload_memcheck-amd64-linux.so)
==13582==    by 0x739049: __mn_alloc (in /mnt/c/Users/Juan/Documents/GitHub/Mapanare/mapanare/self/mnc-stage1)
==13582==    by 0x73980B: __mn_str_from_parts (in /mnt/c/Users/Juan/Documents/GitHub/Mapanare/mapanare/self/mnc-stage1)
==13582==    by 0x41FA6B: lexer__scan_ident (in /mnt/c/Users/Juan/Documents/GitHub/Mapanare/mapanare/self/mnc-stage1)
==13582==    by 0x6A81A5F: ???
==13582==    by 0x8000000000000002: ???
==13582==    by 0x6A733D7: ???
==13582==    by 0x3: ???
==13582==    by 0xA: ???
==13582==    by 0x6A7751F: ???
==13582==    by 0x8000000000000000: ???
==13582==    by 0x3: ???
==13582==    by 0xD5: ???
==13582== 
==13582== 2 bytes in 1 blocks are definitely lost in loss record 56 of 833
==13582==    at 0x484D953: calloc (in /usr/libexec/valgrind/vgpreload_memcheck-amd64-linux.so)
==13582==    by 0x739049: __mn_alloc (in /mnt/c/Users/Juan/Documents/GitHub/Mapanare/mapanare/self/mnc-stage1)
==13582==    by 0x73980B: __mn_str_from_parts (in /mnt/c/Users/Juan/Documents/GitHub/Mapanare/mapanare/self/mnc-stage1)
==13582==    by 0x41FA6B: lexer__scan_ident (in /mnt/c/Users/Juan/Documents/GitHub/Mapanare/mapanare/self/mnc-stage1)
==13582==    by 0x6A81AFF: ???
==13582==    by 0x8000000000000003: ???
==13582==    by 0x6A733D7: ???
==13582==    by 0x3: ???
==13582==    by 0xA: ???
==13582==    by 0x6A7751F: ???
==13582==    by 0x8000000000000000: ???
==13582==    by 0x3: ???
==13582==    by 0xD5: ???
==13582== 
==13582== 2 bytes in 1 blocks are definitely lost in loss record 57 of 833
==13582==    at 0x484D953: calloc (in /usr/libexec/valgrind/vgpreload_memcheck-amd64-linux.so)
==13582==    by 0x739049: __mn_alloc (in /mnt/c/Users/Juan/Documents/GitHub/Mapanare/mapanare/self/mnc-stage1)
==13582==    by 0x73980B: __mn_str_from_parts (in /mnt/c/Users/Juan/Documents/GitHub/Mapanare/mapanare/self/mnc-stage1)
==13582==    by 0x41FA6B: lexer__scan_ident (in /mnt/c/Users/Juan/Documents/GitHub/Mapanare/mapanare/self/mnc-stage1)
==13582==    by 0x6A8213F: ???
==13582==    by 0x8000000000000000: ???
==13582==    by 0x6A733D7: ???
==13582==    by 0x4: ???
==13582==    by 0xB: ???
==13582==    by 0x6A7751F: ???
==13582==    by 0x8000000000000000: ???
==13582==    by 0x4: ???
==13582==    by 0xE2: ???
==13582== 
==13582== 2 bytes in 1 blocks are definitely lost in loss record 58 of 833
==13582==    at 0x484D953: calloc (in /usr/libexec/valgrind/vgpreload_memcheck-amd64-linux.so)
==13582==    by 0x739049: __mn_alloc (in /mnt/c/Users/Juan/Documents/GitHub/Mapanare/mapanare/self/mnc-stage1)
==13582==    by 0x73980B: __mn_str_from_parts (in /mnt/c/Users/Juan/Documents/GitHub/Mapanare/mapanare/self/mnc-stage1)
==13582==    by 0x41FA6B: lexer__scan_ident (in /mnt/c/Users/Juan/Documents/GitHub/Mapanare/mapanare/self/mnc-stage1)
==13582==    by 0x6A821DF: ???
==13582==    by 0x8000000000000001: ???
==13582==    by 0x6A733D7: ???
==13582==    by 0x4: ???
==13582==    by 0xB: ???
==13582==    by 0x6A7751F: ???
==13582==    by 0x8000000000000000: ???
==13582==    by 0x4: ???
==13582==    by 0xE2: ???
==13582== 
==13582== 2 bytes in 1 blocks are definitely lost in loss record 59 of 833
==13582==    at 0x484D953: calloc (in /usr/libexec/valgrind/vgpreload_memcheck-amd64-linux.so)
==13582==    by 0x739049: __mn_alloc (in /mnt/c/Users/Juan/Documents/GitHub/Mapanare/mapanare/self/mnc-stage1)
==13582==    by 0x73980B: __mn_str_from_parts (in /mnt/c/Users/Juan/Documents/GitHub/Mapanare/mapanare/self/mnc-stage1)
==13582==    by 0x41FA6B: lexer__scan_ident (in /mnt/c/Users/Juan/Documents/GitHub/Mapanare/mapanare/self/mnc-stage1)
==13582==    by 0x6A8227F: ???
==13582==    by 0x8000000000000002: ???
==13582==    by 0x6A733D7: ???
==13582==    by 0x4: ???
==13582==    by 0xB: ???
==13582==    by 0x6A7751F: ???
==13582==    by 0x8000000000000000: ???
==13582==    by 0x4: ???
==13582==    by 0xE2: ???
==13582== 
==13582== 2 bytes in 1 blocks are definitely lost in loss record 60 of 833
==13582==    at 0x484D953: calloc (in /usr/libexec/valgrind/vgpreload_memcheck-amd64-linux.so)
==13582==    by 0x739049: __mn_alloc (in /mnt/c/Users/Juan/Documents/GitHub/Mapanare/mapanare/self/mnc-stage1)
==13582==    by 0x73980B: __mn_str_from_parts (in /mnt/c/Users/Juan/Documents/GitHub/Mapanare/mapanare/self/mnc-stage1)
==13582==    by 0x41FA6B: lexer__scan_ident (in /mnt/c/Users/Juan/Documents/GitHub/Mapanare/mapanare/self/mnc-stage1)
==13582==    by 0x6A8231F: ???
==13582==    by 0x8000000000000003: ???
==13582==    by 0x6A733D7: ???
==13582==    by 0x4: ???
==13582==    by 0xB: ???
==13582==    by 0x6A7751F: ???
==13582==    by 0x8000000000000000: ???
==13582==    by 0x4: ???
==13582==    by 0xE2: ???
==13582== 
==13582== 2 bytes in 1 blocks are definitely lost in loss record 61 of 833
==13582==    at 0x484D953: calloc (in /usr/libexec/valgrind/vgpreload_memcheck-amd64-linux.so)
==13582==    by 0x739049: __mn_alloc (in /mnt/c/Users/Juan/Documents/GitHub/Mapanare/mapanare/self/mnc-stage1)
==13582==    by 0x73980B: __mn_str_from_parts (in /mnt/c/Users/Juan/Documents/GitHub/Mapanare/mapanare/self/mnc-stage1)
==13582==    by 0x41FA6B: lexer__scan_ident (in /mnt/c/Users/Juan/Documents/GitHub/Mapanare/mapanare/self/mnc-stage1)
==13582==    by 0x6A823BF: ???
==13582==    by 0x8000000000000004: ???
==13582==    by 0x6A733D7: ???
==13582==    by 0x4: ???
==13582==    by 0xB: ???
==13582==    by 0x6A7751F: ???
==13582==    by 0x8000000000000000: ???
==13582==    by 0x4: ???
==13582==    by 0xE2: ???
==13582== 
==13582== 2 bytes in 1 blocks are definitely lost in loss record 62 of 833
==13582==    at 0x484D953: calloc (in /usr/libexec/valgrind/vgpreload_memcheck-amd64-linux.so)
==13582==    by 0x739049: __mn_alloc (in /mnt/c/Users/Juan/Documents/GitHub/Mapanare/mapanare/self/mnc-stage1)
==13582==    by 0x73980B: __mn_str_from_parts (in /mnt/c/Users/Juan/Documents/GitHub/Mapanare/mapanare/self/mnc-stage1)
==13582==    by 0x41FA6B: lexer__scan_ident (in /mnt/c/Users/Juan/Documents/GitHub/Mapanare/mapanare/self/mnc-stage1)
==13582==    by 0x6A8263F: ???
==13582==    by 0x8000000000000000: ???
==13582==    by 0x6A733D7: ???
==13582==    by 0xA: ???
==13582==    by 0xB: ???
==13582==    by 0x6A7751F: ???
==13582==    by 0x8000000000000000: ???
==13582==    by 0xA: ???
==13582==    by 0xE8: ???
==13582== 
==13582== 2 bytes in 1 blocks are definitely lost in loss record 63 of 833
==13582==    at 0x484D953: calloc (in /usr/libexec/valgrind/vgpreload_memcheck-amd64-linux.so)
==13582==    by 0x739049: __mn_alloc (in /mnt/c/Users/Juan/Documents/GitHub/Mapanare/mapanare/self/mnc-stage1)
==13582==    by 0x73980B: __mn_str_from_parts (in /mnt/c/Users/Juan/Documents/GitHub/Mapanare/mapanare/self/mnc-stage1)
==13582==    by 0x41FA6B: lexer__scan_ident (in /mnt/c/Users/Juan/Documents/GitHub/Mapanare/mapanare/self/mnc-stage1)
==13582==    by 0x6A826DF: ???
==13582==    by 0x8000000000000001: ???
==13582==    by 0x6A733D7: ???
==13582==    by 0xA: ???
==13582==    by 0xB: ???
==13582==    by 0x6A7751F: ???
==13582==    by 0x8000000000000000: ???
==13582==    by 0xA: ???
==13582==    by 0xE8: ???
==13582== 
==13582== 2 bytes in 1 blocks are definitely lost in loss record 64 of 833
==13582==    at 0x484D953: calloc (in /usr/libexec/valgrind/vgpreload_memcheck-amd64-linux.so)
==13582==    by 0x739049: __mn_alloc (in /mnt/c/Users/Juan/Documents/GitHub/Mapanare/mapanare/self/mnc-stage1)
==13582==    by 0x73980B: __mn_str_from_parts (in /mnt/c/Users/Juan/Documents/GitHub/Mapanare/mapanare/self/mnc-stage1)
==13582==    by 0x41FA6B: lexer__scan_ident (in /mnt/c/Users/Juan/Documents/GitHub/Mapanare/mapanare/self/mnc-stage1)
==13582==    by 0x6A8277F: ???
==13582==    by 0x8000000000000002: ???
==13582==    by 0x6A733D7: ???
==13582==    by 0xA: ???
==13582==    by 0xB: ???
==13582==    by 0x6A7751F: ???
==13582==    by 0x8000000000000000: ???
==13582==    by 0xA: ???
==13582==    by 0xE8: ???
==13582== 
==13582== 2 bytes in 1 blocks are definitely lost in loss record 65 of 833
==13582==    at 0x484D953: calloc (in /usr/libexec/valgrind/vgpreload_memcheck-amd64-linux.so)
==13582==    by 0x739049: __mn_alloc (in /mnt/c/Users/Juan/Documents/GitHub/Mapanare/mapanare/self/mnc-stage1)
==13582==    by 0x73980B: __mn_str_from_parts (in /mnt/c/Users/Juan/Documents/GitHub/Mapanare/mapanare/self/mnc-stage1)
==13582==    by 0x41FA6B: lexer__scan_ident (in /mnt/c/Users/Juan/Documents/GitHub/Mapanare/mapanare/self/mnc-stage1)
==13582==    by 0x6A8281F: ???
==13582==    by 0x8000000000000003: ???
==13582==    by 0x6A733D7: ???
==13582==    by 0xA: ???
==13582==    by 0xB: ???
==13582==    by 0x6A7751F: ???
==13582==    by 0x8000000000000000: ???
==13582==    by 0xA: ???
==13582==    by 0xE8: ???
==13582== 
==13582== 2 bytes in 1 blocks are definitely lost in loss record 66 of 833
==13582==    at 0x484D953: calloc (in /usr/libexec/valgrind/vgpreload_memcheck-amd64-linux.so)
==13582==    by 0x739049: __mn_alloc (in /mnt/c/Users/Juan/Documents/GitHub/Mapanare/mapanare/self/mnc-stage1)
==13582==    by 0x73980B: __mn_str_from_parts (in /mnt/c/Users/Juan/Documents/GitHub/Mapanare/mapanare/self/mnc-stage1)
==13582==    by 0x41FA6B: lexer__scan_ident (in /mnt/c/Users/Juan/Documents/GitHub/Mapanare/mapanare/self/mnc-stage1)
==13582==    by 0x6A828BF: ???
==13582==    by 0x8000000000000004: ???
==13582==    by 0x6A733D7: ???
==13582==    by 0xA: ???
==13582==    by 0xB: ???
==13582==    by 0x6A7751F: ???
==13582==    by 0x8000000000000000: ???
==13582==    by 0xA: ???
==13582==    by 0xE8: ???
==13582== 
==13582== 2 bytes in 1 blocks are definitely lost in loss record 67 of 833
==13582==    at 0x484D953: calloc (in /usr/libexec/valgrind/vgpreload_memcheck-amd64-linux.so)
==13582==    by 0x739049: __mn_alloc (in /mnt/c/Users/Juan/Documents/GitHub/Mapanare/mapanare/self/mnc-stage1)
==13582==    by 0x73980B: __mn_str_from_parts (in /mnt/c/Users/Juan/Documents/GitHub/Mapanare/mapanare/self/mnc-stage1)
==13582==    by 0x41FA6B: lexer__scan_ident (in /mnt/c/Users/Juan/Documents/GitHub/Mapanare/mapanare/self/mnc-stage1)
==13582==    by 0x6A8295F: ???
==13582==    by 0x8000000000000005: ???
==13582==    by 0x6A733D7: ???
==13582==    by 0xA: ???
==13582==    by 0xB: ???
==13582==    by 0x6A7751F: ???
==13582==    by 0x8000000000000000: ???
==13582==    by 0xA: ???
==13582==    by 0xE8: ???
==13582== 
==13582== 2 bytes in 1 blocks are definitely lost in loss record 68 of 833
==13582==    at 0x484D953: calloc (in /usr/libexec/valgrind/vgpreload_memcheck-amd64-linux.so)
==13582==    by 0x739049: __mn_alloc (in /mnt/c/Users/Juan/Documents/GitHub/Mapanare/mapanare/self/mnc-stage1)
==13582==    by 0x73980B: __mn_str_from_parts (in /mnt/c/Users/Juan/Documents/GitHub/Mapanare/mapanare/self/mnc-stage1)
==13582==    by 0x41FA6B: lexer__scan_ident (in /mnt/c/Users/Juan/Documents/GitHub/Mapanare/mapanare/self/mnc-stage1)
==13582==    by 0x6A829FF: ???
==13582==    by 0x8000000000000006: ???
==13582==    by 0x6A733D7: ???
==13582==    by 0xA: ???
==13582==    by 0xB: ???
==13582==    by 0x6A7751F: ???
==13582==    by 0x8000000000000000: ???
==13582==    by 0xA: ???
==13582==    by 0xE8: ???
==13582== 
==13582== 2 bytes in 1 blocks are definitely lost in loss record 69 of 833
==13582==    at 0x484D953: calloc (in /usr/libexec/valgrind/vgpreload_memcheck-amd64-linux.so)
==13582==    by 0x739049: __mn_alloc (in /mnt/c/Users/Juan/Documents/GitHub/Mapanare/mapanare/self/mnc-stage1)
==13582==    by 0x73980B: __mn_str_from_parts (in /mnt/c/Users/Juan/Documents/GitHub/Mapanare/mapanare/self/mnc-stage1)
==13582==    by 0x41FA6B: lexer__scan_ident (in /mnt/c/Users/Juan/Documents/GitHub/Mapanare/mapanare/self/mnc-stage1)
==13582==    by 0x6A82A9F: ???
==13582==    by 0x8000000000000007: ???
==13582==    by 0x6A733D7: ???
==13582==    by 0xA: ???
==13582==    by 0xB: ???
==13582==    by 0x6A7751F: ???
==13582==    by 0x8000000000000000: ???
==13582==    by 0xA: ???
==13582==    by 0xE8: ???
==13582== 
==13582== 2 bytes in 1 blocks are definitely lost in loss record 70 of 833
==13582==    at 0x484D953: calloc (in /usr/libexec/valgrind/vgpreload_memcheck-amd64-linux.so)
==13582==    by 0x739049: __mn_alloc (in /mnt/c/Users/Juan/Documents/GitHub/Mapanare/mapanare/self/mnc-stage1)
==13582==    by 0x73980B: __mn_str_from_parts (in /mnt/c/Users/Juan/Documents/GitHub/Mapanare/mapanare/self/mnc-stage1)
==13582==    by 0x42002C: lexer__scan_number (in /mnt/c/Users/Juan/Documents/GitHub/Mapanare/mapanare/self/mnc-stage1)
==13582==    by 0x6A82E5F: ???
==13582==    by 0x6A73257: ???
==13582==    by 0x8000000000000000: ???
==13582==    by 0x6A82D6F: ???
==13582==    by 0x8000000000000000: ???
==13582== 
==13582== 2 bytes in 1 blocks are definitely lost in loss record 71 of 833
==13582==    at 0x484D953: calloc (in /usr/libexec/valgrind/vgpreload_memcheck-amd64-linux.so)
==13582==    by 0x739049: __mn_alloc (in /mnt/c/Users/Juan/Documents/GitHub/Mapanare/mapanare/self/mnc-stage1)
==13582==    by 0x73980B: __mn_str_from_parts (in /mnt/c/Users/Juan/Documents/GitHub/Mapanare/mapanare/self/mnc-stage1)
==13582==    by 0x41FA6B: lexer__scan_ident (in /mnt/c/Users/Juan/Documents/GitHub/Mapanare/mapanare/self/mnc-stage1)
==13582==    by 0x6A8335F: ???
==13582==    by 0x8000000000000000: ???
==13582==    by 0x6A733D7: ???
==13582==    by 0x4: ???
==13582==    by 0xC: ???
==13582==    by 0x6A7751F: ???
==13582==    by 0x8000000000000000: ???
==13582==    by 0x4: ???
==13582==    by 0xFA: ???
==13582== 
==13582== 2 bytes in 1 blocks are definitely lost in loss record 72 of 833
==13582==    at 0x484D953: calloc (in /usr/libexec/valgrind/vgpreload_memcheck-amd64-linux.so)
==13582==    by 0x739049: __mn_alloc (in /mnt/c/Users/Juan/Documents/GitHub/Mapanare/mapanare/self/mnc-stage1)
==13582==    by 0x73980B: __mn_str_from_parts (in /mnt/c/Users/Juan/Documents/GitHub/Mapanare/mapanare/self/mnc-stage1)
==13582==    by 0x41FA6B: lexer__scan_ident (in /mnt/c/Users/Juan/Documents/GitHub/Mapanare/mapanare/self/mnc-stage1)
==13582==    by 0x6A833FF: ???
==13582==    by 0x8000000000000001: ???
==13582==    by 0x6A733D7: ???
==13582==    by 0x4: ???
==13582==    by 0xC: ???
==13582==    by 0x6A7751F: ???
==13582==    by 0x8000000000000000: ???
==13582==    by 0x4: ???
==13582==    by 0xFA: ???
==13582== 
==13582== 2 bytes in 1 blocks are definitely lost in loss record 73 of 833
==13582==    at 0x484D953: calloc (in /usr/libexec/valgrind/vgpreload_memcheck-amd64-linux.so)
==13582==    by 0x739049: __mn_alloc (in /mnt/c/Users/Juan/Documents/GitHub/Mapanare/mapanare/self/mnc-stage1)
==13582==    by 0x73980B: __mn_str_from_parts (in /mnt/c/Users/Juan/Documents/GitHub/Mapanare/mapanare/self/mnc-stage1)
==13582==    by 0x41FA6B: lexer__scan_ident (in /mnt/c/Users/Juan/Documents/GitHub/Mapanare/mapanare/self/mnc-stage1)
==13582==    by 0x6A8349F: ???
==13582==    by 0x8000000000000002: ???
==13582==    by 0x6A733D7: ???
==13582==    by 0x4: ???
==13582==    by 0xC: ???
==13582==    by 0x6A7751F: ???
==13582==    by 0x8000000000000000: ???
==13582==    by 0x4: ???
==13582==    by 0xFA: ???
==13582== 
==13582== 2 bytes in 1 blocks are definitely lost in loss record 74 of 833
==13582==    at 0x484D953: calloc (in /usr/libexec/valgrind/vgpreload_memcheck-amd64-linux.so)
==13582==    by 0x739049: __mn_alloc (in /mnt/c/Users/Juan/Documents/GitHub/Mapanare/mapanare/self/mnc-stage1)
==13582==    by 0x73980B: __mn_str_from_parts (in /mnt/c/Users/Juan/Documents/GitHub/Mapanare/mapanare/self/mnc-stage1)
==13582==    by 0x41FA6B: lexer__scan_ident (in /mnt/c/Users/Juan/Documents/GitHub/Mapanare/mapanare/self/mnc-stage1)
==13582==    by 0x6A8353F: ???
==13582==    by 0x8000000000000003: ???
==13582==    by 0x6A733D7: ???
==13582==    by 0x4: ???
==13582==    by 0xC: ???
==13582==    by 0x6A7751F: ???
==13582==    by 0x8000000000000000: ???
==13582==    by 0x4: ???
==13582==    by 0xFA: ???
==13582== 
==13582== 2 bytes in 1 blocks are definitely lost in loss record 75 of 833
==13582==    at 0x484D953: calloc (in /usr/libexec/valgrind/vgpreload_memcheck-amd64-linux.so)
==13582==    by 0x739049: __mn_alloc (in /mnt/c/Users/Juan/Documents/GitHub/Mapanare/mapanare/self/mnc-stage1)
==13582==    by 0x73980B: __mn_str_from_parts (in /mnt/c/Users/Juan/Documents/GitHub/Mapanare/mapanare/self/mnc-stage1)
==13582==    by 0x41FA6B: lexer__scan_ident (in /mnt/c/Users/Juan/Documents/GitHub/Mapanare/mapanare/self/mnc-stage1)
==13582==    by 0x6A835DF: ???
==13582==    by 0x8000000000000004: ???
==13582==    by 0x6A733D7: ???
==13582==    by 0x4: ???
==13582==    by 0xC: ???
==13582==    by 0x6A7751F: ???
==13582==    by 0x8000000000000000: ???
==13582==    by 0x4: ???
==13582==    by 0xFA: ???
==13582== 
==13582== 2 bytes in 1 blocks are definitely lost in loss record 76 of 833
==13582==    at 0x484D953: calloc (in /usr/libexec/valgrind/vgpreload_memcheck-amd64-linux.so)
==13582==    by 0x739049: __mn_alloc (in /mnt/c/Users/Juan/Documents/GitHub/Mapanare/mapanare/self/mnc-stage1)
==13582==    by 0x73980B: __mn_str_from_parts (in /mnt/c/Users/Juan/Documents/GitHub/Mapanare/mapanare/self/mnc-stage1)
==13582==    by 0x41FA6B: lexer__scan_ident (in /mnt/c/Users/Juan/Documents/GitHub/Mapanare/mapanare/self/mnc-stage1)
==13582==    by 0x6A858AF: ???
==13582==    by 0x8000000000000000: ???
==13582==    by 0x6A733D7: ???
==13582==    by 0xA: ???
==13582==    by 0xC: ???
==13582==    by 0x6A7751F: ???
==13582==    by 0x8000000000000000: ???
==13582==    by 0xA: ???
==13582==    by 0x100: ???
==13582== 
==13582== 2 bytes in 1 blocks are definitely lost in loss record 77 of 833
==13582==    at 0x484D953: calloc (in /usr/libexec/valgrind/vgpreload_memcheck-amd64-linux.so)
==13582==    by 0x739049: __mn_alloc (in /mnt/c/Users/Juan/Documents/GitHub/Mapanare/mapanare/self/mnc-stage1)
==13582==    by 0x73980B: __mn_str_from_parts (in /mnt/c/Users/Juan/Documents/GitHub/Mapanare/mapanare/self/mnc-stage1)
==13582==    by 0x41FA6B: lexer__scan_ident (in /mnt/c/Users/Juan/Documents/GitHub/Mapanare/mapanare/self/mnc-stage1)
==13582==    by 0x6A8594F: ???
==13582==    by 0x8000000000000001: ???
==13582==    by 0x6A733D7: ???
==13582==    by 0xA: ???
==13582==    by 0xC: ???
==13582==    by 0x6A7751F: ???
==13582==    by 0x8000000000000000: ???
==13582==    by 0xA: ???
==13582==    by 0x100: ???
==13582== 
==13582== 2 bytes in 1 blocks are definitely lost in loss record 78 of 833
==13582==    at 0x484D953: calloc (in /usr/libexec/valgrind/vgpreload_memcheck-amd64-linux.so)
==13582==    by 0x739049: __mn_alloc (in /mnt/c/Users/Juan/Documents/GitHub/Mapanare/mapanare/self/mnc-stage1)
==13582==    by 0x73980B: __mn_str_from_parts (in /mnt/c/Users/Juan/Documents/GitHub/Mapanare/mapanare/self/mnc-stage1)
==13582==    by 0x41FA6B: lexer__scan_ident (in /mnt/c/Users/Juan/Documents/GitHub/Mapanare/mapanare/self/mnc-stage1)
==13582==    by 0x6A859EF: ???
==13582==    by 0x8000000000000002: ???
==13582==    by 0x6A733D7: ???
==13582==    by 0xA: ???
==13582==    by 0xC: ???
==13582==    by 0x6A7751F: ???
==13582==    by 0x8000000000000000: ???
==13582==    by 0xA: ???
==13582==    by 0x100: ???
==13582== 
==13582== 2 bytes in 1 blocks are definitely lost in loss record 79 of 833
==13582==    at 0x484D953: calloc (in /usr/libexec/valgrind/vgpreload_memcheck-amd64-linux.so)
==13582==    by 0x739049: __mn_alloc (in /mnt/c/Users/Juan/Documents/GitHub/Mapanare/mapanare/self/mnc-stage1)
==13582==    by 0x73980B: __mn_str_from_parts (in /mnt/c/Users/Juan/Documents/GitHub/Mapanare/mapanare/self/mnc-stage1)
==13582==    by 0x41FA6B: lexer__scan_ident (in /mnt/c/Users/Juan/Documents/GitHub/Mapanare/mapanare/self/mnc-stage1)
==13582==    by 0x6A85A8F: ???
==13582==    by 0x8000000000000003: ???
==13582==    by 0x6A733D7: ???
==13582==    by 0xA: ???
==13582==    by 0xC: ???
==13582==    by 0x6A7751F: ???
==13582==    by 0x8000000000000000: ???
==13582==    by 0xA: ???
==13582==    by 0x100: ???
==13582== 
==13582== 2 bytes in 1 blocks are definitely lost in loss record 80 of 833
==13582==    at 0x484D953: calloc (in /usr/libexec/valgrind/vgpreload_memcheck-amd64-linux.so)
==13582==    by 0x739049: __mn_alloc (in /mnt/c/Users/Juan/Documents/GitHub/Mapanare/mapanare/self/mnc-stage1)
==13582==    by 0x73980B: __mn_str_from_parts (in /mnt/c/Users/Juan/Documents/GitHub/Mapanare/mapanare/self/mnc-stage1)
==13582==    by 0x41FA6B: lexer__scan_ident (in /mnt/c/Users/Juan/Documents/GitHub/Mapanare/mapanare/self/mnc-stage1)
==13582==    by 0x6A85B2F: ???
==13582==    by 0x8000000000000004: ???
==13582==    by 0x6A733D7: ???
==13582==    by 0xA: ???
==13582==    by 0xC: ???
==13582==    by 0x6A7751F: ???
==13582==    by 0x8000000000000000: ???
==13582==    by 0xA: ???
==13582==    by 0x100: ???
==13582== 
==13582== 2 bytes in 1 blocks are definitely lost in loss record 81 of 833
==13582==    at 0x484D953: calloc (in /usr/libexec/valgrind/vgpreload_memcheck-amd64-linux.so)
==13582==    by 0x739049: __mn_alloc (in /mnt/c/Users/Juan/Documents/GitHub/Mapanare/mapanare/self/mnc-stage1)
==13582==    by 0x73980B: __mn_str_from_parts (in /mnt/c/Users/Juan/Documents/GitHub/Mapanare/mapanare/self/mnc-stage1)
==13582==    by 0x41FA6B: lexer__scan_ident (in /mnt/c/Users/Juan/Documents/GitHub/Mapanare/mapanare/self/mnc-stage1)
==13582==    by 0x6A85BCF: ???
==13582==    by 0x8000000000000005: ???
==13582==    by 0x6A733D7: ???
==13582==    by 0xA: ???
==13582==    by 0xC: ???
==13582==    by 0x6A7751F: ???
==13582==    by 0x8000000000000000: ???
==13582==    by 0xA: ???
==13582==    by 0x100: ???
==13582== 
==13582== 2 bytes in 1 blocks are definitely lost in loss record 82 of 833
==13582==    at 0x484D953: calloc (in /usr/libexec/valgrind/vgpreload_memcheck-amd64-linux.so)
==13582==    by 0x739049: __mn_alloc (in /mnt/c/Users/Juan/Documents/GitHub/Mapanare/mapanare/self/mnc-stage1)
==13582==    by 0x73980B: __mn_str_from_parts (in /mnt/c/Users/Juan/Documents/GitHub/Mapanare/mapanare/self/mnc-stage1)
==13582==    by 0x41FA6B: lexer__scan_ident (in /mnt/c/Users/Juan/Documents/GitHub/Mapanare/mapanare/self/mnc-stage1)
==13582==    by 0x6A85C6F: ???
==13582==    by 0x8000000000000006: ???
==13582==    by 0x6A733D7: ???
==13582==    by 0xA: ???
==13582==    by 0xC: ???
==13582==    by 0x6A7751F: ???
==13582==    by 0x8000000000000000: ???
==13582==    by 0xA: ???
==13582==    by 0x100: ???
==13582== 
==13582== 2 bytes in 1 blocks are definitely lost in loss record 83 of 833
==13582==    at 0x484D953: calloc (in /usr/libexec/valgrind/vgpreload_memcheck-amd64-linux.so)
==13582==    by 0x739049: __mn_alloc (in /mnt/c/Users/Juan/Documents/GitHub/Mapanare/mapanare/self/mnc-stage1)
==13582==    by 0x73980B: __mn_str_from_parts (in /mnt/c/Users/Juan/Documents/GitHub/Mapanare/mapanare/self/mnc-stage1)
==13582==    by 0x41FA6B: lexer__scan_ident (in /mnt/c/Users/Juan/Documents/GitHub/Mapanare/mapanare/self/mnc-stage1)
==13582==    by 0x6A85D0F: ???
==13582==    by 0x8000000000000007: ???
==13582==    by 0x6A733D7: ???
==13582==    by 0xA: ???
==13582==    by 0xC: ???
==13582==    by 0x6A7751F: ???
==13582==    by 0x8000000000000000: ???
==13582==    by 0xA: ???
==13582==    by 0x100: ???
==13582== 
==13582== 2 bytes in 1 blocks are definitely lost in loss record 84 of 833
==13582==    at 0x484D953: calloc (in /usr/libexec/valgrind/vgpreload_memcheck-amd64-linux.so)
==13582==    by 0x739049: __mn_alloc (in /mnt/c/Users/Juan/Documents/GitHub/Mapanare/mapanare/self/mnc-stage1)
==13582==    by 0x73980B: __mn_str_from_parts (in /mnt/c/Users/Juan/Documents/GitHub/Mapanare/mapanare/self/mnc-stage1)
==13582==    by 0x41FBC6: lexer__scan_number (in /mnt/c/Users/Juan/Documents/GitHub/Mapanare/mapanare/self/mnc-stage1)
==13582==    by 0x6A85DFF: ???
==13582==    by 0x6A73257: ???
==13582== 
==13582== 2 bytes in 1 blocks are definitely lost in loss record 85 of 833
==13582==    at 0x484D953: calloc (in /usr/libexec/valgrind/vgpreload_memcheck-amd64-linux.so)
==13582==    by 0x739049: __mn_alloc (in /mnt/c/Users/Juan/Documents/GitHub/Mapanare/mapanare/self/mnc-stage1)
==13582==    by 0x73980B: __mn_str_from_parts (in /mnt/c/Users/Juan/Documents/GitHub/Mapanare/mapanare/self/mnc-stage1)
==13582==    by 0x42002C: lexer__scan_number (in /mnt/c/Users/Juan/Documents/GitHub/Mapanare/mapanare/self/mnc-stage1)
==13582==    by 0x6A8602F: ???
==13582==    by 0x6A73257: ???
==13582==    by 0x8000000000000000: ???
==13582==    by 0x6A85EEF: ???
==13582==    by 0x8000000000000000: ???
==13582== 
==13582== 2 bytes in 1 blocks are definitely lost in loss record 86 of 833
==13582==    at 0x484D953: calloc (in /usr/libexec/valgrind/vgpreload_memcheck-amd64-linux.so)
==13582==    by 0x739049: __mn_alloc (in /mnt/c/Users/Juan/Documents/GitHub/Mapanare/mapanare/self/mnc-stage1)
==13582==    by 0x73980B: __mn_str_from_parts (in /mnt/c/Users/Juan/Documents/GitHub/Mapanare/mapanare/self/mnc-stage1)
==13582==    by 0x41FA6B: lexer__scan_ident (in /mnt/c/Users/Juan/Documents/GitHub/Mapanare/mapanare/self/mnc-stage1)
==13582==    by 0x6A8652F: ???
==13582==    by 0x8000000000000000: ???
==13582==    by 0x6A733D7: ???
==13582==    by 0x4: ???
==13582==    by 0xD: ???
==13582==    by 0x6A7751F: ???
==13582==    by 0x8000000000000000: ???
==13582==    by 0x4: ???
==13582==    by 0x111: ???
==13582== 
==13582== 2 bytes in 1 blocks are definitely lost in loss record 87 of 833
==13582==    at 0x484D953: calloc (in /usr/libexec/valgrind/vgpreload_memcheck-amd64-linux.so)
==13582==    by 0x739049: __mn_alloc (in /mnt/c/Users/Juan/Documents/GitHub/Mapanare/mapanare/self/mnc-stage1)
==13582==    by 0x73980B: __mn_str_from_parts (in /mnt/c/Users/Juan/Documents/GitHub/Mapanare/mapanare/self/mnc-stage1)
==13582==    by 0x41FA6B: lexer__scan_ident (in /mnt/c/Users/Juan/Documents/GitHub/Mapanare/mapanare/self/mnc-stage1)
==13582==    by 0x6A865CF: ???
==13582==    by 0x8000000000000001: ???
==13582==    by 0x6A733D7: ???
==13582==    by 0x4: ???
==13582==    by 0xD: ???
==13582==    by 0x6A7751F: ???
==13582==    by 0x8000000000000000: ???
==13582==    by 0x4: ???
==13582==    by 0x111: ???
==13582== 
==13582== 2 bytes in 1 blocks are definitely lost in loss record 88 of 833
==13582==    at 0x484D953: calloc (in /usr/libexec/valgrind/vgpreload_memcheck-amd64-linux.so)
==13582==    by 0x739049: __mn_alloc (in /mnt/c/Users/Juan/Documents/GitHub/Mapanare/mapanare/self/mnc-stage1)
==13582==    by 0x73980B: __mn_str_from_parts (in /mnt/c/Users/Juan/Documents/GitHub/Mapanare/mapanare/self/mnc-stage1)
==13582==    by 0x41FA6B: lexer__scan_ident (in /mnt/c/Users/Juan/Documents/GitHub/Mapanare/mapanare/self/mnc-stage1)
==13582==    by 0x6A8666F: ???
==13582==    by 0x8000000000000002: ???
==13582==    by 0x6A733D7: ???
==13582==    by 0x4: ???
==13582==    by 0xD: ???
==13582==    by 0x6A7751F: ???
==13582==    by 0x8000000000000000: ???
==13582==    by 0x4: ???
==13582==    by 0x111: ???
==13582== 
==13582== 2 bytes in 1 blocks are definitely lost in loss record 89 of 833
==13582==    at 0x484D953: calloc (in /usr/libexec/valgrind/vgpreload_memcheck-amd64-linux.so)
==13582==    by 0x739049: __mn_alloc (in /mnt/c/Users/Juan/Documents/GitHub/Mapanare/mapanare/self/mnc-stage1)
==13582==    by 0x73980B: __mn_str_from_parts (in /mnt/c/Users/Juan/Documents/GitHub/Mapanare/mapanare/self/mnc-stage1)
==13582==    by 0x41FA6B: lexer__scan_ident (in /mnt/c/Users/Juan/Documents/GitHub/Mapanare/mapanare/self/mnc-stage1)
==13582==    by 0x6A8670F: ???
==13582==    by 0x8000000000000003: ???
==13582==    by 0x6A733D7: ???
==13582==    by 0x4: ???
==13582==    by 0xD: ???
==13582==    by 0x6A7751F: ???
==13582==    by 0x8000000000000000: ???
==13582==    by 0x4: ???
==13582==    by 0x111: ???
==13582== 
==13582== 2 bytes in 1 blocks are definitely lost in loss record 90 of 833
==13582==    at 0x484D953: calloc (in /usr/libexec/valgrind/vgpreload_memcheck-amd64-linux.so)
==13582==    by 0x739049: __mn_alloc (in /mnt/c/Users/Juan/Documents/GitHub/Mapanare/mapanare/self/mnc-stage1)
==13582==    by 0x73980B: __mn_str_from_parts (in /mnt/c/Users/Juan/Documents/GitHub/Mapanare/mapanare/self/mnc-stage1)
==13582==    by 0x41FA6B: lexer__scan_ident (in /mnt/c/Users/Juan/Documents/GitHub/Mapanare/mapanare/self/mnc-stage1)
==13582==    by 0x6A867AF: ???
==13582==    by 0x8000000000000004: ???
==13582==    by 0x6A733D7: ???
==13582==    by 0x4: ???
==13582==    by 0xD: ???
==13582==    by 0x6A7751F: ???
==13582==    by 0x8000000000000000: ???
==13582==    by 0x4: ???
==13582==    by 0x111: ???
==13582== 
==13582== 2 bytes in 1 blocks are definitely lost in loss record 91 of 833
==13582==    at 0x484D953: calloc (in /usr/libexec/valgrind/vgpreload_memcheck-amd64-linux.so)
==13582==    by 0x739049: __mn_alloc (in /mnt/c/Users/Juan/Documents/GitHub/Mapanare/mapanare/self/mnc-stage1)
==13582==    by 0x73980B: __mn_str_from_parts (in /mnt/c/Users/Juan/Documents/GitHub/Mapanare/mapanare/self/mnc-stage1)
==13582==    by 0x41FA6B: lexer__scan_ident (in /mnt/c/Users/Juan/Documents/GitHub/Mapanare/mapanare/self/mnc-stage1)
==13582==    by 0x6A86A2F: ???
==13582==    by 0x8000000000000000: ???
==13582==    by 0x6A733D7: ???
==13582==    by 0xA: ???
==13582==    by 0xD: ???
==13582==    by 0x6A7751F: ???
==13582==    by 0x8000000000000000: ???
==13582==    by 0xA: ???
==13582==    by 0x117: ???
==13582== 
==13582== 2 bytes in 1 blocks are definitely lost in loss record 92 of 833
==13582==    at 0x484D953: calloc (in /usr/libexec/valgrind/vgpreload_memcheck-amd64-linux.so)
==13582==    by 0x739049: __mn_alloc (in /mnt/c/Users/Juan/Documents/GitHub/Mapanare/mapanare/self/mnc-stage1)
==13582==    by 0x73980B: __mn_str_from_parts (in /mnt/c/Users/Juan/Documents/GitHub/Mapanare/mapanare/self/mnc-stage1)
==13582==    by 0x41FA6B: lexer__scan_ident (in /mnt/c/Users/Juan/Documents/GitHub/Mapanare/mapanare/self/mnc-stage1)
==13582==    by 0x6A86ACF: ???
==13582==    by 0x8000000000000001: ???
==13582==    by 0x6A733D7: ???
==13582==    by 0xA: ???
==13582==    by 0xD: ???
==13582==    by 0x6A7751F: ???
==13582==    by 0x8000000000000000: ???
==13582==    by 0xA: ???
==13582==    by 0x117: ???
==13582== 
==13582== 2 bytes in 1 blocks are definitely lost in loss record 93 of 833
==13582==    at 0x484D953: calloc (in /usr/libexec/valgrind/vgpreload_memcheck-amd64-linux.so)
==13582==    by 0x739049: __mn_alloc (in /mnt/c/Users/Juan/Documents/GitHub/Mapanare/mapanare/self/mnc-stage1)
==13582==    by 0x73980B: __mn_str_from_parts (in /mnt/c/Users/Juan/Documents/GitHub/Mapanare/mapanare/self/mnc-stage1)
==13582==    by 0x41FA6B: lexer__scan_ident (in /mnt/c/Users/Juan/Documents/GitHub/Mapanare/mapanare/self/mnc-stage1)
==13582==    by 0x6A86B6F: ???
==13582==    by 0x8000000000000002: ???
==13582==    by 0x6A733D7: ???
==13582==    by 0xA: ???
==13582==    by 0xD: ???
==13582==    by 0x6A7751F: ???
==13582==    by 0x8000000000000000: ???
==13582==    by 0xA: ???
==13582==    by 0x117: ???
==13582== 
==13582== 2 bytes in 1 blocks are definitely lost in loss record 94 of 833
==13582==    at 0x484D953: calloc (in /usr/libexec/valgrind/vgpreload_memcheck-amd64-linux.so)
==13582==    by 0x739049: __mn_alloc (in /mnt/c/Users/Juan/Documents/GitHub/Mapanare/mapanare/self/mnc-stage1)
==13582==    by 0x73980B: __mn_str_from_parts (in /mnt/c/Users/Juan/Documents/GitHub/Mapanare/mapanare/self/mnc-stage1)
==13582==    by 0x41FA6B: lexer__scan_ident (in /mnt/c/Users/Juan/Documents/GitHub/Mapanare/mapanare/self/mnc-stage1)
==13582==    by 0x6A86C0F: ???
==13582==    by 0x8000000000000003: ???
==13582==    by 0x6A733D7: ???
==13582==    by 0xA: ???
==13582==    by 0xD: ???
==13582==    by 0x6A7751F: ???
==13582==    by 0x8000000000000000: ???
==13582==    by 0xA: ???
==13582==    by 0x117: ???
==13582== 
==13582== 2 bytes in 1 blocks are definitely lost in loss record 95 of 833
==13582==    at 0x484D953: calloc (in /usr/libexec/valgrind/vgpreload_memcheck-amd64-linux.so)
==13582==    by 0x739049: __mn_alloc (in /mnt/c/Users/Juan/Documents/GitHub/Mapanare/mapanare/self/mnc-stage1)
==13582==    by 0x73980B: __mn_str_from_parts (in /mnt/c/Users/Juan/Documents/GitHub/Mapanare/mapanare/self/mnc-stage1)
==13582==    by 0x41FA6B: lexer__scan_ident (in /mnt/c/Users/Juan/Documents/GitHub/Mapanare/mapanare/self/mnc-stage1)
==13582==    by 0x6A86CAF: ???
==13582==    by 0x8000000000000004: ???
==13582==    by 0x6A733D7: ???
==13582==    by 0xA: ???
==13582==    by 0xD: ???
==13582==    by 0x6A7751F: ???
==13582==    by 0x8000000000000000: ???
==13582==    by 0xA: ???
==13582==    by 0x117: ???
==13582== 
==13582== 2 bytes in 1 blocks are definitely lost in loss record 96 of 833
==13582==    at 0x484D953: calloc (in /usr/libexec/valgrind/vgpreload_memcheck-amd64-linux.so)
==13582==    by 0x739049: __mn_alloc (in /mnt/c/Users/Juan/Documents/GitHub/Mapanare/mapanare/self/mnc-stage1)
==13582==    by 0x73980B: __mn_str_from_parts (in /mnt/c/Users/Juan/Documents/GitHub/Mapanare/mapanare/self/mnc-stage1)
==13582==    by 0x41FA6B: lexer__scan_ident (in /mnt/c/Users/Juan/Documents/GitHub/Mapanare/mapanare/self/mnc-stage1)
==13582==    by 0x6A86D4F: ???
==13582==    by 0x8000000000000005: ???
==13582==    by 0x6A733D7: ???
==13582==    by 0xA: ???
==13582==    by 0xD: ???
==13582==    by 0x6A7751F: ???
==13582==    by 0x8000000000000000: ???
==13582==    by 0xA: ???
==13582==    by 0x117: ???
==13582== 
==13582== 2 bytes in 1 blocks are definitely lost in loss record 97 of 833
==13582==    at 0x484D953: calloc (in /usr/libexec/valgrind/vgpreload_memcheck-amd64-linux.so)
==13582==    by 0x739049: __mn_alloc (in /mnt/c/Users/Juan/Documents/GitHub/Mapanare/mapanare/self/mnc-stage1)
==13582==    by 0x73980B: __mn_str_from_parts (in /mnt/c/Users/Juan/Documents/GitHub/Mapanare/mapanare/self/mnc-stage1)
==13582==    by 0x41FA6B: lexer__scan_ident (in /mnt/c/Users/Juan/Documents/GitHub/Mapanare/mapanare/self/mnc-stage1)
==13582==    by 0x6A86DEF: ???
==13582==    by 0x8000000000000006: ???
==13582==    by 0x6A733D7: ???
==13582==    by 0xA: ???
==13582==    by 0xD: ???
==13582==    by 0x6A7751F: ???
==13582==    by 0x8000000000000000: ???
==13582==    by 0xA: ???
==13582==    by 0x117: ???
==13582== 
==13582== 2 bytes in 1 blocks are definitely lost in loss record 98 of 833
==13582==    at 0x484D953: calloc (in /usr/libexec/valgrind/vgpreload_memcheck-amd64-linux.so)
==13582==    by 0x739049: __mn_alloc (in /mnt/c/Users/Juan/Documents/GitHub/Mapanare/mapanare/self/mnc-stage1)
==13582==    by 0x73980B: __mn_str_from_parts (in /mnt/c/Users/Juan/Documents/GitHub/Mapanare/mapanare/self/mnc-stage1)
==13582==    by 0x41FA6B: lexer__scan_ident (in /mnt/c/Users/Juan/Documents/GitHub/Mapanare/mapanare/self/mnc-stage1)
==13582==    by 0x6A86E8F: ???
==13582==    by 0x8000000000000007: ???
==13582==    by 0x6A733D7: ???
==13582==    by 0xA: ???
==13582==    by 0xD: ???
==13582==    by 0x6A7751F: ???
==13582==    by 0x8000000000000000: ???
==13582==    by 0xA: ???
==13582==    by 0x117: ???
==13582== 
==13582== 2 bytes in 1 blocks are definitely lost in loss record 99 of 833
==13582==    at 0x484D953: calloc (in /usr/libexec/valgrind/vgpreload_memcheck-amd64-linux.so)
==13582==    by 0x739049: __mn_alloc (in /mnt/c/Users/Juan/Documents/GitHub/Mapanare/mapanare/self/mnc-stage1)
==13582==    by 0x73980B: __mn_str_from_parts (in /mnt/c/Users/Juan/Documents/GitHub/Mapanare/mapanare/self/mnc-stage1)
==13582==    by 0x42002C: lexer__scan_number (in /mnt/c/Users/Juan/Documents/GitHub/Mapanare/mapanare/self/mnc-stage1)
==13582==    by 0x6A8715F: ???
==13582==    by 0x6A73257: ???
==13582==    by 0x8000000000000000: ???
==13582==    by 0x6A8706F: ???
==13582==    by 0x8000000000000000: ???
==13582== 
==13582== 2 bytes in 1 blocks are definitely lost in loss record 100 of 833
==13582==    at 0x484D953: calloc (in /usr/libexec/valgrind/vgpreload_memcheck-amd64-linux.so)
==13582==    by 0x739049: __mn_alloc (in /mnt/c/Users/Juan/Documents/GitHub/Mapanare/mapanare/self/mnc-stage1)
==13582==    by 0x73980B: __mn_str_from_parts (in /mnt/c/Users/Juan/Documents/GitHub/Mapanare/mapanare/self/mnc-stage1)
==13582==    by 0x41FA6B: lexer__scan_ident (in /mnt/c/Users/Juan/Documents/GitHub/Mapanare/mapanare/self/mnc-stage1)
==13582==    by 0x6A8765F: ???
==13582==    by 0x8000000000000000: ???
==13582==    by 0x6A733D7: ???
==13582==    by 0x4: ???
==13582==    by 0xE: ???
==13582==    by 0x6A7751F: ???
==13582==    by 0x8000000000000000: ???
==13582==    by 0x4: ???
==13582==    by 0x128: ???
==13582== 
==13582== 2 bytes in 1 blocks are definitely lost in loss record 101 of 833
==13582==    at 0x484D953: calloc (in /usr/libexec/valgrind/vgpreload_memcheck-amd64-linux.so)
==13582==    by 0x739049: __mn_alloc (in /mnt/c/Users/Juan/Documents/GitHub/Mapanare/mapanare/self/mnc-stage1)
==13582==    by 0x73980B: __mn_str_from_parts (in /mnt/c/Users/Juan/Documents/GitHub/Mapanare/mapanare/self/mnc-stage1)
==13582==    by 0x41FA6B: lexer__scan_ident (in /mnt/c/Users/Juan/Documents/GitHub/Mapanare/mapanare/self/mnc-stage1)
==13582==    by 0x6A876FF: ???
==13582==    by 0x8000000000000001: ???
==13582==    by 0x6A733D7: ???
==13582==    by 0x4: ???
==13582==    by 0xE: ???
==13582==    by 0x6A7751F: ???
==13582==    by 0x8000000000000000: ???
==13582==    by 0x4: ???
==13582==    by 0x128: ???
==13582== 
==13582== 2 bytes in 1 blocks are definitely lost in loss record 102 of 833
==13582==    at 0x484D953: calloc (in /usr/libexec/valgrind/vgpreload_memcheck-amd64-linux.so)
==13582==    by 0x739049: __mn_alloc (in /mnt/c/Users/Juan/Documents/GitHub/Mapanare/mapanare/self/mnc-stage1)
==13582==    by 0x73980B: __mn_str_from_parts (in /mnt/c/Users/Juan/Documents/GitHub/Mapanare/mapanare/self/mnc-stage1)
==13582==    by 0x41FA6B: lexer__scan_ident (in /mnt/c/Users/Juan/Documents/GitHub/Mapanare/mapanare/self/mnc-stage1)
==13582==    by 0x6A8779F: ???
==13582==    by 0x8000000000000002: ???
==13582==    by 0x6A733D7: ???
==13582==    by 0x4: ???
==13582==    by 0xE: ???
==13582==    by 0x6A7751F: ???
==13582==    by 0x8000000000000000: ???
==13582==    by 0x4: ???
==13582==    by 0x128: ???
==13582== 
==13582== 2 bytes in 1 blocks are definitely lost in loss record 103 of 833
==13582==    at 0x484D953: calloc (in /usr/libexec/valgrind/vgpreload_memcheck-amd64-linux.so)
==13582==    by 0x739049: __mn_alloc (in /mnt/c/Users/Juan/Documents/GitHub/Mapanare/mapanare/self/mnc-stage1)
==13582==    by 0x73980B: __mn_str_from_parts (in /mnt/c/Users/Juan/Documents/GitHub/Mapanare/mapanare/self/mnc-stage1)
==13582==    by 0x41FA6B: lexer__scan_ident (in /mnt/c/Users/Juan/Documents/GitHub/Mapanare/mapanare/self/mnc-stage1)
==13582==    by 0x6A8783F: ???
==13582==    by 0x8000000000000003: ???
==13582==    by 0x6A733D7: ???
==13582==    by 0x4: ???
==13582==    by 0xE: ???
==13582==    by 0x6A7751F: ???
==13582==    by 0x8000000000000000: ???
==13582==    by 0x4: ???
==13582==    by 0x128: ???
==13582== 
==13582== 2 bytes in 1 blocks are definitely lost in loss record 104 of 833
==13582==    at 0x484D953: calloc (in /usr/libexec/valgrind/vgpreload_memcheck-amd64-linux.so)
==13582==    by 0x739049: __mn_alloc (in /mnt/c/Users/Juan/Documents/GitHub/Mapanare/mapanare/self/mnc-stage1)
==13582==    by 0x73980B: __mn_str_from_parts (in /mnt/c/Users/Juan/Documents/GitHub/Mapanare/mapanare/self/mnc-stage1)
==13582==    by 0x41FA6B: lexer__scan_ident (in /mnt/c/Users/Juan/Documents/GitHub/Mapanare/mapanare/self/mnc-stage1)
==13582==    by 0x6A878DF: ???
==13582==    by 0x8000000000000004: ???
==13582==    by 0x6A733D7: ???
==13582==    by 0x4: ???
==13582==    by 0xE: ???
==13582==    by 0x6A7751F: ???
==13582==    by 0x8000000000000000: ???
==13582==    by 0x4: ???
==13582==    by 0x128: ???
==13582== 
==13582== 2 bytes in 1 blocks are definitely lost in loss record 105 of 833
==13582==    at 0x484D953: calloc (in /usr/libexec/valgrind/vgpreload_memcheck-amd64-linux.so)
==13582==    by 0x739049: __mn_alloc (in /mnt/c/Users/Juan/Documents/GitHub/Mapanare/mapanare/self/mnc-stage1)
==13582==    by 0x73980B: __mn_str_from_parts (in /mnt/c/Users/Juan/Documents/GitHub/Mapanare/mapanare/self/mnc-stage1)
==13582==    by 0x41FA6B: lexer__scan_ident (in /mnt/c/Users/Juan/Documents/GitHub/Mapanare/mapanare/self/mnc-stage1)
==13582==    by 0x6A87B5F: ???
==13582==    by 0x8000000000000000: ???
==13582==    by 0x6A733D7: ???
==13582==    by 0xA: ???
==13582==    by 0xE: ???
==13582==    by 0x6A7751F: ???
==13582==    by 0x8000000000000000: ???
==13582==    by 0xA: ???
==13582==    by 0x12E: ???
==13582== 
==13582== 2 bytes in 1 blocks are definitely lost in loss record 106 of 833
==13582==    at 0x484D953: calloc (in /usr/libexec/valgrind/vgpreload_memcheck-amd64-linux.so)
==13582==    by 0x739049: __mn_alloc (in /mnt/c/Users/Juan/Documents/GitHub/Mapanare/mapanare/self/mnc-stage1)
==13582==    by 0x73980B: __mn_str_from_parts (in /mnt/c/Users/Juan/Documents/GitHub/Mapanare/mapanare/self/mnc-stage1)
==13582==    by 0x41FA6B: lexer__scan_ident (in /mnt/c/Users/Juan/Documents/GitHub/Mapanare/mapanare/self/mnc-stage1)
==13582==    by 0x6A87BFF: ???
==13582==    by 0x8000000000000001: ???
==13582==    by 0x6A733D7: ???
==13582==    by 0xA: ???
==13582==    by 0xE: ???
==13582==    by 0x6A7751F: ???
==13582==    by 0x8000000000000000: ???
==13582==    by 0xA: ???
==13582==    by 0x12E: ???
==13582== 
==13582== 2 bytes in 1 blocks are definitely lost in loss record 107 of 833
==13582==    at 0x484D953: calloc (in /usr/libexec/valgrind/vgpreload_memcheck-amd64-linux.so)
==13582==    by 0x739049: __mn_alloc (in /mnt/c/Users/Juan/Documents/GitHub/Mapanare/mapanare/self/mnc-stage1)
==13582==    by 0x73980B: __mn_str_from_parts (in /mnt/c/Users/Juan/Documents/GitHub/Mapanare/mapanare/self/mnc-stage1)
==13582==    by 0x41FA6B: lexer__scan_ident (in /mnt/c/Users/Juan/Documents/GitHub/Mapanare/mapanare/self/mnc-stage1)
==13582==    by 0x6A87C9F: ???
==13582==    by 0x8000000000000002: ???
==13582==    by 0x6A733D7: ???
==13582==    by 0xA: ???
==13582==    by 0xE: ???
==13582==    by 0x6A7751F: ???
==13582==    by 0x8000000000000000: ???
==13582==    by 0xA: ???
==13582==    by 0x12E: ???
==13582== 
==13582== 2 bytes in 1 blocks are definitely lost in loss record 108 of 833
==13582==    at 0x484D953: calloc (in /usr/libexec/valgrind/vgpreload_memcheck-amd64-linux.so)
==13582==    by 0x739049: __mn_alloc (in /mnt/c/Users/Juan/Documents/GitHub/Mapanare/mapanare/self/mnc-stage1)
==13582==    by 0x73980B: __mn_str_from_parts (in /mnt/c/Users/Juan/Documents/GitHub/Mapanare/mapanare/self/mnc-stage1)
==13582==    by 0x41FA6B: lexer__scan_ident (in /mnt/c/Users/Juan/Documents/GitHub/Mapanare/mapanare/self/mnc-stage1)
==13582==    by 0x6A87D3F: ???
==13582==    by 0x8000000000000003: ???
==13582==    by 0x6A733D7: ???
==13582==    by 0xA: ???
==13582==    by 0xE: ???
==13582==    by 0x6A7751F: ???
==13582==    by 0x8000000000000000: ???
==13582==    by 0xA: ???
==13582==    by 0x12E: ???
==13582== 
==13582== 2 bytes in 1 blocks are definitely lost in loss record 109 of 833
==13582==    at 0x484D953: calloc (in /usr/libexec/valgrind/vgpreload_memcheck-amd64-linux.so)
==13582==    by 0x739049: __mn_alloc (in /mnt/c/Users/Juan/Documents/GitHub/Mapanare/mapanare/self/mnc-stage1)
==13582==    by 0x73980B: __mn_str_from_parts (in /mnt/c/Users/Juan/Documents/GitHub/Mapanare/mapanare/self/mnc-stage1)
==13582==    by 0x41FA6B: lexer__scan_ident (in /mnt/c/Users/Juan/Documents/GitHub/Mapanare/mapanare/self/mnc-stage1)
==13582==    by 0x6A87DDF: ???
==13582==    by 0x8000000000000004: ???
==13582==    by 0x6A733D7: ???
==13582==    by 0xA: ???
==13582==    by 0xE: ???
==13582==    by 0x6A7751F: ???
==13582==    by 0x8000000000000000: ???
==13582==    by 0xA: ???
==13582==    by 0x12E: ???
==13582== 
==13582== 2 bytes in 1 blocks are definitely lost in loss record 110 of 833
==13582==    at 0x484D953: calloc (in /usr/libexec/valgrind/vgpreload_memcheck-amd64-linux.so)
==13582==    by 0x739049: __mn_alloc (in /mnt/c/Users/Juan/Documents/GitHub/Mapanare/mapanare/self/mnc-stage1)
==13582==    by 0x73980B: __mn_str_from_parts (in /mnt/c/Users/Juan/Documents/GitHub/Mapanare/mapanare/self/mnc-stage1)
==13582==    by 0x41FA6B: lexer__scan_ident (in /mnt/c/Users/Juan/Documents/GitHub/Mapanare/mapanare/self/mnc-stage1)
==13582==    by 0x6A87E7F: ???
==13582==    by 0x8000000000000005: ???
==13582==    by 0x6A733D7: ???
==13582==    by 0xA: ???
==13582==    by 0xE: ???
==13582==    by 0x6A7751F: ???
==13582==    by 0x8000000000000000: ???
==13582==    by 0xA: ???
==13582==    by 0x12E: ???
==13582== 
==13582== 2 bytes in 1 blocks are definitely lost in loss record 111 of 833
==13582==    at 0x484D953: calloc (in /usr/libexec/valgrind/vgpreload_memcheck-amd64-linux.so)
==13582==    by 0x739049: __mn_alloc (in /mnt/c/Users/Juan/Documents/GitHub/Mapanare/mapanare/self/mnc-stage1)
==13582==    by 0x73980B: __mn_str_from_parts (in /mnt/c/Users/Juan/Documents/GitHub/Mapanare/mapanare/self/mnc-stage1)
==13582==    by 0x41FA6B: lexer__scan_ident (in /mnt/c/Users/Juan/Documents/GitHub/Mapanare/mapanare/self/mnc-stage1)
==13582==    by 0x6A87F1F: ???
==13582==    by 0x8000000000000006: ???
==13582==    by 0x6A733D7: ???
==13582==    by 0xA: ???
==13582==    by 0xE: ???
==13582==    by 0x6A7751F: ???
==13582==    by 0x8000000000000000: ???
==13582==    by 0xA: ???
==13582==    by 0x12E: ???
==13582== 
==13582== 2 bytes in 1 blocks are definitely lost in loss record 112 of 833
==13582==    at 0x484D953: calloc (in /usr/libexec/valgrind/vgpreload_memcheck-amd64-linux.so)
==13582==    by 0x739049: __mn_alloc (in /mnt/c/Users/Juan/Documents/GitHub/Mapanare/mapanare/self/mnc-stage1)
==13582==    by 0x73980B: __mn_str_from_parts (in /mnt/c/Users/Juan/Documents/GitHub/Mapanare/mapanare/self/mnc-stage1)
==13582==    by 0x41FA6B: lexer__scan_ident (in /mnt/c/Users/Juan/Documents/GitHub/Mapanare/mapanare/self/mnc-stage1)
==13582==    by 0x6A87FBF: ???
==13582==    by 0x8000000000000007: ???
==13582==    by 0x6A733D7: ???
==13582==    by 0xA: ???
==13582==    by 0xE: ???
==13582==    by 0x6A7751F: ???
==13582==    by 0x8000000000000000: ???
==13582==    by 0xA: ???
==13582==    by 0x12E: ???
==13582== 
==13582== 2 bytes in 1 blocks are definitely lost in loss record 113 of 833
==13582==    at 0x484D953: calloc (in /usr/libexec/valgrind/vgpreload_memcheck-amd64-linux.so)
==13582==    by 0x739049: __mn_alloc (in /mnt/c/Users/Juan/Documents/GitHub/Mapanare/mapanare/self/mnc-stage1)
==13582==    by 0x73980B: __mn_str_from_parts (in /mnt/c/Users/Juan/Documents/GitHub/Mapanare/mapanare/self/mnc-stage1)
==13582==    by 0x42002C: lexer__scan_number (in /mnt/c/Users/Juan/Documents/GitHub/Mapanare/mapanare/self/mnc-stage1)
==13582==    by 0x6A8828F: ???
==13582==    by 0x6A73257: ???
==13582==    by 0x8000000000000000: ???
==13582==    by 0x6A8819F: ???
==13582==    by 0x8000000000000000: ???
==13582== 
==13582== 2 bytes in 1 blocks are definitely lost in loss record 114 of 833
==13582==    at 0x484D953: calloc (in /usr/libexec/valgrind/vgpreload_memcheck-amd64-linux.so)
==13582==    by 0x739049: __mn_alloc (in /mnt/c/Users/Juan/Documents/GitHub/Mapanare/mapanare/self/mnc-stage1)
==13582==    by 0x73980B: __mn_str_from_parts (in /mnt/c/Users/Juan/Documents/GitHub/Mapanare/mapanare/self/mnc-stage1)
==13582==    by 0x42002C: lexer__scan_number (in /mnt/c/Users/Juan/Documents/GitHub/Mapanare/mapanare/self/mnc-stage1)
==13582==    by 0x6A8832F: ???
==13582==    by 0x6A73257: ???
==13582==    by 0x8000000000000001: ???
==13582==    by 0x6A8819F: ???
==13582==    by 0x8000000000000000: ???
==13582== 
==13582== 2 bytes in 1 blocks are definitely lost in loss record 115 of 833
==13582==    at 0x484D953: calloc (in /usr/libexec/valgrind/vgpreload_memcheck-amd64-linux.so)
==13582==    by 0x739049: __mn_alloc (in /mnt/c/Users/Juan/Documents/GitHub/Mapanare/mapanare/self/mnc-stage1)
==13582==    by 0x73980B: __mn_str_from_parts (in /mnt/c/Users/Juan/Documents/GitHub/Mapanare/mapanare/self/mnc-stage1)
==13582==    by 0x431688: parser__has_interpolation (in /mnt/c/Users/Juan/Documents/GitHub/Mapanare/mapanare/self/mnc-stage1)
==13582==    by 0x1101: ???
==13582==    by 0x580053FF: ??? (in /usr/libexec/valgrind/memcheck-amd64-linux)
==13582==    by 0xF: ???
==13582==    by 0x9: ???
==13582==    by 0x7F: ???
==13582==    by 0x54: ???
==13582==    by 0x8000000000000007: ???
==13582==    by 0x6A7B91F: ???
==13582==    by 0x6A8377F: ???
==13582==    by 0x432BDF: parser__parse_atom (in /mnt/c/Users/Juan/Documents/GitHub/Mapanare/mapanare/self/mnc-stage1)
==13582== 
==13582== 2 bytes in 1 blocks are definitely lost in loss record 116 of 833
==13582==    at 0x484D953: calloc (in /usr/libexec/valgrind/vgpreload_memcheck-amd64-linux.so)
==13582==    by 0x739049: __mn_alloc (in /mnt/c/Users/Juan/Documents/GitHub/Mapanare/mapanare/self/mnc-stage1)
==13582==    by 0x73980B: __mn_str_from_parts (in /mnt/c/Users/Juan/Documents/GitHub/Mapanare/mapanare/self/mnc-stage1)
==13582==    by 0x431688: parser__has_interpolation (in /mnt/c/Users/Juan/Documents/GitHub/Mapanare/mapanare/self/mnc-stage1)
==13582==    by 0x1101: ???
==13582==    by 0x580053FF: ??? (in /usr/libexec/valgrind/memcheck-amd64-linux)
==13582==    by 0xF: ???
==13582==    by 0x9: ???
==13582==    by 0x7F: ???
==13582==    by 0x54: ???
==13582==    by 0x8000000000000003: ???
==13582==    by 0x6A7C40F: ???
==13582==    by 0x6A8377F: ???
==13582==    by 0x432BDF: parser__parse_atom (in /mnt/c/Users/Juan/Documents/GitHub/Mapanare/mapanare/self/mnc-stage1)
==13582== 
==13582== 2 bytes in 1 blocks are definitely lost in loss record 117 of 833
==13582==    at 0x484D953: calloc (in /usr/libexec/valgrind/vgpreload_memcheck-amd64-linux.so)
==13582==    by 0x739049: __mn_alloc (in /mnt/c/Users/Juan/Documents/GitHub/Mapanare/mapanare/self/mnc-stage1)
==13582==    by 0x73980B: __mn_str_from_parts (in /mnt/c/Users/Juan/Documents/GitHub/Mapanare/mapanare/self/mnc-stage1)
==13582==    by 0x431688: parser__has_interpolation (in /mnt/c/Users/Juan/Documents/GitHub/Mapanare/mapanare/self/mnc-stage1)
==13582==    by 0x7F: ???
==13582==    by 0x54: ???
==13582==    by 0x6: ???
==13582==    by 0x9: ???
==13582==    by 0x7F: ???
==13582==    by 0x54: ???
==13582==    by 0x8000000000000004: ???
==13582==    by 0x6A7EE9F: ???
==13582==    by 0x6A8377F: ???
==13582==    by 0x432BDF: parser__parse_atom (in /mnt/c/Users/Juan/Documents/GitHub/Mapanare/mapanare/self/mnc-stage1)
==13582== 
==13582== 2 bytes in 1 blocks are definitely lost in loss record 118 of 833
==13582==    at 0x484D953: calloc (in /usr/libexec/valgrind/vgpreload_memcheck-amd64-linux.so)
==13582==    by 0x739049: __mn_alloc (in /mnt/c/Users/Juan/Documents/GitHub/Mapanare/mapanare/self/mnc-stage1)
==13582==    by 0x73980B: __mn_str_from_parts (in /mnt/c/Users/Juan/Documents/GitHub/Mapanare/mapanare/self/mnc-stage1)
==13582==    by 0x431688: parser__has_interpolation (in /mnt/c/Users/Juan/Documents/GitHub/Mapanare/mapanare/self/mnc-stage1)
==13582==    by 0x1101: ???
==13582==    by 0x580053FF: ??? (in /usr/libexec/valgrind/memcheck-amd64-linux)
==13582==    by 0xF: ???
==13582==    by 0x9: ???
==13582==    by 0x7F: ???
==13582==    by 0x54: ???
==13582==    by 0x8000000000000004: ???
==13582==    by 0x6A801FF: ???
==13582==    by 0x6A8377F: ???
==13582==    by 0x432BDF: parser__parse_atom (in /mnt/c/Users/Juan/Documents/GitHub/Mapanare/mapanare/self/mnc-stage1)
==13582== 
==13582== 2 bytes in 1 blocks are definitely lost in loss record 119 of 833
==13582==    at 0x484D953: calloc (in /usr/libexec/valgrind/vgpreload_memcheck-amd64-linux.so)
==13582==    by 0x739049: __mn_alloc (in /mnt/c/Users/Juan/Documents/GitHub/Mapanare/mapanare/self/mnc-stage1)
==13582==    by 0x73980B: __mn_str_from_parts (in /mnt/c/Users/Juan/Documents/GitHub/Mapanare/mapanare/self/mnc-stage1)
==13582==    by 0x431688: parser__has_interpolation (in /mnt/c/Users/Juan/Documents/GitHub/Mapanare/mapanare/self/mnc-stage1)
==13582==    by 0x1101: ???
==13582==    by 0x580053FF: ??? (in /usr/libexec/valgrind/memcheck-amd64-linux)
==13582==    by 0xF: ???
==13582==    by 0x9: ???
==13582==    by 0x7F: ???
==13582==    by 0x54: ???
==13582==    by 0x800000000000000A: ???
==13582==    by 0x6A810AF: ???
==13582==    by 0x6A8377F: ???
==13582==    by 0x432BDF: parser__parse_atom (in /mnt/c/Users/Juan/Documents/GitHub/Mapanare/mapanare/self/mnc-stage1)
==13582== 
==13582== 3 bytes in 1 blocks are indirectly lost in loss record 120 of 833
==13582==    at 0x484D953: calloc (in /usr/libexec/valgrind/vgpreload_memcheck-amd64-linux.so)
==13582==    by 0x739049: __mn_alloc (in /mnt/c/Users/Juan/Documents/GitHub/Mapanare/mapanare/self/mnc-stage1)
==13582==    by 0x739C2E: __mn_str_concat (in /mnt/c/Users/Juan/Documents/GitHub/Mapanare/mapanare/self/mnc-stage1)
==13582==    by 0x41FA94: lexer__scan_ident (in /mnt/c/Users/Juan/Documents/GitHub/Mapanare/mapanare/self/mnc-stage1)
==13582==    by 0x6A7778F: ???
==13582==    by 0x8000000000000000: ???
==13582==    by 0x6A733D7: ???
==13582== 
==13582== 3 bytes in 1 blocks are indirectly lost in loss record 121 of 833
==13582==    at 0x484D953: calloc (in /usr/libexec/valgrind/vgpreload_memcheck-amd64-linux.so)
==13582==    by 0x739049: __mn_alloc (in /mnt/c/Users/Juan/Documents/GitHub/Mapanare/mapanare/self/mnc-stage1)
==13582==    by 0x739C2E: __mn_str_concat (in /mnt/c/Users/Juan/Documents/GitHub/Mapanare/mapanare/self/mnc-stage1)
==13582==    by 0x41FA94: lexer__scan_ident (in /mnt/c/Users/Juan/Documents/GitHub/Mapanare/mapanare/self/mnc-stage1)
==13582==    by 0x6A7A30F: ???
==13582==    by 0x8000000000000000: ???
==13582==    by 0x6A733D7: ???
==13582==    by 0xA: ???
==13582==    by 0x2: ???
==13582==    by 0x6A7751F: ???
==13582==    by 0x8000000000000000: ???
==13582==    by 0xA: ???
==13582==    by 0x37: ???
==13582== 
==13582== 3 bytes in 1 blocks are indirectly lost in loss record 122 of 833
==13582==    at 0x484D953: calloc (in /usr/libexec/valgrind/vgpreload_memcheck-amd64-linux.so)
==13582==    by 0x739049: __mn_alloc (in /mnt/c/Users/Juan/Documents/GitHub/Mapanare/mapanare/self/mnc-stage1)
==13582==    by 0x739C2E: __mn_str_concat (in /mnt/c/Users/Juan/Documents/GitHub/Mapanare/mapanare/self/mnc-stage1)
==13582==    by 0x41FA94: lexer__scan_ident (in /mnt/c/Users/Juan/Documents/GitHub/Mapanare/mapanare/self/mnc-stage1)
==13582==    by 0x6A7CB3F: ???
==13582==    by 0x8000000000000000: ???
==13582==    by 0x6A733D7: ???
==13582==    by 0xA: ???
==13582==    by 0x4: ???
==13582==    by 0x6A7751F: ???
==13582==    by 0x8000000000000000: ???
==13582==    by 0xA: ???
==13582==    by 0x6E: ???
==13582== 
==13582== 3 bytes in 1 blocks are indirectly lost in loss record 123 of 833
==13582==    at 0x484D953: calloc (in /usr/libexec/valgrind/vgpreload_memcheck-amd64-linux.so)
==13582==    by 0x739049: __mn_alloc (in /mnt/c/Users/Juan/Documents/GitHub/Mapanare/mapanare/self/mnc-stage1)
==13582==    by 0x739C2E: __mn_str_concat (in /mnt/c/Users/Juan/Documents/GitHub/Mapanare/mapanare/self/mnc-stage1)
==13582==    by 0x420082: lexer__scan_number (in /mnt/c/Users/Juan/Documents/GitHub/Mapanare/mapanare/self/mnc-stage1)
==13582==    by 0x6A7E85F: ???
==13582==    by 0x6A73257: ???
==13582==    by 0x8000000000000000: ???
==13582==    by 0x6A7E76F: ???
==13582==    by 0x8000000000000000: ???
==13582== 
==13582== 3 bytes in 1 blocks are indirectly lost in loss record 124 of 833
==13582==    at 0x484D953: calloc (in /usr/libexec/valgrind/vgpreload_memcheck-amd64-linux.so)
==13582==    by 0x739049: __mn_alloc (in /mnt/c/Users/Juan/Documents/GitHub/Mapanare/mapanare/self/mnc-stage1)
==13582==    by 0x739C2E: __mn_str_concat (in /mnt/c/Users/Juan/Documents/GitHub/Mapanare/mapanare/self/mnc-stage1)
==13582==    by 0x41FA94: lexer__scan_ident (in /mnt/c/Users/Juan/Documents/GitHub/Mapanare/mapanare/self/mnc-stage1)
==13582==    by 0x6A7F5CF: ???
==13582==    by 0x8000000000000000: ???
==13582==    by 0x6A733D7: ???
==13582==    by 0xA: ???
==13582==    by 0x5: ???
==13582==    by 0x6A7751F: ???
==13582==    by 0x8000000000000000: ???
==13582==    by 0xA: ???
==13582==    by 0x97: ???
==13582== 
==13582== 3 bytes in 1 blocks are indirectly lost in loss record 125 of 833
==13582==    at 0x484D953: calloc (in /usr/libexec/valgrind/vgpreload_memcheck-amd64-linux.so)
==13582==    by 0x739049: __mn_alloc (in /mnt/c/Users/Juan/Documents/GitHub/Mapanare/mapanare/self/mnc-stage1)
==13582==    by 0x739C2E: __mn_str_concat (in /mnt/c/Users/Juan/Documents/GitHub/Mapanare/mapanare/self/mnc-stage1)
==13582==    by 0x420082: lexer__scan_number (in /mnt/c/Users/Juan/Documents/GitHub/Mapanare/mapanare/self/mnc-stage1)
==13582==    by 0x6A7FBBF: ???
==13582==    by 0x6A73257: ???
==13582==    by 0x8000000000000000: ???
==13582==    by 0x6A7FACF: ???
==13582==    by 0x8000000000000000: ???
==13582== 
==13582== 3 bytes in 1 blocks are indirectly lost in loss record 126 of 833
==13582==    at 0x484D953: calloc (in /usr/libexec/valgrind/vgpreload_memcheck-amd64-linux.so)
==13582==    by 0x739049: __mn_alloc (in /mnt/c/Users/Juan/Documents/GitHub/Mapanare/mapanare/self/mnc-stage1)
==13582==    by 0x739C2E: __mn_str_concat (in /mnt/c/Users/Juan/Documents/GitHub/Mapanare/mapanare/self/mnc-stage1)
==13582==    by 0x41FA94: lexer__scan_ident (in /mnt/c/Users/Juan/Documents/GitHub/Mapanare/mapanare/self/mnc-stage1)
==13582==    by 0x6A8169F: ???
==13582==    by 0x8000000000000000: ???
==13582==    by 0x6A733D7: ???
==13582== 
==13582== 3 bytes in 1 blocks are indirectly lost in loss record 127 of 833
==13582==    at 0x484D953: calloc (in /usr/libexec/valgrind/vgpreload_memcheck-amd64-linux.so)
==13582==    by 0x739049: __mn_alloc (in /mnt/c/Users/Juan/Documents/GitHub/Mapanare/mapanare/self/mnc-stage1)
==13582==    by 0x739C2E: __mn_str_concat (in /mnt/c/Users/Juan/Documents/GitHub/Mapanare/mapanare/self/mnc-stage1)
==13582==    by 0x420082: lexer__scan_number (in /mnt/c/Users/Juan/Documents/GitHub/Mapanare/mapanare/self/mnc-stage1)
==13582==    by 0x6A8828F: ???
==13582==    by 0x6A73257: ???
==13582==    by 0x8000000000000000: ???
==13582==    by 0x6A8819F: ???
==13582==    by 0x8000000000000000: ???
==13582== 
==13582== 3 bytes in 1 blocks are indirectly lost in loss record 128 of 833
==13582==    at 0x484D953: calloc (in /usr/libexec/valgrind/vgpreload_memcheck-amd64-linux.so)
==13582==    by 0x739049: __mn_alloc (in /mnt/c/Users/Juan/Documents/GitHub/Mapanare/mapanare/self/mnc-stage1)
==13582==    by 0x739C2E: __mn_str_concat (in /mnt/c/Users/Juan/Documents/GitHub/Mapanare/mapanare/self/mnc-stage1)
==13582==    by 0x4CE3A9: lower__bind_fn_params (in /mnt/c/Users/Juan/Documents/GitHub/Mapanare/mapanare/self/mnc-stage1)
==13582== 
==13582== 3 bytes in 1 blocks are definitely lost in loss record 129 of 833
==13582==    at 0x484D953: calloc (in /usr/libexec/valgrind/vgpreload_memcheck-amd64-linux.so)
==13582==    by 0x739049: __mn_alloc (in /mnt/c/Users/Juan/Documents/GitHub/Mapanare/mapanare/self/mnc-stage1)
==13582==    by 0x739C2E: __mn_str_concat (in /mnt/c/Users/Juan/Documents/GitHub/Mapanare/mapanare/self/mnc-stage1)
==13582==    by 0x41FA94: lexer__scan_ident (in /mnt/c/Users/Juan/Documents/GitHub/Mapanare/mapanare/self/mnc-stage1)
==13582==    by 0x6A77C5F: ???
==13582==    by 0x8000000000000000: ???
==13582==    by 0x6A733D7: ???
==13582==    by 0x3: ???
==13582== 
==13582== 3 bytes in 1 blocks are definitely lost in loss record 130 of 833
==13582==    at 0x484D953: calloc (in /usr/libexec/valgrind/vgpreload_memcheck-amd64-linux.so)
==13582==    by 0x739049: __mn_alloc (in /mnt/c/Users/Juan/Documents/GitHub/Mapanare/mapanare/self/mnc-stage1)
==13582==    by 0x739C2E: __mn_str_concat (in /mnt/c/Users/Juan/Documents/GitHub/Mapanare/mapanare/self/mnc-stage1)
==13582==    by 0x41FA94: lexer__scan_ident (in /mnt/c/Users/Juan/Documents/GitHub/Mapanare/mapanare/self/mnc-stage1)
==13582==    by 0x6A7860F: ???
==13582==    by 0x8000000000000000: ???
==13582==    by 0x6A733D7: ???
==13582==    by 0xF: ???
==13582== 
==13582== 3 bytes in 1 blocks are definitely lost in loss record 131 of 833
==13582==    at 0x484D953: calloc (in /usr/libexec/valgrind/vgpreload_memcheck-amd64-linux.so)
==13582==    by 0x739049: __mn_alloc (in /mnt/c/Users/Juan/Documents/GitHub/Mapanare/mapanare/self/mnc-stage1)
==13582==    by 0x739C2E: __mn_str_concat (in /mnt/c/Users/Juan/Documents/GitHub/Mapanare/mapanare/self/mnc-stage1)
==13582==    by 0x41FA94: lexer__scan_ident (in /mnt/c/Users/Juan/Documents/GitHub/Mapanare/mapanare/self/mnc-stage1)
==13582==    by 0x6A78B5F: ???
==13582==    by 0x8000000000000000: ???
==13582==    by 0x6A733D7: ???
==13582==    by 0x17: ???
==13582== 
==13582== 3 bytes in 1 blocks are definitely lost in loss record 132 of 833
==13582==    at 0x484D953: calloc (in /usr/libexec/valgrind/vgpreload_memcheck-amd64-linux.so)
==13582==    by 0x739049: __mn_alloc (in /mnt/c/Users/Juan/Documents/GitHub/Mapanare/mapanare/self/mnc-stage1)
==13582==    by 0x739C2E: __mn_str_concat (in /mnt/c/Users/Juan/Documents/GitHub/Mapanare/mapanare/self/mnc-stage1)
==13582==    by 0x41FA94: lexer__scan_ident (in /mnt/c/Users/Juan/Documents/GitHub/Mapanare/mapanare/self/mnc-stage1)
==13582==    by 0x6A7972F: ???
==13582==    by 0x8000000000000000: ???
==13582==    by 0x6A733D7: ???
==13582==    by 0x4: ???
==13582==    by 0x1: ???
==13582==    by 0x6A7751F: ???
==13582==    by 0x8000000000000000: ???
==13582==    by 0x4: ???
==13582==    by 0x23: ???
==13582== 
==13582== 3 bytes in 1 blocks are definitely lost in loss record 133 of 833
==13582==    at 0x484D953: calloc (in /usr/libexec/valgrind/vgpreload_memcheck-amd64-linux.so)
==13582==    by 0x739049: __mn_alloc (in /mnt/c/Users/Juan/Documents/GitHub/Mapanare/mapanare/self/mnc-stage1)
==13582==    by 0x739C2E: __mn_str_concat (in /mnt/c/Users/Juan/Documents/GitHub/Mapanare/mapanare/self/mnc-stage1)
==13582==    by 0x41FA94: lexer__scan_ident (in /mnt/c/Users/Juan/Documents/GitHub/Mapanare/mapanare/self/mnc-stage1)
==13582==    by 0x6A8191F: ???
==13582==    by 0x8000000000000000: ???
==13582==    by 0x6A733D7: ???
==13582==    by 0x3: ???
==13582==    by 0xA: ???
==13582==    by 0x6A7751F: ???
==13582==    by 0x8000000000000000: ???
==13582==    by 0x3: ???
==13582==    by 0xD5: ???
==13582== 
==13582== 3 bytes in 1 blocks are definitely lost in loss record 134 of 833
==13582==    at 0x484D953: calloc (in /usr/libexec/valgrind/vgpreload_memcheck-amd64-linux.so)
==13582==    by 0x739049: __mn_alloc (in /mnt/c/Users/Juan/Documents/GitHub/Mapanare/mapanare/self/mnc-stage1)
==13582==    by 0x739C2E: __mn_str_concat (in /mnt/c/Users/Juan/Documents/GitHub/Mapanare/mapanare/self/mnc-stage1)
==13582==    by 0x41FA94: lexer__scan_ident (in /mnt/c/Users/Juan/Documents/GitHub/Mapanare/mapanare/self/mnc-stage1)
==13582==    by 0x6A8213F: ???
==13582==    by 0x8000000000000000: ???
==13582==    by 0x6A733D7: ???
==13582==    by 0x4: ???
==13582==    by 0xB: ???
==13582==    by 0x6A7751F: ???
==13582==    by 0x8000000000000000: ???
==13582==    by 0x4: ???
==13582==    by 0xE2: ???
==13582== 
==13582== 3 bytes in 1 blocks are definitely lost in loss record 135 of 833
==13582==    at 0x484D953: calloc (in /usr/libexec/valgrind/vgpreload_memcheck-amd64-linux.so)
==13582==    by 0x739049: __mn_alloc (in /mnt/c/Users/Juan/Documents/GitHub/Mapanare/mapanare/self/mnc-stage1)
==13582==    by 0x739C2E: __mn_str_concat (in /mnt/c/Users/Juan/Documents/GitHub/Mapanare/mapanare/self/mnc-stage1)
==13582==    by 0x41FA94: lexer__scan_ident (in /mnt/c/Users/Juan/Documents/GitHub/Mapanare/mapanare/self/mnc-stage1)
==13582==    by 0x6A8263F: ???
==13582==    by 0x8000000000000000: ???
==13582==    by 0x6A733D7: ???
==13582==    by 0xA: ???
==13582==    by 0xB: ???
==13582==    by 0x6A7751F: ???
==13582==    by 0x8000000000000000: ???
==13582==    by 0xA: ???
==13582==    by 0xE8: ???
==13582== 
==13582== 3 bytes in 1 blocks are definitely lost in loss record 136 of 833
==13582==    at 0x484D953: calloc (in /usr/libexec/valgrind/vgpreload_memcheck-amd64-linux.so)
==13582==    by 0x739049: __mn_alloc (in /mnt/c/Users/Juan/Documents/GitHub/Mapanare/mapanare/self/mnc-stage1)
==13582==    by 0x739C2E: __mn_str_concat (in /mnt/c/Users/Juan/Documents/GitHub/Mapanare/mapanare/self/mnc-stage1)
==13582==    by 0x41FA94: lexer__scan_ident (in /mnt/c/Users/Juan/Documents/GitHub/Mapanare/mapanare/self/mnc-stage1)
==13582==    by 0x6A8335F: ???
==13582==    by 0x8000000000000000: ???
==13582==    by 0x6A733D7: ???
==13582==    by 0x4: ???
==13582==    by 0xC: ???
==13582==    by 0x6A7751F: ???
==13582==    by 0x8000000000000000: ???
==13582==    by 0x4: ???
==13582==    by 0xFA: ???
==13582== 
==13582== 3 bytes in 1 blocks are definitely lost in loss record 137 of 833
==13582==    at 0x484D953: calloc (in /usr/libexec/valgrind/vgpreload_memcheck-amd64-linux.so)
==13582==    by 0x739049: __mn_alloc (in /mnt/c/Users/Juan/Documents/GitHub/Mapanare/mapanare/self/mnc-stage1)
==13582==    by 0x739C2E: __mn_str_concat (in /mnt/c/Users/Juan/Documents/GitHub/Mapanare/mapanare/self/mnc-stage1)
==13582==    by 0x41FA94: lexer__scan_ident (in /mnt/c/Users/Juan/Documents/GitHub/Mapanare/mapanare/self/mnc-stage1)
==13582==    by 0x6A858AF: ???
==13582==    by 0x8000000000000000: ???
==13582==    by 0x6A733D7: ???
==13582==    by 0xA: ???
==13582==    by 0xC: ???
==13582==    by 0x6A7751F: ???
==13582==    by 0x8000000000000000: ???
==13582==    by 0xA: ???
==13582==    by 0x100: ???
==13582== 
==13582== 3 bytes in 1 blocks are definitely lost in loss record 138 of 833
==13582==    at 0x484D953: calloc (in /usr/libexec/valgrind/vgpreload_memcheck-amd64-linux.so)
==13582==    by 0x739049: __mn_alloc (in /mnt/c/Users/Juan/Documents/GitHub/Mapanare/mapanare/self/mnc-stage1)
==13582==    by 0x739C2E: __mn_str_concat (in /mnt/c/Users/Juan/Documents/GitHub/Mapanare/mapanare/self/mnc-stage1)
==13582==    by 0x41FA94: lexer__scan_ident (in /mnt/c/Users/Juan/Documents/GitHub/Mapanare/mapanare/self/mnc-stage1)
==13582==    by 0x6A8652F: ???
==13582==    by 0x8000000000000000: ???
==13582==    by 0x6A733D7: ???
==13582==    by 0x4: ???
==13582==    by 0xD: ???
==13582==    by 0x6A7751F: ???
==13582==    by 0x8000000000000000: ???
==13582==    by 0x4: ???
==13582==    by 0x111: ???
==13582== 
==13582== 3 bytes in 1 blocks are definitely lost in loss record 139 of 833
==13582==    at 0x484D953: calloc (in /usr/libexec/valgrind/vgpreload_memcheck-amd64-linux.so)
==13582==    by 0x739049: __mn_alloc (in /mnt/c/Users/Juan/Documents/GitHub/Mapanare/mapanare/self/mnc-stage1)
==13582==    by 0x739C2E: __mn_str_concat (in /mnt/c/Users/Juan/Documents/GitHub/Mapanare/mapanare/self/mnc-stage1)
==13582==    by 0x41FA94: lexer__scan_ident (in /mnt/c/Users/Juan/Documents/GitHub/Mapanare/mapanare/self/mnc-stage1)
==13582==    by 0x6A86A2F: ???
==13582==    by 0x8000000000000000: ???
==13582==    by 0x6A733D7: ???
==13582==    by 0xA: ???
==13582==    by 0xD: ???
==13582==    by 0x6A7751F: ???
==13582==    by 0x8000000000000000: ???
==13582==    by 0xA: ???
==13582==    by 0x117: ???
==13582== 
==13582== 3 bytes in 1 blocks are definitely lost in loss record 140 of 833
==13582==    at 0x484D953: calloc (in /usr/libexec/valgrind/vgpreload_memcheck-amd64-linux.so)
==13582==    by 0x739049: __mn_alloc (in /mnt/c/Users/Juan/Documents/GitHub/Mapanare/mapanare/self/mnc-stage1)
==13582==    by 0x739C2E: __mn_str_concat (in /mnt/c/Users/Juan/Documents/GitHub/Mapanare/mapanare/self/mnc-stage1)
==13582==    by 0x41FA94: lexer__scan_ident (in /mnt/c/Users/Juan/Documents/GitHub/Mapanare/mapanare/self/mnc-stage1)
==13582==    by 0x6A8765F: ???
==13582==    by 0x8000000000000000: ???
==13582==    by 0x6A733D7: ???
==13582==    by 0x4: ???
==13582==    by 0xE: ???
==13582==    by 0x6A7751F: ???
==13582==    by 0x8000000000000000: ???
==13582==    by 0x4: ???
==13582==    by 0x128: ???
==13582== 
==13582== 3 bytes in 1 blocks are definitely lost in loss record 141 of 833
==13582==    at 0x484D953: calloc (in /usr/libexec/valgrind/vgpreload_memcheck-amd64-linux.so)
==13582==    by 0x739049: __mn_alloc (in /mnt/c/Users/Juan/Documents/GitHub/Mapanare/mapanare/self/mnc-stage1)
==13582==    by 0x739C2E: __mn_str_concat (in /mnt/c/Users/Juan/Documents/GitHub/Mapanare/mapanare/self/mnc-stage1)
==13582==    by 0x41FA94: lexer__scan_ident (in /mnt/c/Users/Juan/Documents/GitHub/Mapanare/mapanare/self/mnc-stage1)
==13582==    by 0x6A87B5F: ???
==13582==    by 0x8000000000000000: ???
==13582==    by 0x6A733D7: ???
==13582==    by 0xA: ???
==13582==    by 0xE: ???
==13582==    by 0x6A7751F: ???
==13582==    by 0x8000000000000000: ???
==13582==    by 0xA: ???
==13582==    by 0x12E: ???
==13582== 
==13582== 3 bytes in 1 blocks are definitely lost in loss record 142 of 833
==13582==    at 0x484D953: calloc (in /usr/libexec/valgrind/vgpreload_memcheck-amd64-linux.so)
==13582==    by 0x739049: __mn_alloc (in /mnt/c/Users/Juan/Documents/GitHub/Mapanare/mapanare/self/mnc-stage1)
==13582==    by 0x739C2E: __mn_str_concat (in /mnt/c/Users/Juan/Documents/GitHub/Mapanare/mapanare/self/mnc-stage1)
==13582==    by 0x4CE368: lower__bind_fn_params (in /mnt/c/Users/Juan/Documents/GitHub/Mapanare/mapanare/self/mnc-stage1)
==13582== 
==13582== 4 bytes in 1 blocks are indirectly lost in loss record 143 of 833
==13582==    at 0x484D953: calloc (in /usr/libexec/valgrind/vgpreload_memcheck-amd64-linux.so)
==13582==    by 0x739049: __mn_alloc (in /mnt/c/Users/Juan/Documents/GitHub/Mapanare/mapanare/self/mnc-stage1)
==13582==    by 0x739C2E: __mn_str_concat (in /mnt/c/Users/Juan/Documents/GitHub/Mapanare/mapanare/self/mnc-stage1)
==13582==    by 0x41FA94: lexer__scan_ident (in /mnt/c/Users/Juan/Documents/GitHub/Mapanare/mapanare/self/mnc-stage1)
==13582==    by 0x6A786AF: ???
==13582==    by 0x8000000000000001: ???
==13582==    by 0x6A733D7: ???
==13582==    by 0xF: ???
==13582== 
==13582== 4 bytes in 1 blocks are definitely lost in loss record 144 of 833
==13582==    at 0x484D953: calloc (in /usr/libexec/valgrind/vgpreload_memcheck-amd64-linux.so)
==13582==    by 0x739049: __mn_alloc (in /mnt/c/Users/Juan/Documents/GitHub/Mapanare/mapanare/self/mnc-stage1)
==13582==    by 0x739C2E: __mn_str_concat (in /mnt/c/Users/Juan/Documents/GitHub/Mapanare/mapanare/self/mnc-stage1)
==13582==    by 0x41FA94: lexer__scan_ident (in /mnt/c/Users/Juan/Documents/GitHub/Mapanare/mapanare/self/mnc-stage1)
==13582==    by 0x6A77CFF: ???
==13582==    by 0x8000000000000001: ???
==13582==    by 0x6A733D7: ???
==13582==    by 0x3: ???
==13582== 
==13582== 4 bytes in 1 blocks are definitely lost in loss record 145 of 833
==13582==    at 0x484D953: calloc (in /usr/libexec/valgrind/vgpreload_memcheck-amd64-linux.so)
==13582==    by 0x739049: __mn_alloc (in /mnt/c/Users/Juan/Documents/GitHub/Mapanare/mapanare/self/mnc-stage1)
==13582==    by 0x739C2E: __mn_str_concat (in /mnt/c/Users/Juan/Documents/GitHub/Mapanare/mapanare/self/mnc-stage1)
==13582==    by 0x41FA94: lexer__scan_ident (in /mnt/c/Users/Juan/Documents/GitHub/Mapanare/mapanare/self/mnc-stage1)
==13582==    by 0x6A78BFF: ???
==13582==    by 0x8000000000000001: ???
==13582==    by 0x6A733D7: ???
==13582==    by 0x17: ???
==13582== 
==13582== 4 bytes in 1 blocks are definitely lost in loss record 146 of 833
==13582==    at 0x484D953: calloc (in /usr/libexec/valgrind/vgpreload_memcheck-amd64-linux.so)
==13582==    by 0x739049: __mn_alloc (in /mnt/c/Users/Juan/Documents/GitHub/Mapanare/mapanare/self/mnc-stage1)
==13582==    by 0x739C2E: __mn_str_concat (in /mnt/c/Users/Juan/Documents/GitHub/Mapanare/mapanare/self/mnc-stage1)
==13582==    by 0x41FA94: lexer__scan_ident (in /mnt/c/Users/Juan/Documents/GitHub/Mapanare/mapanare/self/mnc-stage1)
==13582==    by 0x6A797CF: ???
==13582==    by 0x8000000000000001: ???
==13582==    by 0x6A733D7: ???
==13582==    by 0x4: ???
==13582==    by 0x1: ???
==13582==    by 0x6A7751F: ???
==13582==    by 0x8000000000000000: ???
==13582==    by 0x4: ???
==13582==    by 0x23: ???
==13582== 
==13582== 4 bytes in 1 blocks are definitely lost in loss record 147 of 833
==13582==    at 0x484D953: calloc (in /usr/libexec/valgrind/vgpreload_memcheck-amd64-linux.so)
==13582==    by 0x739049: __mn_alloc (in /mnt/c/Users/Juan/Documents/GitHub/Mapanare/mapanare/self/mnc-stage1)
==13582==    by 0x739C2E: __mn_str_concat (in /mnt/c/Users/Juan/Documents/GitHub/Mapanare/mapanare/self/mnc-stage1)
==13582==    by 0x41FA94: lexer__scan_ident (in /mnt/c/Users/Juan/Documents/GitHub/Mapanare/mapanare/self/mnc-stage1)
==13582==    by 0x6A819BF: ???
==13582==    by 0x8000000000000001: ???
==13582==    by 0x6A733D7: ???
==13582==    by 0x3: ???
==13582==    by 0xA: ???
==13582==    by 0x6A7751F: ???
==13582==    by 0x8000000000000000: ???
==13582==    by 0x3: ???
==13582==    by 0xD5: ???
==13582== 
==13582== 4 bytes in 1 blocks are definitely lost in loss record 148 of 833
==13582==    at 0x484D953: calloc (in /usr/libexec/valgrind/vgpreload_memcheck-amd64-linux.so)
==13582==    by 0x739049: __mn_alloc (in /mnt/c/Users/Juan/Documents/GitHub/Mapanare/mapanare/self/mnc-stage1)
==13582==    by 0x739C2E: __mn_str_concat (in /mnt/c/Users/Juan/Documents/GitHub/Mapanare/mapanare/self/mnc-stage1)
==13582==    by 0x41FA94: lexer__scan_ident (in /mnt/c/Users/Juan/Documents/GitHub/Mapanare/mapanare/self/mnc-stage1)
==13582==    by 0x6A821DF: ???
==13582==    by 0x8000000000000001: ???
==13582==    by 0x6A733D7: ???
==13582==    by 0x4: ???
==13582==    by 0xB: ???
==13582==    by 0x6A7751F: ???
==13582==    by 0x8000000000000000: ???
==13582==    by 0x4: ???
==13582==    by 0xE2: ???
==13582== 
==13582== 4 bytes in 1 blocks are definitely lost in loss record 149 of 833
==13582==    at 0x484D953: calloc (in /usr/libexec/valgrind/vgpreload_memcheck-amd64-linux.so)
==13582==    by 0x739049: __mn_alloc (in /mnt/c/Users/Juan/Documents/GitHub/Mapanare/mapanare/self/mnc-stage1)
==13582==    by 0x739C2E: __mn_str_concat (in /mnt/c/Users/Juan/Documents/GitHub/Mapanare/mapanare/self/mnc-stage1)
==13582==    by 0x41FA94: lexer__scan_ident (in /mnt/c/Users/Juan/Documents/GitHub/Mapanare/mapanare/self/mnc-stage1)
==13582==    by 0x6A826DF: ???
==13582==    by 0x8000000000000001: ???
==13582==    by 0x6A733D7: ???
==13582==    by 0xA: ???
==13582==    by 0xB: ???
==13582==    by 0x6A7751F: ???
==13582==    by 0x8000000000000000: ???
==13582==    by 0xA: ???
==13582==    by 0xE8: ???
==13582== 
==13582== 4 bytes in 1 blocks are definitely lost in loss record 150 of 833
==13582==    at 0x484D953: calloc (in /usr/libexec/valgrind/vgpreload_memcheck-amd64-linux.so)
==13582==    by 0x739049: __mn_alloc (in /mnt/c/Users/Juan/Documents/GitHub/Mapanare/mapanare/self/mnc-stage1)
==13582==    by 0x739C2E: __mn_str_concat (in /mnt/c/Users/Juan/Documents/GitHub/Mapanare/mapanare/self/mnc-stage1)
==13582==    by 0x41FA94: lexer__scan_ident (in /mnt/c/Users/Juan/Documents/GitHub/Mapanare/mapanare/self/mnc-stage1)
==13582==    by 0x6A833FF: ???
==13582==    by 0x8000000000000001: ???
==13582==    by 0x6A733D7: ???
==13582==    by 0x4: ???
==13582==    by 0xC: ???
==13582==    by 0x6A7751F: ???
==13582==    by 0x8000000000000000: ???
==13582==    by 0x4: ???
==13582==    by 0xFA: ???
==13582== 
==13582== 4 bytes in 1 blocks are definitely lost in loss record 151 of 833
==13582==    at 0x484D953: calloc (in /usr/libexec/valgrind/vgpreload_memcheck-amd64-linux.so)
==13582==    by 0x739049: __mn_alloc (in /mnt/c/Users/Juan/Documents/GitHub/Mapanare/mapanare/self/mnc-stage1)
==13582==    by 0x739C2E: __mn_str_concat (in /mnt/c/Users/Juan/Documents/GitHub/Mapanare/mapanare/self/mnc-stage1)
==13582==    by 0x41FA94: lexer__scan_ident (in /mnt/c/Users/Juan/Documents/GitHub/Mapanare/mapanare/self/mnc-stage1)
==13582==    by 0x6A8594F: ???
==13582==    by 0x8000000000000001: ???
==13582==    by 0x6A733D7: ???
==13582==    by 0xA: ???
==13582==    by 0xC: ???
==13582==    by 0x6A7751F: ???
==13582==    by 0x8000000000000000: ???
==13582==    by 0xA: ???
==13582==    by 0x100: ???
==13582== 
==13582== 4 bytes in 1 blocks are definitely lost in loss record 152 of 833
==13582==    at 0x484D953: calloc (in /usr/libexec/valgrind/vgpreload_memcheck-amd64-linux.so)
==13582==    by 0x739049: __mn_alloc (in /mnt/c/Users/Juan/Documents/GitHub/Mapanare/mapanare/self/mnc-stage1)
==13582==    by 0x739C2E: __mn_str_concat (in /mnt/c/Users/Juan/Documents/GitHub/Mapanare/mapanare/self/mnc-stage1)
==13582==    by 0x41FA94: lexer__scan_ident (in /mnt/c/Users/Juan/Documents/GitHub/Mapanare/mapanare/self/mnc-stage1)
==13582==    by 0x6A865CF: ???
==13582==    by 0x8000000000000001: ???
==13582==    by 0x6A733D7: ???
==13582==    by 0x4: ???
==13582==    by 0xD: ???
==13582==    by 0x6A7751F: ???
==13582==    by 0x8000000000000000: ???
==13582==    by 0x4: ???
==13582==    by 0x111: ???
==13582== 
==13582== 4 bytes in 1 blocks are definitely lost in loss record 153 of 833
==13582==    at 0x484D953: calloc (in /usr/libexec/valgrind/vgpreload_memcheck-amd64-linux.so)
==13582==    by 0x739049: __mn_alloc (in /mnt/c/Users/Juan/Documents/GitHub/Mapanare/mapanare/self/mnc-stage1)
==13582==    by 0x739C2E: __mn_str_concat (in /mnt/c/Users/Juan/Documents/GitHub/Mapanare/mapanare/self/mnc-stage1)
==13582==    by 0x41FA94: lexer__scan_ident (in /mnt/c/Users/Juan/Documents/GitHub/Mapanare/mapanare/self/mnc-stage1)
==13582==    by 0x6A86ACF: ???
==13582==    by 0x8000000000000001: ???
==13582==    by 0x6A733D7: ???
==13582==    by 0xA: ???
==13582==    by 0xD: ???
==13582==    by 0x6A7751F: ???
==13582==    by 0x8000000000000000: ???
==13582==    by 0xA: ???
==13582==    by 0x117: ???
==13582== 
==13582== 4 bytes in 1 blocks are definitely lost in loss record 154 of 833
==13582==    at 0x484D953: calloc (in /usr/libexec/valgrind/vgpreload_memcheck-amd64-linux.so)
==13582==    by 0x739049: __mn_alloc (in /mnt/c/Users/Juan/Documents/GitHub/Mapanare/mapanare/self/mnc-stage1)
==13582==    by 0x739C2E: __mn_str_concat (in /mnt/c/Users/Juan/Documents/GitHub/Mapanare/mapanare/self/mnc-stage1)
==13582==    by 0x41FA94: lexer__scan_ident (in /mnt/c/Users/Juan/Documents/GitHub/Mapanare/mapanare/self/mnc-stage1)
==13582==    by 0x6A876FF: ???
==13582==    by 0x8000000000000001: ???
==13582==    by 0x6A733D7: ???
==13582==    by 0x4: ???
==13582==    by 0xE: ???
==13582==    by 0x6A7751F: ???
==13582==    by 0x8000000000000000: ???
==13582==    by 0x4: ???
==13582==    by 0x128: ???
==13582== 
==13582== 4 bytes in 1 blocks are definitely lost in loss record 155 of 833
==13582==    at 0x484D953: calloc (in /usr/libexec/valgrind/vgpreload_memcheck-amd64-linux.so)
==13582==    by 0x739049: __mn_alloc (in /mnt/c/Users/Juan/Documents/GitHub/Mapanare/mapanare/self/mnc-stage1)
==13582==    by 0x739C2E: __mn_str_concat (in /mnt/c/Users/Juan/Documents/GitHub/Mapanare/mapanare/self/mnc-stage1)
==13582==    by 0x41FA94: lexer__scan_ident (in /mnt/c/Users/Juan/Documents/GitHub/Mapanare/mapanare/self/mnc-stage1)
==13582==    by 0x6A87BFF: ???
==13582==    by 0x8000000000000001: ???
==13582==    by 0x6A733D7: ???
==13582==    by 0xA: ???
==13582==    by 0xE: ???
==13582==    by 0x6A7751F: ???
==13582==    by 0x8000000000000000: ???
==13582==    by 0xA: ???
==13582==    by 0x12E: ???
==13582== 
==13582== 4 bytes in 1 blocks are definitely lost in loss record 156 of 833
==13582==    at 0x484D953: calloc (in /usr/libexec/valgrind/vgpreload_memcheck-amd64-linux.so)
==13582==    by 0x739049: __mn_alloc (in /mnt/c/Users/Juan/Documents/GitHub/Mapanare/mapanare/self/mnc-stage1)
==13582==    by 0x73980B: __mn_str_from_parts (in /mnt/c/Users/Juan/Documents/GitHub/Mapanare/mapanare/self/mnc-stage1)
==13582==    by 0x413E5E: file_extension (in /mnt/c/Users/Juan/Documents/GitHub/Mapanare/mapanare/self/mnc-stage1)
==13582==    by 0x8000000000000011: ???
==13582== 
==13582== 4 bytes in 2 blocks are definitely lost in loss record 157 of 833
==13582==    at 0x484D953: calloc (in /usr/libexec/valgrind/vgpreload_memcheck-amd64-linux.so)
==13582==    by 0x739049: __mn_alloc (in /mnt/c/Users/Juan/Documents/GitHub/Mapanare/mapanare/self/mnc-stage1)
==13582==    by 0x73980B: __mn_str_from_parts (in /mnt/c/Users/Juan/Documents/GitHub/Mapanare/mapanare/self/mnc-stage1)
==13582==    by 0x431688: parser__has_interpolation (in /mnt/c/Users/Juan/Documents/GitHub/Mapanare/mapanare/self/mnc-stage1)
==13582==    by 0x8000000000000000: ???
==13582==    by 0x580053FF: ??? (in /usr/libexec/valgrind/memcheck-amd64-linux)
==13582==    by 0xF: ???
==13582==    by 0x9: ???
==13582==    by 0x7F: ???
==13582==    by 0x54: ???
==13582==    by 0x8000000000000003: ???
==13582==    by 0x6A7C40F: ???
==13582==    by 0x6A8377F: ???
==13582==    by 0x432BDF: parser__parse_atom (in /mnt/c/Users/Juan/Documents/GitHub/Mapanare/mapanare/self/mnc-stage1)
==13582== 
==13582== 4 bytes in 2 blocks are definitely lost in loss record 158 of 833
==13582==    at 0x484D953: calloc (in /usr/libexec/valgrind/vgpreload_memcheck-amd64-linux.so)
==13582==    by 0x739049: __mn_alloc (in /mnt/c/Users/Juan/Documents/GitHub/Mapanare/mapanare/self/mnc-stage1)
==13582==    by 0x73980B: __mn_str_from_parts (in /mnt/c/Users/Juan/Documents/GitHub/Mapanare/mapanare/self/mnc-stage1)
==13582==    by 0x413E27: file_extension (in /mnt/c/Users/Juan/Documents/GitHub/Mapanare/mapanare/self/mnc-stage1)
==13582==    by 0x8000000000000011: ???
==13582== 
==13582== 5 bytes in 1 blocks are indirectly lost in loss record 159 of 833
==13582==    at 0x484D953: calloc (in /usr/libexec/valgrind/vgpreload_memcheck-amd64-linux.so)
==13582==    by 0x739049: __mn_alloc (in /mnt/c/Users/Juan/Documents/GitHub/Mapanare/mapanare/self/mnc-stage1)
==13582==    by 0x739C2E: __mn_str_concat (in /mnt/c/Users/Juan/Documents/GitHub/Mapanare/mapanare/self/mnc-stage1)
==13582==    by 0x41FA94: lexer__scan_ident (in /mnt/c/Users/Juan/Documents/GitHub/Mapanare/mapanare/self/mnc-stage1)
==13582==    by 0x6A81A5F: ???
==13582==    by 0x8000000000000002: ???
==13582==    by 0x6A733D7: ???
==13582==    by 0x3: ???
==13582==    by 0xA: ???
==13582==    by 0x6A7751F: ???
==13582==    by 0x8000000000000000: ???
==13582==    by 0x3: ???
==13582==    by 0xD5: ???
==13582== 
==13582== 5 bytes in 1 blocks are definitely lost in loss record 160 of 833
==13582==    at 0x484D953: calloc (in /usr/libexec/valgrind/vgpreload_memcheck-amd64-linux.so)
==13582==    by 0x739049: __mn_alloc (in /mnt/c/Users/Juan/Documents/GitHub/Mapanare/mapanare/self/mnc-stage1)
==13582==    by 0x739C2E: __mn_str_concat (in /mnt/c/Users/Juan/Documents/GitHub/Mapanare/mapanare/self/mnc-stage1)
==13582==    by 0x41FA94: lexer__scan_ident (in /mnt/c/Users/Juan/Documents/GitHub/Mapanare/mapanare/self/mnc-stage1)
==13582==    by 0x6A77D9F: ???
==13582==    by 0x8000000000000002: ???
==13582==    by 0x6A733D7: ???
==13582==    by 0x3: ???
==13582== 
==13582== 5 bytes in 1 blocks are definitely lost in loss record 161 of 833
==13582==    at 0x484D953: calloc (in /usr/libexec/valgrind/vgpreload_memcheck-amd64-linux.so)
==13582==    by 0x739049: __mn_alloc (in /mnt/c/Users/Juan/Documents/GitHub/Mapanare/mapanare/self/mnc-stage1)
==13582==    by 0x739C2E: __mn_str_concat (in /mnt/c/Users/Juan/Documents/GitHub/Mapanare/mapanare/self/mnc-stage1)
==13582==    by 0x41FA94: lexer__scan_ident (in /mnt/c/Users/Juan/Documents/GitHub/Mapanare/mapanare/self/mnc-stage1)
==13582==    by 0x6A78C9F: ???
==13582==    by 0x8000000000000002: ???
==13582==    by 0x6A733D7: ???
==13582==    by 0x17: ???
==13582== 
==13582== 5 bytes in 1 blocks are definitely lost in loss record 162 of 833
==13582==    at 0x484D953: calloc (in /usr/libexec/valgrind/vgpreload_memcheck-amd64-linux.so)
==13582==    by 0x739049: __mn_alloc (in /mnt/c/Users/Juan/Documents/GitHub/Mapanare/mapanare/self/mnc-stage1)
==13582==    by 0x739C2E: __mn_str_concat (in /mnt/c/Users/Juan/Documents/GitHub/Mapanare/mapanare/self/mnc-stage1)
==13582==    by 0x41FA94: lexer__scan_ident (in /mnt/c/Users/Juan/Documents/GitHub/Mapanare/mapanare/self/mnc-stage1)
==13582==    by 0x6A7986F: ???
==13582==    by 0x8000000000000002: ???
==13582==    by 0x6A733D7: ???
==13582==    by 0x4: ???
==13582==    by 0x1: ???
==13582==    by 0x6A7751F: ???
==13582==    by 0x8000000000000000: ???
==13582==    by 0x4: ???
==13582==    by 0x23: ???
==13582== 
==13582== 5 bytes in 1 blocks are definitely lost in loss record 163 of 833
==13582==    at 0x484D953: calloc (in /usr/libexec/valgrind/vgpreload_memcheck-amd64-linux.so)
==13582==    by 0x739049: __mn_alloc (in /mnt/c/Users/Juan/Documents/GitHub/Mapanare/mapanare/self/mnc-stage1)
==13582==    by 0x739C2E: __mn_str_concat (in /mnt/c/Users/Juan/Documents/GitHub/Mapanare/mapanare/self/mnc-stage1)
==13582==    by 0x41FA94: lexer__scan_ident (in /mnt/c/Users/Juan/Documents/GitHub/Mapanare/mapanare/self/mnc-stage1)
==13582==    by 0x6A8227F: ???
==13582==    by 0x8000000000000002: ???
==13582==    by 0x6A733D7: ???
==13582==    by 0x4: ???
==13582==    by 0xB: ???
==13582==    by 0x6A7751F: ???
==13582==    by 0x8000000000000000: ???
==13582==    by 0x4: ???
==13582==    by 0xE2: ???
==13582== 
==13582== 5 bytes in 1 blocks are definitely lost in loss record 164 of 833
==13582==    at 0x484D953: calloc (in /usr/libexec/valgrind/vgpreload_memcheck-amd64-linux.so)
==13582==    by 0x739049: __mn_alloc (in /mnt/c/Users/Juan/Documents/GitHub/Mapanare/mapanare/self/mnc-stage1)
==13582==    by 0x739C2E: __mn_str_concat (in /mnt/c/Users/Juan/Documents/GitHub/Mapanare/mapanare/self/mnc-stage1)
==13582==    by 0x41FA94: lexer__scan_ident (in /mnt/c/Users/Juan/Documents/GitHub/Mapanare/mapanare/self/mnc-stage1)
==13582==    by 0x6A8277F: ???
==13582==    by 0x8000000000000002: ???
==13582==    by 0x6A733D7: ???
==13582==    by 0xA: ???
==13582==    by 0xB: ???
==13582==    by 0x6A7751F: ???
==13582==    by 0x8000000000000000: ???
==13582==    by 0xA: ???
==13582==    by 0xE8: ???
==13582== 
==13582== 5 bytes in 1 blocks are definitely lost in loss record 165 of 833
==13582==    at 0x484D953: calloc (in /usr/libexec/valgrind/vgpreload_memcheck-amd64-linux.so)
==13582==    by 0x739049: __mn_alloc (in /mnt/c/Users/Juan/Documents/GitHub/Mapanare/mapanare/self/mnc-stage1)
==13582==    by 0x739C2E: __mn_str_concat (in /mnt/c/Users/Juan/Documents/GitHub/Mapanare/mapanare/self/mnc-stage1)
==13582==    by 0x41FA94: lexer__scan_ident (in /mnt/c/Users/Juan/Documents/GitHub/Mapanare/mapanare/self/mnc-stage1)
==13582==    by 0x6A8349F: ???
==13582==    by 0x8000000000000002: ???
==13582==    by 0x6A733D7: ???
==13582==    by 0x4: ???
==13582==    by 0xC: ???
==13582==    by 0x6A7751F: ???
==13582==    by 0x8000000000000000: ???
==13582==    by 0x4: ???
==13582==    by 0xFA: ???
==13582== 
==13582== 5 bytes in 1 blocks are definitely lost in loss record 166 of 833
==13582==    at 0x484D953: calloc (in /usr/libexec/valgrind/vgpreload_memcheck-amd64-linux.so)
==13582==    by 0x739049: __mn_alloc (in /mnt/c/Users/Juan/Documents/GitHub/Mapanare/mapanare/self/mnc-stage1)
==13582==    by 0x739C2E: __mn_str_concat (in /mnt/c/Users/Juan/Documents/GitHub/Mapanare/mapanare/self/mnc-stage1)
==13582==    by 0x41FA94: lexer__scan_ident (in /mnt/c/Users/Juan/Documents/GitHub/Mapanare/mapanare/self/mnc-stage1)
==13582==    by 0x6A859EF: ???
==13582==    by 0x8000000000000002: ???
==13582==    by 0x6A733D7: ???
==13582==    by 0xA: ???
==13582==    by 0xC: ???
==13582==    by 0x6A7751F: ???
==13582==    by 0x8000000000000000: ???
==13582==    by 0xA: ???
==13582==    by 0x100: ???
==13582== 
==13582== 5 bytes in 1 blocks are definitely lost in loss record 167 of 833
==13582==    at 0x484D953: calloc (in /usr/libexec/valgrind/vgpreload_memcheck-amd64-linux.so)
==13582==    by 0x739049: __mn_alloc (in /mnt/c/Users/Juan/Documents/GitHub/Mapanare/mapanare/self/mnc-stage1)
==13582==    by 0x739C2E: __mn_str_concat (in /mnt/c/Users/Juan/Documents/GitHub/Mapanare/mapanare/self/mnc-stage1)
==13582==    by 0x41FA94: lexer__scan_ident (in /mnt/c/Users/Juan/Documents/GitHub/Mapanare/mapanare/self/mnc-stage1)
==13582==    by 0x6A8666F: ???
==13582==    by 0x8000000000000002: ???
==13582==    by 0x6A733D7: ???
==13582==    by 0x4: ???
==13582==    by 0xD: ???
==13582==    by 0x6A7751F: ???
==13582==    by 0x8000000000000000: ???
==13582==    by 0x4: ???
==13582==    by 0x111: ???
==13582== 
==13582== 5 bytes in 1 blocks are definitely lost in loss record 168 of 833
==13582==    at 0x484D953: calloc (in /usr/libexec/valgrind/vgpreload_memcheck-amd64-linux.so)
==13582==    by 0x739049: __mn_alloc (in /mnt/c/Users/Juan/Documents/GitHub/Mapanare/mapanare/self/mnc-stage1)
==13582==    by 0x739C2E: __mn_str_concat (in /mnt/c/Users/Juan/Documents/GitHub/Mapanare/mapanare/self/mnc-stage1)
==13582==    by 0x41FA94: lexer__scan_ident (in /mnt/c/Users/Juan/Documents/GitHub/Mapanare/mapanare/self/mnc-stage1)
==13582==    by 0x6A86B6F: ???
==13582==    by 0x8000000000000002: ???
==13582==    by 0x6A733D7: ???
==13582==    by 0xA: ???
==13582==    by 0xD: ???
==13582==    by 0x6A7751F: ???
==13582==    by 0x8000000000000000: ???
==13582==    by 0xA: ???
==13582==    by 0x117: ???
==13582== 
==13582== 5 bytes in 1 blocks are definitely lost in loss record 169 of 833
==13582==    at 0x484D953: calloc (in /usr/libexec/valgrind/vgpreload_memcheck-amd64-linux.so)
==13582==    by 0x739049: __mn_alloc (in /mnt/c/Users/Juan/Documents/GitHub/Mapanare/mapanare/self/mnc-stage1)
==13582==    by 0x739C2E: __mn_str_concat (in /mnt/c/Users/Juan/Documents/GitHub/Mapanare/mapanare/self/mnc-stage1)
==13582==    by 0x41FA94: lexer__scan_ident (in /mnt/c/Users/Juan/Documents/GitHub/Mapanare/mapanare/self/mnc-stage1)
==13582==    by 0x6A8779F: ???
==13582==    by 0x8000000000000002: ???
==13582==    by 0x6A733D7: ???
==13582==    by 0x4: ???
==13582==    by 0xE: ???
==13582==    by 0x6A7751F: ???
==13582==    by 0x8000000000000000: ???
==13582==    by 0x4: ???
==13582==    by 0x128: ???
==13582== 
==13582== 5 bytes in 1 blocks are definitely lost in loss record 170 of 833
==13582==    at 0x484D953: calloc (in /usr/libexec/valgrind/vgpreload_memcheck-amd64-linux.so)
==13582==    by 0x739049: __mn_alloc (in /mnt/c/Users/Juan/Documents/GitHub/Mapanare/mapanare/self/mnc-stage1)
==13582==    by 0x739C2E: __mn_str_concat (in /mnt/c/Users/Juan/Documents/GitHub/Mapanare/mapanare/self/mnc-stage1)
==13582==    by 0x41FA94: lexer__scan_ident (in /mnt/c/Users/Juan/Documents/GitHub/Mapanare/mapanare/self/mnc-stage1)
==13582==    by 0x6A87C9F: ???
==13582==    by 0x8000000000000002: ???
==13582==    by 0x6A733D7: ???
==13582==    by 0xA: ???
==13582==    by 0xE: ???
==13582==    by 0x6A7751F: ???
==13582==    by 0x8000000000000000: ???
==13582==    by 0xA: ???
==13582==    by 0x12E: ???
==13582== 
==13582== 6 bytes in 1 blocks are indirectly lost in loss record 171 of 833
==13582==    at 0x484D953: calloc (in /usr/libexec/valgrind/vgpreload_memcheck-amd64-linux.so)
==13582==    by 0x739049: __mn_alloc (in /mnt/c/Users/Juan/Documents/GitHub/Mapanare/mapanare/self/mnc-stage1)
==13582==    by 0x739C2E: __mn_str_concat (in /mnt/c/Users/Juan/Documents/GitHub/Mapanare/mapanare/self/mnc-stage1)
==13582==    by 0x41FA94: lexer__scan_ident (in /mnt/c/Users/Juan/Documents/GitHub/Mapanare/mapanare/self/mnc-stage1)
==13582==    by 0x6A7990F: ???
==13582==    by 0x8000000000000003: ???
==13582==    by 0x6A733D7: ???
==13582==    by 0x4: ???
==13582==    by 0x1: ???
==13582==    by 0x6A7751F: ???
==13582==    by 0x8000000000000000: ???
==13582==    by 0x4: ???
==13582==    by 0x23: ???
==13582== 
==13582== 6 bytes in 1 blocks are indirectly lost in loss record 172 of 833
==13582==    at 0x484D953: calloc (in /usr/libexec/valgrind/vgpreload_memcheck-amd64-linux.so)
==13582==    by 0x739049: __mn_alloc (in /mnt/c/Users/Juan/Documents/GitHub/Mapanare/mapanare/self/mnc-stage1)
==13582==    by 0x739C2E: __mn_str_concat (in /mnt/c/Users/Juan/Documents/GitHub/Mapanare/mapanare/self/mnc-stage1)
==13582==    by 0x41FA94: lexer__scan_ident (in /mnt/c/Users/Juan/Documents/GitHub/Mapanare/mapanare/self/mnc-stage1)
==13582==    by 0x6A8231F: ???
==13582==    by 0x8000000000000003: ???
==13582==    by 0x6A733D7: ???
==13582==    by 0x4: ???
==13582==    by 0xB: ???
==13582==    by 0x6A7751F: ???
==13582==    by 0x8000000000000000: ???
==13582==    by 0x4: ???
==13582==    by 0xE2: ???
==13582== 
==13582== 6 bytes in 1 blocks are indirectly lost in loss record 173 of 833
==13582==    at 0x484D953: calloc (in /usr/libexec/valgrind/vgpreload_memcheck-amd64-linux.so)
==13582==    by 0x739049: __mn_alloc (in /mnt/c/Users/Juan/Documents/GitHub/Mapanare/mapanare/self/mnc-stage1)
==13582==    by 0x739C2E: __mn_str_concat (in /mnt/c/Users/Juan/Documents/GitHub/Mapanare/mapanare/self/mnc-stage1)
==13582==    by 0x41FA94: lexer__scan_ident (in /mnt/c/Users/Juan/Documents/GitHub/Mapanare/mapanare/self/mnc-stage1)
==13582==    by 0x6A8353F: ???
==13582==    by 0x8000000000000003: ???
==13582==    by 0x6A733D7: ???
==13582==    by 0x4: ???
==13582==    by 0xC: ???
==13582==    by 0x6A7751F: ???
==13582==    by 0x8000000000000000: ???
==13582==    by 0x4: ???
==13582==    by 0xFA: ???
==13582== 
==13582== 6 bytes in 1 blocks are indirectly lost in loss record 174 of 833
==13582==    at 0x484D953: calloc (in /usr/libexec/valgrind/vgpreload_memcheck-amd64-linux.so)
==13582==    by 0x739049: __mn_alloc (in /mnt/c/Users/Juan/Documents/GitHub/Mapanare/mapanare/self/mnc-stage1)
==13582==    by 0x739C2E: __mn_str_concat (in /mnt/c/Users/Juan/Documents/GitHub/Mapanare/mapanare/self/mnc-stage1)
==13582==    by 0x41FA94: lexer__scan_ident (in /mnt/c/Users/Juan/Documents/GitHub/Mapanare/mapanare/self/mnc-stage1)
==13582==    by 0x6A8670F: ???
==13582==    by 0x8000000000000003: ???
==13582==    by 0x6A733D7: ???
==13582==    by 0x4: ???
==13582==    by 0xD: ???
==13582==    by 0x6A7751F: ???
==13582==    by 0x8000000000000000: ???
==13582==    by 0x4: ???
==13582==    by 0x111: ???
==13582== 
==13582== 6 bytes in 1 blocks are indirectly lost in loss record 175 of 833
==13582==    at 0x484D953: calloc (in /usr/libexec/valgrind/vgpreload_memcheck-amd64-linux.so)
==13582==    by 0x739049: __mn_alloc (in /mnt/c/Users/Juan/Documents/GitHub/Mapanare/mapanare/self/mnc-stage1)
==13582==    by 0x739C2E: __mn_str_concat (in /mnt/c/Users/Juan/Documents/GitHub/Mapanare/mapanare/self/mnc-stage1)
==13582==    by 0x41FA94: lexer__scan_ident (in /mnt/c/Users/Juan/Documents/GitHub/Mapanare/mapanare/self/mnc-stage1)
==13582==    by 0x6A8783F: ???
==13582==    by 0x8000000000000003: ???
==13582==    by 0x6A733D7: ???
==13582==    by 0x4: ???
==13582==    by 0xE: ???
==13582==    by 0x6A7751F: ???
==13582==    by 0x8000000000000000: ???
==13582==    by 0x4: ???
==13582==    by 0x128: ???
==13582== 
==13582== 6 bytes in 1 blocks are definitely lost in loss record 176 of 833
==13582==    at 0x484D953: calloc (in /usr/libexec/valgrind/vgpreload_memcheck-amd64-linux.so)
==13582==    by 0x739049: __mn_alloc (in /mnt/c/Users/Juan/Documents/GitHub/Mapanare/mapanare/self/mnc-stage1)
==13582==    by 0x739C2E: __mn_str_concat (in /mnt/c/Users/Juan/Documents/GitHub/Mapanare/mapanare/self/mnc-stage1)
==13582==    by 0x41FA94: lexer__scan_ident (in /mnt/c/Users/Juan/Documents/GitHub/Mapanare/mapanare/self/mnc-stage1)
==13582==    by 0x6A77E3F: ???
==13582==    by 0x8000000000000003: ???
==13582==    by 0x6A733D7: ???
==13582==    by 0x3: ???
==13582== 
==13582== 6 bytes in 1 blocks are definitely lost in loss record 177 of 833
==13582==    at 0x484D953: calloc (in /usr/libexec/valgrind/vgpreload_memcheck-amd64-linux.so)
==13582==    by 0x739049: __mn_alloc (in /mnt/c/Users/Juan/Documents/GitHub/Mapanare/mapanare/self/mnc-stage1)
==13582==    by 0x739C2E: __mn_str_concat (in /mnt/c/Users/Juan/Documents/GitHub/Mapanare/mapanare/self/mnc-stage1)
==13582==    by 0x41FA94: lexer__scan_ident (in /mnt/c/Users/Juan/Documents/GitHub/Mapanare/mapanare/self/mnc-stage1)
==13582==    by 0x6A78D3F: ???
==13582==    by 0x8000000000000003: ???
==13582==    by 0x6A733D7: ???
==13582==    by 0x17: ???
==13582== 
==13582== 6 bytes in 1 blocks are definitely lost in loss record 178 of 833
==13582==    at 0x484D953: calloc (in /usr/libexec/valgrind/vgpreload_memcheck-amd64-linux.so)
==13582==    by 0x739049: __mn_alloc (in /mnt/c/Users/Juan/Documents/GitHub/Mapanare/mapanare/self/mnc-stage1)
==13582==    by 0x739C2E: __mn_str_concat (in /mnt/c/Users/Juan/Documents/GitHub/Mapanare/mapanare/self/mnc-stage1)
==13582==    by 0x41FA94: lexer__scan_ident (in /mnt/c/Users/Juan/Documents/GitHub/Mapanare/mapanare/self/mnc-stage1)
==13582==    by 0x6A8281F: ???
==13582==    by 0x8000000000000003: ???
==13582==    by 0x6A733D7: ???
==13582==    by 0xA: ???
==13582==    by 0xB: ???
==13582==    by 0x6A7751F: ???
==13582==    by 0x8000000000000000: ???
==13582==    by 0xA: ???
==13582==    by 0xE8: ???
==13582== 
==13582== 6 bytes in 1 blocks are definitely lost in loss record 179 of 833
==13582==    at 0x484D953: calloc (in /usr/libexec/valgrind/vgpreload_memcheck-amd64-linux.so)
==13582==    by 0x739049: __mn_alloc (in /mnt/c/Users/Juan/Documents/GitHub/Mapanare/mapanare/self/mnc-stage1)
==13582==    by 0x739C2E: __mn_str_concat (in /mnt/c/Users/Juan/Documents/GitHub/Mapanare/mapanare/self/mnc-stage1)
==13582==    by 0x41FA94: lexer__scan_ident (in /mnt/c/Users/Juan/Documents/GitHub/Mapanare/mapanare/self/mnc-stage1)
==13582==    by 0x6A85A8F: ???
==13582==    by 0x8000000000000003: ???
==13582==    by 0x6A733D7: ???
==13582==    by 0xA: ???
==13582==    by 0xC: ???
==13582==    by 0x6A7751F: ???
==13582==    by 0x8000000000000000: ???
==13582==    by 0xA: ???
==13582==    by 0x100: ???
==13582== 
==13582== 6 bytes in 1 blocks are definitely lost in loss record 180 of 833
==13582==    at 0x484D953: calloc (in /usr/libexec/valgrind/vgpreload_memcheck-amd64-linux.so)
==13582==    by 0x739049: __mn_alloc (in /mnt/c/Users/Juan/Documents/GitHub/Mapanare/mapanare/self/mnc-stage1)
==13582==    by 0x739C2E: __mn_str_concat (in /mnt/c/Users/Juan/Documents/GitHub/Mapanare/mapanare/self/mnc-stage1)
==13582==    by 0x41FA94: lexer__scan_ident (in /mnt/c/Users/Juan/Documents/GitHub/Mapanare/mapanare/self/mnc-stage1)
==13582==    by 0x6A86C0F: ???
==13582==    by 0x8000000000000003: ???
==13582==    by 0x6A733D7: ???
==13582==    by 0xA: ???
==13582==    by 0xD: ???
==13582==    by 0x6A7751F: ???
==13582==    by 0x8000000000000000: ???
==13582==    by 0xA: ???
==13582==    by 0x117: ???
==13582== 
==13582== 6 bytes in 1 blocks are definitely lost in loss record 181 of 833
==13582==    at 0x484D953: calloc (in /usr/libexec/valgrind/vgpreload_memcheck-amd64-linux.so)
==13582==    by 0x739049: __mn_alloc (in /mnt/c/Users/Juan/Documents/GitHub/Mapanare/mapanare/self/mnc-stage1)
==13582==    by 0x739C2E: __mn_str_concat (in /mnt/c/Users/Juan/Documents/GitHub/Mapanare/mapanare/self/mnc-stage1)
==13582==    by 0x41FA94: lexer__scan_ident (in /mnt/c/Users/Juan/Documents/GitHub/Mapanare/mapanare/self/mnc-stage1)
==13582==    by 0x6A87D3F: ???
==13582==    by 0x8000000000000003: ???
==13582==    by 0x6A733D7: ???
==13582==    by 0xA: ???
==13582==    by 0xE: ???
==13582==    by 0x6A7751F: ???
==13582==    by 0x8000000000000000: ???
==13582==    by 0xA: ???
==13582==    by 0x12E: ???
==13582== 
==13582== 6 bytes in 3 blocks are definitely lost in loss record 182 of 833
==13582==    at 0x484D953: calloc (in /usr/libexec/valgrind/vgpreload_memcheck-amd64-linux.so)
==13582==    by 0x739049: __mn_alloc (in /mnt/c/Users/Juan/Documents/GitHub/Mapanare/mapanare/self/mnc-stage1)
==13582==    by 0x73980B: __mn_str_from_parts (in /mnt/c/Users/Juan/Documents/GitHub/Mapanare/mapanare/self/mnc-stage1)
==13582==    by 0x420082: lexer__scan_number (in /mnt/c/Users/Juan/Documents/GitHub/Mapanare/mapanare/self/mnc-stage1)
==13582==    by 0x75156F: ??? (in /mnt/c/Users/Juan/Documents/GitHub/Mapanare/mapanare/self/mnc-stage1)
==13582==    by 0x6A73257: ???
==13582== 
==13582== 6 bytes in 3 blocks are definitely lost in loss record 183 of 833
==13582==    at 0x484D953: calloc (in /usr/libexec/valgrind/vgpreload_memcheck-amd64-linux.so)
==13582==    by 0x739049: __mn_alloc (in /mnt/c/Users/Juan/Documents/GitHub/Mapanare/mapanare/self/mnc-stage1)
==13582==    by 0x73980B: __mn_str_from_parts (in /mnt/c/Users/Juan/Documents/GitHub/Mapanare/mapanare/self/mnc-stage1)
==13582==    by 0x431688: parser__has_interpolation (in /mnt/c/Users/Juan/Documents/GitHub/Mapanare/mapanare/self/mnc-stage1)
==13582==    by 0x8000000000000000: ???
==13582==    by 0x54: ???
==13582==    by 0x6: ???
==13582==    by 0x9: ???
==13582==    by 0x7F: ???
==13582==    by 0x54: ???
==13582==    by 0x8000000000000004: ???
==13582==    by 0x6A7EE9F: ???
==13582==    by 0x6A8377F: ???
==13582==    by 0x432BDF: parser__parse_atom (in /mnt/c/Users/Juan/Documents/GitHub/Mapanare/mapanare/self/mnc-stage1)
==13582== 
==13582== 6 bytes in 3 blocks are definitely lost in loss record 184 of 833
==13582==    at 0x484D953: calloc (in /usr/libexec/valgrind/vgpreload_memcheck-amd64-linux.so)
==13582==    by 0x739049: __mn_alloc (in /mnt/c/Users/Juan/Documents/GitHub/Mapanare/mapanare/self/mnc-stage1)
==13582==    by 0x73980B: __mn_str_from_parts (in /mnt/c/Users/Juan/Documents/GitHub/Mapanare/mapanare/self/mnc-stage1)
==13582==    by 0x431688: parser__has_interpolation (in /mnt/c/Users/Juan/Documents/GitHub/Mapanare/mapanare/self/mnc-stage1)
==13582==    by 0x8000000000000000: ???
==13582==    by 0x580053FF: ??? (in /usr/libexec/valgrind/memcheck-amd64-linux)
==13582==    by 0xF: ???
==13582==    by 0x9: ???
==13582==    by 0x7F: ???
==13582==    by 0x54: ???
==13582==    by 0x8000000000000004: ???
==13582==    by 0x6A801FF: ???
==13582==    by 0x6A8377F: ???
==13582==    by 0x432BDF: parser__parse_atom (in /mnt/c/Users/Juan/Documents/GitHub/Mapanare/mapanare/self/mnc-stage1)
==13582== 
==13582== 7 bytes in 1 blocks are indirectly lost in loss record 185 of 833
==13582==    at 0x484D953: calloc (in /usr/libexec/valgrind/vgpreload_memcheck-amd64-linux.so)
==13582==    by 0x739049: __mn_alloc (in /mnt/c/Users/Juan/Documents/GitHub/Mapanare/mapanare/self/mnc-stage1)
==13582==    by 0x739C2E: __mn_str_concat (in /mnt/c/Users/Juan/Documents/GitHub/Mapanare/mapanare/self/mnc-stage1)
==13582==    by 0x41FA94: lexer__scan_ident (in /mnt/c/Users/Juan/Documents/GitHub/Mapanare/mapanare/self/mnc-stage1)
==13582==    by 0x6A78DDF: ???
==13582==    by 0x8000000000000004: ???
==13582==    by 0x6A733D7: ???
==13582==    by 0x17: ???
==13582== 
==13582== 7 bytes in 1 blocks are definitely lost in loss record 186 of 833
==13582==    at 0x484D953: calloc (in /usr/libexec/valgrind/vgpreload_memcheck-amd64-linux.so)
==13582==    by 0x739049: __mn_alloc (in /mnt/c/Users/Juan/Documents/GitHub/Mapanare/mapanare/self/mnc-stage1)
==13582==    by 0x739C2E: __mn_str_concat (in /mnt/c/Users/Juan/Documents/GitHub/Mapanare/mapanare/self/mnc-stage1)
==13582==    by 0x41FA94: lexer__scan_ident (in /mnt/c/Users/Juan/Documents/GitHub/Mapanare/mapanare/self/mnc-stage1)
==13582==    by 0x6A77EDF: ???
==13582==    by 0x8000000000000004: ???
==13582==    by 0x6A733D7: ???
==13582==    by 0x3: ???
==13582== 
==13582== 7 bytes in 1 blocks are definitely lost in loss record 187 of 833
==13582==    at 0x484D953: calloc (in /usr/libexec/valgrind/vgpreload_memcheck-amd64-linux.so)
==13582==    by 0x739049: __mn_alloc (in /mnt/c/Users/Juan/Documents/GitHub/Mapanare/mapanare/self/mnc-stage1)
==13582==    by 0x739C2E: __mn_str_concat (in /mnt/c/Users/Juan/Documents/GitHub/Mapanare/mapanare/self/mnc-stage1)
==13582==    by 0x41FA94: lexer__scan_ident (in /mnt/c/Users/Juan/Documents/GitHub/Mapanare/mapanare/self/mnc-stage1)
==13582==    by 0x6A828BF: ???
==13582==    by 0x8000000000000004: ???
==13582==    by 0x6A733D7: ???
==13582==    by 0xA: ???
==13582==    by 0xB: ???
==13582==    by 0x6A7751F: ???
==13582==    by 0x8000000000000000: ???
==13582==    by 0xA: ???
==13582==    by 0xE8: ???
==13582== 
==13582== 7 bytes in 1 blocks are definitely lost in loss record 188 of 833
==13582==    at 0x484D953: calloc (in /usr/libexec/valgrind/vgpreload_memcheck-amd64-linux.so)
==13582==    by 0x739049: __mn_alloc (in /mnt/c/Users/Juan/Documents/GitHub/Mapanare/mapanare/self/mnc-stage1)
==13582==    by 0x739C2E: __mn_str_concat (in /mnt/c/Users/Juan/Documents/GitHub/Mapanare/mapanare/self/mnc-stage1)
==13582==    by 0x41FA94: lexer__scan_ident (in /mnt/c/Users/Juan/Documents/GitHub/Mapanare/mapanare/self/mnc-stage1)
==13582==    by 0x6A85B2F: ???
==13582==    by 0x8000000000000004: ???
==13582==    by 0x6A733D7: ???
==13582==    by 0xA: ???
==13582==    by 0xC: ???
==13582==    by 0x6A7751F: ???
==13582==    by 0x8000000000000000: ???
==13582==    by 0xA: ???
==13582==    by 0x100: ???
==13582== 
==13582== 7 bytes in 1 blocks are definitely lost in loss record 189 of 833
==13582==    at 0x484D953: calloc (in /usr/libexec/valgrind/vgpreload_memcheck-amd64-linux.so)
==13582==    by 0x739049: __mn_alloc (in /mnt/c/Users/Juan/Documents/GitHub/Mapanare/mapanare/self/mnc-stage1)
==13582==    by 0x739C2E: __mn_str_concat (in /mnt/c/Users/Juan/Documents/GitHub/Mapanare/mapanare/self/mnc-stage1)
==13582==    by 0x41FA94: lexer__scan_ident (in /mnt/c/Users/Juan/Documents/GitHub/Mapanare/mapanare/self/mnc-stage1)
==13582==    by 0x6A86CAF: ???
==13582==    by 0x8000000000000004: ???
==13582==    by 0x6A733D7: ???
==13582==    by 0xA: ???
==13582==    by 0xD: ???
==13582==    by 0x6A7751F: ???
==13582==    by 0x8000000000000000: ???
==13582==    by 0xA: ???
==13582==    by 0x117: ???
==13582== 
==13582== 7 bytes in 1 blocks are definitely lost in loss record 190 of 833
==13582==    at 0x484D953: calloc (in /usr/libexec/valgrind/vgpreload_memcheck-amd64-linux.so)
==13582==    by 0x739049: __mn_alloc (in /mnt/c/Users/Juan/Documents/GitHub/Mapanare/mapanare/self/mnc-stage1)
==13582==    by 0x739C2E: __mn_str_concat (in /mnt/c/Users/Juan/Documents/GitHub/Mapanare/mapanare/self/mnc-stage1)
==13582==    by 0x41FA94: lexer__scan_ident (in /mnt/c/Users/Juan/Documents/GitHub/Mapanare/mapanare/self/mnc-stage1)
==13582==    by 0x6A87DDF: ???
==13582==    by 0x8000000000000004: ???
==13582==    by 0x6A733D7: ???
==13582==    by 0xA: ???
==13582==    by 0xE: ???
==13582==    by 0x6A7751F: ???
==13582==    by 0x8000000000000000: ???
==13582==    by 0xA: ???
==13582==    by 0x12E: ???
==13582== 
==13582== 7 bytes in 1 blocks are definitely lost in loss record 191 of 833
==13582==    at 0x484D953: calloc (in /usr/libexec/valgrind/vgpreload_memcheck-amd64-linux.so)
==13582==    by 0x739049: __mn_alloc (in /mnt/c/Users/Juan/Documents/GitHub/Mapanare/mapanare/self/mnc-stage1)
==13582==    by 0x739C2E: __mn_str_concat (in /mnt/c/Users/Juan/Documents/GitHub/Mapanare/mapanare/self/mnc-stage1)
==13582==    by 0x6B142B: emit_llvm__emit_const (in /mnt/c/Users/Juan/Documents/GitHub/Mapanare/mapanare/self/mnc-stage1)
==13582==    by 0x8000000000000002: ???
==13582==    by 0x2: ???
==13582==    by 0x6AA5BCF: ???
==13582==    by 0x6AD3F9F: ???
==13582== 
==13582== 7 bytes in 1 blocks are definitely lost in loss record 192 of 833
==13582==    at 0x484D953: calloc (in /usr/libexec/valgrind/vgpreload_memcheck-amd64-linux.so)
==13582==    by 0x739049: __mn_alloc (in /mnt/c/Users/Juan/Documents/GitHub/Mapanare/mapanare/self/mnc-stage1)
==13582==    by 0x739C2E: __mn_str_concat (in /mnt/c/Users/Juan/Documents/GitHub/Mapanare/mapanare/self/mnc-stage1)
==13582==    by 0x6B142B: emit_llvm__emit_const (in /mnt/c/Users/Juan/Documents/GitHub/Mapanare/mapanare/self/mnc-stage1)
==13582==    by 0x8000000000000002: ???
==13582== 
==13582== 8 bytes in 1 blocks are indirectly lost in loss record 193 of 833
==13582==    at 0x4846828: malloc (in /usr/libexec/valgrind/vgpreload_memcheck-amd64-linux.so)
==13582==    by 0x4346C3: parser__parse_pattern_alt (in /mnt/c/Users/Juan/Documents/GitHub/Mapanare/mapanare/self/mnc-stage1)
==13582==    by 0x6A8377F: ???
==13582==    by 0x75168F: ??? (in /mnt/c/Users/Juan/Documents/GitHub/Mapanare/mapanare/self/mnc-stage1)
==13582==    by 0x6: ???
==13582== 
==13582== 8 bytes in 1 blocks are indirectly lost in loss record 194 of 833
==13582==    at 0x4846828: malloc (in /usr/libexec/valgrind/vgpreload_memcheck-amd64-linux.so)
==13582==    by 0x432B31: parser__parse_atom (in /mnt/c/Users/Juan/Documents/GitHub/Mapanare/mapanare/self/mnc-stage1)
==13582==    by 0x6A8377F: ???
==13582==    by 0x42: ???
==13582== 
==13582== 8 bytes in 1 blocks are indirectly lost in loss record 195 of 833
==13582==    at 0x4846828: malloc (in /usr/libexec/valgrind/vgpreload_memcheck-amd64-linux.so)
==13582==    by 0x432B31: parser__parse_atom (in /mnt/c/Users/Juan/Documents/GitHub/Mapanare/mapanare/self/mnc-stage1)
==13582==    by 0x6A8377F: ???
==13582==    by 0x49: ???
==13582== 
==13582== 8 bytes in 1 blocks are indirectly lost in loss record 196 of 833
==13582==    at 0x4846828: malloc (in /usr/libexec/valgrind/vgpreload_memcheck-amd64-linux.so)
==13582==    by 0x432B31: parser__parse_atom (in /mnt/c/Users/Juan/Documents/GitHub/Mapanare/mapanare/self/mnc-stage1)
==13582==    by 0x6A8377F: ???
==13582==    by 0x50: ???
==13582== 
==13582== 8 bytes in 1 blocks are indirectly lost in loss record 197 of 833
==13582==    at 0x484D953: calloc (in /usr/libexec/valgrind/vgpreload_memcheck-amd64-linux.so)
==13582==    by 0x739049: __mn_alloc (in /mnt/c/Users/Juan/Documents/GitHub/Mapanare/mapanare/self/mnc-stage1)
==13582==    by 0x739C2E: __mn_str_concat (in /mnt/c/Users/Juan/Documents/GitHub/Mapanare/mapanare/self/mnc-stage1)
==13582==    by 0x4CE37F: lower__bind_fn_params (in /mnt/c/Users/Juan/Documents/GitHub/Mapanare/mapanare/self/mnc-stage1)
==13582== 
==13582== 8 bytes in 1 blocks are definitely lost in loss record 198 of 833
==13582==    at 0x484D953: calloc (in /usr/libexec/valgrind/vgpreload_memcheck-amd64-linux.so)
==13582==    by 0x739049: __mn_alloc (in /mnt/c/Users/Juan/Documents/GitHub/Mapanare/mapanare/self/mnc-stage1)
==13582==    by 0x739C2E: __mn_str_concat (in /mnt/c/Users/Juan/Documents/GitHub/Mapanare/mapanare/self/mnc-stage1)
==13582==    by 0x41FA94: lexer__scan_ident (in /mnt/c/Users/Juan/Documents/GitHub/Mapanare/mapanare/self/mnc-stage1)
==13582==    by 0x6A77F7F: ???
==13582==    by 0x8000000000000005: ???
==13582==    by 0x6A733D7: ???
==13582==    by 0x3: ???
==13582== 
==13582== 8 bytes in 1 blocks are definitely lost in loss record 199 of 833
==13582==    at 0x484D953: calloc (in /usr/libexec/valgrind/vgpreload_memcheck-amd64-linux.so)
==13582==    by 0x739049: __mn_alloc (in /mnt/c/Users/Juan/Documents/GitHub/Mapanare/mapanare/self/mnc-stage1)
==13582==    by 0x739C2E: __mn_str_concat (in /mnt/c/Users/Juan/Documents/GitHub/Mapanare/mapanare/self/mnc-stage1)
==13582==    by 0x41FA94: lexer__scan_ident (in /mnt/c/Users/Juan/Documents/GitHub/Mapanare/mapanare/self/mnc-stage1)
==13582==    by 0x6A8295F: ???
==13582==    by 0x8000000000000005: ???
==13582==    by 0x6A733D7: ???
==13582==    by 0xA: ???
==13582==    by 0xB: ???
==13582==    by 0x6A7751F: ???
==13582==    by 0x8000000000000000: ???
==13582==    by 0xA: ???
==13582==    by 0xE8: ???
==13582== 
==13582== 8 bytes in 1 blocks are definitely lost in loss record 200 of 833
==13582==    at 0x484D953: calloc (in /usr/libexec/valgrind/vgpreload_memcheck-amd64-linux.so)
==13582==    by 0x739049: __mn_alloc (in /mnt/c/Users/Juan/Documents/GitHub/Mapanare/mapanare/self/mnc-stage1)
==13582==    by 0x739C2E: __mn_str_concat (in /mnt/c/Users/Juan/Documents/GitHub/Mapanare/mapanare/self/mnc-stage1)
==13582==    by 0x41FA94: lexer__scan_ident (in /mnt/c/Users/Juan/Documents/GitHub/Mapanare/mapanare/self/mnc-stage1)
==13582==    by 0x6A85BCF: ???
==13582==    by 0x8000000000000005: ???
==13582==    by 0x6A733D7: ???
==13582==    by 0xA: ???
==13582==    by 0xC: ???
==13582==    by 0x6A7751F: ???
==13582==    by 0x8000000000000000: ???
==13582==    by 0xA: ???
==13582==    by 0x100: ???
==13582== 
==13582== 8 bytes in 1 blocks are definitely lost in loss record 201 of 833
==13582==    at 0x484D953: calloc (in /usr/libexec/valgrind/vgpreload_memcheck-amd64-linux.so)
==13582==    by 0x739049: __mn_alloc (in /mnt/c/Users/Juan/Documents/GitHub/Mapanare/mapanare/self/mnc-stage1)
==13582==    by 0x739C2E: __mn_str_concat (in /mnt/c/Users/Juan/Documents/GitHub/Mapanare/mapanare/self/mnc-stage1)
==13582==    by 0x41FA94: lexer__scan_ident (in /mnt/c/Users/Juan/Documents/GitHub/Mapanare/mapanare/self/mnc-stage1)
==13582==    by 0x6A86D4F: ???
==13582==    by 0x8000000000000005: ???
==13582==    by 0x6A733D7: ???
==13582==    by 0xA: ???
==13582==    by 0xD: ???
==13582==    by 0x6A7751F: ???
==13582==    by 0x8000000000000000: ???
==13582==    by 0xA: ???
==13582==    by 0x117: ???
==13582== 
==13582== 8 bytes in 1 blocks are definitely lost in loss record 202 of 833
==13582==    at 0x484D953: calloc (in /usr/libexec/valgrind/vgpreload_memcheck-amd64-linux.so)
==13582==    by 0x739049: __mn_alloc (in /mnt/c/Users/Juan/Documents/GitHub/Mapanare/mapanare/self/mnc-stage1)
==13582==    by 0x739C2E: __mn_str_concat (in /mnt/c/Users/Juan/Documents/GitHub/Mapanare/mapanare/self/mnc-stage1)
==13582==    by 0x41FA94: lexer__scan_ident (in /mnt/c/Users/Juan/Documents/GitHub/Mapanare/mapanare/self/mnc-stage1)
==13582==    by 0x6A87E7F: ???
==13582==    by 0x8000000000000005: ???
==13582==    by 0x6A733D7: ???
==13582==    by 0xA: ???
==13582==    by 0xE: ???
==13582==    by 0x6A7751F: ???
==13582==    by 0x8000000000000000: ???
==13582==    by 0xA: ???
==13582==    by 0x12E: ???
==13582== 
==13582== 8 bytes in 1 blocks are definitely lost in loss record 203 of 833
==13582==    at 0x484D953: calloc (in /usr/libexec/valgrind/vgpreload_memcheck-amd64-linux.so)
==13582==    by 0x739049: __mn_alloc (in /mnt/c/Users/Juan/Documents/GitHub/Mapanare/mapanare/self/mnc-stage1)
==13582==    by 0x739C2E: __mn_str_concat (in /mnt/c/Users/Juan/Documents/GitHub/Mapanare/mapanare/self/mnc-stage1)
==13582==    by 0x6B1270: emit_llvm__emit_const (in /mnt/c/Users/Juan/Documents/GitHub/Mapanare/mapanare/self/mnc-stage1)
==13582==    by 0x8000000000000002: ???
==13582==    by 0x2: ???
==13582==    by 0x6AA5BCF: ???
==13582==    by 0x6AD3F9F: ???
==13582== 
==13582== 8 bytes in 1 blocks are definitely lost in loss record 204 of 833
==13582==    at 0x484D953: calloc (in /usr/libexec/valgrind/vgpreload_memcheck-amd64-linux.so)
==13582==    by 0x739049: __mn_alloc (in /mnt/c/Users/Juan/Documents/GitHub/Mapanare/mapanare/self/mnc-stage1)
==13582==    by 0x739C2E: __mn_str_concat (in /mnt/c/Users/Juan/Documents/GitHub/Mapanare/mapanare/self/mnc-stage1)
==13582==    by 0x6B1270: emit_llvm__emit_const (in /mnt/c/Users/Juan/Documents/GitHub/Mapanare/mapanare/self/mnc-stage1)
==13582==    by 0x8000000000000002: ???
==13582== 
==13582== 9 bytes in 1 blocks are indirectly lost in loss record 205 of 833
==13582==    at 0x484D953: calloc (in /usr/libexec/valgrind/vgpreload_memcheck-amd64-linux.so)
==13582==    by 0x739049: __mn_alloc (in /mnt/c/Users/Juan/Documents/GitHub/Mapanare/mapanare/self/mnc-stage1)
==13582==    by 0x739C2E: __mn_str_concat (in /mnt/c/Users/Juan/Documents/GitHub/Mapanare/mapanare/self/mnc-stage1)
==13582==    by 0x41FA94: lexer__scan_ident (in /mnt/c/Users/Juan/Documents/GitHub/Mapanare/mapanare/self/mnc-stage1)
==13582==    by 0x6A7801F: ???
==13582==    by 0x8000000000000006: ???
==13582==    by 0x6A733D7: ???
==13582==    by 0x3: ???
==13582== 
==13582== 9 bytes in 1 blocks are indirectly lost in loss record 206 of 833
==13582==    at 0x484D953: calloc (in /usr/libexec/valgrind/vgpreload_memcheck-amd64-linux.so)
==13582==    by 0x739049: __mn_alloc (in /mnt/c/Users/Juan/Documents/GitHub/Mapanare/mapanare/self/mnc-stage1)
==13582==    by 0x739C2E: __mn_str_concat (in /mnt/c/Users/Juan/Documents/GitHub/Mapanare/mapanare/self/mnc-stage1)
==13582==    by 0x41FA94: lexer__scan_ident (in /mnt/c/Users/Juan/Documents/GitHub/Mapanare/mapanare/self/mnc-stage1)
==13582==    by 0x6A829FF: ???
==13582==    by 0x8000000000000006: ???
==13582==    by 0x6A733D7: ???
==13582==    by 0xA: ???
==13582==    by 0xB: ???
==13582==    by 0x6A7751F: ???
==13582==    by 0x8000000000000000: ???
==13582==    by 0xA: ???
==13582==    by 0xE8: ???
==13582== 
==13582== 9 bytes in 1 blocks are indirectly lost in loss record 207 of 833
==13582==    at 0x484D953: calloc (in /usr/libexec/valgrind/vgpreload_memcheck-amd64-linux.so)
==13582==    by 0x739049: __mn_alloc (in /mnt/c/Users/Juan/Documents/GitHub/Mapanare/mapanare/self/mnc-stage1)
==13582==    by 0x739C2E: __mn_str_concat (in /mnt/c/Users/Juan/Documents/GitHub/Mapanare/mapanare/self/mnc-stage1)
==13582==    by 0x41FA94: lexer__scan_ident (in /mnt/c/Users/Juan/Documents/GitHub/Mapanare/mapanare/self/mnc-stage1)
==13582==    by 0x6A85C6F: ???
==13582==    by 0x8000000000000006: ???
==13582==    by 0x6A733D7: ???
==13582==    by 0xA: ???
==13582==    by 0xC: ???
==13582==    by 0x6A7751F: ???
==13582==    by 0x8000000000000000: ???
==13582==    by 0xA: ???
==13582==    by 0x100: ???
==13582== 
==13582== 9 bytes in 1 blocks are indirectly lost in loss record 208 of 833
==13582==    at 0x484D953: calloc (in /usr/libexec/valgrind/vgpreload_memcheck-amd64-linux.so)
==13582==    by 0x739049: __mn_alloc (in /mnt/c/Users/Juan/Documents/GitHub/Mapanare/mapanare/self/mnc-stage1)
==13582==    by 0x739C2E: __mn_str_concat (in /mnt/c/Users/Juan/Documents/GitHub/Mapanare/mapanare/self/mnc-stage1)
==13582==    by 0x41FA94: lexer__scan_ident (in /mnt/c/Users/Juan/Documents/GitHub/Mapanare/mapanare/self/mnc-stage1)
==13582==    by 0x6A86DEF: ???
==13582==    by 0x8000000000000006: ???
==13582==    by 0x6A733D7: ???
==13582==    by 0xA: ???
==13582==    by 0xD: ???
==13582==    by 0x6A7751F: ???
==13582==    by 0x8000000000000000: ???
==13582==    by 0xA: ???
==13582==    by 0x117: ???
==13582== 
==13582== 9 bytes in 1 blocks are indirectly lost in loss record 209 of 833
==13582==    at 0x484D953: calloc (in /usr/libexec/valgrind/vgpreload_memcheck-amd64-linux.so)
==13582==    by 0x739049: __mn_alloc (in /mnt/c/Users/Juan/Documents/GitHub/Mapanare/mapanare/self/mnc-stage1)
==13582==    by 0x739C2E: __mn_str_concat (in /mnt/c/Users/Juan/Documents/GitHub/Mapanare/mapanare/self/mnc-stage1)
==13582==    by 0x41FA94: lexer__scan_ident (in /mnt/c/Users/Juan/Documents/GitHub/Mapanare/mapanare/self/mnc-stage1)
==13582==    by 0x6A87F1F: ???
==13582==    by 0x8000000000000006: ???
==13582==    by 0x6A733D7: ???
==13582==    by 0xA: ???
==13582==    by 0xE: ???
==13582==    by 0x6A7751F: ???
==13582==    by 0x8000000000000000: ???
==13582==    by 0xA: ???
==13582==    by 0x12E: ???
==13582== 
==13582== 10 bytes in 1 blocks are definitely lost in loss record 210 of 833
==13582==    at 0x484D953: calloc (in /usr/libexec/valgrind/vgpreload_memcheck-amd64-linux.so)
==13582==    by 0x739049: __mn_alloc (in /mnt/c/Users/Juan/Documents/GitHub/Mapanare/mapanare/self/mnc-stage1)
==13582==    by 0x739C2E: __mn_str_concat (in /mnt/c/Users/Juan/Documents/GitHub/Mapanare/mapanare/self/mnc-stage1)
==13582==    by 0x7280D9: emit_llvm__emit_mir_switch (in /mnt/c/Users/Juan/Documents/GitHub/Mapanare/mapanare/self/mnc-stage1)
==13582== 
==13582== 10 bytes in 5 blocks are definitely lost in loss record 211 of 833
==13582==    at 0x484D953: calloc (in /usr/libexec/valgrind/vgpreload_memcheck-amd64-linux.so)
==13582==    by 0x739049: __mn_alloc (in /mnt/c/Users/Juan/Documents/GitHub/Mapanare/mapanare/self/mnc-stage1)
==13582==    by 0x73980B: __mn_str_from_parts (in /mnt/c/Users/Juan/Documents/GitHub/Mapanare/mapanare/self/mnc-stage1)
==13582==    by 0x4208EB: lexer__scan_string (in /mnt/c/Users/Juan/Documents/GitHub/Mapanare/mapanare/self/mnc-stage1)
==13582== 
==13582== 11 bytes in 1 blocks are definitely lost in loss record 212 of 833
==13582==    at 0x484D953: calloc (in /usr/libexec/valgrind/vgpreload_memcheck-amd64-linux.so)
==13582==    by 0x739049: __mn_alloc (in /mnt/c/Users/Juan/Documents/GitHub/Mapanare/mapanare/self/mnc-stage1)
==13582==    by 0x739C2E: __mn_str_concat (in /mnt/c/Users/Juan/Documents/GitHub/Mapanare/mapanare/self/mnc-stage1)
==13582==    by 0x414989: has_later_def (in /mnt/c/Users/Juan/Documents/GitHub/Mapanare/mapanare/self/mnc-stage1)
==13582== 
==13582== 12 bytes in 6 blocks are indirectly lost in loss record 213 of 833
==13582==    at 0x484D953: calloc (in /usr/libexec/valgrind/vgpreload_memcheck-amd64-linux.so)
==13582==    by 0x739049: __mn_alloc (in /mnt/c/Users/Juan/Documents/GitHub/Mapanare/mapanare/self/mnc-stage1)
==13582==    by 0x73980B: __mn_str_from_parts (in /mnt/c/Users/Juan/Documents/GitHub/Mapanare/mapanare/self/mnc-stage1)
==13582==    by 0x420082: lexer__scan_number (in /mnt/c/Users/Juan/Documents/GitHub/Mapanare/mapanare/self/mnc-stage1)
==13582==    by 0x75156F: ??? (in /mnt/c/Users/Juan/Documents/GitHub/Mapanare/mapanare/self/mnc-stage1)
==13582==    by 0x6A73257: ???
==13582== 
==13582== 12 bytes in 6 blocks are definitely lost in loss record 214 of 833
==13582==    at 0x484D953: calloc (in /usr/libexec/valgrind/vgpreload_memcheck-amd64-linux.so)
==13582==    by 0x739049: __mn_alloc (in /mnt/c/Users/Juan/Documents/GitHub/Mapanare/mapanare/self/mnc-stage1)
==13582==    by 0x73980B: __mn_str_from_parts (in /mnt/c/Users/Juan/Documents/GitHub/Mapanare/mapanare/self/mnc-stage1)
==13582==    by 0x431688: parser__has_interpolation (in /mnt/c/Users/Juan/Documents/GitHub/Mapanare/mapanare/self/mnc-stage1)
==13582==    by 0x8000000000000000: ???
==13582==    by 0x580053FF: ??? (in /usr/libexec/valgrind/memcheck-amd64-linux)
==13582==    by 0xF: ???
==13582==    by 0x9: ???
==13582==    by 0x7F: ???
==13582==    by 0x54: ???
==13582==    by 0x8000000000000007: ???
==13582==    by 0x6A7B91F: ???
==13582==    by 0x6A8377F: ???
==13582==    by 0x432BDF: parser__parse_atom (in /mnt/c/Users/Juan/Documents/GitHub/Mapanare/mapanare/self/mnc-stage1)
==13582== 
==13582== 14 bytes in 1 blocks are indirectly lost in loss record 215 of 833
==13582==    at 0x484D953: calloc (in /usr/libexec/valgrind/vgpreload_memcheck-amd64-linux.so)
==13582==    by 0x739049: __mn_alloc (in /mnt/c/Users/Juan/Documents/GitHub/Mapanare/mapanare/self/mnc-stage1)
==13582==    by 0x739C2E: __mn_str_concat (in /mnt/c/Users/Juan/Documents/GitHub/Mapanare/mapanare/self/mnc-stage1)
==13582==    by 0x68C5B4: emit_llvm__build_internal_struct_list (in /mnt/c/Users/Juan/Documents/GitHub/Mapanare/mapanare/self/mnc-stage1)
==13582==    by 0x1: ???
==13582==    by 0x7: ???
==13582==    by 0x6ABC0DF: ???
==13582==    by 0x7: ???
==13582==    by 0xF: ???
==13582== 
==13582== 14 bytes in 2 blocks are indirectly lost in loss record 216 of 833
==13582==    at 0x484D953: calloc (in /usr/libexec/valgrind/vgpreload_memcheck-amd64-linux.so)
==13582==    by 0x739049: __mn_alloc (in /mnt/c/Users/Juan/Documents/GitHub/Mapanare/mapanare/self/mnc-stage1)
==13582==    by 0x73980B: __mn_str_from_parts (in /mnt/c/Users/Juan/Documents/GitHub/Mapanare/mapanare/self/mnc-stage1)
==13582==    by 0x4D0E08: lower__lower_fn (in /mnt/c/Users/Juan/Documents/GitHub/Mapanare/mapanare/self/mnc-stage1)
==13582== 
==13582== 14 bytes in 2 blocks are indirectly lost in loss record 217 of 833
==13582==    at 0x484D953: calloc (in /usr/libexec/valgrind/vgpreload_memcheck-amd64-linux.so)
==13582==    by 0x739049: __mn_alloc (in /mnt/c/Users/Juan/Documents/GitHub/Mapanare/mapanare/self/mnc-stage1)
==13582==    by 0x739C2E: __mn_str_concat (in /mnt/c/Users/Juan/Documents/GitHub/Mapanare/mapanare/self/mnc-stage1)
==13582==    by 0x731408: emit_llvm__emit_mir_function (in /mnt/c/Users/Juan/Documents/GitHub/Mapanare/mapanare/self/mnc-stage1)
==13582==    by 0x3F: ???
==13582== 
==13582== 16 bytes in 1 blocks are indirectly lost in loss record 218 of 833
==13582==    at 0x4846828: malloc (in /usr/libexec/valgrind/vgpreload_memcheck-amd64-linux.so)
==13582==    by 0x434A5F: parser__parse_pattern_alt (in /mnt/c/Users/Juan/Documents/GitHub/Mapanare/mapanare/self/mnc-stage1)
==13582== 
==13582== 16 bytes in 1 blocks are indirectly lost in loss record 219 of 833
==13582==    at 0x4846828: malloc (in /usr/libexec/valgrind/vgpreload_memcheck-amd64-linux.so)
==13582==    by 0x42FDB5: parser__parse_expr (in /mnt/c/Users/Juan/Documents/GitHub/Mapanare/mapanare/self/mnc-stage1)
==13582==    by 0x7F: ???
==13582==    by 0x5: ???
==13582==    by 0x6A8905F: ???
==13582==    by 0x3F: ???
==13582==    by 0x54: ???
==13582==    by 0x7F: ???
==13582==    by 0x6A8377F: ???
==13582==    by 0x6A8377F: ???
==13582==    by 0x54: ???
==13582==    by 0x7F: ???
==13582==    by 0x3F: ???
==13582== 
==13582== 16 bytes in 1 blocks are indirectly lost in loss record 220 of 833
==13582==    at 0x4846828: malloc (in /usr/libexec/valgrind/vgpreload_memcheck-amd64-linux.so)
==13582==    by 0x42FDDE: parser__parse_expr (in /mnt/c/Users/Juan/Documents/GitHub/Mapanare/mapanare/self/mnc-stage1)
==13582==    by 0x7F: ???
==13582==    by 0x5: ???
==13582==    by 0x6A8905F: ???
==13582==    by 0x3F: ???
==13582==    by 0x54: ???
==13582==    by 0x7F: ???
==13582==    by 0x6A8377F: ???
==13582==    by 0x6A8377F: ???
==13582==    by 0x54: ???
==13582==    by 0x7F: ???
==13582==    by 0x3F: ???
==13582== 
==13582== 16 bytes in 1 blocks are indirectly lost in loss record 221 of 833
==13582==    at 0x4846828: malloc (in /usr/libexec/valgrind/vgpreload_memcheck-amd64-linux.so)
==13582==    by 0x4346D3: parser__parse_pattern_alt (in /mnt/c/Users/Juan/Documents/GitHub/Mapanare/mapanare/self/mnc-stage1)
==13582==    by 0x6A8377F: ???
==13582==    by 0x75168F: ??? (in /mnt/c/Users/Juan/Documents/GitHub/Mapanare/mapanare/self/mnc-stage1)
==13582==    by 0x6: ???
==13582== 
==13582== 16 bytes in 1 blocks are indirectly lost in loss record 222 of 833
==13582==    at 0x4846828: malloc (in /usr/libexec/valgrind/vgpreload_memcheck-amd64-linux.so)
==13582==    by 0x434A5F: parser__parse_pattern_alt (in /mnt/c/Users/Juan/Documents/GitHub/Mapanare/mapanare/self/mnc-stage1)
==13582==    by 0x6A8377F: ???
==13582==    by 0x8000000000000000: ???
==13582==    by 0x6A7C95F: ???
==13582== 
==13582== 16 bytes in 1 blocks are indirectly lost in loss record 223 of 833
==13582==    at 0x4846828: malloc (in /usr/libexec/valgrind/vgpreload_memcheck-amd64-linux.so)
==13582==    by 0x42FDB5: parser__parse_expr (in /mnt/c/Users/Juan/Documents/GitHub/Mapanare/mapanare/self/mnc-stage1)
==13582==    by 0x7F: ???
==13582==    by 0x5: ???
==13582==    by 0x6A89EBF: ???
==13582==    by 0x3F: ???
==13582==    by 0x54: ???
==13582==    by 0x7F: ???
==13582==    by 0x6A8377F: ???
==13582==    by 0x6A8377F: ???
==13582==    by 0x54: ???
==13582==    by 0x7F: ???
==13582==    by 0x3F: ???
==13582== 
==13582== 16 bytes in 1 blocks are indirectly lost in loss record 224 of 833
==13582==    at 0x4846828: malloc (in /usr/libexec/valgrind/vgpreload_memcheck-amd64-linux.so)
==13582==    by 0x42FDDE: parser__parse_expr (in /mnt/c/Users/Juan/Documents/GitHub/Mapanare/mapanare/self/mnc-stage1)
==13582==    by 0x7F: ???
==13582==    by 0x5: ???
==13582==    by 0x6A89EBF: ???
==13582==    by 0x3F: ???
==13582==    by 0x54: ???
==13582==    by 0x7F: ???
==13582==    by 0x6A8377F: ???
==13582==    by 0x6A8377F: ???
==13582==    by 0x54: ???
==13582==    by 0x7F: ???
==13582==    by 0x3F: ???
==13582== 
==13582== 16 bytes in 1 blocks are indirectly lost in loss record 225 of 833
==13582==    at 0x4846828: malloc (in /usr/libexec/valgrind/vgpreload_memcheck-amd64-linux.so)
==13582==    by 0x42FDB5: parser__parse_expr (in /mnt/c/Users/Juan/Documents/GitHub/Mapanare/mapanare/self/mnc-stage1)
==13582==    by 0x3F: ???
==13582==    by 0x5: ???
==13582==    by 0x6A8A19F: ???
==13582==    by 0x3F: ???
==13582==    by 0x54: ???
==13582==    by 0x7F: ???
==13582==    by 0x6A8377F: ???
==13582==    by 0x6A8377F: ???
==13582==    by 0x54: ???
==13582==    by 0x7F: ???
==13582==    by 0x3F: ???
==13582== 
==13582== 16 bytes in 1 blocks are indirectly lost in loss record 226 of 833
==13582==    at 0x4846828: malloc (in /usr/libexec/valgrind/vgpreload_memcheck-amd64-linux.so)
==13582==    by 0x42FDDE: parser__parse_expr (in /mnt/c/Users/Juan/Documents/GitHub/Mapanare/mapanare/self/mnc-stage1)
==13582==    by 0x3F: ???
==13582==    by 0x5: ???
==13582==    by 0x6A8A19F: ???
==13582==    by 0x3F: ???
==13582==    by 0x54: ???
==13582==    by 0x7F: ???
==13582==    by 0x6A8377F: ???
==13582==    by 0x6A8377F: ???
==13582==    by 0x54: ???
==13582==    by 0x7F: ???
==13582==    by 0x3F: ???
==13582== 
==13582== 16 bytes in 1 blocks are indirectly lost in loss record 227 of 833
==13582==    at 0x4846828: malloc (in /usr/libexec/valgrind/vgpreload_memcheck-amd64-linux.so)
==13582==    by 0x42FDB5: parser__parse_expr (in /mnt/c/Users/Juan/Documents/GitHub/Mapanare/mapanare/self/mnc-stage1)
==13582==    by 0x7F: ???
==13582==    by 0x6: ???
==13582==    by 0x6A8A29F: ???
==13582==    by 0x3F: ???
==13582==    by 0x54: ???
==13582==    by 0x7F: ???
==13582==    by 0x6A8377F: ???
==13582==    by 0x6A8377F: ???
==13582==    by 0x54: ???
==13582==    by 0x7F: ???
==13582==    by 0x3F: ???
==13582== 
==13582== 16 bytes in 1 blocks are indirectly lost in loss record 228 of 833
==13582==    at 0x4846828: malloc (in /usr/libexec/valgrind/vgpreload_memcheck-amd64-linux.so)
==13582==    by 0x42FDDE: parser__parse_expr (in /mnt/c/Users/Juan/Documents/GitHub/Mapanare/mapanare/self/mnc-stage1)
==13582==    by 0x7F: ???
==13582==    by 0x6: ???
==13582==    by 0x6A8A29F: ???
==13582==    by 0x3F: ???
==13582==    by 0x54: ???
==13582==    by 0x7F: ???
==13582==    by 0x6A8377F: ???
==13582==    by 0x6A8377F: ???
==13582==    by 0x54: ???
==13582==    by 0x7F: ???
==13582==    by 0x3F: ???
==13582== 
==13582== 16 bytes in 1 blocks are indirectly lost in loss record 229 of 833
==13582==    at 0x4846828: malloc (in /usr/libexec/valgrind/vgpreload_memcheck-amd64-linux.so)
==13582==    by 0x434A5F: parser__parse_pattern_alt (in /mnt/c/Users/Juan/Documents/GitHub/Mapanare/mapanare/self/mnc-stage1)
==13582==    by 0x6A8377F: ???
==13582==    by 0x8000000000000000: ???
==13582==    by 0x6A7F3EF: ???
==13582== 
==13582== 16 bytes in 1 blocks are indirectly lost in loss record 230 of 833
==13582==    at 0x4846828: malloc (in /usr/libexec/valgrind/vgpreload_memcheck-amd64-linux.so)
==13582==    by 0x42FDB5: parser__parse_expr (in /mnt/c/Users/Juan/Documents/GitHub/Mapanare/mapanare/self/mnc-stage1)
==13582==    by 0x7F: ???
==13582==    by 0x5: ???
==13582==    by 0x6A8A93F: ???
==13582==    by 0x3F: ???
==13582==    by 0x54: ???
==13582==    by 0x7F: ???
==13582==    by 0x6A8377F: ???
==13582==    by 0x6A8377F: ???
==13582==    by 0x54: ???
==13582==    by 0x7F: ???
==13582==    by 0x3F: ???
==13582== 
==13582== 16 bytes in 1 blocks are indirectly lost in loss record 231 of 833
==13582==    at 0x4846828: malloc (in /usr/libexec/valgrind/vgpreload_memcheck-amd64-linux.so)
==13582==    by 0x42FDDE: parser__parse_expr (in /mnt/c/Users/Juan/Documents/GitHub/Mapanare/mapanare/self/mnc-stage1)
==13582==    by 0x7F: ???
==13582==    by 0x5: ???
==13582==    by 0x6A8A93F: ???
==13582==    by 0x3F: ???
==13582==    by 0x54: ???
==13582==    by 0x7F: ???
==13582==    by 0x6A8377F: ???
==13582==    by 0x6A8377F: ???
==13582==    by 0x54: ???
==13582==    by 0x7F: ???
==13582==    by 0x3F: ???
==13582== 
==13582== 16 bytes in 1 blocks are indirectly lost in loss record 232 of 833
==13582==    at 0x4846828: malloc (in /usr/libexec/valgrind/vgpreload_memcheck-amd64-linux.so)
==13582==    by 0x433DCD: parser__parse_match_expr (in /mnt/c/Users/Juan/Documents/GitHub/Mapanare/mapanare/self/mnc-stage1)
==13582== 
==13582== 16 bytes in 1 blocks are indirectly lost in loss record 233 of 833
==13582==    at 0x4846828: malloc (in /usr/libexec/valgrind/vgpreload_memcheck-amd64-linux.so)
==13582==    by 0x433542: parser__parse_atom (in /mnt/c/Users/Juan/Documents/GitHub/Mapanare/mapanare/self/mnc-stage1)
==13582==    by 0x6A8B16F: ???
==13582==    by 0x38: ???
==13582== 
==13582== 16 bytes in 1 blocks are indirectly lost in loss record 234 of 833
==13582==    at 0x4846828: malloc (in /usr/libexec/valgrind/vgpreload_memcheck-amd64-linux.so)
==13582==    by 0x4305AA: parser__parse_unary (in /mnt/c/Users/Juan/Documents/GitHub/Mapanare/mapanare/self/mnc-stage1)
==13582==    by 0x3F: ???
==13582==    by 0x3F: ???
==13582== 
==13582== 16 bytes in 1 blocks are indirectly lost in loss record 235 of 833
==13582==    at 0x4846828: malloc (in /usr/libexec/valgrind/vgpreload_memcheck-amd64-linux.so)
==13582==    by 0x433542: parser__parse_atom (in /mnt/c/Users/Juan/Documents/GitHub/Mapanare/mapanare/self/mnc-stage1)
==13582==    by 0x6A8B16F: ???
==13582==    by 0x40: ???
==13582== 
==13582== 16 bytes in 1 blocks are indirectly lost in loss record 236 of 833
==13582==    at 0x4846828: malloc (in /usr/libexec/valgrind/vgpreload_memcheck-amd64-linux.so)
==13582==    by 0x433542: parser__parse_atom (in /mnt/c/Users/Juan/Documents/GitHub/Mapanare/mapanare/self/mnc-stage1)
==13582==    by 0x6A8B16F: ???
==13582==    by 0x47: ???
==13582== 
==13582== 16 bytes in 1 blocks are indirectly lost in loss record 237 of 833
==13582==    at 0x4846828: malloc (in /usr/libexec/valgrind/vgpreload_memcheck-amd64-linux.so)
==13582==    by 0x433542: parser__parse_atom (in /mnt/c/Users/Juan/Documents/GitHub/Mapanare/mapanare/self/mnc-stage1)
==13582==    by 0x6A8B16F: ???
==13582==    by 0x4E: ???
==13582== 
==13582== 16 bytes in 1 blocks are indirectly lost in loss record 238 of 833
==13582==    at 0x4846828: malloc (in /usr/libexec/valgrind/vgpreload_memcheck-amd64-linux.so)
==13582==    by 0x65C335: lower__lower_match (in /mnt/c/Users/Juan/Documents/GitHub/Mapanare/mapanare/self/mnc-stage1)
==13582==    by 0x7FFFFFFFFFFFFFFF: ???
==13582==    by 0x800000000000000B: ???
==13582== 
==13582== 16 bytes in 1 blocks are indirectly lost in loss record 239 of 833
==13582==    at 0x484D953: calloc (in /usr/libexec/valgrind/vgpreload_memcheck-amd64-linux.so)
==13582==    by 0x739049: __mn_alloc (in /mnt/c/Users/Juan/Documents/GitHub/Mapanare/mapanare/self/mnc-stage1)
==13582==    by 0x739C2E: __mn_str_concat (in /mnt/c/Users/Juan/Documents/GitHub/Mapanare/mapanare/self/mnc-stage1)
==13582==    by 0x499D82: lower_state__fresh_tmp (in /mnt/c/Users/Juan/Documents/GitHub/Mapanare/mapanare/self/mnc-stage1)
==13582==    by 0x100000000000F: ???
==13582== 
==13582== 16 bytes in 1 blocks are indirectly lost in loss record 240 of 833
==13582==    at 0x484D953: calloc (in /usr/libexec/valgrind/vgpreload_memcheck-amd64-linux.so)
==13582==    by 0x739049: __mn_alloc (in /mnt/c/Users/Juan/Documents/GitHub/Mapanare/mapanare/self/mnc-stage1)
==13582==    by 0x739C2E: __mn_str_concat (in /mnt/c/Users/Juan/Documents/GitHub/Mapanare/mapanare/self/mnc-stage1)
==13582==    by 0x68A891: emit_llvm__build_internal_struct_list (in /mnt/c/Users/Juan/Documents/GitHub/Mapanare/mapanare/self/mnc-stage1)
==13582==    by 0x2: ???
==13582==    by 0x7: ???
==13582==    by 0x6AB999F: ???
==13582==    by 0x7: ???
==13582==    by 0xF: ???
==13582== 
==13582== 16 bytes in 1 blocks are indirectly lost in loss record 241 of 833
==13582==    at 0x484D953: calloc (in /usr/libexec/valgrind/vgpreload_memcheck-amd64-linux.so)
==13582==    by 0x739049: __mn_alloc (in /mnt/c/Users/Juan/Documents/GitHub/Mapanare/mapanare/self/mnc-stage1)
==13582==    by 0x739C2E: __mn_str_concat (in /mnt/c/Users/Juan/Documents/GitHub/Mapanare/mapanare/self/mnc-stage1)
==13582==    by 0x68AA80: emit_llvm__build_internal_struct_list (in /mnt/c/Users/Juan/Documents/GitHub/Mapanare/mapanare/self/mnc-stage1)
==13582==    by 0x2: ???
==13582==    by 0x7: ???
==13582==    by 0x6AB9ABF: ???
==13582==    by 0x7: ???
==13582==    by 0xF: ???
==13582== 
==13582== 16 bytes in 1 blocks are indirectly lost in loss record 242 of 833
==13582==    at 0x484D953: calloc (in /usr/libexec/valgrind/vgpreload_memcheck-amd64-linux.so)
==13582==    by 0x739049: __mn_alloc (in /mnt/c/Users/Juan/Documents/GitHub/Mapanare/mapanare/self/mnc-stage1)
==13582==    by 0x739C2E: __mn_str_concat (in /mnt/c/Users/Juan/Documents/GitHub/Mapanare/mapanare/self/mnc-stage1)
==13582==    by 0x68C3F9: emit_llvm__build_internal_struct_list (in /mnt/c/Users/Juan/Documents/GitHub/Mapanare/mapanare/self/mnc-stage1)
==13582==    by 0x2: ???
==13582==    by 0x7: ???
==13582==    by 0x6ABBFBF: ???
==13582==    by 0x7: ???
==13582==    by 0xF: ???
==13582== 
==13582== 16 bytes in 1 blocks are definitely lost in loss record 243 of 833
==13582==    at 0x4846828: malloc (in /usr/libexec/valgrind/vgpreload_memcheck-amd64-linux.so)
==13582==    by 0x73DDF9: __mn_range (in /mnt/c/Users/Juan/Documents/GitHub/Mapanare/mapanare/self/mnc-stage1)
==13582==    by 0x41FF75: lexer__scan_number (in /mnt/c/Users/Juan/Documents/GitHub/Mapanare/mapanare/self/mnc-stage1)
==13582==    by 0x6A7A6CF: ???
==13582==    by 0x6A73257: ???
==13582== 
==13582== 16 bytes in 1 blocks are definitely lost in loss record 244 of 833
==13582==    at 0x4846828: malloc (in /usr/libexec/valgrind/vgpreload_memcheck-amd64-linux.so)
==13582==    by 0x73DDF9: __mn_range (in /mnt/c/Users/Juan/Documents/GitHub/Mapanare/mapanare/self/mnc-stage1)
==13582==    by 0x41FF75: lexer__scan_number (in /mnt/c/Users/Juan/Documents/GitHub/Mapanare/mapanare/self/mnc-stage1)
==13582==    by 0x6A7BA0F: ???
==13582==    by 0x6A73257: ???
==13582== 
==13582== 16 bytes in 1 blocks are definitely lost in loss record 245 of 833
==13582==    at 0x4846828: malloc (in /usr/libexec/valgrind/vgpreload_memcheck-amd64-linux.so)
==13582==    by 0x73DDF9: __mn_range (in /mnt/c/Users/Juan/Documents/GitHub/Mapanare/mapanare/self/mnc-stage1)
==13582==    by 0x41FF75: lexer__scan_number (in /mnt/c/Users/Juan/Documents/GitHub/Mapanare/mapanare/self/mnc-stage1)
==13582==    by 0x6A7CEFF: ???
==13582==    by 0x6A73257: ???
==13582== 
==13582== 16 bytes in 1 blocks are definitely lost in loss record 246 of 833
==13582==    at 0x4846828: malloc (in /usr/libexec/valgrind/vgpreload_memcheck-amd64-linux.so)
==13582==    by 0x73DDF9: __mn_range (in /mnt/c/Users/Juan/Documents/GitHub/Mapanare/mapanare/self/mnc-stage1)
==13582==    by 0x41FF75: lexer__scan_number (in /mnt/c/Users/Juan/Documents/GitHub/Mapanare/mapanare/self/mnc-stage1)
==13582==    by 0x6A7D5DF: ???
==13582==    by 0x6A73257: ???
==13582== 
==13582== 16 bytes in 1 blocks are definitely lost in loss record 247 of 833
==13582==    at 0x4846828: malloc (in /usr/libexec/valgrind/vgpreload_memcheck-amd64-linux.so)
==13582==    by 0x73DDF9: __mn_range (in /mnt/c/Users/Juan/Documents/GitHub/Mapanare/mapanare/self/mnc-stage1)
==13582==    by 0x41FF75: lexer__scan_number (in /mnt/c/Users/Juan/Documents/GitHub/Mapanare/mapanare/self/mnc-stage1)
==13582==    by 0x6A7F98F: ???
==13582==    by 0x6A73257: ???
==13582== 
==13582== 16 bytes in 1 blocks are definitely lost in loss record 248 of 833
==13582==    at 0x4846828: malloc (in /usr/libexec/valgrind/vgpreload_memcheck-amd64-linux.so)
==13582==    by 0x73DDF9: __mn_range (in /mnt/c/Users/Juan/Documents/GitHub/Mapanare/mapanare/self/mnc-stage1)
==13582==    by 0x41FF75: lexer__scan_number (in /mnt/c/Users/Juan/Documents/GitHub/Mapanare/mapanare/self/mnc-stage1)
==13582==    by 0x6A82C7F: ???
==13582==    by 0x6A73257: ???
==13582== 
==13582== 16 bytes in 1 blocks are definitely lost in loss record 249 of 833
==13582==    at 0x4846828: malloc (in /usr/libexec/valgrind/vgpreload_memcheck-amd64-linux.so)
==13582==    by 0x73DDF9: __mn_range (in /mnt/c/Users/Juan/Documents/GitHub/Mapanare/mapanare/self/mnc-stage1)
==13582==    by 0x41FF75: lexer__scan_number (in /mnt/c/Users/Juan/Documents/GitHub/Mapanare/mapanare/self/mnc-stage1)
==13582==    by 0x6A85DFF: ???
==13582==    by 0x6A73257: ???
==13582== 
==13582== 16 bytes in 1 blocks are definitely lost in loss record 250 of 833
==13582==    at 0x4846828: malloc (in /usr/libexec/valgrind/vgpreload_memcheck-amd64-linux.so)
==13582==    by 0x73DDF9: __mn_range (in /mnt/c/Users/Juan/Documents/GitHub/Mapanare/mapanare/self/mnc-stage1)
==13582==    by 0x41FF75: lexer__scan_number (in /mnt/c/Users/Juan/Documents/GitHub/Mapanare/mapanare/self/mnc-stage1)
==13582==    by 0x6A86F7F: ???
==13582==    by 0x6A73257: ???
==13582== 
==13582== 16 bytes in 1 blocks are definitely lost in loss record 251 of 833
==13582==    at 0x4846828: malloc (in /usr/libexec/valgrind/vgpreload_memcheck-amd64-linux.so)
==13582==    by 0x73DDF9: __mn_range (in /mnt/c/Users/Juan/Documents/GitHub/Mapanare/mapanare/self/mnc-stage1)
==13582==    by 0x41FF75: lexer__scan_number (in /mnt/c/Users/Juan/Documents/GitHub/Mapanare/mapanare/self/mnc-stage1)
==13582==    by 0x6A880AF: ???
==13582==    by 0x6A73257: ???
==13582== 
==13582== 16 bytes in 1 blocks are definitely lost in loss record 252 of 833
==13582==    at 0x4846828: malloc (in /usr/libexec/valgrind/vgpreload_memcheck-amd64-linux.so)
==13582==    by 0x73DDF9: __mn_range (in /mnt/c/Users/Juan/Documents/GitHub/Mapanare/mapanare/self/mnc-stage1)
==13582==    by 0x423BE0: parser__parse (in /mnt/c/Users/Juan/Documents/GitHub/Mapanare/mapanare/self/mnc-stage1)
==13582== 
==13582== 16 bytes in 1 blocks are definitely lost in loss record 253 of 833
==13582==    at 0x4846828: malloc (in /usr/libexec/valgrind/vgpreload_memcheck-amd64-linux.so)
==13582==    by 0x73DDF9: __mn_range (in /mnt/c/Users/Juan/Documents/GitHub/Mapanare/mapanare/self/mnc-stage1)
==13582==    by 0x42308E: parser__skip_semis (in /mnt/c/Users/Juan/Documents/GitHub/Mapanare/mapanare/self/mnc-stage1)
==13582==    by 0x1: ???
==13582==    by 0x751AE7: ??? (in /mnt/c/Users/Juan/Documents/GitHub/Mapanare/mapanare/self/mnc-stage1)
==13582==    by 0x5: ???
==13582==    by 0x751AEF: ??? (in /mnt/c/Users/Juan/Documents/GitHub/Mapanare/mapanare/self/mnc-stage1)
==13582== 
==13582== 16 bytes in 1 blocks are definitely lost in loss record 254 of 833
==13582==    at 0x4846828: malloc (in /usr/libexec/valgrind/vgpreload_memcheck-amd64-linux.so)
==13582==    by 0x73DDF9: __mn_range (in /mnt/c/Users/Juan/Documents/GitHub/Mapanare/mapanare/self/mnc-stage1)
==13582==    by 0x4272DB: parser__parse_fn_params (in /mnt/c/Users/Juan/Documents/GitHub/Mapanare/mapanare/self/mnc-stage1)
==13582==    by 0x3F: ???
==13582==    by 0x2: ???
==13582==    by 0x7671FF: ??? (in /mnt/c/Users/Juan/Documents/GitHub/Mapanare/mapanare/self/mnc-stage1)
==13582== 
==13582== 16 bytes in 1 blocks are definitely lost in loss record 255 of 833
==13582==    at 0x4846828: malloc (in /usr/libexec/valgrind/vgpreload_memcheck-amd64-linux.so)
==13582==    by 0x73DDF9: __mn_range (in /mnt/c/Users/Juan/Documents/GitHub/Mapanare/mapanare/self/mnc-stage1)
==13582==    by 0x42EB95: parser__parse_block (in /mnt/c/Users/Juan/Documents/GitHub/Mapanare/mapanare/self/mnc-stage1)
==13582== 
==13582== 16 bytes in 1 blocks are definitely lost in loss record 256 of 833
==13582==    at 0x4846828: malloc (in /usr/libexec/valgrind/vgpreload_memcheck-amd64-linux.so)
==13582==    by 0x73DDF9: __mn_range (in /mnt/c/Users/Juan/Documents/GitHub/Mapanare/mapanare/self/mnc-stage1)
==13582==    by 0x4306E0: parser__parse_postfix (in /mnt/c/Users/Juan/Documents/GitHub/Mapanare/mapanare/self/mnc-stage1)
==13582==    by 0xB: ???
==13582==    by 0x6A88C9F: ???
==13582==    by 0x5: ???
==13582== 
==13582== 16 bytes in 1 blocks are definitely lost in loss record 257 of 833
==13582==    at 0x4846828: malloc (in /usr/libexec/valgrind/vgpreload_memcheck-amd64-linux.so)
==13582==    by 0x73DDF9: __mn_range (in /mnt/c/Users/Juan/Documents/GitHub/Mapanare/mapanare/self/mnc-stage1)
==13582==    by 0x433B5C: parser__parse_match_expr (in /mnt/c/Users/Juan/Documents/GitHub/Mapanare/mapanare/self/mnc-stage1)
==13582== 
==13582== 16 bytes in 1 blocks are definitely lost in loss record 258 of 833
==13582==    at 0x4846828: malloc (in /usr/libexec/valgrind/vgpreload_memcheck-amd64-linux.so)
==13582==    by 0x73DDF9: __mn_range (in /mnt/c/Users/Juan/Documents/GitHub/Mapanare/mapanare/self/mnc-stage1)
==13582==    by 0x4306E0: parser__parse_postfix (in /mnt/c/Users/Juan/Documents/GitHub/Mapanare/mapanare/self/mnc-stage1)
==13582==    by 0xF: ???
==13582==    by 0x6A88E7F: ???
==13582==    by 0x5: ???
==13582==    by 0x7F: ???
==13582==    by 0x3F: ???
==13582== 
==13582== 16 bytes in 1 blocks are definitely lost in loss record 259 of 833
==13582==    at 0x4846828: malloc (in /usr/libexec/valgrind/vgpreload_memcheck-amd64-linux.so)
==13582==    by 0x73DDF9: __mn_range (in /mnt/c/Users/Juan/Documents/GitHub/Mapanare/mapanare/self/mnc-stage1)
==13582==    by 0x42FA6B: parser__parse_expr (in /mnt/c/Users/Juan/Documents/GitHub/Mapanare/mapanare/self/mnc-stage1)
==13582==    by 0x7F: ???
==13582==    by 0x5: ???
==13582==    by 0x6A88E7F: ???
==13582==    by 0x3F: ???
==13582==    by 0x54: ???
==13582==    by 0x7F: ???
==13582==    by 0x6A8377F: ???
==13582==    by 0x6A8377F: ???
==13582==    by 0x54: ???
==13582==    by 0x7F: ???
==13582==    by 0x3F: ???
==13582== 
==13582== 16 bytes in 1 blocks are definitely lost in loss record 260 of 833
==13582==    at 0x4846828: malloc (in /usr/libexec/valgrind/vgpreload_memcheck-amd64-linux.so)
==13582==    by 0x73DDF9: __mn_range (in /mnt/c/Users/Juan/Documents/GitHub/Mapanare/mapanare/self/mnc-stage1)
==13582==    by 0x4306E0: parser__parse_postfix (in /mnt/c/Users/Juan/Documents/GitHub/Mapanare/mapanare/self/mnc-stage1)
==13582==    by 0x11: ???
==13582==    by 0x6A88F6F: ???
==13582== 
==13582== 16 bytes in 1 blocks are definitely lost in loss record 261 of 833
==13582==    at 0x4846828: malloc (in /usr/libexec/valgrind/vgpreload_memcheck-amd64-linux.so)
==13582==    by 0x73DDF9: __mn_range (in /mnt/c/Users/Juan/Documents/GitHub/Mapanare/mapanare/self/mnc-stage1)
==13582==    by 0x4306E0: parser__parse_postfix (in /mnt/c/Users/Juan/Documents/GitHub/Mapanare/mapanare/self/mnc-stage1)
==13582==    by 0x13: ???
==13582==    by 0x6A8942F: ???
==13582==    by 0x1: ???
==13582==    by 0x42FBFC: parser__parse_expr (in /mnt/c/Users/Juan/Documents/GitHub/Mapanare/mapanare/self/mnc-stage1)
==13582==    by 0x3F: ???
==13582== 
==13582== 16 bytes in 1 blocks are definitely lost in loss record 262 of 833
==13582==    at 0x4846828: malloc (in /usr/libexec/valgrind/vgpreload_memcheck-amd64-linux.so)
==13582==    by 0x73DDF9: __mn_range (in /mnt/c/Users/Juan/Documents/GitHub/Mapanare/mapanare/self/mnc-stage1)
==13582==    by 0x42FA6B: parser__parse_expr (in /mnt/c/Users/Juan/Documents/GitHub/Mapanare/mapanare/self/mnc-stage1)
==13582==    by 0x7F: ???
==13582==    by 0x1: ???
==13582==    by 0x6A8942F: ???
==13582==    by 0x3F: ???
==13582==    by 0x54: ???
==13582==    by 0x7F: ???
==13582==    by 0x6A8377F: ???
==13582==    by 0x6A8377F: ???
==13582==    by 0x54: ???
==13582==    by 0x7F: ???
==13582==    by 0x3F: ???
==13582== 
==13582== 16 bytes in 1 blocks are definitely lost in loss record 263 of 833
==13582==    at 0x4846828: malloc (in /usr/libexec/valgrind/vgpreload_memcheck-amd64-linux.so)
==13582==    by 0x73DDF9: __mn_range (in /mnt/c/Users/Juan/Documents/GitHub/Mapanare/mapanare/self/mnc-stage1)
==13582==    by 0x42308E: parser__skip_semis (in /mnt/c/Users/Juan/Documents/GitHub/Mapanare/mapanare/self/mnc-stage1)
==13582==    by 0x6A88E2F: ???
==13582== 
==13582== 16 bytes in 1 blocks are definitely lost in loss record 264 of 833
==13582==    at 0x4846828: malloc (in /usr/libexec/valgrind/vgpreload_memcheck-amd64-linux.so)
==13582==    by 0x73DDF9: __mn_range (in /mnt/c/Users/Juan/Documents/GitHub/Mapanare/mapanare/self/mnc-stage1)
==13582==    by 0x4306E0: parser__parse_postfix (in /mnt/c/Users/Juan/Documents/GitHub/Mapanare/mapanare/self/mnc-stage1)
==13582==    by 0x17: ???
==13582==    by 0x6A89AFF: ???
==13582==    by 0x1: ???
==13582== 
==13582== 16 bytes in 1 blocks are definitely lost in loss record 265 of 833
==13582==    at 0x4846828: malloc (in /usr/libexec/valgrind/vgpreload_memcheck-amd64-linux.so)
==13582==    by 0x73DDF9: __mn_range (in /mnt/c/Users/Juan/Documents/GitHub/Mapanare/mapanare/self/mnc-stage1)
==13582==    by 0x42FA6B: parser__parse_expr (in /mnt/c/Users/Juan/Documents/GitHub/Mapanare/mapanare/self/mnc-stage1)
==13582==    by 0x7F: ???
==13582==    by 0x1: ???
==13582==    by 0x6A89AFF: ???
==13582==    by 0x3F: ???
==13582==    by 0x54: ???
==13582==    by 0x7F: ???
==13582==    by 0x6A8377F: ???
==13582==    by 0x6A8377F: ???
==13582==    by 0x54: ???
==13582==    by 0x7F: ???
==13582==    by 0x3F: ???
==13582== 
==13582== 16 bytes in 1 blocks are definitely lost in loss record 266 of 833
==13582==    at 0x4846828: malloc (in /usr/libexec/valgrind/vgpreload_memcheck-amd64-linux.so)
==13582==    by 0x73DDF9: __mn_range (in /mnt/c/Users/Juan/Documents/GitHub/Mapanare/mapanare/self/mnc-stage1)
==13582==    by 0x42308E: parser__skip_semis (in /mnt/c/Users/Juan/Documents/GitHub/Mapanare/mapanare/self/mnc-stage1)
==13582==    by 0x6A8991F: ???
==13582==    by 0x1: ???
==13582==    by 0x6A8377F: ???
==13582==    by 0x54: ???
==13582==    by 0x7F: ???
==13582==    by 0x3F: ???
==13582== 
==13582== 16 bytes in 1 blocks are definitely lost in loss record 267 of 833
==13582==    at 0x4846828: malloc (in /usr/libexec/valgrind/vgpreload_memcheck-amd64-linux.so)
==13582==    by 0x73DDF9: __mn_range (in /mnt/c/Users/Juan/Documents/GitHub/Mapanare/mapanare/self/mnc-stage1)
==13582==    by 0x4306E0: parser__parse_postfix (in /mnt/c/Users/Juan/Documents/GitHub/Mapanare/mapanare/self/mnc-stage1)
==13582==    by 0x1B: ???
==13582==    by 0x6A89CDF: ???
==13582==    by 0x5: ???
==13582==    by 0x7F: ???
==13582==    by 0x3F: ???
==13582== 
==13582== 16 bytes in 1 blocks are definitely lost in loss record 268 of 833
==13582==    at 0x4846828: malloc (in /usr/libexec/valgrind/vgpreload_memcheck-amd64-linux.so)
==13582==    by 0x73DDF9: __mn_range (in /mnt/c/Users/Juan/Documents/GitHub/Mapanare/mapanare/self/mnc-stage1)
==13582==    by 0x42FA6B: parser__parse_expr (in /mnt/c/Users/Juan/Documents/GitHub/Mapanare/mapanare/self/mnc-stage1)
==13582==    by 0x7F: ???
==13582==    by 0x5: ???
==13582==    by 0x6A89CDF: ???
==13582==    by 0x3F: ???
==13582==    by 0x54: ???
==13582==    by 0x7F: ???
==13582==    by 0x6A8377F: ???
==13582==    by 0x6A8377F: ???
==13582==    by 0x54: ???
==13582==    by 0x7F: ???
==13582==    by 0x3F: ???
==13582== 
==13582== 16 bytes in 1 blocks are definitely lost in loss record 269 of 833
==13582==    at 0x4846828: malloc (in /usr/libexec/valgrind/vgpreload_memcheck-amd64-linux.so)
==13582==    by 0x73DDF9: __mn_range (in /mnt/c/Users/Juan/Documents/GitHub/Mapanare/mapanare/self/mnc-stage1)
==13582==    by 0x4306E0: parser__parse_postfix (in /mnt/c/Users/Juan/Documents/GitHub/Mapanare/mapanare/self/mnc-stage1)
==13582==    by 0x1D: ???
==13582==    by 0x6A89DCF: ???
==13582== 
==13582== 16 bytes in 1 blocks are definitely lost in loss record 270 of 833
==13582==    at 0x4846828: malloc (in /usr/libexec/valgrind/vgpreload_memcheck-amd64-linux.so)
==13582==    by 0x73DDF9: __mn_range (in /mnt/c/Users/Juan/Documents/GitHub/Mapanare/mapanare/self/mnc-stage1)
==13582==    by 0x4306E0: parser__parse_postfix (in /mnt/c/Users/Juan/Documents/GitHub/Mapanare/mapanare/self/mnc-stage1)
==13582==    by 0x1F: ???
==13582==    by 0x6A89FBF: ???
==13582==    by 0x5: ???
==13582== 
==13582== 16 bytes in 1 blocks are definitely lost in loss record 271 of 833
==13582==    at 0x4846828: malloc (in /usr/libexec/valgrind/vgpreload_memcheck-amd64-linux.so)
==13582==    by 0x73DDF9: __mn_range (in /mnt/c/Users/Juan/Documents/GitHub/Mapanare/mapanare/self/mnc-stage1)
==13582==    by 0x42FA6B: parser__parse_expr (in /mnt/c/Users/Juan/Documents/GitHub/Mapanare/mapanare/self/mnc-stage1)
==13582==    by 0x3F: ???
==13582==    by 0x5: ???
==13582==    by 0x6A89FBF: ???
==13582==    by 0x3F: ???
==13582==    by 0x54: ???
==13582==    by 0x7F: ???
==13582==    by 0x6A8377F: ???
==13582==    by 0x6A8377F: ???
==13582==    by 0x54: ???
==13582==    by 0x7F: ???
==13582==    by 0x3F: ???
==13582== 
==13582== 16 bytes in 1 blocks are definitely lost in loss record 272 of 833
==13582==    at 0x4846828: malloc (in /usr/libexec/valgrind/vgpreload_memcheck-amd64-linux.so)
==13582==    by 0x73DDF9: __mn_range (in /mnt/c/Users/Juan/Documents/GitHub/Mapanare/mapanare/self/mnc-stage1)
==13582==    by 0x4306E0: parser__parse_postfix (in /mnt/c/Users/Juan/Documents/GitHub/Mapanare/mapanare/self/mnc-stage1)
==13582==    by 0x21: ???
==13582==    by 0x6A8A0AF: ???
==13582== 
==13582== 16 bytes in 1 blocks are definitely lost in loss record 273 of 833
==13582==    at 0x4846828: malloc (in /usr/libexec/valgrind/vgpreload_memcheck-amd64-linux.so)
==13582==    by 0x73DDF9: __mn_range (in /mnt/c/Users/Juan/Documents/GitHub/Mapanare/mapanare/self/mnc-stage1)
==13582==    by 0x4306E0: parser__parse_postfix (in /mnt/c/Users/Juan/Documents/GitHub/Mapanare/mapanare/self/mnc-stage1)
==13582==    by 0x23: ???
==13582==    by 0x6A8A57F: ???
==13582==    by 0x1: ???
==13582==    by 0x42FBFC: parser__parse_expr (in /mnt/c/Users/Juan/Documents/GitHub/Mapanare/mapanare/self/mnc-stage1)
==13582==    by 0x3F: ???
==13582==    by 0x6: ???
==13582==    by 0x6A8A19F: ???
==13582==    by 0x3F: ???
==13582==    by 0x54: ???
==13582==    by 0x7F: ???
==13582==    by 0x6A8377F: ???
==13582==    by 0x6A8377F: ???
==13582==    by 0x54: ???
==13582==    by 0x7F: ???
==13582==    by 0x3F: ???
==13582== 
==13582== 16 bytes in 1 blocks are definitely lost in loss record 274 of 833
==13582==    at 0x4846828: malloc (in /usr/libexec/valgrind/vgpreload_memcheck-amd64-linux.so)
==13582==    by 0x73DDF9: __mn_range (in /mnt/c/Users/Juan/Documents/GitHub/Mapanare/mapanare/self/mnc-stage1)
==13582==    by 0x42FA6B: parser__parse_expr (in /mnt/c/Users/Juan/Documents/GitHub/Mapanare/mapanare/self/mnc-stage1)
==13582==    by 0x7F: ???
==13582==    by 0x1: ???
==13582==    by 0x6A8A57F: ???
==13582==    by 0x3F: ???
==13582==    by 0x54: ???
==13582==    by 0x7F: ???
==13582==    by 0x6A8377F: ???
==13582==    by 0x6A8377F: ???
==13582==    by 0x54: ???
==13582==    by 0x7F: ???
==13582==    by 0x3F: ???
==13582== 
==13582== 16 bytes in 1 blocks are definitely lost in loss record 275 of 833
==13582==    at 0x4846828: malloc (in /usr/libexec/valgrind/vgpreload_memcheck-amd64-linux.so)
==13582==    by 0x73DDF9: __mn_range (in /mnt/c/Users/Juan/Documents/GitHub/Mapanare/mapanare/self/mnc-stage1)
==13582==    by 0x42308E: parser__skip_semis (in /mnt/c/Users/Juan/Documents/GitHub/Mapanare/mapanare/self/mnc-stage1)
==13582==    by 0x6A89C8F: ???
==13582== 
==13582== 16 bytes in 1 blocks are definitely lost in loss record 276 of 833
==13582==    at 0x4846828: malloc (in /usr/libexec/valgrind/vgpreload_memcheck-amd64-linux.so)
==13582==    by 0x73DDF9: __mn_range (in /mnt/c/Users/Juan/Documents/GitHub/Mapanare/mapanare/self/mnc-stage1)
==13582==    by 0x4306E0: parser__parse_postfix (in /mnt/c/Users/Juan/Documents/GitHub/Mapanare/mapanare/self/mnc-stage1)
==13582==    by 0x27: ???
==13582==    by 0x6A8A75F: ???
==13582==    by 0x5: ???
==13582==    by 0x7F: ???
==13582==    by 0x3F: ???
==13582== 
==13582== 16 bytes in 1 blocks are definitely lost in loss record 277 of 833
==13582==    at 0x4846828: malloc (in /usr/libexec/valgrind/vgpreload_memcheck-amd64-linux.so)
==13582==    by 0x73DDF9: __mn_range (in /mnt/c/Users/Juan/Documents/GitHub/Mapanare/mapanare/self/mnc-stage1)
==13582==    by 0x42FA6B: parser__parse_expr (in /mnt/c/Users/Juan/Documents/GitHub/Mapanare/mapanare/self/mnc-stage1)
==13582==    by 0x7F: ???
==13582==    by 0x5: ???
==13582==    by 0x6A8A75F: ???
==13582==    by 0x3F: ???
==13582==    by 0x54: ???
==13582==    by 0x7F: ???
==13582==    by 0x6A8377F: ???
==13582==    by 0x6A8377F: ???
==13582==    by 0x54: ???
==13582==    by 0x7F: ???
==13582==    by 0x3F: ???
==13582== 
==13582== 16 bytes in 1 blocks are definitely lost in loss record 278 of 833
==13582==    at 0x4846828: malloc (in /usr/libexec/valgrind/vgpreload_memcheck-amd64-linux.so)
==13582==    by 0x73DDF9: __mn_range (in /mnt/c/Users/Juan/Documents/GitHub/Mapanare/mapanare/self/mnc-stage1)
==13582==    by 0x4306E0: parser__parse_postfix (in /mnt/c/Users/Juan/Documents/GitHub/Mapanare/mapanare/self/mnc-stage1)
==13582==    by 0x29: ???
==13582==    by 0x6A8A84F: ???
==13582== 
==13582== 16 bytes in 1 blocks are definitely lost in loss record 279 of 833
==13582==    at 0x4846828: malloc (in /usr/libexec/valgrind/vgpreload_memcheck-amd64-linux.so)
==13582==    by 0x73DDF9: __mn_range (in /mnt/c/Users/Juan/Documents/GitHub/Mapanare/mapanare/self/mnc-stage1)
==13582==    by 0x4306E0: parser__parse_postfix (in /mnt/c/Users/Juan/Documents/GitHub/Mapanare/mapanare/self/mnc-stage1)
==13582==    by 0x2B: ???
==13582==    by 0x6A8AC1F: ???
==13582==    by 0x1: ???
==13582==    by 0x42FBFC: parser__parse_expr (in /mnt/c/Users/Juan/Documents/GitHub/Mapanare/mapanare/self/mnc-stage1)
==13582==    by 0x3F: ???
==13582== 
==13582== 16 bytes in 1 blocks are definitely lost in loss record 280 of 833
==13582==    at 0x4846828: malloc (in /usr/libexec/valgrind/vgpreload_memcheck-amd64-linux.so)
==13582==    by 0x73DDF9: __mn_range (in /mnt/c/Users/Juan/Documents/GitHub/Mapanare/mapanare/self/mnc-stage1)
==13582==    by 0x42FA6B: parser__parse_expr (in /mnt/c/Users/Juan/Documents/GitHub/Mapanare/mapanare/self/mnc-stage1)
==13582==    by 0x7F: ???
==13582==    by 0x1: ???
==13582==    by 0x6A8AC1F: ???
==13582==    by 0x3F: ???
==13582==    by 0x54: ???
==13582==    by 0x7F: ???
==13582==    by 0x6A8377F: ???
==13582==    by 0x6A8377F: ???
==13582==    by 0x54: ???
==13582==    by 0x7F: ???
==13582==    by 0x3F: ???
==13582== 
==13582== 16 bytes in 1 blocks are definitely lost in loss record 281 of 833
==13582==    at 0x4846828: malloc (in /usr/libexec/valgrind/vgpreload_memcheck-amd64-linux.so)
==13582==    by 0x73DDF9: __mn_range (in /mnt/c/Users/Juan/Documents/GitHub/Mapanare/mapanare/self/mnc-stage1)
==13582==    by 0x42308E: parser__skip_semis (in /mnt/c/Users/Juan/Documents/GitHub/Mapanare/mapanare/self/mnc-stage1)
==13582==    by 0x6A8A70F: ???
==13582== 
==13582== 16 bytes in 1 blocks are definitely lost in loss record 282 of 833
==13582==    at 0x4846828: malloc (in /usr/libexec/valgrind/vgpreload_memcheck-amd64-linux.so)
==13582==    by 0x73DDF9: __mn_range (in /mnt/c/Users/Juan/Documents/GitHub/Mapanare/mapanare/self/mnc-stage1)
==13582==    by 0x4306E0: parser__parse_postfix (in /mnt/c/Users/Juan/Documents/GitHub/Mapanare/mapanare/self/mnc-stage1)
==13582==    by 0x2F: ???
==13582==    by 0x6A8B16F: ???
==13582==    by 0x1: ???
==13582== 
==13582== 16 bytes in 1 blocks are definitely lost in loss record 283 of 833
==13582==    at 0x4846828: malloc (in /usr/libexec/valgrind/vgpreload_memcheck-amd64-linux.so)
==13582==    by 0x73DDF9: __mn_range (in /mnt/c/Users/Juan/Documents/GitHub/Mapanare/mapanare/self/mnc-stage1)
==13582==    by 0x42FA6B: parser__parse_expr (in /mnt/c/Users/Juan/Documents/GitHub/Mapanare/mapanare/self/mnc-stage1)
==13582==    by 0x7F: ???
==13582==    by 0x1: ???
==13582==    by 0x6A8B16F: ???
==13582==    by 0x3F: ???
==13582==    by 0x54: ???
==13582==    by 0x7F: ???
==13582==    by 0x6A8377F: ???
==13582==    by 0x6A8377F: ???
==13582==    by 0x54: ???
==13582==    by 0x7F: ???
==13582==    by 0x3F: ???
==13582== 
==13582== 16 bytes in 1 blocks are definitely lost in loss record 284 of 833
==13582==    at 0x4846828: malloc (in /usr/libexec/valgrind/vgpreload_memcheck-amd64-linux.so)
==13582==    by 0x73DDF9: __mn_range (in /mnt/c/Users/Juan/Documents/GitHub/Mapanare/mapanare/self/mnc-stage1)
==13582==    by 0x4306E0: parser__parse_postfix (in /mnt/c/Users/Juan/Documents/GitHub/Mapanare/mapanare/self/mnc-stage1)
==13582==    by 0x30: ???
==13582==    by 0x6A8B2FF: ???
==13582==    by 0x1F: ???
==13582== 
==13582== 16 bytes in 1 blocks are definitely lost in loss record 285 of 833
==13582==    at 0x4846828: malloc (in /usr/libexec/valgrind/vgpreload_memcheck-amd64-linux.so)
==13582==    by 0x73DDF9: __mn_range (in /mnt/c/Users/Juan/Documents/GitHub/Mapanare/mapanare/self/mnc-stage1)
==13582==    by 0x42308E: parser__skip_semis (in /mnt/c/Users/Juan/Documents/GitHub/Mapanare/mapanare/self/mnc-stage1)
==13582==    by 0x6A88C4F: ???
==13582== 
==13582== 16 bytes in 1 blocks are definitely lost in loss record 286 of 833
==13582==    at 0x4846828: malloc (in /usr/libexec/valgrind/vgpreload_memcheck-amd64-linux.so)
==13582==    by 0x73DDF9: __mn_range (in /mnt/c/Users/Juan/Documents/GitHub/Mapanare/mapanare/self/mnc-stage1)
==13582==    by 0x42308E: parser__skip_semis (in /mnt/c/Users/Juan/Documents/GitHub/Mapanare/mapanare/self/mnc-stage1)
==13582==    by 0x6A8878F: ???
==13582== 
==13582== 16 bytes in 1 blocks are definitely lost in loss record 287 of 833
==13582==    at 0x4846828: malloc (in /usr/libexec/valgrind/vgpreload_memcheck-amd64-linux.so)
==13582==    by 0x73DDF9: __mn_range (in /mnt/c/Users/Juan/Documents/GitHub/Mapanare/mapanare/self/mnc-stage1)
==13582==    by 0x42EB95: parser__parse_block (in /mnt/c/Users/Juan/Documents/GitHub/Mapanare/mapanare/self/mnc-stage1)
==13582==    by 0x6A88BFF: ???
==13582==    by 0x36: ???
==13582== 
==13582== 16 bytes in 1 blocks are definitely lost in loss record 288 of 833
==13582==    at 0x4846828: malloc (in /usr/libexec/valgrind/vgpreload_memcheck-amd64-linux.so)
==13582==    by 0x73DDF9: __mn_range (in /mnt/c/Users/Juan/Documents/GitHub/Mapanare/mapanare/self/mnc-stage1)
==13582==    by 0x42308E: parser__skip_semis (in /mnt/c/Users/Juan/Documents/GitHub/Mapanare/mapanare/self/mnc-stage1)
==13582==    by 0x6A8B57F: ???
==13582==    by 0x739F8C: __mn_str_eq (in /mnt/c/Users/Juan/Documents/GitHub/Mapanare/mapanare/self/mnc-stage1)
==13582==    by 0x422FF4: parser__expect (in /mnt/c/Users/Juan/Documents/GitHub/Mapanare/mapanare/self/mnc-stage1)
==13582==    by 0x7F: ???
==13582==    by 0x6A8377F: ???
==13582==    by 0x54: ???
==13582==    by 0x7F: ???
==13582==    by 0x3F: ???
==13582==    by 0x6A8B83F: ???
==13582==    by 0x1101: ???
==13582==    by 0x580053FF: ??? (in /usr/libexec/valgrind/memcheck-amd64-linux)
==13582==    by 0xF: ???
==13582== 
==13582== 16 bytes in 1 blocks are definitely lost in loss record 289 of 833
==13582==    at 0x4846828: malloc (in /usr/libexec/valgrind/vgpreload_memcheck-amd64-linux.so)
==13582==    by 0x73DDF9: __mn_range (in /mnt/c/Users/Juan/Documents/GitHub/Mapanare/mapanare/self/mnc-stage1)
==13582==    by 0x4306E0: parser__parse_postfix (in /mnt/c/Users/Juan/Documents/GitHub/Mapanare/mapanare/self/mnc-stage1)
==13582==    by 0x37: ???
==13582==    by 0x6A8B8DF: ???
==13582==    by 0x5: ???
==13582== 
==13582== 16 bytes in 1 blocks are definitely lost in loss record 290 of 833
==13582==    at 0x4846828: malloc (in /usr/libexec/valgrind/vgpreload_memcheck-amd64-linux.so)
==13582==    by 0x73DDF9: __mn_range (in /mnt/c/Users/Juan/Documents/GitHub/Mapanare/mapanare/self/mnc-stage1)
==13582==    by 0x4306E0: parser__parse_postfix (in /mnt/c/Users/Juan/Documents/GitHub/Mapanare/mapanare/self/mnc-stage1)
==13582==    by 0x39: ???
==13582==    by 0x6A8B97F: ???
==13582==    by 0x5: ???
==13582== 
==13582== 16 bytes in 1 blocks are definitely lost in loss record 291 of 833
==13582==    at 0x4846828: malloc (in /usr/libexec/valgrind/vgpreload_memcheck-amd64-linux.so)
==13582==    by 0x73DDF9: __mn_range (in /mnt/c/Users/Juan/Documents/GitHub/Mapanare/mapanare/self/mnc-stage1)
==13582==    by 0x4306E0: parser__parse_postfix (in /mnt/c/Users/Juan/Documents/GitHub/Mapanare/mapanare/self/mnc-stage1)
==13582==    by 0x3C: ???
==13582==    by 0x6A8BA1F: ???
==13582== 
==13582== 16 bytes in 1 blocks are definitely lost in loss record 292 of 833
==13582==    at 0x4846828: malloc (in /usr/libexec/valgrind/vgpreload_memcheck-amd64-linux.so)
==13582==    by 0x73DDF9: __mn_range (in /mnt/c/Users/Juan/Documents/GitHub/Mapanare/mapanare/self/mnc-stage1)
==13582==    by 0x42FA6B: parser__parse_expr (in /mnt/c/Users/Juan/Documents/GitHub/Mapanare/mapanare/self/mnc-stage1)
==13582==    by 0x9: ???
==13582==    by 0x7: ???
==13582==    by 0x6A8BABF: ???
==13582==    by 0x3F: ???
==13582==    by 0x54: ???
==13582==    by 0x7F: ???
==13582==    by 0x6A8377F: ???
==13582==    by 0x6A8377F: ???
==13582==    by 0x54: ???
==13582==    by 0x7F: ???
==13582==    by 0x3F: ???
==13582== 
==13582== 16 bytes in 1 blocks are definitely lost in loss record 293 of 833
==13582==    at 0x4846828: malloc (in /usr/libexec/valgrind/vgpreload_memcheck-amd64-linux.so)
==13582==    by 0x73DDF9: __mn_range (in /mnt/c/Users/Juan/Documents/GitHub/Mapanare/mapanare/self/mnc-stage1)
==13582==    by 0x42308E: parser__skip_semis (in /mnt/c/Users/Juan/Documents/GitHub/Mapanare/mapanare/self/mnc-stage1)
==13582==    by 0x6A8B88F: ???
==13582== 
==13582== 16 bytes in 1 blocks are definitely lost in loss record 294 of 833
==13582==    at 0x4846828: malloc (in /usr/libexec/valgrind/vgpreload_memcheck-amd64-linux.so)
==13582==    by 0x73DDF9: __mn_range (in /mnt/c/Users/Juan/Documents/GitHub/Mapanare/mapanare/self/mnc-stage1)
==13582==    by 0x4306E0: parser__parse_postfix (in /mnt/c/Users/Juan/Documents/GitHub/Mapanare/mapanare/self/mnc-stage1)
==13582==    by 0x3F: ???
==13582==    by 0x6A8C18F: ???
==13582==    by 0x5: ???
==13582== 
==13582== 16 bytes in 1 blocks are definitely lost in loss record 295 of 833
==13582==    at 0x4846828: malloc (in /usr/libexec/valgrind/vgpreload_memcheck-amd64-linux.so)
==13582==    by 0x73DDF9: __mn_range (in /mnt/c/Users/Juan/Documents/GitHub/Mapanare/mapanare/self/mnc-stage1)
==13582==    by 0x4306E0: parser__parse_postfix (in /mnt/c/Users/Juan/Documents/GitHub/Mapanare/mapanare/self/mnc-stage1)
==13582==    by 0x41: ???
==13582==    by 0x6A8C22F: ???
==13582==    by 0x5: ???
==13582== 
==13582== 16 bytes in 1 blocks are definitely lost in loss record 296 of 833
==13582==    at 0x4846828: malloc (in /usr/libexec/valgrind/vgpreload_memcheck-amd64-linux.so)
==13582==    by 0x73DDF9: __mn_range (in /mnt/c/Users/Juan/Documents/GitHub/Mapanare/mapanare/self/mnc-stage1)
==13582==    by 0x4306E0: parser__parse_postfix (in /mnt/c/Users/Juan/Documents/GitHub/Mapanare/mapanare/self/mnc-stage1)
==13582==    by 0x43: ???
==13582==    by 0x6A8C2CF: ???
==13582== 
==13582== 16 bytes in 1 blocks are definitely lost in loss record 297 of 833
==13582==    at 0x4846828: malloc (in /usr/libexec/valgrind/vgpreload_memcheck-amd64-linux.so)
==13582==    by 0x73DDF9: __mn_range (in /mnt/c/Users/Juan/Documents/GitHub/Mapanare/mapanare/self/mnc-stage1)
==13582==    by 0x42308E: parser__skip_semis (in /mnt/c/Users/Juan/Documents/GitHub/Mapanare/mapanare/self/mnc-stage1)
==13582==    by 0x6A8C13F: ???
==13582== 
==13582== 16 bytes in 1 blocks are definitely lost in loss record 298 of 833
==13582==    at 0x4846828: malloc (in /usr/libexec/valgrind/vgpreload_memcheck-amd64-linux.so)
==13582==    by 0x73DDF9: __mn_range (in /mnt/c/Users/Juan/Documents/GitHub/Mapanare/mapanare/self/mnc-stage1)
==13582==    by 0x4306E0: parser__parse_postfix (in /mnt/c/Users/Juan/Documents/GitHub/Mapanare/mapanare/self/mnc-stage1)
==13582==    by 0x46: ???
==13582==    by 0x6A8C8BF: ???
==13582==    by 0x5: ???
==13582== 
==13582== 16 bytes in 1 blocks are definitely lost in loss record 299 of 833
==13582==    at 0x4846828: malloc (in /usr/libexec/valgrind/vgpreload_memcheck-amd64-linux.so)
==13582==    by 0x73DDF9: __mn_range (in /mnt/c/Users/Juan/Documents/GitHub/Mapanare/mapanare/self/mnc-stage1)
==13582==    by 0x4306E0: parser__parse_postfix (in /mnt/c/Users/Juan/Documents/GitHub/Mapanare/mapanare/self/mnc-stage1)
==13582==    by 0x48: ???
==13582==    by 0x6A8C95F: ???
==13582==    by 0x5: ???
==13582== 
==13582== 16 bytes in 1 blocks are definitely lost in loss record 300 of 833
==13582==    at 0x4846828: malloc (in /usr/libexec/valgrind/vgpreload_memcheck-amd64-linux.so)
==13582==    by 0x73DDF9: __mn_range (in /mnt/c/Users/Juan/Documents/GitHub/Mapanare/mapanare/self/mnc-stage1)
==13582==    by 0x4306E0: parser__parse_postfix (in /mnt/c/Users/Juan/Documents/GitHub/Mapanare/mapanare/self/mnc-stage1)
==13582==    by 0x4A: ???
==13582==    by 0x6A8C9FF: ???
==13582== 
==13582== 16 bytes in 1 blocks are definitely lost in loss record 301 of 833
==13582==    at 0x4846828: malloc (in /usr/libexec/valgrind/vgpreload_memcheck-amd64-linux.so)
==13582==    by 0x73DDF9: __mn_range (in /mnt/c/Users/Juan/Documents/GitHub/Mapanare/mapanare/self/mnc-stage1)
==13582==    by 0x42308E: parser__skip_semis (in /mnt/c/Users/Juan/Documents/GitHub/Mapanare/mapanare/self/mnc-stage1)
==13582==    by 0x6A8C86F: ???
==13582== 
==13582== 16 bytes in 1 blocks are definitely lost in loss record 302 of 833
==13582==    at 0x4846828: malloc (in /usr/libexec/valgrind/vgpreload_memcheck-amd64-linux.so)
==13582==    by 0x73DDF9: __mn_range (in /mnt/c/Users/Juan/Documents/GitHub/Mapanare/mapanare/self/mnc-stage1)
==13582==    by 0x4306E0: parser__parse_postfix (in /mnt/c/Users/Juan/Documents/GitHub/Mapanare/mapanare/self/mnc-stage1)
==13582==    by 0x4D: ???
==13582==    by 0x6A8CFEF: ???
==13582==    by 0x5: ???
==13582== 
==13582== 16 bytes in 1 blocks are definitely lost in loss record 303 of 833
==13582==    at 0x4846828: malloc (in /usr/libexec/valgrind/vgpreload_memcheck-amd64-linux.so)
==13582==    by 0x73DDF9: __mn_range (in /mnt/c/Users/Juan/Documents/GitHub/Mapanare/mapanare/self/mnc-stage1)
==13582==    by 0x4306E0: parser__parse_postfix (in /mnt/c/Users/Juan/Documents/GitHub/Mapanare/mapanare/self/mnc-stage1)
==13582==    by 0x4F: ???
==13582==    by 0x6A8D08F: ???
==13582==    by 0x5: ???
==13582== 
==13582== 16 bytes in 1 blocks are definitely lost in loss record 304 of 833
==13582==    at 0x4846828: malloc (in /usr/libexec/valgrind/vgpreload_memcheck-amd64-linux.so)
==13582==    by 0x73DDF9: __mn_range (in /mnt/c/Users/Juan/Documents/GitHub/Mapanare/mapanare/self/mnc-stage1)
==13582==    by 0x4306E0: parser__parse_postfix (in /mnt/c/Users/Juan/Documents/GitHub/Mapanare/mapanare/self/mnc-stage1)
==13582==    by 0x51: ???
==13582==    by 0x6A8D12F: ???
==13582== 
==13582== 16 bytes in 1 blocks are definitely lost in loss record 305 of 833
==13582==    at 0x4846828: malloc (in /usr/libexec/valgrind/vgpreload_memcheck-amd64-linux.so)
==13582==    by 0x73DDF9: __mn_range (in /mnt/c/Users/Juan/Documents/GitHub/Mapanare/mapanare/self/mnc-stage1)
==13582==    by 0x42308E: parser__skip_semis (in /mnt/c/Users/Juan/Documents/GitHub/Mapanare/mapanare/self/mnc-stage1)
==13582==    by 0x6A8CF9F: ???
==13582== 
==13582== 16 bytes in 1 blocks are definitely lost in loss record 306 of 833
==13582==    at 0x4846828: malloc (in /usr/libexec/valgrind/vgpreload_memcheck-amd64-linux.so)
==13582==    by 0x73DDF9: __mn_range (in /mnt/c/Users/Juan/Documents/GitHub/Mapanare/mapanare/self/mnc-stage1)
==13582==    by 0x42308E: parser__skip_semis (in /mnt/c/Users/Juan/Documents/GitHub/Mapanare/mapanare/self/mnc-stage1)
==13582==    by 0x6A8B7EF: ???
==13582== 
==13582== 16 bytes in 1 blocks are definitely lost in loss record 307 of 833
==13582==    at 0x4846828: malloc (in /usr/libexec/valgrind/vgpreload_memcheck-amd64-linux.so)
==13582==    by 0x73DDF9: __mn_range (in /mnt/c/Users/Juan/Documents/GitHub/Mapanare/mapanare/self/mnc-stage1)
==13582==    by 0x4139FD: dir_of_path (in /mnt/c/Users/Juan/Documents/GitHub/Mapanare/mapanare/self/mnc-stage1)
==13582== 
==13582== 16 bytes in 1 blocks are definitely lost in loss record 308 of 833
==13582==    at 0x4846828: malloc (in /usr/libexec/valgrind/vgpreload_memcheck-amd64-linux.so)
==13582==    by 0x73DDF9: __mn_range (in /mnt/c/Users/Juan/Documents/GitHub/Mapanare/mapanare/self/mnc-stage1)
==13582==    by 0x414E82: resolve_imports (in /mnt/c/Users/Juan/Documents/GitHub/Mapanare/mapanare/self/mnc-stage1)
==13582==    by 0x6A73667: ???
==13582==    by 0x54: ???
==13582== 
==13582== 16 bytes in 1 blocks are definitely lost in loss record 309 of 833
==13582==    at 0x4846828: malloc (in /usr/libexec/valgrind/vgpreload_memcheck-amd64-linux.so)
==13582==    by 0x73DDF9: __mn_range (in /mnt/c/Users/Juan/Documents/GitHub/Mapanare/mapanare/self/mnc-stage1)
==13582==    by 0x41550C: resolve_imports (in /mnt/c/Users/Juan/Documents/GitHub/Mapanare/mapanare/self/mnc-stage1)
==13582==    by 0x6A73667: ???
==13582==    by 0x54: ???
==13582== 
==13582== 16 bytes in 1 blocks are definitely lost in loss record 310 of 833
==13582==    at 0x4846828: malloc (in /usr/libexec/valgrind/vgpreload_memcheck-amd64-linux.so)
==13582==    by 0x73DDF9: __mn_range (in /mnt/c/Users/Juan/Documents/GitHub/Mapanare/mapanare/self/mnc-stage1)
==13582==    by 0x476A0C: semantic__register_definitions (in /mnt/c/Users/Juan/Documents/GitHub/Mapanare/mapanare/self/mnc-stage1)
==13582== 
==13582== 16 bytes in 1 blocks are definitely lost in loss record 311 of 833
==13582==    at 0x4846828: malloc (in /usr/libexec/valgrind/vgpreload_memcheck-amd64-linux.so)
==13582==    by 0x73DDF9: __mn_range (in /mnt/c/Users/Juan/Documents/GitHub/Mapanare/mapanare/self/mnc-stage1)
==13582==    by 0x47E7FC: semantic__check_definitions (in /mnt/c/Users/Juan/Documents/GitHub/Mapanare/mapanare/self/mnc-stage1)
==13582==    by 0x6A9B65F: ???
==13582== 
==13582== 16 bytes in 1 blocks are definitely lost in loss record 312 of 833
==13582==    at 0x4846828: malloc (in /usr/libexec/valgrind/vgpreload_memcheck-amd64-linux.so)
==13582==    by 0x73DDF9: __mn_range (in /mnt/c/Users/Juan/Documents/GitHub/Mapanare/mapanare/self/mnc-stage1)
==13582==    by 0x46E208: semantic__check_block (in /mnt/c/Users/Juan/Documents/GitHub/Mapanare/mapanare/self/mnc-stage1)
==13582== 
==13582== 16 bytes in 1 blocks are definitely lost in loss record 313 of 833
==13582==    at 0x4846828: malloc (in /usr/libexec/valgrind/vgpreload_memcheck-amd64-linux.so)
==13582==    by 0x73DDF9: __mn_range (in /mnt/c/Users/Juan/Documents/GitHub/Mapanare/mapanare/self/mnc-stage1)
==13582==    by 0x461B56: semantic__check_match_expr (in /mnt/c/Users/Juan/Documents/GitHub/Mapanare/mapanare/self/mnc-stage1)
==13582== 
==13582== 16 bytes in 1 blocks are definitely lost in loss record 314 of 833
==13582==    at 0x4846828: malloc (in /usr/libexec/valgrind/vgpreload_memcheck-amd64-linux.so)
==13582==    by 0x73DDF9: __mn_range (in /mnt/c/Users/Juan/Documents/GitHub/Mapanare/mapanare/self/mnc-stage1)
==13582==    by 0x4380F6: semantic__scope_lookup (in /mnt/c/Users/Juan/Documents/GitHub/Mapanare/mapanare/self/mnc-stage1)
==13582==    by 0x6A78E7F: ???
==13582==    by 0x6A57A97: ???
==13582==    by 0x6A9EBCF: ???
==13582== 
==13582== 16 bytes in 1 blocks are definitely lost in loss record 315 of 833
==13582==    at 0x4846828: malloc (in /usr/libexec/valgrind/vgpreload_memcheck-amd64-linux.so)
==13582==    by 0x73DDF9: __mn_range (in /mnt/c/Users/Juan/Documents/GitHub/Mapanare/mapanare/self/mnc-stage1)
==13582==    by 0x46E208: semantic__check_block (in /mnt/c/Users/Juan/Documents/GitHub/Mapanare/mapanare/self/mnc-stage1)
==13582==    by 0x6A9C70F: ???
==13582== 
==13582== 16 bytes in 1 blocks are definitely lost in loss record 316 of 833
==13582==    at 0x4846828: malloc (in /usr/libexec/valgrind/vgpreload_memcheck-amd64-linux.so)
==13582==    by 0x73DDF9: __mn_range (in /mnt/c/Users/Juan/Documents/GitHub/Mapanare/mapanare/self/mnc-stage1)
==13582==    by 0x4A77A5: lower__register_declarations_pass1 (in /mnt/c/Users/Juan/Documents/GitHub/Mapanare/mapanare/self/mnc-stage1)
==13582== 
==13582== 16 bytes in 1 blocks are definitely lost in loss record 317 of 833
==13582==    at 0x4846828: malloc (in /usr/libexec/valgrind/vgpreload_memcheck-amd64-linux.so)
==13582==    by 0x73DDF9: __mn_range (in /mnt/c/Users/Juan/Documents/GitHub/Mapanare/mapanare/self/mnc-stage1)
==13582==    by 0x4ABE65: lower__register_declarations_pass2 (in /mnt/c/Users/Juan/Documents/GitHub/Mapanare/mapanare/self/mnc-stage1)
==13582== 
==13582== 16 bytes in 1 blocks are definitely lost in loss record 318 of 833
==13582==    at 0x4846828: malloc (in /usr/libexec/valgrind/vgpreload_memcheck-amd64-linux.so)
==13582==    by 0x73DDF9: __mn_range (in /mnt/c/Users/Juan/Documents/GitHub/Mapanare/mapanare/self/mnc-stage1)
==13582==    by 0x4C49B5: lower__lower_definitions (in /mnt/c/Users/Juan/Documents/GitHub/Mapanare/mapanare/self/mnc-stage1)
==13582== 
==13582== 16 bytes in 1 blocks are definitely lost in loss record 319 of 833
==13582==    at 0x4846828: malloc (in /usr/libexec/valgrind/vgpreload_memcheck-amd64-linux.so)
==13582==    by 0x73DDF9: __mn_range (in /mnt/c/Users/Juan/Documents/GitHub/Mapanare/mapanare/self/mnc-stage1)
==13582==    by 0x4CD083: lower__collect_decorator_names (in /mnt/c/Users/Juan/Documents/GitHub/Mapanare/mapanare/self/mnc-stage1)
==13582==    by 0x6AA2B3F: ???
==13582== 
==13582== 16 bytes in 1 blocks are definitely lost in loss record 320 of 833
==13582==    at 0x4846828: malloc (in /usr/libexec/valgrind/vgpreload_memcheck-amd64-linux.so)
==13582==    by 0x73DDF9: __mn_range (in /mnt/c/Users/Juan/Documents/GitHub/Mapanare/mapanare/self/mnc-stage1)
==13582==    by 0x4CD083: lower__collect_decorator_names (in /mnt/c/Users/Juan/Documents/GitHub/Mapanare/mapanare/self/mnc-stage1)
==13582== 
==13582== 16 bytes in 1 blocks are definitely lost in loss record 321 of 833
==13582==    at 0x4846828: malloc (in /usr/libexec/valgrind/vgpreload_memcheck-amd64-linux.so)
==13582==    by 0x73DDF9: __mn_range (in /mnt/c/Users/Juan/Documents/GitHub/Mapanare/mapanare/self/mnc-stage1)
==13582==    by 0x4A04DB: lower_state__is_struct_name (in /mnt/c/Users/Juan/Documents/GitHub/Mapanare/mapanare/self/mnc-stage1)
==13582==    by 0x6: ???
==13582==    by 0x7: ???
==13582==    by 0x6A82A9F: ???
==13582==    by 0x8000000000000007: ???
==13582== 
==13582== 16 bytes in 1 blocks are definitely lost in loss record 322 of 833
==13582==    at 0x4846828: malloc (in /usr/libexec/valgrind/vgpreload_memcheck-amd64-linux.so)
==13582==    by 0x73DDF9: __mn_range (in /mnt/c/Users/Juan/Documents/GitHub/Mapanare/mapanare/self/mnc-stage1)
==13582==    by 0x4A0F2A: lower_state__find_lambda (in /mnt/c/Users/Juan/Documents/GitHub/Mapanare/mapanare/self/mnc-stage1)
==13582==    by 0x1: ???
==13582==    by 0x6AAB26F: ???
==13582==    by 0x6A82A9F: ???
==13582==    by 0x6A82A9F: ???
==13582==    by 0x8000000000000007: ???
==13582== 
==13582== 16 bytes in 1 blocks are definitely lost in loss record 323 of 833
==13582==    at 0x4846828: malloc (in /usr/libexec/valgrind/vgpreload_memcheck-amd64-linux.so)
==13582==    by 0x73DDF9: __mn_range (in /mnt/c/Users/Juan/Documents/GitHub/Mapanare/mapanare/self/mnc-stage1)
==13582==    by 0x4A0F2A: lower_state__find_lambda (in /mnt/c/Users/Juan/Documents/GitHub/Mapanare/mapanare/self/mnc-stage1)
==13582==    by 0x1: ???
==13582==    by 0x6AAB2BF: ???
==13582==    by 0x6AA2B3F: ???
==13582==    by 0x6AAB30F: ???
==13582==    by 0x800000000000000E: ???
==13582==    by 0x5800566F: ??? (in /usr/libexec/valgrind/memcheck-amd64-linux)
==13582== 
==13582== 16 bytes in 1 blocks are definitely lost in loss record 324 of 833
==13582==    at 0x4846828: malloc (in /usr/libexec/valgrind/vgpreload_memcheck-amd64-linux.so)
==13582==    by 0x73DDF9: __mn_range (in /mnt/c/Users/Juan/Documents/GitHub/Mapanare/mapanare/self/mnc-stage1)
==13582==    by 0x4A0F2A: lower_state__find_lambda (in /mnt/c/Users/Juan/Documents/GitHub/Mapanare/mapanare/self/mnc-stage1)
==13582==    by 0x1: ???
==13582==    by 0x6AAC02F: ???
==13582==    by 0x6A85D0F: ???
==13582==    by 0x6A85D0F: ???
==13582==    by 0x8000000000000007: ???
==13582== 
==13582== 16 bytes in 1 blocks are definitely lost in loss record 325 of 833
==13582==    at 0x4846828: malloc (in /usr/libexec/valgrind/vgpreload_memcheck-amd64-linux.so)
==13582==    by 0x73DDF9: __mn_range (in /mnt/c/Users/Juan/Documents/GitHub/Mapanare/mapanare/self/mnc-stage1)
==13582==    by 0x4A0F2A: lower_state__find_lambda (in /mnt/c/Users/Juan/Documents/GitHub/Mapanare/mapanare/self/mnc-stage1)
==13582==    by 0x1: ???
==13582==    by 0x6AAC07F: ???
==13582==    by 0x6AA2B3F: ???
==13582==    by 0x6AAC0CF: ???
==13582==    by 0x800000000000000E: ???
==13582==    by 0x5800566F: ??? (in /usr/libexec/valgrind/memcheck-amd64-linux)
==13582== 
==13582== 16 bytes in 1 blocks are definitely lost in loss record 326 of 833
==13582==    at 0x4846828: malloc (in /usr/libexec/valgrind/vgpreload_memcheck-amd64-linux.so)
==13582==    by 0x73DDF9: __mn_range (in /mnt/c/Users/Juan/Documents/GitHub/Mapanare/mapanare/self/mnc-stage1)
==13582==    by 0x4A0F2A: lower_state__find_lambda (in /mnt/c/Users/Juan/Documents/GitHub/Mapanare/mapanare/self/mnc-stage1)
==13582==    by 0x1: ???
==13582==    by 0x6AACDEF: ???
==13582==    by 0x6A86E8F: ???
==13582==    by 0x6A86E8F: ???
==13582==    by 0x8000000000000007: ???
==13582== 
==13582== 16 bytes in 1 blocks are definitely lost in loss record 327 of 833
==13582==    at 0x4846828: malloc (in /usr/libexec/valgrind/vgpreload_memcheck-amd64-linux.so)
==13582==    by 0x73DDF9: __mn_range (in /mnt/c/Users/Juan/Documents/GitHub/Mapanare/mapanare/self/mnc-stage1)
==13582==    by 0x4A0F2A: lower_state__find_lambda (in /mnt/c/Users/Juan/Documents/GitHub/Mapanare/mapanare/self/mnc-stage1)
==13582==    by 0x1: ???
==13582==    by 0x6AACE3F: ???
==13582==    by 0x6AA2B3F: ???
==13582==    by 0x6AACE8F: ???
==13582==    by 0x800000000000000E: ???
==13582==    by 0x5800566F: ??? (in /usr/libexec/valgrind/memcheck-amd64-linux)
==13582== 
==13582== 16 bytes in 1 blocks are definitely lost in loss record 328 of 833
==13582==    at 0x4846828: malloc (in /usr/libexec/valgrind/vgpreload_memcheck-amd64-linux.so)
==13582==    by 0x73DDF9: __mn_range (in /mnt/c/Users/Juan/Documents/GitHub/Mapanare/mapanare/self/mnc-stage1)
==13582==    by 0x4A0F2A: lower_state__find_lambda (in /mnt/c/Users/Juan/Documents/GitHub/Mapanare/mapanare/self/mnc-stage1)
==13582==    by 0x1: ???
==13582==    by 0x6AADCFF: ???
==13582==    by 0x6A87FBF: ???
==13582==    by 0x6A87FBF: ???
==13582==    by 0x8000000000000007: ???
==13582== 
==13582== 16 bytes in 1 blocks are definitely lost in loss record 329 of 833
==13582==    at 0x4846828: malloc (in /usr/libexec/valgrind/vgpreload_memcheck-amd64-linux.so)
==13582==    by 0x73DDF9: __mn_range (in /mnt/c/Users/Juan/Documents/GitHub/Mapanare/mapanare/self/mnc-stage1)
==13582==    by 0x4A0F2A: lower_state__find_lambda (in /mnt/c/Users/Juan/Documents/GitHub/Mapanare/mapanare/self/mnc-stage1)
==13582==    by 0x1: ???
==13582==    by 0x6AADD4F: ???
==13582==    by 0x6AA2B3F: ???
==13582==    by 0x6AADD9F: ???
==13582==    by 0x800000000000000E: ???
==13582==    by 0x5800566F: ??? (in /usr/libexec/valgrind/memcheck-amd64-linux)
==13582== 
==13582== 16 bytes in 1 blocks are definitely lost in loss record 330 of 833
==13582==    at 0x4846828: malloc (in /usr/libexec/valgrind/vgpreload_memcheck-amd64-linux.so)
==13582==    by 0x73DDF9: __mn_range (in /mnt/c/Users/Juan/Documents/GitHub/Mapanare/mapanare/self/mnc-stage1)
==13582==    by 0x68642A: mir_opt__optimize_mir (in /mnt/c/Users/Juan/Documents/GitHub/Mapanare/mapanare/self/mnc-stage1)
==13582==    by 0x6AA9FCF: ???
==13582==    by 0x800000000000004A: ???
==13582==    by 0x6A74317: ???
==13582== 
==13582== 16 bytes in 1 blocks are definitely lost in loss record 331 of 833
==13582==    at 0x4846828: malloc (in /usr/libexec/valgrind/vgpreload_memcheck-amd64-linux.so)
==13582==    by 0x73DDF9: __mn_range (in /mnt/c/Users/Juan/Documents/GitHub/Mapanare/mapanare/self/mnc-stage1)
==13582==    by 0x679203: mir_opt__constant_fold_function (in /mnt/c/Users/Juan/Documents/GitHub/Mapanare/mapanare/self/mnc-stage1)
==13582==    by 0x87: ???
==13582== 
==13582== 16 bytes in 1 blocks are definitely lost in loss record 332 of 833
==13582==    at 0x4846828: malloc (in /usr/libexec/valgrind/vgpreload_memcheck-amd64-linux.so)
==13582==    by 0x73DDF9: __mn_range (in /mnt/c/Users/Juan/Documents/GitHub/Mapanare/mapanare/self/mnc-stage1)
==13582==    by 0x6796B2: mir_opt__find_const (in /mnt/c/Users/Juan/Documents/GitHub/Mapanare/mapanare/self/mnc-stage1)
==13582==    by 0x37: ???
==13582== 
==13582== 16 bytes in 1 blocks are definitely lost in loss record 333 of 833
==13582==    at 0x4846828: malloc (in /usr/libexec/valgrind/vgpreload_memcheck-amd64-linux.so)
==13582==    by 0x73DDF9: __mn_range (in /mnt/c/Users/Juan/Documents/GitHub/Mapanare/mapanare/self/mnc-stage1)
==13582==    by 0x67C06F: mir_opt__is_in_list (in /mnt/c/Users/Juan/Documents/GitHub/Mapanare/mapanare/self/mnc-stage1)
==13582==    by 0x6AB0C3F: ???
==13582==    by 0x4: ???
==13582==    by 0x7: ???
==13582==    by 0x6AA407F: ???
==13582==    by 0x8000000000000009: ???
==13582==    by 0x6AB0C3F: ???
==13582==    by 0x4: ???
==13582==    by 0x6AB2F2F: ???
==13582==    by 0x1101: ???
==13582==    by 0x580053FF: ??? (in /usr/libexec/valgrind/memcheck-amd64-linux)
==13582==    by 0xF: ???
==13582== 
==13582== 16 bytes in 1 blocks are definitely lost in loss record 334 of 833
==13582==    at 0x4846828: malloc (in /usr/libexec/valgrind/vgpreload_memcheck-amd64-linux.so)
==13582==    by 0x73DDF9: __mn_range (in /mnt/c/Users/Juan/Documents/GitHub/Mapanare/mapanare/self/mnc-stage1)
==13582==    by 0x67C06F: mir_opt__is_in_list (in /mnt/c/Users/Juan/Documents/GitHub/Mapanare/mapanare/self/mnc-stage1)
==13582==    by 0x6AB0C3F: ???
==13582==    by 0x6A7260000000004: ???
==13582==    by 0x6AB2F7F: ???
==13582==    by 0x6AA435F: ???
==13582==    by 0x8000000000000009: ???
==13582==    by 0x6AB2C5F: ???
==13582== 
==13582== 16 bytes in 1 blocks are definitely lost in loss record 335 of 833
==13582==    at 0x4846828: malloc (in /usr/libexec/valgrind/vgpreload_memcheck-amd64-linux.so)
==13582==    by 0x73DDF9: __mn_range (in /mnt/c/Users/Juan/Documents/GitHub/Mapanare/mapanare/self/mnc-stage1)
==13582==    by 0x67C06F: mir_opt__is_in_list (in /mnt/c/Users/Juan/Documents/GitHub/Mapanare/mapanare/self/mnc-stage1)
==13582==    by 0x6AB0C3F: ???
==13582==    by 0x6A7260000000004: ???
==13582==    by 0x6AB2FCF: ???
==13582==    by 0x6AA3E7F: ???
==13582==    by 0x8000000000000009: ???
==13582==    by 0x6AB2C5F: ???
==13582==    by 0x1: ???
==13582==    by 0x7: ???
==13582==    by 0xF: ???
==13582== 
==13582== 16 bytes in 1 blocks are definitely lost in loss record 336 of 833
==13582==    at 0x4846828: malloc (in /usr/libexec/valgrind/vgpreload_memcheck-amd64-linux.so)
==13582==    by 0x73DDF9: __mn_range (in /mnt/c/Users/Juan/Documents/GitHub/Mapanare/mapanare/self/mnc-stage1)
==13582==    by 0x67C06F: mir_opt__is_in_list (in /mnt/c/Users/Juan/Documents/GitHub/Mapanare/mapanare/self/mnc-stage1)
==13582==    by 0x6AB0C3F: ???
==13582==    by 0x6A7260000000004: ???
==13582==    by 0x6AB301F: ???
==13582==    by 0x6AA407F: ???
==13582==    by 0x8000000000000009: ???
==13582==    by 0x6AB2C5F: ???
==13582==    by 0x2: ???
==13582==    by 0x7: ???
==13582==    by 0xF: ???
==13582== 
==13582== 16 bytes in 1 blocks are definitely lost in loss record 337 of 833
==13582==    at 0x4846828: malloc (in /usr/libexec/valgrind/vgpreload_memcheck-amd64-linux.so)
==13582==    by 0x73DDF9: __mn_range (in /mnt/c/Users/Juan/Documents/GitHub/Mapanare/mapanare/self/mnc-stage1)
==13582==    by 0x67C06F: mir_opt__is_in_list (in /mnt/c/Users/Juan/Documents/GitHub/Mapanare/mapanare/self/mnc-stage1)
==13582==    by 0x6AB12BF: ???
==13582==    by 0x1: ???
==13582==    by 0x7: ???
==13582==    by 0x6AA3DDF: ???
==13582==    by 0x800000000000000B: ???
==13582==    by 0x6AB12BF: ???
==13582==    by 0x1: ???
==13582==    by 0x6AB318F: ???
==13582==    by 0x1101: ???
==13582==    by 0x580053FF: ??? (in /usr/libexec/valgrind/memcheck-amd64-linux)
==13582==    by 0xF: ???
==13582== 
==13582== 16 bytes in 1 blocks are definitely lost in loss record 338 of 833
==13582==    at 0x4846828: malloc (in /usr/libexec/valgrind/vgpreload_memcheck-amd64-linux.so)
==13582==    by 0x73DDF9: __mn_range (in /mnt/c/Users/Juan/Documents/GitHub/Mapanare/mapanare/self/mnc-stage1)
==13582==    by 0x67C06F: mir_opt__is_in_list (in /mnt/c/Users/Juan/Documents/GitHub/Mapanare/mapanare/self/mnc-stage1)
==13582==    by 0x6AB12BF: ???
==13582==    by 0x6A7260000000001: ???
==13582==    by 0x6AB31DF: ???
==13582==    by 0x6AA421F: ???
==13582==    by 0x8000000000000009: ???
==13582==    by 0x6AB2C5F: ???
==13582==    by 0x2: ???
==13582==    by 0x7: ???
==13582==    by 0xF: ???
==13582== 
==13582== 16 bytes in 1 blocks are definitely lost in loss record 339 of 833
==13582==    at 0x4846828: malloc (in /usr/libexec/valgrind/vgpreload_memcheck-amd64-linux.so)
==13582==    by 0x73DDF9: __mn_range (in /mnt/c/Users/Juan/Documents/GitHub/Mapanare/mapanare/self/mnc-stage1)
==13582==    by 0x67C06F: mir_opt__is_in_list (in /mnt/c/Users/Juan/Documents/GitHub/Mapanare/mapanare/self/mnc-stage1)
==13582==    by 0x6AB12BF: ???
==13582==    by 0x6A7260000000001: ???
==13582==    by 0x6AB322F: ???
==13582==    by 0x6AA42BF: ???
==13582==    by 0x8000000000000009: ???
==13582==    by 0x6AB2C5F: ???
==13582==    by 0x3: ???
==13582==    by 0x7: ???
==13582==    by 0xF: ???
==13582== 
==13582== 16 bytes in 1 blocks are definitely lost in loss record 340 of 833
==13582==    at 0x4846828: malloc (in /usr/libexec/valgrind/vgpreload_memcheck-amd64-linux.so)
==13582==    by 0x73DDF9: __mn_range (in /mnt/c/Users/Juan/Documents/GitHub/Mapanare/mapanare/self/mnc-stage1)
==13582==    by 0x67C06F: mir_opt__is_in_list (in /mnt/c/Users/Juan/Documents/GitHub/Mapanare/mapanare/self/mnc-stage1)
==13582==    by 0x6AB12BF: ???
==13582==    by 0x6A7260000000001: ???
==13582==    by 0x6AB327F: ???
==13582==    by 0x6AA435F: ???
==13582==    by 0x8000000000000009: ???
==13582==    by 0x6AB2C5F: ???
==13582==    by 0x3: ???
==13582==    by 0x7: ???
==13582==    by 0xF: ???
==13582== 
==13582== 16 bytes in 1 blocks are definitely lost in loss record 341 of 833
==13582==    at 0x4846828: malloc (in /usr/libexec/valgrind/vgpreload_memcheck-amd64-linux.so)
==13582==    by 0x73DDF9: __mn_range (in /mnt/c/Users/Juan/Documents/GitHub/Mapanare/mapanare/self/mnc-stage1)
==13582==    by 0x67C06F: mir_opt__is_in_list (in /mnt/c/Users/Juan/Documents/GitHub/Mapanare/mapanare/self/mnc-stage1)
==13582==    by 0x6AB1FDF: ???
==13582==    by 0x1: ???
==13582==    by 0x7: ???
==13582==    by 0x6AA3DDF: ???
==13582==    by 0x800000000000000B: ???
==13582==    by 0x6AB1FDF: ???
==13582==    by 0x1: ???
==13582==    by 0x6AB33EF: ???
==13582==    by 0x1101: ???
==13582==    by 0x580053FF: ??? (in /usr/libexec/valgrind/memcheck-amd64-linux)
==13582==    by 0xF: ???
==13582== 
==13582== 16 bytes in 1 blocks are definitely lost in loss record 342 of 833
==13582==    at 0x4846828: malloc (in /usr/libexec/valgrind/vgpreload_memcheck-amd64-linux.so)
==13582==    by 0x73DDF9: __mn_range (in /mnt/c/Users/Juan/Documents/GitHub/Mapanare/mapanare/self/mnc-stage1)
==13582==    by 0x67C06F: mir_opt__is_in_list (in /mnt/c/Users/Juan/Documents/GitHub/Mapanare/mapanare/self/mnc-stage1)
==13582==    by 0x6AB1FDF: ???
==13582==    by 0x6A7260100000001: ???
==13582==    by 0x6AB343F: ???
==13582==    by 0x6AA4F8F: ???
==13582==    by 0x800000000000000A: ???
==13582==    by 0x6AB2C5F: ???
==13582==    by 0x3: ???
==13582==    by 0x7: ???
==13582==    by 0xF: ???
==13582== 
==13582== 16 bytes in 1 blocks are definitely lost in loss record 343 of 833
==13582==    at 0x4846828: malloc (in /usr/libexec/valgrind/vgpreload_memcheck-amd64-linux.so)
==13582==    by 0x73DDF9: __mn_range (in /mnt/c/Users/Juan/Documents/GitHub/Mapanare/mapanare/self/mnc-stage1)
==13582==    by 0x67C06F: mir_opt__is_in_list (in /mnt/c/Users/Juan/Documents/GitHub/Mapanare/mapanare/self/mnc-stage1)
==13582==    by 0x6AB1FDF: ???
==13582==    by 0x6A7260000000001: ???
==13582==    by 0x6AB348F: ???
==13582==    by 0x6AA4F3F: ???
==13582==    by 0x800000000000000A: ???
==13582==    by 0x6AB2C5F: ???
==13582==    by 0x3: ???
==13582==    by 0x7: ???
==13582==    by 0xF: ???
==13582== 
==13582== 16 bytes in 1 blocks are definitely lost in loss record 344 of 833
==13582==    at 0x4846828: malloc (in /usr/libexec/valgrind/vgpreload_memcheck-amd64-linux.so)
==13582==    by 0x73DDF9: __mn_range (in /mnt/c/Users/Juan/Documents/GitHub/Mapanare/mapanare/self/mnc-stage1)
==13582==    by 0x67C06F: mir_opt__is_in_list (in /mnt/c/Users/Juan/Documents/GitHub/Mapanare/mapanare/self/mnc-stage1)
==13582==    by 0x6AB1FDF: ???
==13582==    by 0x6A7260000000001: ???
==13582==    by 0x6AB34DF: ???
==13582==    by 0x6AA73EF: ???
==13582==    by 0x800000000000000A: ???
==13582==    by 0x6AB2C5F: ???
==13582==    by 0x3: ???
==13582==    by 0x7: ???
==13582==    by 0xF: ???
==13582== 
==13582== 16 bytes in 1 blocks are definitely lost in loss record 345 of 833
==13582==    at 0x4846828: malloc (in /usr/libexec/valgrind/vgpreload_memcheck-amd64-linux.so)
==13582==    by 0x73DDF9: __mn_range (in /mnt/c/Users/Juan/Documents/GitHub/Mapanare/mapanare/self/mnc-stage1)
==13582==    by 0x67C06F: mir_opt__is_in_list (in /mnt/c/Users/Juan/Documents/GitHub/Mapanare/mapanare/self/mnc-stage1)
==13582==    by 0x6AB1FDF: ???
==13582==    by 0x6A7260000000001: ???
==13582==    by 0x6AB352F: ???
==13582==    by 0x6AA739F: ???
==13582==    by 0x800000000000000A: ???
==13582==    by 0x6AB2C5F: ???
==13582==    by 0x3: ???
==13582==    by 0x7: ???
==13582==    by 0xF: ???
==13582== 
==13582== 16 bytes in 1 blocks are definitely lost in loss record 346 of 833
==13582==    at 0x4846828: malloc (in /usr/libexec/valgrind/vgpreload_memcheck-amd64-linux.so)
==13582==    by 0x73DDF9: __mn_range (in /mnt/c/Users/Juan/Documents/GitHub/Mapanare/mapanare/self/mnc-stage1)
==13582==    by 0x67C06F: mir_opt__is_in_list (in /mnt/c/Users/Juan/Documents/GitHub/Mapanare/mapanare/self/mnc-stage1)
==13582==    by 0x6AB1FDF: ???
==13582==    by 0x6A7260000000001: ???
==13582==    by 0x6AB357F: ???
==13582==    by 0x6AA899F: ???
==13582==    by 0x800000000000000B: ???
==13582==    by 0x6AB2C5F: ???
==13582==    by 0x3: ???
==13582==    by 0x7: ???
==13582==    by 0xF: ???
==13582== 
==13582== 16 bytes in 1 blocks are definitely lost in loss record 347 of 833
==13582==    at 0x4846828: malloc (in /usr/libexec/valgrind/vgpreload_memcheck-amd64-linux.so)
==13582==    by 0x73DDF9: __mn_range (in /mnt/c/Users/Juan/Documents/GitHub/Mapanare/mapanare/self/mnc-stage1)
==13582==    by 0x67C06F: mir_opt__is_in_list (in /mnt/c/Users/Juan/Documents/GitHub/Mapanare/mapanare/self/mnc-stage1)
==13582==    by 0x6AB1FDF: ???
==13582==    by 0x6A7260000000001: ???
==13582==    by 0x6AB35CF: ???
==13582==    by 0x6AA894F: ???
==13582==    by 0x800000000000000B: ???
==13582==    by 0x6AB2C5F: ???
==13582==    by 0x3: ???
==13582==    by 0x7: ???
==13582==    by 0xF: ???
==13582== 
==13582== 16 bytes in 1 blocks are definitely lost in loss record 348 of 833
==13582==    at 0x4846828: malloc (in /usr/libexec/valgrind/vgpreload_memcheck-amd64-linux.so)
==13582==    by 0x73DDF9: __mn_range (in /mnt/c/Users/Juan/Documents/GitHub/Mapanare/mapanare/self/mnc-stage1)
==13582==    by 0x67C06F: mir_opt__is_in_list (in /mnt/c/Users/Juan/Documents/GitHub/Mapanare/mapanare/self/mnc-stage1)
==13582==    by 0x6AB1FDF: ???
==13582==    by 0x6A7260000000001: ???
==13582==    by 0x6AB361F: ???
==13582==    by 0x6AA3DDF: ???
==13582==    by 0x800000000000000B: ???
==13582==    by 0x6AB2C5F: ???
==13582==    by 0x3: ???
==13582==    by 0x7: ???
==13582==    by 0xF: ???
==13582== 
==13582== 16 bytes in 1 blocks are definitely lost in loss record 349 of 833
==13582==    at 0x4846828: malloc (in /usr/libexec/valgrind/vgpreload_memcheck-amd64-linux.so)
==13582==    by 0x73DDF9: __mn_range (in /mnt/c/Users/Juan/Documents/GitHub/Mapanare/mapanare/self/mnc-stage1)
==13582==    by 0x67C06F: mir_opt__is_in_list (in /mnt/c/Users/Juan/Documents/GitHub/Mapanare/mapanare/self/mnc-stage1)
==13582==    by 0x6AB2B8F: ???
==13582==    by 0x1: ???
==13582==    by 0x7: ???
==13582==    by 0x7540BF: ??? (in /mnt/c/Users/Juan/Documents/GitHub/Mapanare/mapanare/self/mnc-stage1)
==13582==    by 0x4: ???
==13582==    by 0x6AB2B8F: ???
==13582==    by 0x1: ???
==13582==    by 0x6AB370F: ???
==13582==    by 0x1101: ???
==13582==    by 0x580053FF: ??? (in /usr/libexec/valgrind/memcheck-amd64-linux)
==13582==    by 0xF: ???
==13582== 
==13582== 16 bytes in 1 blocks are definitely lost in loss record 350 of 833
==13582==    at 0x4846828: malloc (in /usr/libexec/valgrind/vgpreload_memcheck-amd64-linux.so)
==13582==    by 0x73DDF9: __mn_range (in /mnt/c/Users/Juan/Documents/GitHub/Mapanare/mapanare/self/mnc-stage1)
==13582==    by 0x67C06F: mir_opt__is_in_list (in /mnt/c/Users/Juan/Documents/GitHub/Mapanare/mapanare/self/mnc-stage1)
==13582==    by 0x6AB0C3F: ???
==13582==    by 0x4: ???
==13582==    by 0x7: ???
==13582==    by 0x6AA407F: ???
==13582==    by 0x8000000000000009: ???
==13582==    by 0x6AB0C3F: ???
==13582==    by 0x4: ???
==13582==    by 0x6AB38CF: ???
==13582==    by 0x1101: ???
==13582==    by 0x580053FF: ??? (in /usr/libexec/valgrind/memcheck-amd64-linux)
==13582==    by 0xF: ???
==13582== 
==13582== 16 bytes in 1 blocks are definitely lost in loss record 351 of 833
==13582==    at 0x4846828: malloc (in /usr/libexec/valgrind/vgpreload_memcheck-amd64-linux.so)
==13582==    by 0x73DDF9: __mn_range (in /mnt/c/Users/Juan/Documents/GitHub/Mapanare/mapanare/self/mnc-stage1)
==13582==    by 0x67C06F: mir_opt__is_in_list (in /mnt/c/Users/Juan/Documents/GitHub/Mapanare/mapanare/self/mnc-stage1)
==13582==    by 0x6AB0C3F: ???
==13582==    by 0x6A7260100000004: ???
==13582==    by 0x6AB391F: ???
==13582==    by 0x6AA435F: ???
==13582==    by 0x8000000000000009: ???
==13582==    by 0x6AB2C5F: ???
==13582==    by 0x3: ???
==13582==    by 0x7: ???
==13582==    by 0xF: ???
==13582== 
==13582== 16 bytes in 1 blocks are definitely lost in loss record 352 of 833
==13582==    at 0x4846828: malloc (in /usr/libexec/valgrind/vgpreload_memcheck-amd64-linux.so)
==13582==    by 0x73DDF9: __mn_range (in /mnt/c/Users/Juan/Documents/GitHub/Mapanare/mapanare/self/mnc-stage1)
==13582==    by 0x67C06F: mir_opt__is_in_list (in /mnt/c/Users/Juan/Documents/GitHub/Mapanare/mapanare/self/mnc-stage1)
==13582==    by 0x6AB0C3F: ???
==13582==    by 0x6A7260100000004: ???
==13582==    by 0x6AB396F: ???
==13582==    by 0x6AA3E7F: ???
==13582==    by 0x8000000000000009: ???
==13582==    by 0x6AB2C5F: ???
==13582==    by 0x3: ???
==13582==    by 0x7: ???
==13582==    by 0xF: ???
==13582== 
==13582== 16 bytes in 1 blocks are definitely lost in loss record 353 of 833
==13582==    at 0x4846828: malloc (in /usr/libexec/valgrind/vgpreload_memcheck-amd64-linux.so)
==13582==    by 0x73DDF9: __mn_range (in /mnt/c/Users/Juan/Documents/GitHub/Mapanare/mapanare/self/mnc-stage1)
==13582==    by 0x67C06F: mir_opt__is_in_list (in /mnt/c/Users/Juan/Documents/GitHub/Mapanare/mapanare/self/mnc-stage1)
==13582==    by 0x6AB0C3F: ???
==13582==    by 0x6A7260000000004: ???
==13582==    by 0x6AB39BF: ???
==13582==    by 0x6AA407F: ???
==13582==    by 0x8000000000000009: ???
==13582==    by 0x6AB2C5F: ???
==13582==    by 0x3: ???
==13582==    by 0x7: ???
==13582==    by 0xF: ???
==13582== 
==13582== 16 bytes in 1 blocks are definitely lost in loss record 354 of 833
==13582==    at 0x4846828: malloc (in /usr/libexec/valgrind/vgpreload_memcheck-amd64-linux.so)
==13582==    by 0x73DDF9: __mn_range (in /mnt/c/Users/Juan/Documents/GitHub/Mapanare/mapanare/self/mnc-stage1)
==13582==    by 0x67C06F: mir_opt__is_in_list (in /mnt/c/Users/Juan/Documents/GitHub/Mapanare/mapanare/self/mnc-stage1)
==13582==    by 0x6AB12BF: ???
==13582==    by 0x1: ???
==13582==    by 0x7: ???
==13582==    by 0x6AA3DDF: ???
==13582==    by 0x800000000000000B: ???
==13582==    by 0x6AB12BF: ???
==13582==    by 0x1: ???
==13582==    by 0x6AB3B2F: ???
==13582==    by 0x1101: ???
==13582==    by 0x580053FF: ??? (in /usr/libexec/valgrind/memcheck-amd64-linux)
==13582==    by 0xF: ???
==13582== 
==13582== 16 bytes in 1 blocks are definitely lost in loss record 355 of 833
==13582==    at 0x4846828: malloc (in /usr/libexec/valgrind/vgpreload_memcheck-amd64-linux.so)
==13582==    by 0x73DDF9: __mn_range (in /mnt/c/Users/Juan/Documents/GitHub/Mapanare/mapanare/self/mnc-stage1)
==13582==    by 0x67C06F: mir_opt__is_in_list (in /mnt/c/Users/Juan/Documents/GitHub/Mapanare/mapanare/self/mnc-stage1)
==13582==    by 0x6AB12BF: ???
==13582==    by 0x6A7260100000001: ???
==13582==    by 0x6AB3B7F: ???
==13582==    by 0x6AA421F: ???
==13582==    by 0x8000000000000009: ???
==13582==    by 0x6AB2C5F: ???
==13582==    by 0x3: ???
==13582==    by 0x7: ???
==13582==    by 0xF: ???
==13582== 
==13582== 16 bytes in 1 blocks are definitely lost in loss record 356 of 833
==13582==    at 0x4846828: malloc (in /usr/libexec/valgrind/vgpreload_memcheck-amd64-linux.so)
==13582==    by 0x73DDF9: __mn_range (in /mnt/c/Users/Juan/Documents/GitHub/Mapanare/mapanare/self/mnc-stage1)
==13582==    by 0x67C06F: mir_opt__is_in_list (in /mnt/c/Users/Juan/Documents/GitHub/Mapanare/mapanare/self/mnc-stage1)
==13582==    by 0x6AB12BF: ???
==13582==    by 0x6A7260000000001: ???
==13582==    by 0x6AB3BCF: ???
==13582==    by 0x6AA42BF: ???
==13582==    by 0x8000000000000009: ???
==13582==    by 0x6AB2C5F: ???
==13582==    by 0x3: ???
==13582==    by 0x7: ???
==13582==    by 0xF: ???
==13582== 
==13582== 16 bytes in 1 blocks are definitely lost in loss record 357 of 833
==13582==    at 0x4846828: malloc (in /usr/libexec/valgrind/vgpreload_memcheck-amd64-linux.so)
==13582==    by 0x73DDF9: __mn_range (in /mnt/c/Users/Juan/Documents/GitHub/Mapanare/mapanare/self/mnc-stage1)
==13582==    by 0x67C06F: mir_opt__is_in_list (in /mnt/c/Users/Juan/Documents/GitHub/Mapanare/mapanare/self/mnc-stage1)
==13582==    by 0x6AB12BF: ???
==13582==    by 0x6A7260000000001: ???
==13582==    by 0x6AB3C1F: ???
==13582==    by 0x6AA435F: ???
==13582==    by 0x8000000000000009: ???
==13582==    by 0x6AB2C5F: ???
==13582==    by 0x3: ???
==13582==    by 0x7: ???
==13582==    by 0xF: ???
==13582== 
==13582== 16 bytes in 1 blocks are definitely lost in loss record 358 of 833
==13582==    at 0x4846828: malloc (in /usr/libexec/valgrind/vgpreload_memcheck-amd64-linux.so)
==13582==    by 0x73DDF9: __mn_range (in /mnt/c/Users/Juan/Documents/GitHub/Mapanare/mapanare/self/mnc-stage1)
==13582==    by 0x67C06F: mir_opt__is_in_list (in /mnt/c/Users/Juan/Documents/GitHub/Mapanare/mapanare/self/mnc-stage1)
==13582==    by 0x6AB1FDF: ???
==13582==    by 0x1: ???
==13582==    by 0x7: ???
==13582==    by 0x6AA3DDF: ???
==13582==    by 0x800000000000000B: ???
==13582==    by 0x6AB1FDF: ???
==13582==    by 0x1: ???
==13582==    by 0x6AB3D8F: ???
==13582==    by 0x1101: ???
==13582==    by 0x580053FF: ??? (in /usr/libexec/valgrind/memcheck-amd64-linux)
==13582==    by 0xF: ???
==13582== 
==13582== 16 bytes in 1 blocks are definitely lost in loss record 359 of 833
==13582==    at 0x4846828: malloc (in /usr/libexec/valgrind/vgpreload_memcheck-amd64-linux.so)
==13582==    by 0x73DDF9: __mn_range (in /mnt/c/Users/Juan/Documents/GitHub/Mapanare/mapanare/self/mnc-stage1)
==13582==    by 0x67C06F: mir_opt__is_in_list (in /mnt/c/Users/Juan/Documents/GitHub/Mapanare/mapanare/self/mnc-stage1)
==13582==    by 0x6AB1FDF: ???
==13582==    by 0x6A7260100000001: ???
==13582==    by 0x6AB3DDF: ???
==13582==    by 0x6AA4F8F: ???
==13582==    by 0x800000000000000A: ???
==13582==    by 0x6AB2C5F: ???
==13582==    by 0x3: ???
==13582==    by 0x7: ???
==13582==    by 0xF: ???
==13582== 
==13582== 16 bytes in 1 blocks are definitely lost in loss record 360 of 833
==13582==    at 0x4846828: malloc (in /usr/libexec/valgrind/vgpreload_memcheck-amd64-linux.so)
==13582==    by 0x73DDF9: __mn_range (in /mnt/c/Users/Juan/Documents/GitHub/Mapanare/mapanare/self/mnc-stage1)
==13582==    by 0x67C06F: mir_opt__is_in_list (in /mnt/c/Users/Juan/Documents/GitHub/Mapanare/mapanare/self/mnc-stage1)
==13582==    by 0x6AB1FDF: ???
==13582==    by 0x6A7260000000001: ???
==13582==    by 0x6AB3E2F: ???
==13582==    by 0x6AA4F3F: ???
==13582==    by 0x800000000000000A: ???
==13582==    by 0x6AB2C5F: ???
==13582==    by 0x3: ???
==13582==    by 0x7: ???
==13582==    by 0xF: ???
==13582== 
==13582== 16 bytes in 1 blocks are definitely lost in loss record 361 of 833
==13582==    at 0x4846828: malloc (in /usr/libexec/valgrind/vgpreload_memcheck-amd64-linux.so)
==13582==    by 0x73DDF9: __mn_range (in /mnt/c/Users/Juan/Documents/GitHub/Mapanare/mapanare/self/mnc-stage1)
==13582==    by 0x67C06F: mir_opt__is_in_list (in /mnt/c/Users/Juan/Documents/GitHub/Mapanare/mapanare/self/mnc-stage1)
==13582==    by 0x6AB1FDF: ???
==13582==    by 0x6A7260000000001: ???
==13582==    by 0x6AB3E7F: ???
==13582==    by 0x6AA73EF: ???
==13582==    by 0x800000000000000A: ???
==13582==    by 0x6AB2C5F: ???
==13582==    by 0x3: ???
==13582==    by 0x7: ???
==13582==    by 0xF: ???
==13582== 
==13582== 16 bytes in 1 blocks are definitely lost in loss record 362 of 833
==13582==    at 0x4846828: malloc (in /usr/libexec/valgrind/vgpreload_memcheck-amd64-linux.so)
==13582==    by 0x73DDF9: __mn_range (in /mnt/c/Users/Juan/Documents/GitHub/Mapanare/mapanare/self/mnc-stage1)
==13582==    by 0x67C06F: mir_opt__is_in_list (in /mnt/c/Users/Juan/Documents/GitHub/Mapanare/mapanare/self/mnc-stage1)
==13582==    by 0x6AB1FDF: ???
==13582==    by 0x6A7260000000001: ???
==13582==    by 0x6AB3ECF: ???
==13582==    by 0x6AA739F: ???
==13582==    by 0x800000000000000A: ???
==13582==    by 0x6AB2C5F: ???
==13582==    by 0x3: ???
==13582==    by 0x7: ???
==13582==    by 0xF: ???
==13582== 
==13582== 16 bytes in 1 blocks are definitely lost in loss record 363 of 833
==13582==    at 0x4846828: malloc (in /usr/libexec/valgrind/vgpreload_memcheck-amd64-linux.so)
==13582==    by 0x73DDF9: __mn_range (in /mnt/c/Users/Juan/Documents/GitHub/Mapanare/mapanare/self/mnc-stage1)
==13582==    by 0x67C06F: mir_opt__is_in_list (in /mnt/c/Users/Juan/Documents/GitHub/Mapanare/mapanare/self/mnc-stage1)
==13582==    by 0x6AB1FDF: ???
==13582==    by 0x6A7260000000001: ???
==13582==    by 0x6AB3F1F: ???
==13582==    by 0x6AA899F: ???
==13582==    by 0x800000000000000B: ???
==13582==    by 0x6AB2C5F: ???
==13582==    by 0x3: ???
==13582==    by 0x7: ???
==13582==    by 0xF: ???
==13582== 
==13582== 16 bytes in 1 blocks are definitely lost in loss record 364 of 833
==13582==    at 0x4846828: malloc (in /usr/libexec/valgrind/vgpreload_memcheck-amd64-linux.so)
==13582==    by 0x73DDF9: __mn_range (in /mnt/c/Users/Juan/Documents/GitHub/Mapanare/mapanare/self/mnc-stage1)
==13582==    by 0x67C06F: mir_opt__is_in_list (in /mnt/c/Users/Juan/Documents/GitHub/Mapanare/mapanare/self/mnc-stage1)
==13582==    by 0x6AB1FDF: ???
==13582==    by 0x6A7260000000001: ???
==13582==    by 0x6AB3F6F: ???
==13582==    by 0x6AA894F: ???
==13582==    by 0x800000000000000B: ???
==13582==    by 0x6AB2C5F: ???
==13582==    by 0x3: ???
==13582==    by 0x7: ???
==13582==    by 0xF: ???
==13582== 
==13582== 16 bytes in 1 blocks are definitely lost in loss record 365 of 833
==13582==    at 0x4846828: malloc (in /usr/libexec/valgrind/vgpreload_memcheck-amd64-linux.so)
==13582==    by 0x73DDF9: __mn_range (in /mnt/c/Users/Juan/Documents/GitHub/Mapanare/mapanare/self/mnc-stage1)
==13582==    by 0x67C06F: mir_opt__is_in_list (in /mnt/c/Users/Juan/Documents/GitHub/Mapanare/mapanare/self/mnc-stage1)
==13582==    by 0x6AB1FDF: ???
==13582==    by 0x6A7260000000001: ???
==13582==    by 0x6AB3FBF: ???
==13582==    by 0x6AA3DDF: ???
==13582==    by 0x800000000000000B: ???
==13582==    by 0x6AB2C5F: ???
==13582==    by 0x3: ???
==13582==    by 0x7: ???
==13582==    by 0xF: ???
==13582== 
==13582== 16 bytes in 1 blocks are definitely lost in loss record 366 of 833
==13582==    at 0x4846828: malloc (in /usr/libexec/valgrind/vgpreload_memcheck-amd64-linux.so)
==13582==    by 0x73DDF9: __mn_range (in /mnt/c/Users/Juan/Documents/GitHub/Mapanare/mapanare/self/mnc-stage1)
==13582==    by 0x67C06F: mir_opt__is_in_list (in /mnt/c/Users/Juan/Documents/GitHub/Mapanare/mapanare/self/mnc-stage1)
==13582==    by 0x6AB2B8F: ???
==13582==    by 0x1: ???
==13582==    by 0x7: ???
==13582==    by 0x6AA4F3F: ???
==13582==    by 0x800000000000000A: ???
==13582==    by 0x6AB2B8F: ???
==13582==    by 0x1: ???
==13582==    by 0x6AB47BF: ???
==13582==    by 0x1101: ???
==13582==    by 0x580053FF: ??? (in /usr/libexec/valgrind/memcheck-amd64-linux)
==13582==    by 0xF: ???
==13582== 
==13582== 16 bytes in 1 blocks are definitely lost in loss record 367 of 833
==13582==    at 0x4846828: malloc (in /usr/libexec/valgrind/vgpreload_memcheck-amd64-linux.so)
==13582==    by 0x73DDF9: __mn_range (in /mnt/c/Users/Juan/Documents/GitHub/Mapanare/mapanare/self/mnc-stage1)
==13582==    by 0x67C06F: mir_opt__is_in_list (in /mnt/c/Users/Juan/Documents/GitHub/Mapanare/mapanare/self/mnc-stage1)
==13582==    by 0x6AB2B8F: ???
==13582==    by 0x6A7260000000001: ???
==13582==    by 0x6AB480F: ???
==13582==    by 0x6AA407F: ???
==13582==    by 0x8000000000000009: ???
==13582==    by 0x6AB2C5F: ???
==13582==    by 0x3: ???
==13582==    by 0x7: ???
==13582==    by 0xF: ???
==13582== 
==13582== 16 bytes in 1 blocks are definitely lost in loss record 368 of 833
==13582==    at 0x4846828: malloc (in /usr/libexec/valgrind/vgpreload_memcheck-amd64-linux.so)
==13582==    by 0x73DDF9: __mn_range (in /mnt/c/Users/Juan/Documents/GitHub/Mapanare/mapanare/self/mnc-stage1)
==13582==    by 0x67C06F: mir_opt__is_in_list (in /mnt/c/Users/Juan/Documents/GitHub/Mapanare/mapanare/self/mnc-stage1)
==13582==    by 0x6AB2B8F: ???
==13582==    by 0x6A7260100000001: ???
==13582==    by 0x6AB485F: ???
==13582==    by 0x6AA739F: ???
==13582==    by 0x800000000000000A: ???
==13582==    by 0x6AB2C5F: ???
==13582==    by 0x4: ???
==13582==    by 0x7: ???
==13582==    by 0xF: ???
==13582== 
==13582== 16 bytes in 1 blocks are definitely lost in loss record 369 of 833
==13582==    at 0x4846828: malloc (in /usr/libexec/valgrind/vgpreload_memcheck-amd64-linux.so)
==13582==    by 0x73DDF9: __mn_range (in /mnt/c/Users/Juan/Documents/GitHub/Mapanare/mapanare/self/mnc-stage1)
==13582==    by 0x67C06F: mir_opt__is_in_list (in /mnt/c/Users/Juan/Documents/GitHub/Mapanare/mapanare/self/mnc-stage1)
==13582==    by 0x6AB2B8F: ???
==13582==    by 0x6A7260000000001: ???
==13582==    by 0x6AB48AF: ???
==13582==    by 0x6AA894F: ???
==13582==    by 0x800000000000000B: ???
==13582==    by 0x6AB2C5F: ???
==13582==    by 0x4: ???
==13582==    by 0x7: ???
==13582==    by 0xF: ???
==13582== 
==13582== 16 bytes in 1 blocks are definitely lost in loss record 370 of 833
==13582==    at 0x4846828: malloc (in /usr/libexec/valgrind/vgpreload_memcheck-amd64-linux.so)
==13582==    by 0x73DDF9: __mn_range (in /mnt/c/Users/Juan/Documents/GitHub/Mapanare/mapanare/self/mnc-stage1)
==13582==    by 0x67C06F: mir_opt__is_in_list (in /mnt/c/Users/Juan/Documents/GitHub/Mapanare/mapanare/self/mnc-stage1)
==13582==    by 0x6AB2B8F: ???
==13582==    by 0x6A7260000000001: ???
==13582==    by 0x6AB48FF: ???
==13582==    by 0x6AA435F: ???
==13582==    by 0x8000000000000009: ???
==13582==    by 0x6AB2C5F: ???
==13582==    by 0x5: ???
==13582==    by 0x7: ???
==13582==    by 0xF: ???
==13582== 
==13582== 16 bytes in 1 blocks are definitely lost in loss record 371 of 833
==13582==    at 0x4846828: malloc (in /usr/libexec/valgrind/vgpreload_memcheck-amd64-linux.so)
==13582==    by 0x73DDF9: __mn_range (in /mnt/c/Users/Juan/Documents/GitHub/Mapanare/mapanare/self/mnc-stage1)
==13582==    by 0x67C06F: mir_opt__is_in_list (in /mnt/c/Users/Juan/Documents/GitHub/Mapanare/mapanare/self/mnc-stage1)
==13582==    by 0x6AB2B8F: ???
==13582==    by 0x6A7260100000001: ???
==13582==    by 0x6AB494F: ???
==13582==    by 0x7540BF: ??? (in /mnt/c/Users/Juan/Documents/GitHub/Mapanare/mapanare/self/mnc-stage1)
==13582==    by 0x4: ???
==13582==    by 0x6AB2C5F: ???
==13582==    by 0x6: ???
==13582==    by 0x6AB49EF: ???
==13582==    by 0x1101: ???
==13582==    by 0x580053FF: ??? (in /usr/libexec/valgrind/memcheck-amd64-linux)
==13582==    by 0xF: ???
==13582== 
==13582== 16 bytes in 1 blocks are definitely lost in loss record 372 of 833
==13582==    at 0x4846828: malloc (in /usr/libexec/valgrind/vgpreload_memcheck-amd64-linux.so)
==13582==    by 0x73DDF9: __mn_range (in /mnt/c/Users/Juan/Documents/GitHub/Mapanare/mapanare/self/mnc-stage1)
==13582==    by 0x67C06F: mir_opt__is_in_list (in /mnt/c/Users/Juan/Documents/GitHub/Mapanare/mapanare/self/mnc-stage1)
==13582==    by 0x6AB0C3F: ???
==13582==    by 0x4: ???
==13582==    by 0x7: ???
==13582==    by 0x6AA407F: ???
==13582==    by 0x8000000000000009: ???
==13582==    by 0x6AB0C3F: ???
==13582==    by 0x4: ???
==13582==    by 0x6AB4BAF: ???
==13582==    by 0x1101: ???
==13582==    by 0x580053FF: ??? (in /usr/libexec/valgrind/memcheck-amd64-linux)
==13582==    by 0xF: ???
==13582== 
==13582== 16 bytes in 1 blocks are definitely lost in loss record 373 of 833
==13582==    at 0x4846828: malloc (in /usr/libexec/valgrind/vgpreload_memcheck-amd64-linux.so)
==13582==    by 0x73DDF9: __mn_range (in /mnt/c/Users/Juan/Documents/GitHub/Mapanare/mapanare/self/mnc-stage1)
==13582==    by 0x67C06F: mir_opt__is_in_list (in /mnt/c/Users/Juan/Documents/GitHub/Mapanare/mapanare/self/mnc-stage1)
==13582==    by 0x6AB0C3F: ???
==13582==    by 0x6A7260100000004: ???
==13582==    by 0x6AB4BFF: ???
==13582==    by 0x6AA435F: ???
==13582==    by 0x8000000000000009: ???
==13582==    by 0x6AB2C5F: ???
==13582==    by 0x6: ???
==13582==    by 0x7: ???
==13582==    by 0xF: ???
==13582== 
==13582== 16 bytes in 1 blocks are definitely lost in loss record 374 of 833
==13582==    at 0x4846828: malloc (in /usr/libexec/valgrind/vgpreload_memcheck-amd64-linux.so)
==13582==    by 0x73DDF9: __mn_range (in /mnt/c/Users/Juan/Documents/GitHub/Mapanare/mapanare/self/mnc-stage1)
==13582==    by 0x67C06F: mir_opt__is_in_list (in /mnt/c/Users/Juan/Documents/GitHub/Mapanare/mapanare/self/mnc-stage1)
==13582==    by 0x6AB0C3F: ???
==13582==    by 0x6A7260100000004: ???
==13582==    by 0x6AB4C4F: ???
==13582==    by 0x6AA3E7F: ???
==13582==    by 0x8000000000000009: ???
==13582==    by 0x6AB2C5F: ???
==13582==    by 0x6: ???
==13582==    by 0x7: ???
==13582==    by 0xF: ???
==13582== 
==13582== 16 bytes in 1 blocks are definitely lost in loss record 375 of 833
==13582==    at 0x4846828: malloc (in /usr/libexec/valgrind/vgpreload_memcheck-amd64-linux.so)
==13582==    by 0x73DDF9: __mn_range (in /mnt/c/Users/Juan/Documents/GitHub/Mapanare/mapanare/self/mnc-stage1)
==13582==    by 0x67C06F: mir_opt__is_in_list (in /mnt/c/Users/Juan/Documents/GitHub/Mapanare/mapanare/self/mnc-stage1)
==13582==    by 0x6AB0C3F: ???
==13582==    by 0x6A7260000000004: ???
==13582==    by 0x6AB4C9F: ???
==13582==    by 0x6AA407F: ???
==13582==    by 0x8000000000000009: ???
==13582==    by 0x6AB2C5F: ???
==13582==    by 0x6: ???
==13582==    by 0x7: ???
==13582==    by 0xF: ???
==13582== 
==13582== 16 bytes in 1 blocks are definitely lost in loss record 376 of 833
==13582==    at 0x4846828: malloc (in /usr/libexec/valgrind/vgpreload_memcheck-amd64-linux.so)
==13582==    by 0x73DDF9: __mn_range (in /mnt/c/Users/Juan/Documents/GitHub/Mapanare/mapanare/self/mnc-stage1)
==13582==    by 0x67C06F: mir_opt__is_in_list (in /mnt/c/Users/Juan/Documents/GitHub/Mapanare/mapanare/self/mnc-stage1)
==13582==    by 0x6AB12BF: ???
==13582==    by 0x1: ???
==13582==    by 0x7: ???
==13582==    by 0x6AA3DDF: ???
==13582==    by 0x800000000000000B: ???
==13582==    by 0x6AB12BF: ???
==13582==    by 0x1: ???
==13582==    by 0x6AB4E0F: ???
==13582==    by 0x1101: ???
==13582==    by 0x580053FF: ??? (in /usr/libexec/valgrind/memcheck-amd64-linux)
==13582==    by 0xF: ???
==13582== 
==13582== 16 bytes in 1 blocks are definitely lost in loss record 377 of 833
==13582==    at 0x4846828: malloc (in /usr/libexec/valgrind/vgpreload_memcheck-amd64-linux.so)
==13582==    by 0x73DDF9: __mn_range (in /mnt/c/Users/Juan/Documents/GitHub/Mapanare/mapanare/self/mnc-stage1)
==13582==    by 0x67C06F: mir_opt__is_in_list (in /mnt/c/Users/Juan/Documents/GitHub/Mapanare/mapanare/self/mnc-stage1)
==13582==    by 0x6AB12BF: ???
==13582==    by 0x6A7260100000001: ???
==13582==    by 0x6AB4E5F: ???
==13582==    by 0x6AA421F: ???
==13582==    by 0x8000000000000009: ???
==13582==    by 0x6AB2C5F: ???
==13582==    by 0x6: ???
==13582==    by 0x7: ???
==13582==    by 0xF: ???
==13582== 
==13582== 16 bytes in 1 blocks are definitely lost in loss record 378 of 833
==13582==    at 0x4846828: malloc (in /usr/libexec/valgrind/vgpreload_memcheck-amd64-linux.so)
==13582==    by 0x73DDF9: __mn_range (in /mnt/c/Users/Juan/Documents/GitHub/Mapanare/mapanare/self/mnc-stage1)
==13582==    by 0x67C06F: mir_opt__is_in_list (in /mnt/c/Users/Juan/Documents/GitHub/Mapanare/mapanare/self/mnc-stage1)
==13582==    by 0x6AB12BF: ???
==13582==    by 0x6A7260000000001: ???
==13582==    by 0x6AB4EAF: ???
==13582==    by 0x6AA42BF: ???
==13582==    by 0x8000000000000009: ???
==13582==    by 0x6AB2C5F: ???
==13582==    by 0x6: ???
==13582==    by 0x7: ???
==13582==    by 0xF: ???
==13582== 
==13582== 16 bytes in 1 blocks are definitely lost in loss record 379 of 833
==13582==    at 0x4846828: malloc (in /usr/libexec/valgrind/vgpreload_memcheck-amd64-linux.so)
==13582==    by 0x73DDF9: __mn_range (in /mnt/c/Users/Juan/Documents/GitHub/Mapanare/mapanare/self/mnc-stage1)
==13582==    by 0x67C06F: mir_opt__is_in_list (in /mnt/c/Users/Juan/Documents/GitHub/Mapanare/mapanare/self/mnc-stage1)
==13582==    by 0x6AB12BF: ???
==13582==    by 0x6A7260000000001: ???
==13582==    by 0x6AB4EFF: ???
==13582==    by 0x6AA435F: ???
==13582==    by 0x8000000000000009: ???
==13582==    by 0x6AB2C5F: ???
==13582==    by 0x6: ???
==13582==    by 0x7: ???
==13582==    by 0xF: ???
==13582== 
==13582== 16 bytes in 1 blocks are definitely lost in loss record 380 of 833
==13582==    at 0x4846828: malloc (in /usr/libexec/valgrind/vgpreload_memcheck-amd64-linux.so)
==13582==    by 0x73DDF9: __mn_range (in /mnt/c/Users/Juan/Documents/GitHub/Mapanare/mapanare/self/mnc-stage1)
==13582==    by 0x67C06F: mir_opt__is_in_list (in /mnt/c/Users/Juan/Documents/GitHub/Mapanare/mapanare/self/mnc-stage1)
==13582==    by 0x6AB1FDF: ???
==13582==    by 0x1: ???
==13582==    by 0x7: ???
==13582==    by 0x6AA3DDF: ???
==13582==    by 0x800000000000000B: ???
==13582==    by 0x6AB1FDF: ???
==13582==    by 0x1: ???
==13582==    by 0x6AB506F: ???
==13582==    by 0x1101: ???
==13582==    by 0x580053FF: ??? (in /usr/libexec/valgrind/memcheck-amd64-linux)
==13582==    by 0xF: ???
==13582== 
==13582== 16 bytes in 1 blocks are definitely lost in loss record 381 of 833
==13582==    at 0x4846828: malloc (in /usr/libexec/valgrind/vgpreload_memcheck-amd64-linux.so)
==13582==    by 0x73DDF9: __mn_range (in /mnt/c/Users/Juan/Documents/GitHub/Mapanare/mapanare/self/mnc-stage1)
==13582==    by 0x67C06F: mir_opt__is_in_list (in /mnt/c/Users/Juan/Documents/GitHub/Mapanare/mapanare/self/mnc-stage1)
==13582==    by 0x6AB1FDF: ???
==13582==    by 0x6A7260100000001: ???
==13582==    by 0x6AB50BF: ???
==13582==    by 0x6AA4F8F: ???
==13582==    by 0x800000000000000A: ???
==13582==    by 0x6AB2C5F: ???
==13582==    by 0x6: ???
==13582==    by 0x7: ???
==13582==    by 0xF: ???
==13582== 
==13582== 16 bytes in 1 blocks are definitely lost in loss record 382 of 833
==13582==    at 0x4846828: malloc (in /usr/libexec/valgrind/vgpreload_memcheck-amd64-linux.so)
==13582==    by 0x73DDF9: __mn_range (in /mnt/c/Users/Juan/Documents/GitHub/Mapanare/mapanare/self/mnc-stage1)
==13582==    by 0x67C06F: mir_opt__is_in_list (in /mnt/c/Users/Juan/Documents/GitHub/Mapanare/mapanare/self/mnc-stage1)
==13582==    by 0x6AB1FDF: ???
==13582==    by 0x6A7260000000001: ???
==13582==    by 0x6AB510F: ???
==13582==    by 0x6AA4F3F: ???
==13582==    by 0x800000000000000A: ???
==13582==    by 0x6AB2C5F: ???
==13582==    by 0x6: ???
==13582==    by 0x7: ???
==13582==    by 0xF: ???
==13582== 
==13582== 16 bytes in 1 blocks are definitely lost in loss record 383 of 833
==13582==    at 0x4846828: malloc (in /usr/libexec/valgrind/vgpreload_memcheck-amd64-linux.so)
==13582==    by 0x73DDF9: __mn_range (in /mnt/c/Users/Juan/Documents/GitHub/Mapanare/mapanare/self/mnc-stage1)
==13582==    by 0x67C06F: mir_opt__is_in_list (in /mnt/c/Users/Juan/Documents/GitHub/Mapanare/mapanare/self/mnc-stage1)
==13582==    by 0x6AB221F: ???
==13582==    by 0x1: ???
==13582==    by 0x7: ???
==13582==    by 0x6AA3DDF: ???
==13582==    by 0x800000000000000B: ???
==13582==    by 0x6AB221F: ???
==13582==    by 0x1: ???
==13582==    by 0x6AB527F: ???
==13582==    by 0x1101: ???
==13582==    by 0x580053FF: ??? (in /usr/libexec/valgrind/memcheck-amd64-linux)
==13582==    by 0xF: ???
==13582== 
==13582== 16 bytes in 1 blocks are definitely lost in loss record 384 of 833
==13582==    at 0x4846828: malloc (in /usr/libexec/valgrind/vgpreload_memcheck-amd64-linux.so)
==13582==    by 0x73DDF9: __mn_range (in /mnt/c/Users/Juan/Documents/GitHub/Mapanare/mapanare/self/mnc-stage1)
==13582==    by 0x67C06F: mir_opt__is_in_list (in /mnt/c/Users/Juan/Documents/GitHub/Mapanare/mapanare/self/mnc-stage1)
==13582==    by 0x6AB221F: ???
==13582==    by 0x6A7260100000001: ???
==13582==    by 0x6AB52CF: ???
==13582==    by 0x6AA73EF: ???
==13582==    by 0x800000000000000A: ???
==13582==    by 0x6AB2C5F: ???
==13582==    by 0x6: ???
==13582==    by 0x7: ???
==13582==    by 0xF: ???
==13582== 
==13582== 16 bytes in 1 blocks are definitely lost in loss record 385 of 833
==13582==    at 0x4846828: malloc (in /usr/libexec/valgrind/vgpreload_memcheck-amd64-linux.so)
==13582==    by 0x73DDF9: __mn_range (in /mnt/c/Users/Juan/Documents/GitHub/Mapanare/mapanare/self/mnc-stage1)
==13582==    by 0x67C06F: mir_opt__is_in_list (in /mnt/c/Users/Juan/Documents/GitHub/Mapanare/mapanare/self/mnc-stage1)
==13582==    by 0x6AB221F: ???
==13582==    by 0x6A7260000000001: ???
==13582==    by 0x6AB531F: ???
==13582==    by 0x6AA739F: ???
==13582==    by 0x800000000000000A: ???
==13582==    by 0x6AB2C5F: ???
==13582==    by 0x6: ???
==13582==    by 0x7: ???
==13582==    by 0xF: ???
==13582== 
==13582== 16 bytes in 1 blocks are definitely lost in loss record 386 of 833
==13582==    at 0x4846828: malloc (in /usr/libexec/valgrind/vgpreload_memcheck-amd64-linux.so)
==13582==    by 0x73DDF9: __mn_range (in /mnt/c/Users/Juan/Documents/GitHub/Mapanare/mapanare/self/mnc-stage1)
==13582==    by 0x67C06F: mir_opt__is_in_list (in /mnt/c/Users/Juan/Documents/GitHub/Mapanare/mapanare/self/mnc-stage1)
==13582==    by 0x6AB282F: ???
==13582==    by 0x1: ???
==13582==    by 0x7: ???
==13582==    by 0x6AA3DDF: ???
==13582==    by 0x800000000000000B: ???
==13582==    by 0x6AB282F: ???
==13582==    by 0x1: ???
==13582==    by 0x6AB548F: ???
==13582==    by 0x1101: ???
==13582==    by 0x580053FF: ??? (in /usr/libexec/valgrind/memcheck-amd64-linux)
==13582==    by 0xF: ???
==13582== 
==13582== 16 bytes in 1 blocks are definitely lost in loss record 387 of 833
==13582==    at 0x4846828: malloc (in /usr/libexec/valgrind/vgpreload_memcheck-amd64-linux.so)
==13582==    by 0x73DDF9: __mn_range (in /mnt/c/Users/Juan/Documents/GitHub/Mapanare/mapanare/self/mnc-stage1)
==13582==    by 0x67C06F: mir_opt__is_in_list (in /mnt/c/Users/Juan/Documents/GitHub/Mapanare/mapanare/self/mnc-stage1)
==13582==    by 0x6AB282F: ???
==13582==    by 0x6A7260100000001: ???
==13582==    by 0x6AB54DF: ???
==13582==    by 0x6AA899F: ???
==13582==    by 0x800000000000000B: ???
==13582==    by 0x6AB2C5F: ???
==13582==    by 0x6: ???
==13582==    by 0x7: ???
==13582==    by 0xF: ???
==13582== 
==13582== 16 bytes in 1 blocks are definitely lost in loss record 388 of 833
==13582==    at 0x4846828: malloc (in /usr/libexec/valgrind/vgpreload_memcheck-amd64-linux.so)
==13582==    by 0x73DDF9: __mn_range (in /mnt/c/Users/Juan/Documents/GitHub/Mapanare/mapanare/self/mnc-stage1)
==13582==    by 0x67C06F: mir_opt__is_in_list (in /mnt/c/Users/Juan/Documents/GitHub/Mapanare/mapanare/self/mnc-stage1)
==13582==    by 0x6AB282F: ???
==13582==    by 0x6A7260000000001: ???
==13582==    by 0x6AB552F: ???
==13582==    by 0x6AA894F: ???
==13582==    by 0x800000000000000B: ???
==13582==    by 0x6AB2C5F: ???
==13582==    by 0x6: ???
==13582==    by 0x7: ???
==13582==    by 0xF: ???
==13582== 
==13582== 16 bytes in 1 blocks are definitely lost in loss record 389 of 833
==13582==    at 0x4846828: malloc (in /usr/libexec/valgrind/vgpreload_memcheck-amd64-linux.so)
==13582==    by 0x73DDF9: __mn_range (in /mnt/c/Users/Juan/Documents/GitHub/Mapanare/mapanare/self/mnc-stage1)
==13582==    by 0x67C06F: mir_opt__is_in_list (in /mnt/c/Users/Juan/Documents/GitHub/Mapanare/mapanare/self/mnc-stage1)
==13582==    by 0x6AB2A6F: ???
==13582==    by 0x1: ???
==13582==    by 0x7: ???
==13582==    by 0x6AA3DDF: ???
==13582==    by 0x800000000000000B: ???
==13582==    by 0x6AB2A6F: ???
==13582==    by 0x1: ???
==13582==    by 0x6AB569F: ???
==13582==    by 0x1101: ???
==13582==    by 0x580053FF: ??? (in /usr/libexec/valgrind/memcheck-amd64-linux)
==13582==    by 0xF: ???
==13582== 
==13582== 16 bytes in 1 blocks are definitely lost in loss record 390 of 833
==13582==    at 0x4846828: malloc (in /usr/libexec/valgrind/vgpreload_memcheck-amd64-linux.so)
==13582==    by 0x73DDF9: __mn_range (in /mnt/c/Users/Juan/Documents/GitHub/Mapanare/mapanare/self/mnc-stage1)
==13582==    by 0x67C06F: mir_opt__is_in_list (in /mnt/c/Users/Juan/Documents/GitHub/Mapanare/mapanare/self/mnc-stage1)
==13582==    by 0x6AB2A6F: ???
==13582==    by 0x6A7260100000001: ???
==13582==    by 0x6AB56EF: ???
==13582==    by 0x6AA3DDF: ???
==13582==    by 0x800000000000000B: ???
==13582==    by 0x6AB2C5F: ???
==13582==    by 0x6: ???
==13582==    by 0x7: ???
==13582==    by 0xF: ???
==13582== 
==13582== 16 bytes in 1 blocks are definitely lost in loss record 391 of 833
==13582==    at 0x4846828: malloc (in /usr/libexec/valgrind/vgpreload_memcheck-amd64-linux.so)
==13582==    by 0x73DDF9: __mn_range (in /mnt/c/Users/Juan/Documents/GitHub/Mapanare/mapanare/self/mnc-stage1)
==13582==    by 0x67C06F: mir_opt__is_in_list (in /mnt/c/Users/Juan/Documents/GitHub/Mapanare/mapanare/self/mnc-stage1)
==13582==    by 0x6AB2B8F: ???
==13582==    by 0x1: ???
==13582==    by 0x7: ???
==13582==    by 0x7540BF: ??? (in /mnt/c/Users/Juan/Documents/GitHub/Mapanare/mapanare/self/mnc-stage1)
==13582==    by 0x4: ???
==13582==    by 0x6AB2B8F: ???
==13582==    by 0x1: ???
==13582==    by 0x6AB57DF: ???
==13582==    by 0x1101: ???
==13582==    by 0x580053FF: ??? (in /usr/libexec/valgrind/memcheck-amd64-linux)
==13582==    by 0xF: ???
==13582== 
==13582== 16 bytes in 1 blocks are definitely lost in loss record 392 of 833
==13582==    at 0x4846828: malloc (in /usr/libexec/valgrind/vgpreload_memcheck-amd64-linux.so)
==13582==    by 0x73DDF9: __mn_range (in /mnt/c/Users/Juan/Documents/GitHub/Mapanare/mapanare/self/mnc-stage1)
==13582==    by 0x67C06F: mir_opt__is_in_list (in /mnt/c/Users/Juan/Documents/GitHub/Mapanare/mapanare/self/mnc-stage1)
==13582==    by 0x6AB2B8F: ???
==13582==    by 0x6A7260100000001: ???
==13582==    by 0x6AB582F: ???
==13582==    by 0x6AA3E7F: ???
==13582==    by 0x8000000000000009: ???
==13582==    by 0x6AB58CF: ???
==13582==    by 0x1102: ???
==13582==    by 0x5800566F: ??? (in /usr/libexec/valgrind/memcheck-amd64-linux)
==13582== 
==13582== 16 bytes in 1 blocks are definitely lost in loss record 393 of 833
==13582==    at 0x4846828: malloc (in /usr/libexec/valgrind/vgpreload_memcheck-amd64-linux.so)
==13582==    by 0x73DDF9: __mn_range (in /mnt/c/Users/Juan/Documents/GitHub/Mapanare/mapanare/self/mnc-stage1)
==13582==    by 0x67C06F: mir_opt__is_in_list (in /mnt/c/Users/Juan/Documents/GitHub/Mapanare/mapanare/self/mnc-stage1)
==13582==    by 0x6AB2B8F: ???
==13582==    by 0x6A7260000000001: ???
==13582==    by 0x6AB5ADF: ???
==13582==    by 0x6AA407F: ???
==13582==    by 0x8000000000000009: ???
==13582==    by 0x6AB2C5F: ???
==13582==    by 0x6: ???
==13582==    by 0x7: ???
==13582==    by 0xF: ???
==13582== 
==13582== 16 bytes in 1 blocks are definitely lost in loss record 394 of 833
==13582==    at 0x4846828: malloc (in /usr/libexec/valgrind/vgpreload_memcheck-amd64-linux.so)
==13582==    by 0x73DDF9: __mn_range (in /mnt/c/Users/Juan/Documents/GitHub/Mapanare/mapanare/self/mnc-stage1)
==13582==    by 0x67C06F: mir_opt__is_in_list (in /mnt/c/Users/Juan/Documents/GitHub/Mapanare/mapanare/self/mnc-stage1)
==13582==    by 0x6AB2B8F: ???
==13582==    by 0x6A7260100000001: ???
==13582==    by 0x6AB5B2F: ???
==13582==    by 0x6AA421F: ???
==13582==    by 0x8000000000000009: ???
==13582==    by 0x6AB2C5F: ???
==13582==    by 0x6: ???
==13582==    by 0x7: ???
==13582==    by 0xF: ???
==13582== 
==13582== 16 bytes in 1 blocks are definitely lost in loss record 395 of 833
==13582==    at 0x4846828: malloc (in /usr/libexec/valgrind/vgpreload_memcheck-amd64-linux.so)
==13582==    by 0x73DDF9: __mn_range (in /mnt/c/Users/Juan/Documents/GitHub/Mapanare/mapanare/self/mnc-stage1)
==13582==    by 0x67C06F: mir_opt__is_in_list (in /mnt/c/Users/Juan/Documents/GitHub/Mapanare/mapanare/self/mnc-stage1)
==13582==    by 0x6AB2B8F: ???
==13582==    by 0x6A7260000000001: ???
==13582==    by 0x6AB5BCF: ???
==13582==    by 0x6AA42BF: ???
==13582==    by 0x8000000000000009: ???
==13582==    by 0x6AB2C5F: ???
==13582==    by 0x6: ???
==13582==    by 0x7: ???
==13582==    by 0xF: ???
==13582== 
==13582== 16 bytes in 1 blocks are definitely lost in loss record 396 of 833
==13582==    at 0x4846828: malloc (in /usr/libexec/valgrind/vgpreload_memcheck-amd64-linux.so)
==13582==    by 0x73DDF9: __mn_range (in /mnt/c/Users/Juan/Documents/GitHub/Mapanare/mapanare/self/mnc-stage1)
==13582==    by 0x67C06F: mir_opt__is_in_list (in /mnt/c/Users/Juan/Documents/GitHub/Mapanare/mapanare/self/mnc-stage1)
==13582==    by 0x6AB2B8F: ???
==13582==    by 0x6A7260000000001: ???
==13582==    by 0x6AB5C1F: ???
==13582==    by 0x6AA435F: ???
==13582==    by 0x8000000000000009: ???
==13582==    by 0x6AB2C5F: ???
==13582==    by 0x6: ???
==13582==    by 0x7: ???
==13582==    by 0xF: ???
==13582== 
==13582== 16 bytes in 1 blocks are definitely lost in loss record 397 of 833
==13582==    at 0x4846828: malloc (in /usr/libexec/valgrind/vgpreload_memcheck-amd64-linux.so)
==13582==    by 0x73DDF9: __mn_range (in /mnt/c/Users/Juan/Documents/GitHub/Mapanare/mapanare/self/mnc-stage1)
==13582==    by 0x67C06F: mir_opt__is_in_list (in /mnt/c/Users/Juan/Documents/GitHub/Mapanare/mapanare/self/mnc-stage1)
==13582==    by 0x6AB2B8F: ???
==13582==    by 0x6A7260100000001: ???
==13582==    by 0x6AB5C6F: ???
==13582==    by 0x6AA4F8F: ???
==13582==    by 0x800000000000000A: ???
==13582==    by 0x6AB2C5F: ???
==13582==    by 0x6: ???
==13582==    by 0x7: ???
==13582==    by 0xF: ???
==13582== 
==13582== 16 bytes in 1 blocks are definitely lost in loss record 398 of 833
==13582==    at 0x4846828: malloc (in /usr/libexec/valgrind/vgpreload_memcheck-amd64-linux.so)
==13582==    by 0x73DDF9: __mn_range (in /mnt/c/Users/Juan/Documents/GitHub/Mapanare/mapanare/self/mnc-stage1)
==13582==    by 0x67C06F: mir_opt__is_in_list (in /mnt/c/Users/Juan/Documents/GitHub/Mapanare/mapanare/self/mnc-stage1)
==13582==    by 0x6AB2B8F: ???
==13582==    by 0x6A7260000000001: ???
==13582==    by 0x6AB5D0F: ???
==13582==    by 0x6AA4F3F: ???
==13582==    by 0x800000000000000A: ???
==13582==    by 0x6AB2C5F: ???
==13582==    by 0x6: ???
==13582==    by 0x7: ???
==13582==    by 0xF: ???
==13582== 
==13582== 16 bytes in 1 blocks are definitely lost in loss record 399 of 833
==13582==    at 0x4846828: malloc (in /usr/libexec/valgrind/vgpreload_memcheck-amd64-linux.so)
==13582==    by 0x73DDF9: __mn_range (in /mnt/c/Users/Juan/Documents/GitHub/Mapanare/mapanare/self/mnc-stage1)
==13582==    by 0x67C06F: mir_opt__is_in_list (in /mnt/c/Users/Juan/Documents/GitHub/Mapanare/mapanare/self/mnc-stage1)
==13582==    by 0x6AB2B8F: ???
==13582==    by 0x6A7260100000001: ???
==13582==    by 0x6AB5D5F: ???
==13582==    by 0x6AA73EF: ???
==13582==    by 0x800000000000000A: ???
==13582==    by 0x6AB2C5F: ???
==13582==    by 0x6: ???
==13582==    by 0x7: ???
==13582==    by 0xF: ???
==13582== 
==13582== 16 bytes in 1 blocks are definitely lost in loss record 400 of 833
==13582==    at 0x4846828: malloc (in /usr/libexec/valgrind/vgpreload_memcheck-amd64-linux.so)
==13582==    by 0x73DDF9: __mn_range (in /mnt/c/Users/Juan/Documents/GitHub/Mapanare/mapanare/self/mnc-stage1)
==13582==    by 0x67C06F: mir_opt__is_in_list (in /mnt/c/Users/Juan/Documents/GitHub/Mapanare/mapanare/self/mnc-stage1)
==13582==    by 0x6AB2B8F: ???
==13582==    by 0x6A7260000000001: ???
==13582==    by 0x6AB5DFF: ???
==13582==    by 0x6AA739F: ???
==13582==    by 0x800000000000000A: ???
==13582==    by 0x6AB2C5F: ???
==13582==    by 0x6: ???
==13582==    by 0x7: ???
==13582==    by 0xF: ???
==13582== 
==13582== 16 bytes in 1 blocks are definitely lost in loss record 401 of 833
==13582==    at 0x4846828: malloc (in /usr/libexec/valgrind/vgpreload_memcheck-amd64-linux.so)
==13582==    by 0x73DDF9: __mn_range (in /mnt/c/Users/Juan/Documents/GitHub/Mapanare/mapanare/self/mnc-stage1)
==13582==    by 0x67C06F: mir_opt__is_in_list (in /mnt/c/Users/Juan/Documents/GitHub/Mapanare/mapanare/self/mnc-stage1)
==13582==    by 0x6AB2B8F: ???
==13582==    by 0x6A7260100000001: ???
==13582==    by 0x6AB5E4F: ???
==13582==    by 0x6AA899F: ???
==13582==    by 0x800000000000000B: ???
==13582==    by 0x6AB2C5F: ???
==13582==    by 0x6: ???
==13582==    by 0x7: ???
==13582==    by 0xF: ???
==13582== 
==13582== 16 bytes in 1 blocks are definitely lost in loss record 402 of 833
==13582==    at 0x4846828: malloc (in /usr/libexec/valgrind/vgpreload_memcheck-amd64-linux.so)
==13582==    by 0x73DDF9: __mn_range (in /mnt/c/Users/Juan/Documents/GitHub/Mapanare/mapanare/self/mnc-stage1)
==13582==    by 0x67C06F: mir_opt__is_in_list (in /mnt/c/Users/Juan/Documents/GitHub/Mapanare/mapanare/self/mnc-stage1)
==13582==    by 0x6AB2B8F: ???
==13582==    by 0x6A7260000000001: ???
==13582==    by 0x6AB5EEF: ???
==13582==    by 0x6AA894F: ???
==13582==    by 0x800000000000000B: ???
==13582==    by 0x6AB2C5F: ???
==13582==    by 0x6: ???
==13582==    by 0x7: ???
==13582==    by 0xF: ???
==13582== 
==13582== 16 bytes in 1 blocks are definitely lost in loss record 403 of 833
==13582==    at 0x4846828: malloc (in /usr/libexec/valgrind/vgpreload_memcheck-amd64-linux.so)
==13582==    by 0x73DDF9: __mn_range (in /mnt/c/Users/Juan/Documents/GitHub/Mapanare/mapanare/self/mnc-stage1)
==13582==    by 0x67C06F: mir_opt__is_in_list (in /mnt/c/Users/Juan/Documents/GitHub/Mapanare/mapanare/self/mnc-stage1)
==13582==    by 0x6AB2B8F: ???
==13582==    by 0x6A7260100000001: ???
==13582==    by 0x6AB5F3F: ???
==13582==    by 0x6AA3DDF: ???
==13582==    by 0x800000000000000B: ???
==13582==    by 0x6AB2C5F: ???
==13582==    by 0x6: ???
==13582==    by 0x7: ???
==13582==    by 0xF: ???
==13582== 
==13582== 16 bytes in 1 blocks are definitely lost in loss record 404 of 833
==13582==    at 0x4846828: malloc (in /usr/libexec/valgrind/vgpreload_memcheck-amd64-linux.so)
==13582==    by 0x73DDF9: __mn_range (in /mnt/c/Users/Juan/Documents/GitHub/Mapanare/mapanare/self/mnc-stage1)
==13582==    by 0x679203: mir_opt__constant_fold_function (in /mnt/c/Users/Juan/Documents/GitHub/Mapanare/mapanare/self/mnc-stage1)
==13582== 
==13582== 16 bytes in 1 blocks are definitely lost in loss record 405 of 833
==13582==    at 0x4846828: malloc (in /usr/libexec/valgrind/vgpreload_memcheck-amd64-linux.so)
==13582==    by 0x73DDF9: __mn_range (in /mnt/c/Users/Juan/Documents/GitHub/Mapanare/mapanare/self/mnc-stage1)
==13582==    by 0x675FE1: lower__verify_module (in /mnt/c/Users/Juan/Documents/GitHub/Mapanare/mapanare/self/mnc-stage1)
==13582==    by 0xF: ???
==13582== 
==13582== 16 bytes in 1 blocks are definitely lost in loss record 406 of 833
==13582==    at 0x4846828: malloc (in /usr/libexec/valgrind/vgpreload_memcheck-amd64-linux.so)
==13582==    by 0x73DDF9: __mn_range (in /mnt/c/Users/Juan/Documents/GitHub/Mapanare/mapanare/self/mnc-stage1)
==13582==    by 0x6764B5: lower__verify_function (in /mnt/c/Users/Juan/Documents/GitHub/Mapanare/mapanare/self/mnc-stage1)
==13582==    by 0x3F: ???
==13582== 
==13582== 16 bytes in 1 blocks are definitely lost in loss record 407 of 833
==13582==    at 0x4846828: malloc (in /usr/libexec/valgrind/vgpreload_memcheck-amd64-linux.so)
==13582==    by 0x73DDF9: __mn_range (in /mnt/c/Users/Juan/Documents/GitHub/Mapanare/mapanare/self/mnc-stage1)
==13582==    by 0x6764B5: lower__verify_function (in /mnt/c/Users/Juan/Documents/GitHub/Mapanare/mapanare/self/mnc-stage1)
==13582==    by 0x1: ???
==13582==    by 0x7: ???
==13582==    by 0xF: ???
==13582== 
==13582== 16 bytes in 1 blocks are definitely lost in loss record 408 of 833
==13582==    at 0x4846828: malloc (in /usr/libexec/valgrind/vgpreload_memcheck-amd64-linux.so)
==13582==    by 0x73DDF9: __mn_range (in /mnt/c/Users/Juan/Documents/GitHub/Mapanare/mapanare/self/mnc-stage1)
==13582==    by 0x413CD8: basename_of (in /mnt/c/Users/Juan/Documents/GitHub/Mapanare/mapanare/self/mnc-stage1)
==13582==    by 0xF: ???
==13582==    by 0x6A7619F: ???
==13582== 
==13582== 16 bytes in 1 blocks are definitely lost in loss record 409 of 833
==13582==    at 0x4846828: malloc (in /usr/libexec/valgrind/vgpreload_memcheck-amd64-linux.so)
==13582==    by 0x73DDF9: __mn_range (in /mnt/c/Users/Juan/Documents/GitHub/Mapanare/mapanare/self/mnc-stage1)
==13582==    by 0x413DE5: file_extension (in /mnt/c/Users/Juan/Documents/GitHub/Mapanare/mapanare/self/mnc-stage1)
==13582==    by 0x8000000000000011: ???
==13582== 
==13582== 16 bytes in 1 blocks are definitely lost in loss record 410 of 833
==13582==    at 0x484D953: calloc (in /usr/libexec/valgrind/vgpreload_memcheck-amd64-linux.so)
==13582==    by 0x739049: __mn_alloc (in /mnt/c/Users/Juan/Documents/GitHub/Mapanare/mapanare/self/mnc-stage1)
==13582==    by 0x73980B: __mn_str_from_parts (in /mnt/c/Users/Juan/Documents/GitHub/Mapanare/mapanare/self/mnc-stage1)
==13582==    by 0x416CF9: compile (in /mnt/c/Users/Juan/Documents/GitHub/Mapanare/mapanare/self/mnc-stage1)
==13582== 
==13582== 16 bytes in 1 blocks are definitely lost in loss record 411 of 833
==13582==    at 0x484D953: calloc (in /usr/libexec/valgrind/vgpreload_memcheck-amd64-linux.so)
==13582==    by 0x739049: __mn_alloc (in /mnt/c/Users/Juan/Documents/GitHub/Mapanare/mapanare/self/mnc-stage1)
==13582==    by 0x739C2E: __mn_str_concat (in /mnt/c/Users/Juan/Documents/GitHub/Mapanare/mapanare/self/mnc-stage1)
==13582==    by 0x68FD63: emit_llvm__declare_all_runtime (in /mnt/c/Users/Juan/Documents/GitHub/Mapanare/mapanare/self/mnc-stage1)
==13582== 
==13582== 16 bytes in 1 blocks are definitely lost in loss record 412 of 833
==13582==    at 0x484D953: calloc (in /usr/libexec/valgrind/vgpreload_memcheck-amd64-linux.so)
==13582==    by 0x739049: __mn_alloc (in /mnt/c/Users/Juan/Documents/GitHub/Mapanare/mapanare/self/mnc-stage1)
==13582==    by 0x739C2E: __mn_str_concat (in /mnt/c/Users/Juan/Documents/GitHub/Mapanare/mapanare/self/mnc-stage1)
==13582==    by 0x68FF7D: emit_llvm__declare_all_runtime (in /mnt/c/Users/Juan/Documents/GitHub/Mapanare/mapanare/self/mnc-stage1)
==13582==    by 0x75C4AF: ??? (in /mnt/c/Users/Juan/Documents/GitHub/Mapanare/mapanare/self/mnc-stage1)
==13582==    by 0x3: ???
==13582== 
==13582== 16 bytes in 1 blocks are definitely lost in loss record 413 of 833
==13582==    at 0x484D953: calloc (in /usr/libexec/valgrind/vgpreload_memcheck-amd64-linux.so)
==13582==    by 0x739049: __mn_alloc (in /mnt/c/Users/Juan/Documents/GitHub/Mapanare/mapanare/self/mnc-stage1)
==13582==    by 0x739C2E: __mn_str_concat (in /mnt/c/Users/Juan/Documents/GitHub/Mapanare/mapanare/self/mnc-stage1)
==13582==    by 0x691886: emit_llvm__declare_all_runtime (in /mnt/c/Users/Juan/Documents/GitHub/Mapanare/mapanare/self/mnc-stage1)
==13582== 
==13582== 16 bytes in 1 blocks are definitely lost in loss record 414 of 833
==13582==    at 0x4846828: malloc (in /usr/libexec/valgrind/vgpreload_memcheck-amd64-linux.so)
==13582==    by 0x73DDF9: __mn_range (in /mnt/c/Users/Juan/Documents/GitHub/Mapanare/mapanare/self/mnc-stage1)
==13582==    by 0x69FEBB: emit_llvm__is_enum_type (in /mnt/c/Users/Juan/Documents/GitHub/Mapanare/mapanare/self/mnc-stage1)
==13582==    by 0x7F: ???
==13582==    by 0xF: ???
==13582==    by 0x750E5F: ??? (in /mnt/c/Users/Juan/Documents/GitHub/Mapanare/mapanare/self/mnc-stage1)
==13582==    by 0x2: ???
==13582== 
==13582== 16 bytes in 1 blocks are definitely lost in loss record 415 of 833
==13582==    at 0x4846828: malloc (in /usr/libexec/valgrind/vgpreload_memcheck-amd64-linux.so)
==13582==    by 0x73DDF9: __mn_range (in /mnt/c/Users/Juan/Documents/GitHub/Mapanare/mapanare/self/mnc-stage1)
==13582==    by 0x69FEBB: emit_llvm__is_enum_type (in /mnt/c/Users/Juan/Documents/GitHub/Mapanare/mapanare/self/mnc-stage1)
==13582==    by 0x7: ???
==13582== 
==13582== 16 bytes in 1 blocks are definitely lost in loss record 416 of 833
==13582==    at 0x4846828: malloc (in /usr/libexec/valgrind/vgpreload_memcheck-amd64-linux.so)
==13582==    by 0x73DDF9: __mn_range (in /mnt/c/Users/Juan/Documents/GitHub/Mapanare/mapanare/self/mnc-stage1)
==13582==    by 0x69FEBB: emit_llvm__is_enum_type (in /mnt/c/Users/Juan/Documents/GitHub/Mapanare/mapanare/self/mnc-stage1)
==13582==    by 0x72: ???
==13582==    by 0x7F: ???
==13582==    by 0x750E5F: ??? (in /mnt/c/Users/Juan/Documents/GitHub/Mapanare/mapanare/self/mnc-stage1)
==13582==    by 0x2: ???
==13582== 
==13582== 16 bytes in 1 blocks are definitely lost in loss record 417 of 833
==13582==    at 0x4846828: malloc (in /usr/libexec/valgrind/vgpreload_memcheck-amd64-linux.so)
==13582==    by 0x73DDF9: __mn_range (in /mnt/c/Users/Juan/Documents/GitHub/Mapanare/mapanare/self/mnc-stage1)
==13582==    by 0x728082: emit_llvm__emit_mir_switch (in /mnt/c/Users/Juan/Documents/GitHub/Mapanare/mapanare/self/mnc-stage1)
==13582== 
==13582== 16 bytes in 1 blocks are definitely lost in loss record 418 of 833
==13582==    at 0x4846828: malloc (in /usr/libexec/valgrind/vgpreload_memcheck-amd64-linux.so)
==13582==    by 0x73DDF9: __mn_range (in /mnt/c/Users/Juan/Documents/GitHub/Mapanare/mapanare/self/mnc-stage1)
==13582==    by 0x68D13B: emit_llvm__find_function (in /mnt/c/Users/Juan/Documents/GitHub/Mapanare/mapanare/self/mnc-stage1)
==13582==    by 0x6A5530F: ???
==13582==    by 0x47: ???
==13582==    by 0x7: ???
==13582==    by 0x3: ???
==13582==    by 0x6AD2F9F: ???
==13582==    by 0x6A82A9F: ???
==13582==    by 0x8000000000000007: ???
==13582== 
==13582== 16 bytes in 1 blocks are definitely lost in loss record 419 of 833
==13582==    at 0x4846828: malloc (in /usr/libexec/valgrind/vgpreload_memcheck-amd64-linux.so)
==13582==    by 0x73DDF9: __mn_range (in /mnt/c/Users/Juan/Documents/GitHub/Mapanare/mapanare/self/mnc-stage1)
==13582==    by 0x68D13B: emit_llvm__find_function (in /mnt/c/Users/Juan/Documents/GitHub/Mapanare/mapanare/self/mnc-stage1)
==13582==    by 0x6A5C507: ???
==13582==    by 0x47: ???
==13582==    by 0x7: ???
==13582==    by 0x3: ???
==13582==    by 0x6AD2F9F: ???
==13582==    by 0x6A82A9F: ???
==13582==    by 0x8000000000000007: ???
==13582==    by 0x5800566F: ??? (in /usr/libexec/valgrind/memcheck-amd64-linux)
==13582== 
==13582== 16 bytes in 1 blocks are definitely lost in loss record 420 of 833
==13582==    at 0x4846828: malloc (in /usr/libexec/valgrind/vgpreload_memcheck-amd64-linux.so)
==13582==    by 0x73DDF9: __mn_range (in /mnt/c/Users/Juan/Documents/GitHub/Mapanare/mapanare/self/mnc-stage1)
==13582==    by 0x68D13B: emit_llvm__find_function (in /mnt/c/Users/Juan/Documents/GitHub/Mapanare/mapanare/self/mnc-stage1)
==13582==    by 0x6A5530F: ???
==13582==    by 0x47: ???
==13582==    by 0x7: ???
==13582==    by 0x3: ???
==13582==    by 0x6AD2F9F: ???
==13582==    by 0x6A85D0F: ???
==13582==    by 0x8000000000000007: ???
==13582== 
==13582== 16 bytes in 1 blocks are definitely lost in loss record 421 of 833
==13582==    at 0x4846828: malloc (in /usr/libexec/valgrind/vgpreload_memcheck-amd64-linux.so)
==13582==    by 0x73DDF9: __mn_range (in /mnt/c/Users/Juan/Documents/GitHub/Mapanare/mapanare/self/mnc-stage1)
==13582==    by 0x68D13B: emit_llvm__find_function (in /mnt/c/Users/Juan/Documents/GitHub/Mapanare/mapanare/self/mnc-stage1)
==13582==    by 0x6A5C507: ???
==13582==    by 0x47: ???
==13582==    by 0x7: ???
==13582==    by 0x3: ???
==13582==    by 0x6AD2F9F: ???
==13582==    by 0x6A85D0F: ???
==13582==    by 0x8000000000000007: ???
==13582==    by 0x5800566F: ??? (in /usr/libexec/valgrind/memcheck-amd64-linux)
==13582== 
==13582== 16 bytes in 1 blocks are definitely lost in loss record 422 of 833
==13582==    at 0x4846828: malloc (in /usr/libexec/valgrind/vgpreload_memcheck-amd64-linux.so)
==13582==    by 0x73DDF9: __mn_range (in /mnt/c/Users/Juan/Documents/GitHub/Mapanare/mapanare/self/mnc-stage1)
==13582==    by 0x68D13B: emit_llvm__find_function (in /mnt/c/Users/Juan/Documents/GitHub/Mapanare/mapanare/self/mnc-stage1)
==13582==    by 0x6A5530F: ???
==13582==    by 0x47: ???
==13582==    by 0x7: ???
==13582==    by 0x3: ???
==13582==    by 0x6AD2F9F: ???
==13582==    by 0x6A86E8F: ???
==13582==    by 0x8000000000000007: ???
==13582== 
==13582== 16 bytes in 1 blocks are definitely lost in loss record 423 of 833
==13582==    at 0x4846828: malloc (in /usr/libexec/valgrind/vgpreload_memcheck-amd64-linux.so)
==13582==    by 0x73DDF9: __mn_range (in /mnt/c/Users/Juan/Documents/GitHub/Mapanare/mapanare/self/mnc-stage1)
==13582==    by 0x68D13B: emit_llvm__find_function (in /mnt/c/Users/Juan/Documents/GitHub/Mapanare/mapanare/self/mnc-stage1)
==13582==    by 0x6A5C507: ???
==13582==    by 0x47: ???
==13582==    by 0x7: ???
==13582==    by 0x3: ???
==13582==    by 0x6AD2F9F: ???
==13582==    by 0x6A86E8F: ???
==13582==    by 0x8000000000000007: ???
==13582==    by 0x5800566F: ??? (in /usr/libexec/valgrind/memcheck-amd64-linux)
==13582== 
==13582== 16 bytes in 1 blocks are definitely lost in loss record 424 of 833
==13582==    at 0x4846828: malloc (in /usr/libexec/valgrind/vgpreload_memcheck-amd64-linux.so)
==13582==    by 0x73DDF9: __mn_range (in /mnt/c/Users/Juan/Documents/GitHub/Mapanare/mapanare/self/mnc-stage1)
==13582==    by 0x68D13B: emit_llvm__find_function (in /mnt/c/Users/Juan/Documents/GitHub/Mapanare/mapanare/self/mnc-stage1)
==13582==    by 0x6A5530F: ???
==13582==    by 0x47: ???
==13582==    by 0x7: ???
==13582==    by 0x3: ???
==13582==    by 0x6AD2F9F: ???
==13582==    by 0x6A87FBF: ???
==13582==    by 0x8000000000000007: ???
==13582== 
==13582== 16 bytes in 1 blocks are definitely lost in loss record 425 of 833
==13582==    at 0x4846828: malloc (in /usr/libexec/valgrind/vgpreload_memcheck-amd64-linux.so)
==13582==    by 0x73DDF9: __mn_range (in /mnt/c/Users/Juan/Documents/GitHub/Mapanare/mapanare/self/mnc-stage1)
==13582==    by 0x68D13B: emit_llvm__find_function (in /mnt/c/Users/Juan/Documents/GitHub/Mapanare/mapanare/self/mnc-stage1)
==13582==    by 0x6A5C507: ???
==13582==    by 0x47: ???
==13582==    by 0x7: ???
==13582==    by 0x3: ???
==13582==    by 0x6AD2F9F: ???
==13582==    by 0x6A87FBF: ???
==13582==    by 0x8000000000000007: ???
==13582==    by 0x5800566F: ??? (in /usr/libexec/valgrind/memcheck-amd64-linux)
==13582== 
==13582== 17 bytes in 1 blocks are indirectly lost in loss record 426 of 833
==13582==    at 0x484D953: calloc (in /usr/libexec/valgrind/vgpreload_memcheck-amd64-linux.so)
==13582==    by 0x739049: __mn_alloc (in /mnt/c/Users/Juan/Documents/GitHub/Mapanare/mapanare/self/mnc-stage1)
==13582==    by 0x739C2E: __mn_str_concat (in /mnt/c/Users/Juan/Documents/GitHub/Mapanare/mapanare/self/mnc-stage1)
==13582==    by 0x68BDD6: emit_llvm__build_internal_struct_list (in /mnt/c/Users/Juan/Documents/GitHub/Mapanare/mapanare/self/mnc-stage1)
==13582==    by 0x1: ???
==13582==    by 0x7: ???
==13582==    by 0x6ABBC2F: ???
==13582==    by 0x7: ???
==13582==    by 0xF: ???
==13582== 
==13582== 18 bytes in 1 blocks are indirectly lost in loss record 427 of 833
==13582==    at 0x484D953: calloc (in /usr/libexec/valgrind/vgpreload_memcheck-amd64-linux.so)
==13582==    by 0x739049: __mn_alloc (in /mnt/c/Users/Juan/Documents/GitHub/Mapanare/mapanare/self/mnc-stage1)
==13582==    by 0x739C2E: __mn_str_concat (in /mnt/c/Users/Juan/Documents/GitHub/Mapanare/mapanare/self/mnc-stage1)
==13582==    by 0x68A12F: emit_llvm__build_internal_struct_list (in /mnt/c/Users/Juan/Documents/GitHub/Mapanare/mapanare/self/mnc-stage1)
==13582==    by 0xF: ???
==13582== 
==13582== 18 bytes in 1 blocks are indirectly lost in loss record 428 of 833
==13582==    at 0x484D953: calloc (in /usr/libexec/valgrind/vgpreload_memcheck-amd64-linux.so)
==13582==    by 0x739049: __mn_alloc (in /mnt/c/Users/Juan/Documents/GitHub/Mapanare/mapanare/self/mnc-stage1)
==13582==    by 0x739C2E: __mn_str_concat (in /mnt/c/Users/Juan/Documents/GitHub/Mapanare/mapanare/self/mnc-stage1)
==13582==    by 0x68B5EF: emit_llvm__build_internal_struct_list (in /mnt/c/Users/Juan/Documents/GitHub/Mapanare/mapanare/self/mnc-stage1)
==13582==    by 0x1: ???
==13582==    by 0x7: ???
==13582==    by 0x6ABA91F: ???
==13582==    by 0x7: ???
==13582==    by 0xF: ???
==13582== 
==13582== 18 bytes in 1 blocks are indirectly lost in loss record 429 of 833
==13582==    at 0x484D953: calloc (in /usr/libexec/valgrind/vgpreload_memcheck-amd64-linux.so)
==13582==    by 0x739049: __mn_alloc (in /mnt/c/Users/Juan/Documents/GitHub/Mapanare/mapanare/self/mnc-stage1)
==13582==    by 0x739C2E: __mn_str_concat (in /mnt/c/Users/Juan/Documents/GitHub/Mapanare/mapanare/self/mnc-stage1)
==13582==    by 0x68BC12: emit_llvm__build_internal_struct_list (in /mnt/c/Users/Juan/Documents/GitHub/Mapanare/mapanare/self/mnc-stage1)
==13582==    by 0x3: ???
==13582==    by 0x7: ???
==13582==    by 0x6ABBAFF: ???
==13582==    by 0x7: ???
==13582==    by 0xF: ???
==13582== 
==13582== 18 bytes in 9 blocks are definitely lost in loss record 430 of 833
==13582==    at 0x484D953: calloc (in /usr/libexec/valgrind/vgpreload_memcheck-amd64-linux.so)
==13582==    by 0x739049: __mn_alloc (in /mnt/c/Users/Juan/Documents/GitHub/Mapanare/mapanare/self/mnc-stage1)
==13582==    by 0x73980B: __mn_str_from_parts (in /mnt/c/Users/Juan/Documents/GitHub/Mapanare/mapanare/self/mnc-stage1)
==13582==    by 0x42002C: lexer__scan_number (in /mnt/c/Users/Juan/Documents/GitHub/Mapanare/mapanare/self/mnc-stage1)
==13582==    by 0x75156F: ??? (in /mnt/c/Users/Juan/Documents/GitHub/Mapanare/mapanare/self/mnc-stage1)
==13582==    by 0x6A73257: ???
==13582== 
==13582== 18 bytes in 9 blocks are definitely lost in loss record 431 of 833
==13582==    at 0x484D953: calloc (in /usr/libexec/valgrind/vgpreload_memcheck-amd64-linux.so)
==13582==    by 0x739049: __mn_alloc (in /mnt/c/Users/Juan/Documents/GitHub/Mapanare/mapanare/self/mnc-stage1)
==13582==    by 0x73980B: __mn_str_from_parts (in /mnt/c/Users/Juan/Documents/GitHub/Mapanare/mapanare/self/mnc-stage1)
==13582==    by 0x431688: parser__has_interpolation (in /mnt/c/Users/Juan/Documents/GitHub/Mapanare/mapanare/self/mnc-stage1)
==13582==    by 0x8000000000000000: ???
==13582==    by 0x580053FF: ??? (in /usr/libexec/valgrind/memcheck-amd64-linux)
==13582==    by 0xF: ???
==13582==    by 0x9: ???
==13582==    by 0x7F: ???
==13582==    by 0x54: ???
==13582==    by 0x800000000000000A: ???
==13582==    by 0x6A810AF: ???
==13582==    by 0x6A8377F: ???
==13582==    by 0x432BDF: parser__parse_atom (in /mnt/c/Users/Juan/Documents/GitHub/Mapanare/mapanare/self/mnc-stage1)
==13582== 
==13582== 19 bytes in 1 blocks are indirectly lost in loss record 432 of 833
==13582==    at 0x484D953: calloc (in /usr/libexec/valgrind/vgpreload_memcheck-amd64-linux.so)
==13582==    by 0x739049: __mn_alloc (in /mnt/c/Users/Juan/Documents/GitHub/Mapanare/mapanare/self/mnc-stage1)
==13582==    by 0x739C2E: __mn_str_concat (in /mnt/c/Users/Juan/Documents/GitHub/Mapanare/mapanare/self/mnc-stage1)
==13582==    by 0x68B7B3: emit_llvm__build_internal_struct_list (in /mnt/c/Users/Juan/Documents/GitHub/Mapanare/mapanare/self/mnc-stage1)
==13582==    by 0x1: ???
==13582==    by 0x7: ???
==13582==    by 0x6ABAA4F: ???
==13582==    by 0x7: ???
==13582==    by 0xF: ???
==13582== 
==13582== 19 bytes in 1 blocks are indirectly lost in loss record 433 of 833
==13582==    at 0x484D953: calloc (in /usr/libexec/valgrind/vgpreload_memcheck-amd64-linux.so)
==13582==    by 0x739049: __mn_alloc (in /mnt/c/Users/Juan/Documents/GitHub/Mapanare/mapanare/self/mnc-stage1)
==13582==    by 0x739C2E: __mn_str_concat (in /mnt/c/Users/Juan/Documents/GitHub/Mapanare/mapanare/self/mnc-stage1)
==13582==    by 0x68C20A: emit_llvm__build_internal_struct_list (in /mnt/c/Users/Juan/Documents/GitHub/Mapanare/mapanare/self/mnc-stage1)
==13582==    by 0x1: ???
==13582==    by 0x7: ???
==13582==    by 0x6ABBE8F: ???
==13582==    by 0x7: ???
==13582==    by 0xF: ???
==13582== 
==13582== 19 bytes in 1 blocks are definitely lost in loss record 434 of 833
==13582==    at 0x484D953: calloc (in /usr/libexec/valgrind/vgpreload_memcheck-amd64-linux.so)
==13582==    by 0x739049: __mn_alloc (in /mnt/c/Users/Juan/Documents/GitHub/Mapanare/mapanare/self/mnc-stage1)
==13582==    by 0x73980B: __mn_str_from_parts (in /mnt/c/Users/Juan/Documents/GitHub/Mapanare/mapanare/self/mnc-stage1)
==13582==    by 0x413D6B: basename_of (in /mnt/c/Users/Juan/Documents/GitHub/Mapanare/mapanare/self/mnc-stage1)
==13582==    by 0xF: ???
==13582==    by 0x6A7619F: ???
==13582==    by 0x4A: ???
==13582== 
==13582== 19 bytes in 1 blocks are definitely lost in loss record 435 of 833
==13582==    at 0x484D953: calloc (in /usr/libexec/valgrind/vgpreload_memcheck-amd64-linux.so)
==13582==    by 0x739049: __mn_alloc (in /mnt/c/Users/Juan/Documents/GitHub/Mapanare/mapanare/self/mnc-stage1)
==13582==    by 0x739C2E: __mn_str_concat (in /mnt/c/Users/Juan/Documents/GitHub/Mapanare/mapanare/self/mnc-stage1)
==13582==    by 0x7280F0: emit_llvm__emit_mir_switch (in /mnt/c/Users/Juan/Documents/GitHub/Mapanare/mapanare/self/mnc-stage1)
==13582== 
==13582== 20 bytes in 1 blocks are indirectly lost in loss record 436 of 833
==13582==    at 0x484D953: calloc (in /usr/libexec/valgrind/vgpreload_memcheck-amd64-linux.so)
==13582==    by 0x739049: __mn_alloc (in /mnt/c/Users/Juan/Documents/GitHub/Mapanare/mapanare/self/mnc-stage1)
==13582==    by 0x739C2E: __mn_str_concat (in /mnt/c/Users/Juan/Documents/GitHub/Mapanare/mapanare/self/mnc-stage1)
==13582==    by 0x68A2B7: emit_llvm__build_internal_struct_list (in /mnt/c/Users/Juan/Documents/GitHub/Mapanare/mapanare/self/mnc-stage1)
==13582==    by 0xF: ???
==13582== 
==13582== 20 bytes in 1 blocks are indirectly lost in loss record 437 of 833
==13582==    at 0x484D953: calloc (in /usr/libexec/valgrind/vgpreload_memcheck-amd64-linux.so)
==13582==    by 0x739049: __mn_alloc (in /mnt/c/Users/Juan/Documents/GitHub/Mapanare/mapanare/self/mnc-stage1)
==13582==    by 0x739C2E: __mn_str_concat (in /mnt/c/Users/Juan/Documents/GitHub/Mapanare/mapanare/self/mnc-stage1)
==13582==    by 0x68AFF7: emit_llvm__build_internal_struct_list (in /mnt/c/Users/Juan/Documents/GitHub/Mapanare/mapanare/self/mnc-stage1)
==13582==    by 0x1: ???
==13582==    by 0x7: ???
==13582==    by 0x6ABA58F: ???
==13582==    by 0x7: ???
==13582==    by 0xF: ???
==13582== 
==13582== 20 bytes in 1 blocks are indirectly lost in loss record 438 of 833
==13582==    at 0x484D953: calloc (in /usr/libexec/valgrind/vgpreload_memcheck-amd64-linux.so)
==13582==    by 0x739049: __mn_alloc (in /mnt/c/Users/Juan/Documents/GitHub/Mapanare/mapanare/self/mnc-stage1)
==13582==    by 0x739C2E: __mn_str_concat (in /mnt/c/Users/Juan/Documents/GitHub/Mapanare/mapanare/self/mnc-stage1)
==13582==    by 0x68B42B: emit_llvm__build_internal_struct_list (in /mnt/c/Users/Juan/Documents/GitHub/Mapanare/mapanare/self/mnc-stage1)
==13582==    by 0x2: ???
==13582==    by 0x7: ???
==13582==    by 0x6ABA7EF: ???
==13582==    by 0x7: ???
==13582==    by 0xF: ???
==13582== 
==13582== 20 bytes in 1 blocks are indirectly lost in loss record 439 of 833
==13582==    at 0x484D953: calloc (in /usr/libexec/valgrind/vgpreload_memcheck-amd64-linux.so)
==13582==    by 0x739049: __mn_alloc (in /mnt/c/Users/Juan/Documents/GitHub/Mapanare/mapanare/self/mnc-stage1)
==13582==    by 0x739C2E: __mn_str_concat (in /mnt/c/Users/Juan/Documents/GitHub/Mapanare/mapanare/self/mnc-stage1)
==13582==    by 0x68B9F8: emit_llvm__build_internal_struct_list (in /mnt/c/Users/Juan/Documents/GitHub/Mapanare/mapanare/self/mnc-stage1)
==13582==    by 0x4: ???
==13582==    by 0x7: ???
==13582==    by 0x6ABAB7F: ???
==13582==    by 0x7: ???
==13582==    by 0xF: ???
==13582== 
==13582== 20 bytes in 1 blocks are indirectly lost in loss record 440 of 833
==13582==    at 0x484D953: calloc (in /usr/libexec/valgrind/vgpreload_memcheck-amd64-linux.so)
==13582==    by 0x739049: __mn_alloc (in /mnt/c/Users/Juan/Documents/GitHub/Mapanare/mapanare/self/mnc-stage1)
==13582==    by 0x739C2E: __mn_str_concat (in /mnt/c/Users/Juan/Documents/GitHub/Mapanare/mapanare/self/mnc-stage1)
==13582==    by 0x68C046: emit_llvm__build_internal_struct_list (in /mnt/c/Users/Juan/Documents/GitHub/Mapanare/mapanare/self/mnc-stage1)
==13582==    by 0x5: ???
==13582==    by 0x7: ???
==13582==    by 0x6ABBD5F: ???
==13582==    by 0x7: ???
==13582==    by 0xF: ???
==13582== 
==13582== 20 bytes in 10 blocks are indirectly lost in loss record 441 of 833
==13582==    at 0x484D953: calloc (in /usr/libexec/valgrind/vgpreload_memcheck-amd64-linux.so)
==13582==    by 0x739049: __mn_alloc (in /mnt/c/Users/Juan/Documents/GitHub/Mapanare/mapanare/self/mnc-stage1)
==13582==    by 0x73980B: __mn_str_from_parts (in /mnt/c/Users/Juan/Documents/GitHub/Mapanare/mapanare/self/mnc-stage1)
==13582==    by 0x41FA94: lexer__scan_ident (in /mnt/c/Users/Juan/Documents/GitHub/Mapanare/mapanare/self/mnc-stage1)
==13582==    by 0x75156F: ??? (in /mnt/c/Users/Juan/Documents/GitHub/Mapanare/mapanare/self/mnc-stage1)
==13582== 
==13582== 21 bytes in 1 blocks are indirectly lost in loss record 442 of 833
==13582==    at 0x484D953: calloc (in /usr/libexec/valgrind/vgpreload_memcheck-amd64-linux.so)
==13582==    by 0x739049: __mn_alloc (in /mnt/c/Users/Juan/Documents/GitHub/Mapanare/mapanare/self/mnc-stage1)
==13582==    by 0x739C2E: __mn_str_concat (in /mnt/c/Users/Juan/Documents/GitHub/Mapanare/mapanare/self/mnc-stage1)
==13582==    by 0x68B23C: emit_llvm__build_internal_struct_list (in /mnt/c/Users/Juan/Documents/GitHub/Mapanare/mapanare/self/mnc-stage1)
==13582==    by 0x4: ???
==13582==    by 0x7: ???
==13582==    by 0x6ABA6BF: ???
==13582==    by 0x7: ???
==13582==    by 0xF: ???
==13582== 
==13582== 21 bytes in 1 blocks are indirectly lost in loss record 443 of 833
==13582==    at 0x484D953: calloc (in /usr/libexec/valgrind/vgpreload_memcheck-amd64-linux.so)
==13582==    by 0x739049: __mn_alloc (in /mnt/c/Users/Juan/Documents/GitHub/Mapanare/mapanare/self/mnc-stage1)
==13582==    by 0x739C2E: __mn_str_concat (in /mnt/c/Users/Juan/Documents/GitHub/Mapanare/mapanare/self/mnc-stage1)
==13582==    by 0x6B0353: emit_llvm__emit_const (in /mnt/c/Users/Juan/Documents/GitHub/Mapanare/mapanare/self/mnc-stage1)
==13582==    by 0x8000000000000002: ???
==13582==    by 0x73AD95: __mn_list_push (in /mnt/c/Users/Juan/Documents/GitHub/Mapanare/mapanare/self/mnc-stage1)
==13582==    by 0x7: ???
==13582== 
==13582== 21 bytes in 1 blocks are definitely lost in loss record 444 of 833
==13582==    at 0x484D953: calloc (in /usr/libexec/valgrind/vgpreload_memcheck-amd64-linux.so)
==13582==    by 0x739049: __mn_alloc (in /mnt/c/Users/Juan/Documents/GitHub/Mapanare/mapanare/self/mnc-stage1)
==13582==    by 0x739C2E: __mn_str_concat (in /mnt/c/Users/Juan/Documents/GitHub/Mapanare/mapanare/self/mnc-stage1)
==13582==    by 0x690193: emit_llvm__declare_all_runtime (in /mnt/c/Users/Juan/Documents/GitHub/Mapanare/mapanare/self/mnc-stage1)
==13582==    by 0x75C4AF: ??? (in /mnt/c/Users/Juan/Documents/GitHub/Mapanare/mapanare/self/mnc-stage1)
==13582==    by 0x3: ???
==13582== 
==13582== 21 bytes in 1 blocks are definitely lost in loss record 445 of 833
==13582==    at 0x484D953: calloc (in /usr/libexec/valgrind/vgpreload_memcheck-amd64-linux.so)
==13582==    by 0x739049: __mn_alloc (in /mnt/c/Users/Juan/Documents/GitHub/Mapanare/mapanare/self/mnc-stage1)
==13582==    by 0x739C2E: __mn_str_concat (in /mnt/c/Users/Juan/Documents/GitHub/Mapanare/mapanare/self/mnc-stage1)
==13582==    by 0x699EC7: emit_llvm__declare_all_runtime (in /mnt/c/Users/Juan/Documents/GitHub/Mapanare/mapanare/self/mnc-stage1)
==13582== 
==13582== 22 bytes in 1 blocks are indirectly lost in loss record 446 of 833
==13582==    at 0x484D953: calloc (in /usr/libexec/valgrind/vgpreload_memcheck-amd64-linux.so)
==13582==    by 0x739049: __mn_alloc (in /mnt/c/Users/Juan/Documents/GitHub/Mapanare/mapanare/self/mnc-stage1)
==13582==    by 0x739C2E: __mn_str_concat (in /mnt/c/Users/Juan/Documents/GitHub/Mapanare/mapanare/self/mnc-stage1)
==13582==    by 0x68A46A: emit_llvm__build_internal_struct_list (in /mnt/c/Users/Juan/Documents/GitHub/Mapanare/mapanare/self/mnc-stage1)
==13582==    by 0xF: ???
==13582== 
==13582== 23 bytes in 1 blocks are indirectly lost in loss record 447 of 833
==13582==    at 0x484D953: calloc (in /usr/libexec/valgrind/vgpreload_memcheck-amd64-linux.so)
==13582==    by 0x739049: __mn_alloc (in /mnt/c/Users/Juan/Documents/GitHub/Mapanare/mapanare/self/mnc-stage1)
==13582==    by 0x739C2E: __mn_str_concat (in /mnt/c/Users/Juan/Documents/GitHub/Mapanare/mapanare/self/mnc-stage1)
==13582==    by 0x6A7B5C: emit_llvm__emit_mir_by_kind (in /mnt/c/Users/Juan/Documents/GitHub/Mapanare/mapanare/self/mnc-stage1)
==13582== 
==13582== 23 bytes in 1 blocks are indirectly lost in loss record 448 of 833
==13582==    at 0x484D953: calloc (in /usr/libexec/valgrind/vgpreload_memcheck-amd64-linux.so)
==13582==    by 0x739049: __mn_alloc (in /mnt/c/Users/Juan/Documents/GitHub/Mapanare/mapanare/self/mnc-stage1)
==13582==    by 0x739C2E: __mn_str_concat (in /mnt/c/Users/Juan/Documents/GitHub/Mapanare/mapanare/self/mnc-stage1)
==13582==    by 0x6B0353: emit_llvm__emit_const (in /mnt/c/Users/Juan/Documents/GitHub/Mapanare/mapanare/self/mnc-stage1)
==13582==    by 0x8000000000000003: ???
==13582== 
==13582== 23 bytes in 1 blocks are definitely lost in loss record 449 of 833
==13582==    at 0x484D953: calloc (in /usr/libexec/valgrind/vgpreload_memcheck-amd64-linux.so)
==13582==    by 0x739049: __mn_alloc (in /mnt/c/Users/Juan/Documents/GitHub/Mapanare/mapanare/self/mnc-stage1)
==13582==    by 0x739C2E: __mn_str_concat (in /mnt/c/Users/Juan/Documents/GitHub/Mapanare/mapanare/self/mnc-stage1)
==13582==    by 0x68F738: emit_llvm__declare_all_runtime (in /mnt/c/Users/Juan/Documents/GitHub/Mapanare/mapanare/self/mnc-stage1)
==13582==    by 0x75C4AF: ??? (in /mnt/c/Users/Juan/Documents/GitHub/Mapanare/mapanare/self/mnc-stage1)
==13582==    by 0x3: ???
==13582== 
==13582== 23 bytes in 1 blocks are definitely lost in loss record 450 of 833
==13582==    at 0x484D953: calloc (in /usr/libexec/valgrind/vgpreload_memcheck-amd64-linux.so)
==13582==    by 0x739049: __mn_alloc (in /mnt/c/Users/Juan/Documents/GitHub/Mapanare/mapanare/self/mnc-stage1)
==13582==    by 0x739C2E: __mn_str_concat (in /mnt/c/Users/Juan/Documents/GitHub/Mapanare/mapanare/self/mnc-stage1)
==13582==    by 0x68F97B: emit_llvm__declare_all_runtime (in /mnt/c/Users/Juan/Documents/GitHub/Mapanare/mapanare/self/mnc-stage1)
==13582== 
==13582== 23 bytes in 1 blocks are definitely lost in loss record 451 of 833
==13582==    at 0x484D953: calloc (in /usr/libexec/valgrind/vgpreload_memcheck-amd64-linux.so)
==13582==    by 0x739049: __mn_alloc (in /mnt/c/Users/Juan/Documents/GitHub/Mapanare/mapanare/self/mnc-stage1)
==13582==    by 0x739C2E: __mn_str_concat (in /mnt/c/Users/Juan/Documents/GitHub/Mapanare/mapanare/self/mnc-stage1)
==13582==    by 0x69112C: emit_llvm__declare_all_runtime (in /mnt/c/Users/Juan/Documents/GitHub/Mapanare/mapanare/self/mnc-stage1)
==13582== 
==13582== 23 bytes in 1 blocks are definitely lost in loss record 452 of 833
==13582==    at 0x484D953: calloc (in /usr/libexec/valgrind/vgpreload_memcheck-amd64-linux.so)
==13582==    by 0x739049: __mn_alloc (in /mnt/c/Users/Juan/Documents/GitHub/Mapanare/mapanare/self/mnc-stage1)
==13582==    by 0x739C2E: __mn_str_concat (in /mnt/c/Users/Juan/Documents/GitHub/Mapanare/mapanare/self/mnc-stage1)
==13582==    by 0x6913B0: emit_llvm__declare_all_runtime (in /mnt/c/Users/Juan/Documents/GitHub/Mapanare/mapanare/self/mnc-stage1)
==13582== 
==13582== 23 bytes in 1 blocks are definitely lost in loss record 453 of 833
==13582==    at 0x484D953: calloc (in /usr/libexec/valgrind/vgpreload_memcheck-amd64-linux.so)
==13582==    by 0x739049: __mn_alloc (in /mnt/c/Users/Juan/Documents/GitHub/Mapanare/mapanare/self/mnc-stage1)
==13582==    by 0x739C2E: __mn_str_concat (in /mnt/c/Users/Juan/Documents/GitHub/Mapanare/mapanare/self/mnc-stage1)
==13582==    by 0x691631: emit_llvm__declare_all_runtime (in /mnt/c/Users/Juan/Documents/GitHub/Mapanare/mapanare/self/mnc-stage1)
==13582==    by 0x75C4AF: ??? (in /mnt/c/Users/Juan/Documents/GitHub/Mapanare/mapanare/self/mnc-stage1)
==13582==    by 0x3: ???
==13582== 
==13582== 23 bytes in 1 blocks are definitely lost in loss record 454 of 833
==13582==    at 0x484D953: calloc (in /usr/libexec/valgrind/vgpreload_memcheck-amd64-linux.so)
==13582==    by 0x739049: __mn_alloc (in /mnt/c/Users/Juan/Documents/GitHub/Mapanare/mapanare/self/mnc-stage1)
==13582==    by 0x739C2E: __mn_str_concat (in /mnt/c/Users/Juan/Documents/GitHub/Mapanare/mapanare/self/mnc-stage1)
==13582==    by 0x6934EB: emit_llvm__declare_all_runtime (in /mnt/c/Users/Juan/Documents/GitHub/Mapanare/mapanare/self/mnc-stage1)
==13582== 
==13582== 23 bytes in 1 blocks are definitely lost in loss record 455 of 833
==13582==    at 0x484D953: calloc (in /usr/libexec/valgrind/vgpreload_memcheck-amd64-linux.so)
==13582==    by 0x739049: __mn_alloc (in /mnt/c/Users/Juan/Documents/GitHub/Mapanare/mapanare/self/mnc-stage1)
==13582==    by 0x739C2E: __mn_str_concat (in /mnt/c/Users/Juan/Documents/GitHub/Mapanare/mapanare/self/mnc-stage1)
==13582==    by 0x693953: emit_llvm__declare_all_runtime (in /mnt/c/Users/Juan/Documents/GitHub/Mapanare/mapanare/self/mnc-stage1)
==13582== 
==13582== 23 bytes in 1 blocks are definitely lost in loss record 456 of 833
==13582==    at 0x484D953: calloc (in /usr/libexec/valgrind/vgpreload_memcheck-amd64-linux.so)
==13582==    by 0x739049: __mn_alloc (in /mnt/c/Users/Juan/Documents/GitHub/Mapanare/mapanare/self/mnc-stage1)
==13582==    by 0x739C2E: __mn_str_concat (in /mnt/c/Users/Juan/Documents/GitHub/Mapanare/mapanare/self/mnc-stage1)
==13582==    by 0x69456C: emit_llvm__declare_all_runtime (in /mnt/c/Users/Juan/Documents/GitHub/Mapanare/mapanare/self/mnc-stage1)
==13582== 
==13582== 23 bytes in 1 blocks are definitely lost in loss record 457 of 833
==13582==    at 0x484D953: calloc (in /usr/libexec/valgrind/vgpreload_memcheck-amd64-linux.so)
==13582==    by 0x739049: __mn_alloc (in /mnt/c/Users/Juan/Documents/GitHub/Mapanare/mapanare/self/mnc-stage1)
==13582==    by 0x739C2E: __mn_str_concat (in /mnt/c/Users/Juan/Documents/GitHub/Mapanare/mapanare/self/mnc-stage1)
==13582==    by 0x697FC6: emit_llvm__declare_all_runtime (in /mnt/c/Users/Juan/Documents/GitHub/Mapanare/mapanare/self/mnc-stage1)
==13582== 
==13582== 23 bytes in 1 blocks are definitely lost in loss record 458 of 833
==13582==    at 0x484D953: calloc (in /usr/libexec/valgrind/vgpreload_memcheck-amd64-linux.so)
==13582==    by 0x739049: __mn_alloc (in /mnt/c/Users/Juan/Documents/GitHub/Mapanare/mapanare/self/mnc-stage1)
==13582==    by 0x739C2E: __mn_str_concat (in /mnt/c/Users/Juan/Documents/GitHub/Mapanare/mapanare/self/mnc-stage1)
==13582==    by 0x69911F: emit_llvm__declare_all_runtime (in /mnt/c/Users/Juan/Documents/GitHub/Mapanare/mapanare/self/mnc-stage1)
==13582== 
==13582== 23 bytes in 1 blocks are definitely lost in loss record 459 of 833
==13582==    at 0x484D953: calloc (in /usr/libexec/valgrind/vgpreload_memcheck-amd64-linux.so)
==13582==    by 0x739049: __mn_alloc (in /mnt/c/Users/Juan/Documents/GitHub/Mapanare/mapanare/self/mnc-stage1)
==13582==    by 0x739C2E: __mn_str_concat (in /mnt/c/Users/Juan/Documents/GitHub/Mapanare/mapanare/self/mnc-stage1)
==13582==    by 0x69BA6E: emit_llvm__declare_all_runtime (in /mnt/c/Users/Juan/Documents/GitHub/Mapanare/mapanare/self/mnc-stage1)
==13582== 
==13582== 23 bytes in 1 blocks are definitely lost in loss record 460 of 833
==13582==    at 0x484D953: calloc (in /usr/libexec/valgrind/vgpreload_memcheck-amd64-linux.so)
==13582==    by 0x739049: __mn_alloc (in /mnt/c/Users/Juan/Documents/GitHub/Mapanare/mapanare/self/mnc-stage1)
==13582==    by 0x739C2E: __mn_str_concat (in /mnt/c/Users/Juan/Documents/GitHub/Mapanare/mapanare/self/mnc-stage1)
==13582==    by 0x69BF8E: emit_llvm__declare_all_runtime (in /mnt/c/Users/Juan/Documents/GitHub/Mapanare/mapanare/self/mnc-stage1)
==13582== 
==13582== 24 bytes in 1 blocks are indirectly lost in loss record 461 of 833
==13582==    at 0x4846828: malloc (in /usr/libexec/valgrind/vgpreload_memcheck-amd64-linux.so)
==13582==    by 0x43051C: parser__parse_unary (in /mnt/c/Users/Juan/Documents/GitHub/Mapanare/mapanare/self/mnc-stage1)
==13582==    by 0x3F: ???
==13582==    by 0x3F: ???
==13582== 
==13582== 24 bytes in 1 blocks are indirectly lost in loss record 462 of 833
==13582==    at 0x484D953: calloc (in /usr/libexec/valgrind/vgpreload_memcheck-amd64-linux.so)
==13582==    by 0x739049: __mn_alloc (in /mnt/c/Users/Juan/Documents/GitHub/Mapanare/mapanare/self/mnc-stage1)
==13582==    by 0x739C2E: __mn_str_concat (in /mnt/c/Users/Juan/Documents/GitHub/Mapanare/mapanare/self/mnc-stage1)
==13582==    by 0x68AC6F: emit_llvm__build_internal_struct_list (in /mnt/c/Users/Juan/Documents/GitHub/Mapanare/mapanare/self/mnc-stage1)
==13582==    by 0x2: ???
==13582==    by 0x7: ???
==13582==    by 0x6ABA32F: ???
==13582==    by 0x7: ???
==13582==    by 0xF: ???
==13582== 
==13582== 24 bytes in 2 blocks are indirectly lost in loss record 463 of 833
==13582==    at 0x484D953: calloc (in /usr/libexec/valgrind/vgpreload_memcheck-amd64-linux.so)
==13582==    by 0x739049: __mn_alloc (in /mnt/c/Users/Juan/Documents/GitHub/Mapanare/mapanare/self/mnc-stage1)
==13582==    by 0x739C2E: __mn_str_concat (in /mnt/c/Users/Juan/Documents/GitHub/Mapanare/mapanare/self/mnc-stage1)
==13582==    by 0x4B7AAB: lower__register_definition (in /mnt/c/Users/Juan/Documents/GitHub/Mapanare/mapanare/self/mnc-stage1)
==13582== 
==13582== 24 bytes in 3 blocks are indirectly lost in loss record 464 of 833
==13582==    at 0x484D953: calloc (in /usr/libexec/valgrind/vgpreload_memcheck-amd64-linux.so)
==13582==    by 0x739049: __mn_alloc (in /mnt/c/Users/Juan/Documents/GitHub/Mapanare/mapanare/self/mnc-stage1)
==13582==    by 0x739C2E: __mn_str_concat (in /mnt/c/Users/Juan/Documents/GitHub/Mapanare/mapanare/self/mnc-stage1)
==13582==    by 0x6696FD: lower__bind_ident_pattern (in /mnt/c/Users/Juan/Documents/GitHub/Mapanare/mapanare/self/mnc-stage1)
==13582==    by 0xFFFFFFFFFFFF: ???
==13582== 
==13582== 24 bytes in 3 blocks are definitely lost in loss record 465 of 833
==13582==    at 0x484D953: calloc (in /usr/libexec/valgrind/vgpreload_memcheck-amd64-linux.so)
==13582==    by 0x739049: __mn_alloc (in /mnt/c/Users/Juan/Documents/GitHub/Mapanare/mapanare/self/mnc-stage1)
==13582==    by 0x739C2E: __mn_str_concat (in /mnt/c/Users/Juan/Documents/GitHub/Mapanare/mapanare/self/mnc-stage1)
==13582==    by 0x6B142B: emit_llvm__emit_const (in /mnt/c/Users/Juan/Documents/GitHub/Mapanare/mapanare/self/mnc-stage1)
==13582==    by 0x8000000000000003: ???
==13582== 
==13582== 25 bytes in 1 blocks are indirectly lost in loss record 466 of 833
==13582==    at 0x484D953: calloc (in /usr/libexec/valgrind/vgpreload_memcheck-amd64-linux.so)
==13582==    by 0x739049: __mn_alloc (in /mnt/c/Users/Juan/Documents/GitHub/Mapanare/mapanare/self/mnc-stage1)
==13582==    by 0x739C2E: __mn_str_concat (in /mnt/c/Users/Juan/Documents/GitHub/Mapanare/mapanare/self/mnc-stage1)
==13582==    by 0x68A6A2: emit_llvm__build_internal_struct_list (in /mnt/c/Users/Juan/Documents/GitHub/Mapanare/mapanare/self/mnc-stage1)
==13582==    by 0x4: ???
==13582==    by 0x7: ???
==13582==    by 0x6AB986F: ???
==13582==    by 0x7: ???
==13582==    by 0xF: ???
==13582== 
==13582== 25 bytes in 1 blocks are indirectly lost in loss record 467 of 833
==13582==    at 0x484D953: calloc (in /usr/libexec/valgrind/vgpreload_memcheck-amd64-linux.so)
==13582==    by 0x739049: __mn_alloc (in /mnt/c/Users/Juan/Documents/GitHub/Mapanare/mapanare/self/mnc-stage1)
==13582==    by 0x739C2E: __mn_str_concat (in /mnt/c/Users/Juan/Documents/GitHub/Mapanare/mapanare/self/mnc-stage1)
==13582==    by 0x68AE33: emit_llvm__build_internal_struct_list (in /mnt/c/Users/Juan/Documents/GitHub/Mapanare/mapanare/self/mnc-stage1)
==13582==    by 0x1: ???
==13582==    by 0x7: ???
==13582==    by 0x6ABA45F: ???
==13582==    by 0x7: ???
==13582==    by 0xF: ???
==13582== 
==13582== 26 bytes in 1 blocks are indirectly lost in loss record 468 of 833
==13582==    at 0x484D953: calloc (in /usr/libexec/valgrind/vgpreload_memcheck-amd64-linux.so)
==13582==    by 0x739049: __mn_alloc (in /mnt/c/Users/Juan/Documents/GitHub/Mapanare/mapanare/self/mnc-stage1)
==13582==    by 0x739C2E: __mn_str_concat (in /mnt/c/Users/Juan/Documents/GitHub/Mapanare/mapanare/self/mnc-stage1)
==13582==    by 0x7272FD: emit_llvm__emit_mir_return (in /mnt/c/Users/Juan/Documents/GitHub/Mapanare/mapanare/self/mnc-stage1)
==13582== 
==13582== 26 bytes in 2 blocks are definitely lost in loss record 469 of 833
==13582==    at 0x484D953: calloc (in /usr/libexec/valgrind/vgpreload_memcheck-amd64-linux.so)
==13582==    by 0x739049: __mn_alloc (in /mnt/c/Users/Juan/Documents/GitHub/Mapanare/mapanare/self/mnc-stage1)
==13582==    by 0x739C2E: __mn_str_concat (in /mnt/c/Users/Juan/Documents/GitHub/Mapanare/mapanare/self/mnc-stage1)
==13582==    by 0x414BE5: dedup_definitions (in /mnt/c/Users/Juan/Documents/GitHub/Mapanare/mapanare/self/mnc-stage1)
==13582==    by 0x9: ???
==13582== 
==13582== 27 bytes in 1 blocks are indirectly lost in loss record 470 of 833
==13582==    at 0x484D953: calloc (in /usr/libexec/valgrind/vgpreload_memcheck-amd64-linux.so)
==13582==    by 0x739049: __mn_alloc (in /mnt/c/Users/Juan/Documents/GitHub/Mapanare/mapanare/self/mnc-stage1)
==13582==    by 0x739C2E: __mn_str_concat (in /mnt/c/Users/Juan/Documents/GitHub/Mapanare/mapanare/self/mnc-stage1)
==13582==    by 0x6BC3C2: emit_llvm__emit_unaryop (in /mnt/c/Users/Juan/Documents/GitHub/Mapanare/mapanare/self/mnc-stage1)
==13582==    by 0x6AD67AF: ???
==13582== 
==13582== 27 bytes in 3 blocks are definitely lost in loss record 471 of 833
==13582==    at 0x484D953: calloc (in /usr/libexec/valgrind/vgpreload_memcheck-amd64-linux.so)
==13582==    by 0x739049: __mn_alloc (in /mnt/c/Users/Juan/Documents/GitHub/Mapanare/mapanare/self/mnc-stage1)
==13582==    by 0x739C2E: __mn_str_concat (in /mnt/c/Users/Juan/Documents/GitHub/Mapanare/mapanare/self/mnc-stage1)
==13582==    by 0x6B1270: emit_llvm__emit_const (in /mnt/c/Users/Juan/Documents/GitHub/Mapanare/mapanare/self/mnc-stage1)
==13582==    by 0x8000000000000003: ???
==13582== 
==13582== 28 bytes in 1 blocks are indirectly lost in loss record 472 of 833
==13582==    at 0x484D953: calloc (in /usr/libexec/valgrind/vgpreload_memcheck-amd64-linux.so)
==13582==    by 0x739049: __mn_alloc (in /mnt/c/Users/Juan/Documents/GitHub/Mapanare/mapanare/self/mnc-stage1)
==13582==    by 0x739C2E: __mn_str_concat (in /mnt/c/Users/Juan/Documents/GitHub/Mapanare/mapanare/self/mnc-stage1)
==13582==    by 0x6D7ECF: emit_llvm__emit_store (in /mnt/c/Users/Juan/Documents/GitHub/Mapanare/mapanare/self/mnc-stage1)
==13582== 
==13582== 28 bytes in 2 blocks are indirectly lost in loss record 473 of 833
==13582==    at 0x484D953: calloc (in /usr/libexec/valgrind/vgpreload_memcheck-amd64-linux.so)
==13582==    by 0x739049: __mn_alloc (in /mnt/c/Users/Juan/Documents/GitHub/Mapanare/mapanare/self/mnc-stage1)
==13582==    by 0x739C2E: __mn_str_concat (in /mnt/c/Users/Juan/Documents/GitHub/Mapanare/mapanare/self/mnc-stage1)
==13582==    by 0x4B7A63: lower__register_definition (in /mnt/c/Users/Juan/Documents/GitHub/Mapanare/mapanare/self/mnc-stage1)
==13582== 
==13582== 28 bytes in 4 blocks are definitely lost in loss record 474 of 833
==13582==    at 0x484D953: calloc (in /usr/libexec/valgrind/vgpreload_memcheck-amd64-linux.so)
==13582==    by 0x739049: __mn_alloc (in /mnt/c/Users/Juan/Documents/GitHub/Mapanare/mapanare/self/mnc-stage1)
==13582==    by 0x73980B: __mn_str_from_parts (in /mnt/c/Users/Juan/Documents/GitHub/Mapanare/mapanare/self/mnc-stage1)
==13582==    by 0x5CCAB1: lower__lower_call_by_name (in /mnt/c/Users/Juan/Documents/GitHub/Mapanare/mapanare/self/mnc-stage1)
==13582==    by 0x1F: ???
==13582==    by 0x7: ???
==13582==    by 0x6AAA78F: ???
==13582== 
==13582== 28 bytes in 4 blocks are definitely lost in loss record 475 of 833
==13582==    at 0x484D953: calloc (in /usr/libexec/valgrind/vgpreload_memcheck-amd64-linux.so)
==13582==    by 0x739049: __mn_alloc (in /mnt/c/Users/Juan/Documents/GitHub/Mapanare/mapanare/self/mnc-stage1)
==13582==    by 0x73980B: __mn_str_from_parts (in /mnt/c/Users/Juan/Documents/GitHub/Mapanare/mapanare/self/mnc-stage1)
==13582==    by 0x5CCAD6: lower__lower_call_by_name (in /mnt/c/Users/Juan/Documents/GitHub/Mapanare/mapanare/self/mnc-stage1)
==13582==    by 0x1F: ???
==13582==    by 0x7: ???
==13582==    by 0x6AAA78F: ???
==13582== 
==13582== 29 bytes in 1 blocks are indirectly lost in loss record 476 of 833
==13582==    at 0x484D953: calloc (in /usr/libexec/valgrind/vgpreload_memcheck-amd64-linux.so)
==13582==    by 0x739049: __mn_alloc (in /mnt/c/Users/Juan/Documents/GitHub/Mapanare/mapanare/self/mnc-stage1)
==13582==    by 0x739C2E: __mn_str_concat (in /mnt/c/Users/Juan/Documents/GitHub/Mapanare/mapanare/self/mnc-stage1)
==13582==    by 0x728106: emit_llvm__emit_mir_switch (in /mnt/c/Users/Juan/Documents/GitHub/Mapanare/mapanare/self/mnc-stage1)
==13582== 
==13582== 30 bytes in 5 blocks are definitely lost in loss record 477 of 833
==13582==    at 0x484D953: calloc (in /usr/libexec/valgrind/vgpreload_memcheck-amd64-linux.so)
==13582==    by 0x739049: __mn_alloc (in /mnt/c/Users/Juan/Documents/GitHub/Mapanare/mapanare/self/mnc-stage1)
==13582==    by 0x739C2E: __mn_str_concat (in /mnt/c/Users/Juan/Documents/GitHub/Mapanare/mapanare/self/mnc-stage1)
==13582==    by 0x569FC9: lower__lower_identifier (in /mnt/c/Users/Juan/Documents/GitHub/Mapanare/mapanare/self/mnc-stage1)
==13582== 
==13582== 31 bytes in 1 blocks are indirectly lost in loss record 478 of 833
==13582==    at 0x484D953: calloc (in /usr/libexec/valgrind/vgpreload_memcheck-amd64-linux.so)
==13582==    by 0x739049: __mn_alloc (in /mnt/c/Users/Juan/Documents/GitHub/Mapanare/mapanare/self/mnc-stage1)
==13582==    by 0x739C2E: __mn_str_concat (in /mnt/c/Users/Juan/Documents/GitHub/Mapanare/mapanare/self/mnc-stage1)
==13582==    by 0x7351D9: emit_llvm__emit_mir_module (in /mnt/c/Users/Juan/Documents/GitHub/Mapanare/mapanare/self/mnc-stage1)
==13582== 
==13582== 32 bytes in 1 blocks are indirectly lost in loss record 479 of 833
==13582==    at 0x4846828: malloc (in /usr/libexec/valgrind/vgpreload_memcheck-amd64-linux.so)
==13582==    by 0x42FDA6: parser__parse_expr (in /mnt/c/Users/Juan/Documents/GitHub/Mapanare/mapanare/self/mnc-stage1)
==13582==    by 0x7F: ???
==13582==    by 0x5: ???
==13582==    by 0x6A88E7F: ???
==13582==    by 0x3F: ???
==13582==    by 0x54: ???
==13582==    by 0x7F: ???
==13582==    by 0x6A8377F: ???
==13582==    by 0x6A8377F: ???
==13582==    by 0x54: ???
==13582==    by 0x7F: ???
==13582==    by 0x3F: ???
==13582== 
==13582== 32 bytes in 1 blocks are indirectly lost in loss record 480 of 833
==13582==    at 0x4846828: malloc (in /usr/libexec/valgrind/vgpreload_memcheck-amd64-linux.so)
==13582==    by 0x42FDA6: parser__parse_expr (in /mnt/c/Users/Juan/Documents/GitHub/Mapanare/mapanare/self/mnc-stage1)
==13582==    by 0x7F: ???
==13582==    by 0x5: ???
==13582==    by 0x6A89CDF: ???
==13582==    by 0x3F: ???
==13582==    by 0x54: ???
==13582==    by 0x7F: ???
==13582==    by 0x6A8377F: ???
==13582==    by 0x6A8377F: ???
==13582==    by 0x54: ???
==13582==    by 0x7F: ???
==13582==    by 0x3F: ???
==13582== 
==13582== 32 bytes in 1 blocks are indirectly lost in loss record 481 of 833
==13582==    at 0x4846828: malloc (in /usr/libexec/valgrind/vgpreload_memcheck-amd64-linux.so)
==13582==    by 0x42FDA6: parser__parse_expr (in /mnt/c/Users/Juan/Documents/GitHub/Mapanare/mapanare/self/mnc-stage1)
==13582==    by 0x3F: ???
==13582==    by 0x5: ???
==13582==    by 0x6A89FBF: ???
==13582==    by 0x3F: ???
==13582==    by 0x54: ???
==13582==    by 0x7F: ???
==13582==    by 0x6A8377F: ???
==13582==    by 0x6A8377F: ???
==13582==    by 0x54: ???
==13582==    by 0x7F: ???
==13582==    by 0x3F: ???
==13582== 
==13582== 32 bytes in 1 blocks are indirectly lost in loss record 482 of 833
==13582==    at 0x4846828: malloc (in /usr/libexec/valgrind/vgpreload_memcheck-amd64-linux.so)
==13582==    by 0x42FDA6: parser__parse_expr (in /mnt/c/Users/Juan/Documents/GitHub/Mapanare/mapanare/self/mnc-stage1)
==13582==    by 0x7F: ???
==13582==    by 0x6: ???
==13582==    by 0x6A89EBF: ???
==13582==    by 0x3F: ???
==13582==    by 0x54: ???
==13582==    by 0x7F: ???
==13582==    by 0x6A8377F: ???
==13582==    by 0x6A8377F: ???
==13582==    by 0x54: ???
==13582==    by 0x7F: ???
==13582==    by 0x3F: ???
==13582== 
==13582== 32 bytes in 1 blocks are indirectly lost in loss record 483 of 833
==13582==    at 0x4846828: malloc (in /usr/libexec/valgrind/vgpreload_memcheck-amd64-linux.so)
==13582==    by 0x42FDA6: parser__parse_expr (in /mnt/c/Users/Juan/Documents/GitHub/Mapanare/mapanare/self/mnc-stage1)
==13582==    by 0x7F: ???
==13582==    by 0x5: ???
==13582==    by 0x6A8A75F: ???
==13582==    by 0x3F: ???
==13582==    by 0x54: ???
==13582==    by 0x7F: ???
==13582==    by 0x6A8377F: ???
==13582==    by 0x6A8377F: ???
==13582==    by 0x54: ???
==13582==    by 0x7F: ???
==13582==    by 0x3F: ???
==13582== 
==13582== 32 bytes in 2 blocks are indirectly lost in loss record 484 of 833
==13582==    at 0x4846828: malloc (in /usr/libexec/valgrind/vgpreload_memcheck-amd64-linux.so)
==13582==    by 0x43689C: parser__parse_type_expr (in /mnt/c/Users/Juan/Documents/GitHub/Mapanare/mapanare/self/mnc-stage1)
==13582==    by 0x3F: ???
==13582==    by 0x6A8377F: ???
==13582==    by 0x54: ???
==13582==    by 0x7F: ???
==13582==    by 0x3F: ???
==13582== 
==13582== 32 bytes in 2 blocks are indirectly lost in loss record 485 of 833
==13582==    at 0x4846828: malloc (in /usr/libexec/valgrind/vgpreload_memcheck-amd64-linux.so)
==13582==    by 0x65C335: lower__lower_match (in /mnt/c/Users/Juan/Documents/GitHub/Mapanare/mapanare/self/mnc-stage1)
==13582==    by 0x7FFFFFFFFFFFFFFF: ???
==13582==    by 0x800000000000000A: ???
==13582== 
==13582== 32 bytes in 2 blocks are definitely lost in loss record 486 of 833
==13582==    at 0x4846828: malloc (in /usr/libexec/valgrind/vgpreload_memcheck-amd64-linux.so)
==13582==    by 0x73DDF9: __mn_range (in /mnt/c/Users/Juan/Documents/GitHub/Mapanare/mapanare/self/mnc-stage1)
==13582==    by 0x477C10: semantic__register_def (in /mnt/c/Users/Juan/Documents/GitHub/Mapanare/mapanare/self/mnc-stage1)
==13582== 
==13582== 32 bytes in 2 blocks are definitely lost in loss record 487 of 833
==13582==    at 0x4846828: malloc (in /usr/libexec/valgrind/vgpreload_memcheck-amd64-linux.so)
==13582==    by 0x73DDF9: __mn_range (in /mnt/c/Users/Juan/Documents/GitHub/Mapanare/mapanare/self/mnc-stage1)
==13582==    by 0x481BB2: semantic__check_fn_body (in /mnt/c/Users/Juan/Documents/GitHub/Mapanare/mapanare/self/mnc-stage1)
==13582== 
==13582== 32 bytes in 2 blocks are definitely lost in loss record 488 of 833
==13582==    at 0x4846828: malloc (in /usr/libexec/valgrind/vgpreload_memcheck-amd64-linux.so)
==13582==    by 0x73DDF9: __mn_range (in /mnt/c/Users/Juan/Documents/GitHub/Mapanare/mapanare/self/mnc-stage1)
==13582==    by 0x4CC82E: lower__build_mir_params (in /mnt/c/Users/Juan/Documents/GitHub/Mapanare/mapanare/self/mnc-stage1)
==13582== 
==13582== 32 bytes in 2 blocks are definitely lost in loss record 489 of 833
==13582==    at 0x4846828: malloc (in /usr/libexec/valgrind/vgpreload_memcheck-amd64-linux.so)
==13582==    by 0x73DDF9: __mn_range (in /mnt/c/Users/Juan/Documents/GitHub/Mapanare/mapanare/self/mnc-stage1)
==13582==    by 0x4CD999: lower__bind_fn_params (in /mnt/c/Users/Juan/Documents/GitHub/Mapanare/mapanare/self/mnc-stage1)
==13582== 
==13582== 32 bytes in 2 blocks are definitely lost in loss record 490 of 833
==13582==    at 0x4846828: malloc (in /usr/libexec/valgrind/vgpreload_memcheck-amd64-linux.so)
==13582==    by 0x73DDF9: __mn_range (in /mnt/c/Users/Juan/Documents/GitHub/Mapanare/mapanare/self/mnc-stage1)
==13582==    by 0x4DE353: lower__lower_block_stmts (in /mnt/c/Users/Juan/Documents/GitHub/Mapanare/mapanare/self/mnc-stage1)
==13582== 
==13582== 32 bytes in 2 blocks are definitely lost in loss record 491 of 833
==13582==    at 0x4846828: malloc (in /usr/libexec/valgrind/vgpreload_memcheck-amd64-linux.so)
==13582==    by 0x73DDF9: __mn_range (in /mnt/c/Users/Juan/Documents/GitHub/Mapanare/mapanare/self/mnc-stage1)
==13582==    by 0x6C7171: emit_llvm__is_name_in_byref (in /mnt/c/Users/Juan/Documents/GitHub/Mapanare/mapanare/self/mnc-stage1)
==13582== 
==13582== 33 bytes in 1 blocks are indirectly lost in loss record 492 of 833
==13582==    at 0x484D953: calloc (in /usr/libexec/valgrind/vgpreload_memcheck-amd64-linux.so)
==13582==    by 0x739049: __mn_alloc (in /mnt/c/Users/Juan/Documents/GitHub/Mapanare/mapanare/self/mnc-stage1)
==13582==    by 0x739C2E: __mn_str_concat (in /mnt/c/Users/Juan/Documents/GitHub/Mapanare/mapanare/self/mnc-stage1)
==13582==    by 0x727BFB: emit_llvm__emit_mir_return (in /mnt/c/Users/Juan/Documents/GitHub/Mapanare/mapanare/self/mnc-stage1)
==13582== 
==13582== 33 bytes in 1 blocks are definitely lost in loss record 493 of 833
==13582==    at 0x484D953: calloc (in /usr/libexec/valgrind/vgpreload_memcheck-amd64-linux.so)
==13582==    by 0x739049: __mn_alloc (in /mnt/c/Users/Juan/Documents/GitHub/Mapanare/mapanare/self/mnc-stage1)
==13582==    by 0x739C2E: __mn_str_concat (in /mnt/c/Users/Juan/Documents/GitHub/Mapanare/mapanare/self/mnc-stage1)
==13582==    by 0x69A43B: emit_llvm__declare_all_runtime (in /mnt/c/Users/Juan/Documents/GitHub/Mapanare/mapanare/self/mnc-stage1)
==13582== 
==13582== 34 bytes in 1 blocks are indirectly lost in loss record 494 of 833
==13582==    at 0x484D953: calloc (in /usr/libexec/valgrind/vgpreload_memcheck-amd64-linux.so)
==13582==    by 0x739049: __mn_alloc (in /mnt/c/Users/Juan/Documents/GitHub/Mapanare/mapanare/self/mnc-stage1)
==13582==    by 0x739C2E: __mn_str_concat (in /mnt/c/Users/Juan/Documents/GitHub/Mapanare/mapanare/self/mnc-stage1)
==13582==    by 0x6D6CEA: emit_llvm__emit_load (in /mnt/c/Users/Juan/Documents/GitHub/Mapanare/mapanare/self/mnc-stage1)
==13582== 
==13582== 35 bytes in 1 blocks are definitely lost in loss record 495 of 833
==13582==    at 0x484D953: calloc (in /usr/libexec/valgrind/vgpreload_memcheck-amd64-linux.so)
==13582==    by 0x739049: __mn_alloc (in /mnt/c/Users/Juan/Documents/GitHub/Mapanare/mapanare/self/mnc-stage1)
==13582==    by 0x739C2E: __mn_str_concat (in /mnt/c/Users/Juan/Documents/GitHub/Mapanare/mapanare/self/mnc-stage1)
==13582==    by 0x69326A: emit_llvm__declare_all_runtime (in /mnt/c/Users/Juan/Documents/GitHub/Mapanare/mapanare/self/mnc-stage1)
==13582==    by 0x3: ???
==13582==    by 0x3: ???
==13582==    by 0x75C4AF: ??? (in /mnt/c/Users/Juan/Documents/GitHub/Mapanare/mapanare/self/mnc-stage1)
==13582== 
==13582== 36 bytes in 1 blocks are indirectly lost in loss record 496 of 833
==13582==    at 0x484D953: calloc (in /usr/libexec/valgrind/vgpreload_memcheck-amd64-linux.so)
==13582==    by 0x739049: __mn_alloc (in /mnt/c/Users/Juan/Documents/GitHub/Mapanare/mapanare/self/mnc-stage1)
==13582==    by 0x739C2E: __mn_str_concat (in /mnt/c/Users/Juan/Documents/GitHub/Mapanare/mapanare/self/mnc-stage1)
==13582==    by 0x73528C: emit_llvm__emit_mir_module (in /mnt/c/Users/Juan/Documents/GitHub/Mapanare/mapanare/self/mnc-stage1)
==13582== 
==13582== 36 bytes in 1 blocks are definitely lost in loss record 497 of 833
==13582==    at 0x484D953: calloc (in /usr/libexec/valgrind/vgpreload_memcheck-amd64-linux.so)
==13582==    by 0x739049: __mn_alloc (in /mnt/c/Users/Juan/Documents/GitHub/Mapanare/mapanare/self/mnc-stage1)
==13582==    by 0x739C2E: __mn_str_concat (in /mnt/c/Users/Juan/Documents/GitHub/Mapanare/mapanare/self/mnc-stage1)
==13582==    by 0x72E58C: emit_llvm__emit_mir_phi (in /mnt/c/Users/Juan/Documents/GitHub/Mapanare/mapanare/self/mnc-stage1)
==13582== 
==13582== 36 bytes in 18 blocks are definitely lost in loss record 498 of 833
==13582==    at 0x484D953: calloc (in /usr/libexec/valgrind/vgpreload_memcheck-amd64-linux.so)
==13582==    by 0x739049: __mn_alloc (in /mnt/c/Users/Juan/Documents/GitHub/Mapanare/mapanare/self/mnc-stage1)
==13582==    by 0x73980B: __mn_str_from_parts (in /mnt/c/Users/Juan/Documents/GitHub/Mapanare/mapanare/self/mnc-stage1)
==13582==    by 0x41FA94: lexer__scan_ident (in /mnt/c/Users/Juan/Documents/GitHub/Mapanare/mapanare/self/mnc-stage1)
==13582==    by 0x75156F: ??? (in /mnt/c/Users/Juan/Documents/GitHub/Mapanare/mapanare/self/mnc-stage1)
==13582== 
==13582== 36 bytes in 18 blocks are definitely lost in loss record 499 of 833
==13582==    at 0x484D953: calloc (in /usr/libexec/valgrind/vgpreload_memcheck-amd64-linux.so)
==13582==    by 0x739049: __mn_alloc (in /mnt/c/Users/Juan/Documents/GitHub/Mapanare/mapanare/self/mnc-stage1)
==13582==    by 0x73980B: __mn_str_from_parts (in /mnt/c/Users/Juan/Documents/GitHub/Mapanare/mapanare/self/mnc-stage1)
==13582==    by 0x413A46: dir_of_path (in /mnt/c/Users/Juan/Documents/GitHub/Mapanare/mapanare/self/mnc-stage1)
==13582== 
==13582== 36 bytes in 18 blocks are definitely lost in loss record 500 of 833
==13582==    at 0x484D953: calloc (in /usr/libexec/valgrind/vgpreload_memcheck-amd64-linux.so)
==13582==    by 0x739049: __mn_alloc (in /mnt/c/Users/Juan/Documents/GitHub/Mapanare/mapanare/self/mnc-stage1)
==13582==    by 0x73980B: __mn_str_from_parts (in /mnt/c/Users/Juan/Documents/GitHub/Mapanare/mapanare/self/mnc-stage1)
==13582==    by 0x413D28: basename_of (in /mnt/c/Users/Juan/Documents/GitHub/Mapanare/mapanare/self/mnc-stage1)
==13582==    by 0xF: ???
==13582==    by 0x6A7619F: ???
==13582==    by 0x4A: ???
==13582== 
==13582== 38 bytes in 1 blocks are indirectly lost in loss record 501 of 833
==13582==    at 0x484D953: calloc (in /usr/libexec/valgrind/vgpreload_memcheck-amd64-linux.so)
==13582==    by 0x739049: __mn_alloc (in /mnt/c/Users/Juan/Documents/GitHub/Mapanare/mapanare/self/mnc-stage1)
==13582==    by 0x73980B: __mn_str_from_parts (in /mnt/c/Users/Juan/Documents/GitHub/Mapanare/mapanare/self/mnc-stage1)
==13582==    by 0x68DA16: emit_llvm__declare_runtime_fn (in /mnt/c/Users/Juan/Documents/GitHub/Mapanare/mapanare/self/mnc-stage1)
==13582==    by 0x2: ???
==13582==    by 0x6AC83FF: ???
==13582==    by 0xF: ???
==13582== 
==13582== 38 bytes in 1 blocks are indirectly lost in loss record 502 of 833
==13582==    at 0x484D953: calloc (in /usr/libexec/valgrind/vgpreload_memcheck-amd64-linux.so)
==13582==    by 0x739049: __mn_alloc (in /mnt/c/Users/Juan/Documents/GitHub/Mapanare/mapanare/self/mnc-stage1)
==13582==    by 0x739C2E: __mn_str_concat (in /mnt/c/Users/Juan/Documents/GitHub/Mapanare/mapanare/self/mnc-stage1)
==13582==    by 0x689194: emit_llvm_ir__emit_extractvalue (in /mnt/c/Users/Juan/Documents/GitHub/Mapanare/mapanare/self/mnc-stage1)
==13582== 
==13582== 38 bytes in 5 blocks are indirectly lost in loss record 503 of 833
==13582==    at 0x484D953: calloc (in /usr/libexec/valgrind/vgpreload_memcheck-amd64-linux.so)
==13582==    by 0x739049: __mn_alloc (in /mnt/c/Users/Juan/Documents/GitHub/Mapanare/mapanare/self/mnc-stage1)
==13582==    by 0x739C2E: __mn_str_concat (in /mnt/c/Users/Juan/Documents/GitHub/Mapanare/mapanare/self/mnc-stage1)
==13582==    by 0x4208EB: lexer__scan_string (in /mnt/c/Users/Juan/Documents/GitHub/Mapanare/mapanare/self/mnc-stage1)
==13582== 
==13582== 40 bytes in 1 blocks are indirectly lost in loss record 504 of 833
==13582==    at 0x484D953: calloc (in /usr/libexec/valgrind/vgpreload_memcheck-amd64-linux.so)
==13582==    by 0x739049: __mn_alloc (in /mnt/c/Users/Juan/Documents/GitHub/Mapanare/mapanare/self/mnc-stage1)
==13582==    by 0x739C2E: __mn_str_concat (in /mnt/c/Users/Juan/Documents/GitHub/Mapanare/mapanare/self/mnc-stage1)
==13582==    by 0x727FFB: emit_llvm__emit_mir_switch (in /mnt/c/Users/Juan/Documents/GitHub/Mapanare/mapanare/self/mnc-stage1)
==13582== 
==13582== 40 bytes in 5 blocks are indirectly lost in loss record 505 of 833
==13582==    at 0x4846828: malloc (in /usr/libexec/valgrind/vgpreload_memcheck-amd64-linux.so)
==13582==    by 0x432B31: parser__parse_atom (in /mnt/c/Users/Juan/Documents/GitHub/Mapanare/mapanare/self/mnc-stage1)
==13582== 
==13582== 42 bytes in 2 blocks are indirectly lost in loss record 506 of 833
==13582==    at 0x484D953: calloc (in /usr/libexec/valgrind/vgpreload_memcheck-amd64-linux.so)
==13582==    by 0x739049: __mn_alloc (in /mnt/c/Users/Juan/Documents/GitHub/Mapanare/mapanare/self/mnc-stage1)
==13582==    by 0x739C2E: __mn_str_concat (in /mnt/c/Users/Juan/Documents/GitHub/Mapanare/mapanare/self/mnc-stage1)
==13582==    by 0x6B0353: emit_llvm__emit_const (in /mnt/c/Users/Juan/Documents/GitHub/Mapanare/mapanare/self/mnc-stage1)
==13582==    by 0x8000000000000002: ???
==13582== 
==13582== 43 bytes in 1 blocks are indirectly lost in loss record 507 of 833
==13582==    at 0x484D953: calloc (in /usr/libexec/valgrind/vgpreload_memcheck-amd64-linux.so)
==13582==    by 0x739049: __mn_alloc (in /mnt/c/Users/Juan/Documents/GitHub/Mapanare/mapanare/self/mnc-stage1)
==13582==    by 0x739C2E: __mn_str_concat (in /mnt/c/Users/Juan/Documents/GitHub/Mapanare/mapanare/self/mnc-stage1)
==13582==    by 0x688BB5: emit_llvm_ir__emit_call_ir (in /mnt/c/Users/Juan/Documents/GitHub/Mapanare/mapanare/self/mnc-stage1)
==13582==    by 0x6AD2F9F: ???
==13582==    by 0x8000000000000004: ???
==13582==    by 0x800000000000000C: ???
==13582==    by 0x8000000000000016: ???
==13582==    by 0x8000000000000018: ???
==13582==    by 0x8000000000000020: ???
==13582==    by 0x8000000000000021: ???
==13582==    by 0x8000000000000028: ???
==13582==    by 0x6ADD6DF: ???
==13582==    by 0x3: ???
==13582==    by 0x6ADD74F: ???
==13582==    by 0x2: ???
==13582==    by 0x7: ???
==13582==    by 0xF: ???
==13582==    by 0x755817: ??? (in /mnt/c/Users/Juan/Documents/GitHub/Mapanare/mapanare/self/mnc-stage1)
==13582== 
==13582== 43 bytes in 1 blocks are indirectly lost in loss record 508 of 833
==13582==    at 0x484D953: calloc (in /usr/libexec/valgrind/vgpreload_memcheck-amd64-linux.so)
==13582==    by 0x739049: __mn_alloc (in /mnt/c/Users/Juan/Documents/GitHub/Mapanare/mapanare/self/mnc-stage1)
==13582==    by 0x739C2E: __mn_str_concat (in /mnt/c/Users/Juan/Documents/GitHub/Mapanare/mapanare/self/mnc-stage1)
==13582==    by 0x688BB5: emit_llvm_ir__emit_call_ir (in /mnt/c/Users/Juan/Documents/GitHub/Mapanare/mapanare/self/mnc-stage1)
==13582==    by 0x6AD2F9F: ???
==13582==    by 0x8000000000000004: ???
==13582==    by 0x800000000000000C: ???
==13582==    by 0x8000000000000016: ???
==13582==    by 0x8000000000000018: ???
==13582==    by 0x8000000000000020: ???
==13582==    by 0x8000000000000021: ???
==13582==    by 0x8000000000000028: ???
==13582==    by 0x6ADDDCF: ???
==13582==    by 0x3: ???
==13582==    by 0x6ADDE3F: ???
==13582==    by 0x2: ???
==13582==    by 0x7: ???
==13582==    by 0xF: ???
==13582==    by 0x755817: ??? (in /mnt/c/Users/Juan/Documents/GitHub/Mapanare/mapanare/self/mnc-stage1)
==13582== 
==13582== 43 bytes in 1 blocks are indirectly lost in loss record 509 of 833
==13582==    at 0x484D953: calloc (in /usr/libexec/valgrind/vgpreload_memcheck-amd64-linux.so)
==13582==    by 0x739049: __mn_alloc (in /mnt/c/Users/Juan/Documents/GitHub/Mapanare/mapanare/self/mnc-stage1)
==13582==    by 0x739C2E: __mn_str_concat (in /mnt/c/Users/Juan/Documents/GitHub/Mapanare/mapanare/self/mnc-stage1)
==13582==    by 0x688BB5: emit_llvm_ir__emit_call_ir (in /mnt/c/Users/Juan/Documents/GitHub/Mapanare/mapanare/self/mnc-stage1)
==13582==    by 0x6AD2F9F: ???
==13582==    by 0x8000000000000004: ???
==13582==    by 0x800000000000000C: ???
==13582==    by 0x8000000000000016: ???
==13582==    by 0x8000000000000018: ???
==13582==    by 0x8000000000000020: ???
==13582==    by 0x8000000000000021: ???
==13582==    by 0x8000000000000028: ???
==13582==    by 0x6ADE4BF: ???
==13582==    by 0x3: ???
==13582==    by 0x6ADE52F: ???
==13582==    by 0x2: ???
==13582==    by 0x7: ???
==13582==    by 0xF: ???
==13582==    by 0x755817: ??? (in /mnt/c/Users/Juan/Documents/GitHub/Mapanare/mapanare/self/mnc-stage1)
==13582== 
==13582== 45 bytes in 1 blocks are indirectly lost in loss record 510 of 833
==13582==    at 0x484D953: calloc (in /usr/libexec/valgrind/vgpreload_memcheck-amd64-linux.so)
==13582==    by 0x739049: __mn_alloc (in /mnt/c/Users/Juan/Documents/GitHub/Mapanare/mapanare/self/mnc-stage1)
==13582==    by 0x739C2E: __mn_str_concat (in /mnt/c/Users/Juan/Documents/GitHub/Mapanare/mapanare/self/mnc-stage1)
==13582==    by 0x688BB5: emit_llvm_ir__emit_call_ir (in /mnt/c/Users/Juan/Documents/GitHub/Mapanare/mapanare/self/mnc-stage1)
==13582==    by 0x6AD2F9F: ???
==13582==    by 0x8000000000000005: ???
==13582==    by 0x800000000000000D: ???
==13582==    by 0x8000000000000017: ???
==13582==    by 0x8000000000000019: ???
==13582==    by 0x8000000000000021: ???
==13582==    by 0x8000000000000022: ???
==13582==    by 0x800000000000002A: ???
==13582==    by 0x6ADEBAF: ???
==13582==    by 0x3: ???
==13582==    by 0x6ADEC1F: ???
==13582==    by 0x2: ???
==13582==    by 0x7: ???
==13582==    by 0xF: ???
==13582==    by 0x755817: ??? (in /mnt/c/Users/Juan/Documents/GitHub/Mapanare/mapanare/self/mnc-stage1)
==13582== 
==13582== 48 bytes in 1 blocks are indirectly lost in loss record 511 of 833
==13582==    at 0x4846828: malloc (in /usr/libexec/valgrind/vgpreload_memcheck-amd64-linux.so)
==13582==    by 0x433DC0: parser__parse_match_expr (in /mnt/c/Users/Juan/Documents/GitHub/Mapanare/mapanare/self/mnc-stage1)
==13582== 
==13582== 48 bytes in 3 blocks are definitely lost in loss record 512 of 833
==13582==    at 0x4846828: malloc (in /usr/libexec/valgrind/vgpreload_memcheck-amd64-linux.so)
==13582==    by 0x73DDF9: __mn_range (in /mnt/c/Users/Juan/Documents/GitHub/Mapanare/mapanare/self/mnc-stage1)
==13582==    by 0x42308E: parser__skip_semis (in /mnt/c/Users/Juan/Documents/GitHub/Mapanare/mapanare/self/mnc-stage1)
==13582== 
==13582== 48 bytes in 3 blocks are definitely lost in loss record 513 of 833
==13582==    at 0x4846828: malloc (in /usr/libexec/valgrind/vgpreload_memcheck-amd64-linux.so)
==13582==    by 0x73DDF9: __mn_range (in /mnt/c/Users/Juan/Documents/GitHub/Mapanare/mapanare/self/mnc-stage1)
==13582==    by 0x42FA6B: parser__parse_expr (in /mnt/c/Users/Juan/Documents/GitHub/Mapanare/mapanare/self/mnc-stage1)
==13582==    by 0x9: ???
==13582== 
==13582== 48 bytes in 3 blocks are definitely lost in loss record 514 of 833
==13582==    at 0x4846828: malloc (in /usr/libexec/valgrind/vgpreload_memcheck-amd64-linux.so)
==13582==    by 0x73DDF9: __mn_range (in /mnt/c/Users/Juan/Documents/GitHub/Mapanare/mapanare/self/mnc-stage1)
==13582==    by 0x4380F6: semantic__scope_lookup (in /mnt/c/Users/Juan/Documents/GitHub/Mapanare/mapanare/self/mnc-stage1)
==13582==    by 0x10000000000: ???
==13582==    by 0x6A5CB27: ???
==13582==    by 0x6A9BC7F: ???
==13582==    by 0x3: ???
==13582== 
==13582== 48 bytes in 3 blocks are definitely lost in loss record 515 of 833
==13582==    at 0x4846828: malloc (in /usr/libexec/valgrind/vgpreload_memcheck-amd64-linux.so)
==13582==    by 0x73DDF9: __mn_range (in /mnt/c/Users/Juan/Documents/GitHub/Mapanare/mapanare/self/mnc-stage1)
==13582==    by 0x4380F6: semantic__scope_lookup (in /mnt/c/Users/Juan/Documents/GitHub/Mapanare/mapanare/self/mnc-stage1)
==13582==    by 0xFFFFFFFFFF: ???
==13582==    by 0x6A65927: ???
==13582==    by 0x6A9BC7F: ???
==13582==    by 0x8: ???
==13582== 
==13582== 48 bytes in 3 blocks are definitely lost in loss record 516 of 833
==13582==    at 0x4846828: malloc (in /usr/libexec/valgrind/vgpreload_memcheck-amd64-linux.so)
==13582==    by 0x73DDF9: __mn_range (in /mnt/c/Users/Juan/Documents/GitHub/Mapanare/mapanare/self/mnc-stage1)
==13582==    by 0x4A04DB: lower_state__is_struct_name (in /mnt/c/Users/Juan/Documents/GitHub/Mapanare/mapanare/self/mnc-stage1)
==13582==    by 0x10F: ???
==13582== 
==13582== 48 bytes in 3 blocks are definitely lost in loss record 517 of 833
==13582==    at 0x4846828: malloc (in /usr/libexec/valgrind/vgpreload_memcheck-amd64-linux.so)
==13582==    by 0x73DDF9: __mn_range (in /mnt/c/Users/Juan/Documents/GitHub/Mapanare/mapanare/self/mnc-stage1)
==13582==    by 0x69FEBB: emit_llvm__is_enum_type (in /mnt/c/Users/Juan/Documents/GitHub/Mapanare/mapanare/self/mnc-stage1)
==13582== 
==13582== 52 bytes in 1 blocks are indirectly lost in loss record 518 of 833
==13582==    at 0x484D953: calloc (in /usr/libexec/valgrind/vgpreload_memcheck-amd64-linux.so)
==13582==    by 0x739049: __mn_alloc (in /mnt/c/Users/Juan/Documents/GitHub/Mapanare/mapanare/self/mnc-stage1)
==13582==    by 0x739C2E: __mn_str_concat (in /mnt/c/Users/Juan/Documents/GitHub/Mapanare/mapanare/self/mnc-stage1)
==13582==    by 0x6B11D4: emit_llvm__emit_const (in /mnt/c/Users/Juan/Documents/GitHub/Mapanare/mapanare/self/mnc-stage1)
==13582==    by 0x8000000000000002: ???
==13582==    by 0x2: ???
==13582==    by 0x6AA5BCF: ???
==13582==    by 0x6AD3F9F: ???
==13582== 
==13582== 54 bytes in 1 blocks are indirectly lost in loss record 519 of 833
==13582==    at 0x484D953: calloc (in /usr/libexec/valgrind/vgpreload_memcheck-amd64-linux.so)
==13582==    by 0x739049: __mn_alloc (in /mnt/c/Users/Juan/Documents/GitHub/Mapanare/mapanare/self/mnc-stage1)
==13582==    by 0x73980B: __mn_str_from_parts (in /mnt/c/Users/Juan/Documents/GitHub/Mapanare/mapanare/self/mnc-stage1)
==13582==    by 0x68DA16: emit_llvm__declare_runtime_fn (in /mnt/c/Users/Juan/Documents/GitHub/Mapanare/mapanare/self/mnc-stage1)
==13582==    by 0x9: ???
==13582==    by 0x6ABC46F: ???
==13582==    by 0xF: ???
==13582== 
==13582== 56 bytes in 1 blocks are indirectly lost in loss record 520 of 833
==13582==    at 0x4846828: malloc (in /usr/libexec/valgrind/vgpreload_memcheck-amd64-linux.so)
==13582==    by 0x478338: semantic__register_def (in /mnt/c/Users/Juan/Documents/GitHub/Mapanare/mapanare/self/mnc-stage1)
==13582== 
==13582== 56 bytes in 1 blocks are indirectly lost in loss record 521 of 833
==13582==    at 0x4846828: malloc (in /usr/libexec/valgrind/vgpreload_memcheck-amd64-linux.so)
==13582==    by 0x481ED5: semantic__check_fn_body (in /mnt/c/Users/Juan/Documents/GitHub/Mapanare/mapanare/self/mnc-stage1)
==13582== 
==13582== 56 bytes in 1 blocks are indirectly lost in loss record 522 of 833
==13582==    at 0x484D953: calloc (in /usr/libexec/valgrind/vgpreload_memcheck-amd64-linux.so)
==13582==    by 0x739049: __mn_alloc (in /mnt/c/Users/Juan/Documents/GitHub/Mapanare/mapanare/self/mnc-stage1)
==13582==    by 0x739C2E: __mn_str_concat (in /mnt/c/Users/Juan/Documents/GitHub/Mapanare/mapanare/self/mnc-stage1)
==13582==    by 0x6B11D4: emit_llvm__emit_const (in /mnt/c/Users/Juan/Documents/GitHub/Mapanare/mapanare/self/mnc-stage1)
==13582==    by 0x8000000000000002: ???
==13582== 
==13582== 56 bytes in 1 blocks are definitely lost in loss record 523 of 833
==13582==    at 0x484D953: calloc (in /usr/libexec/valgrind/vgpreload_memcheck-amd64-linux.so)
==13582==    by 0x415B0F: compile (in /mnt/c/Users/Juan/Documents/GitHub/Mapanare/mapanare/self/mnc-stage1)
==13582== 
==13582== 56 bytes in 1 blocks are definitely lost in loss record 524 of 833
==13582==    at 0x4846828: malloc (in /usr/libexec/valgrind/vgpreload_memcheck-amd64-linux.so)
==13582==    by 0x48A783: semantic__register_builtins (in /mnt/c/Users/Juan/Documents/GitHub/Mapanare/mapanare/self/mnc-stage1)
==13582== 
==13582== 56 bytes in 1 blocks are definitely lost in loss record 525 of 833
==13582==    at 0x4846828: malloc (in /usr/libexec/valgrind/vgpreload_memcheck-amd64-linux.so)
==13582==    by 0x497FC2: semantic__register_builtins (in /mnt/c/Users/Juan/Documents/GitHub/Mapanare/mapanare/self/mnc-stage1)
==13582== 
==13582== 56 bytes in 1 blocks are definitely lost in loss record 526 of 833
==13582==    at 0x4846828: malloc (in /usr/libexec/valgrind/vgpreload_memcheck-amd64-linux.so)
==13582==    by 0x478338: semantic__register_def (in /mnt/c/Users/Juan/Documents/GitHub/Mapanare/mapanare/self/mnc-stage1)
==13582== 
==13582== 56 bytes in 28 blocks are definitely lost in loss record 527 of 833
==13582==    at 0x484D953: calloc (in /usr/libexec/valgrind/vgpreload_memcheck-amd64-linux.so)
==13582==    by 0x739049: __mn_alloc (in /mnt/c/Users/Juan/Documents/GitHub/Mapanare/mapanare/self/mnc-stage1)
==13582==    by 0x73980B: __mn_str_from_parts (in /mnt/c/Users/Juan/Documents/GitHub/Mapanare/mapanare/self/mnc-stage1)
==13582==    by 0x41FA6B: lexer__scan_ident (in /mnt/c/Users/Juan/Documents/GitHub/Mapanare/mapanare/self/mnc-stage1)
==13582==    by 0x75156F: ??? (in /mnt/c/Users/Juan/Documents/GitHub/Mapanare/mapanare/self/mnc-stage1)
==13582== 
==13582== 58 bytes in 1 blocks are definitely lost in loss record 528 of 833
==13582==    at 0x484D953: calloc (in /usr/libexec/valgrind/vgpreload_memcheck-amd64-linux.so)
==13582==    by 0x739049: __mn_alloc (in /mnt/c/Users/Juan/Documents/GitHub/Mapanare/mapanare/self/mnc-stage1)
==13582==    by 0x73980B: __mn_str_from_parts (in /mnt/c/Users/Juan/Documents/GitHub/Mapanare/mapanare/self/mnc-stage1)
==13582==    by 0x413A7B: dir_of_path (in /mnt/c/Users/Juan/Documents/GitHub/Mapanare/mapanare/self/mnc-stage1)
==13582== 
==13582== 64 bytes in 4 blocks are definitely lost in loss record 529 of 833
==13582==    at 0x4846828: malloc (in /usr/libexec/valgrind/vgpreload_memcheck-amd64-linux.so)
==13582==    by 0x73DDF9: __mn_range (in /mnt/c/Users/Juan/Documents/GitHub/Mapanare/mapanare/self/mnc-stage1)
==13582==    by 0x42FA6B: parser__parse_expr (in /mnt/c/Users/Juan/Documents/GitHub/Mapanare/mapanare/self/mnc-stage1)
==13582==    by 0x3F: ???
==13582== 
==13582== 64 bytes in 4 blocks are definitely lost in loss record 530 of 833
==13582==    at 0x484D953: calloc (in /usr/libexec/valgrind/vgpreload_memcheck-amd64-linux.so)
==13582==    by 0x739049: __mn_alloc (in /mnt/c/Users/Juan/Documents/GitHub/Mapanare/mapanare/self/mnc-stage1)
==13582==    by 0x739C2E: __mn_str_concat (in /mnt/c/Users/Juan/Documents/GitHub/Mapanare/mapanare/self/mnc-stage1)
==13582==    by 0x5CC236: lower__lower_call_by_name (in /mnt/c/Users/Juan/Documents/GitHub/Mapanare/mapanare/self/mnc-stage1)
==13582==    by 0x1F: ???
==13582==    by 0x7: ???
==13582==    by 0x6AAA78F: ???
==13582== 
==13582== 64 bytes in 4 blocks are definitely lost in loss record 531 of 833
==13582==    at 0x4846828: malloc (in /usr/libexec/valgrind/vgpreload_memcheck-amd64-linux.so)
==13582==    by 0x73DDF9: __mn_range (in /mnt/c/Users/Juan/Documents/GitHub/Mapanare/mapanare/self/mnc-stage1)
==13582==    by 0x679822: mir_opt__find_const_ty (in /mnt/c/Users/Juan/Documents/GitHub/Mapanare/mapanare/self/mnc-stage1)
==13582== 
==13582== 66 bytes in 2 blocks are indirectly lost in loss record 532 of 833
==13582==    at 0x484D953: calloc (in /usr/libexec/valgrind/vgpreload_memcheck-amd64-linux.so)
==13582==    by 0x739049: __mn_alloc (in /mnt/c/Users/Juan/Documents/GitHub/Mapanare/mapanare/self/mnc-stage1)
==13582==    by 0x73980B: __mn_str_from_parts (in /mnt/c/Users/Juan/Documents/GitHub/Mapanare/mapanare/self/mnc-stage1)
==13582==    by 0x68DA16: emit_llvm__declare_runtime_fn (in /mnt/c/Users/Juan/Documents/GitHub/Mapanare/mapanare/self/mnc-stage1)
==13582==    by 0x3: ???
==13582==    by 0x6AC147F: ???
==13582==    by 0xF: ???
==13582== 
==13582== 66 bytes in 33 blocks are definitely lost in loss record 533 of 833
==13582==    at 0x484D953: calloc (in /usr/libexec/valgrind/vgpreload_memcheck-amd64-linux.so)
==13582==    by 0x739049: __mn_alloc (in /mnt/c/Users/Juan/Documents/GitHub/Mapanare/mapanare/self/mnc-stage1)
==13582==    by 0x73980B: __mn_str_from_parts (in /mnt/c/Users/Juan/Documents/GitHub/Mapanare/mapanare/self/mnc-stage1)
==13582==    by 0x42094C: lexer__scan_string (in /mnt/c/Users/Juan/Documents/GitHub/Mapanare/mapanare/self/mnc-stage1)
==13582== 
==13582== 70 bytes in 1 blocks are indirectly lost in loss record 534 of 833
==13582==    at 0x484D953: calloc (in /usr/libexec/valgrind/vgpreload_memcheck-amd64-linux.so)
==13582==    by 0x739049: __mn_alloc (in /mnt/c/Users/Juan/Documents/GitHub/Mapanare/mapanare/self/mnc-stage1)
==13582==    by 0x739C2E: __mn_str_concat (in /mnt/c/Users/Juan/Documents/GitHub/Mapanare/mapanare/self/mnc-stage1)
==13582==    by 0x6B1392: emit_llvm__emit_const (in /mnt/c/Users/Juan/Documents/GitHub/Mapanare/mapanare/self/mnc-stage1)
==13582==    by 0x8000000000000002: ???
==13582==    by 0x2: ???
==13582==    by 0x6AA5BCF: ???
==13582==    by 0x6AD3F9F: ???
==13582== 
==13582== 70 bytes in 1 blocks are indirectly lost in loss record 535 of 833
==13582==    at 0x484D953: calloc (in /usr/libexec/valgrind/vgpreload_memcheck-amd64-linux.so)
==13582==    by 0x739049: __mn_alloc (in /mnt/c/Users/Juan/Documents/GitHub/Mapanare/mapanare/self/mnc-stage1)
==13582==    by 0x739C2E: __mn_str_concat (in /mnt/c/Users/Juan/Documents/GitHub/Mapanare/mapanare/self/mnc-stage1)
==13582==    by 0x6B1392: emit_llvm__emit_const (in /mnt/c/Users/Juan/Documents/GitHub/Mapanare/mapanare/self/mnc-stage1)
==13582==    by 0x8000000000000002: ???
==13582== 
==13582== 74 bytes in 1 blocks are indirectly lost in loss record 536 of 833
==13582==    at 0x484D953: calloc (in /usr/libexec/valgrind/vgpreload_memcheck-amd64-linux.so)
==13582==    by 0x739049: __mn_alloc (in /mnt/c/Users/Juan/Documents/GitHub/Mapanare/mapanare/self/mnc-stage1)
==13582==    by 0x739C2E: __mn_str_concat (in /mnt/c/Users/Juan/Documents/GitHub/Mapanare/mapanare/self/mnc-stage1)
==13582==    by 0x68DA16: emit_llvm__declare_runtime_fn (in /mnt/c/Users/Juan/Documents/GitHub/Mapanare/mapanare/self/mnc-stage1)
==13582==    by 0x18: ???
==13582==    by 0x6ABDB0F: ???
==13582==    by 0xF: ???
==13582== 
==13582== 75 bytes in 1 blocks are indirectly lost in loss record 537 of 833
==13582==    at 0x484D953: calloc (in /usr/libexec/valgrind/vgpreload_memcheck-amd64-linux.so)
==13582==    by 0x739049: __mn_alloc (in /mnt/c/Users/Juan/Documents/GitHub/Mapanare/mapanare/self/mnc-stage1)
==13582==    by 0x739C2E: __mn_str_concat (in /mnt/c/Users/Juan/Documents/GitHub/Mapanare/mapanare/self/mnc-stage1)
==13582==    by 0x68DA16: emit_llvm__declare_runtime_fn (in /mnt/c/Users/Juan/Documents/GitHub/Mapanare/mapanare/self/mnc-stage1)
==13582==    by 0x5: ???
==13582==    by 0x6ABDB0F: ???
==13582==    by 0xF: ???
==13582== 
==13582== 76 bytes in 1 blocks are indirectly lost in loss record 538 of 833
==13582==    at 0x484D953: calloc (in /usr/libexec/valgrind/vgpreload_memcheck-amd64-linux.so)
==13582==    by 0x739049: __mn_alloc (in /mnt/c/Users/Juan/Documents/GitHub/Mapanare/mapanare/self/mnc-stage1)
==13582==    by 0x739732: __mn_str_from_cstr (in /mnt/c/Users/Juan/Documents/GitHub/Mapanare/mapanare/self/mnc-stage1)
==13582==    by 0x418B0A: mn_main (in /mnt/c/Users/Juan/Documents/GitHub/Mapanare/mapanare/self/mnc-stage1)
==13582==    by 0x4989A63: clone (clone.S:100)
==13582== 
==13582== 78 bytes in 1 blocks are indirectly lost in loss record 539 of 833
==13582==    at 0x484D953: calloc (in /usr/libexec/valgrind/vgpreload_memcheck-amd64-linux.so)
==13582==    by 0x739049: __mn_alloc (in /mnt/c/Users/Juan/Documents/GitHub/Mapanare/mapanare/self/mnc-stage1)
==13582==    by 0x739C2E: __mn_str_concat (in /mnt/c/Users/Juan/Documents/GitHub/Mapanare/mapanare/self/mnc-stage1)
==13582==    by 0x68DA16: emit_llvm__declare_runtime_fn (in /mnt/c/Users/Juan/Documents/GitHub/Mapanare/mapanare/self/mnc-stage1)
==13582==    by 0x1: ???
==13582==    by 0x6AC83FF: ???
==13582==    by 0xF: ???
==13582== 
==13582== 78 bytes in 6 blocks are indirectly lost in loss record 540 of 833
==13582==    at 0x484D953: calloc (in /usr/libexec/valgrind/vgpreload_memcheck-amd64-linux.so)
==13582==    by 0x739049: __mn_alloc (in /mnt/c/Users/Juan/Documents/GitHub/Mapanare/mapanare/self/mnc-stage1)
==13582==    by 0x739C2E: __mn_str_concat (in /mnt/c/Users/Juan/Documents/GitHub/Mapanare/mapanare/self/mnc-stage1)
==13582==    by 0x72F0F7: emit_llvm__emit_mir_basic_block (in /mnt/c/Users/Juan/Documents/GitHub/Mapanare/mapanare/self/mnc-stage1)
==13582==    by 0x1F: ???
==13582==    by 0x6AD2F9F: ???
==13582== 
==13582== 80 bytes in 1 blocks are indirectly lost in loss record 541 of 833
==13582==    at 0x484D953: calloc (in /usr/libexec/valgrind/vgpreload_memcheck-amd64-linux.so)
==13582==    by 0x739049: __mn_alloc (in /mnt/c/Users/Juan/Documents/GitHub/Mapanare/mapanare/self/mnc-stage1)
==13582==    by 0x739C2E: __mn_str_concat (in /mnt/c/Users/Juan/Documents/GitHub/Mapanare/mapanare/self/mnc-stage1)
==13582==    by 0x68DA16: emit_llvm__declare_runtime_fn (in /mnt/c/Users/Juan/Documents/GitHub/Mapanare/mapanare/self/mnc-stage1)
==13582==    by 0x9: ???
==13582== 
==13582== 80 bytes in 5 blocks are indirectly lost in loss record 542 of 833
==13582==    at 0x4846828: malloc (in /usr/libexec/valgrind/vgpreload_memcheck-amd64-linux.so)
==13582==    by 0x432EAD: parser__parse_atom (in /mnt/c/Users/Juan/Documents/GitHub/Mapanare/mapanare/self/mnc-stage1)
==13582== 
==13582== 80 bytes in 5 blocks are indirectly lost in loss record 543 of 833
==13582==    at 0x4846828: malloc (in /usr/libexec/valgrind/vgpreload_memcheck-amd64-linux.so)
==13582==    by 0x43415D: parser__parse_match_arm_item (in /mnt/c/Users/Juan/Documents/GitHub/Mapanare/mapanare/self/mnc-stage1)
==13582==    by 0x6A8377F: ???
==13582==    by 0x6A8377F: ???
==13582==    by 0x54: ???
==13582==    by 0x7F: ???
==13582==    by 0x3F: ???
==13582== 
==13582== 80 bytes in 5 blocks are indirectly lost in loss record 544 of 833
==13582==    at 0x4846828: malloc (in /usr/libexec/valgrind/vgpreload_memcheck-amd64-linux.so)
==13582==    by 0x42F15E: parser__parse_stmt (in /mnt/c/Users/Juan/Documents/GitHub/Mapanare/mapanare/self/mnc-stage1)
==13582==    by 0x3F: ???
==13582== 
==13582== 80 bytes in 5 blocks are indirectly lost in loss record 545 of 833
==13582==    at 0x4846828: malloc (in /usr/libexec/valgrind/vgpreload_memcheck-amd64-linux.so)
==13582==    by 0x65F6C9: lower__lower_match (in /mnt/c/Users/Juan/Documents/GitHub/Mapanare/mapanare/self/mnc-stage1)
==13582== 
==13582== 80 bytes in 1 blocks are definitely lost in loss record 546 of 833
==13582==    at 0x484D953: calloc (in /usr/libexec/valgrind/vgpreload_memcheck-amd64-linux.so)
==13582==    by 0x739049: __mn_alloc (in /mnt/c/Users/Juan/Documents/GitHub/Mapanare/mapanare/self/mnc-stage1)
==13582==    by 0x73AD5A: __mn_list_push (in /mnt/c/Users/Juan/Documents/GitHub/Mapanare/mapanare/self/mnc-stage1)
==13582==    by 0x4D319E: lower__lower_fn (in /mnt/c/Users/Juan/Documents/GitHub/Mapanare/mapanare/self/mnc-stage1)
==13582== 
==13582== 80 bytes in 1 blocks are definitely lost in loss record 547 of 833
==13582==    at 0x484D953: calloc (in /usr/libexec/valgrind/vgpreload_memcheck-amd64-linux.so)
==13582==    by 0x739049: __mn_alloc (in /mnt/c/Users/Juan/Documents/GitHub/Mapanare/mapanare/self/mnc-stage1)
==13582==    by 0x73AD5A: __mn_list_push (in /mnt/c/Users/Juan/Documents/GitHub/Mapanare/mapanare/self/mnc-stage1)
==13582==    by 0x650723: lower__build_match_arms (in /mnt/c/Users/Juan/Documents/GitHub/Mapanare/mapanare/self/mnc-stage1)
==13582==    by 0xFFFFFFFFFFFFFF: ???
==13582==    by 0x800000000000000B: ???
==13582==    by 0x8000000000000009: ???
==13582==    by 0x6AA3DDF: ???
==13582==    by 0x6AA3E7F: ???
==13582== 
==13582== 80 bytes in 5 blocks are definitely lost in loss record 548 of 833
==13582==    at 0x4846828: malloc (in /usr/libexec/valgrind/vgpreload_memcheck-amd64-linux.so)
==13582==    by 0x73DDF9: __mn_range (in /mnt/c/Users/Juan/Documents/GitHub/Mapanare/mapanare/self/mnc-stage1)
==13582==    by 0x420865: lexer__scan_string (in /mnt/c/Users/Juan/Documents/GitHub/Mapanare/mapanare/self/mnc-stage1)
==13582== 
==13582== 80 bytes in 5 blocks are definitely lost in loss record 549 of 833
==13582==    at 0x4846828: malloc (in /usr/libexec/valgrind/vgpreload_memcheck-amd64-linux.so)
==13582==    by 0x73DDF9: __mn_range (in /mnt/c/Users/Juan/Documents/GitHub/Mapanare/mapanare/self/mnc-stage1)
==13582==    by 0x4A02FF: lower_state__lookup_var (in /mnt/c/Users/Juan/Documents/GitHub/Mapanare/mapanare/self/mnc-stage1)
==13582== 
==13582== 86 bytes in 43 blocks are definitely lost in loss record 550 of 833
==13582==    at 0x484D953: calloc (in /usr/libexec/valgrind/vgpreload_memcheck-amd64-linux.so)
==13582==    by 0x739049: __mn_alloc (in /mnt/c/Users/Juan/Documents/GitHub/Mapanare/mapanare/self/mnc-stage1)
==13582==    by 0x73980B: __mn_str_from_parts (in /mnt/c/Users/Juan/Documents/GitHub/Mapanare/mapanare/self/mnc-stage1)
==13582==    by 0x420FFD: lexer__scan_op (in /mnt/c/Users/Juan/Documents/GitHub/Mapanare/mapanare/self/mnc-stage1)
==13582==    by 0x1102: ???
==13582==    by 0x6A73417: ???
==13582== 
==13582== 88 bytes in 1 blocks are indirectly lost in loss record 551 of 833
==13582==    at 0x4846828: malloc (in /usr/libexec/valgrind/vgpreload_memcheck-amd64-linux.so)
==13582==    by 0x4D562D: lower__lower_fn (in /mnt/c/Users/Juan/Documents/GitHub/Mapanare/mapanare/self/mnc-stage1)
==13582== 
==13582== 88 bytes in 1 blocks are indirectly lost in loss record 552 of 833
==13582==    at 0x484D953: calloc (in /usr/libexec/valgrind/vgpreload_memcheck-amd64-linux.so)
==13582==    by 0x4D4C82: lower__lower_fn (in /mnt/c/Users/Juan/Documents/GitHub/Mapanare/mapanare/self/mnc-stage1)
==13582== 
==13582== 91 bytes in 2 blocks are indirectly lost in loss record 553 of 833
==13582==    at 0x484D953: calloc (in /usr/libexec/valgrind/vgpreload_memcheck-amd64-linux.so)
==13582==    by 0x739049: __mn_alloc (in /mnt/c/Users/Juan/Documents/GitHub/Mapanare/mapanare/self/mnc-stage1)
==13582==    by 0x73980B: __mn_str_from_parts (in /mnt/c/Users/Juan/Documents/GitHub/Mapanare/mapanare/self/mnc-stage1)
==13582==    by 0x68DA16: emit_llvm__declare_runtime_fn (in /mnt/c/Users/Juan/Documents/GitHub/Mapanare/mapanare/self/mnc-stage1)
==13582==    by 0x9: ???
==13582==    by 0x6AC147F: ???
==13582==    by 0xF: ???
==13582== 
==13582== 96 bytes in 6 blocks are definitely lost in loss record 554 of 833
==13582==    at 0x4846828: malloc (in /usr/libexec/valgrind/vgpreload_memcheck-amd64-linux.so)
==13582==    by 0x73DDF9: __mn_range (in /mnt/c/Users/Juan/Documents/GitHub/Mapanare/mapanare/self/mnc-stage1)
==13582==    by 0x72F18D: emit_llvm__emit_mir_basic_block (in /mnt/c/Users/Juan/Documents/GitHub/Mapanare/mapanare/self/mnc-stage1)
==13582==    by 0x1F: ???
==13582==    by 0x6AD2F9F: ???
==13582== 
==13582== 99 bytes in 2 blocks are indirectly lost in loss record 555 of 833
==13582==    at 0x484D953: calloc (in /usr/libexec/valgrind/vgpreload_memcheck-amd64-linux.so)
==13582==    by 0x739049: __mn_alloc (in /mnt/c/Users/Juan/Documents/GitHub/Mapanare/mapanare/self/mnc-stage1)
==13582==    by 0x739C2E: __mn_str_concat (in /mnt/c/Users/Juan/Documents/GitHub/Mapanare/mapanare/self/mnc-stage1)
==13582==    by 0x73121D: emit_llvm__emit_mir_function (in /mnt/c/Users/Juan/Documents/GitHub/Mapanare/mapanare/self/mnc-stage1)
==13582==    by 0x3F: ???
==13582== 
==13582== 112 bytes in 1 blocks are indirectly lost in loss record 556 of 833
==13582==    at 0x4846828: malloc (in /usr/libexec/valgrind/vgpreload_memcheck-amd64-linux.so)
==13582==    by 0x65B34B: lower__lower_match (in /mnt/c/Users/Juan/Documents/GitHub/Mapanare/mapanare/self/mnc-stage1)
==13582==    by 0x8000000000000002: ???
==13582==    by 0x800000000000000A: ???
==13582==    by 0x753CDF: ??? (in /mnt/c/Users/Juan/Documents/GitHub/Mapanare/mapanare/self/mnc-stage1)
==13582== 
==13582== 112 bytes in 1 blocks are indirectly lost in loss record 557 of 833
==13582==    at 0x4846828: malloc (in /usr/libexec/valgrind/vgpreload_memcheck-amd64-linux.so)
==13582==    by 0x65B34B: lower__lower_match (in /mnt/c/Users/Juan/Documents/GitHub/Mapanare/mapanare/self/mnc-stage1)
==13582==    by 0x8000000000000003: ???
==13582==    by 0x800000000000000A: ???
==13582==    by 0x753CDF: ??? (in /mnt/c/Users/Juan/Documents/GitHub/Mapanare/mapanare/self/mnc-stage1)
==13582== 
==13582== 112 bytes in 1 blocks are indirectly lost in loss record 558 of 833
==13582==    at 0x4846828: malloc (in /usr/libexec/valgrind/vgpreload_memcheck-amd64-linux.so)
==13582==    by 0x65B34B: lower__lower_match (in /mnt/c/Users/Juan/Documents/GitHub/Mapanare/mapanare/self/mnc-stage1)
==13582==    by 0x8000000000000003: ???
==13582==    by 0x800000000000000B: ???
==13582==    by 0x753CDF: ??? (in /mnt/c/Users/Juan/Documents/GitHub/Mapanare/mapanare/self/mnc-stage1)
==13582== 
==13582== 120 bytes in 1 blocks are indirectly lost in loss record 559 of 833
==13582==    at 0x4846828: malloc (in /usr/libexec/valgrind/vgpreload_memcheck-amd64-linux.so)
==13582==    by 0x661B42: lower__lower_match (in /mnt/c/Users/Juan/Documents/GitHub/Mapanare/mapanare/self/mnc-stage1)
==13582==    by 0x5: ???
==13582==    by 0x800000000000000E: ???
==13582== 
==13582== 125 bytes in 5 blocks are indirectly lost in loss record 560 of 833
==13582==    at 0x484D953: calloc (in /usr/libexec/valgrind/vgpreload_memcheck-amd64-linux.so)
==13582==    by 0x739049: __mn_alloc (in /mnt/c/Users/Juan/Documents/GitHub/Mapanare/mapanare/self/mnc-stage1)
==13582==    by 0x739C2E: __mn_str_concat (in /mnt/c/Users/Juan/Documents/GitHub/Mapanare/mapanare/self/mnc-stage1)
==13582==    by 0x6AB8A4: emit_llvm__emit_mir_by_kind (in /mnt/c/Users/Juan/Documents/GitHub/Mapanare/mapanare/self/mnc-stage1)
==13582== 
==13582== 127 bytes in 23 blocks are definitely lost in loss record 561 of 833
==13582==    at 0x484D953: calloc (in /usr/libexec/valgrind/vgpreload_memcheck-amd64-linux.so)
==13582==    by 0x739049: __mn_alloc (in /mnt/c/Users/Juan/Documents/GitHub/Mapanare/mapanare/self/mnc-stage1)
==13582==    by 0x739C2E: __mn_str_concat (in /mnt/c/Users/Juan/Documents/GitHub/Mapanare/mapanare/self/mnc-stage1)
==13582==    by 0x4208EB: lexer__scan_string (in /mnt/c/Users/Juan/Documents/GitHub/Mapanare/mapanare/self/mnc-stage1)
==13582== 
==13582== 128 bytes in 8 blocks are indirectly lost in loss record 562 of 833
==13582==    at 0x4846828: malloc (in /usr/libexec/valgrind/vgpreload_memcheck-amd64-linux.so)
==13582==    by 0x431081: parser__parse_call_args (in /mnt/c/Users/Juan/Documents/GitHub/Mapanare/mapanare/self/mnc-stage1)
==13582==    by 0x6A8377F: ???
==13582==    by 0x54: ???
==13582==    by 0x7F: ???
==13582==    by 0x3F: ???
==13582== 
==13582== 128 bytes in 8 blocks are definitely lost in loss record 563 of 833
==13582==    at 0x4846828: malloc (in /usr/libexec/valgrind/vgpreload_memcheck-amd64-linux.so)
==13582==    by 0x73DDF9: __mn_range (in /mnt/c/Users/Juan/Documents/GitHub/Mapanare/mapanare/self/mnc-stage1)
==13582==    by 0x430E1A: parser__parse_call_args (in /mnt/c/Users/Juan/Documents/GitHub/Mapanare/mapanare/self/mnc-stage1)
==13582==    by 0x6A8377F: ???
==13582==    by 0x54: ???
==13582==    by 0x7F: ???
==13582==    by 0x3F: ???
==13582== 
==13582== 128 bytes in 8 blocks are definitely lost in loss record 564 of 833
==13582==    at 0x4846828: malloc (in /usr/libexec/valgrind/vgpreload_memcheck-amd64-linux.so)
==13582==    by 0x73DDF9: __mn_range (in /mnt/c/Users/Juan/Documents/GitHub/Mapanare/mapanare/self/mnc-stage1)
==13582==    by 0x458FB5: semantic__check_call_expr (in /mnt/c/Users/Juan/Documents/GitHub/Mapanare/mapanare/self/mnc-stage1)
==13582== 
==13582== 136 bytes in 1 blocks are indirectly lost in loss record 565 of 833
==13582==    at 0x4846828: malloc (in /usr/libexec/valgrind/vgpreload_memcheck-amd64-linux.so)
==13582==    by 0x655938: lower__lower_match (in /mnt/c/Users/Juan/Documents/GitHub/Mapanare/mapanare/self/mnc-stage1)
==13582==    by 0x3F: ???
==13582== 
==13582== 142 bytes in 12 blocks are indirectly lost in loss record 566 of 833
==13582==    at 0x484D953: calloc (in /usr/libexec/valgrind/vgpreload_memcheck-amd64-linux.so)
==13582==    by 0x739049: __mn_alloc (in /mnt/c/Users/Juan/Documents/GitHub/Mapanare/mapanare/self/mnc-stage1)
==13582==    by 0x739C2E: __mn_str_concat (in /mnt/c/Users/Juan/Documents/GitHub/Mapanare/mapanare/self/mnc-stage1)
==13582==    by 0x49ADC9: lower_state__fresh_block_label (in /mnt/c/Users/Juan/Documents/GitHub/Mapanare/mapanare/self/mnc-stage1)
==13582== 
==13582== 144 bytes in 1 blocks are indirectly lost in loss record 567 of 833
==13582==    at 0x484D953: calloc (in /usr/libexec/valgrind/vgpreload_memcheck-amd64-linux.so)
==13582==    by 0x739049: __mn_alloc (in /mnt/c/Users/Juan/Documents/GitHub/Mapanare/mapanare/self/mnc-stage1)
==13582==    by 0x73AD5A: __mn_list_push (in /mnt/c/Users/Juan/Documents/GitHub/Mapanare/mapanare/self/mnc-stage1)
==13582==    by 0x42ED12: parser__parse_block (in /mnt/c/Users/Juan/Documents/GitHub/Mapanare/mapanare/self/mnc-stage1)
==13582==    by 0x6A88BFF: ???
==13582==    by 0x30: ???
==13582== 
==13582== 144 bytes in 1 blocks are indirectly lost in loss record 568 of 833
==13582==    at 0x484D953: calloc (in /usr/libexec/valgrind/vgpreload_memcheck-amd64-linux.so)
==13582==    by 0x739049: __mn_alloc (in /mnt/c/Users/Juan/Documents/GitHub/Mapanare/mapanare/self/mnc-stage1)
==13582==    by 0x73AD5A: __mn_list_push (in /mnt/c/Users/Juan/Documents/GitHub/Mapanare/mapanare/self/mnc-stage1)
==13582==    by 0x42ED12: parser__parse_block (in /mnt/c/Users/Juan/Documents/GitHub/Mapanare/mapanare/self/mnc-stage1)
==13582==    by 0x6A8B83F: ???
==13582==    by 0x3E: ???
==13582== 
==13582== 144 bytes in 1 blocks are indirectly lost in loss record 569 of 833
==13582==    at 0x4846828: malloc (in /usr/libexec/valgrind/vgpreload_memcheck-amd64-linux.so)
==13582==    by 0x4CE3C3: lower__bind_fn_params (in /mnt/c/Users/Juan/Documents/GitHub/Mapanare/mapanare/self/mnc-stage1)
==13582== 
==13582== 144 bytes in 1 blocks are indirectly lost in loss record 570 of 833
==13582==    at 0x484D953: calloc (in /usr/libexec/valgrind/vgpreload_memcheck-amd64-linux.so)
==13582==    by 0x739049: __mn_alloc (in /mnt/c/Users/Juan/Documents/GitHub/Mapanare/mapanare/self/mnc-stage1)
==13582==    by 0x73AD5A: __mn_list_push (in /mnt/c/Users/Juan/Documents/GitHub/Mapanare/mapanare/self/mnc-stage1)
==13582==    by 0x49D84D: lower_state__emit_instr (in /mnt/c/Users/Juan/Documents/GitHub/Mapanare/mapanare/self/mnc-stage1)
==13582==    by 0xF: ???
==13582==    by 0x37: ???
==13582== 
==13582== 144 bytes in 1 blocks are indirectly lost in loss record 571 of 833
==13582==    at 0x484D953: calloc (in /usr/libexec/valgrind/vgpreload_memcheck-amd64-linux.so)
==13582==    by 0x739049: __mn_alloc (in /mnt/c/Users/Juan/Documents/GitHub/Mapanare/mapanare/self/mnc-stage1)
==13582==    by 0x73AD5A: __mn_list_push (in /mnt/c/Users/Juan/Documents/GitHub/Mapanare/mapanare/self/mnc-stage1)
==13582==    by 0x689693: emit_llvm__build_internal_struct_list (in /mnt/c/Users/Juan/Documents/GitHub/Mapanare/mapanare/self/mnc-stage1)
==13582== 
==13582== 144 bytes in 1 blocks are indirectly lost in loss record 572 of 833
==13582==    at 0x484D953: calloc (in /usr/libexec/valgrind/vgpreload_memcheck-amd64-linux.so)
==13582==    by 0x739049: __mn_alloc (in /mnt/c/Users/Juan/Documents/GitHub/Mapanare/mapanare/self/mnc-stage1)
==13582==    by 0x73AD5A: __mn_list_push (in /mnt/c/Users/Juan/Documents/GitHub/Mapanare/mapanare/self/mnc-stage1)
==13582==    by 0x68A21B: emit_llvm__build_internal_struct_list (in /mnt/c/Users/Juan/Documents/GitHub/Mapanare/mapanare/self/mnc-stage1)
==13582==    by 0xF: ???
==13582== 
==13582== 144 bytes in 1 blocks are indirectly lost in loss record 573 of 833
==13582==    at 0x484D953: calloc (in /usr/libexec/valgrind/vgpreload_memcheck-amd64-linux.so)
==13582==    by 0x739049: __mn_alloc (in /mnt/c/Users/Juan/Documents/GitHub/Mapanare/mapanare/self/mnc-stage1)
==13582==    by 0x73AD5A: __mn_list_push (in /mnt/c/Users/Juan/Documents/GitHub/Mapanare/mapanare/self/mnc-stage1)
==13582==    by 0x68A3A3: emit_llvm__build_internal_struct_list (in /mnt/c/Users/Juan/Documents/GitHub/Mapanare/mapanare/self/mnc-stage1)
==13582==    by 0xF: ???
==13582== 
==13582== 144 bytes in 1 blocks are indirectly lost in loss record 574 of 833
==13582==    at 0x484D953: calloc (in /usr/libexec/valgrind/vgpreload_memcheck-amd64-linux.so)
==13582==    by 0x739049: __mn_alloc (in /mnt/c/Users/Juan/Documents/GitHub/Mapanare/mapanare/self/mnc-stage1)
==13582==    by 0x73AD5A: __mn_list_push (in /mnt/c/Users/Juan/Documents/GitHub/Mapanare/mapanare/self/mnc-stage1)
==13582==    by 0x68A576: emit_llvm__build_internal_struct_list (in /mnt/c/Users/Juan/Documents/GitHub/Mapanare/mapanare/self/mnc-stage1)
==13582==    by 0xF: ???
==13582== 
==13582== 144 bytes in 1 blocks are indirectly lost in loss record 575 of 833
==13582==    at 0x484D953: calloc (in /usr/libexec/valgrind/vgpreload_memcheck-amd64-linux.so)
==13582==    by 0x739049: __mn_alloc (in /mnt/c/Users/Juan/Documents/GitHub/Mapanare/mapanare/self/mnc-stage1)
==13582==    by 0x73AD5A: __mn_list_push (in /mnt/c/Users/Juan/Documents/GitHub/Mapanare/mapanare/self/mnc-stage1)
==13582==    by 0x68A7BB: emit_llvm__build_internal_struct_list (in /mnt/c/Users/Juan/Documents/GitHub/Mapanare/mapanare/self/mnc-stage1)
==13582==    by 0x4: ???
==13582==    by 0x7: ???
==13582==    by 0x6AB986F: ???
==13582==    by 0x7: ???
==13582==    by 0xF: ???
==13582== 
==13582== 144 bytes in 1 blocks are indirectly lost in loss record 576 of 833
==13582==    at 0x484D953: calloc (in /usr/libexec/valgrind/vgpreload_memcheck-amd64-linux.so)
==13582==    by 0x739049: __mn_alloc (in /mnt/c/Users/Juan/Documents/GitHub/Mapanare/mapanare/self/mnc-stage1)
==13582==    by 0x73AD5A: __mn_list_push (in /mnt/c/Users/Juan/Documents/GitHub/Mapanare/mapanare/self/mnc-stage1)
==13582==    by 0x68A9AA: emit_llvm__build_internal_struct_list (in /mnt/c/Users/Juan/Documents/GitHub/Mapanare/mapanare/self/mnc-stage1)
==13582==    by 0x2: ???
==13582==    by 0x7: ???
==13582==    by 0x6AB999F: ???
==13582==    by 0x7: ???
==13582==    by 0xF: ???
==13582== 
==13582== 144 bytes in 1 blocks are indirectly lost in loss record 577 of 833
==13582==    at 0x484D953: calloc (in /usr/libexec/valgrind/vgpreload_memcheck-amd64-linux.so)
==13582==    by 0x739049: __mn_alloc (in /mnt/c/Users/Juan/Documents/GitHub/Mapanare/mapanare/self/mnc-stage1)
==13582==    by 0x73AD5A: __mn_list_push (in /mnt/c/Users/Juan/Documents/GitHub/Mapanare/mapanare/self/mnc-stage1)
==13582==    by 0x68AB99: emit_llvm__build_internal_struct_list (in /mnt/c/Users/Juan/Documents/GitHub/Mapanare/mapanare/self/mnc-stage1)
==13582==    by 0x2: ???
==13582==    by 0x7: ???
==13582==    by 0x6AB9ABF: ???
==13582==    by 0x7: ???
==13582==    by 0xF: ???
==13582== 
==13582== 144 bytes in 1 blocks are indirectly lost in loss record 578 of 833
==13582==    at 0x484D953: calloc (in /usr/libexec/valgrind/vgpreload_memcheck-amd64-linux.so)
==13582==    by 0x739049: __mn_alloc (in /mnt/c/Users/Juan/Documents/GitHub/Mapanare/mapanare/self/mnc-stage1)
==13582==    by 0x73AD5A: __mn_list_push (in /mnt/c/Users/Juan/Documents/GitHub/Mapanare/mapanare/self/mnc-stage1)
==13582==    by 0x68AD88: emit_llvm__build_internal_struct_list (in /mnt/c/Users/Juan/Documents/GitHub/Mapanare/mapanare/self/mnc-stage1)
==13582==    by 0x2: ???
==13582==    by 0x7: ???
==13582==    by 0x6ABA32F: ???
==13582==    by 0x7: ???
==13582==    by 0xF: ???
==13582== 
==13582== 144 bytes in 1 blocks are indirectly lost in loss record 579 of 833
==13582==    at 0x484D953: calloc (in /usr/libexec/valgrind/vgpreload_memcheck-amd64-linux.so)
==13582==    by 0x739049: __mn_alloc (in /mnt/c/Users/Juan/Documents/GitHub/Mapanare/mapanare/self/mnc-stage1)
==13582==    by 0x73AD5A: __mn_list_push (in /mnt/c/Users/Juan/Documents/GitHub/Mapanare/mapanare/self/mnc-stage1)
==13582==    by 0x68AF4C: emit_llvm__build_internal_struct_list (in /mnt/c/Users/Juan/Documents/GitHub/Mapanare/mapanare/self/mnc-stage1)
==13582==    by 0x1: ???
==13582==    by 0x7: ???
==13582==    by 0x6ABA45F: ???
==13582==    by 0x7: ???
==13582==    by 0xF: ???
==13582== 
==13582== 144 bytes in 1 blocks are indirectly lost in loss record 580 of 833
==13582==    at 0x484D953: calloc (in /usr/libexec/valgrind/vgpreload_memcheck-amd64-linux.so)
==13582==    by 0x739049: __mn_alloc (in /mnt/c/Users/Juan/Documents/GitHub/Mapanare/mapanare/self/mnc-stage1)
==13582==    by 0x73AD5A: __mn_list_push (in /mnt/c/Users/Juan/Documents/GitHub/Mapanare/mapanare/self/mnc-stage1)
==13582==    by 0x68B110: emit_llvm__build_internal_struct_list (in /mnt/c/Users/Juan/Documents/GitHub/Mapanare/mapanare/self/mnc-stage1)
==13582==    by 0x1: ???
==13582==    by 0x7: ???
==13582==    by 0x6ABA58F: ???
==13582==    by 0x7: ???
==13582==    by 0xF: ???
==13582== 
==13582== 144 bytes in 1 blocks are indirectly lost in loss record 581 of 833
==13582==    at 0x484D953: calloc (in /usr/libexec/valgrind/vgpreload_memcheck-amd64-linux.so)
==13582==    by 0x739049: __mn_alloc (in /mnt/c/Users/Juan/Documents/GitHub/Mapanare/mapanare/self/mnc-stage1)
==13582==    by 0x73AD5A: __mn_list_push (in /mnt/c/Users/Juan/Documents/GitHub/Mapanare/mapanare/self/mnc-stage1)
==13582==    by 0x68B355: emit_llvm__build_internal_struct_list (in /mnt/c/Users/Juan/Documents/GitHub/Mapanare/mapanare/self/mnc-stage1)
==13582==    by 0x4: ???
==13582==    by 0x7: ???
==13582==    by 0x6ABA6BF: ???
==13582==    by 0x7: ???
==13582==    by 0xF: ???
==13582== 
==13582== 144 bytes in 1 blocks are indirectly lost in loss record 582 of 833
==13582==    at 0x484D953: calloc (in /usr/libexec/valgrind/vgpreload_memcheck-amd64-linux.so)
==13582==    by 0x739049: __mn_alloc (in /mnt/c/Users/Juan/Documents/GitHub/Mapanare/mapanare/self/mnc-stage1)
==13582==    by 0x73AD5A: __mn_list_push (in /mnt/c/Users/Juan/Documents/GitHub/Mapanare/mapanare/self/mnc-stage1)
==13582==    by 0x68B544: emit_llvm__build_internal_struct_list (in /mnt/c/Users/Juan/Documents/GitHub/Mapanare/mapanare/self/mnc-stage1)
==13582==    by 0x2: ???
==13582==    by 0x7: ???
==13582==    by 0x6ABA7EF: ???
==13582==    by 0x7: ???
==13582==    by 0xF: ???
==13582== 
==13582== 144 bytes in 1 blocks are indirectly lost in loss record 583 of 833
==13582==    at 0x484D953: calloc (in /usr/libexec/valgrind/vgpreload_memcheck-amd64-linux.so)
==13582==    by 0x739049: __mn_alloc (in /mnt/c/Users/Juan/Documents/GitHub/Mapanare/mapanare/self/mnc-stage1)
==13582==    by 0x73AD5A: __mn_list_push (in /mnt/c/Users/Juan/Documents/GitHub/Mapanare/mapanare/self/mnc-stage1)
==13582==    by 0x68B708: emit_llvm__build_internal_struct_list (in /mnt/c/Users/Juan/Documents/GitHub/Mapanare/mapanare/self/mnc-stage1)
==13582==    by 0x1: ???
==13582==    by 0x7: ???
==13582==    by 0x6ABA91F: ???
==13582==    by 0x7: ???
==13582==    by 0xF: ???
==13582== 
==13582== 144 bytes in 1 blocks are indirectly lost in loss record 584 of 833
==13582==    at 0x484D953: calloc (in /usr/libexec/valgrind/vgpreload_memcheck-amd64-linux.so)
==13582==    by 0x739049: __mn_alloc (in /mnt/c/Users/Juan/Documents/GitHub/Mapanare/mapanare/self/mnc-stage1)
==13582==    by 0x73AD5A: __mn_list_push (in /mnt/c/Users/Juan/Documents/GitHub/Mapanare/mapanare/self/mnc-stage1)
==13582==    by 0x68B8CC: emit_llvm__build_internal_struct_list (in /mnt/c/Users/Juan/Documents/GitHub/Mapanare/mapanare/self/mnc-stage1)
==13582==    by 0x1: ???
==13582==    by 0x7: ???
==13582==    by 0x6ABAA4F: ???
==13582==    by 0x7: ???
==13582==    by 0xF: ???
==13582== 
==13582== 144 bytes in 1 blocks are indirectly lost in loss record 585 of 833
==13582==    at 0x484D953: calloc (in /usr/libexec/valgrind/vgpreload_memcheck-amd64-linux.so)
==13582==    by 0x739049: __mn_alloc (in /mnt/c/Users/Juan/Documents/GitHub/Mapanare/mapanare/self/mnc-stage1)
==13582==    by 0x73AD5A: __mn_list_push (in /mnt/c/Users/Juan/Documents/GitHub/Mapanare/mapanare/self/mnc-stage1)
==13582==    by 0x68BB11: emit_llvm__build_internal_struct_list (in /mnt/c/Users/Juan/Documents/GitHub/Mapanare/mapanare/self/mnc-stage1)
==13582==    by 0x4: ???
==13582==    by 0x7: ???
==13582==    by 0x6ABAB7F: ???
==13582==    by 0x7: ???
==13582==    by 0xF: ???
==13582== 
==13582== 144 bytes in 1 blocks are indirectly lost in loss record 586 of 833
==13582==    at 0x484D953: calloc (in /usr/libexec/valgrind/vgpreload_memcheck-amd64-linux.so)
==13582==    by 0x739049: __mn_alloc (in /mnt/c/Users/Juan/Documents/GitHub/Mapanare/mapanare/self/mnc-stage1)
==13582==    by 0x73AD5A: __mn_list_push (in /mnt/c/Users/Juan/Documents/GitHub/Mapanare/mapanare/self/mnc-stage1)
==13582==    by 0x68BD2B: emit_llvm__build_internal_struct_list (in /mnt/c/Users/Juan/Documents/GitHub/Mapanare/mapanare/self/mnc-stage1)
==13582==    by 0x3: ???
==13582==    by 0x7: ???
==13582==    by 0x6ABBAFF: ???
==13582==    by 0x7: ???
==13582==    by 0xF: ???
==13582== 
==13582== 144 bytes in 1 blocks are indirectly lost in loss record 587 of 833
==13582==    at 0x484D953: calloc (in /usr/libexec/valgrind/vgpreload_memcheck-amd64-linux.so)
==13582==    by 0x739049: __mn_alloc (in /mnt/c/Users/Juan/Documents/GitHub/Mapanare/mapanare/self/mnc-stage1)
==13582==    by 0x73AD5A: __mn_list_push (in /mnt/c/Users/Juan/Documents/GitHub/Mapanare/mapanare/self/mnc-stage1)
==13582==    by 0x68BEEF: emit_llvm__build_internal_struct_list (in /mnt/c/Users/Juan/Documents/GitHub/Mapanare/mapanare/self/mnc-stage1)
==13582==    by 0x1: ???
==13582==    by 0x7: ???
==13582==    by 0x6ABBC2F: ???
==13582==    by 0x7: ???
==13582==    by 0xF: ???
==13582== 
==13582== 144 bytes in 1 blocks are indirectly lost in loss record 588 of 833
==13582==    at 0x484D953: calloc (in /usr/libexec/valgrind/vgpreload_memcheck-amd64-linux.so)
==13582==    by 0x739049: __mn_alloc (in /mnt/c/Users/Juan/Documents/GitHub/Mapanare/mapanare/self/mnc-stage1)
==13582==    by 0x73AD5A: __mn_list_push (in /mnt/c/Users/Juan/Documents/GitHub/Mapanare/mapanare/self/mnc-stage1)
==13582==    by 0x68C15F: emit_llvm__build_internal_struct_list (in /mnt/c/Users/Juan/Documents/GitHub/Mapanare/mapanare/self/mnc-stage1)
==13582==    by 0x5: ???
==13582==    by 0x7: ???
==13582==    by 0x6ABBD5F: ???
==13582==    by 0x7: ???
==13582==    by 0xF: ???
==13582== 
==13582== 144 bytes in 1 blocks are indirectly lost in loss record 589 of 833
==13582==    at 0x484D953: calloc (in /usr/libexec/valgrind/vgpreload_memcheck-amd64-linux.so)
==13582==    by 0x739049: __mn_alloc (in /mnt/c/Users/Juan/Documents/GitHub/Mapanare/mapanare/self/mnc-stage1)
==13582==    by 0x73AD5A: __mn_list_push (in /mnt/c/Users/Juan/Documents/GitHub/Mapanare/mapanare/self/mnc-stage1)
==13582==    by 0x68C323: emit_llvm__build_internal_struct_list (in /mnt/c/Users/Juan/Documents/GitHub/Mapanare/mapanare/self/mnc-stage1)
==13582==    by 0x1: ???
==13582==    by 0x7: ???
==13582==    by 0x6ABBE8F: ???
==13582==    by 0x7: ???
==13582==    by 0xF: ???
==13582== 
==13582== 144 bytes in 1 blocks are indirectly lost in loss record 590 of 833
==13582==    at 0x484D953: calloc (in /usr/libexec/valgrind/vgpreload_memcheck-amd64-linux.so)
==13582==    by 0x739049: __mn_alloc (in /mnt/c/Users/Juan/Documents/GitHub/Mapanare/mapanare/self/mnc-stage1)
==13582==    by 0x73AD5A: __mn_list_push (in /mnt/c/Users/Juan/Documents/GitHub/Mapanare/mapanare/self/mnc-stage1)
==13582==    by 0x68C50C: emit_llvm__build_internal_struct_list (in /mnt/c/Users/Juan/Documents/GitHub/Mapanare/mapanare/self/mnc-stage1)
==13582==    by 0x2: ???
==13582==    by 0x7: ???
==13582==    by 0x6ABBFBF: ???
==13582==    by 0x7: ???
==13582==    by 0xF: ???
==13582== 
==13582== 144 bytes in 1 blocks are indirectly lost in loss record 591 of 833
==13582==    at 0x484D953: calloc (in /usr/libexec/valgrind/vgpreload_memcheck-amd64-linux.so)
==13582==    by 0x739049: __mn_alloc (in /mnt/c/Users/Juan/Documents/GitHub/Mapanare/mapanare/self/mnc-stage1)
==13582==    by 0x73AD5A: __mn_list_push (in /mnt/c/Users/Juan/Documents/GitHub/Mapanare/mapanare/self/mnc-stage1)
==13582==    by 0x737D28: emit_llvm__emit_mir_module (in /mnt/c/Users/Juan/Documents/GitHub/Mapanare/mapanare/self/mnc-stage1)
==13582==    by 0x3F: ???
==13582== 
==13582== 144 bytes in 1 blocks are indirectly lost in loss record 592 of 833
==13582==    at 0x484D953: calloc (in /usr/libexec/valgrind/vgpreload_memcheck-amd64-linux.so)
==13582==    by 0x739049: __mn_alloc (in /mnt/c/Users/Juan/Documents/GitHub/Mapanare/mapanare/self/mnc-stage1)
==13582==    by 0x73AD5A: __mn_list_push (in /mnt/c/Users/Juan/Documents/GitHub/Mapanare/mapanare/self/mnc-stage1)
==13582==    by 0x730A6C: emit_llvm__emit_mir_function (in /mnt/c/Users/Juan/Documents/GitHub/Mapanare/mapanare/self/mnc-stage1)
==13582==    by 0x3F: ???
==13582== 
==13582== 144 bytes in 9 blocks are indirectly lost in loss record 593 of 833
==13582==    at 0x4846828: malloc (in /usr/libexec/valgrind/vgpreload_memcheck-amd64-linux.so)
==13582==    by 0x433542: parser__parse_atom (in /mnt/c/Users/Juan/Documents/GitHub/Mapanare/mapanare/self/mnc-stage1)
==13582== 
==13582== 144 bytes in 1 blocks are definitely lost in loss record 594 of 833
==13582==    at 0x484D953: calloc (in /usr/libexec/valgrind/vgpreload_memcheck-amd64-linux.so)
==13582==    by 0x739049: __mn_alloc (in /mnt/c/Users/Juan/Documents/GitHub/Mapanare/mapanare/self/mnc-stage1)
==13582==    by 0x73AD5A: __mn_list_push (in /mnt/c/Users/Juan/Documents/GitHub/Mapanare/mapanare/self/mnc-stage1)
==13582==    by 0x415634: resolve_imports (in /mnt/c/Users/Juan/Documents/GitHub/Mapanare/mapanare/self/mnc-stage1)
==13582==    by 0x6A73667: ???
==13582==    by 0x54: ???
==13582== 
==13582== 144 bytes in 1 blocks are definitely lost in loss record 595 of 833
==13582==    at 0x484D953: calloc (in /usr/libexec/valgrind/vgpreload_memcheck-amd64-linux.so)
==13582==    by 0x739049: __mn_alloc (in /mnt/c/Users/Juan/Documents/GitHub/Mapanare/mapanare/self/mnc-stage1)
==13582==    by 0x73AD5A: __mn_list_push (in /mnt/c/Users/Juan/Documents/GitHub/Mapanare/mapanare/self/mnc-stage1)
==13582==    by 0x414B11: dedup_definitions (in /mnt/c/Users/Juan/Documents/GitHub/Mapanare/mapanare/self/mnc-stage1)
==13582==    by 0x9: ???
==13582== 
==13582== 144 bytes in 1 blocks are definitely lost in loss record 596 of 833
==13582==    at 0x484D953: calloc (in /usr/libexec/valgrind/vgpreload_memcheck-amd64-linux.so)
==13582==    by 0x739049: __mn_alloc (in /mnt/c/Users/Juan/Documents/GitHub/Mapanare/mapanare/self/mnc-stage1)
==13582==    by 0x73AD5A: __mn_list_push (in /mnt/c/Users/Juan/Documents/GitHub/Mapanare/mapanare/self/mnc-stage1)
==13582==    by 0x67DE48: mir_opt__dead_block_elim_function (in /mnt/c/Users/Juan/Documents/GitHub/Mapanare/mapanare/self/mnc-stage1)
==13582== 
==13582== 144 bytes in 1 blocks are definitely lost in loss record 597 of 833
==13582==    at 0x484D953: calloc (in /usr/libexec/valgrind/vgpreload_memcheck-amd64-linux.so)
==13582==    by 0x739049: __mn_alloc (in /mnt/c/Users/Juan/Documents/GitHub/Mapanare/mapanare/self/mnc-stage1)
==13582==    by 0x73AD5A: __mn_list_push (in /mnt/c/Users/Juan/Documents/GitHub/Mapanare/mapanare/self/mnc-stage1)
==13582==    by 0x67DB76: mir_opt__collect_phi_refs (in /mnt/c/Users/Juan/Documents/GitHub/Mapanare/mapanare/self/mnc-stage1)
==13582== 
==13582== 144 bytes in 1 blocks are definitely lost in loss record 598 of 833
==13582==    at 0x484D953: calloc (in /usr/libexec/valgrind/vgpreload_memcheck-amd64-linux.so)
==13582==    by 0x739049: __mn_alloc (in /mnt/c/Users/Juan/Documents/GitHub/Mapanare/mapanare/self/mnc-stage1)
==13582==    by 0x73AD5A: __mn_list_push (in /mnt/c/Users/Juan/Documents/GitHub/Mapanare/mapanare/self/mnc-stage1)
==13582==    by 0x67BFA1: mir_opt__collect_targets (in /mnt/c/Users/Juan/Documents/GitHub/Mapanare/mapanare/self/mnc-stage1)
==13582==    by 0x7: ???
==13582==    by 0x5: ???
==13582==    by 0x6AA40DF: ???
==13582== 
==13582== 144 bytes in 9 blocks are definitely lost in loss record 599 of 833
==13582==    at 0x4846828: malloc (in /usr/libexec/valgrind/vgpreload_memcheck-amd64-linux.so)
==13582==    by 0x73DDF9: __mn_range (in /mnt/c/Users/Juan/Documents/GitHub/Mapanare/mapanare/self/mnc-stage1)
==13582==    by 0x6796B2: mir_opt__find_const (in /mnt/c/Users/Juan/Documents/GitHub/Mapanare/mapanare/self/mnc-stage1)
==13582==    by 0x6AB04DF: ???
==13582== 
==13582== 145 bytes in 4 blocks are indirectly lost in loss record 600 of 833
==13582==    at 0x484D953: calloc (in /usr/libexec/valgrind/vgpreload_memcheck-amd64-linux.so)
==13582==    by 0x739049: __mn_alloc (in /mnt/c/Users/Juan/Documents/GitHub/Mapanare/mapanare/self/mnc-stage1)
==13582==    by 0x73980B: __mn_str_from_parts (in /mnt/c/Users/Juan/Documents/GitHub/Mapanare/mapanare/self/mnc-stage1)
==13582==    by 0x68DA16: emit_llvm__declare_runtime_fn (in /mnt/c/Users/Juan/Documents/GitHub/Mapanare/mapanare/self/mnc-stage1)
==13582==    by 0x2: ???
==13582==    by 0x6AC147F: ???
==13582==    by 0xF: ???
==13582== 
==13582== 151 bytes in 1 blocks are indirectly lost in loss record 601 of 833
==13582==    at 0x484D953: calloc (in /usr/libexec/valgrind/vgpreload_memcheck-amd64-linux.so)
==13582==    by 0x739049: __mn_alloc (in /mnt/c/Users/Juan/Documents/GitHub/Mapanare/mapanare/self/mnc-stage1)
==13582==    by 0x739C2E: __mn_str_concat (in /mnt/c/Users/Juan/Documents/GitHub/Mapanare/mapanare/self/mnc-stage1)
==13582==    by 0x72E691: emit_llvm__emit_mir_phi (in /mnt/c/Users/Juan/Documents/GitHub/Mapanare/mapanare/self/mnc-stage1)
==13582== 
==13582== 152 bytes in 2 blocks are indirectly lost in loss record 602 of 833
==13582==    at 0x484D953: calloc (in /usr/libexec/valgrind/vgpreload_memcheck-amd64-linux.so)
==13582==    by 0x739049: __mn_alloc (in /mnt/c/Users/Juan/Documents/GitHub/Mapanare/mapanare/self/mnc-stage1)
==13582==    by 0x739C2E: __mn_str_concat (in /mnt/c/Users/Juan/Documents/GitHub/Mapanare/mapanare/self/mnc-stage1)
==13582==    by 0x68DA16: emit_llvm__declare_runtime_fn (in /mnt/c/Users/Juan/Documents/GitHub/Mapanare/mapanare/self/mnc-stage1)
==13582==    by 0x1: ???
==13582==    by 0x6AC147F: ???
==13582==    by 0xF: ???
==13582== 
==13582== 160 bytes in 1 blocks are indirectly lost in loss record 603 of 833
==13582==    at 0x4846828: malloc (in /usr/libexec/valgrind/vgpreload_memcheck-amd64-linux.so)
==13582==    by 0x4CEED4: lower__bind_fn_params (in /mnt/c/Users/Juan/Documents/GitHub/Mapanare/mapanare/self/mnc-stage1)
==13582== 
==13582== 160 bytes in 1 blocks are indirectly lost in loss record 604 of 833
==13582==    at 0x4846828: malloc (in /usr/libexec/valgrind/vgpreload_memcheck-amd64-linux.so)
==13582==    by 0x6550CB: lower__lower_match (in /mnt/c/Users/Juan/Documents/GitHub/Mapanare/mapanare/self/mnc-stage1)
==13582==    by 0x3F: ???
==13582== 
==13582== 160 bytes in 10 blocks are definitely lost in loss record 605 of 833
==13582==    at 0x4846828: malloc (in /usr/libexec/valgrind/vgpreload_memcheck-amd64-linux.so)
==13582==    by 0x73DDF9: __mn_range (in /mnt/c/Users/Juan/Documents/GitHub/Mapanare/mapanare/self/mnc-stage1)
==13582==    by 0x42FA6B: parser__parse_expr (in /mnt/c/Users/Juan/Documents/GitHub/Mapanare/mapanare/self/mnc-stage1)
==13582== 
==13582== 166 bytes in 3 blocks are indirectly lost in loss record 606 of 833
==13582==    at 0x484D953: calloc (in /usr/libexec/valgrind/vgpreload_memcheck-amd64-linux.so)
==13582==    by 0x739049: __mn_alloc (in /mnt/c/Users/Juan/Documents/GitHub/Mapanare/mapanare/self/mnc-stage1)
==13582==    by 0x739C2E: __mn_str_concat (in /mnt/c/Users/Juan/Documents/GitHub/Mapanare/mapanare/self/mnc-stage1)
==13582==    by 0x6B11D4: emit_llvm__emit_const (in /mnt/c/Users/Juan/Documents/GitHub/Mapanare/mapanare/self/mnc-stage1)
==13582==    by 0x8000000000000003: ???
==13582== 
==13582== 167 bytes in 33 blocks are indirectly lost in loss record 607 of 833
==13582==    at 0x484D953: calloc (in /usr/libexec/valgrind/vgpreload_memcheck-amd64-linux.so)
==13582==    by 0x739049: __mn_alloc (in /mnt/c/Users/Juan/Documents/GitHub/Mapanare/mapanare/self/mnc-stage1)
==13582==    by 0x739C2E: __mn_str_concat (in /mnt/c/Users/Juan/Documents/GitHub/Mapanare/mapanare/self/mnc-stage1)
==13582==    by 0x499D82: lower_state__fresh_tmp (in /mnt/c/Users/Juan/Documents/GitHub/Mapanare/mapanare/self/mnc-stage1)
==13582==    by 0xFFFFFFFFFFFF: ???
==13582== 
==13582== 168 bytes in 1 blocks are indirectly lost in loss record 608 of 833
==13582==    at 0x484D953: calloc (in /usr/libexec/valgrind/vgpreload_memcheck-amd64-linux.so)
==13582==    by 0x48A53F: semantic__register_builtins (in /mnt/c/Users/Juan/Documents/GitHub/Mapanare/mapanare/self/mnc-stage1)
==13582== 
==13582== 168 bytes in 1 blocks are indirectly lost in loss record 609 of 833
==13582==    at 0x4846828: malloc (in /usr/libexec/valgrind/vgpreload_memcheck-amd64-linux.so)
==13582==    by 0x48A5C0: semantic__register_builtins (in /mnt/c/Users/Juan/Documents/GitHub/Mapanare/mapanare/self/mnc-stage1)
==13582== 
==13582== 168 bytes in 1 blocks are indirectly lost in loss record 610 of 833
==13582==    at 0x484D953: calloc (in /usr/libexec/valgrind/vgpreload_memcheck-amd64-linux.so)
==13582==    by 0x48A846: semantic__register_builtins (in /mnt/c/Users/Juan/Documents/GitHub/Mapanare/mapanare/self/mnc-stage1)
==13582== 
==13582== 168 bytes in 1 blocks are indirectly lost in loss record 611 of 833
==13582==    at 0x4846828: malloc (in /usr/libexec/valgrind/vgpreload_memcheck-amd64-linux.so)
==13582==    by 0x48A8CF: semantic__register_builtins (in /mnt/c/Users/Juan/Documents/GitHub/Mapanare/mapanare/self/mnc-stage1)
==13582== 
==13582== 168 bytes in 1 blocks are indirectly lost in loss record 612 of 833
==13582==    at 0x484D953: calloc (in /usr/libexec/valgrind/vgpreload_memcheck-amd64-linux.so)
==13582==    by 0x48AB24: semantic__register_builtins (in /mnt/c/Users/Juan/Documents/GitHub/Mapanare/mapanare/self/mnc-stage1)
==13582== 
==13582== 168 bytes in 1 blocks are indirectly lost in loss record 613 of 833
==13582==    at 0x4846828: malloc (in /usr/libexec/valgrind/vgpreload_memcheck-amd64-linux.so)
==13582==    by 0x48ABAD: semantic__register_builtins (in /mnt/c/Users/Juan/Documents/GitHub/Mapanare/mapanare/self/mnc-stage1)
==13582== 
==13582== 168 bytes in 1 blocks are indirectly lost in loss record 614 of 833
==13582==    at 0x484D953: calloc (in /usr/libexec/valgrind/vgpreload_memcheck-amd64-linux.so)
==13582==    by 0x48AE02: semantic__register_builtins (in /mnt/c/Users/Juan/Documents/GitHub/Mapanare/mapanare/self/mnc-stage1)
==13582== 
==13582== 168 bytes in 1 blocks are indirectly lost in loss record 615 of 833
==13582==    at 0x4846828: malloc (in /usr/libexec/valgrind/vgpreload_memcheck-amd64-linux.so)
==13582==    by 0x48AE8B: semantic__register_builtins (in /mnt/c/Users/Juan/Documents/GitHub/Mapanare/mapanare/self/mnc-stage1)
==13582== 
==13582== 168 bytes in 1 blocks are indirectly lost in loss record 616 of 833
==13582==    at 0x484D953: calloc (in /usr/libexec/valgrind/vgpreload_memcheck-amd64-linux.so)
==13582==    by 0x48B0E0: semantic__register_builtins (in /mnt/c/Users/Juan/Documents/GitHub/Mapanare/mapanare/self/mnc-stage1)
==13582== 
==13582== 168 bytes in 1 blocks are indirectly lost in loss record 617 of 833
==13582==    at 0x4846828: malloc (in /usr/libexec/valgrind/vgpreload_memcheck-amd64-linux.so)
==13582==    by 0x48B169: semantic__register_builtins (in /mnt/c/Users/Juan/Documents/GitHub/Mapanare/mapanare/self/mnc-stage1)
==13582== 
==13582== 168 bytes in 1 blocks are indirectly lost in loss record 618 of 833
==13582==    at 0x484D953: calloc (in /usr/libexec/valgrind/vgpreload_memcheck-amd64-linux.so)
==13582==    by 0x48B3C7: semantic__register_builtins (in /mnt/c/Users/Juan/Documents/GitHub/Mapanare/mapanare/self/mnc-stage1)
==13582== 
==13582== 168 bytes in 1 blocks are indirectly lost in loss record 619 of 833
==13582==    at 0x4846828: malloc (in /usr/libexec/valgrind/vgpreload_memcheck-amd64-linux.so)
==13582==    by 0x48B47C: semantic__register_builtins (in /mnt/c/Users/Juan/Documents/GitHub/Mapanare/mapanare/self/mnc-stage1)
==13582== 
==13582== 168 bytes in 1 blocks are indirectly lost in loss record 620 of 833
==13582==    at 0x484D953: calloc (in /usr/libexec/valgrind/vgpreload_memcheck-amd64-linux.so)
==13582==    by 0x48B732: semantic__register_builtins (in /mnt/c/Users/Juan/Documents/GitHub/Mapanare/mapanare/self/mnc-stage1)
==13582== 
==13582== 168 bytes in 1 blocks are indirectly lost in loss record 621 of 833
==13582==    at 0x4846828: malloc (in /usr/libexec/valgrind/vgpreload_memcheck-amd64-linux.so)
==13582==    by 0x48B7F7: semantic__register_builtins (in /mnt/c/Users/Juan/Documents/GitHub/Mapanare/mapanare/self/mnc-stage1)
==13582== 
==13582== 168 bytes in 1 blocks are indirectly lost in loss record 622 of 833
==13582==    at 0x484D953: calloc (in /usr/libexec/valgrind/vgpreload_memcheck-amd64-linux.so)
==13582==    by 0x48BAEF: semantic__register_builtins (in /mnt/c/Users/Juan/Documents/GitHub/Mapanare/mapanare/self/mnc-stage1)
==13582== 
==13582== 168 bytes in 1 blocks are indirectly lost in loss record 623 of 833
==13582==    at 0x4846828: malloc (in /usr/libexec/valgrind/vgpreload_memcheck-amd64-linux.so)
==13582==    by 0x48BBB4: semantic__register_builtins (in /mnt/c/Users/Juan/Documents/GitHub/Mapanare/mapanare/self/mnc-stage1)
==13582== 
==13582== 168 bytes in 1 blocks are indirectly lost in loss record 624 of 833
==13582==    at 0x484D953: calloc (in /usr/libexec/valgrind/vgpreload_memcheck-amd64-linux.so)
==13582==    by 0x48BEAC: semantic__register_builtins (in /mnt/c/Users/Juan/Documents/GitHub/Mapanare/mapanare/self/mnc-stage1)
==13582== 
==13582== 168 bytes in 1 blocks are indirectly lost in loss record 625 of 833
==13582==    at 0x4846828: malloc (in /usr/libexec/valgrind/vgpreload_memcheck-amd64-linux.so)
==13582==    by 0x48BF71: semantic__register_builtins (in /mnt/c/Users/Juan/Documents/GitHub/Mapanare/mapanare/self/mnc-stage1)
==13582== 
==13582== 168 bytes in 1 blocks are indirectly lost in loss record 626 of 833
==13582==    at 0x484D953: calloc (in /usr/libexec/valgrind/vgpreload_memcheck-amd64-linux.so)
==13582==    by 0x48C269: semantic__register_builtins (in /mnt/c/Users/Juan/Documents/GitHub/Mapanare/mapanare/self/mnc-stage1)
==13582== 
==13582== 168 bytes in 1 blocks are indirectly lost in loss record 627 of 833
==13582==    at 0x4846828: malloc (in /usr/libexec/valgrind/vgpreload_memcheck-amd64-linux.so)
==13582==    by 0x48C32E: semantic__register_builtins (in /mnt/c/Users/Juan/Documents/GitHub/Mapanare/mapanare/self/mnc-stage1)
==13582== 
==13582== 168 bytes in 1 blocks are indirectly lost in loss record 628 of 833
==13582==    at 0x484D953: calloc (in /usr/libexec/valgrind/vgpreload_memcheck-amd64-linux.so)
==13582==    by 0x48C626: semantic__register_builtins (in /mnt/c/Users/Juan/Documents/GitHub/Mapanare/mapanare/self/mnc-stage1)
==13582== 
==13582== 168 bytes in 1 blocks are indirectly lost in loss record 629 of 833
==13582==    at 0x4846828: malloc (in /usr/libexec/valgrind/vgpreload_memcheck-amd64-linux.so)
==13582==    by 0x48C6EB: semantic__register_builtins (in /mnt/c/Users/Juan/Documents/GitHub/Mapanare/mapanare/self/mnc-stage1)
==13582== 
==13582== 168 bytes in 1 blocks are indirectly lost in loss record 630 of 833
==13582==    at 0x484D953: calloc (in /usr/libexec/valgrind/vgpreload_memcheck-amd64-linux.so)
==13582==    by 0x48C9E3: semantic__register_builtins (in /mnt/c/Users/Juan/Documents/GitHub/Mapanare/mapanare/self/mnc-stage1)
==13582== 
==13582== 168 bytes in 1 blocks are indirectly lost in loss record 631 of 833
==13582==    at 0x4846828: malloc (in /usr/libexec/valgrind/vgpreload_memcheck-amd64-linux.so)
==13582==    by 0x48CAA8: semantic__register_builtins (in /mnt/c/Users/Juan/Documents/GitHub/Mapanare/mapanare/self/mnc-stage1)
==13582== 
==13582== 168 bytes in 1 blocks are indirectly lost in loss record 632 of 833
==13582==    at 0x484D953: calloc (in /usr/libexec/valgrind/vgpreload_memcheck-amd64-linux.so)
==13582==    by 0x48CD9E: semantic__register_builtins (in /mnt/c/Users/Juan/Documents/GitHub/Mapanare/mapanare/self/mnc-stage1)
==13582== 
==13582== 168 bytes in 1 blocks are indirectly lost in loss record 633 of 833
==13582==    at 0x4846828: malloc (in /usr/libexec/valgrind/vgpreload_memcheck-amd64-linux.so)
==13582==    by 0x48CE63: semantic__register_builtins (in /mnt/c/Users/Juan/Documents/GitHub/Mapanare/mapanare/self/mnc-stage1)
==13582== 
==13582== 168 bytes in 1 blocks are indirectly lost in loss record 634 of 833
==13582==    at 0x484D953: calloc (in /usr/libexec/valgrind/vgpreload_memcheck-amd64-linux.so)
==13582==    by 0x48D157: semantic__register_builtins (in /mnt/c/Users/Juan/Documents/GitHub/Mapanare/mapanare/self/mnc-stage1)
==13582== 
==13582== 168 bytes in 1 blocks are indirectly lost in loss record 635 of 833
==13582==    at 0x4846828: malloc (in /usr/libexec/valgrind/vgpreload_memcheck-amd64-linux.so)
==13582==    by 0x48D21C: semantic__register_builtins (in /mnt/c/Users/Juan/Documents/GitHub/Mapanare/mapanare/self/mnc-stage1)
==13582== 
==13582== 168 bytes in 1 blocks are indirectly lost in loss record 636 of 833
==13582==    at 0x484D953: calloc (in /usr/libexec/valgrind/vgpreload_memcheck-amd64-linux.so)
==13582==    by 0x48D510: semantic__register_builtins (in /mnt/c/Users/Juan/Documents/GitHub/Mapanare/mapanare/self/mnc-stage1)
==13582== 
==13582== 168 bytes in 1 blocks are indirectly lost in loss record 637 of 833
==13582==    at 0x4846828: malloc (in /usr/libexec/valgrind/vgpreload_memcheck-amd64-linux.so)
==13582==    by 0x48D5D5: semantic__register_builtins (in /mnt/c/Users/Juan/Documents/GitHub/Mapanare/mapanare/self/mnc-stage1)
==13582== 
==13582== 168 bytes in 1 blocks are indirectly lost in loss record 638 of 833
==13582==    at 0x484D953: calloc (in /usr/libexec/valgrind/vgpreload_memcheck-amd64-linux.so)
==13582==    by 0x48D8C9: semantic__register_builtins (in /mnt/c/Users/Juan/Documents/GitHub/Mapanare/mapanare/self/mnc-stage1)
==13582== 
==13582== 168 bytes in 1 blocks are indirectly lost in loss record 639 of 833
==13582==    at 0x4846828: malloc (in /usr/libexec/valgrind/vgpreload_memcheck-amd64-linux.so)
==13582==    by 0x48D98E: semantic__register_builtins (in /mnt/c/Users/Juan/Documents/GitHub/Mapanare/mapanare/self/mnc-stage1)
==13582== 
==13582== 168 bytes in 1 blocks are indirectly lost in loss record 640 of 833
==13582==    at 0x484D953: calloc (in /usr/libexec/valgrind/vgpreload_memcheck-amd64-linux.so)
==13582==    by 0x48DC82: semantic__register_builtins (in /mnt/c/Users/Juan/Documents/GitHub/Mapanare/mapanare/self/mnc-stage1)
==13582== 
==13582== 168 bytes in 1 blocks are indirectly lost in loss record 641 of 833
==13582==    at 0x4846828: malloc (in /usr/libexec/valgrind/vgpreload_memcheck-amd64-linux.so)
==13582==    by 0x48DD47: semantic__register_builtins (in /mnt/c/Users/Juan/Documents/GitHub/Mapanare/mapanare/self/mnc-stage1)
==13582== 
==13582== 168 bytes in 1 blocks are indirectly lost in loss record 642 of 833
==13582==    at 0x484D953: calloc (in /usr/libexec/valgrind/vgpreload_memcheck-amd64-linux.so)
==13582==    by 0x48E03B: semantic__register_builtins (in /mnt/c/Users/Juan/Documents/GitHub/Mapanare/mapanare/self/mnc-stage1)
==13582== 
==13582== 168 bytes in 1 blocks are indirectly lost in loss record 643 of 833
==13582==    at 0x4846828: malloc (in /usr/libexec/valgrind/vgpreload_memcheck-amd64-linux.so)
==13582==    by 0x48E100: semantic__register_builtins (in /mnt/c/Users/Juan/Documents/GitHub/Mapanare/mapanare/self/mnc-stage1)
==13582== 
==13582== 168 bytes in 1 blocks are indirectly lost in loss record 644 of 833
==13582==    at 0x484D953: calloc (in /usr/libexec/valgrind/vgpreload_memcheck-amd64-linux.so)
==13582==    by 0x48E3F4: semantic__register_builtins (in /mnt/c/Users/Juan/Documents/GitHub/Mapanare/mapanare/self/mnc-stage1)
==13582== 
==13582== 168 bytes in 1 blocks are indirectly lost in loss record 645 of 833
==13582==    at 0x4846828: malloc (in /usr/libexec/valgrind/vgpreload_memcheck-amd64-linux.so)
==13582==    by 0x48E4B9: semantic__register_builtins (in /mnt/c/Users/Juan/Documents/GitHub/Mapanare/mapanare/self/mnc-stage1)
==13582== 
==13582== 168 bytes in 1 blocks are indirectly lost in loss record 646 of 833
==13582==    at 0x484D953: calloc (in /usr/libexec/valgrind/vgpreload_memcheck-amd64-linux.so)
==13582==    by 0x48E7AD: semantic__register_builtins (in /mnt/c/Users/Juan/Documents/GitHub/Mapanare/mapanare/self/mnc-stage1)
==13582== 
==13582== 168 bytes in 1 blocks are indirectly lost in loss record 647 of 833
==13582==    at 0x4846828: malloc (in /usr/libexec/valgrind/vgpreload_memcheck-amd64-linux.so)
==13582==    by 0x48E872: semantic__register_builtins (in /mnt/c/Users/Juan/Documents/GitHub/Mapanare/mapanare/self/mnc-stage1)
==13582== 
==13582== 168 bytes in 1 blocks are indirectly lost in loss record 648 of 833
==13582==    at 0x484D953: calloc (in /usr/libexec/valgrind/vgpreload_memcheck-amd64-linux.so)
==13582==    by 0x48EB66: semantic__register_builtins (in /mnt/c/Users/Juan/Documents/GitHub/Mapanare/mapanare/self/mnc-stage1)
==13582== 
==13582== 168 bytes in 1 blocks are indirectly lost in loss record 649 of 833
==13582==    at 0x4846828: malloc (in /usr/libexec/valgrind/vgpreload_memcheck-amd64-linux.so)
==13582==    by 0x48EC2B: semantic__register_builtins (in /mnt/c/Users/Juan/Documents/GitHub/Mapanare/mapanare/self/mnc-stage1)
==13582== 
==13582== 168 bytes in 1 blocks are indirectly lost in loss record 650 of 833
==13582==    at 0x484D953: calloc (in /usr/libexec/valgrind/vgpreload_memcheck-amd64-linux.so)
==13582==    by 0x48EF1F: semantic__register_builtins (in /mnt/c/Users/Juan/Documents/GitHub/Mapanare/mapanare/self/mnc-stage1)
==13582== 
==13582== 168 bytes in 1 blocks are indirectly lost in loss record 651 of 833
==13582==    at 0x4846828: malloc (in /usr/libexec/valgrind/vgpreload_memcheck-amd64-linux.so)
==13582==    by 0x48EFE4: semantic__register_builtins (in /mnt/c/Users/Juan/Documents/GitHub/Mapanare/mapanare/self/mnc-stage1)
==13582== 
==13582== 168 bytes in 1 blocks are indirectly lost in loss record 652 of 833
==13582==    at 0x484D953: calloc (in /usr/libexec/valgrind/vgpreload_memcheck-amd64-linux.so)
==13582==    by 0x48F2D8: semantic__register_builtins (in /mnt/c/Users/Juan/Documents/GitHub/Mapanare/mapanare/self/mnc-stage1)
==13582== 
==13582== 168 bytes in 1 blocks are indirectly lost in loss record 653 of 833
==13582==    at 0x4846828: malloc (in /usr/libexec/valgrind/vgpreload_memcheck-amd64-linux.so)
==13582==    by 0x48F39D: semantic__register_builtins (in /mnt/c/Users/Juan/Documents/GitHub/Mapanare/mapanare/self/mnc-stage1)
==13582== 
==13582== 168 bytes in 1 blocks are indirectly lost in loss record 654 of 833
==13582==    at 0x484D953: calloc (in /usr/libexec/valgrind/vgpreload_memcheck-amd64-linux.so)
==13582==    by 0x48F691: semantic__register_builtins (in /mnt/c/Users/Juan/Documents/GitHub/Mapanare/mapanare/self/mnc-stage1)
==13582== 
==13582== 168 bytes in 1 blocks are indirectly lost in loss record 655 of 833
==13582==    at 0x4846828: malloc (in /usr/libexec/valgrind/vgpreload_memcheck-amd64-linux.so)
==13582==    by 0x48F756: semantic__register_builtins (in /mnt/c/Users/Juan/Documents/GitHub/Mapanare/mapanare/self/mnc-stage1)
==13582== 
==13582== 168 bytes in 1 blocks are indirectly lost in loss record 656 of 833
==13582==    at 0x484D953: calloc (in /usr/libexec/valgrind/vgpreload_memcheck-amd64-linux.so)
==13582==    by 0x48FA4A: semantic__register_builtins (in /mnt/c/Users/Juan/Documents/GitHub/Mapanare/mapanare/self/mnc-stage1)
==13582== 
==13582== 168 bytes in 1 blocks are indirectly lost in loss record 657 of 833
==13582==    at 0x4846828: malloc (in /usr/libexec/valgrind/vgpreload_memcheck-amd64-linux.so)
==13582==    by 0x48FB0F: semantic__register_builtins (in /mnt/c/Users/Juan/Documents/GitHub/Mapanare/mapanare/self/mnc-stage1)
==13582== 
==13582== 168 bytes in 1 blocks are indirectly lost in loss record 658 of 833
==13582==    at 0x484D953: calloc (in /usr/libexec/valgrind/vgpreload_memcheck-amd64-linux.so)
==13582==    by 0x48FE03: semantic__register_builtins (in /mnt/c/Users/Juan/Documents/GitHub/Mapanare/mapanare/self/mnc-stage1)
==13582== 
==13582== 168 bytes in 1 blocks are indirectly lost in loss record 659 of 833
==13582==    at 0x4846828: malloc (in /usr/libexec/valgrind/vgpreload_memcheck-amd64-linux.so)
==13582==    by 0x48FEC8: semantic__register_builtins (in /mnt/c/Users/Juan/Documents/GitHub/Mapanare/mapanare/self/mnc-stage1)
==13582== 
==13582== 168 bytes in 1 blocks are indirectly lost in loss record 660 of 833
==13582==    at 0x484D953: calloc (in /usr/libexec/valgrind/vgpreload_memcheck-amd64-linux.so)
==13582==    by 0x4901BC: semantic__register_builtins (in /mnt/c/Users/Juan/Documents/GitHub/Mapanare/mapanare/self/mnc-stage1)
==13582== 
==13582== 168 bytes in 1 blocks are indirectly lost in loss record 661 of 833
==13582==    at 0x4846828: malloc (in /usr/libexec/valgrind/vgpreload_memcheck-amd64-linux.so)
==13582==    by 0x490281: semantic__register_builtins (in /mnt/c/Users/Juan/Documents/GitHub/Mapanare/mapanare/self/mnc-stage1)
==13582== 
==13582== 168 bytes in 1 blocks are indirectly lost in loss record 662 of 833
==13582==    at 0x484D953: calloc (in /usr/libexec/valgrind/vgpreload_memcheck-amd64-linux.so)
==13582==    by 0x490575: semantic__register_builtins (in /mnt/c/Users/Juan/Documents/GitHub/Mapanare/mapanare/self/mnc-stage1)
==13582== 
==13582== 168 bytes in 1 blocks are indirectly lost in loss record 663 of 833
==13582==    at 0x4846828: malloc (in /usr/libexec/valgrind/vgpreload_memcheck-amd64-linux.so)
==13582==    by 0x49063A: semantic__register_builtins (in /mnt/c/Users/Juan/Documents/GitHub/Mapanare/mapanare/self/mnc-stage1)
==13582== 
==13582== 168 bytes in 1 blocks are indirectly lost in loss record 664 of 833
==13582==    at 0x484D953: calloc (in /usr/libexec/valgrind/vgpreload_memcheck-amd64-linux.so)
==13582==    by 0x490930: semantic__register_builtins (in /mnt/c/Users/Juan/Documents/GitHub/Mapanare/mapanare/self/mnc-stage1)
==13582== 
==13582== 168 bytes in 1 blocks are indirectly lost in loss record 665 of 833
==13582==    at 0x4846828: malloc (in /usr/libexec/valgrind/vgpreload_memcheck-amd64-linux.so)
==13582==    by 0x4909F5: semantic__register_builtins (in /mnt/c/Users/Juan/Documents/GitHub/Mapanare/mapanare/self/mnc-stage1)
==13582== 
==13582== 168 bytes in 1 blocks are indirectly lost in loss record 666 of 833
==13582==    at 0x484D953: calloc (in /usr/libexec/valgrind/vgpreload_memcheck-amd64-linux.so)
==13582==    by 0x490CED: semantic__register_builtins (in /mnt/c/Users/Juan/Documents/GitHub/Mapanare/mapanare/self/mnc-stage1)
==13582== 
==13582== 168 bytes in 1 blocks are indirectly lost in loss record 667 of 833
==13582==    at 0x4846828: malloc (in /usr/libexec/valgrind/vgpreload_memcheck-amd64-linux.so)
==13582==    by 0x490DB2: semantic__register_builtins (in /mnt/c/Users/Juan/Documents/GitHub/Mapanare/mapanare/self/mnc-stage1)
==13582== 
==13582== 168 bytes in 1 blocks are indirectly lost in loss record 668 of 833
==13582==    at 0x484D953: calloc (in /usr/libexec/valgrind/vgpreload_memcheck-amd64-linux.so)
==13582==    by 0x4910A8: semantic__register_builtins (in /mnt/c/Users/Juan/Documents/GitHub/Mapanare/mapanare/self/mnc-stage1)
==13582== 
==13582== 168 bytes in 1 blocks are indirectly lost in loss record 669 of 833
==13582==    at 0x4846828: malloc (in /usr/libexec/valgrind/vgpreload_memcheck-amd64-linux.so)
==13582==    by 0x49116D: semantic__register_builtins (in /mnt/c/Users/Juan/Documents/GitHub/Mapanare/mapanare/self/mnc-stage1)
==13582== 
==13582== 168 bytes in 1 blocks are indirectly lost in loss record 670 of 833
==13582==    at 0x484D953: calloc (in /usr/libexec/valgrind/vgpreload_memcheck-amd64-linux.so)
==13582==    by 0x491461: semantic__register_builtins (in /mnt/c/Users/Juan/Documents/GitHub/Mapanare/mapanare/self/mnc-stage1)
==13582== 
==13582== 168 bytes in 1 blocks are indirectly lost in loss record 671 of 833
==13582==    at 0x4846828: malloc (in /usr/libexec/valgrind/vgpreload_memcheck-amd64-linux.so)
==13582==    by 0x491526: semantic__register_builtins (in /mnt/c/Users/Juan/Documents/GitHub/Mapanare/mapanare/self/mnc-stage1)
==13582== 
==13582== 168 bytes in 1 blocks are indirectly lost in loss record 672 of 833
==13582==    at 0x484D953: calloc (in /usr/libexec/valgrind/vgpreload_memcheck-amd64-linux.so)
==13582==    by 0x49181A: semantic__register_builtins (in /mnt/c/Users/Juan/Documents/GitHub/Mapanare/mapanare/self/mnc-stage1)
==13582== 
==13582== 168 bytes in 1 blocks are indirectly lost in loss record 673 of 833
==13582==    at 0x4846828: malloc (in /usr/libexec/valgrind/vgpreload_memcheck-amd64-linux.so)
==13582==    by 0x4918DF: semantic__register_builtins (in /mnt/c/Users/Juan/Documents/GitHub/Mapanare/mapanare/self/mnc-stage1)
==13582== 
==13582== 168 bytes in 1 blocks are indirectly lost in loss record 674 of 833
==13582==    at 0x484D953: calloc (in /usr/libexec/valgrind/vgpreload_memcheck-amd64-linux.so)
==13582==    by 0x491BD3: semantic__register_builtins (in /mnt/c/Users/Juan/Documents/GitHub/Mapanare/mapanare/self/mnc-stage1)
==13582== 
==13582== 168 bytes in 1 blocks are indirectly lost in loss record 675 of 833
==13582==    at 0x4846828: malloc (in /usr/libexec/valgrind/vgpreload_memcheck-amd64-linux.so)
==13582==    by 0x491C98: semantic__register_builtins (in /mnt/c/Users/Juan/Documents/GitHub/Mapanare/mapanare/self/mnc-stage1)
==13582== 
==13582== 168 bytes in 1 blocks are indirectly lost in loss record 676 of 833
==13582==    at 0x484D953: calloc (in /usr/libexec/valgrind/vgpreload_memcheck-amd64-linux.so)
==13582==    by 0x491F8C: semantic__register_builtins (in /mnt/c/Users/Juan/Documents/GitHub/Mapanare/mapanare/self/mnc-stage1)
==13582== 
==13582== 168 bytes in 1 blocks are indirectly lost in loss record 677 of 833
==13582==    at 0x4846828: malloc (in /usr/libexec/valgrind/vgpreload_memcheck-amd64-linux.so)
==13582==    by 0x492051: semantic__register_builtins (in /mnt/c/Users/Juan/Documents/GitHub/Mapanare/mapanare/self/mnc-stage1)
==13582== 
==13582== 168 bytes in 1 blocks are indirectly lost in loss record 678 of 833
==13582==    at 0x484D953: calloc (in /usr/libexec/valgrind/vgpreload_memcheck-amd64-linux.so)
==13582==    by 0x492345: semantic__register_builtins (in /mnt/c/Users/Juan/Documents/GitHub/Mapanare/mapanare/self/mnc-stage1)
==13582== 
==13582== 168 bytes in 1 blocks are indirectly lost in loss record 679 of 833
==13582==    at 0x4846828: malloc (in /usr/libexec/valgrind/vgpreload_memcheck-amd64-linux.so)
==13582==    by 0x49240A: semantic__register_builtins (in /mnt/c/Users/Juan/Documents/GitHub/Mapanare/mapanare/self/mnc-stage1)
==13582== 
==13582== 168 bytes in 1 blocks are indirectly lost in loss record 680 of 833
==13582==    at 0x484D953: calloc (in /usr/libexec/valgrind/vgpreload_memcheck-amd64-linux.so)
==13582==    by 0x4926FE: semantic__register_builtins (in /mnt/c/Users/Juan/Documents/GitHub/Mapanare/mapanare/self/mnc-stage1)
==13582== 
==13582== 168 bytes in 1 blocks are indirectly lost in loss record 681 of 833
==13582==    at 0x4846828: malloc (in /usr/libexec/valgrind/vgpreload_memcheck-amd64-linux.so)
==13582==    by 0x4927C3: semantic__register_builtins (in /mnt/c/Users/Juan/Documents/GitHub/Mapanare/mapanare/self/mnc-stage1)
==13582== 
==13582== 168 bytes in 1 blocks are indirectly lost in loss record 682 of 833
==13582==    at 0x484D953: calloc (in /usr/libexec/valgrind/vgpreload_memcheck-amd64-linux.so)
==13582==    by 0x492AB9: semantic__register_builtins (in /mnt/c/Users/Juan/Documents/GitHub/Mapanare/mapanare/self/mnc-stage1)
==13582== 
==13582== 168 bytes in 1 blocks are indirectly lost in loss record 683 of 833
==13582==    at 0x4846828: malloc (in /usr/libexec/valgrind/vgpreload_memcheck-amd64-linux.so)
==13582==    by 0x492B7E: semantic__register_builtins (in /mnt/c/Users/Juan/Documents/GitHub/Mapanare/mapanare/self/mnc-stage1)
==13582== 
==13582== 168 bytes in 1 blocks are indirectly lost in loss record 684 of 833
==13582==    at 0x484D953: calloc (in /usr/libexec/valgrind/vgpreload_memcheck-amd64-linux.so)
==13582==    by 0x492E74: semantic__register_builtins (in /mnt/c/Users/Juan/Documents/GitHub/Mapanare/mapanare/self/mnc-stage1)
==13582== 
==13582== 168 bytes in 1 blocks are indirectly lost in loss record 685 of 833
==13582==    at 0x4846828: malloc (in /usr/libexec/valgrind/vgpreload_memcheck-amd64-linux.so)
==13582==    by 0x492F39: semantic__register_builtins (in /mnt/c/Users/Juan/Documents/GitHub/Mapanare/mapanare/self/mnc-stage1)
==13582== 
==13582== 168 bytes in 1 blocks are indirectly lost in loss record 686 of 833
==13582==    at 0x484D953: calloc (in /usr/libexec/valgrind/vgpreload_memcheck-amd64-linux.so)
==13582==    by 0x49322F: semantic__register_builtins (in /mnt/c/Users/Juan/Documents/GitHub/Mapanare/mapanare/self/mnc-stage1)
==13582== 
==13582== 168 bytes in 1 blocks are indirectly lost in loss record 687 of 833
==13582==    at 0x4846828: malloc (in /usr/libexec/valgrind/vgpreload_memcheck-amd64-linux.so)
==13582==    by 0x4932F4: semantic__register_builtins (in /mnt/c/Users/Juan/Documents/GitHub/Mapanare/mapanare/self/mnc-stage1)
==13582== 
==13582== 168 bytes in 1 blocks are indirectly lost in loss record 688 of 833
==13582==    at 0x484D953: calloc (in /usr/libexec/valgrind/vgpreload_memcheck-amd64-linux.so)
==13582==    by 0x4935EA: semantic__register_builtins (in /mnt/c/Users/Juan/Documents/GitHub/Mapanare/mapanare/self/mnc-stage1)
==13582== 
==13582== 168 bytes in 1 blocks are indirectly lost in loss record 689 of 833
==13582==    at 0x4846828: malloc (in /usr/libexec/valgrind/vgpreload_memcheck-amd64-linux.so)
==13582==    by 0x4936AF: semantic__register_builtins (in /mnt/c/Users/Juan/Documents/GitHub/Mapanare/mapanare/self/mnc-stage1)
==13582== 
==13582== 168 bytes in 1 blocks are indirectly lost in loss record 690 of 833
==13582==    at 0x484D953: calloc (in /usr/libexec/valgrind/vgpreload_memcheck-amd64-linux.so)
==13582==    by 0x4939A5: semantic__register_builtins (in /mnt/c/Users/Juan/Documents/GitHub/Mapanare/mapanare/self/mnc-stage1)
==13582== 
==13582== 168 bytes in 1 blocks are indirectly lost in loss record 691 of 833
==13582==    at 0x4846828: malloc (in /usr/libexec/valgrind/vgpreload_memcheck-amd64-linux.so)
==13582==    by 0x493A6A: semantic__register_builtins (in /mnt/c/Users/Juan/Documents/GitHub/Mapanare/mapanare/self/mnc-stage1)
==13582== 
==13582== 168 bytes in 1 blocks are indirectly lost in loss record 692 of 833
==13582==    at 0x484D953: calloc (in /usr/libexec/valgrind/vgpreload_memcheck-amd64-linux.so)
==13582==    by 0x493D62: semantic__register_builtins (in /mnt/c/Users/Juan/Documents/GitHub/Mapanare/mapanare/self/mnc-stage1)
==13582== 
==13582== 168 bytes in 1 blocks are indirectly lost in loss record 693 of 833
==13582==    at 0x4846828: malloc (in /usr/libexec/valgrind/vgpreload_memcheck-amd64-linux.so)
==13582==    by 0x493E27: semantic__register_builtins (in /mnt/c/Users/Juan/Documents/GitHub/Mapanare/mapanare/self/mnc-stage1)
==13582== 
==13582== 168 bytes in 1 blocks are indirectly lost in loss record 694 of 833
==13582==    at 0x484D953: calloc (in /usr/libexec/valgrind/vgpreload_memcheck-amd64-linux.so)
==13582==    by 0x49411F: semantic__register_builtins (in /mnt/c/Users/Juan/Documents/GitHub/Mapanare/mapanare/self/mnc-stage1)
==13582== 
==13582== 168 bytes in 1 blocks are indirectly lost in loss record 695 of 833
==13582==    at 0x4846828: malloc (in /usr/libexec/valgrind/vgpreload_memcheck-amd64-linux.so)
==13582==    by 0x4941E4: semantic__register_builtins (in /mnt/c/Users/Juan/Documents/GitHub/Mapanare/mapanare/self/mnc-stage1)
==13582== 
==13582== 168 bytes in 1 blocks are indirectly lost in loss record 696 of 833
==13582==    at 0x484D953: calloc (in /usr/libexec/valgrind/vgpreload_memcheck-amd64-linux.so)
==13582==    by 0x4944DC: semantic__register_builtins (in /mnt/c/Users/Juan/Documents/GitHub/Mapanare/mapanare/self/mnc-stage1)
==13582== 
==13582== 168 bytes in 1 blocks are indirectly lost in loss record 697 of 833
==13582==    at 0x4846828: malloc (in /usr/libexec/valgrind/vgpreload_memcheck-amd64-linux.so)
==13582==    by 0x4945A1: semantic__register_builtins (in /mnt/c/Users/Juan/Documents/GitHub/Mapanare/mapanare/self/mnc-stage1)
==13582== 
==13582== 168 bytes in 1 blocks are indirectly lost in loss record 698 of 833
==13582==    at 0x484D953: calloc (in /usr/libexec/valgrind/vgpreload_memcheck-amd64-linux.so)
==13582==    by 0x494899: semantic__register_builtins (in /mnt/c/Users/Juan/Documents/GitHub/Mapanare/mapanare/self/mnc-stage1)
==13582== 
==13582== 168 bytes in 1 blocks are indirectly lost in loss record 699 of 833
==13582==    at 0x4846828: malloc (in /usr/libexec/valgrind/vgpreload_memcheck-amd64-linux.so)
==13582==    by 0x49495E: semantic__register_builtins (in /mnt/c/Users/Juan/Documents/GitHub/Mapanare/mapanare/self/mnc-stage1)
==13582== 
==13582== 168 bytes in 1 blocks are indirectly lost in loss record 700 of 833
==13582==    at 0x484D953: calloc (in /usr/libexec/valgrind/vgpreload_memcheck-amd64-linux.so)
==13582==    by 0x494C56: semantic__register_builtins (in /mnt/c/Users/Juan/Documents/GitHub/Mapanare/mapanare/self/mnc-stage1)
==13582== 
==13582== 168 bytes in 1 blocks are indirectly lost in loss record 701 of 833
==13582==    at 0x4846828: malloc (in /usr/libexec/valgrind/vgpreload_memcheck-amd64-linux.so)
==13582==    by 0x494D1B: semantic__register_builtins (in /mnt/c/Users/Juan/Documents/GitHub/Mapanare/mapanare/self/mnc-stage1)
==13582== 
==13582== 168 bytes in 1 blocks are indirectly lost in loss record 702 of 833
==13582==    at 0x484D953: calloc (in /usr/libexec/valgrind/vgpreload_memcheck-amd64-linux.so)
==13582==    by 0x495013: semantic__register_builtins (in /mnt/c/Users/Juan/Documents/GitHub/Mapanare/mapanare/self/mnc-stage1)
==13582== 
==13582== 168 bytes in 1 blocks are indirectly lost in loss record 703 of 833
==13582==    at 0x4846828: malloc (in /usr/libexec/valgrind/vgpreload_memcheck-amd64-linux.so)
==13582==    by 0x4950D8: semantic__register_builtins (in /mnt/c/Users/Juan/Documents/GitHub/Mapanare/mapanare/self/mnc-stage1)
==13582== 
==13582== 168 bytes in 1 blocks are indirectly lost in loss record 704 of 833
==13582==    at 0x484D953: calloc (in /usr/libexec/valgrind/vgpreload_memcheck-amd64-linux.so)
==13582==    by 0x4953D0: semantic__register_builtins (in /mnt/c/Users/Juan/Documents/GitHub/Mapanare/mapanare/self/mnc-stage1)
==13582== 
==13582== 168 bytes in 1 blocks are indirectly lost in loss record 705 of 833
==13582==    at 0x4846828: malloc (in /usr/libexec/valgrind/vgpreload_memcheck-amd64-linux.so)
==13582==    by 0x495495: semantic__register_builtins (in /mnt/c/Users/Juan/Documents/GitHub/Mapanare/mapanare/self/mnc-stage1)
==13582== 
==13582== 168 bytes in 1 blocks are indirectly lost in loss record 706 of 833
==13582==    at 0x484D953: calloc (in /usr/libexec/valgrind/vgpreload_memcheck-amd64-linux.so)
==13582==    by 0x49578B: semantic__register_builtins (in /mnt/c/Users/Juan/Documents/GitHub/Mapanare/mapanare/self/mnc-stage1)
==13582== 
==13582== 168 bytes in 1 blocks are indirectly lost in loss record 707 of 833
==13582==    at 0x4846828: malloc (in /usr/libexec/valgrind/vgpreload_memcheck-amd64-linux.so)
==13582==    by 0x495850: semantic__register_builtins (in /mnt/c/Users/Juan/Documents/GitHub/Mapanare/mapanare/self/mnc-stage1)
==13582== 
==13582== 168 bytes in 1 blocks are indirectly lost in loss record 708 of 833
==13582==    at 0x484D953: calloc (in /usr/libexec/valgrind/vgpreload_memcheck-amd64-linux.so)
==13582==    by 0x495B46: semantic__register_builtins (in /mnt/c/Users/Juan/Documents/GitHub/Mapanare/mapanare/self/mnc-stage1)
==13582== 
==13582== 168 bytes in 1 blocks are indirectly lost in loss record 709 of 833
==13582==    at 0x4846828: malloc (in /usr/libexec/valgrind/vgpreload_memcheck-amd64-linux.so)
==13582==    by 0x495C0B: semantic__register_builtins (in /mnt/c/Users/Juan/Documents/GitHub/Mapanare/mapanare/self/mnc-stage1)
==13582== 
==13582== 168 bytes in 1 blocks are indirectly lost in loss record 710 of 833
==13582==    at 0x484D953: calloc (in /usr/libexec/valgrind/vgpreload_memcheck-amd64-linux.so)
==13582==    by 0x495F01: semantic__register_builtins (in /mnt/c/Users/Juan/Documents/GitHub/Mapanare/mapanare/self/mnc-stage1)
==13582== 
==13582== 168 bytes in 1 blocks are indirectly lost in loss record 711 of 833
==13582==    at 0x4846828: malloc (in /usr/libexec/valgrind/vgpreload_memcheck-amd64-linux.so)
==13582==    by 0x495FC6: semantic__register_builtins (in /mnt/c/Users/Juan/Documents/GitHub/Mapanare/mapanare/self/mnc-stage1)
==13582== 
==13582== 168 bytes in 1 blocks are indirectly lost in loss record 712 of 833
==13582==    at 0x484D953: calloc (in /usr/libexec/valgrind/vgpreload_memcheck-amd64-linux.so)
==13582==    by 0x4962BA: semantic__register_builtins (in /mnt/c/Users/Juan/Documents/GitHub/Mapanare/mapanare/self/mnc-stage1)
==13582== 
==13582== 168 bytes in 1 blocks are indirectly lost in loss record 713 of 833
==13582==    at 0x4846828: malloc (in /usr/libexec/valgrind/vgpreload_memcheck-amd64-linux.so)
==13582==    by 0x49637F: semantic__register_builtins (in /mnt/c/Users/Juan/Documents/GitHub/Mapanare/mapanare/self/mnc-stage1)
==13582== 
==13582== 168 bytes in 1 blocks are indirectly lost in loss record 714 of 833
==13582==    at 0x484D953: calloc (in /usr/libexec/valgrind/vgpreload_memcheck-amd64-linux.so)
==13582==    by 0x496673: semantic__register_builtins (in /mnt/c/Users/Juan/Documents/GitHub/Mapanare/mapanare/self/mnc-stage1)
==13582== 
==13582== 168 bytes in 1 blocks are indirectly lost in loss record 715 of 833
==13582==    at 0x4846828: malloc (in /usr/libexec/valgrind/vgpreload_memcheck-amd64-linux.so)
==13582==    by 0x496738: semantic__register_builtins (in /mnt/c/Users/Juan/Documents/GitHub/Mapanare/mapanare/self/mnc-stage1)
==13582== 
==13582== 168 bytes in 1 blocks are indirectly lost in loss record 716 of 833
==13582==    at 0x484D953: calloc (in /usr/libexec/valgrind/vgpreload_memcheck-amd64-linux.so)
==13582==    by 0x496A2C: semantic__register_builtins (in /mnt/c/Users/Juan/Documents/GitHub/Mapanare/mapanare/self/mnc-stage1)
==13582== 
==13582== 168 bytes in 1 blocks are indirectly lost in loss record 717 of 833
==13582==    at 0x4846828: malloc (in /usr/libexec/valgrind/vgpreload_memcheck-amd64-linux.so)
==13582==    by 0x496AF1: semantic__register_builtins (in /mnt/c/Users/Juan/Documents/GitHub/Mapanare/mapanare/self/mnc-stage1)
==13582== 
==13582== 168 bytes in 1 blocks are indirectly lost in loss record 718 of 833
==13582==    at 0x484D953: calloc (in /usr/libexec/valgrind/vgpreload_memcheck-amd64-linux.so)
==13582==    by 0x496DE5: semantic__register_builtins (in /mnt/c/Users/Juan/Documents/GitHub/Mapanare/mapanare/self/mnc-stage1)
==13582== 
==13582== 168 bytes in 1 blocks are indirectly lost in loss record 719 of 833
==13582==    at 0x4846828: malloc (in /usr/libexec/valgrind/vgpreload_memcheck-amd64-linux.so)
==13582==    by 0x496EAA: semantic__register_builtins (in /mnt/c/Users/Juan/Documents/GitHub/Mapanare/mapanare/self/mnc-stage1)
==13582== 
==13582== 168 bytes in 1 blocks are indirectly lost in loss record 720 of 833
==13582==    at 0x484D953: calloc (in /usr/libexec/valgrind/vgpreload_memcheck-amd64-linux.so)
==13582==    by 0x49719E: semantic__register_builtins (in /mnt/c/Users/Juan/Documents/GitHub/Mapanare/mapanare/self/mnc-stage1)
==13582== 
==13582== 168 bytes in 1 blocks are indirectly lost in loss record 721 of 833
==13582==    at 0x4846828: malloc (in /usr/libexec/valgrind/vgpreload_memcheck-amd64-linux.so)
==13582==    by 0x497263: semantic__register_builtins (in /mnt/c/Users/Juan/Documents/GitHub/Mapanare/mapanare/self/mnc-stage1)
==13582== 
==13582== 168 bytes in 1 blocks are indirectly lost in loss record 722 of 833
==13582==    at 0x484D953: calloc (in /usr/libexec/valgrind/vgpreload_memcheck-amd64-linux.so)
==13582==    by 0x497557: semantic__register_builtins (in /mnt/c/Users/Juan/Documents/GitHub/Mapanare/mapanare/self/mnc-stage1)
==13582== 
==13582== 168 bytes in 1 blocks are indirectly lost in loss record 723 of 833
==13582==    at 0x4846828: malloc (in /usr/libexec/valgrind/vgpreload_memcheck-amd64-linux.so)
==13582==    by 0x49761C: semantic__register_builtins (in /mnt/c/Users/Juan/Documents/GitHub/Mapanare/mapanare/self/mnc-stage1)
==13582== 
==13582== 168 bytes in 1 blocks are indirectly lost in loss record 724 of 833
==13582==    at 0x484D953: calloc (in /usr/libexec/valgrind/vgpreload_memcheck-amd64-linux.so)
==13582==    by 0x497911: semantic__register_builtins (in /mnt/c/Users/Juan/Documents/GitHub/Mapanare/mapanare/self/mnc-stage1)
==13582== 
==13582== 168 bytes in 1 blocks are indirectly lost in loss record 725 of 833
==13582==    at 0x4846828: malloc (in /usr/libexec/valgrind/vgpreload_memcheck-amd64-linux.so)
==13582==    by 0x4979D6: semantic__register_builtins (in /mnt/c/Users/Juan/Documents/GitHub/Mapanare/mapanare/self/mnc-stage1)
==13582== 
==13582== 168 bytes in 1 blocks are indirectly lost in loss record 726 of 833
==13582==    at 0x484D953: calloc (in /usr/libexec/valgrind/vgpreload_memcheck-amd64-linux.so)
==13582==    by 0x497CCC: semantic__register_builtins (in /mnt/c/Users/Juan/Documents/GitHub/Mapanare/mapanare/self/mnc-stage1)
==13582== 
==13582== 168 bytes in 1 blocks are indirectly lost in loss record 727 of 833
==13582==    at 0x4846828: malloc (in /usr/libexec/valgrind/vgpreload_memcheck-amd64-linux.so)
==13582==    by 0x497D91: semantic__register_builtins (in /mnt/c/Users/Juan/Documents/GitHub/Mapanare/mapanare/self/mnc-stage1)
==13582== 
==13582== 168 bytes in 1 blocks are indirectly lost in loss record 728 of 833
==13582==    at 0x484D953: calloc (in /usr/libexec/valgrind/vgpreload_memcheck-amd64-linux.so)
==13582==    by 0x43B12D: semantic__resolve_type_opt (in /mnt/c/Users/Juan/Documents/GitHub/Mapanare/mapanare/self/mnc-stage1)
==13582==    by 0x6A78E7F: ???
==13582== 
==13582== 168 bytes in 1 blocks are definitely lost in loss record 729 of 833
==13582==    at 0x484D953: calloc (in /usr/libexec/valgrind/vgpreload_memcheck-amd64-linux.so)
==13582==    by 0x415BCF: compile (in /mnt/c/Users/Juan/Documents/GitHub/Mapanare/mapanare/self/mnc-stage1)
==13582== 
==13582== 168 bytes in 1 blocks are definitely lost in loss record 730 of 833
==13582==    at 0x484D953: calloc (in /usr/libexec/valgrind/vgpreload_memcheck-amd64-linux.so)
==13582==    by 0x4561A3: semantic__check_logical_binary (in /mnt/c/Users/Juan/Documents/GitHub/Mapanare/mapanare/self/mnc-stage1)
==13582== 
==13582== 168 bytes in 1 blocks are definitely lost in loss record 731 of 833
==13582==    at 0x484D953: calloc (in /usr/libexec/valgrind/vgpreload_memcheck-amd64-linux.so)
==13582==    by 0x462F78: semantic__check_match_expr (in /mnt/c/Users/Juan/Documents/GitHub/Mapanare/mapanare/self/mnc-stage1)
==13582== 
==13582== 168 bytes in 1 blocks are definitely lost in loss record 732 of 833
==13582==    at 0x484D953: calloc (in /usr/libexec/valgrind/vgpreload_memcheck-amd64-linux.so)
==13582==    by 0x43B12D: semantic__resolve_type_opt (in /mnt/c/Users/Juan/Documents/GitHub/Mapanare/mapanare/self/mnc-stage1)
==13582== 
==13582== 168 bytes in 3 blocks are definitely lost in loss record 733 of 833
==13582==    at 0x4846828: malloc (in /usr/libexec/valgrind/vgpreload_memcheck-amd64-linux.so)
==13582==    by 0x464AAC: semantic__bind_pattern (in /mnt/c/Users/Juan/Documents/GitHub/Mapanare/mapanare/self/mnc-stage1)
==13582== 
==13582== 170 bytes in 2 blocks are indirectly lost in loss record 734 of 833
==13582==    at 0x484D953: calloc (in /usr/libexec/valgrind/vgpreload_memcheck-amd64-linux.so)
==13582==    by 0x739049: __mn_alloc (in /mnt/c/Users/Juan/Documents/GitHub/Mapanare/mapanare/self/mnc-stage1)
==13582==    by 0x739C2E: __mn_str_concat (in /mnt/c/Users/Juan/Documents/GitHub/Mapanare/mapanare/self/mnc-stage1)
==13582==    by 0x68DA16: emit_llvm__declare_runtime_fn (in /mnt/c/Users/Juan/Documents/GitHub/Mapanare/mapanare/self/mnc-stage1)
==13582==    by 0x1: ???
==13582==    by 0x6ABDB0F: ???
==13582==    by 0xF: ???
==13582== 
==13582== 172 bytes in 3 blocks are indirectly lost in loss record 735 of 833
==13582==    at 0x484D953: calloc (in /usr/libexec/valgrind/vgpreload_memcheck-amd64-linux.so)
==13582==    by 0x739049: __mn_alloc (in /mnt/c/Users/Juan/Documents/GitHub/Mapanare/mapanare/self/mnc-stage1)
==13582==    by 0x739C2E: __mn_str_concat (in /mnt/c/Users/Juan/Documents/GitHub/Mapanare/mapanare/self/mnc-stage1)
==13582==    by 0x68DA16: emit_llvm__declare_runtime_fn (in /mnt/c/Users/Juan/Documents/GitHub/Mapanare/mapanare/self/mnc-stage1)
==13582==    by 0x3: ???
==13582==    by 0x6ABDB0F: ???
==13582==    by 0xF: ???
==13582== 
==13582== 176 bytes in 1 blocks are indirectly lost in loss record 736 of 833
==13582==    at 0x4846828: malloc (in /usr/libexec/valgrind/vgpreload_memcheck-amd64-linux.so)
==13582==    by 0x57F1B5: lower__lower_unary (in /mnt/c/Users/Juan/Documents/GitHub/Mapanare/mapanare/self/mnc-stage1)
==13582==    by 0x2: ???
==13582==    by 0x750E5F: ??? (in /mnt/c/Users/Juan/Documents/GitHub/Mapanare/mapanare/self/mnc-stage1)
==13582== 
==13582== 176 bytes in 11 blocks are definitely lost in loss record 737 of 833
==13582==    at 0x4846828: malloc (in /usr/libexec/valgrind/vgpreload_memcheck-amd64-linux.so)
==13582==    by 0x73DDF9: __mn_range (in /mnt/c/Users/Juan/Documents/GitHub/Mapanare/mapanare/self/mnc-stage1)
==13582==    by 0x67C06F: mir_opt__is_in_list (in /mnt/c/Users/Juan/Documents/GitHub/Mapanare/mapanare/self/mnc-stage1)
==13582== 
==13582== 177 (144 direct, 33 indirect) bytes in 1 blocks are definitely lost in loss record 738 of 833
==13582==    at 0x484D953: calloc (in /usr/libexec/valgrind/vgpreload_memcheck-amd64-linux.so)
==13582==    by 0x739049: __mn_alloc (in /mnt/c/Users/Juan/Documents/GitHub/Mapanare/mapanare/self/mnc-stage1)
==13582==    by 0x73AD5A: __mn_list_push (in /mnt/c/Users/Juan/Documents/GitHub/Mapanare/mapanare/self/mnc-stage1)
==13582==    by 0x6506B9: lower__build_match_arms (in /mnt/c/Users/Juan/Documents/GitHub/Mapanare/mapanare/self/mnc-stage1)
==13582==    by 0xFFFFFFFFFFFFFF: ???
==13582==    by 0x800000000000000B: ???
==13582==    by 0x8000000000000009: ???
==13582==    by 0x6AA3DDF: ???
==13582==    by 0x6AA3E7F: ???
==13582== 
==13582== 185 bytes in 4 blocks are indirectly lost in loss record 739 of 833
==13582==    at 0x484D953: calloc (in /usr/libexec/valgrind/vgpreload_memcheck-amd64-linux.so)
==13582==    by 0x739049: __mn_alloc (in /mnt/c/Users/Juan/Documents/GitHub/Mapanare/mapanare/self/mnc-stage1)
==13582==    by 0x739C2E: __mn_str_concat (in /mnt/c/Users/Juan/Documents/GitHub/Mapanare/mapanare/self/mnc-stage1)
==13582==    by 0x720187: emit_llvm__emit_builtin_print (in /mnt/c/Users/Juan/Documents/GitHub/Mapanare/mapanare/self/mnc-stage1)
==13582== 
==13582== 187 bytes in 3 blocks are indirectly lost in loss record 740 of 833
==13582==    at 0x484D953: calloc (in /usr/libexec/valgrind/vgpreload_memcheck-amd64-linux.so)
==13582==    by 0x739049: __mn_alloc (in /mnt/c/Users/Juan/Documents/GitHub/Mapanare/mapanare/self/mnc-stage1)
==13582==    by 0x739C2E: __mn_str_concat (in /mnt/c/Users/Juan/Documents/GitHub/Mapanare/mapanare/self/mnc-stage1)
==13582==    by 0x68DA16: emit_llvm__declare_runtime_fn (in /mnt/c/Users/Juan/Documents/GitHub/Mapanare/mapanare/self/mnc-stage1)
==13582==    by 0x3: ???
==13582==    by 0x6AC83FF: ???
==13582==    by 0xF: ???
==13582== 
==13582== 214 bytes in 3 blocks are indirectly lost in loss record 741 of 833
==13582==    at 0x484D953: calloc (in /usr/libexec/valgrind/vgpreload_memcheck-amd64-linux.so)
==13582==    by 0x739049: __mn_alloc (in /mnt/c/Users/Juan/Documents/GitHub/Mapanare/mapanare/self/mnc-stage1)
==13582==    by 0x739C2E: __mn_str_concat (in /mnt/c/Users/Juan/Documents/GitHub/Mapanare/mapanare/self/mnc-stage1)
==13582==    by 0x6B1392: emit_llvm__emit_const (in /mnt/c/Users/Juan/Documents/GitHub/Mapanare/mapanare/self/mnc-stage1)
==13582==    by 0x8000000000000003: ???
==13582== 
==13582== 220 (144 direct, 76 indirect) bytes in 1 blocks are definitely lost in loss record 742 of 833
==13582==    at 0x484D953: calloc (in /usr/libexec/valgrind/vgpreload_memcheck-amd64-linux.so)
==13582==    by 0x739049: __mn_alloc (in /mnt/c/Users/Juan/Documents/GitHub/Mapanare/mapanare/self/mnc-stage1)
==13582==    by 0x73AD5A: __mn_list_push (in /mnt/c/Users/Juan/Documents/GitHub/Mapanare/mapanare/self/mnc-stage1)
==13582==    by 0x414DD2: resolve_imports (in /mnt/c/Users/Juan/Documents/GitHub/Mapanare/mapanare/self/mnc-stage1)
==13582==    by 0x6A73667: ???
==13582==    by 0x54: ???
==13582== 
==13582== 224 bytes in 14 blocks are definitely lost in loss record 743 of 833
==13582==    at 0x4846828: malloc (in /usr/libexec/valgrind/vgpreload_memcheck-amd64-linux.so)
==13582==    by 0x73DDF9: __mn_range (in /mnt/c/Users/Juan/Documents/GitHub/Mapanare/mapanare/self/mnc-stage1)
==13582==    by 0x4380F6: semantic__scope_lookup (in /mnt/c/Users/Juan/Documents/GitHub/Mapanare/mapanare/self/mnc-stage1)
==13582== 
==13582== 224 bytes in 14 blocks are definitely lost in loss record 744 of 833
==13582==    at 0x4846828: malloc (in /usr/libexec/valgrind/vgpreload_memcheck-amd64-linux.so)
==13582==    by 0x73DDF9: __mn_range (in /mnt/c/Users/Juan/Documents/GitHub/Mapanare/mapanare/self/mnc-stage1)
==13582==    by 0x678D3F: mir_opt__constant_fold_block (in /mnt/c/Users/Juan/Documents/GitHub/Mapanare/mapanare/self/mnc-stage1)
==13582== 
==13582== 250 bytes in 3 blocks are indirectly lost in loss record 745 of 833
==13582==    at 0x484D953: calloc (in /usr/libexec/valgrind/vgpreload_memcheck-amd64-linux.so)
==13582==    by 0x739049: __mn_alloc (in /mnt/c/Users/Juan/Documents/GitHub/Mapanare/mapanare/self/mnc-stage1)
==13582==    by 0x739C2E: __mn_str_concat (in /mnt/c/Users/Juan/Documents/GitHub/Mapanare/mapanare/self/mnc-stage1)
==13582==    by 0x68DA16: emit_llvm__declare_runtime_fn (in /mnt/c/Users/Juan/Documents/GitHub/Mapanare/mapanare/self/mnc-stage1)
==13582==    by 0x18: ???
==13582==    by 0x6AC147F: ???
==13582==    by 0xF: ???
==13582== 
==13582== 272 bytes in 1 blocks are indirectly lost in loss record 746 of 833
==13582==    at 0x484D953: calloc (in /usr/libexec/valgrind/vgpreload_memcheck-amd64-linux.so)
==13582==    by 0x739049: __mn_alloc (in /mnt/c/Users/Juan/Documents/GitHub/Mapanare/mapanare/self/mnc-stage1)
==13582==    by 0x73AD5A: __mn_list_push (in /mnt/c/Users/Juan/Documents/GitHub/Mapanare/mapanare/self/mnc-stage1)
==13582==    by 0x6509CF: lower__build_match_arms (in /mnt/c/Users/Juan/Documents/GitHub/Mapanare/mapanare/self/mnc-stage1)
==13582==    by 0xFFFFFFFFFFFFFF: ???
==13582==    by 0x8000000000000009: ???
==13582==    by 0x8000000000000009: ???
==13582==    by 0x6AA3E7F: ???
==13582==    by 0x6AA407F: ???
==13582==    by 0x1: ???
==13582==    by 0x37: ???
==13582== 
==13582== 272 bytes in 1 blocks are indirectly lost in loss record 747 of 833
==13582==    at 0x484D953: calloc (in /usr/libexec/valgrind/vgpreload_memcheck-amd64-linux.so)
==13582==    by 0x739049: __mn_alloc (in /mnt/c/Users/Juan/Documents/GitHub/Mapanare/mapanare/self/mnc-stage1)
==13582==    by 0x73AE1F: __mn_list_push (in /mnt/c/Users/Juan/Documents/GitHub/Mapanare/mapanare/self/mnc-stage1)
==13582==    by 0x6899B0: emit_llvm__build_internal_struct_list (in /mnt/c/Users/Juan/Documents/GitHub/Mapanare/mapanare/self/mnc-stage1)
==13582==    by 0xF: ???
==13582== 
==13582== 272 bytes in 1 blocks are indirectly lost in loss record 748 of 833
==13582==    at 0x484D953: calloc (in /usr/libexec/valgrind/vgpreload_memcheck-amd64-linux.so)
==13582==    by 0x739049: __mn_alloc (in /mnt/c/Users/Juan/Documents/GitHub/Mapanare/mapanare/self/mnc-stage1)
==13582==    by 0x73AE1F: __mn_list_push (in /mnt/c/Users/Juan/Documents/GitHub/Mapanare/mapanare/self/mnc-stage1)
==13582==    by 0x68A061: emit_llvm__build_internal_struct_list (in /mnt/c/Users/Juan/Documents/GitHub/Mapanare/mapanare/self/mnc-stage1)
==13582==    by 0xF: ???
==13582== 
==13582== 277 bytes in 4 blocks are indirectly lost in loss record 749 of 833
==13582==    at 0x484D953: calloc (in /usr/libexec/valgrind/vgpreload_memcheck-amd64-linux.so)
==13582==    by 0x739049: __mn_alloc (in /mnt/c/Users/Juan/Documents/GitHub/Mapanare/mapanare/self/mnc-stage1)
==13582==    by 0x739C2E: __mn_str_concat (in /mnt/c/Users/Juan/Documents/GitHub/Mapanare/mapanare/self/mnc-stage1)
==13582==    by 0x68DA16: emit_llvm__declare_runtime_fn (in /mnt/c/Users/Juan/Documents/GitHub/Mapanare/mapanare/self/mnc-stage1)
==13582==    by 0x2: ???
==13582==    by 0x6ABDB0F: ???
==13582==    by 0xF: ???
==13582== 
==13582== 284 bytes in 5 blocks are indirectly lost in loss record 750 of 833
==13582==    at 0x484D953: calloc (in /usr/libexec/valgrind/vgpreload_memcheck-amd64-linux.so)
==13582==    by 0x739049: __mn_alloc (in /mnt/c/Users/Juan/Documents/GitHub/Mapanare/mapanare/self/mnc-stage1)
==13582==    by 0x739C2E: __mn_str_concat (in /mnt/c/Users/Juan/Documents/GitHub/Mapanare/mapanare/self/mnc-stage1)
==13582==    by 0x68DA16: emit_llvm__declare_runtime_fn (in /mnt/c/Users/Juan/Documents/GitHub/Mapanare/mapanare/self/mnc-stage1)
==13582==    by 0x3: ???
==13582==    by 0x6AC147F: ???
==13582==    by 0xF: ???
==13582== 
==13582== 288 bytes in 2 blocks are definitely lost in loss record 751 of 833
==13582==    at 0x484D953: calloc (in /usr/libexec/valgrind/vgpreload_memcheck-amd64-linux.so)
==13582==    by 0x739049: __mn_alloc (in /mnt/c/Users/Juan/Documents/GitHub/Mapanare/mapanare/self/mnc-stage1)
==13582==    by 0x73AD5A: __mn_list_push (in /mnt/c/Users/Juan/Documents/GitHub/Mapanare/mapanare/self/mnc-stage1)
==13582==    by 0x67BFA1: mir_opt__collect_targets (in /mnt/c/Users/Juan/Documents/GitHub/Mapanare/mapanare/self/mnc-stage1)
==13582==    by 0x1101: ???
==13582==    by 0x5: ???
==13582==    by 0x6AA40DF: ???
==13582== 
==13582== 300 bytes in 4 blocks are indirectly lost in loss record 752 of 833
==13582==    at 0x484D953: calloc (in /usr/libexec/valgrind/vgpreload_memcheck-amd64-linux.so)
==13582==    by 0x739049: __mn_alloc (in /mnt/c/Users/Juan/Documents/GitHub/Mapanare/mapanare/self/mnc-stage1)
==13582==    by 0x739C2E: __mn_str_concat (in /mnt/c/Users/Juan/Documents/GitHub/Mapanare/mapanare/self/mnc-stage1)
==13582==    by 0x68DA16: emit_llvm__declare_runtime_fn (in /mnt/c/Users/Juan/Documents/GitHub/Mapanare/mapanare/self/mnc-stage1)
==13582==    by 0x2: ???
==13582==    by 0x6ABC46F: ???
==13582==    by 0xF: ???
==13582== 
==13582== 320 bytes in 1 blocks are definitely lost in loss record 753 of 833
==13582==    at 0x484D953: calloc (in /usr/libexec/valgrind/vgpreload_memcheck-amd64-linux.so)
==13582==    by 0x739049: __mn_alloc (in /mnt/c/Users/Juan/Documents/GitHub/Mapanare/mapanare/self/mnc-stage1)
==13582==    by 0x73B923: __mn_file_read (in /mnt/c/Users/Juan/Documents/GitHub/Mapanare/mapanare/self/mnc-stage1)
==13582==    by 0x73DCA7: __mn_file_read_or_empty (in /mnt/c/Users/Juan/Documents/GitHub/Mapanare/mapanare/self/mnc-stage1)
==13582==    by 0x418E28: mn_main (in /mnt/c/Users/Juan/Documents/GitHub/Mapanare/mapanare/self/mnc-stage1)
==13582==    by 0x4989A63: clone (clone.S:100)
==13582== 
==13582== 324 (272 direct, 52 indirect) bytes in 1 blocks are definitely lost in loss record 754 of 833
==13582==    at 0x484D953: calloc (in /usr/libexec/valgrind/vgpreload_memcheck-amd64-linux.so)
==13582==    by 0x739049: __mn_alloc (in /mnt/c/Users/Juan/Documents/GitHub/Mapanare/mapanare/self/mnc-stage1)
==13582==    by 0x73AD5A: __mn_list_push (in /mnt/c/Users/Juan/Documents/GitHub/Mapanare/mapanare/self/mnc-stage1)
==13582==    by 0x4B7B1D: lower__register_definition (in /mnt/c/Users/Juan/Documents/GitHub/Mapanare/mapanare/self/mnc-stage1)
==13582== 
==13582== 336 bytes in 2 blocks are indirectly lost in loss record 755 of 833
==13582==    at 0x484D953: calloc (in /usr/libexec/valgrind/vgpreload_memcheck-amd64-linux.so)
==13582==    by 0x43A0E3: semantic__resolve_type_expr (in /mnt/c/Users/Juan/Documents/GitHub/Mapanare/mapanare/self/mnc-stage1)
==13582== 
==13582== 336 bytes in 2 blocks are indirectly lost in loss record 756 of 833
==13582==    at 0x4846828: malloc (in /usr/libexec/valgrind/vgpreload_memcheck-amd64-linux.so)
==13582==    by 0x478114: semantic__register_def (in /mnt/c/Users/Juan/Documents/GitHub/Mapanare/mapanare/self/mnc-stage1)
==13582== 
==13582== 336 bytes in 2 blocks are definitely lost in loss record 757 of 833
==13582==    at 0x484D953: calloc (in /usr/libexec/valgrind/vgpreload_memcheck-amd64-linux.so)
==13582==    by 0x43A0E3: semantic__resolve_type_expr (in /mnt/c/Users/Juan/Documents/GitHub/Mapanare/mapanare/self/mnc-stage1)
==13582== 
==13582== 344 bytes in 5 blocks are indirectly lost in loss record 758 of 833
==13582==    at 0x484D953: calloc (in /usr/libexec/valgrind/vgpreload_memcheck-amd64-linux.so)
==13582==    by 0x739049: __mn_alloc (in /mnt/c/Users/Juan/Documents/GitHub/Mapanare/mapanare/self/mnc-stage1)
==13582==    by 0x739C2E: __mn_str_concat (in /mnt/c/Users/Juan/Documents/GitHub/Mapanare/mapanare/self/mnc-stage1)
==13582==    by 0x68DA16: emit_llvm__declare_runtime_fn (in /mnt/c/Users/Juan/Documents/GitHub/Mapanare/mapanare/self/mnc-stage1)
==13582==    by 0x9: ???
==13582==    by 0x6ABDB0F: ???
==13582==    by 0xF: ???
==13582== 
==13582== 367 bytes in 4 blocks are definitely lost in loss record 759 of 833
==13582==    at 0x484D953: calloc (in /usr/libexec/valgrind/vgpreload_memcheck-amd64-linux.so)
==13582==    by 0x739049: __mn_alloc (in /mnt/c/Users/Juan/Documents/GitHub/Mapanare/mapanare/self/mnc-stage1)
==13582==    by 0x739C2E: __mn_str_concat (in /mnt/c/Users/Juan/Documents/GitHub/Mapanare/mapanare/self/mnc-stage1)
==13582==    by 0x72E691: emit_llvm__emit_mir_phi (in /mnt/c/Users/Juan/Documents/GitHub/Mapanare/mapanare/self/mnc-stage1)
==13582== 
==13582== 375 bytes in 4 blocks are definitely lost in loss record 760 of 833
==13582==    at 0x484D953: calloc (in /usr/libexec/valgrind/vgpreload_memcheck-amd64-linux.so)
==13582==    by 0x739049: __mn_alloc (in /mnt/c/Users/Juan/Documents/GitHub/Mapanare/mapanare/self/mnc-stage1)
==13582==    by 0x739C2E: __mn_str_concat (in /mnt/c/Users/Juan/Documents/GitHub/Mapanare/mapanare/self/mnc-stage1)
==13582==    by 0x72E62A: emit_llvm__emit_mir_phi (in /mnt/c/Users/Juan/Documents/GitHub/Mapanare/mapanare/self/mnc-stage1)
==13582== 
==13582== 384 bytes in 8 blocks are indirectly lost in loss record 761 of 833
==13582==    at 0x4846828: malloc (in /usr/libexec/valgrind/vgpreload_memcheck-amd64-linux.so)
==13582==    by 0x431074: parser__parse_call_args (in /mnt/c/Users/Juan/Documents/GitHub/Mapanare/mapanare/self/mnc-stage1)
==13582==    by 0x6A8377F: ???
==13582==    by 0x54: ???
==13582==    by 0x7F: ???
==13582==    by 0x3F: ???
==13582== 
==13582== 398 bytes in 199 blocks are definitely lost in loss record 762 of 833
==13582==    at 0x484D953: calloc (in /usr/libexec/valgrind/vgpreload_memcheck-amd64-linux.so)
==13582==    by 0x739049: __mn_alloc (in /mnt/c/Users/Juan/Documents/GitHub/Mapanare/mapanare/self/mnc-stage1)
==13582==    by 0x73980B: __mn_str_from_parts (in /mnt/c/Users/Juan/Documents/GitHub/Mapanare/mapanare/self/mnc-stage1)
==13582==    by 0x42244E: lexer__tokenize (in /mnt/c/Users/Juan/Documents/GitHub/Mapanare/mapanare/self/mnc-stage1)
==13582== 
==13582== 418 (144 direct, 274 indirect) bytes in 1 blocks are definitely lost in loss record 763 of 833
==13582==    at 0x484D953: calloc (in /usr/libexec/valgrind/vgpreload_memcheck-amd64-linux.so)
==13582==    by 0x739049: __mn_alloc (in /mnt/c/Users/Juan/Documents/GitHub/Mapanare/mapanare/self/mnc-stage1)
==13582==    by 0x73AD5A: __mn_list_push (in /mnt/c/Users/Juan/Documents/GitHub/Mapanare/mapanare/self/mnc-stage1)
==13582==    by 0x6B1226: emit_llvm__emit_const (in /mnt/c/Users/Juan/Documents/GitHub/Mapanare/mapanare/self/mnc-stage1)
==13582==    by 0x8000000000000002: ???
==13582==    by 0x2: ???
==13582==    by 0x6AA5BCF: ???
==13582==    by 0x6AD3F9F: ???
==13582== 
==13582== 421 bytes in 5 blocks are definitely lost in loss record 764 of 833
==13582==    at 0x484D953: calloc (in /usr/libexec/valgrind/vgpreload_memcheck-amd64-linux.so)
==13582==    by 0x739049: __mn_alloc (in /mnt/c/Users/Juan/Documents/GitHub/Mapanare/mapanare/self/mnc-stage1)
==13582==    by 0x739C2E: __mn_str_concat (in /mnt/c/Users/Juan/Documents/GitHub/Mapanare/mapanare/self/mnc-stage1)
==13582==    by 0x72E641: emit_llvm__emit_mir_phi (in /mnt/c/Users/Juan/Documents/GitHub/Mapanare/mapanare/self/mnc-stage1)
==13582== 
==13582== 427 bytes in 6 blocks are indirectly lost in loss record 765 of 833
==13582==    at 0x484D953: calloc (in /usr/libexec/valgrind/vgpreload_memcheck-amd64-linux.so)
==13582==    by 0x739049: __mn_alloc (in /mnt/c/Users/Juan/Documents/GitHub/Mapanare/mapanare/self/mnc-stage1)
==13582==    by 0x739C2E: __mn_str_concat (in /mnt/c/Users/Juan/Documents/GitHub/Mapanare/mapanare/self/mnc-stage1)
==13582==    by 0x68DA16: emit_llvm__declare_runtime_fn (in /mnt/c/Users/Juan/Documents/GitHub/Mapanare/mapanare/self/mnc-stage1)
==13582==    by 0x9: ???
==13582==    by 0x6AC147F: ???
==13582==    by 0xF: ???
==13582== 
==13582== 432 bytes in 3 blocks are indirectly lost in loss record 766 of 833
==13582==    at 0x4846828: malloc (in /usr/libexec/valgrind/vgpreload_memcheck-amd64-linux.so)
==13582==    by 0x66971D: lower__bind_ident_pattern (in /mnt/c/Users/Juan/Documents/GitHub/Mapanare/mapanare/self/mnc-stage1)
==13582==    by 0xFFFFFFFFFFFF: ???
==13582== 
==13582== 439 bytes in 5 blocks are definitely lost in loss record 767 of 833
==13582==    at 0x484D953: calloc (in /usr/libexec/valgrind/vgpreload_memcheck-amd64-linux.so)
==13582==    by 0x739049: __mn_alloc (in /mnt/c/Users/Juan/Documents/GitHub/Mapanare/mapanare/self/mnc-stage1)
==13582==    by 0x739C2E: __mn_str_concat (in /mnt/c/Users/Juan/Documents/GitHub/Mapanare/mapanare/self/mnc-stage1)
==13582==    by 0x72E652: emit_llvm__emit_mir_phi (in /mnt/c/Users/Juan/Documents/GitHub/Mapanare/mapanare/self/mnc-stage1)
==13582== 
==13582== 448 bytes in 28 blocks are definitely lost in loss record 768 of 833
==13582==    at 0x4846828: malloc (in /usr/libexec/valgrind/vgpreload_memcheck-amd64-linux.so)
==13582==    by 0x73DDF9: __mn_range (in /mnt/c/Users/Juan/Documents/GitHub/Mapanare/mapanare/self/mnc-stage1)
==13582==    by 0x41FA11: lexer__scan_ident (in /mnt/c/Users/Juan/Documents/GitHub/Mapanare/mapanare/self/mnc-stage1)
==13582== 
==13582== 454 bytes in 5 blocks are definitely lost in loss record 769 of 833
==13582==    at 0x484D953: calloc (in /usr/libexec/valgrind/vgpreload_memcheck-amd64-linux.so)
==13582==    by 0x739049: __mn_alloc (in /mnt/c/Users/Juan/Documents/GitHub/Mapanare/mapanare/self/mnc-stage1)
==13582==    by 0x739C2E: __mn_str_concat (in /mnt/c/Users/Juan/Documents/GitHub/Mapanare/mapanare/self/mnc-stage1)
==13582==    by 0x72E669: emit_llvm__emit_mir_phi (in /mnt/c/Users/Juan/Documents/GitHub/Mapanare/mapanare/self/mnc-stage1)
==13582== 
==13582== 464 bytes in 1 blocks are indirectly lost in loss record 770 of 833
==13582==    at 0x484D953: calloc (in /usr/libexec/valgrind/vgpreload_memcheck-amd64-linux.so)
==13582==    by 0x739049: __mn_alloc (in /mnt/c/Users/Juan/Documents/GitHub/Mapanare/mapanare/self/mnc-stage1)
==13582==    by 0x73AD5A: __mn_list_push (in /mnt/c/Users/Juan/Documents/GitHub/Mapanare/mapanare/self/mnc-stage1)
==13582==    by 0x4D216C: lower__lower_fn (in /mnt/c/Users/Juan/Documents/GitHub/Mapanare/mapanare/self/mnc-stage1)
==13582== 
==13582== 464 bytes in 1 blocks are indirectly lost in loss record 771 of 833
==13582==    at 0x484D953: calloc (in /usr/libexec/valgrind/vgpreload_memcheck-amd64-linux.so)
==13582==    by 0x739049: __mn_alloc (in /mnt/c/Users/Juan/Documents/GitHub/Mapanare/mapanare/self/mnc-stage1)
==13582==    by 0x73AD5A: __mn_list_push (in /mnt/c/Users/Juan/Documents/GitHub/Mapanare/mapanare/self/mnc-stage1)
==13582==    by 0x67B6BB: mir_opt__const_prop_function (in /mnt/c/Users/Juan/Documents/GitHub/Mapanare/mapanare/self/mnc-stage1)
==13582== 
==13582== 464 bytes in 1 blocks are indirectly lost in loss record 772 of 833
==13582==    at 0x484D953: calloc (in /usr/libexec/valgrind/vgpreload_memcheck-amd64-linux.so)
==13582==    by 0x739049: __mn_alloc (in /mnt/c/Users/Juan/Documents/GitHub/Mapanare/mapanare/self/mnc-stage1)
==13582==    by 0x73AD5A: __mn_list_push (in /mnt/c/Users/Juan/Documents/GitHub/Mapanare/mapanare/self/mnc-stage1)
==13582==    by 0x67ED51: mir_opt__dead_block_elim_function (in /mnt/c/Users/Juan/Documents/GitHub/Mapanare/mapanare/self/mnc-stage1)
==13582==    by 0xF: ???
==13582== 
==13582== 464 bytes in 1 blocks are definitely lost in loss record 773 of 833
==13582==    at 0x484D953: calloc (in /usr/libexec/valgrind/vgpreload_memcheck-amd64-linux.so)
==13582==    by 0x739049: __mn_alloc (in /mnt/c/Users/Juan/Documents/GitHub/Mapanare/mapanare/self/mnc-stage1)
==13582==    by 0x73AD5A: __mn_list_push (in /mnt/c/Users/Juan/Documents/GitHub/Mapanare/mapanare/self/mnc-stage1)
==13582==    by 0x679376: mir_opt__constant_fold_function (in /mnt/c/Users/Juan/Documents/GitHub/Mapanare/mapanare/self/mnc-stage1)
==13582==    by 0xF: ???
==13582== 
==13582== 480 bytes in 3 blocks are indirectly lost in loss record 774 of 833
==13582==    at 0x4846828: malloc (in /usr/libexec/valgrind/vgpreload_memcheck-amd64-linux.so)
==13582==    by 0x66A201: lower__bind_ident_pattern (in /mnt/c/Users/Juan/Documents/GitHub/Mapanare/mapanare/self/mnc-stage1)
==13582==    by 0xFFFFFFFFFFFF: ???
==13582== 
==13582== 488 bytes in 8 blocks are indirectly lost in loss record 775 of 833
==13582==    at 0x484D953: calloc (in /usr/libexec/valgrind/vgpreload_memcheck-amd64-linux.so)
==13582==    by 0x739049: __mn_alloc (in /mnt/c/Users/Juan/Documents/GitHub/Mapanare/mapanare/self/mnc-stage1)
==13582==    by 0x739C2E: __mn_str_concat (in /mnt/c/Users/Juan/Documents/GitHub/Mapanare/mapanare/self/mnc-stage1)
==13582==    by 0x68DA16: emit_llvm__declare_runtime_fn (in /mnt/c/Users/Juan/Documents/GitHub/Mapanare/mapanare/self/mnc-stage1)
==13582==    by 0x2: ???
==13582==    by 0x6AC147F: ???
==13582==    by 0xF: ???
==13582== 
==13582== 504 bytes in 3 blocks are indirectly lost in loss record 776 of 833
==13582==    at 0x484D953: calloc (in /usr/libexec/valgrind/vgpreload_memcheck-amd64-linux.so)
==13582==    by 0x464958: semantic__bind_pattern (in /mnt/c/Users/Juan/Documents/GitHub/Mapanare/mapanare/self/mnc-stage1)
==13582== 
==13582== 508 bytes in 5 blocks are definitely lost in loss record 777 of 833
==13582==    at 0x484D953: calloc (in /usr/libexec/valgrind/vgpreload_memcheck-amd64-linux.so)
==13582==    by 0x739049: __mn_alloc (in /mnt/c/Users/Juan/Documents/GitHub/Mapanare/mapanare/self/mnc-stage1)
==13582==    by 0x739C2E: __mn_str_concat (in /mnt/c/Users/Juan/Documents/GitHub/Mapanare/mapanare/self/mnc-stage1)
==13582==    by 0x72E67A: emit_llvm__emit_mir_phi (in /mnt/c/Users/Juan/Documents/GitHub/Mapanare/mapanare/self/mnc-stage1)
==13582== 
==13582== 528 bytes in 1 blocks are indirectly lost in loss record 778 of 833
==13582==    at 0x484D953: calloc (in /usr/libexec/valgrind/vgpreload_memcheck-amd64-linux.so)
==13582==    by 0x739049: __mn_alloc (in /mnt/c/Users/Juan/Documents/GitHub/Mapanare/mapanare/self/mnc-stage1)
==13582==    by 0x73AE1F: __mn_list_push (in /mnt/c/Users/Juan/Documents/GitHub/Mapanare/mapanare/self/mnc-stage1)
==13582==    by 0x689DCA: emit_llvm__build_internal_struct_list (in /mnt/c/Users/Juan/Documents/GitHub/Mapanare/mapanare/self/mnc-stage1)
==13582==    by 0xF: ???
==13582== 
==13582== 532 bytes in 6 blocks are indirectly lost in loss record 779 of 833
==13582==    at 0x484D953: calloc (in /usr/libexec/valgrind/vgpreload_memcheck-amd64-linux.so)
==13582==    by 0x739049: __mn_alloc (in /mnt/c/Users/Juan/Documents/GitHub/Mapanare/mapanare/self/mnc-stage1)
==13582==    by 0x739C2E: __mn_str_concat (in /mnt/c/Users/Juan/Documents/GitHub/Mapanare/mapanare/self/mnc-stage1)
==13582==    by 0x68DA16: emit_llvm__declare_runtime_fn (in /mnt/c/Users/Juan/Documents/GitHub/Mapanare/mapanare/self/mnc-stage1)
==13582==    by 0x18: ???
==13582==    by 0x6AC83FF: ???
==13582==    by 0xF: ???
==13582== 
==13582== 533 bytes in 10 blocks are indirectly lost in loss record 780 of 833
==13582==    at 0x484D953: calloc (in /usr/libexec/valgrind/vgpreload_memcheck-amd64-linux.so)
==13582==    by 0x739049: __mn_alloc (in /mnt/c/Users/Juan/Documents/GitHub/Mapanare/mapanare/self/mnc-stage1)
==13582==    by 0x739C2E: __mn_str_concat (in /mnt/c/Users/Juan/Documents/GitHub/Mapanare/mapanare/self/mnc-stage1)
==13582==    by 0x688F96: emit_llvm_ir__emit_insertvalue (in /mnt/c/Users/Juan/Documents/GitHub/Mapanare/mapanare/self/mnc-stage1)
==13582== 
==13582== 544 bytes in 2 blocks are indirectly lost in loss record 781 of 833
==13582==    at 0x4846828: malloc (in /usr/libexec/valgrind/vgpreload_memcheck-amd64-linux.so)
==13582==    by 0x42797A: parser__parse_fn_body (in /mnt/c/Users/Juan/Documents/GitHub/Mapanare/mapanare/self/mnc-stage1)
==13582== 
==13582== 544 bytes in 2 blocks are indirectly lost in loss record 782 of 833
==13582==    at 0x484D953: calloc (in /usr/libexec/valgrind/vgpreload_memcheck-amd64-linux.so)
==13582==    by 0x739049: __mn_alloc (in /mnt/c/Users/Juan/Documents/GitHub/Mapanare/mapanare/self/mnc-stage1)
==13582==    by 0x73AE1F: __mn_list_push (in /mnt/c/Users/Juan/Documents/GitHub/Mapanare/mapanare/self/mnc-stage1)
==13582==    by 0x49D84D: lower_state__emit_instr (in /mnt/c/Users/Juan/Documents/GitHub/Mapanare/mapanare/self/mnc-stage1)
==13582==    by 0x7: ???
==13582==    by 0x37: ???
==13582== 
==13582== 544 bytes in 2 blocks are indirectly lost in loss record 783 of 833
==13582==    at 0x484D953: calloc (in /usr/libexec/valgrind/vgpreload_memcheck-amd64-linux.so)
==13582==    by 0x739049: __mn_alloc (in /mnt/c/Users/Juan/Documents/GitHub/Mapanare/mapanare/self/mnc-stage1)
==13582==    by 0x73AE1F: __mn_list_push (in /mnt/c/Users/Juan/Documents/GitHub/Mapanare/mapanare/self/mnc-stage1)
==13582==    by 0x67B5A8: mir_opt__const_prop_function (in /mnt/c/Users/Juan/Documents/GitHub/Mapanare/mapanare/self/mnc-stage1)
==13582== 
==13582== 544 bytes in 4 blocks are indirectly lost in loss record 784 of 833
==13582==    at 0x4846828: malloc (in /usr/libexec/valgrind/vgpreload_memcheck-amd64-linux.so)
==13582==    by 0x5CE045: lower__lower_call_by_name (in /mnt/c/Users/Juan/Documents/GitHub/Mapanare/mapanare/self/mnc-stage1)
==13582==    by 0x1F: ???
==13582== 
==13582== 544 bytes in 4 blocks are indirectly lost in loss record 785 of 833
==13582==    at 0x4846828: malloc (in /usr/libexec/valgrind/vgpreload_memcheck-amd64-linux.so)
==13582==    by 0x5A9099: lower__lower_call_by_name (in /mnt/c/Users/Juan/Documents/GitHub/Mapanare/mapanare/self/mnc-stage1)
==13582== 
==13582== 544 bytes in 2 blocks are definitely lost in loss record 786 of 833
==13582==    at 0x484D953: calloc (in /usr/libexec/valgrind/vgpreload_memcheck-amd64-linux.so)
==13582==    by 0x739049: __mn_alloc (in /mnt/c/Users/Juan/Documents/GitHub/Mapanare/mapanare/self/mnc-stage1)
==13582==    by 0x73AE1F: __mn_list_push (in /mnt/c/Users/Juan/Documents/GitHub/Mapanare/mapanare/self/mnc-stage1)
==13582==    by 0x678E74: mir_opt__constant_fold_block (in /mnt/c/Users/Juan/Documents/GitHub/Mapanare/mapanare/self/mnc-stage1)
==13582== 
==13582== 576 bytes in 4 blocks are definitely lost in loss record 787 of 833
==13582==    at 0x484D953: calloc (in /usr/libexec/valgrind/vgpreload_memcheck-amd64-linux.so)
==13582==    by 0x739049: __mn_alloc (in /mnt/c/Users/Juan/Documents/GitHub/Mapanare/mapanare/self/mnc-stage1)
==13582==    by 0x73AD5A: __mn_list_push (in /mnt/c/Users/Juan/Documents/GitHub/Mapanare/mapanare/self/mnc-stage1)
==13582==    by 0x67BD83: mir_opt__collect_targets (in /mnt/c/Users/Juan/Documents/GitHub/Mapanare/mapanare/self/mnc-stage1)
==13582==    by 0x1101: ???
==13582==    by 0x3: ???
==13582==    by 0x7510A7: ??? (in /mnt/c/Users/Juan/Documents/GitHub/Mapanare/mapanare/self/mnc-stage1)
==13582== 
==13582== 592 bytes in 1 blocks are indirectly lost in loss record 788 of 833
==13582==    at 0x484D953: calloc (in /usr/libexec/valgrind/vgpreload_memcheck-amd64-linux.so)
==13582==    by 0x739049: __mn_alloc (in /mnt/c/Users/Juan/Documents/GitHub/Mapanare/mapanare/self/mnc-stage1)
==13582==    by 0x73AD5A: __mn_list_push (in /mnt/c/Users/Juan/Documents/GitHub/Mapanare/mapanare/self/mnc-stage1)
==13582==    by 0x42728E: parser__parse_fn_params (in /mnt/c/Users/Juan/Documents/GitHub/Mapanare/mapanare/self/mnc-stage1)
==13582==    by 0x3F: ???
==13582==    by 0x2: ???
==13582==    by 0x7671FF: ??? (in /mnt/c/Users/Juan/Documents/GitHub/Mapanare/mapanare/self/mnc-stage1)
==13582== 
==13582== 656 bytes in 1 blocks are indirectly lost in loss record 789 of 833
==13582==    at 0x484D953: calloc (in /usr/libexec/valgrind/vgpreload_memcheck-amd64-linux.so)
==13582==    by 0x739049: __mn_alloc (in /mnt/c/Users/Juan/Documents/GitHub/Mapanare/mapanare/self/mnc-stage1)
==13582==    by 0x73AD5A: __mn_list_push (in /mnt/c/Users/Juan/Documents/GitHub/Mapanare/mapanare/self/mnc-stage1)
==13582==    by 0x4CCF2E: lower__build_mir_params (in /mnt/c/Users/Juan/Documents/GitHub/Mapanare/mapanare/self/mnc-stage1)
==13582== 
==13582== 672 bytes in 4 blocks are indirectly lost in loss record 790 of 833
==13582==    at 0x484D953: calloc (in /usr/libexec/valgrind/vgpreload_memcheck-amd64-linux.so)
==13582==    by 0x43B6E8: semantic__infer_expr (in /mnt/c/Users/Juan/Documents/GitHub/Mapanare/mapanare/self/mnc-stage1)
==13582== 
==13582== 672 bytes in 4 blocks are definitely lost in loss record 791 of 833
==13582==    at 0x484D953: calloc (in /usr/libexec/valgrind/vgpreload_memcheck-amd64-linux.so)
==13582==    by 0x43B6E8: semantic__infer_expr (in /mnt/c/Users/Juan/Documents/GitHub/Mapanare/mapanare/self/mnc-stage1)
==13582== 
==13582== 672 bytes in 4 blocks are definitely lost in loss record 792 of 833
==13582==    at 0x484D953: calloc (in /usr/libexec/valgrind/vgpreload_memcheck-amd64-linux.so)
==13582==    by 0x43751B: semantic__bool_type (in /mnt/c/Users/Juan/Documents/GitHub/Mapanare/mapanare/self/mnc-stage1)
==13582== 
==13582== 720 bytes in 1 blocks are indirectly lost in loss record 793 of 833
==13582==    at 0x484D953: calloc (in /usr/libexec/valgrind/vgpreload_memcheck-amd64-linux.so)
==13582==    by 0x739049: __mn_alloc (in /mnt/c/Users/Juan/Documents/GitHub/Mapanare/mapanare/self/mnc-stage1)
==13582==    by 0x73AD5A: __mn_list_push (in /mnt/c/Users/Juan/Documents/GitHub/Mapanare/mapanare/self/mnc-stage1)
==13582==    by 0x433D3A: parser__parse_match_expr (in /mnt/c/Users/Juan/Documents/GitHub/Mapanare/mapanare/self/mnc-stage1)
==13582== 
==13582== 720 bytes in 5 blocks are indirectly lost in loss record 794 of 833
==13582==    at 0x484D953: calloc (in /usr/libexec/valgrind/vgpreload_memcheck-amd64-linux.so)
==13582==    by 0x739049: __mn_alloc (in /mnt/c/Users/Juan/Documents/GitHub/Mapanare/mapanare/self/mnc-stage1)
==13582==    by 0x73AD5A: __mn_list_push (in /mnt/c/Users/Juan/Documents/GitHub/Mapanare/mapanare/self/mnc-stage1)
==13582==    by 0x49D84D: lower_state__emit_instr (in /mnt/c/Users/Juan/Documents/GitHub/Mapanare/mapanare/self/mnc-stage1)
==13582==    by 0x1: ???
==13582==    by 0x7: ???
==13582== 
==13582== 720 bytes in 5 blocks are definitely lost in loss record 795 of 833
==13582==    at 0x484D953: calloc (in /usr/libexec/valgrind/vgpreload_memcheck-amd64-linux.so)
==13582==    by 0x739049: __mn_alloc (in /mnt/c/Users/Juan/Documents/GitHub/Mapanare/mapanare/self/mnc-stage1)
==13582==    by 0x73AD5A: __mn_list_push (in /mnt/c/Users/Juan/Documents/GitHub/Mapanare/mapanare/self/mnc-stage1)
==13582==    by 0x67BD83: mir_opt__collect_targets (in /mnt/c/Users/Juan/Documents/GitHub/Mapanare/mapanare/self/mnc-stage1)
==13582==    by 0x7: ???
==13582==    by 0x3: ???
==13582==    by 0x7510A7: ??? (in /mnt/c/Users/Juan/Documents/GitHub/Mapanare/mapanare/self/mnc-stage1)
==13582== 
==13582== 784 bytes in 1 blocks are indirectly lost in loss record 796 of 833
==13582==    at 0x484D953: calloc (in /usr/libexec/valgrind/vgpreload_memcheck-amd64-linux.so)
==13582==    by 0x739049: __mn_alloc (in /mnt/c/Users/Juan/Documents/GitHub/Mapanare/mapanare/self/mnc-stage1)
==13582==    by 0x73AD5A: __mn_list_push (in /mnt/c/Users/Juan/Documents/GitHub/Mapanare/mapanare/self/mnc-stage1)
==13582==    by 0x660815: lower__lower_match (in /mnt/c/Users/Juan/Documents/GitHub/Mapanare/mapanare/self/mnc-stage1)
==13582== 
==13582== 800 bytes in 5 blocks are indirectly lost in loss record 797 of 833
==13582==    at 0x4846828: malloc (in /usr/libexec/valgrind/vgpreload_memcheck-amd64-linux.so)
==13582==    by 0x56AB10: lower__lower_identifier (in /mnt/c/Users/Juan/Documents/GitHub/Mapanare/mapanare/self/mnc-stage1)
==13582== 
==13582== 800 bytes in 5 blocks are indirectly lost in loss record 798 of 833
==13582==    at 0x4846828: malloc (in /usr/libexec/valgrind/vgpreload_memcheck-amd64-linux.so)
==13582==    by 0x5463B8: lower__lower_expr (in /mnt/c/Users/Juan/Documents/GitHub/Mapanare/mapanare/self/mnc-stage1)
==13582== 
==13582== 840 bytes in 5 blocks are definitely lost in loss record 799 of 833
==13582==    at 0x484D953: calloc (in /usr/libexec/valgrind/vgpreload_memcheck-amd64-linux.so)
==13582==    by 0x43B9FD: semantic__infer_expr (in /mnt/c/Users/Juan/Documents/GitHub/Mapanare/mapanare/self/mnc-stage1)
==13582== 
==13582== 848 bytes in 1 blocks are definitely lost in loss record 800 of 833
==13582==    at 0x484D953: calloc (in /usr/libexec/valgrind/vgpreload_memcheck-amd64-linux.so)
==13582==    by 0x739049: __mn_alloc (in /mnt/c/Users/Juan/Documents/GitHub/Mapanare/mapanare/self/mnc-stage1)
==13582==    by 0x73AD5A: __mn_list_push (in /mnt/c/Users/Juan/Documents/GitHub/Mapanare/mapanare/self/mnc-stage1)
==13582==    by 0x49F124: lower_state__lower_pop_scope (in /mnt/c/Users/Juan/Documents/GitHub/Mapanare/mapanare/self/mnc-stage1)
==13582==    by 0x7: ???
==13582==    by 0x1000000000000: ???
==13582==    by 0x6AA375F: ???
==13582==    by 0x1: ???
==13582==    by 0x7: ???
==13582==    by 0x67: ???
==13582== 
==13582== 848 bytes in 1 blocks are definitely lost in loss record 801 of 833
==13582==    at 0x484D953: calloc (in /usr/libexec/valgrind/vgpreload_memcheck-amd64-linux.so)
==13582==    by 0x739049: __mn_alloc (in /mnt/c/Users/Juan/Documents/GitHub/Mapanare/mapanare/self/mnc-stage1)
==13582==    by 0x73AD5A: __mn_list_push (in /mnt/c/Users/Juan/Documents/GitHub/Mapanare/mapanare/self/mnc-stage1)
==13582==    by 0x49F124: lower_state__lower_pop_scope (in /mnt/c/Users/Juan/Documents/GitHub/Mapanare/mapanare/self/mnc-stage1)
==13582==    by 0x7: ???
==13582==    by 0x1000000000000: ???
==13582==    by 0x6AA5E7F: ???
==13582==    by 0x1: ???
==13582==    by 0x7: ???
==13582==    by 0x67: ???
==13582== 
==13582== 848 bytes in 1 blocks are definitely lost in loss record 802 of 833
==13582==    at 0x484D953: calloc (in /usr/libexec/valgrind/vgpreload_memcheck-amd64-linux.so)
==13582==    by 0x739049: __mn_alloc (in /mnt/c/Users/Juan/Documents/GitHub/Mapanare/mapanare/self/mnc-stage1)
==13582==    by 0x73AD5A: __mn_list_push (in /mnt/c/Users/Juan/Documents/GitHub/Mapanare/mapanare/self/mnc-stage1)
==13582==    by 0x49F124: lower_state__lower_pop_scope (in /mnt/c/Users/Juan/Documents/GitHub/Mapanare/mapanare/self/mnc-stage1)
==13582==    by 0x7: ???
==13582==    by 0x1000000000000: ???
==13582==    by 0x6AA7CDF: ???
==13582==    by 0x1: ???
==13582==    by 0x7: ???
==13582==    by 0x67: ???
==13582== 
==13582== 848 bytes in 1 blocks are definitely lost in loss record 803 of 833
==13582==    at 0x484D953: calloc (in /usr/libexec/valgrind/vgpreload_memcheck-amd64-linux.so)
==13582==    by 0x739049: __mn_alloc (in /mnt/c/Users/Juan/Documents/GitHub/Mapanare/mapanare/self/mnc-stage1)
==13582==    by 0x73AD5A: __mn_list_push (in /mnt/c/Users/Juan/Documents/GitHub/Mapanare/mapanare/self/mnc-stage1)
==13582==    by 0x49F124: lower_state__lower_pop_scope (in /mnt/c/Users/Juan/Documents/GitHub/Mapanare/mapanare/self/mnc-stage1)
==13582==    by 0x7: ???
==13582==    by 0x1000000000000: ???
==13582==    by 0x6AA8EBF: ???
==13582== 
==13582== 848 bytes in 1 blocks are definitely lost in loss record 804 of 833
==13582==    at 0x484D953: calloc (in /usr/libexec/valgrind/vgpreload_memcheck-amd64-linux.so)
==13582==    by 0x739049: __mn_alloc (in /mnt/c/Users/Juan/Documents/GitHub/Mapanare/mapanare/self/mnc-stage1)
==13582==    by 0x73AD5A: __mn_list_push (in /mnt/c/Users/Juan/Documents/GitHub/Mapanare/mapanare/self/mnc-stage1)
==13582==    by 0x49F124: lower_state__lower_pop_scope (in /mnt/c/Users/Juan/Documents/GitHub/Mapanare/mapanare/self/mnc-stage1)
==13582== 
==13582== 851 bytes in 12 blocks are indirectly lost in loss record 805 of 833
==13582==    at 0x484D953: calloc (in /usr/libexec/valgrind/vgpreload_memcheck-amd64-linux.so)
==13582==    by 0x739049: __mn_alloc (in /mnt/c/Users/Juan/Documents/GitHub/Mapanare/mapanare/self/mnc-stage1)
==13582==    by 0x739C2E: __mn_str_concat (in /mnt/c/Users/Juan/Documents/GitHub/Mapanare/mapanare/self/mnc-stage1)
==13582==    by 0x68DA16: emit_llvm__declare_runtime_fn (in /mnt/c/Users/Juan/Documents/GitHub/Mapanare/mapanare/self/mnc-stage1)
==13582==    by 0x9: ???
==13582==    by 0x6AC83FF: ???
==13582==    by 0xF: ???
==13582== 
==13582== 856 (848 direct, 8 indirect) bytes in 1 blocks are definitely lost in loss record 806 of 833
==13582==    at 0x484D953: calloc (in /usr/libexec/valgrind/vgpreload_memcheck-amd64-linux.so)
==13582==    by 0x739049: __mn_alloc (in /mnt/c/Users/Juan/Documents/GitHub/Mapanare/mapanare/self/mnc-stage1)
==13582==    by 0x73AD5A: __mn_list_push (in /mnt/c/Users/Juan/Documents/GitHub/Mapanare/mapanare/self/mnc-stage1)
==13582==    by 0x4CFD9F: lower__bind_fn_params (in /mnt/c/Users/Juan/Documents/GitHub/Mapanare/mapanare/self/mnc-stage1)
==13582== 
==13582== 856 (848 direct, 8 indirect) bytes in 1 blocks are definitely lost in loss record 807 of 833
==13582==    at 0x484D953: calloc (in /usr/libexec/valgrind/vgpreload_memcheck-amd64-linux.so)
==13582==    by 0x739049: __mn_alloc (in /mnt/c/Users/Juan/Documents/GitHub/Mapanare/mapanare/self/mnc-stage1)
==13582==    by 0x73AD5A: __mn_list_push (in /mnt/c/Users/Juan/Documents/GitHub/Mapanare/mapanare/self/mnc-stage1)
==13582==    by 0x49F124: lower_state__lower_pop_scope (in /mnt/c/Users/Juan/Documents/GitHub/Mapanare/mapanare/self/mnc-stage1)
==13582==    by 0x7: ???
==13582==    by 0x1000000000000: ???
==13582==    by 0x6AA57FF: ???
==13582== 
==13582== 864 bytes in 6 blocks are indirectly lost in loss record 808 of 833
==13582==    at 0x484D953: calloc (in /usr/libexec/valgrind/vgpreload_memcheck-amd64-linux.so)
==13582==    by 0x739049: __mn_alloc (in /mnt/c/Users/Juan/Documents/GitHub/Mapanare/mapanare/self/mnc-stage1)
==13582==    by 0x73AD5A: __mn_list_push (in /mnt/c/Users/Juan/Documents/GitHub/Mapanare/mapanare/self/mnc-stage1)
==13582==    by 0x49D84D: lower_state__emit_instr (in /mnt/c/Users/Juan/Documents/GitHub/Mapanare/mapanare/self/mnc-stage1)
==13582== 
==13582== 880 (592 direct, 288 indirect) bytes in 1 blocks are definitely lost in loss record 809 of 833
==13582==    at 0x484D953: calloc (in /usr/libexec/valgrind/vgpreload_memcheck-amd64-linux.so)
==13582==    by 0x739049: __mn_alloc (in /mnt/c/Users/Juan/Documents/GitHub/Mapanare/mapanare/self/mnc-stage1)
==13582==    by 0x73AD5A: __mn_list_push (in /mnt/c/Users/Juan/Documents/GitHub/Mapanare/mapanare/self/mnc-stage1)
==13582==    by 0x7378BC: emit_llvm__emit_mir_module (in /mnt/c/Users/Juan/Documents/GitHub/Mapanare/mapanare/self/mnc-stage1)
==13582==    by 0x3F: ???
==13582== 
==13582== 912 bytes in 1 blocks are indirectly lost in loss record 810 of 833
==13582==    at 0x484D953: calloc (in /usr/libexec/valgrind/vgpreload_memcheck-amd64-linux.so)
==13582==    by 0x739049: __mn_alloc (in /mnt/c/Users/Juan/Documents/GitHub/Mapanare/mapanare/self/mnc-stage1)
==13582==    by 0x73AE1F: __mn_list_push (in /mnt/c/Users/Juan/Documents/GitHub/Mapanare/mapanare/self/mnc-stage1)
==13582==    by 0x65C281: lower__lower_match (in /mnt/c/Users/Juan/Documents/GitHub/Mapanare/mapanare/self/mnc-stage1)
==13582==    by 0x7FFFFFFFFFFFFFFF: ???
==13582==    by 0x800000000000000A: ???
==13582== 
==13582== 912 bytes in 1 blocks are definitely lost in loss record 811 of 833
==13582==    at 0x484D953: calloc (in /usr/libexec/valgrind/vgpreload_memcheck-amd64-linux.so)
==13582==    by 0x739049: __mn_alloc (in /mnt/c/Users/Juan/Documents/GitHub/Mapanare/mapanare/self/mnc-stage1)
==13582==    by 0x73AE1F: __mn_list_push (in /mnt/c/Users/Juan/Documents/GitHub/Mapanare/mapanare/self/mnc-stage1)
==13582==    by 0x679376: mir_opt__constant_fold_function (in /mnt/c/Users/Juan/Documents/GitHub/Mapanare/mapanare/self/mnc-stage1)
==13582==    by 0xF: ???
==13582== 
==13582== 1,152 bytes in 8 blocks are indirectly lost in loss record 812 of 833
==13582==    at 0x484D953: calloc (in /usr/libexec/valgrind/vgpreload_memcheck-amd64-linux.so)
==13582==    by 0x739049: __mn_alloc (in /mnt/c/Users/Juan/Documents/GitHub/Mapanare/mapanare/self/mnc-stage1)
==13582==    by 0x73AD5A: __mn_list_push (in /mnt/c/Users/Juan/Documents/GitHub/Mapanare/mapanare/self/mnc-stage1)
==13582==    by 0x430E0E: parser__parse_call_args (in /mnt/c/Users/Juan/Documents/GitHub/Mapanare/mapanare/self/mnc-stage1)
==13582==    by 0x6A8377F: ???
==13582==    by 0x54: ???
==13582==    by 0x7F: ???
==13582==    by 0x3F: ???
==13582== 
==13582== 1,280 bytes in 5 blocks are indirectly lost in loss record 813 of 833
==13582==    at 0x4846828: malloc (in /usr/libexec/valgrind/vgpreload_memcheck-amd64-linux.so)
==13582==    by 0x579274: lower__lower_binary (in /mnt/c/Users/Juan/Documents/GitHub/Mapanare/mapanare/self/mnc-stage1)
==13582== 
==13582== 1,280 bytes in 5 blocks are indirectly lost in loss record 814 of 833
==13582==    at 0x4846828: malloc (in /usr/libexec/valgrind/vgpreload_memcheck-amd64-linux.so)
==13582==    by 0x67A4D8: mir_opt__propagate_in_instruction (in /mnt/c/Users/Juan/Documents/GitHub/Mapanare/mapanare/self/mnc-stage1)
==13582== 
==13582== 1,280 bytes in 8 blocks are indirectly lost in loss record 815 of 833
==13582==    at 0x4846828: malloc (in /usr/libexec/valgrind/vgpreload_memcheck-amd64-linux.so)
==13582==    by 0x542A8C: lower__lower_expr (in /mnt/c/Users/Juan/Documents/GitHub/Mapanare/mapanare/self/mnc-stage1)
==13582== 
==13582== 1,534 bytes in 23 blocks are indirectly lost in loss record 816 of 833
==13582==    at 0x484D953: calloc (in /usr/libexec/valgrind/vgpreload_memcheck-amd64-linux.so)
==13582==    by 0x739049: __mn_alloc (in /mnt/c/Users/Juan/Documents/GitHub/Mapanare/mapanare/self/mnc-stage1)
==13582==    by 0x739C2E: __mn_str_concat (in /mnt/c/Users/Juan/Documents/GitHub/Mapanare/mapanare/self/mnc-stage1)
==13582==    by 0x68DA16: emit_llvm__declare_runtime_fn (in /mnt/c/Users/Juan/Documents/GitHub/Mapanare/mapanare/self/mnc-stage1)
==13582==    by 0x2: ???
==13582==    by 0x6AC83FF: ???
==13582==    by 0xF: ???
==13582== 
==13582== 1,616 bytes in 1 blocks are indirectly lost in loss record 817 of 833
==13582==    at 0x484D953: calloc (in /usr/libexec/valgrind/vgpreload_memcheck-amd64-linux.so)
==13582==    by 0x739049: __mn_alloc (in /mnt/c/Users/Juan/Documents/GitHub/Mapanare/mapanare/self/mnc-stage1)
==13582==    by 0x73AD5A: __mn_list_push (in /mnt/c/Users/Juan/Documents/GitHub/Mapanare/mapanare/self/mnc-stage1)
==13582==    by 0x481E8A: semantic__check_fn_body (in /mnt/c/Users/Juan/Documents/GitHub/Mapanare/mapanare/self/mnc-stage1)
==13582== 
==13582== 1,728 bytes in 12 blocks are indirectly lost in loss record 818 of 833
==13582==    at 0x484D953: calloc (in /usr/libexec/valgrind/vgpreload_memcheck-amd64-linux.so)
==13582==    by 0x739049: __mn_alloc (in /mnt/c/Users/Juan/Documents/GitHub/Mapanare/mapanare/self/mnc-stage1)
==13582==    by 0x73AD5A: __mn_list_push (in /mnt/c/Users/Juan/Documents/GitHub/Mapanare/mapanare/self/mnc-stage1)
==13582==    by 0x67B5A8: mir_opt__const_prop_function (in /mnt/c/Users/Juan/Documents/GitHub/Mapanare/mapanare/self/mnc-stage1)
==13582== 
==13582== 1,728 bytes in 12 blocks are definitely lost in loss record 819 of 833
==13582==    at 0x484D953: calloc (in /usr/libexec/valgrind/vgpreload_memcheck-amd64-linux.so)
==13582==    by 0x739049: __mn_alloc (in /mnt/c/Users/Juan/Documents/GitHub/Mapanare/mapanare/self/mnc-stage1)
==13582==    by 0x73AD5A: __mn_list_push (in /mnt/c/Users/Juan/Documents/GitHub/Mapanare/mapanare/self/mnc-stage1)
==13582==    by 0x678E74: mir_opt__constant_fold_block (in /mnt/c/Users/Juan/Documents/GitHub/Mapanare/mapanare/self/mnc-stage1)
==13582== 
==13582== 2,120 (280 direct, 1,840 indirect) bytes in 5 blocks are definitely lost in loss record 820 of 833
==13582==    at 0x4846828: malloc (in /usr/libexec/valgrind/vgpreload_memcheck-amd64-linux.so)
==13582==    by 0x461D48: semantic__check_match_expr (in /mnt/c/Users/Juan/Documents/GitHub/Mapanare/mapanare/self/mnc-stage1)
==13582== 
==13582== 2,880 (1,680 direct, 1,200 indirect) bytes in 1 blocks are definitely lost in loss record 821 of 833
==13582==    at 0x484D953: calloc (in /usr/libexec/valgrind/vgpreload_memcheck-amd64-linux.so)
==13582==    by 0x739049: __mn_alloc (in /mnt/c/Users/Juan/Documents/GitHub/Mapanare/mapanare/self/mnc-stage1)
==13582==    by 0x73AD5A: __mn_list_push (in /mnt/c/Users/Juan/Documents/GitHub/Mapanare/mapanare/self/mnc-stage1)
==13582==    by 0x686A39: mir_opt__optimize_mir (in /mnt/c/Users/Juan/Documents/GitHub/Mapanare/mapanare/self/mnc-stage1)
==13582==    by 0x6AA9FCF: ???
==13582==    by 0x800000000000004A: ???
==13582==    by 0x6A74317: ???
==13582== 
==13582== 4,192 (912 direct, 3,280 indirect) bytes in 1 blocks are definitely lost in loss record 822 of 833
==13582==    at 0x484D953: calloc (in /usr/libexec/valgrind/vgpreload_memcheck-amd64-linux.so)
==13582==    by 0x739049: __mn_alloc (in /mnt/c/Users/Juan/Documents/GitHub/Mapanare/mapanare/self/mnc-stage1)
==13582==    by 0x73AE1F: __mn_list_push (in /mnt/c/Users/Juan/Documents/GitHub/Mapanare/mapanare/self/mnc-stage1)
==13582==    by 0x67B6BB: mir_opt__const_prop_function (in /mnt/c/Users/Juan/Documents/GitHub/Mapanare/mapanare/self/mnc-stage1)
==13582== 
==13582== 4,992 (144 direct, 4,848 indirect) bytes in 1 blocks are definitely lost in loss record 823 of 833
==13582==    at 0x484D953: calloc (in /usr/libexec/valgrind/vgpreload_memcheck-amd64-linux.so)
==13582==    by 0x739049: __mn_alloc (in /mnt/c/Users/Juan/Documents/GitHub/Mapanare/mapanare/self/mnc-stage1)
==13582==    by 0x73AD5A: __mn_list_push (in /mnt/c/Users/Juan/Documents/GitHub/Mapanare/mapanare/self/mnc-stage1)
==13582==    by 0x423E21: parser__parse (in /mnt/c/Users/Juan/Documents/GitHub/Mapanare/mapanare/self/mnc-stage1)
==13582== 
==13582== 5,248 bytes in 8 blocks are indirectly lost in loss record 824 of 833
==13582==    at 0x484D953: calloc (in /usr/libexec/valgrind/vgpreload_memcheck-amd64-linux.so)
==13582==    by 0x739049: __mn_alloc (in /mnt/c/Users/Juan/Documents/GitHub/Mapanare/mapanare/self/mnc-stage1)
==13582==    by 0x73AD5A: __mn_list_push (in /mnt/c/Users/Juan/Documents/GitHub/Mapanare/mapanare/self/mnc-stage1)
==13582==    by 0x5816CE: lower__lower_call (in /mnt/c/Users/Juan/Documents/GitHub/Mapanare/mapanare/self/mnc-stage1)
==13582== 
==13582== 5,352 (4,848 direct, 504 indirect) bytes in 3 blocks are definitely lost in loss record 825 of 833
==13582==    at 0x484D953: calloc (in /usr/libexec/valgrind/vgpreload_memcheck-amd64-linux.so)
==13582==    by 0x739049: __mn_alloc (in /mnt/c/Users/Juan/Documents/GitHub/Mapanare/mapanare/self/mnc-stage1)
==13582==    by 0x73AD5A: __mn_list_push (in /mnt/c/Users/Juan/Documents/GitHub/Mapanare/mapanare/self/mnc-stage1)
==13582==    by 0x464A9A: semantic__bind_pattern (in /mnt/c/Users/Juan/Documents/GitHub/Mapanare/mapanare/self/mnc-stage1)
==13582== 
==13582== 7,940 (3,600 direct, 4,340 indirect) bytes in 1 blocks are definitely lost in loss record 826 of 833
==13582==    at 0x484D953: calloc (in /usr/libexec/valgrind/vgpreload_memcheck-amd64-linux.so)
==13582==    by 0x739049: __mn_alloc (in /mnt/c/Users/Juan/Documents/GitHub/Mapanare/mapanare/self/mnc-stage1)
==13582==    by 0x73AE1F: __mn_list_push (in /mnt/c/Users/Juan/Documents/GitHub/Mapanare/mapanare/self/mnc-stage1)
==13582==    by 0x68BA7C: emit_llvm__build_internal_struct_list (in /mnt/c/Users/Juan/Documents/GitHub/Mapanare/mapanare/self/mnc-stage1)
==13582==    by 0x4: ???
==13582==    by 0x7: ???
==13582==    by 0x6ABAB7F: ???
==13582==    by 0x7: ???
==13582==    by 0xF: ???
==13582== 
==13582== 8,393 (8,208 direct, 185 indirect) bytes in 1 blocks are definitely lost in loss record 827 of 833
==13582==    at 0x484D953: calloc (in /usr/libexec/valgrind/vgpreload_memcheck-amd64-linux.so)
==13582==    by 0x739049: __mn_alloc (in /mnt/c/Users/Juan/Documents/GitHub/Mapanare/mapanare/self/mnc-stage1)
==13582==    by 0x73AE1F: __mn_list_push (in /mnt/c/Users/Juan/Documents/GitHub/Mapanare/mapanare/self/mnc-stage1)
==13582==    by 0x4229EF: lexer__tokenize (in /mnt/c/Users/Juan/Documents/GitHub/Mapanare/mapanare/self/mnc-stage1)
==13582== 
==13582== 9,592 bytes in 1 blocks are definitely lost in loss record 828 of 833
==13582==    at 0x484D953: calloc (in /usr/libexec/valgrind/vgpreload_memcheck-amd64-linux.so)
==13582==    by 0x739049: __mn_alloc (in /mnt/c/Users/Juan/Documents/GitHub/Mapanare/mapanare/self/mnc-stage1)
==13582==    by 0x73AB78: __mn_str_join (in /mnt/c/Users/Juan/Documents/GitHub/Mapanare/mapanare/self/mnc-stage1)
==13582==    by 0x73899A: emit_llvm__emit_mir_module (in /mnt/c/Users/Juan/Documents/GitHub/Mapanare/mapanare/self/mnc-stage1)
==13582==    by 0x11: ???
==13582== 
==13582== 11,040 (10,368 direct, 672 indirect) bytes in 8 blocks are definitely lost in loss record 829 of 833
==13582==    at 0x484D953: calloc (in /usr/libexec/valgrind/vgpreload_memcheck-amd64-linux.so)
==13582==    by 0x739049: __mn_alloc (in /mnt/c/Users/Juan/Documents/GitHub/Mapanare/mapanare/self/mnc-stage1)
==13582==    by 0x73AD5A: __mn_list_push (in /mnt/c/Users/Juan/Documents/GitHub/Mapanare/mapanare/self/mnc-stage1)
==13582==    by 0x4596D6: semantic__check_call_expr (in /mnt/c/Users/Juan/Documents/GitHub/Mapanare/mapanare/self/mnc-stage1)
==13582== 
==13582== 12,816 bytes in 1 blocks are indirectly lost in loss record 830 of 833
==13582==    at 0x484D953: calloc (in /usr/libexec/valgrind/vgpreload_memcheck-amd64-linux.so)
==13582==    by 0x739049: __mn_alloc (in /mnt/c/Users/Juan/Documents/GitHub/Mapanare/mapanare/self/mnc-stage1)
==13582==    by 0x73AE1F: __mn_list_push (in /mnt/c/Users/Juan/Documents/GitHub/Mapanare/mapanare/self/mnc-stage1)
==13582==    by 0x491B08: semantic__register_builtins (in /mnt/c/Users/Juan/Documents/GitHub/Mapanare/mapanare/self/mnc-stage1)
==13582== 
==13582== 12,925 (4,112 direct, 8,813 indirect) bytes in 1 blocks are definitely lost in loss record 831 of 833
==13582==    at 0x484D953: calloc (in /usr/libexec/valgrind/vgpreload_memcheck-amd64-linux.so)
==13582==    by 0x739049: __mn_alloc (in /mnt/c/Users/Juan/Documents/GitHub/Mapanare/mapanare/self/mnc-stage1)
==13582==    by 0x73AE1F: __mn_list_push (in /mnt/c/Users/Juan/Documents/GitHub/Mapanare/mapanare/self/mnc-stage1)
==13582==    by 0x6B14C6: emit_llvm__emit_const (in /mnt/c/Users/Juan/Documents/GitHub/Mapanare/mapanare/self/mnc-stage1)
==13582==    by 0x8000000000000003: ???
==13582== 
==13582== 20,309 (1,680 direct, 18,629 indirect) bytes in 1 blocks are definitely lost in loss record 832 of 833
==13582==    at 0x484D953: calloc (in /usr/libexec/valgrind/vgpreload_memcheck-amd64-linux.so)
==13582==    by 0x739049: __mn_alloc (in /mnt/c/Users/Juan/Documents/GitHub/Mapanare/mapanare/self/mnc-stage1)
==13582==    by 0x73AD5A: __mn_list_push (in /mnt/c/Users/Juan/Documents/GitHub/Mapanare/mapanare/self/mnc-stage1)
==13582==    by 0x4D61DE: lower__lower_fn (in /mnt/c/Users/Juan/Documents/GitHub/Mapanare/mapanare/self/mnc-stage1)
==13582== 
==13582== 33,816 (112 direct, 33,704 indirect) bytes in 2 blocks are definitely lost in loss record 833 of 833
==13582==    at 0x4846828: malloc (in /usr/libexec/valgrind/vgpreload_memcheck-amd64-linux.so)
==13582==    by 0x4819CA: semantic__check_fn_body (in /mnt/c/Users/Juan/Documents/GitHub/Mapanare/mapanare/self/mnc-stage1)
==13582== 
==13582== LEAK SUMMARY:
==13582==    definitely lost: 72,991 bytes in 1,112 blocks
==13582==    indirectly lost: 78,754 bytes in 636 blocks
==13582==      possibly lost: 0 bytes in 0 blocks
==13582==    still reachable: 0 bytes in 0 blocks
==13582==         suppressed: 0 bytes in 0 blocks
==13582== 
==13582== For lists of detected and suppressed errors, rerun with: -s
==13582== ERROR SUMMARY: 0 errors from 0 contexts (suppressed: 0 from 0)
