==13956== Memcheck, a memory error detector
==13956== Copyright (C) 2002-2022, and GNU GPL'd, by Julian Seward et al.
==13956== Using Valgrind-3.22.0 and LibVEX; rerun with -h for copyright info
==13956== Command: /mnt/c/Users/Juan/Documents/GitHub/Mapanare/mapanare/self/mnc-stage1 /mnt/c/Users/Juan/Documents/GitHub/Mapanare/tests/golden/56_async_await.mn -o docs/roadmap/v4/v4.142.0/valgrind-logs/56_async_await.ll
==13956== 
/mnt/c/Users/Juan/Documents/GitHub/Mapanare/tests/golden/56_async_await.mn:0:0: error: Undefined function 'block_on'
==13956== 
==13956== HEAP SUMMARY:
==13956==     in use at exit: 56,616 bytes in 826 blocks
==13956==   total heap usage: 877 allocs, 51 frees, 76,348 bytes allocated
==13956== 
==13956== 2 bytes in 1 blocks are indirectly lost in loss record 1 of 425
==13956==    at 0x484D953: calloc (in /usr/libexec/valgrind/vgpreload_memcheck-amd64-linux.so)
==13956==    by 0x739049: __mn_alloc (in /mnt/c/Users/Juan/Documents/GitHub/Mapanare/mapanare/self/mnc-stage1)
==13956==    by 0x73980B: __mn_str_from_parts (in /mnt/c/Users/Juan/Documents/GitHub/Mapanare/mapanare/self/mnc-stage1)
==13956==    by 0x420082: lexer__scan_number (in /mnt/c/Users/Juan/Documents/GitHub/Mapanare/mapanare/self/mnc-stage1)
==13956==    by 0x75156F: ??? (in /mnt/c/Users/Juan/Documents/GitHub/Mapanare/mapanare/self/mnc-stage1)
==13956==    by 0x6A73257: ???
==13956== 
==13956== 2 bytes in 1 blocks are definitely lost in loss record 2 of 425
==13956==    at 0x484D953: calloc (in /usr/libexec/valgrind/vgpreload_memcheck-amd64-linux.so)
==13956==    by 0x739049: __mn_alloc (in /mnt/c/Users/Juan/Documents/GitHub/Mapanare/mapanare/self/mnc-stage1)
==13956==    by 0x73980B: __mn_str_from_parts (in /mnt/c/Users/Juan/Documents/GitHub/Mapanare/mapanare/self/mnc-stage1)
==13956==    by 0x41FA6B: lexer__scan_ident (in /mnt/c/Users/Juan/Documents/GitHub/Mapanare/mapanare/self/mnc-stage1)
==13956==    by 0x6A7A26F: ???
==13956==    by 0x8000000000000000: ???
==13956==    by 0x6A733D7: ???
==13956== 
==13956== 2 bytes in 1 blocks are definitely lost in loss record 3 of 425
==13956==    at 0x484D953: calloc (in /usr/libexec/valgrind/vgpreload_memcheck-amd64-linux.so)
==13956==    by 0x739049: __mn_alloc (in /mnt/c/Users/Juan/Documents/GitHub/Mapanare/mapanare/self/mnc-stage1)
==13956==    by 0x73980B: __mn_str_from_parts (in /mnt/c/Users/Juan/Documents/GitHub/Mapanare/mapanare/self/mnc-stage1)
==13956==    by 0x41FA6B: lexer__scan_ident (in /mnt/c/Users/Juan/Documents/GitHub/Mapanare/mapanare/self/mnc-stage1)
==13956==    by 0x6A7A30F: ???
==13956==    by 0x8000000000000001: ???
==13956==    by 0x6A733D7: ???
==13956== 
==13956== 2 bytes in 1 blocks are definitely lost in loss record 4 of 425
==13956==    at 0x484D953: calloc (in /usr/libexec/valgrind/vgpreload_memcheck-amd64-linux.so)
==13956==    by 0x739049: __mn_alloc (in /mnt/c/Users/Juan/Documents/GitHub/Mapanare/mapanare/self/mnc-stage1)
==13956==    by 0x73980B: __mn_str_from_parts (in /mnt/c/Users/Juan/Documents/GitHub/Mapanare/mapanare/self/mnc-stage1)
==13956==    by 0x41FA6B: lexer__scan_ident (in /mnt/c/Users/Juan/Documents/GitHub/Mapanare/mapanare/self/mnc-stage1)
==13956==    by 0x6A7A3AF: ???
==13956==    by 0x8000000000000002: ???
==13956==    by 0x6A733D7: ???
==13956== 
==13956== 2 bytes in 1 blocks are definitely lost in loss record 5 of 425
==13956==    at 0x484D953: calloc (in /usr/libexec/valgrind/vgpreload_memcheck-amd64-linux.so)
==13956==    by 0x739049: __mn_alloc (in /mnt/c/Users/Juan/Documents/GitHub/Mapanare/mapanare/self/mnc-stage1)
==13956==    by 0x73980B: __mn_str_from_parts (in /mnt/c/Users/Juan/Documents/GitHub/Mapanare/mapanare/self/mnc-stage1)
==13956==    by 0x41FA6B: lexer__scan_ident (in /mnt/c/Users/Juan/Documents/GitHub/Mapanare/mapanare/self/mnc-stage1)
==13956==    by 0x6A7A44F: ???
==13956==    by 0x8000000000000003: ???
==13956==    by 0x6A733D7: ???
==13956== 
==13956== 2 bytes in 1 blocks are definitely lost in loss record 6 of 425
==13956==    at 0x484D953: calloc (in /usr/libexec/valgrind/vgpreload_memcheck-amd64-linux.so)
==13956==    by 0x739049: __mn_alloc (in /mnt/c/Users/Juan/Documents/GitHub/Mapanare/mapanare/self/mnc-stage1)
==13956==    by 0x73980B: __mn_str_from_parts (in /mnt/c/Users/Juan/Documents/GitHub/Mapanare/mapanare/self/mnc-stage1)
==13956==    by 0x41FA6B: lexer__scan_ident (in /mnt/c/Users/Juan/Documents/GitHub/Mapanare/mapanare/self/mnc-stage1)
==13956==    by 0x6A7A4EF: ???
==13956==    by 0x8000000000000004: ???
==13956==    by 0x6A733D7: ???
==13956== 
==13956== 2 bytes in 1 blocks are definitely lost in loss record 7 of 425
==13956==    at 0x484D953: calloc (in /usr/libexec/valgrind/vgpreload_memcheck-amd64-linux.so)
==13956==    by 0x739049: __mn_alloc (in /mnt/c/Users/Juan/Documents/GitHub/Mapanare/mapanare/self/mnc-stage1)
==13956==    by 0x73980B: __mn_str_from_parts (in /mnt/c/Users/Juan/Documents/GitHub/Mapanare/mapanare/self/mnc-stage1)
==13956==    by 0x41FA6B: lexer__scan_ident (in /mnt/c/Users/Juan/Documents/GitHub/Mapanare/mapanare/self/mnc-stage1)
==13956==    by 0x6A7A91F: ???
==13956==    by 0x8000000000000000: ???
==13956==    by 0x6A733D7: ???
==13956==    by 0x6: ???
==13956==    by 0x4: ???
==13956==    by 0x6A7751F: ???
==13956==    by 0x8000000000000000: ???
==13956==    by 0x6: ???
==13956==    by 0x8B: ???
==13956== 
==13956== 2 bytes in 1 blocks are definitely lost in loss record 8 of 425
==13956==    at 0x484D953: calloc (in /usr/libexec/valgrind/vgpreload_memcheck-amd64-linux.so)
==13956==    by 0x739049: __mn_alloc (in /mnt/c/Users/Juan/Documents/GitHub/Mapanare/mapanare/self/mnc-stage1)
==13956==    by 0x73980B: __mn_str_from_parts (in /mnt/c/Users/Juan/Documents/GitHub/Mapanare/mapanare/self/mnc-stage1)
==13956==    by 0x41FA6B: lexer__scan_ident (in /mnt/c/Users/Juan/Documents/GitHub/Mapanare/mapanare/self/mnc-stage1)
==13956==    by 0x6A7A9BF: ???
==13956==    by 0x8000000000000001: ???
==13956==    by 0x6A733D7: ???
==13956==    by 0x6: ???
==13956==    by 0x4: ???
==13956==    by 0x6A7751F: ???
==13956==    by 0x8000000000000000: ???
==13956==    by 0x6: ???
==13956==    by 0x8B: ???
==13956== 
==13956== 2 bytes in 1 blocks are definitely lost in loss record 9 of 425
==13956==    at 0x484D953: calloc (in /usr/libexec/valgrind/vgpreload_memcheck-amd64-linux.so)
==13956==    by 0x739049: __mn_alloc (in /mnt/c/Users/Juan/Documents/GitHub/Mapanare/mapanare/self/mnc-stage1)
==13956==    by 0x73980B: __mn_str_from_parts (in /mnt/c/Users/Juan/Documents/GitHub/Mapanare/mapanare/self/mnc-stage1)
==13956==    by 0x41FA6B: lexer__scan_ident (in /mnt/c/Users/Juan/Documents/GitHub/Mapanare/mapanare/self/mnc-stage1)
==13956==    by 0x6A7AB9F: ???
==13956==    by 0x8000000000000000: ???
==13956==    by 0x6A733D7: ???
==13956==    by 0x9: ???
==13956==    by 0x4: ???
==13956==    by 0x6A7751F: ???
==13956==    by 0x8000000000000000: ???
==13956==    by 0x9: ???
==13956==    by 0x8E: ???
==13956== 
==13956== 2 bytes in 1 blocks are definitely lost in loss record 10 of 425
==13956==    at 0x484D953: calloc (in /usr/libexec/valgrind/vgpreload_memcheck-amd64-linux.so)
==13956==    by 0x739049: __mn_alloc (in /mnt/c/Users/Juan/Documents/GitHub/Mapanare/mapanare/self/mnc-stage1)
==13956==    by 0x73980B: __mn_str_from_parts (in /mnt/c/Users/Juan/Documents/GitHub/Mapanare/mapanare/self/mnc-stage1)
==13956==    by 0x41FA6B: lexer__scan_ident (in /mnt/c/Users/Juan/Documents/GitHub/Mapanare/mapanare/self/mnc-stage1)
==13956==    by 0x6A7AC3F: ???
==13956==    by 0x8000000000000001: ???
==13956==    by 0x6A733D7: ???
==13956==    by 0x9: ???
==13956==    by 0x4: ???
==13956==    by 0x6A7751F: ???
==13956==    by 0x8000000000000000: ???
==13956==    by 0x9: ???
==13956==    by 0x8E: ???
==13956== 
==13956== 2 bytes in 1 blocks are definitely lost in loss record 11 of 425
==13956==    at 0x484D953: calloc (in /usr/libexec/valgrind/vgpreload_memcheck-amd64-linux.so)
==13956==    by 0x739049: __mn_alloc (in /mnt/c/Users/Juan/Documents/GitHub/Mapanare/mapanare/self/mnc-stage1)
==13956==    by 0x73980B: __mn_str_from_parts (in /mnt/c/Users/Juan/Documents/GitHub/Mapanare/mapanare/self/mnc-stage1)
==13956==    by 0x41FA6B: lexer__scan_ident (in /mnt/c/Users/Juan/Documents/GitHub/Mapanare/mapanare/self/mnc-stage1)
==13956==    by 0x6A7ACDF: ???
==13956==    by 0x8000000000000002: ???
==13956==    by 0x6A733D7: ???
==13956==    by 0x9: ???
==13956==    by 0x4: ???
==13956==    by 0x6A7751F: ???
==13956==    by 0x8000000000000000: ???
==13956==    by 0x9: ???
==13956==    by 0x8E: ???
==13956== 
==13956== 2 bytes in 1 blocks are definitely lost in loss record 12 of 425
==13956==    at 0x484D953: calloc (in /usr/libexec/valgrind/vgpreload_memcheck-amd64-linux.so)
==13956==    by 0x739049: __mn_alloc (in /mnt/c/Users/Juan/Documents/GitHub/Mapanare/mapanare/self/mnc-stage1)
==13956==    by 0x73980B: __mn_str_from_parts (in /mnt/c/Users/Juan/Documents/GitHub/Mapanare/mapanare/self/mnc-stage1)
==13956==    by 0x41FA6B: lexer__scan_ident (in /mnt/c/Users/Juan/Documents/GitHub/Mapanare/mapanare/self/mnc-stage1)
==13956==    by 0x6A7AD7F: ???
==13956==    by 0x8000000000000003: ???
==13956==    by 0x6A733D7: ???
==13956==    by 0x9: ???
==13956==    by 0x4: ???
==13956==    by 0x6A7751F: ???
==13956==    by 0x8000000000000000: ???
==13956==    by 0x9: ???
==13956==    by 0x8E: ???
==13956== 
==13956== 2 bytes in 1 blocks are definitely lost in loss record 13 of 425
==13956==    at 0x484D953: calloc (in /usr/libexec/valgrind/vgpreload_memcheck-amd64-linux.so)
==13956==    by 0x739049: __mn_alloc (in /mnt/c/Users/Juan/Documents/GitHub/Mapanare/mapanare/self/mnc-stage1)
==13956==    by 0x73980B: __mn_str_from_parts (in /mnt/c/Users/Juan/Documents/GitHub/Mapanare/mapanare/self/mnc-stage1)
==13956==    by 0x41FA6B: lexer__scan_ident (in /mnt/c/Users/Juan/Documents/GitHub/Mapanare/mapanare/self/mnc-stage1)
==13956==    by 0x6A7AE1F: ???
==13956==    by 0x8000000000000004: ???
==13956==    by 0x6A733D7: ???
==13956==    by 0x9: ???
==13956==    by 0x4: ???
==13956==    by 0x6A7751F: ???
==13956==    by 0x8000000000000000: ???
==13956==    by 0x9: ???
==13956==    by 0x8E: ???
==13956== 
==13956== 2 bytes in 1 blocks are definitely lost in loss record 14 of 425
==13956==    at 0x484D953: calloc (in /usr/libexec/valgrind/vgpreload_memcheck-amd64-linux.so)
==13956==    by 0x739049: __mn_alloc (in /mnt/c/Users/Juan/Documents/GitHub/Mapanare/mapanare/self/mnc-stage1)
==13956==    by 0x73980B: __mn_str_from_parts (in /mnt/c/Users/Juan/Documents/GitHub/Mapanare/mapanare/self/mnc-stage1)
==13956==    by 0x41FA6B: lexer__scan_ident (in /mnt/c/Users/Juan/Documents/GitHub/Mapanare/mapanare/self/mnc-stage1)
==13956==    by 0x6A7B31F: ???
==13956==    by 0x8000000000000000: ???
==13956==    by 0x6A733D7: ???
==13956==    by 0x14: ???
==13956==    by 0x4: ???
==13956==    by 0x6A7751F: ???
==13956==    by 0x8000000000000000: ???
==13956==    by 0x14: ???
==13956==    by 0x99: ???
==13956== 
==13956== 2 bytes in 1 blocks are definitely lost in loss record 15 of 425
==13956==    at 0x484D953: calloc (in /usr/libexec/valgrind/vgpreload_memcheck-amd64-linux.so)
==13956==    by 0x739049: __mn_alloc (in /mnt/c/Users/Juan/Documents/GitHub/Mapanare/mapanare/self/mnc-stage1)
==13956==    by 0x73980B: __mn_str_from_parts (in /mnt/c/Users/Juan/Documents/GitHub/Mapanare/mapanare/self/mnc-stage1)
==13956==    by 0x41FA6B: lexer__scan_ident (in /mnt/c/Users/Juan/Documents/GitHub/Mapanare/mapanare/self/mnc-stage1)
==13956==    by 0x6A7B3BF: ???
==13956==    by 0x8000000000000001: ???
==13956==    by 0x6A733D7: ???
==13956==    by 0x14: ???
==13956==    by 0x4: ???
==13956==    by 0x6A7751F: ???
==13956==    by 0x8000000000000000: ???
==13956==    by 0x14: ???
==13956==    by 0x99: ???
==13956== 
==13956== 2 bytes in 1 blocks are definitely lost in loss record 16 of 425
==13956==    at 0x484D953: calloc (in /usr/libexec/valgrind/vgpreload_memcheck-amd64-linux.so)
==13956==    by 0x739049: __mn_alloc (in /mnt/c/Users/Juan/Documents/GitHub/Mapanare/mapanare/self/mnc-stage1)
==13956==    by 0x73980B: __mn_str_from_parts (in /mnt/c/Users/Juan/Documents/GitHub/Mapanare/mapanare/self/mnc-stage1)
==13956==    by 0x41FA6B: lexer__scan_ident (in /mnt/c/Users/Juan/Documents/GitHub/Mapanare/mapanare/self/mnc-stage1)
==13956==    by 0x6A7B45F: ???
==13956==    by 0x8000000000000002: ???
==13956==    by 0x6A733D7: ???
==13956==    by 0x14: ???
==13956==    by 0x4: ???
==13956==    by 0x6A7751F: ???
==13956==    by 0x8000000000000000: ???
==13956==    by 0x14: ???
==13956==    by 0x99: ???
==13956== 
==13956== 2 bytes in 1 blocks are definitely lost in loss record 17 of 425
==13956==    at 0x484D953: calloc (in /usr/libexec/valgrind/vgpreload_memcheck-amd64-linux.so)
==13956==    by 0x739049: __mn_alloc (in /mnt/c/Users/Juan/Documents/GitHub/Mapanare/mapanare/self/mnc-stage1)
==13956==    by 0x73980B: __mn_str_from_parts (in /mnt/c/Users/Juan/Documents/GitHub/Mapanare/mapanare/self/mnc-stage1)
==13956==    by 0x41FA6B: lexer__scan_ident (in /mnt/c/Users/Juan/Documents/GitHub/Mapanare/mapanare/self/mnc-stage1)
==13956==    by 0x6A7B8BF: ???
==13956==    by 0x8000000000000000: ???
==13956==    by 0x6A733D7: ???
==13956==    by 0x4: ???
==13956==    by 0x5: ???
==13956==    by 0x6A7751F: ???
==13956==    by 0x8000000000000000: ???
==13956==    by 0x4: ???
==13956==    by 0xA3: ???
==13956== 
==13956== 2 bytes in 1 blocks are definitely lost in loss record 18 of 425
==13956==    at 0x484D953: calloc (in /usr/libexec/valgrind/vgpreload_memcheck-amd64-linux.so)
==13956==    by 0x739049: __mn_alloc (in /mnt/c/Users/Juan/Documents/GitHub/Mapanare/mapanare/self/mnc-stage1)
==13956==    by 0x73980B: __mn_str_from_parts (in /mnt/c/Users/Juan/Documents/GitHub/Mapanare/mapanare/self/mnc-stage1)
==13956==    by 0x41FA6B: lexer__scan_ident (in /mnt/c/Users/Juan/Documents/GitHub/Mapanare/mapanare/self/mnc-stage1)
==13956==    by 0x6A7B95F: ???
==13956==    by 0x8000000000000001: ???
==13956==    by 0x6A733D7: ???
==13956==    by 0x4: ???
==13956==    by 0x5: ???
==13956==    by 0x6A7751F: ???
==13956==    by 0x8000000000000000: ???
==13956==    by 0x4: ???
==13956==    by 0xA3: ???
==13956== 
==13956== 2 bytes in 1 blocks are definitely lost in loss record 19 of 425
==13956==    at 0x484D953: calloc (in /usr/libexec/valgrind/vgpreload_memcheck-amd64-linux.so)
==13956==    by 0x739049: __mn_alloc (in /mnt/c/Users/Juan/Documents/GitHub/Mapanare/mapanare/self/mnc-stage1)
==13956==    by 0x73980B: __mn_str_from_parts (in /mnt/c/Users/Juan/Documents/GitHub/Mapanare/mapanare/self/mnc-stage1)
==13956==    by 0x41FA6B: lexer__scan_ident (in /mnt/c/Users/Juan/Documents/GitHub/Mapanare/mapanare/self/mnc-stage1)
==13956==    by 0x6A7B9FF: ???
==13956==    by 0x8000000000000002: ???
==13956==    by 0x6A733D7: ???
==13956==    by 0x4: ???
==13956==    by 0x5: ???
==13956==    by 0x6A7751F: ???
==13956==    by 0x8000000000000000: ???
==13956==    by 0x4: ???
==13956==    by 0xA3: ???
==13956== 
==13956== 2 bytes in 1 blocks are definitely lost in loss record 20 of 425
==13956==    at 0x484D953: calloc (in /usr/libexec/valgrind/vgpreload_memcheck-amd64-linux.so)
==13956==    by 0x739049: __mn_alloc (in /mnt/c/Users/Juan/Documents/GitHub/Mapanare/mapanare/self/mnc-stage1)
==13956==    by 0x73980B: __mn_str_from_parts (in /mnt/c/Users/Juan/Documents/GitHub/Mapanare/mapanare/self/mnc-stage1)
==13956==    by 0x41FA6B: lexer__scan_ident (in /mnt/c/Users/Juan/Documents/GitHub/Mapanare/mapanare/self/mnc-stage1)
==13956==    by 0x6A7BA9F: ???
==13956==    by 0x8000000000000003: ???
==13956==    by 0x6A733D7: ???
==13956==    by 0x4: ???
==13956==    by 0x5: ???
==13956==    by 0x6A7751F: ???
==13956==    by 0x8000000000000000: ???
==13956==    by 0x4: ???
==13956==    by 0xA3: ???
==13956== 
==13956== 2 bytes in 1 blocks are definitely lost in loss record 21 of 425
==13956==    at 0x484D953: calloc (in /usr/libexec/valgrind/vgpreload_memcheck-amd64-linux.so)
==13956==    by 0x739049: __mn_alloc (in /mnt/c/Users/Juan/Documents/GitHub/Mapanare/mapanare/self/mnc-stage1)
==13956==    by 0x73980B: __mn_str_from_parts (in /mnt/c/Users/Juan/Documents/GitHub/Mapanare/mapanare/self/mnc-stage1)
==13956==    by 0x41FA6B: lexer__scan_ident (in /mnt/c/Users/Juan/Documents/GitHub/Mapanare/mapanare/self/mnc-stage1)
==13956==    by 0x6A7BB3F: ???
==13956==    by 0x8000000000000004: ???
==13956==    by 0x6A733D7: ???
==13956==    by 0x4: ???
==13956==    by 0x5: ???
==13956==    by 0x6A7751F: ???
==13956==    by 0x8000000000000000: ???
==13956==    by 0x4: ???
==13956==    by 0xA3: ???
==13956== 
==13956== 2 bytes in 1 blocks are definitely lost in loss record 22 of 425
==13956==    at 0x484D953: calloc (in /usr/libexec/valgrind/vgpreload_memcheck-amd64-linux.so)
==13956==    by 0x739049: __mn_alloc (in /mnt/c/Users/Juan/Documents/GitHub/Mapanare/mapanare/self/mnc-stage1)
==13956==    by 0x73980B: __mn_str_from_parts (in /mnt/c/Users/Juan/Documents/GitHub/Mapanare/mapanare/self/mnc-stage1)
==13956==    by 0x41FA6B: lexer__scan_ident (in /mnt/c/Users/Juan/Documents/GitHub/Mapanare/mapanare/self/mnc-stage1)
==13956==    by 0x6A7BBDF: ???
==13956==    by 0x8000000000000005: ???
==13956==    by 0x6A733D7: ???
==13956==    by 0x4: ???
==13956==    by 0x5: ???
==13956==    by 0x6A7751F: ???
==13956==    by 0x8000000000000000: ???
==13956==    by 0x4: ???
==13956==    by 0xA3: ???
==13956== 
==13956== 2 bytes in 1 blocks are definitely lost in loss record 23 of 425
==13956==    at 0x484D953: calloc (in /usr/libexec/valgrind/vgpreload_memcheck-amd64-linux.so)
==13956==    by 0x739049: __mn_alloc (in /mnt/c/Users/Juan/Documents/GitHub/Mapanare/mapanare/self/mnc-stage1)
==13956==    by 0x73980B: __mn_str_from_parts (in /mnt/c/Users/Juan/Documents/GitHub/Mapanare/mapanare/self/mnc-stage1)
==13956==    by 0x420082: lexer__scan_number (in /mnt/c/Users/Juan/Documents/GitHub/Mapanare/mapanare/self/mnc-stage1)
==13956==    by 0x75156F: ??? (in /mnt/c/Users/Juan/Documents/GitHub/Mapanare/mapanare/self/mnc-stage1)
==13956==    by 0x6A73257: ???
==13956== 
==13956== 2 bytes in 1 blocks are definitely lost in loss record 24 of 425
==13956==    at 0x484D953: calloc (in /usr/libexec/valgrind/vgpreload_memcheck-amd64-linux.so)
==13956==    by 0x739049: __mn_alloc (in /mnt/c/Users/Juan/Documents/GitHub/Mapanare/mapanare/self/mnc-stage1)
==13956==    by 0x73980B: __mn_str_from_parts (in /mnt/c/Users/Juan/Documents/GitHub/Mapanare/mapanare/self/mnc-stage1)
==13956==    by 0x42002C: lexer__scan_number (in /mnt/c/Users/Juan/Documents/GitHub/Mapanare/mapanare/self/mnc-stage1)
==13956==    by 0x6A7C25F: ???
==13956==    by 0x6A73257: ???
==13956==    by 0x8000000000000000: ???
==13956==    by 0x6A7C16F: ???
==13956==    by 0x8000000000000000: ???
==13956== 
==13956== 2 bytes in 1 blocks are definitely lost in loss record 25 of 425
==13956==    at 0x484D953: calloc (in /usr/libexec/valgrind/vgpreload_memcheck-amd64-linux.so)
==13956==    by 0x739049: __mn_alloc (in /mnt/c/Users/Juan/Documents/GitHub/Mapanare/mapanare/self/mnc-stage1)
==13956==    by 0x73980B: __mn_str_from_parts (in /mnt/c/Users/Juan/Documents/GitHub/Mapanare/mapanare/self/mnc-stage1)
==13956==    by 0x42002C: lexer__scan_number (in /mnt/c/Users/Juan/Documents/GitHub/Mapanare/mapanare/self/mnc-stage1)
==13956==    by 0x6A7C2FF: ???
==13956==    by 0x6A73257: ???
==13956==    by 0x8000000000000001: ???
==13956==    by 0x6A7C16F: ???
==13956==    by 0x8000000000000000: ???
==13956== 
==13956== 2 bytes in 1 blocks are definitely lost in loss record 26 of 425
==13956==    at 0x484D953: calloc (in /usr/libexec/valgrind/vgpreload_memcheck-amd64-linux.so)
==13956==    by 0x739049: __mn_alloc (in /mnt/c/Users/Juan/Documents/GitHub/Mapanare/mapanare/self/mnc-stage1)
==13956==    by 0x73980B: __mn_str_from_parts (in /mnt/c/Users/Juan/Documents/GitHub/Mapanare/mapanare/self/mnc-stage1)
==13956==    by 0x41FA6B: lexer__scan_ident (in /mnt/c/Users/Juan/Documents/GitHub/Mapanare/mapanare/self/mnc-stage1)
==13956==    by 0x6A7C66F: ???
==13956==    by 0x8000000000000000: ???
==13956==    by 0x6A733D7: ???
==13956== 
==13956== 2 bytes in 1 blocks are definitely lost in loss record 27 of 425
==13956==    at 0x484D953: calloc (in /usr/libexec/valgrind/vgpreload_memcheck-amd64-linux.so)
==13956==    by 0x739049: __mn_alloc (in /mnt/c/Users/Juan/Documents/GitHub/Mapanare/mapanare/self/mnc-stage1)
==13956==    by 0x73980B: __mn_str_from_parts (in /mnt/c/Users/Juan/Documents/GitHub/Mapanare/mapanare/self/mnc-stage1)
==13956==    by 0x41FA6B: lexer__scan_ident (in /mnt/c/Users/Juan/Documents/GitHub/Mapanare/mapanare/self/mnc-stage1)
==13956==    by 0x6A7C70F: ???
==13956==    by 0x8000000000000001: ???
==13956==    by 0x6A733D7: ???
==13956== 
==13956== 2 bytes in 1 blocks are definitely lost in loss record 28 of 425
==13956==    at 0x484D953: calloc (in /usr/libexec/valgrind/vgpreload_memcheck-amd64-linux.so)
==13956==    by 0x739049: __mn_alloc (in /mnt/c/Users/Juan/Documents/GitHub/Mapanare/mapanare/self/mnc-stage1)
==13956==    by 0x73980B: __mn_str_from_parts (in /mnt/c/Users/Juan/Documents/GitHub/Mapanare/mapanare/self/mnc-stage1)
==13956==    by 0x41FA6B: lexer__scan_ident (in /mnt/c/Users/Juan/Documents/GitHub/Mapanare/mapanare/self/mnc-stage1)
==13956==    by 0x6A7C7AF: ???
==13956==    by 0x8000000000000002: ???
==13956==    by 0x6A733D7: ???
==13956== 
==13956== 2 bytes in 1 blocks are definitely lost in loss record 29 of 425
==13956==    at 0x484D953: calloc (in /usr/libexec/valgrind/vgpreload_memcheck-amd64-linux.so)
==13956==    by 0x739049: __mn_alloc (in /mnt/c/Users/Juan/Documents/GitHub/Mapanare/mapanare/self/mnc-stage1)
==13956==    by 0x73980B: __mn_str_from_parts (in /mnt/c/Users/Juan/Documents/GitHub/Mapanare/mapanare/self/mnc-stage1)
==13956==    by 0x41FA6B: lexer__scan_ident (in /mnt/c/Users/Juan/Documents/GitHub/Mapanare/mapanare/self/mnc-stage1)
==13956==    by 0x6A7C84F: ???
==13956==    by 0x8000000000000003: ???
==13956==    by 0x6A733D7: ???
==13956== 
==13956== 2 bytes in 1 blocks are definitely lost in loss record 30 of 425
==13956==    at 0x484D953: calloc (in /usr/libexec/valgrind/vgpreload_memcheck-amd64-linux.so)
==13956==    by 0x739049: __mn_alloc (in /mnt/c/Users/Juan/Documents/GitHub/Mapanare/mapanare/self/mnc-stage1)
==13956==    by 0x73980B: __mn_str_from_parts (in /mnt/c/Users/Juan/Documents/GitHub/Mapanare/mapanare/self/mnc-stage1)
==13956==    by 0x41FA6B: lexer__scan_ident (in /mnt/c/Users/Juan/Documents/GitHub/Mapanare/mapanare/self/mnc-stage1)
==13956==    by 0x6A7C8EF: ???
==13956==    by 0x8000000000000004: ???
==13956==    by 0x6A733D7: ???
==13956== 
==13956== 2 bytes in 1 blocks are definitely lost in loss record 31 of 425
==13956==    at 0x484D953: calloc (in /usr/libexec/valgrind/vgpreload_memcheck-amd64-linux.so)
==13956==    by 0x739049: __mn_alloc (in /mnt/c/Users/Juan/Documents/GitHub/Mapanare/mapanare/self/mnc-stage1)
==13956==    by 0x73980B: __mn_str_from_parts (in /mnt/c/Users/Juan/Documents/GitHub/Mapanare/mapanare/self/mnc-stage1)
==13956==    by 0x41FA6B: lexer__scan_ident (in /mnt/c/Users/Juan/Documents/GitHub/Mapanare/mapanare/self/mnc-stage1)
==13956==    by 0x6A7CACF: ???
==13956==    by 0x8000000000000000: ???
==13956==    by 0x6A733D7: ???
==13956==    by 0x6: ???
==13956==    by 0x8: ???
==13956==    by 0x6A7751F: ???
==13956==    by 0x8000000000000000: ???
==13956==    by 0x6: ???
==13956==    by 0xB6: ???
==13956== 
==13956== 2 bytes in 1 blocks are definitely lost in loss record 32 of 425
==13956==    at 0x484D953: calloc (in /usr/libexec/valgrind/vgpreload_memcheck-amd64-linux.so)
==13956==    by 0x739049: __mn_alloc (in /mnt/c/Users/Juan/Documents/GitHub/Mapanare/mapanare/self/mnc-stage1)
==13956==    by 0x73980B: __mn_str_from_parts (in /mnt/c/Users/Juan/Documents/GitHub/Mapanare/mapanare/self/mnc-stage1)
==13956==    by 0x41FA6B: lexer__scan_ident (in /mnt/c/Users/Juan/Documents/GitHub/Mapanare/mapanare/self/mnc-stage1)
==13956==    by 0x6A7CB6F: ???
==13956==    by 0x8000000000000001: ???
==13956==    by 0x6A733D7: ???
==13956==    by 0x6: ???
==13956==    by 0x8: ???
==13956==    by 0x6A7751F: ???
==13956==    by 0x8000000000000000: ???
==13956==    by 0x6: ???
==13956==    by 0xB6: ???
==13956== 
==13956== 2 bytes in 1 blocks are definitely lost in loss record 33 of 425
==13956==    at 0x484D953: calloc (in /usr/libexec/valgrind/vgpreload_memcheck-amd64-linux.so)
==13956==    by 0x739049: __mn_alloc (in /mnt/c/Users/Juan/Documents/GitHub/Mapanare/mapanare/self/mnc-stage1)
==13956==    by 0x73980B: __mn_str_from_parts (in /mnt/c/Users/Juan/Documents/GitHub/Mapanare/mapanare/self/mnc-stage1)
==13956==    by 0x41FA6B: lexer__scan_ident (in /mnt/c/Users/Juan/Documents/GitHub/Mapanare/mapanare/self/mnc-stage1)
==13956==    by 0x6A7CD4F: ???
==13956==    by 0x8000000000000000: ???
==13956==    by 0x6A733D7: ???
==13956==    by 0x9: ???
==13956==    by 0x8: ???
==13956==    by 0x6A7751F: ???
==13956==    by 0x8000000000000000: ???
==13956==    by 0x9: ???
==13956==    by 0xB9: ???
==13956== 
==13956== 2 bytes in 1 blocks are definitely lost in loss record 34 of 425
==13956==    at 0x484D953: calloc (in /usr/libexec/valgrind/vgpreload_memcheck-amd64-linux.so)
==13956==    by 0x739049: __mn_alloc (in /mnt/c/Users/Juan/Documents/GitHub/Mapanare/mapanare/self/mnc-stage1)
==13956==    by 0x73980B: __mn_str_from_parts (in /mnt/c/Users/Juan/Documents/GitHub/Mapanare/mapanare/self/mnc-stage1)
==13956==    by 0x41FA6B: lexer__scan_ident (in /mnt/c/Users/Juan/Documents/GitHub/Mapanare/mapanare/self/mnc-stage1)
==13956==    by 0x6A7CDEF: ???
==13956==    by 0x8000000000000001: ???
==13956==    by 0x6A733D7: ???
==13956==    by 0x9: ???
==13956==    by 0x8: ???
==13956==    by 0x6A7751F: ???
==13956==    by 0x8000000000000000: ???
==13956==    by 0x9: ???
==13956==    by 0xB9: ???
==13956== 
==13956== 2 bytes in 1 blocks are definitely lost in loss record 35 of 425
==13956==    at 0x484D953: calloc (in /usr/libexec/valgrind/vgpreload_memcheck-amd64-linux.so)
==13956==    by 0x739049: __mn_alloc (in /mnt/c/Users/Juan/Documents/GitHub/Mapanare/mapanare/self/mnc-stage1)
==13956==    by 0x73980B: __mn_str_from_parts (in /mnt/c/Users/Juan/Documents/GitHub/Mapanare/mapanare/self/mnc-stage1)
==13956==    by 0x41FA6B: lexer__scan_ident (in /mnt/c/Users/Juan/Documents/GitHub/Mapanare/mapanare/self/mnc-stage1)
==13956==    by 0x6A7CE8F: ???
==13956==    by 0x8000000000000002: ???
==13956==    by 0x6A733D7: ???
==13956==    by 0x9: ???
==13956==    by 0x8: ???
==13956==    by 0x6A7751F: ???
==13956==    by 0x8000000000000000: ???
==13956==    by 0x9: ???
==13956==    by 0xB9: ???
==13956== 
==13956== 2 bytes in 1 blocks are definitely lost in loss record 36 of 425
==13956==    at 0x484D953: calloc (in /usr/libexec/valgrind/vgpreload_memcheck-amd64-linux.so)
==13956==    by 0x739049: __mn_alloc (in /mnt/c/Users/Juan/Documents/GitHub/Mapanare/mapanare/self/mnc-stage1)
==13956==    by 0x73980B: __mn_str_from_parts (in /mnt/c/Users/Juan/Documents/GitHub/Mapanare/mapanare/self/mnc-stage1)
==13956==    by 0x41FA6B: lexer__scan_ident (in /mnt/c/Users/Juan/Documents/GitHub/Mapanare/mapanare/self/mnc-stage1)
==13956==    by 0x6A7CF2F: ???
==13956==    by 0x8000000000000003: ???
==13956==    by 0x6A733D7: ???
==13956==    by 0x9: ???
==13956==    by 0x8: ???
==13956==    by 0x6A7751F: ???
==13956==    by 0x8000000000000000: ???
==13956==    by 0x9: ???
==13956==    by 0xB9: ???
==13956== 
==13956== 2 bytes in 1 blocks are definitely lost in loss record 37 of 425
==13956==    at 0x484D953: calloc (in /usr/libexec/valgrind/vgpreload_memcheck-amd64-linux.so)
==13956==    by 0x739049: __mn_alloc (in /mnt/c/Users/Juan/Documents/GitHub/Mapanare/mapanare/self/mnc-stage1)
==13956==    by 0x73980B: __mn_str_from_parts (in /mnt/c/Users/Juan/Documents/GitHub/Mapanare/mapanare/self/mnc-stage1)
==13956==    by 0x41FA6B: lexer__scan_ident (in /mnt/c/Users/Juan/Documents/GitHub/Mapanare/mapanare/self/mnc-stage1)
==13956==    by 0x6A7CFCF: ???
==13956==    by 0x8000000000000004: ???
==13956==    by 0x6A733D7: ???
==13956==    by 0x9: ???
==13956==    by 0x8: ???
==13956==    by 0x6A7751F: ???
==13956==    by 0x8000000000000000: ???
==13956==    by 0x9: ???
==13956==    by 0xB9: ???
==13956== 
==13956== 2 bytes in 1 blocks are definitely lost in loss record 38 of 425
==13956==    at 0x484D953: calloc (in /usr/libexec/valgrind/vgpreload_memcheck-amd64-linux.so)
==13956==    by 0x739049: __mn_alloc (in /mnt/c/Users/Juan/Documents/GitHub/Mapanare/mapanare/self/mnc-stage1)
==13956==    by 0x73980B: __mn_str_from_parts (in /mnt/c/Users/Juan/Documents/GitHub/Mapanare/mapanare/self/mnc-stage1)
==13956==    by 0x41FA6B: lexer__scan_ident (in /mnt/c/Users/Juan/Documents/GitHub/Mapanare/mapanare/self/mnc-stage1)
==13956==    by 0x6A7DD1F: ???
==13956==    by 0x8000000000000000: ???
==13956==    by 0x6A733D7: ???
==13956==    by 0x14: ???
==13956==    by 0x8: ???
==13956==    by 0x6A7751F: ???
==13956==    by 0x8000000000000000: ???
==13956==    by 0x14: ???
==13956==    by 0xC4: ???
==13956== 
==13956== 2 bytes in 1 blocks are definitely lost in loss record 39 of 425
==13956==    at 0x484D953: calloc (in /usr/libexec/valgrind/vgpreload_memcheck-amd64-linux.so)
==13956==    by 0x739049: __mn_alloc (in /mnt/c/Users/Juan/Documents/GitHub/Mapanare/mapanare/self/mnc-stage1)
==13956==    by 0x73980B: __mn_str_from_parts (in /mnt/c/Users/Juan/Documents/GitHub/Mapanare/mapanare/self/mnc-stage1)
==13956==    by 0x41FA6B: lexer__scan_ident (in /mnt/c/Users/Juan/Documents/GitHub/Mapanare/mapanare/self/mnc-stage1)
==13956==    by 0x6A7DDBF: ???
==13956==    by 0x8000000000000001: ???
==13956==    by 0x6A733D7: ???
==13956==    by 0x14: ???
==13956==    by 0x8: ???
==13956==    by 0x6A7751F: ???
==13956==    by 0x8000000000000000: ???
==13956==    by 0x14: ???
==13956==    by 0xC4: ???
==13956== 
==13956== 2 bytes in 1 blocks are definitely lost in loss record 40 of 425
==13956==    at 0x484D953: calloc (in /usr/libexec/valgrind/vgpreload_memcheck-amd64-linux.so)
==13956==    by 0x739049: __mn_alloc (in /mnt/c/Users/Juan/Documents/GitHub/Mapanare/mapanare/self/mnc-stage1)
==13956==    by 0x73980B: __mn_str_from_parts (in /mnt/c/Users/Juan/Documents/GitHub/Mapanare/mapanare/self/mnc-stage1)
==13956==    by 0x41FA6B: lexer__scan_ident (in /mnt/c/Users/Juan/Documents/GitHub/Mapanare/mapanare/self/mnc-stage1)
==13956==    by 0x6A7DE5F: ???
==13956==    by 0x8000000000000002: ???
==13956==    by 0x6A733D7: ???
==13956==    by 0x14: ???
==13956==    by 0x8: ???
==13956==    by 0x6A7751F: ???
==13956==    by 0x8000000000000000: ???
==13956==    by 0x14: ???
==13956==    by 0xC4: ???
==13956== 
==13956== 2 bytes in 1 blocks are definitely lost in loss record 41 of 425
==13956==    at 0x484D953: calloc (in /usr/libexec/valgrind/vgpreload_memcheck-amd64-linux.so)
==13956==    by 0x739049: __mn_alloc (in /mnt/c/Users/Juan/Documents/GitHub/Mapanare/mapanare/self/mnc-stage1)
==13956==    by 0x73980B: __mn_str_from_parts (in /mnt/c/Users/Juan/Documents/GitHub/Mapanare/mapanare/self/mnc-stage1)
==13956==    by 0x41FA6B: lexer__scan_ident (in /mnt/c/Users/Juan/Documents/GitHub/Mapanare/mapanare/self/mnc-stage1)
==13956==    by 0x6A7E2BF: ???
==13956==    by 0x8000000000000000: ???
==13956==    by 0x6A733D7: ???
==13956==    by 0x4: ???
==13956==    by 0x9: ???
==13956==    by 0x6A7751F: ???
==13956==    by 0x8000000000000000: ???
==13956==    by 0x4: ???
==13956==    by 0xCE: ???
==13956== 
==13956== 2 bytes in 1 blocks are definitely lost in loss record 42 of 425
==13956==    at 0x484D953: calloc (in /usr/libexec/valgrind/vgpreload_memcheck-amd64-linux.so)
==13956==    by 0x739049: __mn_alloc (in /mnt/c/Users/Juan/Documents/GitHub/Mapanare/mapanare/self/mnc-stage1)
==13956==    by 0x73980B: __mn_str_from_parts (in /mnt/c/Users/Juan/Documents/GitHub/Mapanare/mapanare/self/mnc-stage1)
==13956==    by 0x41FA6B: lexer__scan_ident (in /mnt/c/Users/Juan/Documents/GitHub/Mapanare/mapanare/self/mnc-stage1)
==13956==    by 0x6A7E35F: ???
==13956==    by 0x8000000000000001: ???
==13956==    by 0x6A733D7: ???
==13956==    by 0x4: ???
==13956==    by 0x9: ???
==13956==    by 0x6A7751F: ???
==13956==    by 0x8000000000000000: ???
==13956==    by 0x4: ???
==13956==    by 0xCE: ???
==13956== 
==13956== 2 bytes in 1 blocks are definitely lost in loss record 43 of 425
==13956==    at 0x484D953: calloc (in /usr/libexec/valgrind/vgpreload_memcheck-amd64-linux.so)
==13956==    by 0x739049: __mn_alloc (in /mnt/c/Users/Juan/Documents/GitHub/Mapanare/mapanare/self/mnc-stage1)
==13956==    by 0x73980B: __mn_str_from_parts (in /mnt/c/Users/Juan/Documents/GitHub/Mapanare/mapanare/self/mnc-stage1)
==13956==    by 0x41FA6B: lexer__scan_ident (in /mnt/c/Users/Juan/Documents/GitHub/Mapanare/mapanare/self/mnc-stage1)
==13956==    by 0x6A7E3FF: ???
==13956==    by 0x8000000000000002: ???
==13956==    by 0x6A733D7: ???
==13956==    by 0x4: ???
==13956==    by 0x9: ???
==13956==    by 0x6A7751F: ???
==13956==    by 0x8000000000000000: ???
==13956==    by 0x4: ???
==13956==    by 0xCE: ???
==13956== 
==13956== 2 bytes in 1 blocks are definitely lost in loss record 44 of 425
==13956==    at 0x484D953: calloc (in /usr/libexec/valgrind/vgpreload_memcheck-amd64-linux.so)
==13956==    by 0x739049: __mn_alloc (in /mnt/c/Users/Juan/Documents/GitHub/Mapanare/mapanare/self/mnc-stage1)
==13956==    by 0x73980B: __mn_str_from_parts (in /mnt/c/Users/Juan/Documents/GitHub/Mapanare/mapanare/self/mnc-stage1)
==13956==    by 0x41FA6B: lexer__scan_ident (in /mnt/c/Users/Juan/Documents/GitHub/Mapanare/mapanare/self/mnc-stage1)
==13956==    by 0x6A7E5DF: ???
==13956==    by 0x8000000000000000: ???
==13956==    by 0x6A733D7: ???
==13956==    by 0x8: ???
==13956==    by 0x9: ???
==13956==    by 0x6A7751F: ???
==13956==    by 0x8000000000000000: ???
==13956==    by 0x8: ???
==13956==    by 0xD2: ???
==13956== 
==13956== 2 bytes in 1 blocks are definitely lost in loss record 45 of 425
==13956==    at 0x484D953: calloc (in /usr/libexec/valgrind/vgpreload_memcheck-amd64-linux.so)
==13956==    by 0x739049: __mn_alloc (in /mnt/c/Users/Juan/Documents/GitHub/Mapanare/mapanare/self/mnc-stage1)
==13956==    by 0x73980B: __mn_str_from_parts (in /mnt/c/Users/Juan/Documents/GitHub/Mapanare/mapanare/self/mnc-stage1)
==13956==    by 0x41FA6B: lexer__scan_ident (in /mnt/c/Users/Juan/Documents/GitHub/Mapanare/mapanare/self/mnc-stage1)
==13956==    by 0x6A7E8FF: ???
==13956==    by 0x8000000000000000: ???
==13956==    by 0x6A733D7: ???
==13956==    by 0xC: ???
==13956==    by 0x9: ???
==13956==    by 0x6A7751F: ???
==13956==    by 0x8000000000000000: ???
==13956==    by 0xC: ???
==13956==    by 0xD6: ???
==13956== 
==13956== 2 bytes in 1 blocks are definitely lost in loss record 46 of 425
==13956==    at 0x484D953: calloc (in /usr/libexec/valgrind/vgpreload_memcheck-amd64-linux.so)
==13956==    by 0x739049: __mn_alloc (in /mnt/c/Users/Juan/Documents/GitHub/Mapanare/mapanare/self/mnc-stage1)
==13956==    by 0x73980B: __mn_str_from_parts (in /mnt/c/Users/Juan/Documents/GitHub/Mapanare/mapanare/self/mnc-stage1)
==13956==    by 0x41FA6B: lexer__scan_ident (in /mnt/c/Users/Juan/Documents/GitHub/Mapanare/mapanare/self/mnc-stage1)
==13956==    by 0x6A7E99F: ???
==13956==    by 0x8000000000000001: ???
==13956==    by 0x6A733D7: ???
==13956==    by 0xC: ???
==13956==    by 0x9: ???
==13956==    by 0x6A7751F: ???
==13956==    by 0x8000000000000000: ???
==13956==    by 0xC: ???
==13956==    by 0xD6: ???
==13956== 
==13956== 2 bytes in 1 blocks are definitely lost in loss record 47 of 425
==13956==    at 0x484D953: calloc (in /usr/libexec/valgrind/vgpreload_memcheck-amd64-linux.so)
==13956==    by 0x739049: __mn_alloc (in /mnt/c/Users/Juan/Documents/GitHub/Mapanare/mapanare/self/mnc-stage1)
==13956==    by 0x73980B: __mn_str_from_parts (in /mnt/c/Users/Juan/Documents/GitHub/Mapanare/mapanare/self/mnc-stage1)
==13956==    by 0x41FA6B: lexer__scan_ident (in /mnt/c/Users/Juan/Documents/GitHub/Mapanare/mapanare/self/mnc-stage1)
==13956==    by 0x6A7EA3F: ???
==13956==    by 0x8000000000000002: ???
==13956==    by 0x6A733D7: ???
==13956==    by 0xC: ???
==13956==    by 0x9: ???
==13956==    by 0x6A7751F: ???
==13956==    by 0x8000000000000000: ???
==13956==    by 0xC: ???
==13956==    by 0xD6: ???
==13956== 
==13956== 2 bytes in 1 blocks are definitely lost in loss record 48 of 425
==13956==    at 0x484D953: calloc (in /usr/libexec/valgrind/vgpreload_memcheck-amd64-linux.so)
==13956==    by 0x739049: __mn_alloc (in /mnt/c/Users/Juan/Documents/GitHub/Mapanare/mapanare/self/mnc-stage1)
==13956==    by 0x73980B: __mn_str_from_parts (in /mnt/c/Users/Juan/Documents/GitHub/Mapanare/mapanare/self/mnc-stage1)
==13956==    by 0x41FA6B: lexer__scan_ident (in /mnt/c/Users/Juan/Documents/GitHub/Mapanare/mapanare/self/mnc-stage1)
==13956==    by 0x6A7EADF: ???
==13956==    by 0x8000000000000003: ???
==13956==    by 0x6A733D7: ???
==13956==    by 0xC: ???
==13956==    by 0x9: ???
==13956==    by 0x6A7751F: ???
==13956==    by 0x8000000000000000: ???
==13956==    by 0xC: ???
==13956==    by 0xD6: ???
==13956== 
==13956== 2 bytes in 1 blocks are definitely lost in loss record 49 of 425
==13956==    at 0x484D953: calloc (in /usr/libexec/valgrind/vgpreload_memcheck-amd64-linux.so)
==13956==    by 0x739049: __mn_alloc (in /mnt/c/Users/Juan/Documents/GitHub/Mapanare/mapanare/self/mnc-stage1)
==13956==    by 0x73980B: __mn_str_from_parts (in /mnt/c/Users/Juan/Documents/GitHub/Mapanare/mapanare/self/mnc-stage1)
==13956==    by 0x41FA6B: lexer__scan_ident (in /mnt/c/Users/Juan/Documents/GitHub/Mapanare/mapanare/self/mnc-stage1)
==13956==    by 0x6A7EB7F: ???
==13956==    by 0x8000000000000004: ???
==13956==    by 0x6A733D7: ???
==13956==    by 0xC: ???
==13956==    by 0x9: ???
==13956==    by 0x6A7751F: ???
==13956==    by 0x8000000000000000: ???
==13956==    by 0xC: ???
==13956==    by 0xD6: ???
==13956== 
==13956== 2 bytes in 1 blocks are definitely lost in loss record 50 of 425
==13956==    at 0x484D953: calloc (in /usr/libexec/valgrind/vgpreload_memcheck-amd64-linux.so)
==13956==    by 0x739049: __mn_alloc (in /mnt/c/Users/Juan/Documents/GitHub/Mapanare/mapanare/self/mnc-stage1)
==13956==    by 0x73980B: __mn_str_from_parts (in /mnt/c/Users/Juan/Documents/GitHub/Mapanare/mapanare/self/mnc-stage1)
==13956==    by 0x41FA6B: lexer__scan_ident (in /mnt/c/Users/Juan/Documents/GitHub/Mapanare/mapanare/self/mnc-stage1)
==13956==    by 0x6A7ED5F: ???
==13956==    by 0x8000000000000000: ???
==13956==    by 0x6A733D7: ???
==13956==    by 0x12: ???
==13956==    by 0x9: ???
==13956==    by 0x6A7751F: ???
==13956==    by 0x8000000000000000: ???
==13956==    by 0x12: ???
==13956==    by 0xDC: ???
==13956== 
==13956== 2 bytes in 1 blocks are definitely lost in loss record 51 of 425
==13956==    at 0x484D953: calloc (in /usr/libexec/valgrind/vgpreload_memcheck-amd64-linux.so)
==13956==    by 0x739049: __mn_alloc (in /mnt/c/Users/Juan/Documents/GitHub/Mapanare/mapanare/self/mnc-stage1)
==13956==    by 0x73980B: __mn_str_from_parts (in /mnt/c/Users/Juan/Documents/GitHub/Mapanare/mapanare/self/mnc-stage1)
==13956==    by 0x41FA6B: lexer__scan_ident (in /mnt/c/Users/Juan/Documents/GitHub/Mapanare/mapanare/self/mnc-stage1)
==13956==    by 0x6A7EDFF: ???
==13956==    by 0x8000000000000001: ???
==13956==    by 0x6A733D7: ???
==13956==    by 0x12: ???
==13956==    by 0x9: ???
==13956==    by 0x6A7751F: ???
==13956==    by 0x8000000000000000: ???
==13956==    by 0x12: ???
==13956==    by 0xDC: ???
==13956== 
==13956== 2 bytes in 1 blocks are definitely lost in loss record 52 of 425
==13956==    at 0x484D953: calloc (in /usr/libexec/valgrind/vgpreload_memcheck-amd64-linux.so)
==13956==    by 0x739049: __mn_alloc (in /mnt/c/Users/Juan/Documents/GitHub/Mapanare/mapanare/self/mnc-stage1)
==13956==    by 0x73980B: __mn_str_from_parts (in /mnt/c/Users/Juan/Documents/GitHub/Mapanare/mapanare/self/mnc-stage1)
==13956==    by 0x41FA6B: lexer__scan_ident (in /mnt/c/Users/Juan/Documents/GitHub/Mapanare/mapanare/self/mnc-stage1)
==13956==    by 0x6A7EE9F: ???
==13956==    by 0x8000000000000002: ???
==13956==    by 0x6A733D7: ???
==13956==    by 0x12: ???
==13956==    by 0x9: ???
==13956==    by 0x6A7751F: ???
==13956==    by 0x8000000000000000: ???
==13956==    by 0x12: ???
==13956==    by 0xDC: ???
==13956== 
==13956== 2 bytes in 1 blocks are definitely lost in loss record 53 of 425
==13956==    at 0x484D953: calloc (in /usr/libexec/valgrind/vgpreload_memcheck-amd64-linux.so)
==13956==    by 0x739049: __mn_alloc (in /mnt/c/Users/Juan/Documents/GitHub/Mapanare/mapanare/self/mnc-stage1)
==13956==    by 0x73980B: __mn_str_from_parts (in /mnt/c/Users/Juan/Documents/GitHub/Mapanare/mapanare/self/mnc-stage1)
==13956==    by 0x41FA6B: lexer__scan_ident (in /mnt/c/Users/Juan/Documents/GitHub/Mapanare/mapanare/self/mnc-stage1)
==13956==    by 0x6A7EF3F: ???
==13956==    by 0x8000000000000003: ???
==13956==    by 0x6A733D7: ???
==13956==    by 0x12: ???
==13956==    by 0x9: ???
==13956==    by 0x6A7751F: ???
==13956==    by 0x8000000000000000: ???
==13956==    by 0x12: ???
==13956==    by 0xDC: ???
==13956== 
==13956== 2 bytes in 1 blocks are definitely lost in loss record 54 of 425
==13956==    at 0x484D953: calloc (in /usr/libexec/valgrind/vgpreload_memcheck-amd64-linux.so)
==13956==    by 0x739049: __mn_alloc (in /mnt/c/Users/Juan/Documents/GitHub/Mapanare/mapanare/self/mnc-stage1)
==13956==    by 0x73980B: __mn_str_from_parts (in /mnt/c/Users/Juan/Documents/GitHub/Mapanare/mapanare/self/mnc-stage1)
==13956==    by 0x41FA6B: lexer__scan_ident (in /mnt/c/Users/Juan/Documents/GitHub/Mapanare/mapanare/self/mnc-stage1)
==13956==    by 0x6A7EFDF: ???
==13956==    by 0x8000000000000004: ???
==13956==    by 0x6A733D7: ???
==13956==    by 0x12: ???
==13956==    by 0x9: ???
==13956==    by 0x6A7751F: ???
==13956==    by 0x8000000000000000: ???
==13956==    by 0x12: ???
==13956==    by 0xDC: ???
==13956== 
==13956== 2 bytes in 1 blocks are definitely lost in loss record 55 of 425
==13956==    at 0x484D953: calloc (in /usr/libexec/valgrind/vgpreload_memcheck-amd64-linux.so)
==13956==    by 0x739049: __mn_alloc (in /mnt/c/Users/Juan/Documents/GitHub/Mapanare/mapanare/self/mnc-stage1)
==13956==    by 0x73980B: __mn_str_from_parts (in /mnt/c/Users/Juan/Documents/GitHub/Mapanare/mapanare/self/mnc-stage1)
==13956==    by 0x41FA6B: lexer__scan_ident (in /mnt/c/Users/Juan/Documents/GitHub/Mapanare/mapanare/self/mnc-stage1)
==13956==    by 0x6A7F4DF: ???
==13956==    by 0x8000000000000000: ???
==13956==    by 0x6A733D7: ???
==13956==    by 0x4: ???
==13956==    by 0xA: ???
==13956==    by 0x6A7751F: ???
==13956==    by 0x8000000000000000: ???
==13956==    by 0x4: ???
==13956==    by 0xE8: ???
==13956== 
==13956== 2 bytes in 1 blocks are definitely lost in loss record 56 of 425
==13956==    at 0x484D953: calloc (in /usr/libexec/valgrind/vgpreload_memcheck-amd64-linux.so)
==13956==    by 0x739049: __mn_alloc (in /mnt/c/Users/Juan/Documents/GitHub/Mapanare/mapanare/self/mnc-stage1)
==13956==    by 0x73980B: __mn_str_from_parts (in /mnt/c/Users/Juan/Documents/GitHub/Mapanare/mapanare/self/mnc-stage1)
==13956==    by 0x41FA6B: lexer__scan_ident (in /mnt/c/Users/Juan/Documents/GitHub/Mapanare/mapanare/self/mnc-stage1)
==13956==    by 0x6A7F57F: ???
==13956==    by 0x8000000000000001: ???
==13956==    by 0x6A733D7: ???
==13956==    by 0x4: ???
==13956==    by 0xA: ???
==13956==    by 0x6A7751F: ???
==13956==    by 0x8000000000000000: ???
==13956==    by 0x4: ???
==13956==    by 0xE8: ???
==13956== 
==13956== 2 bytes in 1 blocks are definitely lost in loss record 57 of 425
==13956==    at 0x484D953: calloc (in /usr/libexec/valgrind/vgpreload_memcheck-amd64-linux.so)
==13956==    by 0x739049: __mn_alloc (in /mnt/c/Users/Juan/Documents/GitHub/Mapanare/mapanare/self/mnc-stage1)
==13956==    by 0x73980B: __mn_str_from_parts (in /mnt/c/Users/Juan/Documents/GitHub/Mapanare/mapanare/self/mnc-stage1)
==13956==    by 0x41FA6B: lexer__scan_ident (in /mnt/c/Users/Juan/Documents/GitHub/Mapanare/mapanare/self/mnc-stage1)
==13956==    by 0x6A7F61F: ???
==13956==    by 0x8000000000000002: ???
==13956==    by 0x6A733D7: ???
==13956==    by 0x4: ???
==13956==    by 0xA: ???
==13956==    by 0x6A7751F: ???
==13956==    by 0x8000000000000000: ???
==13956==    by 0x4: ???
==13956==    by 0xE8: ???
==13956== 
==13956== 2 bytes in 1 blocks are definitely lost in loss record 58 of 425
==13956==    at 0x484D953: calloc (in /usr/libexec/valgrind/vgpreload_memcheck-amd64-linux.so)
==13956==    by 0x739049: __mn_alloc (in /mnt/c/Users/Juan/Documents/GitHub/Mapanare/mapanare/self/mnc-stage1)
==13956==    by 0x73980B: __mn_str_from_parts (in /mnt/c/Users/Juan/Documents/GitHub/Mapanare/mapanare/self/mnc-stage1)
==13956==    by 0x41FA6B: lexer__scan_ident (in /mnt/c/Users/Juan/Documents/GitHub/Mapanare/mapanare/self/mnc-stage1)
==13956==    by 0x6A7F6BF: ???
==13956==    by 0x8000000000000003: ???
==13956==    by 0x6A733D7: ???
==13956==    by 0x4: ???
==13956==    by 0xA: ???
==13956==    by 0x6A7751F: ???
==13956==    by 0x8000000000000000: ???
==13956==    by 0x4: ???
==13956==    by 0xE8: ???
==13956== 
==13956== 2 bytes in 1 blocks are definitely lost in loss record 59 of 425
==13956==    at 0x484D953: calloc (in /usr/libexec/valgrind/vgpreload_memcheck-amd64-linux.so)
==13956==    by 0x739049: __mn_alloc (in /mnt/c/Users/Juan/Documents/GitHub/Mapanare/mapanare/self/mnc-stage1)
==13956==    by 0x73980B: __mn_str_from_parts (in /mnt/c/Users/Juan/Documents/GitHub/Mapanare/mapanare/self/mnc-stage1)
==13956==    by 0x41FA6B: lexer__scan_ident (in /mnt/c/Users/Juan/Documents/GitHub/Mapanare/mapanare/self/mnc-stage1)
==13956==    by 0x6A7F75F: ???
==13956==    by 0x8000000000000004: ???
==13956==    by 0x6A733D7: ???
==13956==    by 0x4: ???
==13956==    by 0xA: ???
==13956==    by 0x6A7751F: ???
==13956==    by 0x8000000000000000: ???
==13956==    by 0x4: ???
==13956==    by 0xE8: ???
==13956== 
==13956== 2 bytes in 1 blocks are definitely lost in loss record 60 of 425
==13956==    at 0x484D953: calloc (in /usr/libexec/valgrind/vgpreload_memcheck-amd64-linux.so)
==13956==    by 0x739049: __mn_alloc (in /mnt/c/Users/Juan/Documents/GitHub/Mapanare/mapanare/self/mnc-stage1)
==13956==    by 0x73980B: __mn_str_from_parts (in /mnt/c/Users/Juan/Documents/GitHub/Mapanare/mapanare/self/mnc-stage1)
==13956==    by 0x41FA6B: lexer__scan_ident (in /mnt/c/Users/Juan/Documents/GitHub/Mapanare/mapanare/self/mnc-stage1)
==13956==    by 0x6A7F7FF: ???
==13956==    by 0x8000000000000005: ???
==13956==    by 0x6A733D7: ???
==13956==    by 0x4: ???
==13956==    by 0xA: ???
==13956==    by 0x6A7751F: ???
==13956==    by 0x8000000000000000: ???
==13956==    by 0x4: ???
==13956==    by 0xE8: ???
==13956== 
==13956== 2 bytes in 1 blocks are definitely lost in loss record 61 of 425
==13956==    at 0x484D953: calloc (in /usr/libexec/valgrind/vgpreload_memcheck-amd64-linux.so)
==13956==    by 0x739049: __mn_alloc (in /mnt/c/Users/Juan/Documents/GitHub/Mapanare/mapanare/self/mnc-stage1)
==13956==    by 0x73980B: __mn_str_from_parts (in /mnt/c/Users/Juan/Documents/GitHub/Mapanare/mapanare/self/mnc-stage1)
==13956==    by 0x41FA6B: lexer__scan_ident (in /mnt/c/Users/Juan/Documents/GitHub/Mapanare/mapanare/self/mnc-stage1)
==13956==    by 0x6A7F9DF: ???
==13956==    by 0x8000000000000000: ???
==13956==    by 0x6A733D7: ???
==13956==    by 0xB: ???
==13956==    by 0xA: ???
==13956==    by 0x6A7751F: ???
==13956==    by 0x8000000000000000: ???
==13956==    by 0xB: ???
==13956==    by 0xEF: ???
==13956== 
==13956== 2 bytes in 1 blocks are definitely lost in loss record 62 of 425
==13956==    at 0x484D953: calloc (in /usr/libexec/valgrind/vgpreload_memcheck-amd64-linux.so)
==13956==    by 0x739049: __mn_alloc (in /mnt/c/Users/Juan/Documents/GitHub/Mapanare/mapanare/self/mnc-stage1)
==13956==    by 0x73980B: __mn_str_from_parts (in /mnt/c/Users/Juan/Documents/GitHub/Mapanare/mapanare/self/mnc-stage1)
==13956==    by 0x42002C: lexer__scan_number (in /mnt/c/Users/Juan/Documents/GitHub/Mapanare/mapanare/self/mnc-stage1)
==13956==    by 0x6A7FD4F: ???
==13956==    by 0x6A73257: ???
==13956==    by 0x8000000000000000: ???
==13956==    by 0x6A7FC5F: ???
==13956==    by 0x8000000000000000: ???
==13956== 
==13956== 2 bytes in 1 blocks are definitely lost in loss record 63 of 425
==13956==    at 0x484D953: calloc (in /usr/libexec/valgrind/vgpreload_memcheck-amd64-linux.so)
==13956==    by 0x739049: __mn_alloc (in /mnt/c/Users/Juan/Documents/GitHub/Mapanare/mapanare/self/mnc-stage1)
==13956==    by 0x73980B: __mn_str_from_parts (in /mnt/c/Users/Juan/Documents/GitHub/Mapanare/mapanare/self/mnc-stage1)
==13956==    by 0x41FA6B: lexer__scan_ident (in /mnt/c/Users/Juan/Documents/GitHub/Mapanare/mapanare/self/mnc-stage1)
==13956==    by 0x6A800BF: ???
==13956==    by 0x8000000000000000: ???
==13956==    by 0x6A733D7: ???
==13956== 
==13956== 2 bytes in 1 blocks are definitely lost in loss record 64 of 425
==13956==    at 0x484D953: calloc (in /usr/libexec/valgrind/vgpreload_memcheck-amd64-linux.so)
==13956==    by 0x739049: __mn_alloc (in /mnt/c/Users/Juan/Documents/GitHub/Mapanare/mapanare/self/mnc-stage1)
==13956==    by 0x73980B: __mn_str_from_parts (in /mnt/c/Users/Juan/Documents/GitHub/Mapanare/mapanare/self/mnc-stage1)
==13956==    by 0x41FA6B: lexer__scan_ident (in /mnt/c/Users/Juan/Documents/GitHub/Mapanare/mapanare/self/mnc-stage1)
==13956==    by 0x6A8015F: ???
==13956==    by 0x8000000000000001: ???
==13956==    by 0x6A733D7: ???
==13956== 
==13956== 2 bytes in 1 blocks are definitely lost in loss record 65 of 425
==13956==    at 0x484D953: calloc (in /usr/libexec/valgrind/vgpreload_memcheck-amd64-linux.so)
==13956==    by 0x739049: __mn_alloc (in /mnt/c/Users/Juan/Documents/GitHub/Mapanare/mapanare/self/mnc-stage1)
==13956==    by 0x73980B: __mn_str_from_parts (in /mnt/c/Users/Juan/Documents/GitHub/Mapanare/mapanare/self/mnc-stage1)
==13956==    by 0x41FA6B: lexer__scan_ident (in /mnt/c/Users/Juan/Documents/GitHub/Mapanare/mapanare/self/mnc-stage1)
==13956==    by 0x6A8033F: ???
==13956==    by 0x8000000000000000: ???
==13956==    by 0x6A733D7: ???
==13956==    by 0x3: ???
==13956==    by 0xD: ???
==13956==    by 0x6A7751F: ???
==13956==    by 0x8000000000000000: ???
==13956==    by 0x3: ???
==13956==    by 0xFB: ???
==13956== 
==13956== 2 bytes in 1 blocks are definitely lost in loss record 66 of 425
==13956==    at 0x484D953: calloc (in /usr/libexec/valgrind/vgpreload_memcheck-amd64-linux.so)
==13956==    by 0x739049: __mn_alloc (in /mnt/c/Users/Juan/Documents/GitHub/Mapanare/mapanare/self/mnc-stage1)
==13956==    by 0x73980B: __mn_str_from_parts (in /mnt/c/Users/Juan/Documents/GitHub/Mapanare/mapanare/self/mnc-stage1)
==13956==    by 0x41FA6B: lexer__scan_ident (in /mnt/c/Users/Juan/Documents/GitHub/Mapanare/mapanare/self/mnc-stage1)
==13956==    by 0x6A803DF: ???
==13956==    by 0x8000000000000001: ???
==13956==    by 0x6A733D7: ???
==13956==    by 0x3: ???
==13956==    by 0xD: ???
==13956==    by 0x6A7751F: ???
==13956==    by 0x8000000000000000: ???
==13956==    by 0x3: ???
==13956==    by 0xFB: ???
==13956== 
==13956== 2 bytes in 1 blocks are definitely lost in loss record 67 of 425
==13956==    at 0x484D953: calloc (in /usr/libexec/valgrind/vgpreload_memcheck-amd64-linux.so)
==13956==    by 0x739049: __mn_alloc (in /mnt/c/Users/Juan/Documents/GitHub/Mapanare/mapanare/self/mnc-stage1)
==13956==    by 0x73980B: __mn_str_from_parts (in /mnt/c/Users/Juan/Documents/GitHub/Mapanare/mapanare/self/mnc-stage1)
==13956==    by 0x41FA6B: lexer__scan_ident (in /mnt/c/Users/Juan/Documents/GitHub/Mapanare/mapanare/self/mnc-stage1)
==13956==    by 0x6A8047F: ???
==13956==    by 0x8000000000000002: ???
==13956==    by 0x6A733D7: ???
==13956==    by 0x3: ???
==13956==    by 0xD: ???
==13956==    by 0x6A7751F: ???
==13956==    by 0x8000000000000000: ???
==13956==    by 0x3: ???
==13956==    by 0xFB: ???
==13956== 
==13956== 2 bytes in 1 blocks are definitely lost in loss record 68 of 425
==13956==    at 0x484D953: calloc (in /usr/libexec/valgrind/vgpreload_memcheck-amd64-linux.so)
==13956==    by 0x739049: __mn_alloc (in /mnt/c/Users/Juan/Documents/GitHub/Mapanare/mapanare/self/mnc-stage1)
==13956==    by 0x73980B: __mn_str_from_parts (in /mnt/c/Users/Juan/Documents/GitHub/Mapanare/mapanare/self/mnc-stage1)
==13956==    by 0x41FA6B: lexer__scan_ident (in /mnt/c/Users/Juan/Documents/GitHub/Mapanare/mapanare/self/mnc-stage1)
==13956==    by 0x6A8051F: ???
==13956==    by 0x8000000000000003: ???
==13956==    by 0x6A733D7: ???
==13956==    by 0x3: ???
==13956==    by 0xD: ???
==13956==    by 0x6A7751F: ???
==13956==    by 0x8000000000000000: ???
==13956==    by 0x3: ???
==13956==    by 0xFB: ???
==13956== 
==13956== 2 bytes in 1 blocks are definitely lost in loss record 69 of 425
==13956==    at 0x484D953: calloc (in /usr/libexec/valgrind/vgpreload_memcheck-amd64-linux.so)
==13956==    by 0x739049: __mn_alloc (in /mnt/c/Users/Juan/Documents/GitHub/Mapanare/mapanare/self/mnc-stage1)
==13956==    by 0x73980B: __mn_str_from_parts (in /mnt/c/Users/Juan/Documents/GitHub/Mapanare/mapanare/self/mnc-stage1)
==13956==    by 0x41FA6B: lexer__scan_ident (in /mnt/c/Users/Juan/Documents/GitHub/Mapanare/mapanare/self/mnc-stage1)
==13956==    by 0x6A81BAF: ???
==13956==    by 0x8000000000000000: ???
==13956==    by 0x6A733D7: ???
==13956==    by 0x4: ???
==13956==    by 0xE: ???
==13956==    by 0x6A7751F: ???
==13956==    by 0x8000000000000000: ???
==13956==    by 0x4: ???
==13956==    by 0x108: ???
==13956== 
==13956== 2 bytes in 1 blocks are definitely lost in loss record 70 of 425
==13956==    at 0x484D953: calloc (in /usr/libexec/valgrind/vgpreload_memcheck-amd64-linux.so)
==13956==    by 0x739049: __mn_alloc (in /mnt/c/Users/Juan/Documents/GitHub/Mapanare/mapanare/self/mnc-stage1)
==13956==    by 0x73980B: __mn_str_from_parts (in /mnt/c/Users/Juan/Documents/GitHub/Mapanare/mapanare/self/mnc-stage1)
==13956==    by 0x41FA6B: lexer__scan_ident (in /mnt/c/Users/Juan/Documents/GitHub/Mapanare/mapanare/self/mnc-stage1)
==13956==    by 0x6A81C4F: ???
==13956==    by 0x8000000000000001: ???
==13956==    by 0x6A733D7: ???
==13956==    by 0x4: ???
==13956==    by 0xE: ???
==13956==    by 0x6A7751F: ???
==13956==    by 0x8000000000000000: ???
==13956==    by 0x4: ???
==13956==    by 0x108: ???
==13956== 
==13956== 2 bytes in 1 blocks are definitely lost in loss record 71 of 425
==13956==    at 0x484D953: calloc (in /usr/libexec/valgrind/vgpreload_memcheck-amd64-linux.so)
==13956==    by 0x739049: __mn_alloc (in /mnt/c/Users/Juan/Documents/GitHub/Mapanare/mapanare/self/mnc-stage1)
==13956==    by 0x73980B: __mn_str_from_parts (in /mnt/c/Users/Juan/Documents/GitHub/Mapanare/mapanare/self/mnc-stage1)
==13956==    by 0x41FA6B: lexer__scan_ident (in /mnt/c/Users/Juan/Documents/GitHub/Mapanare/mapanare/self/mnc-stage1)
==13956==    by 0x6A81CEF: ???
==13956==    by 0x8000000000000002: ???
==13956==    by 0x6A733D7: ???
==13956==    by 0x4: ???
==13956==    by 0xE: ???
==13956==    by 0x6A7751F: ???
==13956==    by 0x8000000000000000: ???
==13956==    by 0x4: ???
==13956==    by 0x108: ???
==13956== 
==13956== 2 bytes in 1 blocks are definitely lost in loss record 72 of 425
==13956==    at 0x484D953: calloc (in /usr/libexec/valgrind/vgpreload_memcheck-amd64-linux.so)
==13956==    by 0x739049: __mn_alloc (in /mnt/c/Users/Juan/Documents/GitHub/Mapanare/mapanare/self/mnc-stage1)
==13956==    by 0x73980B: __mn_str_from_parts (in /mnt/c/Users/Juan/Documents/GitHub/Mapanare/mapanare/self/mnc-stage1)
==13956==    by 0x41FA6B: lexer__scan_ident (in /mnt/c/Users/Juan/Documents/GitHub/Mapanare/mapanare/self/mnc-stage1)
==13956==    by 0x6A81ECF: ???
==13956==    by 0x8000000000000000: ???
==13956==    by 0x6A733D7: ???
==13956==    by 0x8: ???
==13956==    by 0xE: ???
==13956==    by 0x6A7751F: ???
==13956==    by 0x8000000000000000: ???
==13956==    by 0x8: ???
==13956==    by 0x10C: ???
==13956== 
==13956== 2 bytes in 1 blocks are definitely lost in loss record 73 of 425
==13956==    at 0x484D953: calloc (in /usr/libexec/valgrind/vgpreload_memcheck-amd64-linux.so)
==13956==    by 0x739049: __mn_alloc (in /mnt/c/Users/Juan/Documents/GitHub/Mapanare/mapanare/self/mnc-stage1)
==13956==    by 0x73980B: __mn_str_from_parts (in /mnt/c/Users/Juan/Documents/GitHub/Mapanare/mapanare/self/mnc-stage1)
==13956==    by 0x41FA6B: lexer__scan_ident (in /mnt/c/Users/Juan/Documents/GitHub/Mapanare/mapanare/self/mnc-stage1)
==13956==    by 0x6A81F6F: ???
==13956==    by 0x8000000000000001: ???
==13956==    by 0x6A733D7: ???
==13956==    by 0x8: ???
==13956==    by 0xE: ???
==13956==    by 0x6A7751F: ???
==13956==    by 0x8000000000000000: ???
==13956==    by 0x8: ???
==13956==    by 0x10C: ???
==13956== 
==13956== 2 bytes in 1 blocks are definitely lost in loss record 74 of 425
==13956==    at 0x484D953: calloc (in /usr/libexec/valgrind/vgpreload_memcheck-amd64-linux.so)
==13956==    by 0x739049: __mn_alloc (in /mnt/c/Users/Juan/Documents/GitHub/Mapanare/mapanare/self/mnc-stage1)
==13956==    by 0x73980B: __mn_str_from_parts (in /mnt/c/Users/Juan/Documents/GitHub/Mapanare/mapanare/self/mnc-stage1)
==13956==    by 0x41FA6B: lexer__scan_ident (in /mnt/c/Users/Juan/Documents/GitHub/Mapanare/mapanare/self/mnc-stage1)
==13956==    by 0x6A8200F: ???
==13956==    by 0x8000000000000002: ???
==13956==    by 0x6A733D7: ???
==13956==    by 0x8: ???
==13956==    by 0xE: ???
==13956==    by 0x6A7751F: ???
==13956==    by 0x8000000000000000: ???
==13956==    by 0x8: ???
==13956==    by 0x10C: ???
==13956== 
==13956== 2 bytes in 1 blocks are definitely lost in loss record 75 of 425
==13956==    at 0x484D953: calloc (in /usr/libexec/valgrind/vgpreload_memcheck-amd64-linux.so)
==13956==    by 0x739049: __mn_alloc (in /mnt/c/Users/Juan/Documents/GitHub/Mapanare/mapanare/self/mnc-stage1)
==13956==    by 0x73980B: __mn_str_from_parts (in /mnt/c/Users/Juan/Documents/GitHub/Mapanare/mapanare/self/mnc-stage1)
==13956==    by 0x41FA6B: lexer__scan_ident (in /mnt/c/Users/Juan/Documents/GitHub/Mapanare/mapanare/self/mnc-stage1)
==13956==    by 0x6A820AF: ???
==13956==    by 0x8000000000000003: ???
==13956==    by 0x6A733D7: ???
==13956==    by 0x8: ???
==13956==    by 0xE: ???
==13956==    by 0x6A7751F: ???
==13956==    by 0x8000000000000000: ???
==13956==    by 0x8: ???
==13956==    by 0x10C: ???
==13956== 
==13956== 2 bytes in 1 blocks are definitely lost in loss record 76 of 425
==13956==    at 0x484D953: calloc (in /usr/libexec/valgrind/vgpreload_memcheck-amd64-linux.so)
==13956==    by 0x739049: __mn_alloc (in /mnt/c/Users/Juan/Documents/GitHub/Mapanare/mapanare/self/mnc-stage1)
==13956==    by 0x73980B: __mn_str_from_parts (in /mnt/c/Users/Juan/Documents/GitHub/Mapanare/mapanare/self/mnc-stage1)
==13956==    by 0x41FA6B: lexer__scan_ident (in /mnt/c/Users/Juan/Documents/GitHub/Mapanare/mapanare/self/mnc-stage1)
==13956==    by 0x6A8214F: ???
==13956==    by 0x8000000000000004: ???
==13956==    by 0x6A733D7: ???
==13956==    by 0x8: ???
==13956==    by 0xE: ???
==13956==    by 0x6A7751F: ???
==13956==    by 0x8000000000000000: ???
==13956==    by 0x8: ???
==13956==    by 0x10C: ???
==13956== 
==13956== 2 bytes in 1 blocks are definitely lost in loss record 77 of 425
==13956==    at 0x484D953: calloc (in /usr/libexec/valgrind/vgpreload_memcheck-amd64-linux.so)
==13956==    by 0x739049: __mn_alloc (in /mnt/c/Users/Juan/Documents/GitHub/Mapanare/mapanare/self/mnc-stage1)
==13956==    by 0x73980B: __mn_str_from_parts (in /mnt/c/Users/Juan/Documents/GitHub/Mapanare/mapanare/self/mnc-stage1)
==13956==    by 0x41FA6B: lexer__scan_ident (in /mnt/c/Users/Juan/Documents/GitHub/Mapanare/mapanare/self/mnc-stage1)
==13956==    by 0x6A821EF: ???
==13956==    by 0x8000000000000005: ???
==13956==    by 0x6A733D7: ???
==13956==    by 0x8: ???
==13956==    by 0xE: ???
==13956==    by 0x6A7751F: ???
==13956==    by 0x8000000000000000: ???
==13956==    by 0x8: ???
==13956==    by 0x10C: ???
==13956== 
==13956== 2 bytes in 1 blocks are definitely lost in loss record 78 of 425
==13956==    at 0x484D953: calloc (in /usr/libexec/valgrind/vgpreload_memcheck-amd64-linux.so)
==13956==    by 0x739049: __mn_alloc (in /mnt/c/Users/Juan/Documents/GitHub/Mapanare/mapanare/self/mnc-stage1)
==13956==    by 0x73980B: __mn_str_from_parts (in /mnt/c/Users/Juan/Documents/GitHub/Mapanare/mapanare/self/mnc-stage1)
==13956==    by 0x41FA6B: lexer__scan_ident (in /mnt/c/Users/Juan/Documents/GitHub/Mapanare/mapanare/self/mnc-stage1)
==13956==    by 0x6A8250F: ???
==13956==    by 0x8000000000000000: ???
==13956==    by 0x6A733D7: ???
==13956==    by 0x11: ???
==13956==    by 0xE: ???
==13956==    by 0x6A7751F: ???
==13956==    by 0x8000000000000000: ???
==13956==    by 0x11: ???
==13956==    by 0x115: ???
==13956== 
==13956== 2 bytes in 1 blocks are definitely lost in loss record 79 of 425
==13956==    at 0x484D953: calloc (in /usr/libexec/valgrind/vgpreload_memcheck-amd64-linux.so)
==13956==    by 0x739049: __mn_alloc (in /mnt/c/Users/Juan/Documents/GitHub/Mapanare/mapanare/self/mnc-stage1)
==13956==    by 0x73980B: __mn_str_from_parts (in /mnt/c/Users/Juan/Documents/GitHub/Mapanare/mapanare/self/mnc-stage1)
==13956==    by 0x41FA6B: lexer__scan_ident (in /mnt/c/Users/Juan/Documents/GitHub/Mapanare/mapanare/self/mnc-stage1)
==13956==    by 0x6A825AF: ???
==13956==    by 0x8000000000000001: ???
==13956==    by 0x6A733D7: ???
==13956==    by 0x11: ???
==13956==    by 0xE: ???
==13956==    by 0x6A7751F: ???
==13956==    by 0x8000000000000000: ???
==13956==    by 0x11: ???
==13956==    by 0x115: ???
==13956== 
==13956== 2 bytes in 1 blocks are definitely lost in loss record 80 of 425
==13956==    at 0x484D953: calloc (in /usr/libexec/valgrind/vgpreload_memcheck-amd64-linux.so)
==13956==    by 0x739049: __mn_alloc (in /mnt/c/Users/Juan/Documents/GitHub/Mapanare/mapanare/self/mnc-stage1)
==13956==    by 0x73980B: __mn_str_from_parts (in /mnt/c/Users/Juan/Documents/GitHub/Mapanare/mapanare/self/mnc-stage1)
==13956==    by 0x41FA6B: lexer__scan_ident (in /mnt/c/Users/Juan/Documents/GitHub/Mapanare/mapanare/self/mnc-stage1)
==13956==    by 0x6A8264F: ???
==13956==    by 0x8000000000000002: ???
==13956==    by 0x6A733D7: ???
==13956==    by 0x11: ???
==13956==    by 0xE: ???
==13956==    by 0x6A7751F: ???
==13956==    by 0x8000000000000000: ???
==13956==    by 0x11: ???
==13956==    by 0x115: ???
==13956== 
==13956== 2 bytes in 1 blocks are definitely lost in loss record 81 of 425
==13956==    at 0x484D953: calloc (in /usr/libexec/valgrind/vgpreload_memcheck-amd64-linux.so)
==13956==    by 0x739049: __mn_alloc (in /mnt/c/Users/Juan/Documents/GitHub/Mapanare/mapanare/self/mnc-stage1)
==13956==    by 0x73980B: __mn_str_from_parts (in /mnt/c/Users/Juan/Documents/GitHub/Mapanare/mapanare/self/mnc-stage1)
==13956==    by 0x41FA6B: lexer__scan_ident (in /mnt/c/Users/Juan/Documents/GitHub/Mapanare/mapanare/self/mnc-stage1)
==13956==    by 0x6A826EF: ???
==13956==    by 0x8000000000000003: ???
==13956==    by 0x6A733D7: ???
==13956==    by 0x11: ???
==13956==    by 0xE: ???
==13956==    by 0x6A7751F: ???
==13956==    by 0x8000000000000000: ???
==13956==    by 0x11: ???
==13956==    by 0x115: ???
==13956== 
==13956== 2 bytes in 1 blocks are definitely lost in loss record 82 of 425
==13956==    at 0x484D953: calloc (in /usr/libexec/valgrind/vgpreload_memcheck-amd64-linux.so)
==13956==    by 0x739049: __mn_alloc (in /mnt/c/Users/Juan/Documents/GitHub/Mapanare/mapanare/self/mnc-stage1)
==13956==    by 0x73980B: __mn_str_from_parts (in /mnt/c/Users/Juan/Documents/GitHub/Mapanare/mapanare/self/mnc-stage1)
==13956==    by 0x41FA6B: lexer__scan_ident (in /mnt/c/Users/Juan/Documents/GitHub/Mapanare/mapanare/self/mnc-stage1)
==13956==    by 0x6A8278F: ???
==13956==    by 0x8000000000000004: ???
==13956==    by 0x6A733D7: ???
==13956==    by 0x11: ???
==13956==    by 0xE: ???
==13956==    by 0x6A7751F: ???
==13956==    by 0x8000000000000000: ???
==13956==    by 0x11: ???
==13956==    by 0x115: ???
==13956== 
==13956== 2 bytes in 1 blocks are definitely lost in loss record 83 of 425
==13956==    at 0x484D953: calloc (in /usr/libexec/valgrind/vgpreload_memcheck-amd64-linux.so)
==13956==    by 0x739049: __mn_alloc (in /mnt/c/Users/Juan/Documents/GitHub/Mapanare/mapanare/self/mnc-stage1)
==13956==    by 0x73980B: __mn_str_from_parts (in /mnt/c/Users/Juan/Documents/GitHub/Mapanare/mapanare/self/mnc-stage1)
==13956==    by 0x41FA6B: lexer__scan_ident (in /mnt/c/Users/Juan/Documents/GitHub/Mapanare/mapanare/self/mnc-stage1)
==13956==    by 0x6A8282F: ???
==13956==    by 0x8000000000000005: ???
==13956==    by 0x6A733D7: ???
==13956==    by 0x11: ???
==13956==    by 0xE: ???
==13956==    by 0x6A7751F: ???
==13956==    by 0x8000000000000000: ???
==13956==    by 0x11: ???
==13956==    by 0x115: ???
==13956== 
==13956== 2 bytes in 1 blocks are definitely lost in loss record 84 of 425
==13956==    at 0x484D953: calloc (in /usr/libexec/valgrind/vgpreload_memcheck-amd64-linux.so)
==13956==    by 0x739049: __mn_alloc (in /mnt/c/Users/Juan/Documents/GitHub/Mapanare/mapanare/self/mnc-stage1)
==13956==    by 0x73980B: __mn_str_from_parts (in /mnt/c/Users/Juan/Documents/GitHub/Mapanare/mapanare/self/mnc-stage1)
==13956==    by 0x41FA6B: lexer__scan_ident (in /mnt/c/Users/Juan/Documents/GitHub/Mapanare/mapanare/self/mnc-stage1)
==13956==    by 0x6A828CF: ???
==13956==    by 0x8000000000000006: ???
==13956==    by 0x6A733D7: ???
==13956==    by 0x11: ???
==13956==    by 0xE: ???
==13956==    by 0x6A7751F: ???
==13956==    by 0x8000000000000000: ???
==13956==    by 0x11: ???
==13956==    by 0x115: ???
==13956== 
==13956== 2 bytes in 1 blocks are definitely lost in loss record 85 of 425
==13956==    at 0x484D953: calloc (in /usr/libexec/valgrind/vgpreload_memcheck-amd64-linux.so)
==13956==    by 0x739049: __mn_alloc (in /mnt/c/Users/Juan/Documents/GitHub/Mapanare/mapanare/self/mnc-stage1)
==13956==    by 0x73980B: __mn_str_from_parts (in /mnt/c/Users/Juan/Documents/GitHub/Mapanare/mapanare/self/mnc-stage1)
==13956==    by 0x41FA6B: lexer__scan_ident (in /mnt/c/Users/Juan/Documents/GitHub/Mapanare/mapanare/self/mnc-stage1)
==13956==    by 0x6A8296F: ???
==13956==    by 0x8000000000000007: ???
==13956==    by 0x6A733D7: ???
==13956==    by 0x11: ???
==13956==    by 0xE: ???
==13956==    by 0x6A7751F: ???
==13956==    by 0x8000000000000000: ???
==13956==    by 0x11: ???
==13956==    by 0x115: ???
==13956== 
==13956== 2 bytes in 1 blocks are definitely lost in loss record 86 of 425
==13956==    at 0x484D953: calloc (in /usr/libexec/valgrind/vgpreload_memcheck-amd64-linux.so)
==13956==    by 0x739049: __mn_alloc (in /mnt/c/Users/Juan/Documents/GitHub/Mapanare/mapanare/self/mnc-stage1)
==13956==    by 0x73980B: __mn_str_from_parts (in /mnt/c/Users/Juan/Documents/GitHub/Mapanare/mapanare/self/mnc-stage1)
==13956==    by 0x41FA6B: lexer__scan_ident (in /mnt/c/Users/Juan/Documents/GitHub/Mapanare/mapanare/self/mnc-stage1)
==13956==    by 0x6A82BEF: ???
==13956==    by 0x8000000000000000: ???
==13956==    by 0x6A733D7: ???
==13956==    by 0x1A: ???
==13956==    by 0xE: ???
==13956==    by 0x6A7751F: ???
==13956==    by 0x8000000000000000: ???
==13956==    by 0x1A: ???
==13956==    by 0x11E: ???
==13956== 
==13956== 2 bytes in 1 blocks are definitely lost in loss record 87 of 425
==13956==    at 0x484D953: calloc (in /usr/libexec/valgrind/vgpreload_memcheck-amd64-linux.so)
==13956==    by 0x739049: __mn_alloc (in /mnt/c/Users/Juan/Documents/GitHub/Mapanare/mapanare/self/mnc-stage1)
==13956==    by 0x73980B: __mn_str_from_parts (in /mnt/c/Users/Juan/Documents/GitHub/Mapanare/mapanare/self/mnc-stage1)
==13956==    by 0x41FA6B: lexer__scan_ident (in /mnt/c/Users/Juan/Documents/GitHub/Mapanare/mapanare/self/mnc-stage1)
==13956==    by 0x6A82C8F: ???
==13956==    by 0x8000000000000001: ???
==13956==    by 0x6A733D7: ???
==13956==    by 0x1A: ???
==13956==    by 0xE: ???
==13956==    by 0x6A7751F: ???
==13956==    by 0x8000000000000000: ???
==13956==    by 0x1A: ???
==13956==    by 0x11E: ???
==13956== 
==13956== 2 bytes in 1 blocks are definitely lost in loss record 88 of 425
==13956==    at 0x484D953: calloc (in /usr/libexec/valgrind/vgpreload_memcheck-amd64-linux.so)
==13956==    by 0x739049: __mn_alloc (in /mnt/c/Users/Juan/Documents/GitHub/Mapanare/mapanare/self/mnc-stage1)
==13956==    by 0x73980B: __mn_str_from_parts (in /mnt/c/Users/Juan/Documents/GitHub/Mapanare/mapanare/self/mnc-stage1)
==13956==    by 0x41FA6B: lexer__scan_ident (in /mnt/c/Users/Juan/Documents/GitHub/Mapanare/mapanare/self/mnc-stage1)
==13956==    by 0x6A82D2F: ???
==13956==    by 0x8000000000000002: ???
==13956==    by 0x6A733D7: ???
==13956==    by 0x1A: ???
==13956==    by 0xE: ???
==13956==    by 0x6A7751F: ???
==13956==    by 0x8000000000000000: ???
==13956==    by 0x1A: ???
==13956==    by 0x11E: ???
==13956== 
==13956== 2 bytes in 1 blocks are definitely lost in loss record 89 of 425
==13956==    at 0x484D953: calloc (in /usr/libexec/valgrind/vgpreload_memcheck-amd64-linux.so)
==13956==    by 0x739049: __mn_alloc (in /mnt/c/Users/Juan/Documents/GitHub/Mapanare/mapanare/self/mnc-stage1)
==13956==    by 0x73980B: __mn_str_from_parts (in /mnt/c/Users/Juan/Documents/GitHub/Mapanare/mapanare/self/mnc-stage1)
==13956==    by 0x41FA6B: lexer__scan_ident (in /mnt/c/Users/Juan/Documents/GitHub/Mapanare/mapanare/self/mnc-stage1)
==13956==    by 0x6A82DCF: ???
==13956==    by 0x8000000000000003: ???
==13956==    by 0x6A733D7: ???
==13956==    by 0x1A: ???
==13956==    by 0xE: ???
==13956==    by 0x6A7751F: ???
==13956==    by 0x8000000000000000: ???
==13956==    by 0x1A: ???
==13956==    by 0x11E: ???
==13956== 
==13956== 2 bytes in 1 blocks are definitely lost in loss record 90 of 425
==13956==    at 0x484D953: calloc (in /usr/libexec/valgrind/vgpreload_memcheck-amd64-linux.so)
==13956==    by 0x739049: __mn_alloc (in /mnt/c/Users/Juan/Documents/GitHub/Mapanare/mapanare/self/mnc-stage1)
==13956==    by 0x73980B: __mn_str_from_parts (in /mnt/c/Users/Juan/Documents/GitHub/Mapanare/mapanare/self/mnc-stage1)
==13956==    by 0x41FA6B: lexer__scan_ident (in /mnt/c/Users/Juan/Documents/GitHub/Mapanare/mapanare/self/mnc-stage1)
==13956==    by 0x6A82E6F: ???
==13956==    by 0x8000000000000004: ???
==13956==    by 0x6A733D7: ???
==13956==    by 0x1A: ???
==13956==    by 0xE: ???
==13956==    by 0x6A7751F: ???
==13956==    by 0x8000000000000000: ???
==13956==    by 0x1A: ???
==13956==    by 0x11E: ???
==13956== 
==13956== 2 bytes in 1 blocks are definitely lost in loss record 91 of 425
==13956==    at 0x484D953: calloc (in /usr/libexec/valgrind/vgpreload_memcheck-amd64-linux.so)
==13956==    by 0x739049: __mn_alloc (in /mnt/c/Users/Juan/Documents/GitHub/Mapanare/mapanare/self/mnc-stage1)
==13956==    by 0x73980B: __mn_str_from_parts (in /mnt/c/Users/Juan/Documents/GitHub/Mapanare/mapanare/self/mnc-stage1)
==13956==    by 0x41FA6B: lexer__scan_ident (in /mnt/c/Users/Juan/Documents/GitHub/Mapanare/mapanare/self/mnc-stage1)
==13956==    by 0x6A8345F: ???
==13956==    by 0x8000000000000000: ???
==13956==    by 0x6A733D7: ???
==13956==    by 0x4: ???
==13956==    by 0xF: ???
==13956==    by 0x6A7751F: ???
==13956==    by 0x8000000000000000: ???
==13956==    by 0x4: ???
==13956==    by 0x12B: ???
==13956== 
==13956== 2 bytes in 1 blocks are definitely lost in loss record 92 of 425
==13956==    at 0x484D953: calloc (in /usr/libexec/valgrind/vgpreload_memcheck-amd64-linux.so)
==13956==    by 0x739049: __mn_alloc (in /mnt/c/Users/Juan/Documents/GitHub/Mapanare/mapanare/self/mnc-stage1)
==13956==    by 0x73980B: __mn_str_from_parts (in /mnt/c/Users/Juan/Documents/GitHub/Mapanare/mapanare/self/mnc-stage1)
==13956==    by 0x41FA6B: lexer__scan_ident (in /mnt/c/Users/Juan/Documents/GitHub/Mapanare/mapanare/self/mnc-stage1)
==13956==    by 0x6A834FF: ???
==13956==    by 0x8000000000000001: ???
==13956==    by 0x6A733D7: ???
==13956==    by 0x4: ???
==13956==    by 0xF: ???
==13956==    by 0x6A7751F: ???
==13956==    by 0x8000000000000000: ???
==13956==    by 0x4: ???
==13956==    by 0x12B: ???
==13956== 
==13956== 2 bytes in 1 blocks are definitely lost in loss record 93 of 425
==13956==    at 0x484D953: calloc (in /usr/libexec/valgrind/vgpreload_memcheck-amd64-linux.so)
==13956==    by 0x739049: __mn_alloc (in /mnt/c/Users/Juan/Documents/GitHub/Mapanare/mapanare/self/mnc-stage1)
==13956==    by 0x73980B: __mn_str_from_parts (in /mnt/c/Users/Juan/Documents/GitHub/Mapanare/mapanare/self/mnc-stage1)
==13956==    by 0x41FA6B: lexer__scan_ident (in /mnt/c/Users/Juan/Documents/GitHub/Mapanare/mapanare/self/mnc-stage1)
==13956==    by 0x6A8359F: ???
==13956==    by 0x8000000000000002: ???
==13956==    by 0x6A733D7: ???
==13956==    by 0x4: ???
==13956==    by 0xF: ???
==13956==    by 0x6A7751F: ???
==13956==    by 0x8000000000000000: ???
==13956==    by 0x4: ???
==13956==    by 0x12B: ???
==13956== 
==13956== 2 bytes in 1 blocks are definitely lost in loss record 94 of 425
==13956==    at 0x484D953: calloc (in /usr/libexec/valgrind/vgpreload_memcheck-amd64-linux.so)
==13956==    by 0x739049: __mn_alloc (in /mnt/c/Users/Juan/Documents/GitHub/Mapanare/mapanare/self/mnc-stage1)
==13956==    by 0x73980B: __mn_str_from_parts (in /mnt/c/Users/Juan/Documents/GitHub/Mapanare/mapanare/self/mnc-stage1)
==13956==    by 0x41FA6B: lexer__scan_ident (in /mnt/c/Users/Juan/Documents/GitHub/Mapanare/mapanare/self/mnc-stage1)
==13956==    by 0x6A8363F: ???
==13956==    by 0x8000000000000003: ???
==13956==    by 0x6A733D7: ???
==13956==    by 0x4: ???
==13956==    by 0xF: ???
==13956==    by 0x6A7751F: ???
==13956==    by 0x8000000000000000: ???
==13956==    by 0x4: ???
==13956==    by 0x12B: ???
==13956== 
==13956== 2 bytes in 1 blocks are definitely lost in loss record 95 of 425
==13956==    at 0x484D953: calloc (in /usr/libexec/valgrind/vgpreload_memcheck-amd64-linux.so)
==13956==    by 0x739049: __mn_alloc (in /mnt/c/Users/Juan/Documents/GitHub/Mapanare/mapanare/self/mnc-stage1)
==13956==    by 0x73980B: __mn_str_from_parts (in /mnt/c/Users/Juan/Documents/GitHub/Mapanare/mapanare/self/mnc-stage1)
==13956==    by 0x41FA6B: lexer__scan_ident (in /mnt/c/Users/Juan/Documents/GitHub/Mapanare/mapanare/self/mnc-stage1)
==13956==    by 0x6A836DF: ???
==13956==    by 0x8000000000000004: ???
==13956==    by 0x6A733D7: ???
==13956==    by 0x4: ???
==13956==    by 0xF: ???
==13956==    by 0x6A7751F: ???
==13956==    by 0x8000000000000000: ???
==13956==    by 0x4: ???
==13956==    by 0x12B: ???
==13956== 
==13956== 2 bytes in 1 blocks are definitely lost in loss record 96 of 425
==13956==    at 0x484D953: calloc (in /usr/libexec/valgrind/vgpreload_memcheck-amd64-linux.so)
==13956==    by 0x739049: __mn_alloc (in /mnt/c/Users/Juan/Documents/GitHub/Mapanare/mapanare/self/mnc-stage1)
==13956==    by 0x73980B: __mn_str_from_parts (in /mnt/c/Users/Juan/Documents/GitHub/Mapanare/mapanare/self/mnc-stage1)
==13956==    by 0x41FA6B: lexer__scan_ident (in /mnt/c/Users/Juan/Documents/GitHub/Mapanare/mapanare/self/mnc-stage1)
==13956==    by 0x6A8395F: ???
==13956==    by 0x8000000000000000: ???
==13956==    by 0x6A733D7: ???
==13956==    by 0xA: ???
==13956==    by 0xF: ???
==13956==    by 0x6A7751F: ???
==13956==    by 0x8000000000000000: ???
==13956==    by 0xA: ???
==13956==    by 0x131: ???
==13956== 
==13956== 2 bytes in 1 blocks are definitely lost in loss record 97 of 425
==13956==    at 0x484D953: calloc (in /usr/libexec/valgrind/vgpreload_memcheck-amd64-linux.so)
==13956==    by 0x739049: __mn_alloc (in /mnt/c/Users/Juan/Documents/GitHub/Mapanare/mapanare/self/mnc-stage1)
==13956==    by 0x73980B: __mn_str_from_parts (in /mnt/c/Users/Juan/Documents/GitHub/Mapanare/mapanare/self/mnc-stage1)
==13956==    by 0x41FA6B: lexer__scan_ident (in /mnt/c/Users/Juan/Documents/GitHub/Mapanare/mapanare/self/mnc-stage1)
==13956==    by 0x6A839FF: ???
==13956==    by 0x8000000000000001: ???
==13956==    by 0x6A733D7: ???
==13956==    by 0xA: ???
==13956==    by 0xF: ???
==13956==    by 0x6A7751F: ???
==13956==    by 0x8000000000000000: ???
==13956==    by 0xA: ???
==13956==    by 0x131: ???
==13956== 
==13956== 2 bytes in 1 blocks are definitely lost in loss record 98 of 425
==13956==    at 0x484D953: calloc (in /usr/libexec/valgrind/vgpreload_memcheck-amd64-linux.so)
==13956==    by 0x739049: __mn_alloc (in /mnt/c/Users/Juan/Documents/GitHub/Mapanare/mapanare/self/mnc-stage1)
==13956==    by 0x73980B: __mn_str_from_parts (in /mnt/c/Users/Juan/Documents/GitHub/Mapanare/mapanare/self/mnc-stage1)
==13956==    by 0x41FA6B: lexer__scan_ident (in /mnt/c/Users/Juan/Documents/GitHub/Mapanare/mapanare/self/mnc-stage1)
==13956==    by 0x6A83A9F: ???
==13956==    by 0x8000000000000002: ???
==13956==    by 0x6A733D7: ???
==13956==    by 0xA: ???
==13956==    by 0xF: ???
==13956==    by 0x6A7751F: ???
==13956==    by 0x8000000000000000: ???
==13956==    by 0xA: ???
==13956==    by 0x131: ???
==13956== 
==13956== 2 bytes in 1 blocks are definitely lost in loss record 99 of 425
==13956==    at 0x484D953: calloc (in /usr/libexec/valgrind/vgpreload_memcheck-amd64-linux.so)
==13956==    by 0x739049: __mn_alloc (in /mnt/c/Users/Juan/Documents/GitHub/Mapanare/mapanare/self/mnc-stage1)
==13956==    by 0x73980B: __mn_str_from_parts (in /mnt/c/Users/Juan/Documents/GitHub/Mapanare/mapanare/self/mnc-stage1)
==13956==    by 0x41FA6B: lexer__scan_ident (in /mnt/c/Users/Juan/Documents/GitHub/Mapanare/mapanare/self/mnc-stage1)
==13956==    by 0x6A83D1F: ???
==13956==    by 0x8000000000000000: ???
==13956==    by 0x6A733D7: ???
==13956==    by 0xE: ???
==13956==    by 0xF: ???
==13956==    by 0x6A7751F: ???
==13956==    by 0x8000000000000000: ???
==13956==    by 0xE: ???
==13956==    by 0x135: ???
==13956== 
==13956== 2 bytes in 1 blocks are definitely lost in loss record 100 of 425
==13956==    at 0x484D953: calloc (in /usr/libexec/valgrind/vgpreload_memcheck-amd64-linux.so)
==13956==    by 0x739049: __mn_alloc (in /mnt/c/Users/Juan/Documents/GitHub/Mapanare/mapanare/self/mnc-stage1)
==13956==    by 0x73980B: __mn_str_from_parts (in /mnt/c/Users/Juan/Documents/GitHub/Mapanare/mapanare/self/mnc-stage1)
==13956==    by 0x41FA6B: lexer__scan_ident (in /mnt/c/Users/Juan/Documents/GitHub/Mapanare/mapanare/self/mnc-stage1)
==13956==    by 0x6A83DBF: ???
==13956==    by 0x8000000000000001: ???
==13956==    by 0x6A733D7: ???
==13956==    by 0xE: ???
==13956==    by 0xF: ???
==13956==    by 0x6A7751F: ???
==13956==    by 0x8000000000000000: ???
==13956==    by 0xE: ???
==13956==    by 0x135: ???
==13956== 
==13956== 2 bytes in 1 blocks are definitely lost in loss record 101 of 425
==13956==    at 0x484D953: calloc (in /usr/libexec/valgrind/vgpreload_memcheck-amd64-linux.so)
==13956==    by 0x739049: __mn_alloc (in /mnt/c/Users/Juan/Documents/GitHub/Mapanare/mapanare/self/mnc-stage1)
==13956==    by 0x73980B: __mn_str_from_parts (in /mnt/c/Users/Juan/Documents/GitHub/Mapanare/mapanare/self/mnc-stage1)
==13956==    by 0x41FA6B: lexer__scan_ident (in /mnt/c/Users/Juan/Documents/GitHub/Mapanare/mapanare/self/mnc-stage1)
==13956==    by 0x6A83E5F: ???
==13956==    by 0x8000000000000002: ???
==13956==    by 0x6A733D7: ???
==13956==    by 0xE: ???
==13956==    by 0xF: ???
==13956==    by 0x6A7751F: ???
==13956==    by 0x8000000000000000: ???
==13956==    by 0xE: ???
==13956==    by 0x135: ???
==13956== 
==13956== 2 bytes in 1 blocks are definitely lost in loss record 102 of 425
==13956==    at 0x484D953: calloc (in /usr/libexec/valgrind/vgpreload_memcheck-amd64-linux.so)
==13956==    by 0x739049: __mn_alloc (in /mnt/c/Users/Juan/Documents/GitHub/Mapanare/mapanare/self/mnc-stage1)
==13956==    by 0x73980B: __mn_str_from_parts (in /mnt/c/Users/Juan/Documents/GitHub/Mapanare/mapanare/self/mnc-stage1)
==13956==    by 0x41FA6B: lexer__scan_ident (in /mnt/c/Users/Juan/Documents/GitHub/Mapanare/mapanare/self/mnc-stage1)
==13956==    by 0x6A83EFF: ???
==13956==    by 0x8000000000000003: ???
==13956==    by 0x6A733D7: ???
==13956==    by 0xE: ???
==13956==    by 0xF: ???
==13956==    by 0x6A7751F: ???
==13956==    by 0x8000000000000000: ???
==13956==    by 0xE: ???
==13956==    by 0x135: ???
==13956== 
==13956== 2 bytes in 1 blocks are definitely lost in loss record 103 of 425
==13956==    at 0x484D953: calloc (in /usr/libexec/valgrind/vgpreload_memcheck-amd64-linux.so)
==13956==    by 0x739049: __mn_alloc (in /mnt/c/Users/Juan/Documents/GitHub/Mapanare/mapanare/self/mnc-stage1)
==13956==    by 0x73980B: __mn_str_from_parts (in /mnt/c/Users/Juan/Documents/GitHub/Mapanare/mapanare/self/mnc-stage1)
==13956==    by 0x41FA6B: lexer__scan_ident (in /mnt/c/Users/Juan/Documents/GitHub/Mapanare/mapanare/self/mnc-stage1)
==13956==    by 0x6A83F9F: ???
==13956==    by 0x8000000000000004: ???
==13956==    by 0x6A733D7: ???
==13956==    by 0xE: ???
==13956==    by 0xF: ???
==13956==    by 0x6A7751F: ???
==13956==    by 0x8000000000000000: ???
==13956==    by 0xE: ???
==13956==    by 0x135: ???
==13956== 
==13956== 2 bytes in 1 blocks are definitely lost in loss record 104 of 425
==13956==    at 0x484D953: calloc (in /usr/libexec/valgrind/vgpreload_memcheck-amd64-linux.so)
==13956==    by 0x739049: __mn_alloc (in /mnt/c/Users/Juan/Documents/GitHub/Mapanare/mapanare/self/mnc-stage1)
==13956==    by 0x73980B: __mn_str_from_parts (in /mnt/c/Users/Juan/Documents/GitHub/Mapanare/mapanare/self/mnc-stage1)
==13956==    by 0x41FA6B: lexer__scan_ident (in /mnt/c/Users/Juan/Documents/GitHub/Mapanare/mapanare/self/mnc-stage1)
==13956==    by 0x6A8403F: ???
==13956==    by 0x8000000000000005: ???
==13956==    by 0x6A733D7: ???
==13956==    by 0xE: ???
==13956==    by 0xF: ???
==13956==    by 0x6A7751F: ???
==13956==    by 0x8000000000000000: ???
==13956==    by 0xE: ???
==13956==    by 0x135: ???
==13956== 
==13956== 3 bytes in 1 blocks are indirectly lost in loss record 105 of 425
==13956==    at 0x484D953: calloc (in /usr/libexec/valgrind/vgpreload_memcheck-amd64-linux.so)
==13956==    by 0x739049: __mn_alloc (in /mnt/c/Users/Juan/Documents/GitHub/Mapanare/mapanare/self/mnc-stage1)
==13956==    by 0x739C2E: __mn_str_concat (in /mnt/c/Users/Juan/Documents/GitHub/Mapanare/mapanare/self/mnc-stage1)
==13956==    by 0x41FA94: lexer__scan_ident (in /mnt/c/Users/Juan/Documents/GitHub/Mapanare/mapanare/self/mnc-stage1)
==13956==    by 0x6A7A91F: ???
==13956==    by 0x8000000000000000: ???
==13956==    by 0x6A733D7: ???
==13956==    by 0x6: ???
==13956==    by 0x4: ???
==13956==    by 0x6A7751F: ???
==13956==    by 0x8000000000000000: ???
==13956==    by 0x6: ???
==13956==    by 0x8B: ???
==13956== 
==13956== 3 bytes in 1 blocks are indirectly lost in loss record 106 of 425
==13956==    at 0x484D953: calloc (in /usr/libexec/valgrind/vgpreload_memcheck-amd64-linux.so)
==13956==    by 0x739049: __mn_alloc (in /mnt/c/Users/Juan/Documents/GitHub/Mapanare/mapanare/self/mnc-stage1)
==13956==    by 0x739C2E: __mn_str_concat (in /mnt/c/Users/Juan/Documents/GitHub/Mapanare/mapanare/self/mnc-stage1)
==13956==    by 0x420082: lexer__scan_number (in /mnt/c/Users/Juan/Documents/GitHub/Mapanare/mapanare/self/mnc-stage1)
==13956==    by 0x6A7C25F: ???
==13956==    by 0x6A73257: ???
==13956==    by 0x8000000000000000: ???
==13956==    by 0x6A7C16F: ???
==13956==    by 0x8000000000000000: ???
==13956== 
==13956== 3 bytes in 1 blocks are indirectly lost in loss record 107 of 425
==13956==    at 0x484D953: calloc (in /usr/libexec/valgrind/vgpreload_memcheck-amd64-linux.so)
==13956==    by 0x739049: __mn_alloc (in /mnt/c/Users/Juan/Documents/GitHub/Mapanare/mapanare/self/mnc-stage1)
==13956==    by 0x739C2E: __mn_str_concat (in /mnt/c/Users/Juan/Documents/GitHub/Mapanare/mapanare/self/mnc-stage1)
==13956==    by 0x41FA94: lexer__scan_ident (in /mnt/c/Users/Juan/Documents/GitHub/Mapanare/mapanare/self/mnc-stage1)
==13956==    by 0x6A7CACF: ???
==13956==    by 0x8000000000000000: ???
==13956==    by 0x6A733D7: ???
==13956==    by 0x6: ???
==13956==    by 0x8: ???
==13956==    by 0x6A7751F: ???
==13956==    by 0x8000000000000000: ???
==13956==    by 0x6: ???
==13956==    by 0xB6: ???
==13956== 
==13956== 3 bytes in 1 blocks are indirectly lost in loss record 108 of 425
==13956==    at 0x484D953: calloc (in /usr/libexec/valgrind/vgpreload_memcheck-amd64-linux.so)
==13956==    by 0x739049: __mn_alloc (in /mnt/c/Users/Juan/Documents/GitHub/Mapanare/mapanare/self/mnc-stage1)
==13956==    by 0x739C2E: __mn_str_concat (in /mnt/c/Users/Juan/Documents/GitHub/Mapanare/mapanare/self/mnc-stage1)
==13956==    by 0x41FA94: lexer__scan_ident (in /mnt/c/Users/Juan/Documents/GitHub/Mapanare/mapanare/self/mnc-stage1)
==13956==    by 0x6A800BF: ???
==13956==    by 0x8000000000000000: ???
==13956==    by 0x6A733D7: ???
==13956== 
==13956== 3 bytes in 1 blocks are definitely lost in loss record 109 of 425
==13956==    at 0x484D953: calloc (in /usr/libexec/valgrind/vgpreload_memcheck-amd64-linux.so)
==13956==    by 0x739049: __mn_alloc (in /mnt/c/Users/Juan/Documents/GitHub/Mapanare/mapanare/self/mnc-stage1)
==13956==    by 0x739C2E: __mn_str_concat (in /mnt/c/Users/Juan/Documents/GitHub/Mapanare/mapanare/self/mnc-stage1)
==13956==    by 0x41FA94: lexer__scan_ident (in /mnt/c/Users/Juan/Documents/GitHub/Mapanare/mapanare/self/mnc-stage1)
==13956==    by 0x6A7A26F: ???
==13956==    by 0x8000000000000000: ???
==13956==    by 0x6A733D7: ???
==13956== 
==13956== 3 bytes in 1 blocks are definitely lost in loss record 110 of 425
==13956==    at 0x484D953: calloc (in /usr/libexec/valgrind/vgpreload_memcheck-amd64-linux.so)
==13956==    by 0x739049: __mn_alloc (in /mnt/c/Users/Juan/Documents/GitHub/Mapanare/mapanare/self/mnc-stage1)
==13956==    by 0x739C2E: __mn_str_concat (in /mnt/c/Users/Juan/Documents/GitHub/Mapanare/mapanare/self/mnc-stage1)
==13956==    by 0x41FA94: lexer__scan_ident (in /mnt/c/Users/Juan/Documents/GitHub/Mapanare/mapanare/self/mnc-stage1)
==13956==    by 0x6A7AB9F: ???
==13956==    by 0x8000000000000000: ???
==13956==    by 0x6A733D7: ???
==13956==    by 0x9: ???
==13956==    by 0x4: ???
==13956==    by 0x6A7751F: ???
==13956==    by 0x8000000000000000: ???
==13956==    by 0x9: ???
==13956==    by 0x8E: ???
==13956== 
==13956== 3 bytes in 1 blocks are definitely lost in loss record 111 of 425
==13956==    at 0x484D953: calloc (in /usr/libexec/valgrind/vgpreload_memcheck-amd64-linux.so)
==13956==    by 0x739049: __mn_alloc (in /mnt/c/Users/Juan/Documents/GitHub/Mapanare/mapanare/self/mnc-stage1)
==13956==    by 0x739C2E: __mn_str_concat (in /mnt/c/Users/Juan/Documents/GitHub/Mapanare/mapanare/self/mnc-stage1)
==13956==    by 0x41FA94: lexer__scan_ident (in /mnt/c/Users/Juan/Documents/GitHub/Mapanare/mapanare/self/mnc-stage1)
==13956==    by 0x6A7B31F: ???
==13956==    by 0x8000000000000000: ???
==13956==    by 0x6A733D7: ???
==13956==    by 0x14: ???
==13956==    by 0x4: ???
==13956==    by 0x6A7751F: ???
==13956==    by 0x8000000000000000: ???
==13956==    by 0x14: ???
==13956==    by 0x99: ???
==13956== 
==13956== 3 bytes in 1 blocks are definitely lost in loss record 112 of 425
==13956==    at 0x484D953: calloc (in /usr/libexec/valgrind/vgpreload_memcheck-amd64-linux.so)
==13956==    by 0x739049: __mn_alloc (in /mnt/c/Users/Juan/Documents/GitHub/Mapanare/mapanare/self/mnc-stage1)
==13956==    by 0x739C2E: __mn_str_concat (in /mnt/c/Users/Juan/Documents/GitHub/Mapanare/mapanare/self/mnc-stage1)
==13956==    by 0x41FA94: lexer__scan_ident (in /mnt/c/Users/Juan/Documents/GitHub/Mapanare/mapanare/self/mnc-stage1)
==13956==    by 0x6A7B8BF: ???
==13956==    by 0x8000000000000000: ???
==13956==    by 0x6A733D7: ???
==13956==    by 0x4: ???
==13956==    by 0x5: ???
==13956==    by 0x6A7751F: ???
==13956==    by 0x8000000000000000: ???
==13956==    by 0x4: ???
==13956==    by 0xA3: ???
==13956== 
==13956== 3 bytes in 1 blocks are definitely lost in loss record 113 of 425
==13956==    at 0x484D953: calloc (in /usr/libexec/valgrind/vgpreload_memcheck-amd64-linux.so)
==13956==    by 0x739049: __mn_alloc (in /mnt/c/Users/Juan/Documents/GitHub/Mapanare/mapanare/self/mnc-stage1)
==13956==    by 0x739C2E: __mn_str_concat (in /mnt/c/Users/Juan/Documents/GitHub/Mapanare/mapanare/self/mnc-stage1)
==13956==    by 0x41FA94: lexer__scan_ident (in /mnt/c/Users/Juan/Documents/GitHub/Mapanare/mapanare/self/mnc-stage1)
==13956==    by 0x6A7C66F: ???
==13956==    by 0x8000000000000000: ???
==13956==    by 0x6A733D7: ???
==13956== 
==13956== 3 bytes in 1 blocks are definitely lost in loss record 114 of 425
==13956==    at 0x484D953: calloc (in /usr/libexec/valgrind/vgpreload_memcheck-amd64-linux.so)
==13956==    by 0x739049: __mn_alloc (in /mnt/c/Users/Juan/Documents/GitHub/Mapanare/mapanare/self/mnc-stage1)
==13956==    by 0x739C2E: __mn_str_concat (in /mnt/c/Users/Juan/Documents/GitHub/Mapanare/mapanare/self/mnc-stage1)
==13956==    by 0x41FA94: lexer__scan_ident (in /mnt/c/Users/Juan/Documents/GitHub/Mapanare/mapanare/self/mnc-stage1)
==13956==    by 0x6A7CD4F: ???
==13956==    by 0x8000000000000000: ???
==13956==    by 0x6A733D7: ???
==13956==    by 0x9: ???
==13956==    by 0x8: ???
==13956==    by 0x6A7751F: ???
==13956==    by 0x8000000000000000: ???
==13956==    by 0x9: ???
==13956==    by 0xB9: ???
==13956== 
==13956== 3 bytes in 1 blocks are definitely lost in loss record 115 of 425
==13956==    at 0x484D953: calloc (in /usr/libexec/valgrind/vgpreload_memcheck-amd64-linux.so)
==13956==    by 0x739049: __mn_alloc (in /mnt/c/Users/Juan/Documents/GitHub/Mapanare/mapanare/self/mnc-stage1)
==13956==    by 0x739C2E: __mn_str_concat (in /mnt/c/Users/Juan/Documents/GitHub/Mapanare/mapanare/self/mnc-stage1)
==13956==    by 0x41FA94: lexer__scan_ident (in /mnt/c/Users/Juan/Documents/GitHub/Mapanare/mapanare/self/mnc-stage1)
==13956==    by 0x6A7DD1F: ???
==13956==    by 0x8000000000000000: ???
==13956==    by 0x6A733D7: ???
==13956==    by 0x14: ???
==13956==    by 0x8: ???
==13956==    by 0x6A7751F: ???
==13956==    by 0x8000000000000000: ???
==13956==    by 0x14: ???
==13956==    by 0xC4: ???
==13956== 
==13956== 3 bytes in 1 blocks are definitely lost in loss record 116 of 425
==13956==    at 0x484D953: calloc (in /usr/libexec/valgrind/vgpreload_memcheck-amd64-linux.so)
==13956==    by 0x739049: __mn_alloc (in /mnt/c/Users/Juan/Documents/GitHub/Mapanare/mapanare/self/mnc-stage1)
==13956==    by 0x739C2E: __mn_str_concat (in /mnt/c/Users/Juan/Documents/GitHub/Mapanare/mapanare/self/mnc-stage1)
==13956==    by 0x41FA94: lexer__scan_ident (in /mnt/c/Users/Juan/Documents/GitHub/Mapanare/mapanare/self/mnc-stage1)
==13956==    by 0x6A7E2BF: ???
==13956==    by 0x8000000000000000: ???
==13956==    by 0x6A733D7: ???
==13956==    by 0x4: ???
==13956==    by 0x9: ???
==13956==    by 0x6A7751F: ???
==13956==    by 0x8000000000000000: ???
==13956==    by 0x4: ???
==13956==    by 0xCE: ???
==13956== 
==13956== 3 bytes in 1 blocks are definitely lost in loss record 117 of 425
==13956==    at 0x484D953: calloc (in /usr/libexec/valgrind/vgpreload_memcheck-amd64-linux.so)
==13956==    by 0x739049: __mn_alloc (in /mnt/c/Users/Juan/Documents/GitHub/Mapanare/mapanare/self/mnc-stage1)
==13956==    by 0x739C2E: __mn_str_concat (in /mnt/c/Users/Juan/Documents/GitHub/Mapanare/mapanare/self/mnc-stage1)
==13956==    by 0x41FA94: lexer__scan_ident (in /mnt/c/Users/Juan/Documents/GitHub/Mapanare/mapanare/self/mnc-stage1)
==13956==    by 0x6A7E8FF: ???
==13956==    by 0x8000000000000000: ???
==13956==    by 0x6A733D7: ???
==13956==    by 0xC: ???
==13956==    by 0x9: ???
==13956==    by 0x6A7751F: ???
==13956==    by 0x8000000000000000: ???
==13956==    by 0xC: ???
==13956==    by 0xD6: ???
==13956== 
==13956== 3 bytes in 1 blocks are definitely lost in loss record 118 of 425
==13956==    at 0x484D953: calloc (in /usr/libexec/valgrind/vgpreload_memcheck-amd64-linux.so)
==13956==    by 0x739049: __mn_alloc (in /mnt/c/Users/Juan/Documents/GitHub/Mapanare/mapanare/self/mnc-stage1)
==13956==    by 0x739C2E: __mn_str_concat (in /mnt/c/Users/Juan/Documents/GitHub/Mapanare/mapanare/self/mnc-stage1)
==13956==    by 0x41FA94: lexer__scan_ident (in /mnt/c/Users/Juan/Documents/GitHub/Mapanare/mapanare/self/mnc-stage1)
==13956==    by 0x6A7ED5F: ???
==13956==    by 0x8000000000000000: ???
==13956==    by 0x6A733D7: ???
==13956==    by 0x12: ???
==13956==    by 0x9: ???
==13956==    by 0x6A7751F: ???
==13956==    by 0x8000000000000000: ???
==13956==    by 0x12: ???
==13956==    by 0xDC: ???
==13956== 
==13956== 3 bytes in 1 blocks are definitely lost in loss record 119 of 425
==13956==    at 0x484D953: calloc (in /usr/libexec/valgrind/vgpreload_memcheck-amd64-linux.so)
==13956==    by 0x739049: __mn_alloc (in /mnt/c/Users/Juan/Documents/GitHub/Mapanare/mapanare/self/mnc-stage1)
==13956==    by 0x739C2E: __mn_str_concat (in /mnt/c/Users/Juan/Documents/GitHub/Mapanare/mapanare/self/mnc-stage1)
==13956==    by 0x41FA94: lexer__scan_ident (in /mnt/c/Users/Juan/Documents/GitHub/Mapanare/mapanare/self/mnc-stage1)
==13956==    by 0x6A7F4DF: ???
==13956==    by 0x8000000000000000: ???
==13956==    by 0x6A733D7: ???
==13956==    by 0x4: ???
==13956==    by 0xA: ???
==13956==    by 0x6A7751F: ???
==13956==    by 0x8000000000000000: ???
==13956==    by 0x4: ???
==13956==    by 0xE8: ???
==13956== 
==13956== 3 bytes in 1 blocks are definitely lost in loss record 120 of 425
==13956==    at 0x484D953: calloc (in /usr/libexec/valgrind/vgpreload_memcheck-amd64-linux.so)
==13956==    by 0x739049: __mn_alloc (in /mnt/c/Users/Juan/Documents/GitHub/Mapanare/mapanare/self/mnc-stage1)
==13956==    by 0x739C2E: __mn_str_concat (in /mnt/c/Users/Juan/Documents/GitHub/Mapanare/mapanare/self/mnc-stage1)
==13956==    by 0x41FA94: lexer__scan_ident (in /mnt/c/Users/Juan/Documents/GitHub/Mapanare/mapanare/self/mnc-stage1)
==13956==    by 0x6A8033F: ???
==13956==    by 0x8000000000000000: ???
==13956==    by 0x6A733D7: ???
==13956==    by 0x3: ???
==13956==    by 0xD: ???
==13956==    by 0x6A7751F: ???
==13956==    by 0x8000000000000000: ???
==13956==    by 0x3: ???
==13956==    by 0xFB: ???
==13956== 
==13956== 3 bytes in 1 blocks are definitely lost in loss record 121 of 425
==13956==    at 0x484D953: calloc (in /usr/libexec/valgrind/vgpreload_memcheck-amd64-linux.so)
==13956==    by 0x739049: __mn_alloc (in /mnt/c/Users/Juan/Documents/GitHub/Mapanare/mapanare/self/mnc-stage1)
==13956==    by 0x739C2E: __mn_str_concat (in /mnt/c/Users/Juan/Documents/GitHub/Mapanare/mapanare/self/mnc-stage1)
==13956==    by 0x41FA94: lexer__scan_ident (in /mnt/c/Users/Juan/Documents/GitHub/Mapanare/mapanare/self/mnc-stage1)
==13956==    by 0x6A81BAF: ???
==13956==    by 0x8000000000000000: ???
==13956==    by 0x6A733D7: ???
==13956==    by 0x4: ???
==13956==    by 0xE: ???
==13956==    by 0x6A7751F: ???
==13956==    by 0x8000000000000000: ???
==13956==    by 0x4: ???
==13956==    by 0x108: ???
==13956== 
==13956== 3 bytes in 1 blocks are definitely lost in loss record 122 of 425
==13956==    at 0x484D953: calloc (in /usr/libexec/valgrind/vgpreload_memcheck-amd64-linux.so)
==13956==    by 0x739049: __mn_alloc (in /mnt/c/Users/Juan/Documents/GitHub/Mapanare/mapanare/self/mnc-stage1)
==13956==    by 0x739C2E: __mn_str_concat (in /mnt/c/Users/Juan/Documents/GitHub/Mapanare/mapanare/self/mnc-stage1)
==13956==    by 0x41FA94: lexer__scan_ident (in /mnt/c/Users/Juan/Documents/GitHub/Mapanare/mapanare/self/mnc-stage1)
==13956==    by 0x6A81ECF: ???
==13956==    by 0x8000000000000000: ???
==13956==    by 0x6A733D7: ???
==13956==    by 0x8: ???
==13956==    by 0xE: ???
==13956==    by 0x6A7751F: ???
==13956==    by 0x8000000000000000: ???
==13956==    by 0x8: ???
==13956==    by 0x10C: ???
==13956== 
==13956== 3 bytes in 1 blocks are definitely lost in loss record 123 of 425
==13956==    at 0x484D953: calloc (in /usr/libexec/valgrind/vgpreload_memcheck-amd64-linux.so)
==13956==    by 0x739049: __mn_alloc (in /mnt/c/Users/Juan/Documents/GitHub/Mapanare/mapanare/self/mnc-stage1)
==13956==    by 0x739C2E: __mn_str_concat (in /mnt/c/Users/Juan/Documents/GitHub/Mapanare/mapanare/self/mnc-stage1)
==13956==    by 0x41FA94: lexer__scan_ident (in /mnt/c/Users/Juan/Documents/GitHub/Mapanare/mapanare/self/mnc-stage1)
==13956==    by 0x6A8250F: ???
==13956==    by 0x8000000000000000: ???
==13956==    by 0x6A733D7: ???
==13956==    by 0x11: ???
==13956==    by 0xE: ???
==13956==    by 0x6A7751F: ???
==13956==    by 0x8000000000000000: ???
==13956==    by 0x11: ???
==13956==    by 0x115: ???
==13956== 
==13956== 3 bytes in 1 blocks are definitely lost in loss record 124 of 425
==13956==    at 0x484D953: calloc (in /usr/libexec/valgrind/vgpreload_memcheck-amd64-linux.so)
==13956==    by 0x739049: __mn_alloc (in /mnt/c/Users/Juan/Documents/GitHub/Mapanare/mapanare/self/mnc-stage1)
==13956==    by 0x739C2E: __mn_str_concat (in /mnt/c/Users/Juan/Documents/GitHub/Mapanare/mapanare/self/mnc-stage1)
==13956==    by 0x41FA94: lexer__scan_ident (in /mnt/c/Users/Juan/Documents/GitHub/Mapanare/mapanare/self/mnc-stage1)
==13956==    by 0x6A82BEF: ???
==13956==    by 0x8000000000000000: ???
==13956==    by 0x6A733D7: ???
==13956==    by 0x1A: ???
==13956==    by 0xE: ???
==13956==    by 0x6A7751F: ???
==13956==    by 0x8000000000000000: ???
==13956==    by 0x1A: ???
==13956==    by 0x11E: ???
==13956== 
==13956== 3 bytes in 1 blocks are definitely lost in loss record 125 of 425
==13956==    at 0x484D953: calloc (in /usr/libexec/valgrind/vgpreload_memcheck-amd64-linux.so)
==13956==    by 0x739049: __mn_alloc (in /mnt/c/Users/Juan/Documents/GitHub/Mapanare/mapanare/self/mnc-stage1)
==13956==    by 0x739C2E: __mn_str_concat (in /mnt/c/Users/Juan/Documents/GitHub/Mapanare/mapanare/self/mnc-stage1)
==13956==    by 0x41FA94: lexer__scan_ident (in /mnt/c/Users/Juan/Documents/GitHub/Mapanare/mapanare/self/mnc-stage1)
==13956==    by 0x6A8345F: ???
==13956==    by 0x8000000000000000: ???
==13956==    by 0x6A733D7: ???
==13956==    by 0x4: ???
==13956==    by 0xF: ???
==13956==    by 0x6A7751F: ???
==13956==    by 0x8000000000000000: ???
==13956==    by 0x4: ???
==13956==    by 0x12B: ???
==13956== 
==13956== 3 bytes in 1 blocks are definitely lost in loss record 126 of 425
==13956==    at 0x484D953: calloc (in /usr/libexec/valgrind/vgpreload_memcheck-amd64-linux.so)
==13956==    by 0x739049: __mn_alloc (in /mnt/c/Users/Juan/Documents/GitHub/Mapanare/mapanare/self/mnc-stage1)
==13956==    by 0x739C2E: __mn_str_concat (in /mnt/c/Users/Juan/Documents/GitHub/Mapanare/mapanare/self/mnc-stage1)
==13956==    by 0x41FA94: lexer__scan_ident (in /mnt/c/Users/Juan/Documents/GitHub/Mapanare/mapanare/self/mnc-stage1)
==13956==    by 0x6A8395F: ???
==13956==    by 0x8000000000000000: ???
==13956==    by 0x6A733D7: ???
==13956==    by 0xA: ???
==13956==    by 0xF: ???
==13956==    by 0x6A7751F: ???
==13956==    by 0x8000000000000000: ???
==13956==    by 0xA: ???
==13956==    by 0x131: ???
==13956== 
==13956== 3 bytes in 1 blocks are definitely lost in loss record 127 of 425
==13956==    at 0x484D953: calloc (in /usr/libexec/valgrind/vgpreload_memcheck-amd64-linux.so)
==13956==    by 0x739049: __mn_alloc (in /mnt/c/Users/Juan/Documents/GitHub/Mapanare/mapanare/self/mnc-stage1)
==13956==    by 0x739C2E: __mn_str_concat (in /mnt/c/Users/Juan/Documents/GitHub/Mapanare/mapanare/self/mnc-stage1)
==13956==    by 0x41FA94: lexer__scan_ident (in /mnt/c/Users/Juan/Documents/GitHub/Mapanare/mapanare/self/mnc-stage1)
==13956==    by 0x6A83D1F: ???
==13956==    by 0x8000000000000000: ???
==13956==    by 0x6A733D7: ???
==13956==    by 0xE: ???
==13956==    by 0xF: ???
==13956==    by 0x6A7751F: ???
==13956==    by 0x8000000000000000: ???
==13956==    by 0xE: ???
==13956==    by 0x135: ???
==13956== 
==13956== 4 bytes in 1 blocks are indirectly lost in loss record 128 of 425
==13956==    at 0x484D953: calloc (in /usr/libexec/valgrind/vgpreload_memcheck-amd64-linux.so)
==13956==    by 0x739049: __mn_alloc (in /mnt/c/Users/Juan/Documents/GitHub/Mapanare/mapanare/self/mnc-stage1)
==13956==    by 0x739C2E: __mn_str_concat (in /mnt/c/Users/Juan/Documents/GitHub/Mapanare/mapanare/self/mnc-stage1)
==13956==    by 0x41FA94: lexer__scan_ident (in /mnt/c/Users/Juan/Documents/GitHub/Mapanare/mapanare/self/mnc-stage1)
==13956==    by 0x6A7B3BF: ???
==13956==    by 0x8000000000000001: ???
==13956==    by 0x6A733D7: ???
==13956==    by 0x14: ???
==13956==    by 0x4: ???
==13956==    by 0x6A7751F: ???
==13956==    by 0x8000000000000000: ???
==13956==    by 0x14: ???
==13956==    by 0x99: ???
==13956== 
==13956== 4 bytes in 1 blocks are indirectly lost in loss record 129 of 425
==13956==    at 0x484D953: calloc (in /usr/libexec/valgrind/vgpreload_memcheck-amd64-linux.so)
==13956==    by 0x739049: __mn_alloc (in /mnt/c/Users/Juan/Documents/GitHub/Mapanare/mapanare/self/mnc-stage1)
==13956==    by 0x739C2E: __mn_str_concat (in /mnt/c/Users/Juan/Documents/GitHub/Mapanare/mapanare/self/mnc-stage1)
==13956==    by 0x41FA94: lexer__scan_ident (in /mnt/c/Users/Juan/Documents/GitHub/Mapanare/mapanare/self/mnc-stage1)
==13956==    by 0x6A7DDBF: ???
==13956==    by 0x8000000000000001: ???
==13956==    by 0x6A733D7: ???
==13956==    by 0x14: ???
==13956==    by 0x8: ???
==13956==    by 0x6A7751F: ???
==13956==    by 0x8000000000000000: ???
==13956==    by 0x14: ???
==13956==    by 0xC4: ???
==13956== 
==13956== 4 bytes in 1 blocks are indirectly lost in loss record 130 of 425
==13956==    at 0x484D953: calloc (in /usr/libexec/valgrind/vgpreload_memcheck-amd64-linux.so)
==13956==    by 0x739049: __mn_alloc (in /mnt/c/Users/Juan/Documents/GitHub/Mapanare/mapanare/self/mnc-stage1)
==13956==    by 0x739C2E: __mn_str_concat (in /mnt/c/Users/Juan/Documents/GitHub/Mapanare/mapanare/self/mnc-stage1)
==13956==    by 0x41FA94: lexer__scan_ident (in /mnt/c/Users/Juan/Documents/GitHub/Mapanare/mapanare/self/mnc-stage1)
==13956==    by 0x6A7E35F: ???
==13956==    by 0x8000000000000001: ???
==13956==    by 0x6A733D7: ???
==13956==    by 0x4: ???
==13956==    by 0x9: ???
==13956==    by 0x6A7751F: ???
==13956==    by 0x8000000000000000: ???
==13956==    by 0x4: ???
==13956==    by 0xCE: ???
==13956== 
==13956== 4 bytes in 1 blocks are indirectly lost in loss record 131 of 425
==13956==    at 0x484D953: calloc (in /usr/libexec/valgrind/vgpreload_memcheck-amd64-linux.so)
==13956==    by 0x739049: __mn_alloc (in /mnt/c/Users/Juan/Documents/GitHub/Mapanare/mapanare/self/mnc-stage1)
==13956==    by 0x739C2E: __mn_str_concat (in /mnt/c/Users/Juan/Documents/GitHub/Mapanare/mapanare/self/mnc-stage1)
==13956==    by 0x41FA94: lexer__scan_ident (in /mnt/c/Users/Juan/Documents/GitHub/Mapanare/mapanare/self/mnc-stage1)
==13956==    by 0x6A81C4F: ???
==13956==    by 0x8000000000000001: ???
==13956==    by 0x6A733D7: ???
==13956==    by 0x4: ???
==13956==    by 0xE: ???
==13956==    by 0x6A7751F: ???
==13956==    by 0x8000000000000000: ???
==13956==    by 0x4: ???
==13956==    by 0x108: ???
==13956== 
==13956== 4 bytes in 1 blocks are indirectly lost in loss record 132 of 425
==13956==    at 0x484D953: calloc (in /usr/libexec/valgrind/vgpreload_memcheck-amd64-linux.so)
==13956==    by 0x739049: __mn_alloc (in /mnt/c/Users/Juan/Documents/GitHub/Mapanare/mapanare/self/mnc-stage1)
==13956==    by 0x739C2E: __mn_str_concat (in /mnt/c/Users/Juan/Documents/GitHub/Mapanare/mapanare/self/mnc-stage1)
==13956==    by 0x41FA94: lexer__scan_ident (in /mnt/c/Users/Juan/Documents/GitHub/Mapanare/mapanare/self/mnc-stage1)
==13956==    by 0x6A839FF: ???
==13956==    by 0x8000000000000001: ???
==13956==    by 0x6A733D7: ???
==13956==    by 0xA: ???
==13956==    by 0xF: ???
==13956==    by 0x6A7751F: ???
==13956==    by 0x8000000000000000: ???
==13956==    by 0xA: ???
==13956==    by 0x131: ???
==13956== 
==13956== 4 bytes in 2 blocks are indirectly lost in loss record 133 of 425
==13956==    at 0x484D953: calloc (in /usr/libexec/valgrind/vgpreload_memcheck-amd64-linux.so)
==13956==    by 0x739049: __mn_alloc (in /mnt/c/Users/Juan/Documents/GitHub/Mapanare/mapanare/self/mnc-stage1)
==13956==    by 0x73980B: __mn_str_from_parts (in /mnt/c/Users/Juan/Documents/GitHub/Mapanare/mapanare/self/mnc-stage1)
==13956==    by 0x41FA94: lexer__scan_ident (in /mnt/c/Users/Juan/Documents/GitHub/Mapanare/mapanare/self/mnc-stage1)
==13956==    by 0x75156F: ??? (in /mnt/c/Users/Juan/Documents/GitHub/Mapanare/mapanare/self/mnc-stage1)
==13956== 
==13956== 4 bytes in 1 blocks are definitely lost in loss record 134 of 425
==13956==    at 0x484D953: calloc (in /usr/libexec/valgrind/vgpreload_memcheck-amd64-linux.so)
==13956==    by 0x739049: __mn_alloc (in /mnt/c/Users/Juan/Documents/GitHub/Mapanare/mapanare/self/mnc-stage1)
==13956==    by 0x739C2E: __mn_str_concat (in /mnt/c/Users/Juan/Documents/GitHub/Mapanare/mapanare/self/mnc-stage1)
==13956==    by 0x41FA94: lexer__scan_ident (in /mnt/c/Users/Juan/Documents/GitHub/Mapanare/mapanare/self/mnc-stage1)
==13956==    by 0x6A7A30F: ???
==13956==    by 0x8000000000000001: ???
==13956==    by 0x6A733D7: ???
==13956== 
==13956== 4 bytes in 1 blocks are definitely lost in loss record 135 of 425
==13956==    at 0x484D953: calloc (in /usr/libexec/valgrind/vgpreload_memcheck-amd64-linux.so)
==13956==    by 0x739049: __mn_alloc (in /mnt/c/Users/Juan/Documents/GitHub/Mapanare/mapanare/self/mnc-stage1)
==13956==    by 0x739C2E: __mn_str_concat (in /mnt/c/Users/Juan/Documents/GitHub/Mapanare/mapanare/self/mnc-stage1)
==13956==    by 0x41FA94: lexer__scan_ident (in /mnt/c/Users/Juan/Documents/GitHub/Mapanare/mapanare/self/mnc-stage1)
==13956==    by 0x6A7AC3F: ???
==13956==    by 0x8000000000000001: ???
==13956==    by 0x6A733D7: ???
==13956==    by 0x9: ???
==13956==    by 0x4: ???
==13956==    by 0x6A7751F: ???
==13956==    by 0x8000000000000000: ???
==13956==    by 0x9: ???
==13956==    by 0x8E: ???
==13956== 
==13956== 4 bytes in 1 blocks are definitely lost in loss record 136 of 425
==13956==    at 0x484D953: calloc (in /usr/libexec/valgrind/vgpreload_memcheck-amd64-linux.so)
==13956==    by 0x739049: __mn_alloc (in /mnt/c/Users/Juan/Documents/GitHub/Mapanare/mapanare/self/mnc-stage1)
==13956==    by 0x739C2E: __mn_str_concat (in /mnt/c/Users/Juan/Documents/GitHub/Mapanare/mapanare/self/mnc-stage1)
==13956==    by 0x41FA94: lexer__scan_ident (in /mnt/c/Users/Juan/Documents/GitHub/Mapanare/mapanare/self/mnc-stage1)
==13956==    by 0x6A7B95F: ???
==13956==    by 0x8000000000000001: ???
==13956==    by 0x6A733D7: ???
==13956==    by 0x4: ???
==13956==    by 0x5: ???
==13956==    by 0x6A7751F: ???
==13956==    by 0x8000000000000000: ???
==13956==    by 0x4: ???
==13956==    by 0xA3: ???
==13956== 
==13956== 4 bytes in 1 blocks are definitely lost in loss record 137 of 425
==13956==    at 0x484D953: calloc (in /usr/libexec/valgrind/vgpreload_memcheck-amd64-linux.so)
==13956==    by 0x739049: __mn_alloc (in /mnt/c/Users/Juan/Documents/GitHub/Mapanare/mapanare/self/mnc-stage1)
==13956==    by 0x739C2E: __mn_str_concat (in /mnt/c/Users/Juan/Documents/GitHub/Mapanare/mapanare/self/mnc-stage1)
==13956==    by 0x41FA94: lexer__scan_ident (in /mnt/c/Users/Juan/Documents/GitHub/Mapanare/mapanare/self/mnc-stage1)
==13956==    by 0x6A7C70F: ???
==13956==    by 0x8000000000000001: ???
==13956==    by 0x6A733D7: ???
==13956== 
==13956== 4 bytes in 1 blocks are definitely lost in loss record 138 of 425
==13956==    at 0x484D953: calloc (in /usr/libexec/valgrind/vgpreload_memcheck-amd64-linux.so)
==13956==    by 0x739049: __mn_alloc (in /mnt/c/Users/Juan/Documents/GitHub/Mapanare/mapanare/self/mnc-stage1)
==13956==    by 0x739C2E: __mn_str_concat (in /mnt/c/Users/Juan/Documents/GitHub/Mapanare/mapanare/self/mnc-stage1)
==13956==    by 0x41FA94: lexer__scan_ident (in /mnt/c/Users/Juan/Documents/GitHub/Mapanare/mapanare/self/mnc-stage1)
==13956==    by 0x6A7CDEF: ???
==13956==    by 0x8000000000000001: ???
==13956==    by 0x6A733D7: ???
==13956==    by 0x9: ???
==13956==    by 0x8: ???
==13956==    by 0x6A7751F: ???
==13956==    by 0x8000000000000000: ???
==13956==    by 0x9: ???
==13956==    by 0xB9: ???
==13956== 
==13956== 4 bytes in 1 blocks are definitely lost in loss record 139 of 425
==13956==    at 0x484D953: calloc (in /usr/libexec/valgrind/vgpreload_memcheck-amd64-linux.so)
==13956==    by 0x739049: __mn_alloc (in /mnt/c/Users/Juan/Documents/GitHub/Mapanare/mapanare/self/mnc-stage1)
==13956==    by 0x739C2E: __mn_str_concat (in /mnt/c/Users/Juan/Documents/GitHub/Mapanare/mapanare/self/mnc-stage1)
==13956==    by 0x41FA94: lexer__scan_ident (in /mnt/c/Users/Juan/Documents/GitHub/Mapanare/mapanare/self/mnc-stage1)
==13956==    by 0x6A7E99F: ???
==13956==    by 0x8000000000000001: ???
==13956==    by 0x6A733D7: ???
==13956==    by 0xC: ???
==13956==    by 0x9: ???
==13956==    by 0x6A7751F: ???
==13956==    by 0x8000000000000000: ???
==13956==    by 0xC: ???
==13956==    by 0xD6: ???
==13956== 
==13956== 4 bytes in 1 blocks are definitely lost in loss record 140 of 425
==13956==    at 0x484D953: calloc (in /usr/libexec/valgrind/vgpreload_memcheck-amd64-linux.so)
==13956==    by 0x739049: __mn_alloc (in /mnt/c/Users/Juan/Documents/GitHub/Mapanare/mapanare/self/mnc-stage1)
==13956==    by 0x739C2E: __mn_str_concat (in /mnt/c/Users/Juan/Documents/GitHub/Mapanare/mapanare/self/mnc-stage1)
==13956==    by 0x41FA94: lexer__scan_ident (in /mnt/c/Users/Juan/Documents/GitHub/Mapanare/mapanare/self/mnc-stage1)
==13956==    by 0x6A7EDFF: ???
==13956==    by 0x8000000000000001: ???
==13956==    by 0x6A733D7: ???
==13956==    by 0x12: ???
==13956==    by 0x9: ???
==13956==    by 0x6A7751F: ???
==13956==    by 0x8000000000000000: ???
==13956==    by 0x12: ???
==13956==    by 0xDC: ???
==13956== 
==13956== 4 bytes in 1 blocks are definitely lost in loss record 141 of 425
==13956==    at 0x484D953: calloc (in /usr/libexec/valgrind/vgpreload_memcheck-amd64-linux.so)
==13956==    by 0x739049: __mn_alloc (in /mnt/c/Users/Juan/Documents/GitHub/Mapanare/mapanare/self/mnc-stage1)
==13956==    by 0x739C2E: __mn_str_concat (in /mnt/c/Users/Juan/Documents/GitHub/Mapanare/mapanare/self/mnc-stage1)
==13956==    by 0x41FA94: lexer__scan_ident (in /mnt/c/Users/Juan/Documents/GitHub/Mapanare/mapanare/self/mnc-stage1)
==13956==    by 0x6A7F57F: ???
==13956==    by 0x8000000000000001: ???
==13956==    by 0x6A733D7: ???
==13956==    by 0x4: ???
==13956==    by 0xA: ???
==13956==    by 0x6A7751F: ???
==13956==    by 0x8000000000000000: ???
==13956==    by 0x4: ???
==13956==    by 0xE8: ???
==13956== 
==13956== 4 bytes in 1 blocks are definitely lost in loss record 142 of 425
==13956==    at 0x484D953: calloc (in /usr/libexec/valgrind/vgpreload_memcheck-amd64-linux.so)
==13956==    by 0x739049: __mn_alloc (in /mnt/c/Users/Juan/Documents/GitHub/Mapanare/mapanare/self/mnc-stage1)
==13956==    by 0x739C2E: __mn_str_concat (in /mnt/c/Users/Juan/Documents/GitHub/Mapanare/mapanare/self/mnc-stage1)
==13956==    by 0x41FA94: lexer__scan_ident (in /mnt/c/Users/Juan/Documents/GitHub/Mapanare/mapanare/self/mnc-stage1)
==13956==    by 0x6A803DF: ???
==13956==    by 0x8000000000000001: ???
==13956==    by 0x6A733D7: ???
==13956==    by 0x3: ???
==13956==    by 0xD: ???
==13956==    by 0x6A7751F: ???
==13956==    by 0x8000000000000000: ???
==13956==    by 0x3: ???
==13956==    by 0xFB: ???
==13956== 
==13956== 4 bytes in 1 blocks are definitely lost in loss record 143 of 425
==13956==    at 0x484D953: calloc (in /usr/libexec/valgrind/vgpreload_memcheck-amd64-linux.so)
==13956==    by 0x739049: __mn_alloc (in /mnt/c/Users/Juan/Documents/GitHub/Mapanare/mapanare/self/mnc-stage1)
==13956==    by 0x739C2E: __mn_str_concat (in /mnt/c/Users/Juan/Documents/GitHub/Mapanare/mapanare/self/mnc-stage1)
==13956==    by 0x41FA94: lexer__scan_ident (in /mnt/c/Users/Juan/Documents/GitHub/Mapanare/mapanare/self/mnc-stage1)
==13956==    by 0x6A81F6F: ???
==13956==    by 0x8000000000000001: ???
==13956==    by 0x6A733D7: ???
==13956==    by 0x8: ???
==13956==    by 0xE: ???
==13956==    by 0x6A7751F: ???
==13956==    by 0x8000000000000000: ???
==13956==    by 0x8: ???
==13956==    by 0x10C: ???
==13956== 
==13956== 4 bytes in 1 blocks are definitely lost in loss record 144 of 425
==13956==    at 0x484D953: calloc (in /usr/libexec/valgrind/vgpreload_memcheck-amd64-linux.so)
==13956==    by 0x739049: __mn_alloc (in /mnt/c/Users/Juan/Documents/GitHub/Mapanare/mapanare/self/mnc-stage1)
==13956==    by 0x739C2E: __mn_str_concat (in /mnt/c/Users/Juan/Documents/GitHub/Mapanare/mapanare/self/mnc-stage1)
==13956==    by 0x41FA94: lexer__scan_ident (in /mnt/c/Users/Juan/Documents/GitHub/Mapanare/mapanare/self/mnc-stage1)
==13956==    by 0x6A825AF: ???
==13956==    by 0x8000000000000001: ???
==13956==    by 0x6A733D7: ???
==13956==    by 0x11: ???
==13956==    by 0xE: ???
==13956==    by 0x6A7751F: ???
==13956==    by 0x8000000000000000: ???
==13956==    by 0x11: ???
==13956==    by 0x115: ???
==13956== 
==13956== 4 bytes in 1 blocks are definitely lost in loss record 145 of 425
==13956==    at 0x484D953: calloc (in /usr/libexec/valgrind/vgpreload_memcheck-amd64-linux.so)
==13956==    by 0x739049: __mn_alloc (in /mnt/c/Users/Juan/Documents/GitHub/Mapanare/mapanare/self/mnc-stage1)
==13956==    by 0x739C2E: __mn_str_concat (in /mnt/c/Users/Juan/Documents/GitHub/Mapanare/mapanare/self/mnc-stage1)
==13956==    by 0x41FA94: lexer__scan_ident (in /mnt/c/Users/Juan/Documents/GitHub/Mapanare/mapanare/self/mnc-stage1)
==13956==    by 0x6A82C8F: ???
==13956==    by 0x8000000000000001: ???
==13956==    by 0x6A733D7: ???
==13956==    by 0x1A: ???
==13956==    by 0xE: ???
==13956==    by 0x6A7751F: ???
==13956==    by 0x8000000000000000: ???
==13956==    by 0x1A: ???
==13956==    by 0x11E: ???
==13956== 
==13956== 4 bytes in 1 blocks are definitely lost in loss record 146 of 425
==13956==    at 0x484D953: calloc (in /usr/libexec/valgrind/vgpreload_memcheck-amd64-linux.so)
==13956==    by 0x739049: __mn_alloc (in /mnt/c/Users/Juan/Documents/GitHub/Mapanare/mapanare/self/mnc-stage1)
==13956==    by 0x739C2E: __mn_str_concat (in /mnt/c/Users/Juan/Documents/GitHub/Mapanare/mapanare/self/mnc-stage1)
==13956==    by 0x41FA94: lexer__scan_ident (in /mnt/c/Users/Juan/Documents/GitHub/Mapanare/mapanare/self/mnc-stage1)
==13956==    by 0x6A834FF: ???
==13956==    by 0x8000000000000001: ???
==13956==    by 0x6A733D7: ???
==13956==    by 0x4: ???
==13956==    by 0xF: ???
==13956==    by 0x6A7751F: ???
==13956==    by 0x8000000000000000: ???
==13956==    by 0x4: ???
==13956==    by 0x12B: ???
==13956== 
==13956== 4 bytes in 1 blocks are definitely lost in loss record 147 of 425
==13956==    at 0x484D953: calloc (in /usr/libexec/valgrind/vgpreload_memcheck-amd64-linux.so)
==13956==    by 0x739049: __mn_alloc (in /mnt/c/Users/Juan/Documents/GitHub/Mapanare/mapanare/self/mnc-stage1)
==13956==    by 0x739C2E: __mn_str_concat (in /mnt/c/Users/Juan/Documents/GitHub/Mapanare/mapanare/self/mnc-stage1)
==13956==    by 0x41FA94: lexer__scan_ident (in /mnt/c/Users/Juan/Documents/GitHub/Mapanare/mapanare/self/mnc-stage1)
==13956==    by 0x6A83DBF: ???
==13956==    by 0x8000000000000001: ???
==13956==    by 0x6A733D7: ???
==13956==    by 0xE: ???
==13956==    by 0xF: ???
==13956==    by 0x6A7751F: ???
==13956==    by 0x8000000000000000: ???
==13956==    by 0xE: ???
==13956==    by 0x135: ???
==13956== 
==13956== 4 bytes in 2 blocks are definitely lost in loss record 148 of 425
==13956==    at 0x484D953: calloc (in /usr/libexec/valgrind/vgpreload_memcheck-amd64-linux.so)
==13956==    by 0x739049: __mn_alloc (in /mnt/c/Users/Juan/Documents/GitHub/Mapanare/mapanare/self/mnc-stage1)
==13956==    by 0x73980B: __mn_str_from_parts (in /mnt/c/Users/Juan/Documents/GitHub/Mapanare/mapanare/self/mnc-stage1)
==13956==    by 0x42002C: lexer__scan_number (in /mnt/c/Users/Juan/Documents/GitHub/Mapanare/mapanare/self/mnc-stage1)
==13956==    by 0x75156F: ??? (in /mnt/c/Users/Juan/Documents/GitHub/Mapanare/mapanare/self/mnc-stage1)
==13956==    by 0x6A73257: ???
==13956== 
==13956== 5 bytes in 1 blocks are indirectly lost in loss record 149 of 425
==13956==    at 0x484D953: calloc (in /usr/libexec/valgrind/vgpreload_memcheck-amd64-linux.so)
==13956==    by 0x739049: __mn_alloc (in /mnt/c/Users/Juan/Documents/GitHub/Mapanare/mapanare/self/mnc-stage1)
==13956==    by 0x739C2E: __mn_str_concat (in /mnt/c/Users/Juan/Documents/GitHub/Mapanare/mapanare/self/mnc-stage1)
==13956==    by 0x41FA94: lexer__scan_ident (in /mnt/c/Users/Juan/Documents/GitHub/Mapanare/mapanare/self/mnc-stage1)
==13956==    by 0x6A8047F: ???
==13956==    by 0x8000000000000002: ???
==13956==    by 0x6A733D7: ???
==13956==    by 0x3: ???
==13956==    by 0xD: ???
==13956==    by 0x6A7751F: ???
==13956==    by 0x8000000000000000: ???
==13956==    by 0x3: ???
==13956==    by 0xFB: ???
==13956== 
==13956== 5 bytes in 1 blocks are definitely lost in loss record 150 of 425
==13956==    at 0x484D953: calloc (in /usr/libexec/valgrind/vgpreload_memcheck-amd64-linux.so)
==13956==    by 0x739049: __mn_alloc (in /mnt/c/Users/Juan/Documents/GitHub/Mapanare/mapanare/self/mnc-stage1)
==13956==    by 0x739C2E: __mn_str_concat (in /mnt/c/Users/Juan/Documents/GitHub/Mapanare/mapanare/self/mnc-stage1)
==13956==    by 0x41FA94: lexer__scan_ident (in /mnt/c/Users/Juan/Documents/GitHub/Mapanare/mapanare/self/mnc-stage1)
==13956==    by 0x6A7A3AF: ???
==13956==    by 0x8000000000000002: ???
==13956==    by 0x6A733D7: ???
==13956== 
==13956== 5 bytes in 1 blocks are definitely lost in loss record 151 of 425
==13956==    at 0x484D953: calloc (in /usr/libexec/valgrind/vgpreload_memcheck-amd64-linux.so)
==13956==    by 0x739049: __mn_alloc (in /mnt/c/Users/Juan/Documents/GitHub/Mapanare/mapanare/self/mnc-stage1)
==13956==    by 0x739C2E: __mn_str_concat (in /mnt/c/Users/Juan/Documents/GitHub/Mapanare/mapanare/self/mnc-stage1)
==13956==    by 0x41FA94: lexer__scan_ident (in /mnt/c/Users/Juan/Documents/GitHub/Mapanare/mapanare/self/mnc-stage1)
==13956==    by 0x6A7ACDF: ???
==13956==    by 0x8000000000000002: ???
==13956==    by 0x6A733D7: ???
==13956==    by 0x9: ???
==13956==    by 0x4: ???
==13956==    by 0x6A7751F: ???
==13956==    by 0x8000000000000000: ???
==13956==    by 0x9: ???
==13956==    by 0x8E: ???
==13956== 
==13956== 5 bytes in 1 blocks are definitely lost in loss record 152 of 425
==13956==    at 0x484D953: calloc (in /usr/libexec/valgrind/vgpreload_memcheck-amd64-linux.so)
==13956==    by 0x739049: __mn_alloc (in /mnt/c/Users/Juan/Documents/GitHub/Mapanare/mapanare/self/mnc-stage1)
==13956==    by 0x739C2E: __mn_str_concat (in /mnt/c/Users/Juan/Documents/GitHub/Mapanare/mapanare/self/mnc-stage1)
==13956==    by 0x41FA94: lexer__scan_ident (in /mnt/c/Users/Juan/Documents/GitHub/Mapanare/mapanare/self/mnc-stage1)
==13956==    by 0x6A7B9FF: ???
==13956==    by 0x8000000000000002: ???
==13956==    by 0x6A733D7: ???
==13956==    by 0x4: ???
==13956==    by 0x5: ???
==13956==    by 0x6A7751F: ???
==13956==    by 0x8000000000000000: ???
==13956==    by 0x4: ???
==13956==    by 0xA3: ???
==13956== 
==13956== 5 bytes in 1 blocks are definitely lost in loss record 153 of 425
==13956==    at 0x484D953: calloc (in /usr/libexec/valgrind/vgpreload_memcheck-amd64-linux.so)
==13956==    by 0x739049: __mn_alloc (in /mnt/c/Users/Juan/Documents/GitHub/Mapanare/mapanare/self/mnc-stage1)
==13956==    by 0x739C2E: __mn_str_concat (in /mnt/c/Users/Juan/Documents/GitHub/Mapanare/mapanare/self/mnc-stage1)
==13956==    by 0x41FA94: lexer__scan_ident (in /mnt/c/Users/Juan/Documents/GitHub/Mapanare/mapanare/self/mnc-stage1)
==13956==    by 0x6A7C7AF: ???
==13956==    by 0x8000000000000002: ???
==13956==    by 0x6A733D7: ???
==13956== 
==13956== 5 bytes in 1 blocks are definitely lost in loss record 154 of 425
==13956==    at 0x484D953: calloc (in /usr/libexec/valgrind/vgpreload_memcheck-amd64-linux.so)
==13956==    by 0x739049: __mn_alloc (in /mnt/c/Users/Juan/Documents/GitHub/Mapanare/mapanare/self/mnc-stage1)
==13956==    by 0x739C2E: __mn_str_concat (in /mnt/c/Users/Juan/Documents/GitHub/Mapanare/mapanare/self/mnc-stage1)
==13956==    by 0x41FA94: lexer__scan_ident (in /mnt/c/Users/Juan/Documents/GitHub/Mapanare/mapanare/self/mnc-stage1)
==13956==    by 0x6A7CE8F: ???
==13956==    by 0x8000000000000002: ???
==13956==    by 0x6A733D7: ???
==13956==    by 0x9: ???
==13956==    by 0x8: ???
==13956==    by 0x6A7751F: ???
==13956==    by 0x8000000000000000: ???
==13956==    by 0x9: ???
==13956==    by 0xB9: ???
==13956== 
==13956== 5 bytes in 1 blocks are definitely lost in loss record 155 of 425
==13956==    at 0x484D953: calloc (in /usr/libexec/valgrind/vgpreload_memcheck-amd64-linux.so)
==13956==    by 0x739049: __mn_alloc (in /mnt/c/Users/Juan/Documents/GitHub/Mapanare/mapanare/self/mnc-stage1)
==13956==    by 0x739C2E: __mn_str_concat (in /mnt/c/Users/Juan/Documents/GitHub/Mapanare/mapanare/self/mnc-stage1)
==13956==    by 0x41FA94: lexer__scan_ident (in /mnt/c/Users/Juan/Documents/GitHub/Mapanare/mapanare/self/mnc-stage1)
==13956==    by 0x6A7EA3F: ???
==13956==    by 0x8000000000000002: ???
==13956==    by 0x6A733D7: ???
==13956==    by 0xC: ???
==13956==    by 0x9: ???
==13956==    by 0x6A7751F: ???
==13956==    by 0x8000000000000000: ???
==13956==    by 0xC: ???
==13956==    by 0xD6: ???
==13956== 
==13956== 5 bytes in 1 blocks are definitely lost in loss record 156 of 425
==13956==    at 0x484D953: calloc (in /usr/libexec/valgrind/vgpreload_memcheck-amd64-linux.so)
==13956==    by 0x739049: __mn_alloc (in /mnt/c/Users/Juan/Documents/GitHub/Mapanare/mapanare/self/mnc-stage1)
==13956==    by 0x739C2E: __mn_str_concat (in /mnt/c/Users/Juan/Documents/GitHub/Mapanare/mapanare/self/mnc-stage1)
==13956==    by 0x41FA94: lexer__scan_ident (in /mnt/c/Users/Juan/Documents/GitHub/Mapanare/mapanare/self/mnc-stage1)
==13956==    by 0x6A7EE9F: ???
==13956==    by 0x8000000000000002: ???
==13956==    by 0x6A733D7: ???
==13956==    by 0x12: ???
==13956==    by 0x9: ???
==13956==    by 0x6A7751F: ???
==13956==    by 0x8000000000000000: ???
==13956==    by 0x12: ???
==13956==    by 0xDC: ???
==13956== 
==13956== 5 bytes in 1 blocks are definitely lost in loss record 157 of 425
==13956==    at 0x484D953: calloc (in /usr/libexec/valgrind/vgpreload_memcheck-amd64-linux.so)
==13956==    by 0x739049: __mn_alloc (in /mnt/c/Users/Juan/Documents/GitHub/Mapanare/mapanare/self/mnc-stage1)
==13956==    by 0x739C2E: __mn_str_concat (in /mnt/c/Users/Juan/Documents/GitHub/Mapanare/mapanare/self/mnc-stage1)
==13956==    by 0x41FA94: lexer__scan_ident (in /mnt/c/Users/Juan/Documents/GitHub/Mapanare/mapanare/self/mnc-stage1)
==13956==    by 0x6A7F61F: ???
==13956==    by 0x8000000000000002: ???
==13956==    by 0x6A733D7: ???
==13956==    by 0x4: ???
==13956==    by 0xA: ???
==13956==    by 0x6A7751F: ???
==13956==    by 0x8000000000000000: ???
==13956==    by 0x4: ???
==13956==    by 0xE8: ???
==13956== 
==13956== 5 bytes in 1 blocks are definitely lost in loss record 158 of 425
==13956==    at 0x484D953: calloc (in /usr/libexec/valgrind/vgpreload_memcheck-amd64-linux.so)
==13956==    by 0x739049: __mn_alloc (in /mnt/c/Users/Juan/Documents/GitHub/Mapanare/mapanare/self/mnc-stage1)
==13956==    by 0x739C2E: __mn_str_concat (in /mnt/c/Users/Juan/Documents/GitHub/Mapanare/mapanare/self/mnc-stage1)
==13956==    by 0x41FA94: lexer__scan_ident (in /mnt/c/Users/Juan/Documents/GitHub/Mapanare/mapanare/self/mnc-stage1)
==13956==    by 0x6A8200F: ???
==13956==    by 0x8000000000000002: ???
==13956==    by 0x6A733D7: ???
==13956==    by 0x8: ???
==13956==    by 0xE: ???
==13956==    by 0x6A7751F: ???
==13956==    by 0x8000000000000000: ???
==13956==    by 0x8: ???
==13956==    by 0x10C: ???
==13956== 
==13956== 5 bytes in 1 blocks are definitely lost in loss record 159 of 425
==13956==    at 0x484D953: calloc (in /usr/libexec/valgrind/vgpreload_memcheck-amd64-linux.so)
==13956==    by 0x739049: __mn_alloc (in /mnt/c/Users/Juan/Documents/GitHub/Mapanare/mapanare/self/mnc-stage1)
==13956==    by 0x739C2E: __mn_str_concat (in /mnt/c/Users/Juan/Documents/GitHub/Mapanare/mapanare/self/mnc-stage1)
==13956==    by 0x41FA94: lexer__scan_ident (in /mnt/c/Users/Juan/Documents/GitHub/Mapanare/mapanare/self/mnc-stage1)
==13956==    by 0x6A8264F: ???
==13956==    by 0x8000000000000002: ???
==13956==    by 0x6A733D7: ???
==13956==    by 0x11: ???
==13956==    by 0xE: ???
==13956==    by 0x6A7751F: ???
==13956==    by 0x8000000000000000: ???
==13956==    by 0x11: ???
==13956==    by 0x115: ???
==13956== 
==13956== 5 bytes in 1 blocks are definitely lost in loss record 160 of 425
==13956==    at 0x484D953: calloc (in /usr/libexec/valgrind/vgpreload_memcheck-amd64-linux.so)
==13956==    by 0x739049: __mn_alloc (in /mnt/c/Users/Juan/Documents/GitHub/Mapanare/mapanare/self/mnc-stage1)
==13956==    by 0x739C2E: __mn_str_concat (in /mnt/c/Users/Juan/Documents/GitHub/Mapanare/mapanare/self/mnc-stage1)
==13956==    by 0x41FA94: lexer__scan_ident (in /mnt/c/Users/Juan/Documents/GitHub/Mapanare/mapanare/self/mnc-stage1)
==13956==    by 0x6A82D2F: ???
==13956==    by 0x8000000000000002: ???
==13956==    by 0x6A733D7: ???
==13956==    by 0x1A: ???
==13956==    by 0xE: ???
==13956==    by 0x6A7751F: ???
==13956==    by 0x8000000000000000: ???
==13956==    by 0x1A: ???
==13956==    by 0x11E: ???
==13956== 
==13956== 5 bytes in 1 blocks are definitely lost in loss record 161 of 425
==13956==    at 0x484D953: calloc (in /usr/libexec/valgrind/vgpreload_memcheck-amd64-linux.so)
==13956==    by 0x739049: __mn_alloc (in /mnt/c/Users/Juan/Documents/GitHub/Mapanare/mapanare/self/mnc-stage1)
==13956==    by 0x739C2E: __mn_str_concat (in /mnt/c/Users/Juan/Documents/GitHub/Mapanare/mapanare/self/mnc-stage1)
==13956==    by 0x41FA94: lexer__scan_ident (in /mnt/c/Users/Juan/Documents/GitHub/Mapanare/mapanare/self/mnc-stage1)
==13956==    by 0x6A8359F: ???
==13956==    by 0x8000000000000002: ???
==13956==    by 0x6A733D7: ???
==13956==    by 0x4: ???
==13956==    by 0xF: ???
==13956==    by 0x6A7751F: ???
==13956==    by 0x8000000000000000: ???
==13956==    by 0x4: ???
==13956==    by 0x12B: ???
==13956== 
==13956== 5 bytes in 1 blocks are definitely lost in loss record 162 of 425
==13956==    at 0x484D953: calloc (in /usr/libexec/valgrind/vgpreload_memcheck-amd64-linux.so)
==13956==    by 0x739049: __mn_alloc (in /mnt/c/Users/Juan/Documents/GitHub/Mapanare/mapanare/self/mnc-stage1)
==13956==    by 0x739C2E: __mn_str_concat (in /mnt/c/Users/Juan/Documents/GitHub/Mapanare/mapanare/self/mnc-stage1)
==13956==    by 0x41FA94: lexer__scan_ident (in /mnt/c/Users/Juan/Documents/GitHub/Mapanare/mapanare/self/mnc-stage1)
==13956==    by 0x6A83E5F: ???
==13956==    by 0x8000000000000002: ???
==13956==    by 0x6A733D7: ???
==13956==    by 0xE: ???
==13956==    by 0xF: ???
==13956==    by 0x6A7751F: ???
==13956==    by 0x8000000000000000: ???
==13956==    by 0xE: ???
==13956==    by 0x135: ???
==13956== 
==13956== 6 bytes in 1 blocks are indirectly lost in loss record 163 of 425
==13956==    at 0x484D953: calloc (in /usr/libexec/valgrind/vgpreload_memcheck-amd64-linux.so)
==13956==    by 0x739049: __mn_alloc (in /mnt/c/Users/Juan/Documents/GitHub/Mapanare/mapanare/self/mnc-stage1)
==13956==    by 0x739C2E: __mn_str_concat (in /mnt/c/Users/Juan/Documents/GitHub/Mapanare/mapanare/self/mnc-stage1)
==13956==    by 0x41FA94: lexer__scan_ident (in /mnt/c/Users/Juan/Documents/GitHub/Mapanare/mapanare/self/mnc-stage1)
==13956==    by 0x6A7A44F: ???
==13956==    by 0x8000000000000003: ???
==13956==    by 0x6A733D7: ???
==13956== 
==13956== 6 bytes in 1 blocks are indirectly lost in loss record 164 of 425
==13956==    at 0x484D953: calloc (in /usr/libexec/valgrind/vgpreload_memcheck-amd64-linux.so)
==13956==    by 0x739049: __mn_alloc (in /mnt/c/Users/Juan/Documents/GitHub/Mapanare/mapanare/self/mnc-stage1)
==13956==    by 0x739C2E: __mn_str_concat (in /mnt/c/Users/Juan/Documents/GitHub/Mapanare/mapanare/self/mnc-stage1)
==13956==    by 0x41FA94: lexer__scan_ident (in /mnt/c/Users/Juan/Documents/GitHub/Mapanare/mapanare/self/mnc-stage1)
==13956==    by 0x6A7AD7F: ???
==13956==    by 0x8000000000000003: ???
==13956==    by 0x6A733D7: ???
==13956==    by 0x9: ???
==13956==    by 0x4: ???
==13956==    by 0x6A7751F: ???
==13956==    by 0x8000000000000000: ???
==13956==    by 0x9: ???
==13956==    by 0x8E: ???
==13956== 
==13956== 6 bytes in 1 blocks are indirectly lost in loss record 165 of 425
==13956==    at 0x484D953: calloc (in /usr/libexec/valgrind/vgpreload_memcheck-amd64-linux.so)
==13956==    by 0x739049: __mn_alloc (in /mnt/c/Users/Juan/Documents/GitHub/Mapanare/mapanare/self/mnc-stage1)
==13956==    by 0x739C2E: __mn_str_concat (in /mnt/c/Users/Juan/Documents/GitHub/Mapanare/mapanare/self/mnc-stage1)
==13956==    by 0x41FA94: lexer__scan_ident (in /mnt/c/Users/Juan/Documents/GitHub/Mapanare/mapanare/self/mnc-stage1)
==13956==    by 0x6A7C84F: ???
==13956==    by 0x8000000000000003: ???
==13956==    by 0x6A733D7: ???
==13956== 
==13956== 6 bytes in 1 blocks are indirectly lost in loss record 166 of 425
==13956==    at 0x484D953: calloc (in /usr/libexec/valgrind/vgpreload_memcheck-amd64-linux.so)
==13956==    by 0x739049: __mn_alloc (in /mnt/c/Users/Juan/Documents/GitHub/Mapanare/mapanare/self/mnc-stage1)
==13956==    by 0x739C2E: __mn_str_concat (in /mnt/c/Users/Juan/Documents/GitHub/Mapanare/mapanare/self/mnc-stage1)
==13956==    by 0x41FA94: lexer__scan_ident (in /mnt/c/Users/Juan/Documents/GitHub/Mapanare/mapanare/self/mnc-stage1)
==13956==    by 0x6A7CF2F: ???
==13956==    by 0x8000000000000003: ???
==13956==    by 0x6A733D7: ???
==13956==    by 0x9: ???
==13956==    by 0x8: ???
==13956==    by 0x6A7751F: ???
==13956==    by 0x8000000000000000: ???
==13956==    by 0x9: ???
==13956==    by 0xB9: ???
==13956== 
==13956== 6 bytes in 1 blocks are indirectly lost in loss record 167 of 425
==13956==    at 0x484D953: calloc (in /usr/libexec/valgrind/vgpreload_memcheck-amd64-linux.so)
==13956==    by 0x739049: __mn_alloc (in /mnt/c/Users/Juan/Documents/GitHub/Mapanare/mapanare/self/mnc-stage1)
==13956==    by 0x739C2E: __mn_str_concat (in /mnt/c/Users/Juan/Documents/GitHub/Mapanare/mapanare/self/mnc-stage1)
==13956==    by 0x41FA94: lexer__scan_ident (in /mnt/c/Users/Juan/Documents/GitHub/Mapanare/mapanare/self/mnc-stage1)
==13956==    by 0x6A7EADF: ???
==13956==    by 0x8000000000000003: ???
==13956==    by 0x6A733D7: ???
==13956==    by 0xC: ???
==13956==    by 0x9: ???
==13956==    by 0x6A7751F: ???
==13956==    by 0x8000000000000000: ???
==13956==    by 0xC: ???
==13956==    by 0xD6: ???
==13956== 
==13956== 6 bytes in 1 blocks are indirectly lost in loss record 168 of 425
==13956==    at 0x484D953: calloc (in /usr/libexec/valgrind/vgpreload_memcheck-amd64-linux.so)
==13956==    by 0x739049: __mn_alloc (in /mnt/c/Users/Juan/Documents/GitHub/Mapanare/mapanare/self/mnc-stage1)
==13956==    by 0x739C2E: __mn_str_concat (in /mnt/c/Users/Juan/Documents/GitHub/Mapanare/mapanare/self/mnc-stage1)
==13956==    by 0x41FA94: lexer__scan_ident (in /mnt/c/Users/Juan/Documents/GitHub/Mapanare/mapanare/self/mnc-stage1)
==13956==    by 0x6A7EF3F: ???
==13956==    by 0x8000000000000003: ???
==13956==    by 0x6A733D7: ???
==13956==    by 0x12: ???
==13956==    by 0x9: ???
==13956==    by 0x6A7751F: ???
==13956==    by 0x8000000000000000: ???
==13956==    by 0x12: ???
==13956==    by 0xDC: ???
==13956== 
==13956== 6 bytes in 1 blocks are indirectly lost in loss record 169 of 425
==13956==    at 0x484D953: calloc (in /usr/libexec/valgrind/vgpreload_memcheck-amd64-linux.so)
==13956==    by 0x739049: __mn_alloc (in /mnt/c/Users/Juan/Documents/GitHub/Mapanare/mapanare/self/mnc-stage1)
==13956==    by 0x739C2E: __mn_str_concat (in /mnt/c/Users/Juan/Documents/GitHub/Mapanare/mapanare/self/mnc-stage1)
==13956==    by 0x41FA94: lexer__scan_ident (in /mnt/c/Users/Juan/Documents/GitHub/Mapanare/mapanare/self/mnc-stage1)
==13956==    by 0x6A82DCF: ???
==13956==    by 0x8000000000000003: ???
==13956==    by 0x6A733D7: ???
==13956==    by 0x1A: ???
==13956==    by 0xE: ???
==13956==    by 0x6A7751F: ???
==13956==    by 0x8000000000000000: ???
==13956==    by 0x1A: ???
==13956==    by 0x11E: ???
==13956== 
==13956== 6 bytes in 1 blocks are indirectly lost in loss record 170 of 425
==13956==    at 0x484D953: calloc (in /usr/libexec/valgrind/vgpreload_memcheck-amd64-linux.so)
==13956==    by 0x739049: __mn_alloc (in /mnt/c/Users/Juan/Documents/GitHub/Mapanare/mapanare/self/mnc-stage1)
==13956==    by 0x739C2E: __mn_str_concat (in /mnt/c/Users/Juan/Documents/GitHub/Mapanare/mapanare/self/mnc-stage1)
==13956==    by 0x41FA94: lexer__scan_ident (in /mnt/c/Users/Juan/Documents/GitHub/Mapanare/mapanare/self/mnc-stage1)
==13956==    by 0x6A8363F: ???
==13956==    by 0x8000000000000003: ???
==13956==    by 0x6A733D7: ???
==13956==    by 0x4: ???
==13956==    by 0xF: ???
==13956==    by 0x6A7751F: ???
==13956==    by 0x8000000000000000: ???
==13956==    by 0x4: ???
==13956==    by 0x12B: ???
==13956== 
==13956== 6 bytes in 1 blocks are definitely lost in loss record 171 of 425
==13956==    at 0x484D953: calloc (in /usr/libexec/valgrind/vgpreload_memcheck-amd64-linux.so)
==13956==    by 0x739049: __mn_alloc (in /mnt/c/Users/Juan/Documents/GitHub/Mapanare/mapanare/self/mnc-stage1)
==13956==    by 0x739C2E: __mn_str_concat (in /mnt/c/Users/Juan/Documents/GitHub/Mapanare/mapanare/self/mnc-stage1)
==13956==    by 0x41FA94: lexer__scan_ident (in /mnt/c/Users/Juan/Documents/GitHub/Mapanare/mapanare/self/mnc-stage1)
==13956==    by 0x6A7BA9F: ???
==13956==    by 0x8000000000000003: ???
==13956==    by 0x6A733D7: ???
==13956==    by 0x4: ???
==13956==    by 0x5: ???
==13956==    by 0x6A7751F: ???
==13956==    by 0x8000000000000000: ???
==13956==    by 0x4: ???
==13956==    by 0xA3: ???
==13956== 
==13956== 6 bytes in 1 blocks are definitely lost in loss record 172 of 425
==13956==    at 0x484D953: calloc (in /usr/libexec/valgrind/vgpreload_memcheck-amd64-linux.so)
==13956==    by 0x739049: __mn_alloc (in /mnt/c/Users/Juan/Documents/GitHub/Mapanare/mapanare/self/mnc-stage1)
==13956==    by 0x739C2E: __mn_str_concat (in /mnt/c/Users/Juan/Documents/GitHub/Mapanare/mapanare/self/mnc-stage1)
==13956==    by 0x41FA94: lexer__scan_ident (in /mnt/c/Users/Juan/Documents/GitHub/Mapanare/mapanare/self/mnc-stage1)
==13956==    by 0x6A7F6BF: ???
==13956==    by 0x8000000000000003: ???
==13956==    by 0x6A733D7: ???
==13956==    by 0x4: ???
==13956==    by 0xA: ???
==13956==    by 0x6A7751F: ???
==13956==    by 0x8000000000000000: ???
==13956==    by 0x4: ???
==13956==    by 0xE8: ???
==13956== 
==13956== 6 bytes in 1 blocks are definitely lost in loss record 173 of 425
==13956==    at 0x484D953: calloc (in /usr/libexec/valgrind/vgpreload_memcheck-amd64-linux.so)
==13956==    by 0x739049: __mn_alloc (in /mnt/c/Users/Juan/Documents/GitHub/Mapanare/mapanare/self/mnc-stage1)
==13956==    by 0x739C2E: __mn_str_concat (in /mnt/c/Users/Juan/Documents/GitHub/Mapanare/mapanare/self/mnc-stage1)
==13956==    by 0x41FA94: lexer__scan_ident (in /mnt/c/Users/Juan/Documents/GitHub/Mapanare/mapanare/self/mnc-stage1)
==13956==    by 0x6A820AF: ???
==13956==    by 0x8000000000000003: ???
==13956==    by 0x6A733D7: ???
==13956==    by 0x8: ???
==13956==    by 0xE: ???
==13956==    by 0x6A7751F: ???
==13956==    by 0x8000000000000000: ???
==13956==    by 0x8: ???
==13956==    by 0x10C: ???
==13956== 
==13956== 6 bytes in 1 blocks are definitely lost in loss record 174 of 425
==13956==    at 0x484D953: calloc (in /usr/libexec/valgrind/vgpreload_memcheck-amd64-linux.so)
==13956==    by 0x739049: __mn_alloc (in /mnt/c/Users/Juan/Documents/GitHub/Mapanare/mapanare/self/mnc-stage1)
==13956==    by 0x739C2E: __mn_str_concat (in /mnt/c/Users/Juan/Documents/GitHub/Mapanare/mapanare/self/mnc-stage1)
==13956==    by 0x41FA94: lexer__scan_ident (in /mnt/c/Users/Juan/Documents/GitHub/Mapanare/mapanare/self/mnc-stage1)
==13956==    by 0x6A826EF: ???
==13956==    by 0x8000000000000003: ???
==13956==    by 0x6A733D7: ???
==13956==    by 0x11: ???
==13956==    by 0xE: ???
==13956==    by 0x6A7751F: ???
==13956==    by 0x8000000000000000: ???
==13956==    by 0x11: ???
==13956==    by 0x115: ???
==13956== 
==13956== 6 bytes in 1 blocks are definitely lost in loss record 175 of 425
==13956==    at 0x484D953: calloc (in /usr/libexec/valgrind/vgpreload_memcheck-amd64-linux.so)
==13956==    by 0x739049: __mn_alloc (in /mnt/c/Users/Juan/Documents/GitHub/Mapanare/mapanare/self/mnc-stage1)
==13956==    by 0x739C2E: __mn_str_concat (in /mnt/c/Users/Juan/Documents/GitHub/Mapanare/mapanare/self/mnc-stage1)
==13956==    by 0x41FA94: lexer__scan_ident (in /mnt/c/Users/Juan/Documents/GitHub/Mapanare/mapanare/self/mnc-stage1)
==13956==    by 0x6A83EFF: ???
==13956==    by 0x8000000000000003: ???
==13956==    by 0x6A733D7: ???
==13956==    by 0xE: ???
==13956==    by 0xF: ???
==13956==    by 0x6A7751F: ???
==13956==    by 0x8000000000000000: ???
==13956==    by 0xE: ???
==13956==    by 0x135: ???
==13956== 
==13956== 6 bytes in 3 blocks are definitely lost in loss record 176 of 425
==13956==    at 0x484D953: calloc (in /usr/libexec/valgrind/vgpreload_memcheck-amd64-linux.so)
==13956==    by 0x739049: __mn_alloc (in /mnt/c/Users/Juan/Documents/GitHub/Mapanare/mapanare/self/mnc-stage1)
==13956==    by 0x73980B: __mn_str_from_parts (in /mnt/c/Users/Juan/Documents/GitHub/Mapanare/mapanare/self/mnc-stage1)
==13956==    by 0x42257E: lexer__tokenize (in /mnt/c/Users/Juan/Documents/GitHub/Mapanare/mapanare/self/mnc-stage1)
==13956== 
==13956== 7 bytes in 1 blocks are indirectly lost in loss record 177 of 425
==13956==    at 0x484D953: calloc (in /usr/libexec/valgrind/vgpreload_memcheck-amd64-linux.so)
==13956==    by 0x739049: __mn_alloc (in /mnt/c/Users/Juan/Documents/GitHub/Mapanare/mapanare/self/mnc-stage1)
==13956==    by 0x739C2E: __mn_str_concat (in /mnt/c/Users/Juan/Documents/GitHub/Mapanare/mapanare/self/mnc-stage1)
==13956==    by 0x41FA94: lexer__scan_ident (in /mnt/c/Users/Juan/Documents/GitHub/Mapanare/mapanare/self/mnc-stage1)
==13956==    by 0x6A7BB3F: ???
==13956==    by 0x8000000000000004: ???
==13956==    by 0x6A733D7: ???
==13956==    by 0x4: ???
==13956==    by 0x5: ???
==13956==    by 0x6A7751F: ???
==13956==    by 0x8000000000000000: ???
==13956==    by 0x4: ???
==13956==    by 0xA3: ???
==13956== 
==13956== 7 bytes in 1 blocks are indirectly lost in loss record 178 of 425
==13956==    at 0x484D953: calloc (in /usr/libexec/valgrind/vgpreload_memcheck-amd64-linux.so)
==13956==    by 0x739049: __mn_alloc (in /mnt/c/Users/Juan/Documents/GitHub/Mapanare/mapanare/self/mnc-stage1)
==13956==    by 0x739C2E: __mn_str_concat (in /mnt/c/Users/Juan/Documents/GitHub/Mapanare/mapanare/self/mnc-stage1)
==13956==    by 0x41FA94: lexer__scan_ident (in /mnt/c/Users/Juan/Documents/GitHub/Mapanare/mapanare/self/mnc-stage1)
==13956==    by 0x6A7F75F: ???
==13956==    by 0x8000000000000004: ???
==13956==    by 0x6A733D7: ???
==13956==    by 0x4: ???
==13956==    by 0xA: ???
==13956==    by 0x6A7751F: ???
==13956==    by 0x8000000000000000: ???
==13956==    by 0x4: ???
==13956==    by 0xE8: ???
==13956== 
==13956== 7 bytes in 1 blocks are indirectly lost in loss record 179 of 425
==13956==    at 0x484D953: calloc (in /usr/libexec/valgrind/vgpreload_memcheck-amd64-linux.so)
==13956==    by 0x739049: __mn_alloc (in /mnt/c/Users/Juan/Documents/GitHub/Mapanare/mapanare/self/mnc-stage1)
==13956==    by 0x739C2E: __mn_str_concat (in /mnt/c/Users/Juan/Documents/GitHub/Mapanare/mapanare/self/mnc-stage1)
==13956==    by 0x41FA94: lexer__scan_ident (in /mnt/c/Users/Juan/Documents/GitHub/Mapanare/mapanare/self/mnc-stage1)
==13956==    by 0x6A8214F: ???
==13956==    by 0x8000000000000004: ???
==13956==    by 0x6A733D7: ???
==13956==    by 0x8: ???
==13956==    by 0xE: ???
==13956==    by 0x6A7751F: ???
==13956==    by 0x8000000000000000: ???
==13956==    by 0x8: ???
==13956==    by 0x10C: ???
==13956== 
==13956== 7 bytes in 1 blocks are indirectly lost in loss record 180 of 425
==13956==    at 0x484D953: calloc (in /usr/libexec/valgrind/vgpreload_memcheck-amd64-linux.so)
==13956==    by 0x739049: __mn_alloc (in /mnt/c/Users/Juan/Documents/GitHub/Mapanare/mapanare/self/mnc-stage1)
==13956==    by 0x739C2E: __mn_str_concat (in /mnt/c/Users/Juan/Documents/GitHub/Mapanare/mapanare/self/mnc-stage1)
==13956==    by 0x41FA94: lexer__scan_ident (in /mnt/c/Users/Juan/Documents/GitHub/Mapanare/mapanare/self/mnc-stage1)
==13956==    by 0x6A83F9F: ???
==13956==    by 0x8000000000000004: ???
==13956==    by 0x6A733D7: ???
==13956==    by 0xE: ???
==13956==    by 0xF: ???
==13956==    by 0x6A7751F: ???
==13956==    by 0x8000000000000000: ???
==13956==    by 0xE: ???
==13956==    by 0x135: ???
==13956== 
==13956== 7 bytes in 1 blocks are definitely lost in loss record 181 of 425
==13956==    at 0x484D953: calloc (in /usr/libexec/valgrind/vgpreload_memcheck-amd64-linux.so)
==13956==    by 0x739049: __mn_alloc (in /mnt/c/Users/Juan/Documents/GitHub/Mapanare/mapanare/self/mnc-stage1)
==13956==    by 0x739C2E: __mn_str_concat (in /mnt/c/Users/Juan/Documents/GitHub/Mapanare/mapanare/self/mnc-stage1)
==13956==    by 0x41FA94: lexer__scan_ident (in /mnt/c/Users/Juan/Documents/GitHub/Mapanare/mapanare/self/mnc-stage1)
==13956==    by 0x6A8278F: ???
==13956==    by 0x8000000000000004: ???
==13956==    by 0x6A733D7: ???
==13956==    by 0x11: ???
==13956==    by 0xE: ???
==13956==    by 0x6A7751F: ???
==13956==    by 0x8000000000000000: ???
==13956==    by 0x11: ???
==13956==    by 0x115: ???
==13956== 
==13956== 8 bytes in 1 blocks are indirectly lost in loss record 182 of 425
==13956==    at 0x4846828: malloc (in /usr/libexec/valgrind/vgpreload_memcheck-amd64-linux.so)
==13956==    by 0x43062E: parser__parse_unary (in /mnt/c/Users/Juan/Documents/GitHub/Mapanare/mapanare/self/mnc-stage1)
==13956==    by 0x6: ???
==13956==    by 0x3F: ???
==13956== 
==13956== 8 bytes in 1 blocks are definitely lost in loss record 183 of 425
==13956==    at 0x484D953: calloc (in /usr/libexec/valgrind/vgpreload_memcheck-amd64-linux.so)
==13956==    by 0x739049: __mn_alloc (in /mnt/c/Users/Juan/Documents/GitHub/Mapanare/mapanare/self/mnc-stage1)
==13956==    by 0x739C2E: __mn_str_concat (in /mnt/c/Users/Juan/Documents/GitHub/Mapanare/mapanare/self/mnc-stage1)
==13956==    by 0x41FA94: lexer__scan_ident (in /mnt/c/Users/Juan/Documents/GitHub/Mapanare/mapanare/self/mnc-stage1)
==13956==    by 0x6A8282F: ???
==13956==    by 0x8000000000000005: ???
==13956==    by 0x6A733D7: ???
==13956==    by 0x11: ???
==13956==    by 0xE: ???
==13956==    by 0x6A7751F: ???
==13956==    by 0x8000000000000000: ???
==13956==    by 0x11: ???
==13956==    by 0x115: ???
==13956== 
==13956== 9 bytes in 1 blocks are indirectly lost in loss record 184 of 425
==13956==    at 0x484D953: calloc (in /usr/libexec/valgrind/vgpreload_memcheck-amd64-linux.so)
==13956==    by 0x739049: __mn_alloc (in /mnt/c/Users/Juan/Documents/GitHub/Mapanare/mapanare/self/mnc-stage1)
==13956==    by 0x739C2E: __mn_str_concat (in /mnt/c/Users/Juan/Documents/GitHub/Mapanare/mapanare/self/mnc-stage1)
==13956==    by 0x41FA94: lexer__scan_ident (in /mnt/c/Users/Juan/Documents/GitHub/Mapanare/mapanare/self/mnc-stage1)
==13956==    by 0x6A828CF: ???
==13956==    by 0x8000000000000006: ???
==13956==    by 0x6A733D7: ???
==13956==    by 0x11: ???
==13956==    by 0xE: ???
==13956==    by 0x6A7751F: ???
==13956==    by 0x8000000000000000: ???
==13956==    by 0x11: ???
==13956==    by 0x115: ???
==13956== 
==13956== 16 bytes in 1 blocks are indirectly lost in loss record 185 of 425
==13956==    at 0x4846828: malloc (in /usr/libexec/valgrind/vgpreload_memcheck-amd64-linux.so)
==13956==    by 0x43063B: parser__parse_unary (in /mnt/c/Users/Juan/Documents/GitHub/Mapanare/mapanare/self/mnc-stage1)
==13956==    by 0x6: ???
==13956==    by 0x3F: ???
==13956== 
==13956== 16 bytes in 1 blocks are indirectly lost in loss record 186 of 425
==13956==    at 0x4846828: malloc (in /usr/libexec/valgrind/vgpreload_memcheck-amd64-linux.so)
==13956==    by 0x433542: parser__parse_atom (in /mnt/c/Users/Juan/Documents/GitHub/Mapanare/mapanare/self/mnc-stage1)
==13956==    by 0x3F: ???
==13956==    by 0x1A: ???
==13956== 
==13956== 16 bytes in 1 blocks are indirectly lost in loss record 187 of 425
==13956==    at 0x4846828: malloc (in /usr/libexec/valgrind/vgpreload_memcheck-amd64-linux.so)
==13956==    by 0x42FDB5: parser__parse_expr (in /mnt/c/Users/Juan/Documents/GitHub/Mapanare/mapanare/self/mnc-stage1)
==13956==    by 0x6A805CF: ???
==13956==    by 0x5: ???
==13956==    by 0x6A8552F: ???
==13956==    by 0x3F: ???
==13956==    by 0x34: ???
==13956==    by 0x3F: ???
==13956==    by 0x6A805CF: ???
==13956==    by 0x6A805CF: ???
==13956==    by 0x34: ???
==13956==    by 0x3F: ???
==13956==    by 0x3F: ???
==13956== 
==13956== 16 bytes in 1 blocks are indirectly lost in loss record 188 of 425
==13956==    at 0x4846828: malloc (in /usr/libexec/valgrind/vgpreload_memcheck-amd64-linux.so)
==13956==    by 0x42FDDE: parser__parse_expr (in /mnt/c/Users/Juan/Documents/GitHub/Mapanare/mapanare/self/mnc-stage1)
==13956==    by 0x6A805CF: ???
==13956==    by 0x5: ???
==13956==    by 0x6A8552F: ???
==13956==    by 0x3F: ???
==13956==    by 0x34: ???
==13956==    by 0x3F: ???
==13956==    by 0x6A805CF: ???
==13956==    by 0x6A805CF: ???
==13956==    by 0x34: ???
==13956==    by 0x3F: ???
==13956==    by 0x3F: ???
==13956== 
==13956== 16 bytes in 1 blocks are indirectly lost in loss record 189 of 425
==13956==    at 0x4846828: malloc (in /usr/libexec/valgrind/vgpreload_memcheck-amd64-linux.so)
==13956==    by 0x433542: parser__parse_atom (in /mnt/c/Users/Juan/Documents/GitHub/Mapanare/mapanare/self/mnc-stage1)
==13956==    by 0x34: ???
==13956==    by 0x2C: ???
==13956== 
==13956== 16 bytes in 1 blocks are indirectly lost in loss record 190 of 425
==13956==    at 0x4846828: malloc (in /usr/libexec/valgrind/vgpreload_memcheck-amd64-linux.so)
==13956==    by 0x433542: parser__parse_atom (in /mnt/c/Users/Juan/Documents/GitHub/Mapanare/mapanare/self/mnc-stage1)
==13956==    by 0x34: ???
==13956==    by 0x2E: ???
==13956== 
==13956== 16 bytes in 1 blocks are indirectly lost in loss record 191 of 425
==13956==    at 0x4846828: malloc (in /usr/libexec/valgrind/vgpreload_memcheck-amd64-linux.so)
==13956==    by 0x42F15E: parser__parse_stmt (in /mnt/c/Users/Juan/Documents/GitHub/Mapanare/mapanare/self/mnc-stage1)
==13956==    by 0x3F: ???
==13956== 
==13956== 16 bytes in 2 blocks are indirectly lost in loss record 192 of 425
==13956==    at 0x4846828: malloc (in /usr/libexec/valgrind/vgpreload_memcheck-amd64-linux.so)
==13956==    by 0x432B31: parser__parse_atom (in /mnt/c/Users/Juan/Documents/GitHub/Mapanare/mapanare/self/mnc-stage1)
==13956== 
==13956== 16 bytes in 1 blocks are definitely lost in loss record 193 of 425
==13956==    at 0x4846828: malloc (in /usr/libexec/valgrind/vgpreload_memcheck-amd64-linux.so)
==13956==    by 0x73DDF9: __mn_range (in /mnt/c/Users/Juan/Documents/GitHub/Mapanare/mapanare/self/mnc-stage1)
==13956==    by 0x4221C3: lexer__skip_comment_to_eol (in /mnt/c/Users/Juan/Documents/GitHub/Mapanare/mapanare/self/mnc-stage1)
==13956==    by 0x8000000000000140: ???
==13956==    by 0x6A7751F: ???
==13956==    by 0x8000000000000000: ???
==13956==    by 0x6A776AF: ???
==13956==    by 0x1: ???
==13956==    by 0x140: ???
==13956==    by 0x8000000000000140: ???
==13956==    by 0x4225F0: lexer__tokenize (in /mnt/c/Users/Juan/Documents/GitHub/Mapanare/mapanare/self/mnc-stage1)
==13956== 
==13956== 16 bytes in 1 blocks are definitely lost in loss record 194 of 425
==13956==    at 0x4846828: malloc (in /usr/libexec/valgrind/vgpreload_memcheck-amd64-linux.so)
==13956==    by 0x73DDF9: __mn_range (in /mnt/c/Users/Juan/Documents/GitHub/Mapanare/mapanare/self/mnc-stage1)
==13956==    by 0x4221C3: lexer__skip_comment_to_eol (in /mnt/c/Users/Juan/Documents/GitHub/Mapanare/mapanare/self/mnc-stage1)
==13956==    by 0x8000000000000140: ???
==13956==    by 0x6A7751F: ???
==13956==    by 0x8000000000000000: ???
==13956==    by 0x6A7855F: ???
==13956==    by 0x2F: ???
==13956==    by 0x140: ???
==13956==    by 0x8000000000000140: ???
==13956==    by 0x4225F0: lexer__tokenize (in /mnt/c/Users/Juan/Documents/GitHub/Mapanare/mapanare/self/mnc-stage1)
==13956== 
==13956== 16 bytes in 1 blocks are definitely lost in loss record 195 of 425
==13956==    at 0x4846828: malloc (in /usr/libexec/valgrind/vgpreload_memcheck-amd64-linux.so)
==13956==    by 0x73DDF9: __mn_range (in /mnt/c/Users/Juan/Documents/GitHub/Mapanare/mapanare/self/mnc-stage1)
==13956==    by 0x4221C3: lexer__skip_comment_to_eol (in /mnt/c/Users/Juan/Documents/GitHub/Mapanare/mapanare/self/mnc-stage1)
==13956==    by 0x8000000000000140: ???
==13956==    by 0x6A7751F: ???
==13956==    by 0x8000000000000000: ???
==13956==    by 0x6A799AF: ???
==13956==    by 0x6F: ???
==13956==    by 0x140: ???
==13956==    by 0x8000000000000140: ???
==13956==    by 0x4225F0: lexer__tokenize (in /mnt/c/Users/Juan/Documents/GitHub/Mapanare/mapanare/self/mnc-stage1)
==13956== 
==13956== 16 bytes in 1 blocks are definitely lost in loss record 196 of 425
==13956==    at 0x4846828: malloc (in /usr/libexec/valgrind/vgpreload_memcheck-amd64-linux.so)
==13956==    by 0x73DDF9: __mn_range (in /mnt/c/Users/Juan/Documents/GitHub/Mapanare/mapanare/self/mnc-stage1)
==13956==    by 0x41FF75: lexer__scan_number (in /mnt/c/Users/Juan/Documents/GitHub/Mapanare/mapanare/self/mnc-stage1)
==13956==    by 0x6A775C9: ???
==13956==    by 0x6A73257: ???
==13956== 
==13956== 16 bytes in 1 blocks are definitely lost in loss record 197 of 425
==13956==    at 0x4846828: malloc (in /usr/libexec/valgrind/vgpreload_memcheck-amd64-linux.so)
==13956==    by 0x73DDF9: __mn_range (in /mnt/c/Users/Juan/Documents/GitHub/Mapanare/mapanare/self/mnc-stage1)
==13956==    by 0x41FF75: lexer__scan_number (in /mnt/c/Users/Juan/Documents/GitHub/Mapanare/mapanare/self/mnc-stage1)
==13956==    by 0x6A7FB1F: ???
==13956==    by 0x6A73257: ???
==13956== 
==13956== 16 bytes in 1 blocks are definitely lost in loss record 198 of 425
==13956==    at 0x4846828: malloc (in /usr/libexec/valgrind/vgpreload_memcheck-amd64-linux.so)
==13956==    by 0x73DDF9: __mn_range (in /mnt/c/Users/Juan/Documents/GitHub/Mapanare/mapanare/self/mnc-stage1)
==13956==    by 0x423BE0: parser__parse (in /mnt/c/Users/Juan/Documents/GitHub/Mapanare/mapanare/self/mnc-stage1)
==13956== 
==13956== 16 bytes in 1 blocks are definitely lost in loss record 199 of 425
==13956==    at 0x4846828: malloc (in /usr/libexec/valgrind/vgpreload_memcheck-amd64-linux.so)
==13956==    by 0x73DDF9: __mn_range (in /mnt/c/Users/Juan/Documents/GitHub/Mapanare/mapanare/self/mnc-stage1)
==13956==    by 0x42308E: parser__skip_semis (in /mnt/c/Users/Juan/Documents/GitHub/Mapanare/mapanare/self/mnc-stage1)
==13956==    by 0x1: ???
==13956==    by 0x751AE7: ??? (in /mnt/c/Users/Juan/Documents/GitHub/Mapanare/mapanare/self/mnc-stage1)
==13956==    by 0x5: ???
==13956==    by 0x751AEF: ??? (in /mnt/c/Users/Juan/Documents/GitHub/Mapanare/mapanare/self/mnc-stage1)
==13956== 
==13956== 16 bytes in 1 blocks are definitely lost in loss record 200 of 425
==13956==    at 0x4846828: malloc (in /usr/libexec/valgrind/vgpreload_memcheck-amd64-linux.so)
==13956==    by 0x73DDF9: __mn_range (in /mnt/c/Users/Juan/Documents/GitHub/Mapanare/mapanare/self/mnc-stage1)
==13956==    by 0x42EB95: parser__parse_block (in /mnt/c/Users/Juan/Documents/GitHub/Mapanare/mapanare/self/mnc-stage1)
==13956== 
==13956== 16 bytes in 1 blocks are definitely lost in loss record 201 of 425
==13956==    at 0x4846828: malloc (in /usr/libexec/valgrind/vgpreload_memcheck-amd64-linux.so)
==13956==    by 0x73DDF9: __mn_range (in /mnt/c/Users/Juan/Documents/GitHub/Mapanare/mapanare/self/mnc-stage1)
==13956==    by 0x42308E: parser__skip_semis (in /mnt/c/Users/Juan/Documents/GitHub/Mapanare/mapanare/self/mnc-stage1)
==13956== 
==13956== 16 bytes in 1 blocks are definitely lost in loss record 202 of 425
==13956==    at 0x4846828: malloc (in /usr/libexec/valgrind/vgpreload_memcheck-amd64-linux.so)
==13956==    by 0x73DDF9: __mn_range (in /mnt/c/Users/Juan/Documents/GitHub/Mapanare/mapanare/self/mnc-stage1)
==13956==    by 0x4306E0: parser__parse_postfix (in /mnt/c/Users/Juan/Documents/GitHub/Mapanare/mapanare/self/mnc-stage1)
==13956==    by 0x9: ???
==13956==    by 0x6A8462F: ???
==13956== 
==13956== 16 bytes in 1 blocks are definitely lost in loss record 203 of 425
==13956==    at 0x4846828: malloc (in /usr/libexec/valgrind/vgpreload_memcheck-amd64-linux.so)
==13956==    by 0x73DDF9: __mn_range (in /mnt/c/Users/Juan/Documents/GitHub/Mapanare/mapanare/self/mnc-stage1)
==13956==    by 0x42308E: parser__skip_semis (in /mnt/c/Users/Juan/Documents/GitHub/Mapanare/mapanare/self/mnc-stage1)
==13956==    by 0x6A845DF: ???
==13956== 
==13956== 16 bytes in 1 blocks are definitely lost in loss record 204 of 425
==13956==    at 0x4846828: malloc (in /usr/libexec/valgrind/vgpreload_memcheck-amd64-linux.so)
==13956==    by 0x73DDF9: __mn_range (in /mnt/c/Users/Juan/Documents/GitHub/Mapanare/mapanare/self/mnc-stage1)
==13956==    by 0x42308E: parser__skip_semis (in /mnt/c/Users/Juan/Documents/GitHub/Mapanare/mapanare/self/mnc-stage1)
==13956==    by 0x6A8449F: ???
==13956== 
==13956== 16 bytes in 1 blocks are definitely lost in loss record 205 of 425
==13956==    at 0x4846828: malloc (in /usr/libexec/valgrind/vgpreload_memcheck-amd64-linux.so)
==13956==    by 0x73DDF9: __mn_range (in /mnt/c/Users/Juan/Documents/GitHub/Mapanare/mapanare/self/mnc-stage1)
==13956==    by 0x42EB95: parser__parse_block (in /mnt/c/Users/Juan/Documents/GitHub/Mapanare/mapanare/self/mnc-stage1)
==13956==    by 0x6A8458F: ???
==13956==    by 0x12: ???
==13956== 
==13956== 16 bytes in 1 blocks are definitely lost in loss record 206 of 425
==13956==    at 0x4846828: malloc (in /usr/libexec/valgrind/vgpreload_memcheck-amd64-linux.so)
==13956==    by 0x73DDF9: __mn_range (in /mnt/c/Users/Juan/Documents/GitHub/Mapanare/mapanare/self/mnc-stage1)
==13956==    by 0x42308E: parser__skip_semis (in /mnt/c/Users/Juan/Documents/GitHub/Mapanare/mapanare/self/mnc-stage1)
==13956==    by 0x6A8484F: ???
==13956==    by 0x739F8C: __mn_str_eq (in /mnt/c/Users/Juan/Documents/GitHub/Mapanare/mapanare/self/mnc-stage1)
==13956==    by 0x422FF4: parser__expect (in /mnt/c/Users/Juan/Documents/GitHub/Mapanare/mapanare/self/mnc-stage1)
==13956==    by 0x3F: ???
==13956==    by 0x6A805CF: ???
==13956==    by 0x34: ???
==13956==    by 0x3F: ???
==13956==    by 0x3F: ???
==13956==    by 0x6A84EBF: ???
==13956==    by 0x1101: ???
==13956==    by 0x580053FF: ??? (in /usr/libexec/valgrind/memcheck-amd64-linux)
==13956==    by 0xF: ???
==13956== 
==13956== 16 bytes in 1 blocks are definitely lost in loss record 207 of 425
==13956==    at 0x4846828: malloc (in /usr/libexec/valgrind/vgpreload_memcheck-amd64-linux.so)
==13956==    by 0x73DDF9: __mn_range (in /mnt/c/Users/Juan/Documents/GitHub/Mapanare/mapanare/self/mnc-stage1)
==13956==    by 0x4306E0: parser__parse_postfix (in /mnt/c/Users/Juan/Documents/GitHub/Mapanare/mapanare/self/mnc-stage1)
==13956==    by 0x17: ???
==13956==    by 0x6A84F5F: ???
==13956==    by 0x5: ???
==13956== 
==13956== 16 bytes in 1 blocks are definitely lost in loss record 208 of 425
==13956==    at 0x4846828: malloc (in /usr/libexec/valgrind/vgpreload_memcheck-amd64-linux.so)
==13956==    by 0x73DDF9: __mn_range (in /mnt/c/Users/Juan/Documents/GitHub/Mapanare/mapanare/self/mnc-stage1)
==13956==    by 0x42308E: parser__skip_semis (in /mnt/c/Users/Juan/Documents/GitHub/Mapanare/mapanare/self/mnc-stage1)
==13956==    by 0x6A84F0F: ???
==13956== 
==13956== 16 bytes in 1 blocks are definitely lost in loss record 209 of 425
==13956==    at 0x4846828: malloc (in /usr/libexec/valgrind/vgpreload_memcheck-amd64-linux.so)
==13956==    by 0x73DDF9: __mn_range (in /mnt/c/Users/Juan/Documents/GitHub/Mapanare/mapanare/self/mnc-stage1)
==13956==    by 0x4306E0: parser__parse_postfix (in /mnt/c/Users/Juan/Documents/GitHub/Mapanare/mapanare/self/mnc-stage1)
==13956==    by 0x1B: ???
==13956==    by 0x6A8534F: ???
==13956==    by 0x5: ???
==13956==    by 0x8000000000000049: ???
==13956== 
==13956== 16 bytes in 1 blocks are definitely lost in loss record 210 of 425
==13956==    at 0x4846828: malloc (in /usr/libexec/valgrind/vgpreload_memcheck-amd64-linux.so)
==13956==    by 0x73DDF9: __mn_range (in /mnt/c/Users/Juan/Documents/GitHub/Mapanare/mapanare/self/mnc-stage1)
==13956==    by 0x42FA6B: parser__parse_expr (in /mnt/c/Users/Juan/Documents/GitHub/Mapanare/mapanare/self/mnc-stage1)
==13956==    by 0x6A805CF: ???
==13956==    by 0x5: ???
==13956==    by 0x6A8534F: ???
==13956==    by 0x3F: ???
==13956==    by 0x34: ???
==13956==    by 0x3F: ???
==13956==    by 0x6A805CF: ???
==13956==    by 0x6A805CF: ???
==13956==    by 0x34: ???
==13956==    by 0x3F: ???
==13956==    by 0x3F: ???
==13956== 
==13956== 16 bytes in 1 blocks are definitely lost in loss record 211 of 425
==13956==    at 0x4846828: malloc (in /usr/libexec/valgrind/vgpreload_memcheck-amd64-linux.so)
==13956==    by 0x73DDF9: __mn_range (in /mnt/c/Users/Juan/Documents/GitHub/Mapanare/mapanare/self/mnc-stage1)
==13956==    by 0x4306E0: parser__parse_postfix (in /mnt/c/Users/Juan/Documents/GitHub/Mapanare/mapanare/self/mnc-stage1)
==13956==    by 0x1D: ???
==13956==    by 0x6A8543F: ???
==13956== 
==13956== 16 bytes in 1 blocks are definitely lost in loss record 212 of 425
==13956==    at 0x4846828: malloc (in /usr/libexec/valgrind/vgpreload_memcheck-amd64-linux.so)
==13956==    by 0x73DDF9: __mn_range (in /mnt/c/Users/Juan/Documents/GitHub/Mapanare/mapanare/self/mnc-stage1)
==13956==    by 0x42308E: parser__skip_semis (in /mnt/c/Users/Juan/Documents/GitHub/Mapanare/mapanare/self/mnc-stage1)
==13956==    by 0x6A852FF: ???
==13956== 
==13956== 16 bytes in 1 blocks are definitely lost in loss record 213 of 425
==13956==    at 0x4846828: malloc (in /usr/libexec/valgrind/vgpreload_memcheck-amd64-linux.so)
==13956==    by 0x73DDF9: __mn_range (in /mnt/c/Users/Juan/Documents/GitHub/Mapanare/mapanare/self/mnc-stage1)
==13956==    by 0x42308E: parser__skip_semis (in /mnt/c/Users/Juan/Documents/GitHub/Mapanare/mapanare/self/mnc-stage1)
==13956==    by 0x6A84DCF: ???
==13956== 
==13956== 16 bytes in 1 blocks are definitely lost in loss record 214 of 425
==13956==    at 0x4846828: malloc (in /usr/libexec/valgrind/vgpreload_memcheck-amd64-linux.so)
==13956==    by 0x73DDF9: __mn_range (in /mnt/c/Users/Juan/Documents/GitHub/Mapanare/mapanare/self/mnc-stage1)
==13956==    by 0x42EB95: parser__parse_block (in /mnt/c/Users/Juan/Documents/GitHub/Mapanare/mapanare/self/mnc-stage1)
==13956==    by 0x6A84EBF: ???
==13956==    by 0x23: ???
==13956== 
==13956== 16 bytes in 1 blocks are definitely lost in loss record 215 of 425
==13956==    at 0x4846828: malloc (in /usr/libexec/valgrind/vgpreload_memcheck-amd64-linux.so)
==13956==    by 0x73DDF9: __mn_range (in /mnt/c/Users/Juan/Documents/GitHub/Mapanare/mapanare/self/mnc-stage1)
==13956==    by 0x42308E: parser__skip_semis (in /mnt/c/Users/Juan/Documents/GitHub/Mapanare/mapanare/self/mnc-stage1)
==13956==    by 0x6A8568F: ???
==13956==    by 0x739F8C: __mn_str_eq (in /mnt/c/Users/Juan/Documents/GitHub/Mapanare/mapanare/self/mnc-stage1)
==13956==    by 0x422FF4: parser__expect (in /mnt/c/Users/Juan/Documents/GitHub/Mapanare/mapanare/self/mnc-stage1)
==13956==    by 0x3F: ???
==13956==    by 0x6A805CF: ???
==13956==    by 0x34: ???
==13956==    by 0x3F: ???
==13956==    by 0x3F: ???
==13956==    by 0x6A85B8F: ???
==13956==    by 0x1101: ???
==13956==    by 0x580053FF: ??? (in /usr/libexec/valgrind/memcheck-amd64-linux)
==13956==    by 0xF: ???
==13956== 
==13956== 16 bytes in 1 blocks are definitely lost in loss record 216 of 425
==13956==    at 0x4846828: malloc (in /usr/libexec/valgrind/vgpreload_memcheck-amd64-linux.so)
==13956==    by 0x73DDF9: __mn_range (in /mnt/c/Users/Juan/Documents/GitHub/Mapanare/mapanare/self/mnc-stage1)
==13956==    by 0x4306E0: parser__parse_postfix (in /mnt/c/Users/Juan/Documents/GitHub/Mapanare/mapanare/self/mnc-stage1)
==13956==    by 0x27: ???
==13956==    by 0x6A85C2F: ???
==13956==    by 0x5: ???
==13956==    by 0x270F: ???
==13956== 
==13956== 16 bytes in 1 blocks are definitely lost in loss record 217 of 425
==13956==    at 0x4846828: malloc (in /usr/libexec/valgrind/vgpreload_memcheck-amd64-linux.so)
==13956==    by 0x73DDF9: __mn_range (in /mnt/c/Users/Juan/Documents/GitHub/Mapanare/mapanare/self/mnc-stage1)
==13956==    by 0x4306E0: parser__parse_postfix (in /mnt/c/Users/Juan/Documents/GitHub/Mapanare/mapanare/self/mnc-stage1)
==13956==    by 0x29: ???
==13956==    by 0x6A85CCF: ???
==13956==    by 0x5: ???
==13956== 
==13956== 16 bytes in 1 blocks are definitely lost in loss record 218 of 425
==13956==    at 0x4846828: malloc (in /usr/libexec/valgrind/vgpreload_memcheck-amd64-linux.so)
==13956==    by 0x73DDF9: __mn_range (in /mnt/c/Users/Juan/Documents/GitHub/Mapanare/mapanare/self/mnc-stage1)
==13956==    by 0x42FA6B: parser__parse_expr (in /mnt/c/Users/Juan/Documents/GitHub/Mapanare/mapanare/self/mnc-stage1)
==13956==    by 0xF: ???
==13956==    by 0x8: ???
==13956==    by 0x6A85D6F: ???
==13956==    by 0x3F: ???
==13956==    by 0x34: ???
==13956==    by 0x3F: ???
==13956==    by 0x6A805CF: ???
==13956==    by 0x6A805CF: ???
==13956==    by 0x34: ???
==13956==    by 0x3F: ???
==13956==    by 0x3F: ???
==13956== 
==13956== 16 bytes in 1 blocks are definitely lost in loss record 219 of 425
==13956==    at 0x4846828: malloc (in /usr/libexec/valgrind/vgpreload_memcheck-amd64-linux.so)
==13956==    by 0x73DDF9: __mn_range (in /mnt/c/Users/Juan/Documents/GitHub/Mapanare/mapanare/self/mnc-stage1)
==13956==    by 0x42308E: parser__skip_semis (in /mnt/c/Users/Juan/Documents/GitHub/Mapanare/mapanare/self/mnc-stage1)
==13956==    by 0x6A85BDF: ???
==13956== 
==13956== 16 bytes in 1 blocks are definitely lost in loss record 220 of 425
==13956==    at 0x4846828: malloc (in /usr/libexec/valgrind/vgpreload_memcheck-amd64-linux.so)
==13956==    by 0x73DDF9: __mn_range (in /mnt/c/Users/Juan/Documents/GitHub/Mapanare/mapanare/self/mnc-stage1)
==13956==    by 0x4306E0: parser__parse_postfix (in /mnt/c/Users/Juan/Documents/GitHub/Mapanare/mapanare/self/mnc-stage1)
==13956==    by 0x2D: ???
==13956==    by 0x6A8624F: ???
==13956==    by 0x5: ???
==13956==    by 0x6A805CF: ???
==13956==    by 0x34: ???
==13956==    by 0x3F: ???
==13956==    by 0x3F: ???
==13956==    by 0x6A8605F: ???
==13956==    by 0x1101: ???
==13956==    by 0x580053FF: ??? (in /usr/libexec/valgrind/memcheck-amd64-linux)
==13956==    by 0xF: ???
==13956== 
==13956== 16 bytes in 1 blocks are definitely lost in loss record 221 of 425
==13956==    at 0x4846828: malloc (in /usr/libexec/valgrind/vgpreload_memcheck-amd64-linux.so)
==13956==    by 0x73DDF9: __mn_range (in /mnt/c/Users/Juan/Documents/GitHub/Mapanare/mapanare/self/mnc-stage1)
==13956==    by 0x4306E0: parser__parse_postfix (in /mnt/c/Users/Juan/Documents/GitHub/Mapanare/mapanare/self/mnc-stage1)
==13956==    by 0x2F: ???
==13956==    by 0x6A862EF: ???
==13956==    by 0x5: ???
==13956==    by 0x6A805CF: ???
==13956==    by 0x34: ???
==13956==    by 0x3F: ???
==13956==    by 0x3F: ???
==13956==    by 0x6A85E2F: ???
==13956==    by 0x1101: ???
==13956==    by 0x580053FF: ??? (in /usr/libexec/valgrind/memcheck-amd64-linux)
==13956==    by 0xF: ???
==13956== 
==13956== 16 bytes in 1 blocks are definitely lost in loss record 222 of 425
==13956==    at 0x4846828: malloc (in /usr/libexec/valgrind/vgpreload_memcheck-amd64-linux.so)
==13956==    by 0x73DDF9: __mn_range (in /mnt/c/Users/Juan/Documents/GitHub/Mapanare/mapanare/self/mnc-stage1)
==13956==    by 0x4306E0: parser__parse_postfix (in /mnt/c/Users/Juan/Documents/GitHub/Mapanare/mapanare/self/mnc-stage1)
==13956==    by 0x31: ???
==13956==    by 0x6A8638F: ???
==13956==    by 0x5: ???
==13956== 
==13956== 16 bytes in 1 blocks are definitely lost in loss record 223 of 425
==13956==    at 0x4846828: malloc (in /usr/libexec/valgrind/vgpreload_memcheck-amd64-linux.so)
==13956==    by 0x73DDF9: __mn_range (in /mnt/c/Users/Juan/Documents/GitHub/Mapanare/mapanare/self/mnc-stage1)
==13956==    by 0x42FA6B: parser__parse_expr (in /mnt/c/Users/Juan/Documents/GitHub/Mapanare/mapanare/self/mnc-stage1)
==13956==    by 0x34: ???
==13956==    by 0x8: ???
==13956==    by 0x6A8659F: ???
==13956==    by 0x3F: ???
==13956==    by 0x34: ???
==13956==    by 0x3F: ???
==13956==    by 0x6A805CF: ???
==13956==    by 0x6A805CF: ???
==13956==    by 0x34: ???
==13956==    by 0x3F: ???
==13956==    by 0x3F: ???
==13956== 
==13956== 16 bytes in 1 blocks are definitely lost in loss record 224 of 425
==13956==    at 0x4846828: malloc (in /usr/libexec/valgrind/vgpreload_memcheck-amd64-linux.so)
==13956==    by 0x73DDF9: __mn_range (in /mnt/c/Users/Juan/Documents/GitHub/Mapanare/mapanare/self/mnc-stage1)
==13956==    by 0x42FA6B: parser__parse_expr (in /mnt/c/Users/Juan/Documents/GitHub/Mapanare/mapanare/self/mnc-stage1)
==13956==    by 0x34: ???
==13956==    by 0x8: ???
==13956==    by 0x6A867CF: ???
==13956==    by 0x3F: ???
==13956==    by 0x34: ???
==13956==    by 0x3F: ???
==13956==    by 0x6A805CF: ???
==13956==    by 0x6A805CF: ???
==13956==    by 0x34: ???
==13956==    by 0x3F: ???
==13956==    by 0x3F: ???
==13956== 
==13956== 16 bytes in 1 blocks are definitely lost in loss record 225 of 425
==13956==    at 0x4846828: malloc (in /usr/libexec/valgrind/vgpreload_memcheck-amd64-linux.so)
==13956==    by 0x73DDF9: __mn_range (in /mnt/c/Users/Juan/Documents/GitHub/Mapanare/mapanare/self/mnc-stage1)
==13956==    by 0x42308E: parser__skip_semis (in /mnt/c/Users/Juan/Documents/GitHub/Mapanare/mapanare/self/mnc-stage1)
==13956==    by 0x6A861FF: ???
==13956== 
==13956== 16 bytes in 1 blocks are definitely lost in loss record 226 of 425
==13956==    at 0x4846828: malloc (in /usr/libexec/valgrind/vgpreload_memcheck-amd64-linux.so)
==13956==    by 0x73DDF9: __mn_range (in /mnt/c/Users/Juan/Documents/GitHub/Mapanare/mapanare/self/mnc-stage1)
==13956==    by 0x42308E: parser__skip_semis (in /mnt/c/Users/Juan/Documents/GitHub/Mapanare/mapanare/self/mnc-stage1)
==13956==    by 0x6A85B3F: ???
==13956== 
==13956== 16 bytes in 1 blocks are definitely lost in loss record 227 of 425
==13956==    at 0x4846828: malloc (in /usr/libexec/valgrind/vgpreload_memcheck-amd64-linux.so)
==13956==    by 0x73DDF9: __mn_range (in /mnt/c/Users/Juan/Documents/GitHub/Mapanare/mapanare/self/mnc-stage1)
==13956==    by 0x4139FD: dir_of_path (in /mnt/c/Users/Juan/Documents/GitHub/Mapanare/mapanare/self/mnc-stage1)
==13956== 
==13956== 16 bytes in 1 blocks are definitely lost in loss record 228 of 425
==13956==    at 0x4846828: malloc (in /usr/libexec/valgrind/vgpreload_memcheck-amd64-linux.so)
==13956==    by 0x73DDF9: __mn_range (in /mnt/c/Users/Juan/Documents/GitHub/Mapanare/mapanare/self/mnc-stage1)
==13956==    by 0x414E82: resolve_imports (in /mnt/c/Users/Juan/Documents/GitHub/Mapanare/mapanare/self/mnc-stage1)
==13956==    by 0x6A73667: ???
==13956==    by 0x34: ???
==13956== 
==13956== 16 bytes in 1 blocks are definitely lost in loss record 229 of 425
==13956==    at 0x4846828: malloc (in /usr/libexec/valgrind/vgpreload_memcheck-amd64-linux.so)
==13956==    by 0x73DDF9: __mn_range (in /mnt/c/Users/Juan/Documents/GitHub/Mapanare/mapanare/self/mnc-stage1)
==13956==    by 0x41550C: resolve_imports (in /mnt/c/Users/Juan/Documents/GitHub/Mapanare/mapanare/self/mnc-stage1)
==13956==    by 0x6A73667: ???
==13956==    by 0x34: ???
==13956== 
==13956== 16 bytes in 1 blocks are definitely lost in loss record 230 of 425
==13956==    at 0x4846828: malloc (in /usr/libexec/valgrind/vgpreload_memcheck-amd64-linux.so)
==13956==    by 0x73DDF9: __mn_range (in /mnt/c/Users/Juan/Documents/GitHub/Mapanare/mapanare/self/mnc-stage1)
==13956==    by 0x476A0C: semantic__register_definitions (in /mnt/c/Users/Juan/Documents/GitHub/Mapanare/mapanare/self/mnc-stage1)
==13956== 
==13956== 16 bytes in 1 blocks are definitely lost in loss record 231 of 425
==13956==    at 0x4846828: malloc (in /usr/libexec/valgrind/vgpreload_memcheck-amd64-linux.so)
==13956==    by 0x73DDF9: __mn_range (in /mnt/c/Users/Juan/Documents/GitHub/Mapanare/mapanare/self/mnc-stage1)
==13956==    by 0x47E7FC: semantic__check_definitions (in /mnt/c/Users/Juan/Documents/GitHub/Mapanare/mapanare/self/mnc-stage1)
==13956==    by 0x6A949AF: ???
==13956== 
==13956== 16 bytes in 1 blocks are definitely lost in loss record 232 of 425
==13956==    at 0x4846828: malloc (in /usr/libexec/valgrind/vgpreload_memcheck-amd64-linux.so)
==13956==    by 0x73DDF9: __mn_range (in /mnt/c/Users/Juan/Documents/GitHub/Mapanare/mapanare/self/mnc-stage1)
==13956==    by 0x46E208: semantic__check_block (in /mnt/c/Users/Juan/Documents/GitHub/Mapanare/mapanare/self/mnc-stage1)
==13956== 
==13956== 16 bytes in 1 blocks are definitely lost in loss record 233 of 425
==13956==    at 0x4846828: malloc (in /usr/libexec/valgrind/vgpreload_memcheck-amd64-linux.so)
==13956==    by 0x73DDF9: __mn_range (in /mnt/c/Users/Juan/Documents/GitHub/Mapanare/mapanare/self/mnc-stage1)
==13956==    by 0x46E208: semantic__check_block (in /mnt/c/Users/Juan/Documents/GitHub/Mapanare/mapanare/self/mnc-stage1)
==13956==    by 0x6A9541F: ???
==13956== 
==13956== 16 bytes in 1 blocks are definitely lost in loss record 234 of 425
==13956==    at 0x4846828: malloc (in /usr/libexec/valgrind/vgpreload_memcheck-amd64-linux.so)
==13956==    by 0x73DDF9: __mn_range (in /mnt/c/Users/Juan/Documents/GitHub/Mapanare/mapanare/self/mnc-stage1)
==13956==    by 0x46E208: semantic__check_block (in /mnt/c/Users/Juan/Documents/GitHub/Mapanare/mapanare/self/mnc-stage1)
==13956==    by 0x6A9571F: ???
==13956== 
==13956== 16 bytes in 1 blocks are definitely lost in loss record 235 of 425
==13956==    at 0x4846828: malloc (in /usr/libexec/valgrind/vgpreload_memcheck-amd64-linux.so)
==13956==    by 0x73DDF9: __mn_range (in /mnt/c/Users/Juan/Documents/GitHub/Mapanare/mapanare/self/mnc-stage1)
==13956==    by 0x4380F6: semantic__scope_lookup (in /mnt/c/Users/Juan/Documents/GitHub/Mapanare/mapanare/self/mnc-stage1)
==13956==    by 0x75298F: ??? (in /mnt/c/Users/Juan/Documents/GitHub/Mapanare/mapanare/self/mnc-stage1)
==13956==    by 0x6A64FD7: ???
==13956==    by 0x6A9518F: ???
==13956==    by 0x44EA3F: semantic__check_binary_expr (in /mnt/c/Users/Juan/Documents/GitHub/Mapanare/mapanare/self/mnc-stage1)
==13956==    by 0x751C77: ??? (in /mnt/c/Users/Juan/Documents/GitHub/Mapanare/mapanare/self/mnc-stage1)
==13956== 
==13956== 30 bytes in 1 blocks are still reachable in loss record 236 of 425
==13956==    at 0x484D953: calloc (in /usr/libexec/valgrind/vgpreload_memcheck-amd64-linux.so)
==13956==    by 0x739049: __mn_alloc (in /mnt/c/Users/Juan/Documents/GitHub/Mapanare/mapanare/self/mnc-stage1)
==13956==    by 0x739C2E: __mn_str_concat (in /mnt/c/Users/Juan/Documents/GitHub/Mapanare/mapanare/self/mnc-stage1)
==13956==    by 0x45B576: semantic__check_call_resolved (in /mnt/c/Users/Juan/Documents/GitHub/Mapanare/mapanare/self/mnc-stage1)
==13956== 
==13956== 32 bytes in 1 blocks are indirectly lost in loss record 237 of 425
==13956==    at 0x4846828: malloc (in /usr/libexec/valgrind/vgpreload_memcheck-amd64-linux.so)
==13956==    by 0x42FDA6: parser__parse_expr (in /mnt/c/Users/Juan/Documents/GitHub/Mapanare/mapanare/self/mnc-stage1)
==13956==    by 0x6A805CF: ???
==13956==    by 0x5: ???
==13956==    by 0x6A8534F: ???
==13956==    by 0x3F: ???
==13956==    by 0x34: ???
==13956==    by 0x3F: ???
==13956==    by 0x6A805CF: ???
==13956==    by 0x6A805CF: ???
==13956==    by 0x34: ???
==13956==    by 0x3F: ???
==13956==    by 0x3F: ???
==13956== 
==13956== 32 bytes in 2 blocks are indirectly lost in loss record 238 of 425
==13956==    at 0x4846828: malloc (in /usr/libexec/valgrind/vgpreload_memcheck-amd64-linux.so)
==13956==    by 0x43689C: parser__parse_type_expr (in /mnt/c/Users/Juan/Documents/GitHub/Mapanare/mapanare/self/mnc-stage1)
==13956==    by 0x3F: ???
==13956==    by 0x6A805CF: ???
==13956==    by 0x34: ???
==13956==    by 0x3F: ???
==13956==    by 0x3F: ???
==13956== 
==13956== 32 bytes in 2 blocks are indirectly lost in loss record 239 of 425
==13956==    at 0x4846828: malloc (in /usr/libexec/valgrind/vgpreload_memcheck-amd64-linux.so)
==13956==    by 0x430D69: parser__parse_call_args (in /mnt/c/Users/Juan/Documents/GitHub/Mapanare/mapanare/self/mnc-stage1)
==13956==    by 0x6A805CF: ???
==13956==    by 0x34: ???
==13956==    by 0x3F: ???
==13956==    by 0x3F: ???
==13956== 
==13956== 34 bytes in 3 blocks are definitely lost in loss record 240 of 425
==13956==    at 0x484D953: calloc (in /usr/libexec/valgrind/vgpreload_memcheck-amd64-linux.so)
==13956==    by 0x739049: __mn_alloc (in /mnt/c/Users/Juan/Documents/GitHub/Mapanare/mapanare/self/mnc-stage1)
==13956==    by 0x739C2E: __mn_str_concat (in /mnt/c/Users/Juan/Documents/GitHub/Mapanare/mapanare/self/mnc-stage1)
==13956==    by 0x414989: has_later_def (in /mnt/c/Users/Juan/Documents/GitHub/Mapanare/mapanare/self/mnc-stage1)
==13956== 
==13956== 34 bytes in 17 blocks are definitely lost in loss record 241 of 425
==13956==    at 0x484D953: calloc (in /usr/libexec/valgrind/vgpreload_memcheck-amd64-linux.so)
==13956==    by 0x739049: __mn_alloc (in /mnt/c/Users/Juan/Documents/GitHub/Mapanare/mapanare/self/mnc-stage1)
==13956==    by 0x73980B: __mn_str_from_parts (in /mnt/c/Users/Juan/Documents/GitHub/Mapanare/mapanare/self/mnc-stage1)
==13956==    by 0x413A46: dir_of_path (in /mnt/c/Users/Juan/Documents/GitHub/Mapanare/mapanare/self/mnc-stage1)
==13956== 
==13956== 35 bytes in 3 blocks are definitely lost in loss record 242 of 425
==13956==    at 0x484D953: calloc (in /usr/libexec/valgrind/vgpreload_memcheck-amd64-linux.so)
==13956==    by 0x739049: __mn_alloc (in /mnt/c/Users/Juan/Documents/GitHub/Mapanare/mapanare/self/mnc-stage1)
==13956==    by 0x739C2E: __mn_str_concat (in /mnt/c/Users/Juan/Documents/GitHub/Mapanare/mapanare/self/mnc-stage1)
==13956==    by 0x414BE5: dedup_definitions (in /mnt/c/Users/Juan/Documents/GitHub/Mapanare/mapanare/self/mnc-stage1)
==13956== 
==13956== 40 bytes in 20 blocks are definitely lost in loss record 243 of 425
==13956==    at 0x484D953: calloc (in /usr/libexec/valgrind/vgpreload_memcheck-amd64-linux.so)
==13956==    by 0x739049: __mn_alloc (in /mnt/c/Users/Juan/Documents/GitHub/Mapanare/mapanare/self/mnc-stage1)
==13956==    by 0x73980B: __mn_str_from_parts (in /mnt/c/Users/Juan/Documents/GitHub/Mapanare/mapanare/self/mnc-stage1)
==13956==    by 0x4221F4: lexer__skip_comment_to_eol (in /mnt/c/Users/Juan/Documents/GitHub/Mapanare/mapanare/self/mnc-stage1)
==13956==    by 0x8000000000000140: ???
==13956==    by 0x6A7751F: ???
==13956==    by 0x8000000000000000: ???
==13956==    by 0x6A799AF: ???
==13956==    by 0x6F: ???
==13956==    by 0x140: ???
==13956==    by 0x8000000000000140: ???
==13956==    by 0x4225F0: lexer__tokenize (in /mnt/c/Users/Juan/Documents/GitHub/Mapanare/mapanare/self/mnc-stage1)
==13956== 
==13956== 44 bytes in 22 blocks are definitely lost in loss record 244 of 425
==13956==    at 0x484D953: calloc (in /usr/libexec/valgrind/vgpreload_memcheck-amd64-linux.so)
==13956==    by 0x739049: __mn_alloc (in /mnt/c/Users/Juan/Documents/GitHub/Mapanare/mapanare/self/mnc-stage1)
==13956==    by 0x73980B: __mn_str_from_parts (in /mnt/c/Users/Juan/Documents/GitHub/Mapanare/mapanare/self/mnc-stage1)
==13956==    by 0x41FA94: lexer__scan_ident (in /mnt/c/Users/Juan/Documents/GitHub/Mapanare/mapanare/self/mnc-stage1)
==13956==    by 0x75156F: ??? (in /mnt/c/Users/Juan/Documents/GitHub/Mapanare/mapanare/self/mnc-stage1)
==13956== 
==13956== 48 bytes in 2 blocks are indirectly lost in loss record 245 of 425
==13956==    at 0x4846828: malloc (in /usr/libexec/valgrind/vgpreload_memcheck-amd64-linux.so)
==13956==    by 0x42F608: parser__parse_return_stmt (in /mnt/c/Users/Juan/Documents/GitHub/Mapanare/mapanare/self/mnc-stage1)
==13956==    by 0x3F: ???
==13956== 
==13956== 48 bytes in 3 blocks are indirectly lost in loss record 246 of 425
==13956==    at 0x4846828: malloc (in /usr/libexec/valgrind/vgpreload_memcheck-amd64-linux.so)
==13956==    by 0x431081: parser__parse_call_args (in /mnt/c/Users/Juan/Documents/GitHub/Mapanare/mapanare/self/mnc-stage1)
==13956==    by 0x6A805CF: ???
==13956==    by 0x34: ???
==13956==    by 0x3F: ???
==13956==    by 0x3F: ???
==13956== 
==13956== 48 bytes in 3 blocks are definitely lost in loss record 247 of 425
==13956==    at 0x4846828: malloc (in /usr/libexec/valgrind/vgpreload_memcheck-amd64-linux.so)
==13956==    by 0x73DDF9: __mn_range (in /mnt/c/Users/Juan/Documents/GitHub/Mapanare/mapanare/self/mnc-stage1)
==13956==    by 0x430E1A: parser__parse_call_args (in /mnt/c/Users/Juan/Documents/GitHub/Mapanare/mapanare/self/mnc-stage1)
==13956==    by 0x6A805CF: ???
==13956==    by 0x34: ???
==13956==    by 0x3F: ???
==13956==    by 0x3F: ???
==13956== 
==13956== 48 bytes in 3 blocks are definitely lost in loss record 248 of 425
==13956==    at 0x4846828: malloc (in /usr/libexec/valgrind/vgpreload_memcheck-amd64-linux.so)
==13956==    by 0x73DDF9: __mn_range (in /mnt/c/Users/Juan/Documents/GitHub/Mapanare/mapanare/self/mnc-stage1)
==13956==    by 0x477C10: semantic__register_def (in /mnt/c/Users/Juan/Documents/GitHub/Mapanare/mapanare/self/mnc-stage1)
==13956== 
==13956== 48 bytes in 3 blocks are definitely lost in loss record 249 of 425
==13956==    at 0x4846828: malloc (in /usr/libexec/valgrind/vgpreload_memcheck-amd64-linux.so)
==13956==    by 0x73DDF9: __mn_range (in /mnt/c/Users/Juan/Documents/GitHub/Mapanare/mapanare/self/mnc-stage1)
==13956==    by 0x481BB2: semantic__check_fn_body (in /mnt/c/Users/Juan/Documents/GitHub/Mapanare/mapanare/self/mnc-stage1)
==13956== 
==13956== 48 bytes in 24 blocks are definitely lost in loss record 250 of 425
==13956==    at 0x484D953: calloc (in /usr/libexec/valgrind/vgpreload_memcheck-amd64-linux.so)
==13956==    by 0x739049: __mn_alloc (in /mnt/c/Users/Juan/Documents/GitHub/Mapanare/mapanare/self/mnc-stage1)
==13956==    by 0x73980B: __mn_str_from_parts (in /mnt/c/Users/Juan/Documents/GitHub/Mapanare/mapanare/self/mnc-stage1)
==13956==    by 0x41FA6B: lexer__scan_ident (in /mnt/c/Users/Juan/Documents/GitHub/Mapanare/mapanare/self/mnc-stage1)
==13956==    by 0x75156F: ??? (in /mnt/c/Users/Juan/Documents/GitHub/Mapanare/mapanare/self/mnc-stage1)
==13956== 
==13956== 54 bytes in 27 blocks are definitely lost in loss record 251 of 425
==13956==    at 0x484D953: calloc (in /usr/libexec/valgrind/vgpreload_memcheck-amd64-linux.so)
==13956==    by 0x739049: __mn_alloc (in /mnt/c/Users/Juan/Documents/GitHub/Mapanare/mapanare/self/mnc-stage1)
==13956==    by 0x73980B: __mn_str_from_parts (in /mnt/c/Users/Juan/Documents/GitHub/Mapanare/mapanare/self/mnc-stage1)
==13956==    by 0x420FFD: lexer__scan_op (in /mnt/c/Users/Juan/Documents/GitHub/Mapanare/mapanare/self/mnc-stage1)
==13956==    by 0x1102: ???
==13956==    by 0x6A73417: ???
==13956== 
==13956== 56 bytes in 1 blocks are indirectly lost in loss record 252 of 425
==13956==    at 0x4846828: malloc (in /usr/libexec/valgrind/vgpreload_memcheck-amd64-linux.so)
==13956==    by 0x478338: semantic__register_def (in /mnt/c/Users/Juan/Documents/GitHub/Mapanare/mapanare/self/mnc-stage1)
==13956== 
==13956== 56 bytes in 1 blocks are definitely lost in loss record 253 of 425
==13956==    at 0x484D953: calloc (in /usr/libexec/valgrind/vgpreload_memcheck-amd64-linux.so)
==13956==    by 0x415B0F: compile (in /mnt/c/Users/Juan/Documents/GitHub/Mapanare/mapanare/self/mnc-stage1)
==13956== 
==13956== 56 bytes in 1 blocks are definitely lost in loss record 254 of 425
==13956==    at 0x4846828: malloc (in /usr/libexec/valgrind/vgpreload_memcheck-amd64-linux.so)
==13956==    by 0x48A783: semantic__register_builtins (in /mnt/c/Users/Juan/Documents/GitHub/Mapanare/mapanare/self/mnc-stage1)
==13956== 
==13956== 56 bytes in 1 blocks are definitely lost in loss record 255 of 425
==13956==    at 0x4846828: malloc (in /usr/libexec/valgrind/vgpreload_memcheck-amd64-linux.so)
==13956==    by 0x497FC2: semantic__register_builtins (in /mnt/c/Users/Juan/Documents/GitHub/Mapanare/mapanare/self/mnc-stage1)
==13956== 
==13956== 58 bytes in 1 blocks are definitely lost in loss record 256 of 425
==13956==    at 0x484D953: calloc (in /usr/libexec/valgrind/vgpreload_memcheck-amd64-linux.so)
==13956==    by 0x739049: __mn_alloc (in /mnt/c/Users/Juan/Documents/GitHub/Mapanare/mapanare/self/mnc-stage1)
==13956==    by 0x73980B: __mn_str_from_parts (in /mnt/c/Users/Juan/Documents/GitHub/Mapanare/mapanare/self/mnc-stage1)
==13956==    by 0x413A7B: dir_of_path (in /mnt/c/Users/Juan/Documents/GitHub/Mapanare/mapanare/self/mnc-stage1)
==13956== 
==13956== 64 bytes in 4 blocks are indirectly lost in loss record 257 of 425
==13956==    at 0x4846828: malloc (in /usr/libexec/valgrind/vgpreload_memcheck-amd64-linux.so)
==13956==    by 0x433542: parser__parse_atom (in /mnt/c/Users/Juan/Documents/GitHub/Mapanare/mapanare/self/mnc-stage1)
==13956== 
==13956== 64 bytes in 4 blocks are definitely lost in loss record 258 of 425
==13956==    at 0x4846828: malloc (in /usr/libexec/valgrind/vgpreload_memcheck-amd64-linux.so)
==13956==    by 0x73DDF9: __mn_range (in /mnt/c/Users/Juan/Documents/GitHub/Mapanare/mapanare/self/mnc-stage1)
==13956==    by 0x458FB5: semantic__check_call_expr (in /mnt/c/Users/Juan/Documents/GitHub/Mapanare/mapanare/self/mnc-stage1)
==13956== 
==13956== 75 bytes in 1 blocks are possibly lost in loss record 259 of 425
==13956==    at 0x484D953: calloc (in /usr/libexec/valgrind/vgpreload_memcheck-amd64-linux.so)
==13956==    by 0x739049: __mn_alloc (in /mnt/c/Users/Juan/Documents/GitHub/Mapanare/mapanare/self/mnc-stage1)
==13956==    by 0x739732: __mn_str_from_cstr (in /mnt/c/Users/Juan/Documents/GitHub/Mapanare/mapanare/self/mnc-stage1)
==13956==    by 0x418B0A: mn_main (in /mnt/c/Users/Juan/Documents/GitHub/Mapanare/mapanare/self/mnc-stage1)
==13956==    by 0x4989A63: clone (clone.S:100)
==13956== 
==13956== 76 bytes in 1 blocks are definitely lost in loss record 260 of 425
==13956==    at 0x484D953: calloc (in /usr/libexec/valgrind/vgpreload_memcheck-amd64-linux.so)
==13956==    by 0x739049: __mn_alloc (in /mnt/c/Users/Juan/Documents/GitHub/Mapanare/mapanare/self/mnc-stage1)
==13956==    by 0x739C2E: __mn_str_concat (in /mnt/c/Users/Juan/Documents/GitHub/Mapanare/mapanare/self/mnc-stage1)
==13956==    by 0x418FA1: mn_main (in /mnt/c/Users/Juan/Documents/GitHub/Mapanare/mapanare/self/mnc-stage1)
==13956== 
==13956== 77 bytes in 1 blocks are definitely lost in loss record 261 of 425
==13956==    at 0x484D953: calloc (in /usr/libexec/valgrind/vgpreload_memcheck-amd64-linux.so)
==13956==    by 0x739049: __mn_alloc (in /mnt/c/Users/Juan/Documents/GitHub/Mapanare/mapanare/self/mnc-stage1)
==13956==    by 0x739C2E: __mn_str_concat (in /mnt/c/Users/Juan/Documents/GitHub/Mapanare/mapanare/self/mnc-stage1)
==13956==    by 0x418FDA: mn_main (in /mnt/c/Users/Juan/Documents/GitHub/Mapanare/mapanare/self/mnc-stage1)
==13956== 
==13956== 78 bytes in 1 blocks are definitely lost in loss record 262 of 425
==13956==    at 0x484D953: calloc (in /usr/libexec/valgrind/vgpreload_memcheck-amd64-linux.so)
==13956==    by 0x739049: __mn_alloc (in /mnt/c/Users/Juan/Documents/GitHub/Mapanare/mapanare/self/mnc-stage1)
==13956==    by 0x739C2E: __mn_str_concat (in /mnt/c/Users/Juan/Documents/GitHub/Mapanare/mapanare/self/mnc-stage1)
==13956==    by 0x418FF1: mn_main (in /mnt/c/Users/Juan/Documents/GitHub/Mapanare/mapanare/self/mnc-stage1)
==13956== 
==13956== 79 bytes in 1 blocks are definitely lost in loss record 263 of 425
==13956==    at 0x484D953: calloc (in /usr/libexec/valgrind/vgpreload_memcheck-amd64-linux.so)
==13956==    by 0x739049: __mn_alloc (in /mnt/c/Users/Juan/Documents/GitHub/Mapanare/mapanare/self/mnc-stage1)
==13956==    by 0x739C2E: __mn_str_concat (in /mnt/c/Users/Juan/Documents/GitHub/Mapanare/mapanare/self/mnc-stage1)
==13956==    by 0x41901C: mn_main (in /mnt/c/Users/Juan/Documents/GitHub/Mapanare/mapanare/self/mnc-stage1)
==13956== 
==13956== 80 bytes in 5 blocks are definitely lost in loss record 264 of 425
==13956==    at 0x4846828: malloc (in /usr/libexec/valgrind/vgpreload_memcheck-amd64-linux.so)
==13956==    by 0x73DDF9: __mn_range (in /mnt/c/Users/Juan/Documents/GitHub/Mapanare/mapanare/self/mnc-stage1)
==13956==    by 0x42FA6B: parser__parse_expr (in /mnt/c/Users/Juan/Documents/GitHub/Mapanare/mapanare/self/mnc-stage1)
==13956== 
==13956== 86 bytes in 43 blocks are definitely lost in loss record 265 of 425
==13956==    at 0x484D953: calloc (in /usr/libexec/valgrind/vgpreload_memcheck-amd64-linux.so)
==13956==    by 0x739049: __mn_alloc (in /mnt/c/Users/Juan/Documents/GitHub/Mapanare/mapanare/self/mnc-stage1)
==13956==    by 0x73980B: __mn_str_from_parts (in /mnt/c/Users/Juan/Documents/GitHub/Mapanare/mapanare/self/mnc-stage1)
==13956==    by 0x4221F4: lexer__skip_comment_to_eol (in /mnt/c/Users/Juan/Documents/GitHub/Mapanare/mapanare/self/mnc-stage1)
==13956==    by 0x8000000000000140: ???
==13956==    by 0x6A7751F: ???
==13956==    by 0x8000000000000000: ???
==13956==    by 0x6A776AF: ???
==13956==    by 0x1: ???
==13956==    by 0x140: ???
==13956==    by 0x8000000000000140: ???
==13956==    by 0x4225F0: lexer__tokenize (in /mnt/c/Users/Juan/Documents/GitHub/Mapanare/mapanare/self/mnc-stage1)
==13956== 
==13956== 88 bytes in 1 blocks are definitely lost in loss record 266 of 425
==13956==    at 0x484D953: calloc (in /usr/libexec/valgrind/vgpreload_memcheck-amd64-linux.so)
==13956==    by 0x739049: __mn_alloc (in /mnt/c/Users/Juan/Documents/GitHub/Mapanare/mapanare/self/mnc-stage1)
==13956==    by 0x739C2E: __mn_str_concat (in /mnt/c/Users/Juan/Documents/GitHub/Mapanare/mapanare/self/mnc-stage1)
==13956==    by 0x419033: mn_main (in /mnt/c/Users/Juan/Documents/GitHub/Mapanare/mapanare/self/mnc-stage1)
==13956== 
==13956== 96 bytes in 2 blocks are indirectly lost in loss record 267 of 425
==13956==    at 0x4846828: malloc (in /usr/libexec/valgrind/vgpreload_memcheck-amd64-linux.so)
==13956==    by 0x430D56: parser__parse_call_args (in /mnt/c/Users/Juan/Documents/GitHub/Mapanare/mapanare/self/mnc-stage1)
==13956==    by 0x6A805CF: ???
==13956==    by 0x34: ???
==13956==    by 0x3F: ???
==13956==    by 0x3F: ???
==13956== 
==13956== 112 bytes in 2 blocks are definitely lost in loss record 268 of 425
==13956==    at 0x4846828: malloc (in /usr/libexec/valgrind/vgpreload_memcheck-amd64-linux.so)
==13956==    by 0x478338: semantic__register_def (in /mnt/c/Users/Juan/Documents/GitHub/Mapanare/mapanare/self/mnc-stage1)
==13956== 
==13956== 112 bytes in 2 blocks are definitely lost in loss record 269 of 425
==13956==    at 0x4846828: malloc (in /usr/libexec/valgrind/vgpreload_memcheck-amd64-linux.so)
==13956==    by 0x4733E2: semantic__check_let_stmt (in /mnt/c/Users/Juan/Documents/GitHub/Mapanare/mapanare/self/mnc-stage1)
==13956== 
==13956== 117 bytes in 1 blocks are definitely lost in loss record 270 of 425
==13956==    at 0x484D953: calloc (in /usr/libexec/valgrind/vgpreload_memcheck-amd64-linux.so)
==13956==    by 0x739049: __mn_alloc (in /mnt/c/Users/Juan/Documents/GitHub/Mapanare/mapanare/self/mnc-stage1)
==13956==    by 0x739C2E: __mn_str_concat (in /mnt/c/Users/Juan/Documents/GitHub/Mapanare/mapanare/self/mnc-stage1)
==13956==    by 0x419048: mn_main (in /mnt/c/Users/Juan/Documents/GitHub/Mapanare/mapanare/self/mnc-stage1)
==13956== 
==13956== 122 bytes in 61 blocks are definitely lost in loss record 271 of 425
==13956==    at 0x484D953: calloc (in /usr/libexec/valgrind/vgpreload_memcheck-amd64-linux.so)
==13956==    by 0x739049: __mn_alloc (in /mnt/c/Users/Juan/Documents/GitHub/Mapanare/mapanare/self/mnc-stage1)
==13956==    by 0x73980B: __mn_str_from_parts (in /mnt/c/Users/Juan/Documents/GitHub/Mapanare/mapanare/self/mnc-stage1)
==13956==    by 0x4221F4: lexer__skip_comment_to_eol (in /mnt/c/Users/Juan/Documents/GitHub/Mapanare/mapanare/self/mnc-stage1)
==13956==    by 0x8000000000000140: ???
==13956==    by 0x6A7751F: ???
==13956==    by 0x8000000000000000: ???
==13956==    by 0x6A7855F: ???
==13956==    by 0x2F: ???
==13956==    by 0x140: ???
==13956==    by 0x8000000000000140: ???
==13956==    by 0x4225F0: lexer__tokenize (in /mnt/c/Users/Juan/Documents/GitHub/Mapanare/mapanare/self/mnc-stage1)
==13956== 
==13956== 128 bytes in 2 blocks are indirectly lost in loss record 272 of 425
==13956==    at 0x4846828: malloc (in /usr/libexec/valgrind/vgpreload_memcheck-amd64-linux.so)
==13956==    by 0x42F454: parser__parse_let_stmt (in /mnt/c/Users/Juan/Documents/GitHub/Mapanare/mapanare/self/mnc-stage1)
==13956== 
==13956== 144 bytes in 1 blocks are indirectly lost in loss record 273 of 425
==13956==    at 0x484D953: calloc (in /usr/libexec/valgrind/vgpreload_memcheck-amd64-linux.so)
==13956==    by 0x739049: __mn_alloc (in /mnt/c/Users/Juan/Documents/GitHub/Mapanare/mapanare/self/mnc-stage1)
==13956==    by 0x73AD5A: __mn_list_push (in /mnt/c/Users/Juan/Documents/GitHub/Mapanare/mapanare/self/mnc-stage1)
==13956==    by 0x42ED12: parser__parse_block (in /mnt/c/Users/Juan/Documents/GitHub/Mapanare/mapanare/self/mnc-stage1)
==13956==    by 0x6A8458F: ???
==13956==    by 0x9: ???
==13956== 
==13956== 144 bytes in 1 blocks are indirectly lost in loss record 274 of 425
==13956==    at 0x484D953: calloc (in /usr/libexec/valgrind/vgpreload_memcheck-amd64-linux.so)
==13956==    by 0x739049: __mn_alloc (in /mnt/c/Users/Juan/Documents/GitHub/Mapanare/mapanare/self/mnc-stage1)
==13956==    by 0x73AD5A: __mn_list_push (in /mnt/c/Users/Juan/Documents/GitHub/Mapanare/mapanare/self/mnc-stage1)
==13956==    by 0x42ED12: parser__parse_block (in /mnt/c/Users/Juan/Documents/GitHub/Mapanare/mapanare/self/mnc-stage1)
==13956==    by 0x6A84EBF: ???
==13956==    by 0x19: ???
==13956== 
==13956== 144 bytes in 1 blocks are indirectly lost in loss record 275 of 425
==13956==    at 0x484D953: calloc (in /usr/libexec/valgrind/vgpreload_memcheck-amd64-linux.so)
==13956==    by 0x739049: __mn_alloc (in /mnt/c/Users/Juan/Documents/GitHub/Mapanare/mapanare/self/mnc-stage1)
==13956==    by 0x73AD5A: __mn_list_push (in /mnt/c/Users/Juan/Documents/GitHub/Mapanare/mapanare/self/mnc-stage1)
==13956==    by 0x42ED12: parser__parse_block (in /mnt/c/Users/Juan/Documents/GitHub/Mapanare/mapanare/self/mnc-stage1)
==13956==    by 0x6A85B8F: ???
==13956==    by 0x2C: ???
==13956== 
==13956== 144 bytes in 3 blocks are indirectly lost in loss record 276 of 425
==13956==    at 0x4846828: malloc (in /usr/libexec/valgrind/vgpreload_memcheck-amd64-linux.so)
==13956==    by 0x431074: parser__parse_call_args (in /mnt/c/Users/Juan/Documents/GitHub/Mapanare/mapanare/self/mnc-stage1)
==13956==    by 0x6A805CF: ???
==13956==    by 0x34: ???
==13956==    by 0x3F: ???
==13956==    by 0x3F: ???
==13956== 
==13956== 144 bytes in 1 blocks are definitely lost in loss record 277 of 425
==13956==    at 0x484D953: calloc (in /usr/libexec/valgrind/vgpreload_memcheck-amd64-linux.so)
==13956==    by 0x739049: __mn_alloc (in /mnt/c/Users/Juan/Documents/GitHub/Mapanare/mapanare/self/mnc-stage1)
==13956==    by 0x73AD5A: __mn_list_push (in /mnt/c/Users/Juan/Documents/GitHub/Mapanare/mapanare/self/mnc-stage1)
==13956==    by 0x414DD2: resolve_imports (in /mnt/c/Users/Juan/Documents/GitHub/Mapanare/mapanare/self/mnc-stage1)
==13956==    by 0x6A73667: ???
==13956==    by 0x34: ???
==13956== 
==13956== 144 bytes in 1 blocks are definitely lost in loss record 278 of 425
==13956==    at 0x484D953: calloc (in /usr/libexec/valgrind/vgpreload_memcheck-amd64-linux.so)
==13956==    by 0x739049: __mn_alloc (in /mnt/c/Users/Juan/Documents/GitHub/Mapanare/mapanare/self/mnc-stage1)
==13956==    by 0x73AD5A: __mn_list_push (in /mnt/c/Users/Juan/Documents/GitHub/Mapanare/mapanare/self/mnc-stage1)
==13956==    by 0x415634: resolve_imports (in /mnt/c/Users/Juan/Documents/GitHub/Mapanare/mapanare/self/mnc-stage1)
==13956==    by 0x6A73667: ???
==13956==    by 0x34: ???
==13956== 
==13956== 144 bytes in 1 blocks are definitely lost in loss record 279 of 425
==13956==    at 0x484D953: calloc (in /usr/libexec/valgrind/vgpreload_memcheck-amd64-linux.so)
==13956==    by 0x739049: __mn_alloc (in /mnt/c/Users/Juan/Documents/GitHub/Mapanare/mapanare/self/mnc-stage1)
==13956==    by 0x73AD5A: __mn_list_push (in /mnt/c/Users/Juan/Documents/GitHub/Mapanare/mapanare/self/mnc-stage1)
==13956==    by 0x414B11: dedup_definitions (in /mnt/c/Users/Juan/Documents/GitHub/Mapanare/mapanare/self/mnc-stage1)
==13956== 
==13956== 144 bytes in 9 blocks are definitely lost in loss record 280 of 425
==13956==    at 0x4846828: malloc (in /usr/libexec/valgrind/vgpreload_memcheck-amd64-linux.so)
==13956==    by 0x73DDF9: __mn_range (in /mnt/c/Users/Juan/Documents/GitHub/Mapanare/mapanare/self/mnc-stage1)
==13956==    by 0x4380F6: semantic__scope_lookup (in /mnt/c/Users/Juan/Documents/GitHub/Mapanare/mapanare/self/mnc-stage1)
==13956== 
==13956== 168 bytes in 1 blocks are indirectly lost in loss record 281 of 425
==13956==    at 0x484D953: calloc (in /usr/libexec/valgrind/vgpreload_memcheck-amd64-linux.so)
==13956==    by 0x48A53F: semantic__register_builtins (in /mnt/c/Users/Juan/Documents/GitHub/Mapanare/mapanare/self/mnc-stage1)
==13956== 
==13956== 168 bytes in 1 blocks are indirectly lost in loss record 282 of 425
==13956==    at 0x4846828: malloc (in /usr/libexec/valgrind/vgpreload_memcheck-amd64-linux.so)
==13956==    by 0x48A5C0: semantic__register_builtins (in /mnt/c/Users/Juan/Documents/GitHub/Mapanare/mapanare/self/mnc-stage1)
==13956== 
==13956== 168 bytes in 1 blocks are indirectly lost in loss record 283 of 425
==13956==    at 0x484D953: calloc (in /usr/libexec/valgrind/vgpreload_memcheck-amd64-linux.so)
==13956==    by 0x48A846: semantic__register_builtins (in /mnt/c/Users/Juan/Documents/GitHub/Mapanare/mapanare/self/mnc-stage1)
==13956== 
==13956== 168 bytes in 1 blocks are indirectly lost in loss record 284 of 425
==13956==    at 0x4846828: malloc (in /usr/libexec/valgrind/vgpreload_memcheck-amd64-linux.so)
==13956==    by 0x48A8CF: semantic__register_builtins (in /mnt/c/Users/Juan/Documents/GitHub/Mapanare/mapanare/self/mnc-stage1)
==13956== 
==13956== 168 bytes in 1 blocks are indirectly lost in loss record 285 of 425
==13956==    at 0x484D953: calloc (in /usr/libexec/valgrind/vgpreload_memcheck-amd64-linux.so)
==13956==    by 0x48AB24: semantic__register_builtins (in /mnt/c/Users/Juan/Documents/GitHub/Mapanare/mapanare/self/mnc-stage1)
==13956== 
==13956== 168 bytes in 1 blocks are indirectly lost in loss record 286 of 425
==13956==    at 0x4846828: malloc (in /usr/libexec/valgrind/vgpreload_memcheck-amd64-linux.so)
==13956==    by 0x48ABAD: semantic__register_builtins (in /mnt/c/Users/Juan/Documents/GitHub/Mapanare/mapanare/self/mnc-stage1)
==13956== 
==13956== 168 bytes in 1 blocks are indirectly lost in loss record 287 of 425
==13956==    at 0x484D953: calloc (in /usr/libexec/valgrind/vgpreload_memcheck-amd64-linux.so)
==13956==    by 0x48AE02: semantic__register_builtins (in /mnt/c/Users/Juan/Documents/GitHub/Mapanare/mapanare/self/mnc-stage1)
==13956== 
==13956== 168 bytes in 1 blocks are indirectly lost in loss record 288 of 425
==13956==    at 0x4846828: malloc (in /usr/libexec/valgrind/vgpreload_memcheck-amd64-linux.so)
==13956==    by 0x48AE8B: semantic__register_builtins (in /mnt/c/Users/Juan/Documents/GitHub/Mapanare/mapanare/self/mnc-stage1)
==13956== 
==13956== 168 bytes in 1 blocks are indirectly lost in loss record 289 of 425
==13956==    at 0x484D953: calloc (in /usr/libexec/valgrind/vgpreload_memcheck-amd64-linux.so)
==13956==    by 0x48B0E0: semantic__register_builtins (in /mnt/c/Users/Juan/Documents/GitHub/Mapanare/mapanare/self/mnc-stage1)
==13956== 
==13956== 168 bytes in 1 blocks are indirectly lost in loss record 290 of 425
==13956==    at 0x4846828: malloc (in /usr/libexec/valgrind/vgpreload_memcheck-amd64-linux.so)
==13956==    by 0x48B169: semantic__register_builtins (in /mnt/c/Users/Juan/Documents/GitHub/Mapanare/mapanare/self/mnc-stage1)
==13956== 
==13956== 168 bytes in 1 blocks are indirectly lost in loss record 291 of 425
==13956==    at 0x484D953: calloc (in /usr/libexec/valgrind/vgpreload_memcheck-amd64-linux.so)
==13956==    by 0x48B3C7: semantic__register_builtins (in /mnt/c/Users/Juan/Documents/GitHub/Mapanare/mapanare/self/mnc-stage1)
==13956== 
==13956== 168 bytes in 1 blocks are indirectly lost in loss record 292 of 425
==13956==    at 0x4846828: malloc (in /usr/libexec/valgrind/vgpreload_memcheck-amd64-linux.so)
==13956==    by 0x48B47C: semantic__register_builtins (in /mnt/c/Users/Juan/Documents/GitHub/Mapanare/mapanare/self/mnc-stage1)
==13956== 
==13956== 168 bytes in 1 blocks are indirectly lost in loss record 293 of 425
==13956==    at 0x484D953: calloc (in /usr/libexec/valgrind/vgpreload_memcheck-amd64-linux.so)
==13956==    by 0x48B732: semantic__register_builtins (in /mnt/c/Users/Juan/Documents/GitHub/Mapanare/mapanare/self/mnc-stage1)
==13956== 
==13956== 168 bytes in 1 blocks are indirectly lost in loss record 294 of 425
==13956==    at 0x4846828: malloc (in /usr/libexec/valgrind/vgpreload_memcheck-amd64-linux.so)
==13956==    by 0x48B7F7: semantic__register_builtins (in /mnt/c/Users/Juan/Documents/GitHub/Mapanare/mapanare/self/mnc-stage1)
==13956== 
==13956== 168 bytes in 1 blocks are indirectly lost in loss record 295 of 425
==13956==    at 0x484D953: calloc (in /usr/libexec/valgrind/vgpreload_memcheck-amd64-linux.so)
==13956==    by 0x48BAEF: semantic__register_builtins (in /mnt/c/Users/Juan/Documents/GitHub/Mapanare/mapanare/self/mnc-stage1)
==13956== 
==13956== 168 bytes in 1 blocks are indirectly lost in loss record 296 of 425
==13956==    at 0x4846828: malloc (in /usr/libexec/valgrind/vgpreload_memcheck-amd64-linux.so)
==13956==    by 0x48BBB4: semantic__register_builtins (in /mnt/c/Users/Juan/Documents/GitHub/Mapanare/mapanare/self/mnc-stage1)
==13956== 
==13956== 168 bytes in 1 blocks are indirectly lost in loss record 297 of 425
==13956==    at 0x484D953: calloc (in /usr/libexec/valgrind/vgpreload_memcheck-amd64-linux.so)
==13956==    by 0x48BEAC: semantic__register_builtins (in /mnt/c/Users/Juan/Documents/GitHub/Mapanare/mapanare/self/mnc-stage1)
==13956== 
==13956== 168 bytes in 1 blocks are indirectly lost in loss record 298 of 425
==13956==    at 0x4846828: malloc (in /usr/libexec/valgrind/vgpreload_memcheck-amd64-linux.so)
==13956==    by 0x48BF71: semantic__register_builtins (in /mnt/c/Users/Juan/Documents/GitHub/Mapanare/mapanare/self/mnc-stage1)
==13956== 
==13956== 168 bytes in 1 blocks are indirectly lost in loss record 299 of 425
==13956==    at 0x484D953: calloc (in /usr/libexec/valgrind/vgpreload_memcheck-amd64-linux.so)
==13956==    by 0x48C269: semantic__register_builtins (in /mnt/c/Users/Juan/Documents/GitHub/Mapanare/mapanare/self/mnc-stage1)
==13956== 
==13956== 168 bytes in 1 blocks are indirectly lost in loss record 300 of 425
==13956==    at 0x4846828: malloc (in /usr/libexec/valgrind/vgpreload_memcheck-amd64-linux.so)
==13956==    by 0x48C32E: semantic__register_builtins (in /mnt/c/Users/Juan/Documents/GitHub/Mapanare/mapanare/self/mnc-stage1)
==13956== 
==13956== 168 bytes in 1 blocks are indirectly lost in loss record 301 of 425
==13956==    at 0x484D953: calloc (in /usr/libexec/valgrind/vgpreload_memcheck-amd64-linux.so)
==13956==    by 0x48C626: semantic__register_builtins (in /mnt/c/Users/Juan/Documents/GitHub/Mapanare/mapanare/self/mnc-stage1)
==13956== 
==13956== 168 bytes in 1 blocks are indirectly lost in loss record 302 of 425
==13956==    at 0x4846828: malloc (in /usr/libexec/valgrind/vgpreload_memcheck-amd64-linux.so)
==13956==    by 0x48C6EB: semantic__register_builtins (in /mnt/c/Users/Juan/Documents/GitHub/Mapanare/mapanare/self/mnc-stage1)
==13956== 
==13956== 168 bytes in 1 blocks are indirectly lost in loss record 303 of 425
==13956==    at 0x484D953: calloc (in /usr/libexec/valgrind/vgpreload_memcheck-amd64-linux.so)
==13956==    by 0x48C9E3: semantic__register_builtins (in /mnt/c/Users/Juan/Documents/GitHub/Mapanare/mapanare/self/mnc-stage1)
==13956== 
==13956== 168 bytes in 1 blocks are indirectly lost in loss record 304 of 425
==13956==    at 0x4846828: malloc (in /usr/libexec/valgrind/vgpreload_memcheck-amd64-linux.so)
==13956==    by 0x48CAA8: semantic__register_builtins (in /mnt/c/Users/Juan/Documents/GitHub/Mapanare/mapanare/self/mnc-stage1)
==13956== 
==13956== 168 bytes in 1 blocks are indirectly lost in loss record 305 of 425
==13956==    at 0x484D953: calloc (in /usr/libexec/valgrind/vgpreload_memcheck-amd64-linux.so)
==13956==    by 0x48CD9E: semantic__register_builtins (in /mnt/c/Users/Juan/Documents/GitHub/Mapanare/mapanare/self/mnc-stage1)
==13956== 
==13956== 168 bytes in 1 blocks are indirectly lost in loss record 306 of 425
==13956==    at 0x4846828: malloc (in /usr/libexec/valgrind/vgpreload_memcheck-amd64-linux.so)
==13956==    by 0x48CE63: semantic__register_builtins (in /mnt/c/Users/Juan/Documents/GitHub/Mapanare/mapanare/self/mnc-stage1)
==13956== 
==13956== 168 bytes in 1 blocks are indirectly lost in loss record 307 of 425
==13956==    at 0x484D953: calloc (in /usr/libexec/valgrind/vgpreload_memcheck-amd64-linux.so)
==13956==    by 0x48D157: semantic__register_builtins (in /mnt/c/Users/Juan/Documents/GitHub/Mapanare/mapanare/self/mnc-stage1)
==13956== 
==13956== 168 bytes in 1 blocks are indirectly lost in loss record 308 of 425
==13956==    at 0x4846828: malloc (in /usr/libexec/valgrind/vgpreload_memcheck-amd64-linux.so)
==13956==    by 0x48D21C: semantic__register_builtins (in /mnt/c/Users/Juan/Documents/GitHub/Mapanare/mapanare/self/mnc-stage1)
==13956== 
==13956== 168 bytes in 1 blocks are indirectly lost in loss record 309 of 425
==13956==    at 0x484D953: calloc (in /usr/libexec/valgrind/vgpreload_memcheck-amd64-linux.so)
==13956==    by 0x48D510: semantic__register_builtins (in /mnt/c/Users/Juan/Documents/GitHub/Mapanare/mapanare/self/mnc-stage1)
==13956== 
==13956== 168 bytes in 1 blocks are indirectly lost in loss record 310 of 425
==13956==    at 0x4846828: malloc (in /usr/libexec/valgrind/vgpreload_memcheck-amd64-linux.so)
==13956==    by 0x48D5D5: semantic__register_builtins (in /mnt/c/Users/Juan/Documents/GitHub/Mapanare/mapanare/self/mnc-stage1)
==13956== 
==13956== 168 bytes in 1 blocks are indirectly lost in loss record 311 of 425
==13956==    at 0x484D953: calloc (in /usr/libexec/valgrind/vgpreload_memcheck-amd64-linux.so)
==13956==    by 0x48D8C9: semantic__register_builtins (in /mnt/c/Users/Juan/Documents/GitHub/Mapanare/mapanare/self/mnc-stage1)
==13956== 
==13956== 168 bytes in 1 blocks are indirectly lost in loss record 312 of 425
==13956==    at 0x4846828: malloc (in /usr/libexec/valgrind/vgpreload_memcheck-amd64-linux.so)
==13956==    by 0x48D98E: semantic__register_builtins (in /mnt/c/Users/Juan/Documents/GitHub/Mapanare/mapanare/self/mnc-stage1)
==13956== 
==13956== 168 bytes in 1 blocks are indirectly lost in loss record 313 of 425
==13956==    at 0x484D953: calloc (in /usr/libexec/valgrind/vgpreload_memcheck-amd64-linux.so)
==13956==    by 0x48DC82: semantic__register_builtins (in /mnt/c/Users/Juan/Documents/GitHub/Mapanare/mapanare/self/mnc-stage1)
==13956== 
==13956== 168 bytes in 1 blocks are indirectly lost in loss record 314 of 425
==13956==    at 0x4846828: malloc (in /usr/libexec/valgrind/vgpreload_memcheck-amd64-linux.so)
==13956==    by 0x48DD47: semantic__register_builtins (in /mnt/c/Users/Juan/Documents/GitHub/Mapanare/mapanare/self/mnc-stage1)
==13956== 
==13956== 168 bytes in 1 blocks are indirectly lost in loss record 315 of 425
==13956==    at 0x484D953: calloc (in /usr/libexec/valgrind/vgpreload_memcheck-amd64-linux.so)
==13956==    by 0x48E03B: semantic__register_builtins (in /mnt/c/Users/Juan/Documents/GitHub/Mapanare/mapanare/self/mnc-stage1)
==13956== 
==13956== 168 bytes in 1 blocks are indirectly lost in loss record 316 of 425
==13956==    at 0x4846828: malloc (in /usr/libexec/valgrind/vgpreload_memcheck-amd64-linux.so)
==13956==    by 0x48E100: semantic__register_builtins (in /mnt/c/Users/Juan/Documents/GitHub/Mapanare/mapanare/self/mnc-stage1)
==13956== 
==13956== 168 bytes in 1 blocks are indirectly lost in loss record 317 of 425
==13956==    at 0x484D953: calloc (in /usr/libexec/valgrind/vgpreload_memcheck-amd64-linux.so)
==13956==    by 0x48E3F4: semantic__register_builtins (in /mnt/c/Users/Juan/Documents/GitHub/Mapanare/mapanare/self/mnc-stage1)
==13956== 
==13956== 168 bytes in 1 blocks are indirectly lost in loss record 318 of 425
==13956==    at 0x4846828: malloc (in /usr/libexec/valgrind/vgpreload_memcheck-amd64-linux.so)
==13956==    by 0x48E4B9: semantic__register_builtins (in /mnt/c/Users/Juan/Documents/GitHub/Mapanare/mapanare/self/mnc-stage1)
==13956== 
==13956== 168 bytes in 1 blocks are indirectly lost in loss record 319 of 425
==13956==    at 0x484D953: calloc (in /usr/libexec/valgrind/vgpreload_memcheck-amd64-linux.so)
==13956==    by 0x48E7AD: semantic__register_builtins (in /mnt/c/Users/Juan/Documents/GitHub/Mapanare/mapanare/self/mnc-stage1)
==13956== 
==13956== 168 bytes in 1 blocks are indirectly lost in loss record 320 of 425
==13956==    at 0x4846828: malloc (in /usr/libexec/valgrind/vgpreload_memcheck-amd64-linux.so)
==13956==    by 0x48E872: semantic__register_builtins (in /mnt/c/Users/Juan/Documents/GitHub/Mapanare/mapanare/self/mnc-stage1)
==13956== 
==13956== 168 bytes in 1 blocks are indirectly lost in loss record 321 of 425
==13956==    at 0x484D953: calloc (in /usr/libexec/valgrind/vgpreload_memcheck-amd64-linux.so)
==13956==    by 0x48EB66: semantic__register_builtins (in /mnt/c/Users/Juan/Documents/GitHub/Mapanare/mapanare/self/mnc-stage1)
==13956== 
==13956== 168 bytes in 1 blocks are indirectly lost in loss record 322 of 425
==13956==    at 0x4846828: malloc (in /usr/libexec/valgrind/vgpreload_memcheck-amd64-linux.so)
==13956==    by 0x48EC2B: semantic__register_builtins (in /mnt/c/Users/Juan/Documents/GitHub/Mapanare/mapanare/self/mnc-stage1)
==13956== 
==13956== 168 bytes in 1 blocks are indirectly lost in loss record 323 of 425
==13956==    at 0x484D953: calloc (in /usr/libexec/valgrind/vgpreload_memcheck-amd64-linux.so)
==13956==    by 0x48EF1F: semantic__register_builtins (in /mnt/c/Users/Juan/Documents/GitHub/Mapanare/mapanare/self/mnc-stage1)
==13956== 
==13956== 168 bytes in 1 blocks are indirectly lost in loss record 324 of 425
==13956==    at 0x4846828: malloc (in /usr/libexec/valgrind/vgpreload_memcheck-amd64-linux.so)
==13956==    by 0x48EFE4: semantic__register_builtins (in /mnt/c/Users/Juan/Documents/GitHub/Mapanare/mapanare/self/mnc-stage1)
==13956== 
==13956== 168 bytes in 1 blocks are indirectly lost in loss record 325 of 425
==13956==    at 0x484D953: calloc (in /usr/libexec/valgrind/vgpreload_memcheck-amd64-linux.so)
==13956==    by 0x48F2D8: semantic__register_builtins (in /mnt/c/Users/Juan/Documents/GitHub/Mapanare/mapanare/self/mnc-stage1)
==13956== 
==13956== 168 bytes in 1 blocks are indirectly lost in loss record 326 of 425
==13956==    at 0x4846828: malloc (in /usr/libexec/valgrind/vgpreload_memcheck-amd64-linux.so)
==13956==    by 0x48F39D: semantic__register_builtins (in /mnt/c/Users/Juan/Documents/GitHub/Mapanare/mapanare/self/mnc-stage1)
==13956== 
==13956== 168 bytes in 1 blocks are indirectly lost in loss record 327 of 425
==13956==    at 0x484D953: calloc (in /usr/libexec/valgrind/vgpreload_memcheck-amd64-linux.so)
==13956==    by 0x48F691: semantic__register_builtins (in /mnt/c/Users/Juan/Documents/GitHub/Mapanare/mapanare/self/mnc-stage1)
==13956== 
==13956== 168 bytes in 1 blocks are indirectly lost in loss record 328 of 425
==13956==    at 0x4846828: malloc (in /usr/libexec/valgrind/vgpreload_memcheck-amd64-linux.so)
==13956==    by 0x48F756: semantic__register_builtins (in /mnt/c/Users/Juan/Documents/GitHub/Mapanare/mapanare/self/mnc-stage1)
==13956== 
==13956== 168 bytes in 1 blocks are indirectly lost in loss record 329 of 425
==13956==    at 0x484D953: calloc (in /usr/libexec/valgrind/vgpreload_memcheck-amd64-linux.so)
==13956==    by 0x48FA4A: semantic__register_builtins (in /mnt/c/Users/Juan/Documents/GitHub/Mapanare/mapanare/self/mnc-stage1)
==13956== 
==13956== 168 bytes in 1 blocks are indirectly lost in loss record 330 of 425
==13956==    at 0x4846828: malloc (in /usr/libexec/valgrind/vgpreload_memcheck-amd64-linux.so)
==13956==    by 0x48FB0F: semantic__register_builtins (in /mnt/c/Users/Juan/Documents/GitHub/Mapanare/mapanare/self/mnc-stage1)
==13956== 
==13956== 168 bytes in 1 blocks are indirectly lost in loss record 331 of 425
==13956==    at 0x484D953: calloc (in /usr/libexec/valgrind/vgpreload_memcheck-amd64-linux.so)
==13956==    by 0x48FE03: semantic__register_builtins (in /mnt/c/Users/Juan/Documents/GitHub/Mapanare/mapanare/self/mnc-stage1)
==13956== 
==13956== 168 bytes in 1 blocks are indirectly lost in loss record 332 of 425
==13956==    at 0x4846828: malloc (in /usr/libexec/valgrind/vgpreload_memcheck-amd64-linux.so)
==13956==    by 0x48FEC8: semantic__register_builtins (in /mnt/c/Users/Juan/Documents/GitHub/Mapanare/mapanare/self/mnc-stage1)
==13956== 
==13956== 168 bytes in 1 blocks are indirectly lost in loss record 333 of 425
==13956==    at 0x484D953: calloc (in /usr/libexec/valgrind/vgpreload_memcheck-amd64-linux.so)
==13956==    by 0x4901BC: semantic__register_builtins (in /mnt/c/Users/Juan/Documents/GitHub/Mapanare/mapanare/self/mnc-stage1)
==13956== 
==13956== 168 bytes in 1 blocks are indirectly lost in loss record 334 of 425
==13956==    at 0x4846828: malloc (in /usr/libexec/valgrind/vgpreload_memcheck-amd64-linux.so)
==13956==    by 0x490281: semantic__register_builtins (in /mnt/c/Users/Juan/Documents/GitHub/Mapanare/mapanare/self/mnc-stage1)
==13956== 
==13956== 168 bytes in 1 blocks are indirectly lost in loss record 335 of 425
==13956==    at 0x484D953: calloc (in /usr/libexec/valgrind/vgpreload_memcheck-amd64-linux.so)
==13956==    by 0x490575: semantic__register_builtins (in /mnt/c/Users/Juan/Documents/GitHub/Mapanare/mapanare/self/mnc-stage1)
==13956== 
==13956== 168 bytes in 1 blocks are indirectly lost in loss record 336 of 425
==13956==    at 0x4846828: malloc (in /usr/libexec/valgrind/vgpreload_memcheck-amd64-linux.so)
==13956==    by 0x49063A: semantic__register_builtins (in /mnt/c/Users/Juan/Documents/GitHub/Mapanare/mapanare/self/mnc-stage1)
==13956== 
==13956== 168 bytes in 1 blocks are indirectly lost in loss record 337 of 425
==13956==    at 0x484D953: calloc (in /usr/libexec/valgrind/vgpreload_memcheck-amd64-linux.so)
==13956==    by 0x490930: semantic__register_builtins (in /mnt/c/Users/Juan/Documents/GitHub/Mapanare/mapanare/self/mnc-stage1)
==13956== 
==13956== 168 bytes in 1 blocks are indirectly lost in loss record 338 of 425
==13956==    at 0x4846828: malloc (in /usr/libexec/valgrind/vgpreload_memcheck-amd64-linux.so)
==13956==    by 0x4909F5: semantic__register_builtins (in /mnt/c/Users/Juan/Documents/GitHub/Mapanare/mapanare/self/mnc-stage1)
==13956== 
==13956== 168 bytes in 1 blocks are indirectly lost in loss record 339 of 425
==13956==    at 0x484D953: calloc (in /usr/libexec/valgrind/vgpreload_memcheck-amd64-linux.so)
==13956==    by 0x490CED: semantic__register_builtins (in /mnt/c/Users/Juan/Documents/GitHub/Mapanare/mapanare/self/mnc-stage1)
==13956== 
==13956== 168 bytes in 1 blocks are indirectly lost in loss record 340 of 425
==13956==    at 0x4846828: malloc (in /usr/libexec/valgrind/vgpreload_memcheck-amd64-linux.so)
==13956==    by 0x490DB2: semantic__register_builtins (in /mnt/c/Users/Juan/Documents/GitHub/Mapanare/mapanare/self/mnc-stage1)
==13956== 
==13956== 168 bytes in 1 blocks are indirectly lost in loss record 341 of 425
==13956==    at 0x484D953: calloc (in /usr/libexec/valgrind/vgpreload_memcheck-amd64-linux.so)
==13956==    by 0x4910A8: semantic__register_builtins (in /mnt/c/Users/Juan/Documents/GitHub/Mapanare/mapanare/self/mnc-stage1)
==13956== 
==13956== 168 bytes in 1 blocks are indirectly lost in loss record 342 of 425
==13956==    at 0x4846828: malloc (in /usr/libexec/valgrind/vgpreload_memcheck-amd64-linux.so)
==13956==    by 0x49116D: semantic__register_builtins (in /mnt/c/Users/Juan/Documents/GitHub/Mapanare/mapanare/self/mnc-stage1)
==13956== 
==13956== 168 bytes in 1 blocks are indirectly lost in loss record 343 of 425
==13956==    at 0x484D953: calloc (in /usr/libexec/valgrind/vgpreload_memcheck-amd64-linux.so)
==13956==    by 0x491461: semantic__register_builtins (in /mnt/c/Users/Juan/Documents/GitHub/Mapanare/mapanare/self/mnc-stage1)
==13956== 
==13956== 168 bytes in 1 blocks are indirectly lost in loss record 344 of 425
==13956==    at 0x4846828: malloc (in /usr/libexec/valgrind/vgpreload_memcheck-amd64-linux.so)
==13956==    by 0x491526: semantic__register_builtins (in /mnt/c/Users/Juan/Documents/GitHub/Mapanare/mapanare/self/mnc-stage1)
==13956== 
==13956== 168 bytes in 1 blocks are indirectly lost in loss record 345 of 425
==13956==    at 0x484D953: calloc (in /usr/libexec/valgrind/vgpreload_memcheck-amd64-linux.so)
==13956==    by 0x49181A: semantic__register_builtins (in /mnt/c/Users/Juan/Documents/GitHub/Mapanare/mapanare/self/mnc-stage1)
==13956== 
==13956== 168 bytes in 1 blocks are indirectly lost in loss record 346 of 425
==13956==    at 0x4846828: malloc (in /usr/libexec/valgrind/vgpreload_memcheck-amd64-linux.so)
==13956==    by 0x4918DF: semantic__register_builtins (in /mnt/c/Users/Juan/Documents/GitHub/Mapanare/mapanare/self/mnc-stage1)
==13956== 
==13956== 168 bytes in 1 blocks are indirectly lost in loss record 347 of 425
==13956==    at 0x484D953: calloc (in /usr/libexec/valgrind/vgpreload_memcheck-amd64-linux.so)
==13956==    by 0x491BD3: semantic__register_builtins (in /mnt/c/Users/Juan/Documents/GitHub/Mapanare/mapanare/self/mnc-stage1)
==13956== 
==13956== 168 bytes in 1 blocks are indirectly lost in loss record 348 of 425
==13956==    at 0x4846828: malloc (in /usr/libexec/valgrind/vgpreload_memcheck-amd64-linux.so)
==13956==    by 0x491C98: semantic__register_builtins (in /mnt/c/Users/Juan/Documents/GitHub/Mapanare/mapanare/self/mnc-stage1)
==13956== 
==13956== 168 bytes in 1 blocks are indirectly lost in loss record 349 of 425
==13956==    at 0x484D953: calloc (in /usr/libexec/valgrind/vgpreload_memcheck-amd64-linux.so)
==13956==    by 0x491F8C: semantic__register_builtins (in /mnt/c/Users/Juan/Documents/GitHub/Mapanare/mapanare/self/mnc-stage1)
==13956== 
==13956== 168 bytes in 1 blocks are indirectly lost in loss record 350 of 425
==13956==    at 0x4846828: malloc (in /usr/libexec/valgrind/vgpreload_memcheck-amd64-linux.so)
==13956==    by 0x492051: semantic__register_builtins (in /mnt/c/Users/Juan/Documents/GitHub/Mapanare/mapanare/self/mnc-stage1)
==13956== 
==13956== 168 bytes in 1 blocks are indirectly lost in loss record 351 of 425
==13956==    at 0x484D953: calloc (in /usr/libexec/valgrind/vgpreload_memcheck-amd64-linux.so)
==13956==    by 0x492345: semantic__register_builtins (in /mnt/c/Users/Juan/Documents/GitHub/Mapanare/mapanare/self/mnc-stage1)
==13956== 
==13956== 168 bytes in 1 blocks are indirectly lost in loss record 352 of 425
==13956==    at 0x4846828: malloc (in /usr/libexec/valgrind/vgpreload_memcheck-amd64-linux.so)
==13956==    by 0x49240A: semantic__register_builtins (in /mnt/c/Users/Juan/Documents/GitHub/Mapanare/mapanare/self/mnc-stage1)
==13956== 
==13956== 168 bytes in 1 blocks are indirectly lost in loss record 353 of 425
==13956==    at 0x484D953: calloc (in /usr/libexec/valgrind/vgpreload_memcheck-amd64-linux.so)
==13956==    by 0x4926FE: semantic__register_builtins (in /mnt/c/Users/Juan/Documents/GitHub/Mapanare/mapanare/self/mnc-stage1)
==13956== 
==13956== 168 bytes in 1 blocks are indirectly lost in loss record 354 of 425
==13956==    at 0x4846828: malloc (in /usr/libexec/valgrind/vgpreload_memcheck-amd64-linux.so)
==13956==    by 0x4927C3: semantic__register_builtins (in /mnt/c/Users/Juan/Documents/GitHub/Mapanare/mapanare/self/mnc-stage1)
==13956== 
==13956== 168 bytes in 1 blocks are indirectly lost in loss record 355 of 425
==13956==    at 0x484D953: calloc (in /usr/libexec/valgrind/vgpreload_memcheck-amd64-linux.so)
==13956==    by 0x492AB9: semantic__register_builtins (in /mnt/c/Users/Juan/Documents/GitHub/Mapanare/mapanare/self/mnc-stage1)
==13956== 
==13956== 168 bytes in 1 blocks are indirectly lost in loss record 356 of 425
==13956==    at 0x4846828: malloc (in /usr/libexec/valgrind/vgpreload_memcheck-amd64-linux.so)
==13956==    by 0x492B7E: semantic__register_builtins (in /mnt/c/Users/Juan/Documents/GitHub/Mapanare/mapanare/self/mnc-stage1)
==13956== 
==13956== 168 bytes in 1 blocks are indirectly lost in loss record 357 of 425
==13956==    at 0x484D953: calloc (in /usr/libexec/valgrind/vgpreload_memcheck-amd64-linux.so)
==13956==    by 0x492E74: semantic__register_builtins (in /mnt/c/Users/Juan/Documents/GitHub/Mapanare/mapanare/self/mnc-stage1)
==13956== 
==13956== 168 bytes in 1 blocks are indirectly lost in loss record 358 of 425
==13956==    at 0x4846828: malloc (in /usr/libexec/valgrind/vgpreload_memcheck-amd64-linux.so)
==13956==    by 0x492F39: semantic__register_builtins (in /mnt/c/Users/Juan/Documents/GitHub/Mapanare/mapanare/self/mnc-stage1)
==13956== 
==13956== 168 bytes in 1 blocks are indirectly lost in loss record 359 of 425
==13956==    at 0x484D953: calloc (in /usr/libexec/valgrind/vgpreload_memcheck-amd64-linux.so)
==13956==    by 0x49322F: semantic__register_builtins (in /mnt/c/Users/Juan/Documents/GitHub/Mapanare/mapanare/self/mnc-stage1)
==13956== 
==13956== 168 bytes in 1 blocks are indirectly lost in loss record 360 of 425
==13956==    at 0x4846828: malloc (in /usr/libexec/valgrind/vgpreload_memcheck-amd64-linux.so)
==13956==    by 0x4932F4: semantic__register_builtins (in /mnt/c/Users/Juan/Documents/GitHub/Mapanare/mapanare/self/mnc-stage1)
==13956== 
==13956== 168 bytes in 1 blocks are indirectly lost in loss record 361 of 425
==13956==    at 0x484D953: calloc (in /usr/libexec/valgrind/vgpreload_memcheck-amd64-linux.so)
==13956==    by 0x4935EA: semantic__register_builtins (in /mnt/c/Users/Juan/Documents/GitHub/Mapanare/mapanare/self/mnc-stage1)
==13956== 
==13956== 168 bytes in 1 blocks are indirectly lost in loss record 362 of 425
==13956==    at 0x4846828: malloc (in /usr/libexec/valgrind/vgpreload_memcheck-amd64-linux.so)
==13956==    by 0x4936AF: semantic__register_builtins (in /mnt/c/Users/Juan/Documents/GitHub/Mapanare/mapanare/self/mnc-stage1)
==13956== 
==13956== 168 bytes in 1 blocks are indirectly lost in loss record 363 of 425
==13956==    at 0x484D953: calloc (in /usr/libexec/valgrind/vgpreload_memcheck-amd64-linux.so)
==13956==    by 0x4939A5: semantic__register_builtins (in /mnt/c/Users/Juan/Documents/GitHub/Mapanare/mapanare/self/mnc-stage1)
==13956== 
==13956== 168 bytes in 1 blocks are indirectly lost in loss record 364 of 425
==13956==    at 0x4846828: malloc (in /usr/libexec/valgrind/vgpreload_memcheck-amd64-linux.so)
==13956==    by 0x493A6A: semantic__register_builtins (in /mnt/c/Users/Juan/Documents/GitHub/Mapanare/mapanare/self/mnc-stage1)
==13956== 
==13956== 168 bytes in 1 blocks are indirectly lost in loss record 365 of 425
==13956==    at 0x484D953: calloc (in /usr/libexec/valgrind/vgpreload_memcheck-amd64-linux.so)
==13956==    by 0x493D62: semantic__register_builtins (in /mnt/c/Users/Juan/Documents/GitHub/Mapanare/mapanare/self/mnc-stage1)
==13956== 
==13956== 168 bytes in 1 blocks are indirectly lost in loss record 366 of 425
==13956==    at 0x4846828: malloc (in /usr/libexec/valgrind/vgpreload_memcheck-amd64-linux.so)
==13956==    by 0x493E27: semantic__register_builtins (in /mnt/c/Users/Juan/Documents/GitHub/Mapanare/mapanare/self/mnc-stage1)
==13956== 
==13956== 168 bytes in 1 blocks are indirectly lost in loss record 367 of 425
==13956==    at 0x484D953: calloc (in /usr/libexec/valgrind/vgpreload_memcheck-amd64-linux.so)
==13956==    by 0x49411F: semantic__register_builtins (in /mnt/c/Users/Juan/Documents/GitHub/Mapanare/mapanare/self/mnc-stage1)
==13956== 
==13956== 168 bytes in 1 blocks are indirectly lost in loss record 368 of 425
==13956==    at 0x4846828: malloc (in /usr/libexec/valgrind/vgpreload_memcheck-amd64-linux.so)
==13956==    by 0x4941E4: semantic__register_builtins (in /mnt/c/Users/Juan/Documents/GitHub/Mapanare/mapanare/self/mnc-stage1)
==13956== 
==13956== 168 bytes in 1 blocks are indirectly lost in loss record 369 of 425
==13956==    at 0x484D953: calloc (in /usr/libexec/valgrind/vgpreload_memcheck-amd64-linux.so)
==13956==    by 0x4944DC: semantic__register_builtins (in /mnt/c/Users/Juan/Documents/GitHub/Mapanare/mapanare/self/mnc-stage1)
==13956== 
==13956== 168 bytes in 1 blocks are indirectly lost in loss record 370 of 425
==13956==    at 0x4846828: malloc (in /usr/libexec/valgrind/vgpreload_memcheck-amd64-linux.so)
==13956==    by 0x4945A1: semantic__register_builtins (in /mnt/c/Users/Juan/Documents/GitHub/Mapanare/mapanare/self/mnc-stage1)
==13956== 
==13956== 168 bytes in 1 blocks are indirectly lost in loss record 371 of 425
==13956==    at 0x484D953: calloc (in /usr/libexec/valgrind/vgpreload_memcheck-amd64-linux.so)
==13956==    by 0x494899: semantic__register_builtins (in /mnt/c/Users/Juan/Documents/GitHub/Mapanare/mapanare/self/mnc-stage1)
==13956== 
==13956== 168 bytes in 1 blocks are indirectly lost in loss record 372 of 425
==13956==    at 0x4846828: malloc (in /usr/libexec/valgrind/vgpreload_memcheck-amd64-linux.so)
==13956==    by 0x49495E: semantic__register_builtins (in /mnt/c/Users/Juan/Documents/GitHub/Mapanare/mapanare/self/mnc-stage1)
==13956== 
==13956== 168 bytes in 1 blocks are indirectly lost in loss record 373 of 425
==13956==    at 0x484D953: calloc (in /usr/libexec/valgrind/vgpreload_memcheck-amd64-linux.so)
==13956==    by 0x494C56: semantic__register_builtins (in /mnt/c/Users/Juan/Documents/GitHub/Mapanare/mapanare/self/mnc-stage1)
==13956== 
==13956== 168 bytes in 1 blocks are indirectly lost in loss record 374 of 425
==13956==    at 0x4846828: malloc (in /usr/libexec/valgrind/vgpreload_memcheck-amd64-linux.so)
==13956==    by 0x494D1B: semantic__register_builtins (in /mnt/c/Users/Juan/Documents/GitHub/Mapanare/mapanare/self/mnc-stage1)
==13956== 
==13956== 168 bytes in 1 blocks are indirectly lost in loss record 375 of 425
==13956==    at 0x484D953: calloc (in /usr/libexec/valgrind/vgpreload_memcheck-amd64-linux.so)
==13956==    by 0x495013: semantic__register_builtins (in /mnt/c/Users/Juan/Documents/GitHub/Mapanare/mapanare/self/mnc-stage1)
==13956== 
==13956== 168 bytes in 1 blocks are indirectly lost in loss record 376 of 425
==13956==    at 0x4846828: malloc (in /usr/libexec/valgrind/vgpreload_memcheck-amd64-linux.so)
==13956==    by 0x4950D8: semantic__register_builtins (in /mnt/c/Users/Juan/Documents/GitHub/Mapanare/mapanare/self/mnc-stage1)
==13956== 
==13956== 168 bytes in 1 blocks are indirectly lost in loss record 377 of 425
==13956==    at 0x484D953: calloc (in /usr/libexec/valgrind/vgpreload_memcheck-amd64-linux.so)
==13956==    by 0x4953D0: semantic__register_builtins (in /mnt/c/Users/Juan/Documents/GitHub/Mapanare/mapanare/self/mnc-stage1)
==13956== 
==13956== 168 bytes in 1 blocks are indirectly lost in loss record 378 of 425
==13956==    at 0x4846828: malloc (in /usr/libexec/valgrind/vgpreload_memcheck-amd64-linux.so)
==13956==    by 0x495495: semantic__register_builtins (in /mnt/c/Users/Juan/Documents/GitHub/Mapanare/mapanare/self/mnc-stage1)
==13956== 
==13956== 168 bytes in 1 blocks are indirectly lost in loss record 379 of 425
==13956==    at 0x484D953: calloc (in /usr/libexec/valgrind/vgpreload_memcheck-amd64-linux.so)
==13956==    by 0x49578B: semantic__register_builtins (in /mnt/c/Users/Juan/Documents/GitHub/Mapanare/mapanare/self/mnc-stage1)
==13956== 
==13956== 168 bytes in 1 blocks are indirectly lost in loss record 380 of 425
==13956==    at 0x4846828: malloc (in /usr/libexec/valgrind/vgpreload_memcheck-amd64-linux.so)
==13956==    by 0x495850: semantic__register_builtins (in /mnt/c/Users/Juan/Documents/GitHub/Mapanare/mapanare/self/mnc-stage1)
==13956== 
==13956== 168 bytes in 1 blocks are indirectly lost in loss record 381 of 425
==13956==    at 0x484D953: calloc (in /usr/libexec/valgrind/vgpreload_memcheck-amd64-linux.so)
==13956==    by 0x495B46: semantic__register_builtins (in /mnt/c/Users/Juan/Documents/GitHub/Mapanare/mapanare/self/mnc-stage1)
==13956== 
==13956== 168 bytes in 1 blocks are indirectly lost in loss record 382 of 425
==13956==    at 0x4846828: malloc (in /usr/libexec/valgrind/vgpreload_memcheck-amd64-linux.so)
==13956==    by 0x495C0B: semantic__register_builtins (in /mnt/c/Users/Juan/Documents/GitHub/Mapanare/mapanare/self/mnc-stage1)
==13956== 
==13956== 168 bytes in 1 blocks are indirectly lost in loss record 383 of 425
==13956==    at 0x484D953: calloc (in /usr/libexec/valgrind/vgpreload_memcheck-amd64-linux.so)
==13956==    by 0x495F01: semantic__register_builtins (in /mnt/c/Users/Juan/Documents/GitHub/Mapanare/mapanare/self/mnc-stage1)
==13956== 
==13956== 168 bytes in 1 blocks are indirectly lost in loss record 384 of 425
==13956==    at 0x4846828: malloc (in /usr/libexec/valgrind/vgpreload_memcheck-amd64-linux.so)
==13956==    by 0x495FC6: semantic__register_builtins (in /mnt/c/Users/Juan/Documents/GitHub/Mapanare/mapanare/self/mnc-stage1)
==13956== 
==13956== 168 bytes in 1 blocks are indirectly lost in loss record 385 of 425
==13956==    at 0x484D953: calloc (in /usr/libexec/valgrind/vgpreload_memcheck-amd64-linux.so)
==13956==    by 0x4962BA: semantic__register_builtins (in /mnt/c/Users/Juan/Documents/GitHub/Mapanare/mapanare/self/mnc-stage1)
==13956== 
==13956== 168 bytes in 1 blocks are indirectly lost in loss record 386 of 425
==13956==    at 0x4846828: malloc (in /usr/libexec/valgrind/vgpreload_memcheck-amd64-linux.so)
==13956==    by 0x49637F: semantic__register_builtins (in /mnt/c/Users/Juan/Documents/GitHub/Mapanare/mapanare/self/mnc-stage1)
==13956== 
==13956== 168 bytes in 1 blocks are indirectly lost in loss record 387 of 425
==13956==    at 0x484D953: calloc (in /usr/libexec/valgrind/vgpreload_memcheck-amd64-linux.so)
==13956==    by 0x496673: semantic__register_builtins (in /mnt/c/Users/Juan/Documents/GitHub/Mapanare/mapanare/self/mnc-stage1)
==13956== 
==13956== 168 bytes in 1 blocks are indirectly lost in loss record 388 of 425
==13956==    at 0x4846828: malloc (in /usr/libexec/valgrind/vgpreload_memcheck-amd64-linux.so)
==13956==    by 0x496738: semantic__register_builtins (in /mnt/c/Users/Juan/Documents/GitHub/Mapanare/mapanare/self/mnc-stage1)
==13956== 
==13956== 168 bytes in 1 blocks are indirectly lost in loss record 389 of 425
==13956==    at 0x484D953: calloc (in /usr/libexec/valgrind/vgpreload_memcheck-amd64-linux.so)
==13956==    by 0x496A2C: semantic__register_builtins (in /mnt/c/Users/Juan/Documents/GitHub/Mapanare/mapanare/self/mnc-stage1)
==13956== 
==13956== 168 bytes in 1 blocks are indirectly lost in loss record 390 of 425
==13956==    at 0x4846828: malloc (in /usr/libexec/valgrind/vgpreload_memcheck-amd64-linux.so)
==13956==    by 0x496AF1: semantic__register_builtins (in /mnt/c/Users/Juan/Documents/GitHub/Mapanare/mapanare/self/mnc-stage1)
==13956== 
==13956== 168 bytes in 1 blocks are indirectly lost in loss record 391 of 425
==13956==    at 0x484D953: calloc (in /usr/libexec/valgrind/vgpreload_memcheck-amd64-linux.so)
==13956==    by 0x496DE5: semantic__register_builtins (in /mnt/c/Users/Juan/Documents/GitHub/Mapanare/mapanare/self/mnc-stage1)
==13956== 
==13956== 168 bytes in 1 blocks are indirectly lost in loss record 392 of 425
==13956==    at 0x4846828: malloc (in /usr/libexec/valgrind/vgpreload_memcheck-amd64-linux.so)
==13956==    by 0x496EAA: semantic__register_builtins (in /mnt/c/Users/Juan/Documents/GitHub/Mapanare/mapanare/self/mnc-stage1)
==13956== 
==13956== 168 bytes in 1 blocks are indirectly lost in loss record 393 of 425
==13956==    at 0x484D953: calloc (in /usr/libexec/valgrind/vgpreload_memcheck-amd64-linux.so)
==13956==    by 0x49719E: semantic__register_builtins (in /mnt/c/Users/Juan/Documents/GitHub/Mapanare/mapanare/self/mnc-stage1)
==13956== 
==13956== 168 bytes in 1 blocks are indirectly lost in loss record 394 of 425
==13956==    at 0x4846828: malloc (in /usr/libexec/valgrind/vgpreload_memcheck-amd64-linux.so)
==13956==    by 0x497263: semantic__register_builtins (in /mnt/c/Users/Juan/Documents/GitHub/Mapanare/mapanare/self/mnc-stage1)
==13956== 
==13956== 168 bytes in 1 blocks are indirectly lost in loss record 395 of 425
==13956==    at 0x484D953: calloc (in /usr/libexec/valgrind/vgpreload_memcheck-amd64-linux.so)
==13956==    by 0x497557: semantic__register_builtins (in /mnt/c/Users/Juan/Documents/GitHub/Mapanare/mapanare/self/mnc-stage1)
==13956== 
==13956== 168 bytes in 1 blocks are indirectly lost in loss record 396 of 425
==13956==    at 0x4846828: malloc (in /usr/libexec/valgrind/vgpreload_memcheck-amd64-linux.so)
==13956==    by 0x49761C: semantic__register_builtins (in /mnt/c/Users/Juan/Documents/GitHub/Mapanare/mapanare/self/mnc-stage1)
==13956== 
==13956== 168 bytes in 1 blocks are indirectly lost in loss record 397 of 425
==13956==    at 0x484D953: calloc (in /usr/libexec/valgrind/vgpreload_memcheck-amd64-linux.so)
==13956==    by 0x497911: semantic__register_builtins (in /mnt/c/Users/Juan/Documents/GitHub/Mapanare/mapanare/self/mnc-stage1)
==13956== 
==13956== 168 bytes in 1 blocks are indirectly lost in loss record 398 of 425
==13956==    at 0x4846828: malloc (in /usr/libexec/valgrind/vgpreload_memcheck-amd64-linux.so)
==13956==    by 0x4979D6: semantic__register_builtins (in /mnt/c/Users/Juan/Documents/GitHub/Mapanare/mapanare/self/mnc-stage1)
==13956== 
==13956== 168 bytes in 1 blocks are indirectly lost in loss record 399 of 425
==13956==    at 0x484D953: calloc (in /usr/libexec/valgrind/vgpreload_memcheck-amd64-linux.so)
==13956==    by 0x497CCC: semantic__register_builtins (in /mnt/c/Users/Juan/Documents/GitHub/Mapanare/mapanare/self/mnc-stage1)
==13956== 
==13956== 168 bytes in 1 blocks are indirectly lost in loss record 400 of 425
==13956==    at 0x4846828: malloc (in /usr/libexec/valgrind/vgpreload_memcheck-amd64-linux.so)
==13956==    by 0x497D91: semantic__register_builtins (in /mnt/c/Users/Juan/Documents/GitHub/Mapanare/mapanare/self/mnc-stage1)
==13956== 
==13956== 168 bytes in 1 blocks are indirectly lost in loss record 401 of 425
==13956==    at 0x484D953: calloc (in /usr/libexec/valgrind/vgpreload_memcheck-amd64-linux.so)
==13956==    by 0x43B12D: semantic__resolve_type_opt (in /mnt/c/Users/Juan/Documents/GitHub/Mapanare/mapanare/self/mnc-stage1)
==13956==    by 0x6A7DE5F: ???
==13956== 
==13956== 168 bytes in 1 blocks are indirectly lost in loss record 402 of 425
==13956==    at 0x484D953: calloc (in /usr/libexec/valgrind/vgpreload_memcheck-amd64-linux.so)
==13956==    by 0x4370BB: semantic__unknown_type (in /mnt/c/Users/Juan/Documents/GitHub/Mapanare/mapanare/self/mnc-stage1)
==13956== 
==13956== 168 bytes in 1 blocks are indirectly lost in loss record 403 of 425
==13956==    at 0x484D953: calloc (in /usr/libexec/valgrind/vgpreload_memcheck-amd64-linux.so)
==13956==    by 0x45B732: semantic__check_call_resolved (in /mnt/c/Users/Juan/Documents/GitHub/Mapanare/mapanare/self/mnc-stage1)
==13956== 
==13956== 168 bytes in 1 blocks are definitely lost in loss record 404 of 425
==13956==    at 0x484D953: calloc (in /usr/libexec/valgrind/vgpreload_memcheck-amd64-linux.so)
==13956==    by 0x415BCF: compile (in /mnt/c/Users/Juan/Documents/GitHub/Mapanare/mapanare/self/mnc-stage1)
==13956== 
==13956== 168 bytes in 1 blocks are definitely lost in loss record 405 of 425
==13956==    at 0x484D953: calloc (in /usr/libexec/valgrind/vgpreload_memcheck-amd64-linux.so)
==13956==    by 0x45284C: semantic__check_arithmetic_binary (in /mnt/c/Users/Juan/Documents/GitHub/Mapanare/mapanare/self/mnc-stage1)
==13956== 
==13956== 168 bytes in 1 blocks are definitely lost in loss record 406 of 425
==13956==    at 0x484D953: calloc (in /usr/libexec/valgrind/vgpreload_memcheck-amd64-linux.so)
==13956==    by 0x43B12D: semantic__resolve_type_opt (in /mnt/c/Users/Juan/Documents/GitHub/Mapanare/mapanare/self/mnc-stage1)
==13956==    by 0x752947: ??? (in /mnt/c/Users/Juan/Documents/GitHub/Mapanare/mapanare/self/mnc-stage1)
==13956== 
==13956== 224 bytes in 112 blocks are definitely lost in loss record 407 of 425
==13956==    at 0x484D953: calloc (in /usr/libexec/valgrind/vgpreload_memcheck-amd64-linux.so)
==13956==    by 0x739049: __mn_alloc (in /mnt/c/Users/Juan/Documents/GitHub/Mapanare/mapanare/self/mnc-stage1)
==13956==    by 0x73980B: __mn_str_from_parts (in /mnt/c/Users/Juan/Documents/GitHub/Mapanare/mapanare/self/mnc-stage1)
==13956==    by 0x42244E: lexer__tokenize (in /mnt/c/Users/Juan/Documents/GitHub/Mapanare/mapanare/self/mnc-stage1)
==13956== 
==13956== 288 bytes in 1 blocks are possibly lost in loss record 408 of 425
==13956==    at 0x484D953: calloc (in /usr/libexec/valgrind/vgpreload_memcheck-amd64-linux.so)
==13956==    by 0x40145AB: calloc (rtld-malloc.h:44)
==13956==    by 0x40145AB: allocate_dtv (dl-tls.c:370)
==13956==    by 0x40145AB: _dl_allocate_tls (dl-tls.c:629)
==13956==    by 0x48FD616: allocate_stack (allocatestack.c:429)
==13956==    by 0x48FD616: pthread_create@@GLIBC_2.34 (pthread_create.c:655)
==13956==    by 0x4137E1: main (in /mnt/c/Users/Juan/Documents/GitHub/Mapanare/mapanare/self/mnc-stage1)
==13956== 
==13956== 322 bytes in 1 blocks are definitely lost in loss record 409 of 425
==13956==    at 0x484D953: calloc (in /usr/libexec/valgrind/vgpreload_memcheck-amd64-linux.so)
==13956==    by 0x739049: __mn_alloc (in /mnt/c/Users/Juan/Documents/GitHub/Mapanare/mapanare/self/mnc-stage1)
==13956==    by 0x73B923: __mn_file_read (in /mnt/c/Users/Juan/Documents/GitHub/Mapanare/mapanare/self/mnc-stage1)
==13956==    by 0x73DCA7: __mn_file_read_or_empty (in /mnt/c/Users/Juan/Documents/GitHub/Mapanare/mapanare/self/mnc-stage1)
==13956==    by 0x418E28: mn_main (in /mnt/c/Users/Juan/Documents/GitHub/Mapanare/mapanare/self/mnc-stage1)
==13956==    by 0x4989A63: clone (clone.S:100)
==13956== 
==13956== 336 bytes in 2 blocks are indirectly lost in loss record 410 of 425
==13956==    at 0x484D953: calloc (in /usr/libexec/valgrind/vgpreload_memcheck-amd64-linux.so)
==13956==    by 0x43A0E3: semantic__resolve_type_expr (in /mnt/c/Users/Juan/Documents/GitHub/Mapanare/mapanare/self/mnc-stage1)
==13956== 
==13956== 336 bytes in 2 blocks are definitely lost in loss record 411 of 425
==13956==    at 0x484D953: calloc (in /usr/libexec/valgrind/vgpreload_memcheck-amd64-linux.so)
==13956==    by 0x43A0E3: semantic__resolve_type_expr (in /mnt/c/Users/Juan/Documents/GitHub/Mapanare/mapanare/self/mnc-stage1)
==13956== 
==13956== 336 bytes in 2 blocks are definitely lost in loss record 412 of 425
==13956==    at 0x484D953: calloc (in /usr/libexec/valgrind/vgpreload_memcheck-amd64-linux.so)
==13956==    by 0x43B6E8: semantic__infer_expr (in /mnt/c/Users/Juan/Documents/GitHub/Mapanare/mapanare/self/mnc-stage1)
==13956== 
==13956== 336 bytes in 2 blocks are definitely lost in loss record 413 of 425
==13956==    at 0x484D953: calloc (in /usr/libexec/valgrind/vgpreload_memcheck-amd64-linux.so)
==13956==    by 0x43B12D: semantic__resolve_type_opt (in /mnt/c/Users/Juan/Documents/GitHub/Mapanare/mapanare/self/mnc-stage1)
==13956== 
==13956== 384 bytes in 24 blocks are definitely lost in loss record 414 of 425
==13956==    at 0x4846828: malloc (in /usr/libexec/valgrind/vgpreload_memcheck-amd64-linux.so)
==13956==    by 0x73DDF9: __mn_range (in /mnt/c/Users/Juan/Documents/GitHub/Mapanare/mapanare/self/mnc-stage1)
==13956==    by 0x41FA11: lexer__scan_ident (in /mnt/c/Users/Juan/Documents/GitHub/Mapanare/mapanare/self/mnc-stage1)
==13956== 
==13956== 400 bytes in 1 blocks are possibly lost in loss record 415 of 425
==13956==    at 0x484D953: calloc (in /usr/libexec/valgrind/vgpreload_memcheck-amd64-linux.so)
==13956==    by 0x739049: __mn_alloc (in /mnt/c/Users/Juan/Documents/GitHub/Mapanare/mapanare/self/mnc-stage1)
==13956==    by 0x73AD5A: __mn_list_push (in /mnt/c/Users/Juan/Documents/GitHub/Mapanare/mapanare/self/mnc-stage1)
==13956==    by 0x45B643: semantic__check_call_resolved (in /mnt/c/Users/Juan/Documents/GitHub/Mapanare/mapanare/self/mnc-stage1)
==13956== 
==13956== 432 bytes in 3 blocks are indirectly lost in loss record 416 of 425
==13956==    at 0x484D953: calloc (in /usr/libexec/valgrind/vgpreload_memcheck-amd64-linux.so)
==13956==    by 0x739049: __mn_alloc (in /mnt/c/Users/Juan/Documents/GitHub/Mapanare/mapanare/self/mnc-stage1)
==13956==    by 0x73AD5A: __mn_list_push (in /mnt/c/Users/Juan/Documents/GitHub/Mapanare/mapanare/self/mnc-stage1)
==13956==    by 0x430E0E: parser__parse_call_args (in /mnt/c/Users/Juan/Documents/GitHub/Mapanare/mapanare/self/mnc-stage1)
==13956==    by 0x6A805CF: ???
==13956==    by 0x34: ???
==13956==    by 0x3F: ???
==13956==    by 0x3F: ???
==13956== 
==13956== 504 bytes in 3 blocks are indirectly lost in loss record 417 of 425
==13956==    at 0x4846828: malloc (in /usr/libexec/valgrind/vgpreload_memcheck-amd64-linux.so)
==13956==    by 0x478114: semantic__register_def (in /mnt/c/Users/Juan/Documents/GitHub/Mapanare/mapanare/self/mnc-stage1)
==13956== 
==13956== 816 bytes in 3 blocks are indirectly lost in loss record 418 of 425
==13956==    at 0x4846828: malloc (in /usr/libexec/valgrind/vgpreload_memcheck-amd64-linux.so)
==13956==    by 0x42797A: parser__parse_fn_body (in /mnt/c/Users/Juan/Documents/GitHub/Mapanare/mapanare/self/mnc-stage1)
==13956== 
==13956== 1,440 bytes in 2 blocks are indirectly lost in loss record 419 of 425
==13956==    at 0x484D953: calloc (in /usr/libexec/valgrind/vgpreload_memcheck-amd64-linux.so)
==13956==    by 0x739049: __mn_alloc (in /mnt/c/Users/Juan/Documents/GitHub/Mapanare/mapanare/self/mnc-stage1)
==13956==    by 0x73AD5A: __mn_list_push (in /mnt/c/Users/Juan/Documents/GitHub/Mapanare/mapanare/self/mnc-stage1)
==13956==    by 0x427957: parser__parse_fn_body (in /mnt/c/Users/Juan/Documents/GitHub/Mapanare/mapanare/self/mnc-stage1)
==13956== 
==13956== 3,568 (3,232 direct, 336 indirect) bytes in 2 blocks are definitely lost in loss record 420 of 425
==13956==    at 0x484D953: calloc (in /usr/libexec/valgrind/vgpreload_memcheck-amd64-linux.so)
==13956==    by 0x739049: __mn_alloc (in /mnt/c/Users/Juan/Documents/GitHub/Mapanare/mapanare/self/mnc-stage1)
==13956==    by 0x73AD5A: __mn_list_push (in /mnt/c/Users/Juan/Documents/GitHub/Mapanare/mapanare/self/mnc-stage1)
==13956==    by 0x4733B0: semantic__check_let_stmt (in /mnt/c/Users/Juan/Documents/GitHub/Mapanare/mapanare/self/mnc-stage1)
==13956== 
==13956== 3,888 bytes in 3 blocks are definitely lost in loss record 421 of 425
==13956==    at 0x484D953: calloc (in /usr/libexec/valgrind/vgpreload_memcheck-amd64-linux.so)
==13956==    by 0x739049: __mn_alloc (in /mnt/c/Users/Juan/Documents/GitHub/Mapanare/mapanare/self/mnc-stage1)
==13956==    by 0x73AD5A: __mn_list_push (in /mnt/c/Users/Juan/Documents/GitHub/Mapanare/mapanare/self/mnc-stage1)
==13956==    by 0x4596D6: semantic__check_call_expr (in /mnt/c/Users/Juan/Documents/GitHub/Mapanare/mapanare/self/mnc-stage1)
==13956== 
==13956== 4,024 (144 direct, 3,880 indirect) bytes in 1 blocks are definitely lost in loss record 422 of 425
==13956==    at 0x484D953: calloc (in /usr/libexec/valgrind/vgpreload_memcheck-amd64-linux.so)
==13956==    by 0x739049: __mn_alloc (in /mnt/c/Users/Juan/Documents/GitHub/Mapanare/mapanare/self/mnc-stage1)
==13956==    by 0x73AD5A: __mn_list_push (in /mnt/c/Users/Juan/Documents/GitHub/Mapanare/mapanare/self/mnc-stage1)
==13956==    by 0x423E21: parser__parse (in /mnt/c/Users/Juan/Documents/GitHub/Mapanare/mapanare/self/mnc-stage1)
==13956== 
==13956== 4,240 (4,112 direct, 128 indirect) bytes in 1 blocks are definitely lost in loss record 423 of 425
==13956==    at 0x484D953: calloc (in /usr/libexec/valgrind/vgpreload_memcheck-amd64-linux.so)
==13956==    by 0x739049: __mn_alloc (in /mnt/c/Users/Juan/Documents/GitHub/Mapanare/mapanare/self/mnc-stage1)
==13956==    by 0x73AE1F: __mn_list_push (in /mnt/c/Users/Juan/Documents/GitHub/Mapanare/mapanare/self/mnc-stage1)
==13956==    by 0x4223FA: lexer__tokenize (in /mnt/c/Users/Juan/Documents/GitHub/Mapanare/mapanare/self/mnc-stage1)
==13956== 
==13956== 12,816 bytes in 1 blocks are indirectly lost in loss record 424 of 425
==13956==    at 0x484D953: calloc (in /usr/libexec/valgrind/vgpreload_memcheck-amd64-linux.so)
==13956==    by 0x739049: __mn_alloc (in /mnt/c/Users/Juan/Documents/GitHub/Mapanare/mapanare/self/mnc-stage1)
==13956==    by 0x73AE1F: __mn_list_push (in /mnt/c/Users/Juan/Documents/GitHub/Mapanare/mapanare/self/mnc-stage1)
==13956==    by 0x491B08: semantic__register_builtins (in /mnt/c/Users/Juan/Documents/GitHub/Mapanare/mapanare/self/mnc-stage1)
==13956== 
==13956== 34,208 (168 direct, 34,040 indirect) bytes in 3 blocks are definitely lost in loss record 425 of 425
==13956==    at 0x4846828: malloc (in /usr/libexec/valgrind/vgpreload_memcheck-amd64-linux.so)
==13956==    by 0x4819CA: semantic__check_fn_body (in /mnt/c/Users/Juan/Documents/GitHub/Mapanare/mapanare/self/mnc-stage1)
==13956== 
==13956== LEAK SUMMARY:
==13956==    definitely lost: 17,439 bytes in 624 blocks
==13956==    indirectly lost: 38,384 bytes in 198 blocks
==13956==      possibly lost: 763 bytes in 3 blocks
==13956==    still reachable: 30 bytes in 1 blocks
==13956==         suppressed: 0 bytes in 0 blocks
==13956== 
==13956== For lists of detected and suppressed errors, rerun with: -s
==13956== ERROR SUMMARY: 0 errors from 0 contexts (suppressed: 0 from 0)
