==74937== Memcheck, a memory error detector
==74937== Copyright (C) 2002-2022, and GNU GPL'd, by Julian Seward et al.
==74937== Using Valgrind-3.22.0 and LibVEX; rerun with -h for copyright info
==74937== Command: /mnt/c/Users/Juan/Documents/GitHub/Mapanare/mapanare/self/mnc-stage1 /mnt/c/Users/Juan/Documents/GitHub/Mapanare/tests/golden/17_option.mn -o /tmp/v4_135_valgrind/17_option.ll
==74937== 
==74937== 
==74937== HEAP SUMMARY:
==74937==     in use at exit: 169,903 bytes in 1,947 blocks
==74937==   total heap usage: 3,394 allocs, 1,447 frees, 244,113 bytes allocated
==74937== 
==74937== 2 bytes in 1 blocks are definitely lost in loss record 1 of 981
==74937==    at 0x484D953: calloc (in /usr/libexec/valgrind/vgpreload_memcheck-amd64-linux.so)
==74937==    by 0x723DE9: __mn_alloc (in /mnt/c/Users/Juan/Documents/GitHub/Mapanare/mapanare/self/mnc-stage1)
==74937==    by 0x7245AB: __mn_str_from_parts (in /mnt/c/Users/Juan/Documents/GitHub/Mapanare/mapanare/self/mnc-stage1)
==74937==    by 0x41FA6B: lexer__scan_ident (in /mnt/c/Users/Juan/Documents/GitHub/Mapanare/mapanare/self/mnc-stage1)
==74937==    by 0x6A777CF: ???
==74937==    by 0x8000000000000000: ???
==74937==    by 0x6A733D7: ???
==74937== 
==74937== 2 bytes in 1 blocks are definitely lost in loss record 2 of 981
==74937==    at 0x484D953: calloc (in /usr/libexec/valgrind/vgpreload_memcheck-amd64-linux.so)
==74937==    by 0x723DE9: __mn_alloc (in /mnt/c/Users/Juan/Documents/GitHub/Mapanare/mapanare/self/mnc-stage1)
==74937==    by 0x7245AB: __mn_str_from_parts (in /mnt/c/Users/Juan/Documents/GitHub/Mapanare/mapanare/self/mnc-stage1)
==74937==    by 0x41FA6B: lexer__scan_ident (in /mnt/c/Users/Juan/Documents/GitHub/Mapanare/mapanare/self/mnc-stage1)
==74937==    by 0x6A7786F: ???
==74937==    by 0x8000000000000001: ???
==74937==    by 0x6A733D7: ???
==74937== 
==74937== 2 bytes in 1 blocks are definitely lost in loss record 3 of 981
==74937==    at 0x484D953: calloc (in /usr/libexec/valgrind/vgpreload_memcheck-amd64-linux.so)
==74937==    by 0x723DE9: __mn_alloc (in /mnt/c/Users/Juan/Documents/GitHub/Mapanare/mapanare/self/mnc-stage1)
==74937==    by 0x7245AB: __mn_str_from_parts (in /mnt/c/Users/Juan/Documents/GitHub/Mapanare/mapanare/self/mnc-stage1)
==74937==    by 0x41FA6B: lexer__scan_ident (in /mnt/c/Users/Juan/Documents/GitHub/Mapanare/mapanare/self/mnc-stage1)
==74937==    by 0x6A77C9F: ???
==74937==    by 0x8000000000000000: ???
==74937==    by 0x6A733D7: ???
==74937==    by 0x3: ???
==74937== 
==74937== 2 bytes in 1 blocks are definitely lost in loss record 4 of 981
==74937==    at 0x484D953: calloc (in /usr/libexec/valgrind/vgpreload_memcheck-amd64-linux.so)
==74937==    by 0x723DE9: __mn_alloc (in /mnt/c/Users/Juan/Documents/GitHub/Mapanare/mapanare/self/mnc-stage1)
==74937==    by 0x7245AB: __mn_str_from_parts (in /mnt/c/Users/Juan/Documents/GitHub/Mapanare/mapanare/self/mnc-stage1)
==74937==    by 0x41FA6B: lexer__scan_ident (in /mnt/c/Users/Juan/Documents/GitHub/Mapanare/mapanare/self/mnc-stage1)
==74937==    by 0x6A77D3F: ???
==74937==    by 0x8000000000000001: ???
==74937==    by 0x6A733D7: ???
==74937==    by 0x3: ???
==74937== 
==74937== 2 bytes in 1 blocks are definitely lost in loss record 5 of 981
==74937==    at 0x484D953: calloc (in /usr/libexec/valgrind/vgpreload_memcheck-amd64-linux.so)
==74937==    by 0x723DE9: __mn_alloc (in /mnt/c/Users/Juan/Documents/GitHub/Mapanare/mapanare/self/mnc-stage1)
==74937==    by 0x7245AB: __mn_str_from_parts (in /mnt/c/Users/Juan/Documents/GitHub/Mapanare/mapanare/self/mnc-stage1)
==74937==    by 0x41FA6B: lexer__scan_ident (in /mnt/c/Users/Juan/Documents/GitHub/Mapanare/mapanare/self/mnc-stage1)
==74937==    by 0x6A77DDF: ???
==74937==    by 0x8000000000000002: ???
==74937==    by 0x6A733D7: ???
==74937==    by 0x3: ???
==74937== 
==74937== 2 bytes in 1 blocks are definitely lost in loss record 6 of 981
==74937==    at 0x484D953: calloc (in /usr/libexec/valgrind/vgpreload_memcheck-amd64-linux.so)
==74937==    by 0x723DE9: __mn_alloc (in /mnt/c/Users/Juan/Documents/GitHub/Mapanare/mapanare/self/mnc-stage1)
==74937==    by 0x7245AB: __mn_str_from_parts (in /mnt/c/Users/Juan/Documents/GitHub/Mapanare/mapanare/self/mnc-stage1)
==74937==    by 0x41FA6B: lexer__scan_ident (in /mnt/c/Users/Juan/Documents/GitHub/Mapanare/mapanare/self/mnc-stage1)
==74937==    by 0x6A77E7F: ???
==74937==    by 0x8000000000000003: ???
==74937==    by 0x6A733D7: ???
==74937==    by 0x3: ???
==74937== 
==74937== 2 bytes in 1 blocks are definitely lost in loss record 7 of 981
==74937==    at 0x484D953: calloc (in /usr/libexec/valgrind/vgpreload_memcheck-amd64-linux.so)
==74937==    by 0x723DE9: __mn_alloc (in /mnt/c/Users/Juan/Documents/GitHub/Mapanare/mapanare/self/mnc-stage1)
==74937==    by 0x7245AB: __mn_str_from_parts (in /mnt/c/Users/Juan/Documents/GitHub/Mapanare/mapanare/self/mnc-stage1)
==74937==    by 0x41FA6B: lexer__scan_ident (in /mnt/c/Users/Juan/Documents/GitHub/Mapanare/mapanare/self/mnc-stage1)
==74937==    by 0x6A77F1F: ???
==74937==    by 0x8000000000000004: ???
==74937==    by 0x6A733D7: ???
==74937==    by 0x3: ???
==74937== 
==74937== 2 bytes in 1 blocks are definitely lost in loss record 8 of 981
==74937==    at 0x484D953: calloc (in /usr/libexec/valgrind/vgpreload_memcheck-amd64-linux.so)
==74937==    by 0x723DE9: __mn_alloc (in /mnt/c/Users/Juan/Documents/GitHub/Mapanare/mapanare/self/mnc-stage1)
==74937==    by 0x7245AB: __mn_str_from_parts (in /mnt/c/Users/Juan/Documents/GitHub/Mapanare/mapanare/self/mnc-stage1)
==74937==    by 0x41FA6B: lexer__scan_ident (in /mnt/c/Users/Juan/Documents/GitHub/Mapanare/mapanare/self/mnc-stage1)
==74937==    by 0x6A77FBF: ???
==74937==    by 0x8000000000000005: ???
==74937==    by 0x6A733D7: ???
==74937==    by 0x3: ???
==74937== 
==74937== 2 bytes in 1 blocks are definitely lost in loss record 9 of 981
==74937==    at 0x484D953: calloc (in /usr/libexec/valgrind/vgpreload_memcheck-amd64-linux.so)
==74937==    by 0x723DE9: __mn_alloc (in /mnt/c/Users/Juan/Documents/GitHub/Mapanare/mapanare/self/mnc-stage1)
==74937==    by 0x7245AB: __mn_str_from_parts (in /mnt/c/Users/Juan/Documents/GitHub/Mapanare/mapanare/self/mnc-stage1)
==74937==    by 0x41FA6B: lexer__scan_ident (in /mnt/c/Users/Juan/Documents/GitHub/Mapanare/mapanare/self/mnc-stage1)
==74937==    by 0x6A7805F: ???
==74937==    by 0x8000000000000006: ???
==74937==    by 0x6A733D7: ???
==74937==    by 0x3: ???
==74937== 
==74937== 2 bytes in 1 blocks are definitely lost in loss record 10 of 981
==74937==    at 0x484D953: calloc (in /usr/libexec/valgrind/vgpreload_memcheck-amd64-linux.so)
==74937==    by 0x723DE9: __mn_alloc (in /mnt/c/Users/Juan/Documents/GitHub/Mapanare/mapanare/self/mnc-stage1)
==74937==    by 0x7245AB: __mn_str_from_parts (in /mnt/c/Users/Juan/Documents/GitHub/Mapanare/mapanare/self/mnc-stage1)
==74937==    by 0x41FA6B: lexer__scan_ident (in /mnt/c/Users/Juan/Documents/GitHub/Mapanare/mapanare/self/mnc-stage1)
==74937==    by 0x6A780FF: ???
==74937==    by 0x8000000000000007: ???
==74937==    by 0x6A733D7: ???
==74937==    by 0x3: ???
==74937== 
==74937== 2 bytes in 1 blocks are definitely lost in loss record 11 of 981
==74937==    at 0x484D953: calloc (in /usr/libexec/valgrind/vgpreload_memcheck-amd64-linux.so)
==74937==    by 0x723DE9: __mn_alloc (in /mnt/c/Users/Juan/Documents/GitHub/Mapanare/mapanare/self/mnc-stage1)
==74937==    by 0x7245AB: __mn_str_from_parts (in /mnt/c/Users/Juan/Documents/GitHub/Mapanare/mapanare/self/mnc-stage1)
==74937==    by 0x41FA6B: lexer__scan_ident (in /mnt/c/Users/Juan/Documents/GitHub/Mapanare/mapanare/self/mnc-stage1)
==74937==    by 0x6A7819F: ???
==74937==    by 0x8000000000000008: ???
==74937==    by 0x6A733D7: ???
==74937==    by 0x3: ???
==74937== 
==74937== 2 bytes in 1 blocks are definitely lost in loss record 12 of 981
==74937==    at 0x484D953: calloc (in /usr/libexec/valgrind/vgpreload_memcheck-amd64-linux.so)
==74937==    by 0x723DE9: __mn_alloc (in /mnt/c/Users/Juan/Documents/GitHub/Mapanare/mapanare/self/mnc-stage1)
==74937==    by 0x7245AB: __mn_str_from_parts (in /mnt/c/Users/Juan/Documents/GitHub/Mapanare/mapanare/self/mnc-stage1)
==74937==    by 0x41FA6B: lexer__scan_ident (in /mnt/c/Users/Juan/Documents/GitHub/Mapanare/mapanare/self/mnc-stage1)
==74937==    by 0x6A7823F: ???
==74937==    by 0x8000000000000009: ???
==74937==    by 0x6A733D7: ???
==74937==    by 0x3: ???
==74937== 
==74937== 2 bytes in 1 blocks are definitely lost in loss record 13 of 981
==74937==    at 0x484D953: calloc (in /usr/libexec/valgrind/vgpreload_memcheck-amd64-linux.so)
==74937==    by 0x723DE9: __mn_alloc (in /mnt/c/Users/Juan/Documents/GitHub/Mapanare/mapanare/self/mnc-stage1)
==74937==    by 0x7245AB: __mn_str_from_parts (in /mnt/c/Users/Juan/Documents/GitHub/Mapanare/mapanare/self/mnc-stage1)
==74937==    by 0x41FA6B: lexer__scan_ident (in /mnt/c/Users/Juan/Documents/GitHub/Mapanare/mapanare/self/mnc-stage1)
==74937==    by 0x6A782DF: ???
==74937==    by 0x800000000000000A: ???
==74937==    by 0x6A733D7: ???
==74937==    by 0x3: ???
==74937== 
==74937== 2 bytes in 1 blocks are definitely lost in loss record 14 of 981
==74937==    at 0x484D953: calloc (in /usr/libexec/valgrind/vgpreload_memcheck-amd64-linux.so)
==74937==    by 0x723DE9: __mn_alloc (in /mnt/c/Users/Juan/Documents/GitHub/Mapanare/mapanare/self/mnc-stage1)
==74937==    by 0x7245AB: __mn_str_from_parts (in /mnt/c/Users/Juan/Documents/GitHub/Mapanare/mapanare/self/mnc-stage1)
==74937==    by 0x41FA6B: lexer__scan_ident (in /mnt/c/Users/Juan/Documents/GitHub/Mapanare/mapanare/self/mnc-stage1)
==74937==    by 0x6A7837F: ???
==74937==    by 0x800000000000000B: ???
==74937==    by 0x6A733D7: ???
==74937==    by 0x3: ???
==74937== 
==74937== 2 bytes in 1 blocks are definitely lost in loss record 15 of 981
==74937==    at 0x484D953: calloc (in /usr/libexec/valgrind/vgpreload_memcheck-amd64-linux.so)
==74937==    by 0x723DE9: __mn_alloc (in /mnt/c/Users/Juan/Documents/GitHub/Mapanare/mapanare/self/mnc-stage1)
==74937==    by 0x7245AB: __mn_str_from_parts (in /mnt/c/Users/Juan/Documents/GitHub/Mapanare/mapanare/self/mnc-stage1)
==74937==    by 0x41FA6B: lexer__scan_ident (in /mnt/c/Users/Juan/Documents/GitHub/Mapanare/mapanare/self/mnc-stage1)
==74937==    by 0x6A7841F: ???
==74937==    by 0x800000000000000C: ???
==74937==    by 0x6A733D7: ???
==74937==    by 0x3: ???
==74937== 
==74937== 2 bytes in 1 blocks are definitely lost in loss record 16 of 981
==74937==    at 0x484D953: calloc (in /usr/libexec/valgrind/vgpreload_memcheck-amd64-linux.so)
==74937==    by 0x723DE9: __mn_alloc (in /mnt/c/Users/Juan/Documents/GitHub/Mapanare/mapanare/self/mnc-stage1)
==74937==    by 0x7245AB: __mn_str_from_parts (in /mnt/c/Users/Juan/Documents/GitHub/Mapanare/mapanare/self/mnc-stage1)
==74937==    by 0x41FA6B: lexer__scan_ident (in /mnt/c/Users/Juan/Documents/GitHub/Mapanare/mapanare/self/mnc-stage1)
==74937==    by 0x6A7869F: ???
==74937==    by 0x8000000000000000: ???
==74937==    by 0x6A733D7: ???
==74937==    by 0x11: ???
==74937== 
==74937== 2 bytes in 1 blocks are definitely lost in loss record 17 of 981
==74937==    at 0x484D953: calloc (in /usr/libexec/valgrind/vgpreload_memcheck-amd64-linux.so)
==74937==    by 0x723DE9: __mn_alloc (in /mnt/c/Users/Juan/Documents/GitHub/Mapanare/mapanare/self/mnc-stage1)
==74937==    by 0x7245AB: __mn_str_from_parts (in /mnt/c/Users/Juan/Documents/GitHub/Mapanare/mapanare/self/mnc-stage1)
==74937==    by 0x41FA6B: lexer__scan_ident (in /mnt/c/Users/Juan/Documents/GitHub/Mapanare/mapanare/self/mnc-stage1)
==74937==    by 0x6A7896F: ???
==74937==    by 0x8000000000000000: ???
==74937==    by 0x6A733D7: ???
==74937==    by 0x14: ???
==74937== 
==74937== 2 bytes in 1 blocks are definitely lost in loss record 18 of 981
==74937==    at 0x484D953: calloc (in /usr/libexec/valgrind/vgpreload_memcheck-amd64-linux.so)
==74937==    by 0x723DE9: __mn_alloc (in /mnt/c/Users/Juan/Documents/GitHub/Mapanare/mapanare/self/mnc-stage1)
==74937==    by 0x7245AB: __mn_str_from_parts (in /mnt/c/Users/Juan/Documents/GitHub/Mapanare/mapanare/self/mnc-stage1)
==74937==    by 0x41FA6B: lexer__scan_ident (in /mnt/c/Users/Juan/Documents/GitHub/Mapanare/mapanare/self/mnc-stage1)
==74937==    by 0x6A78A0F: ???
==74937==    by 0x8000000000000001: ???
==74937==    by 0x6A733D7: ???
==74937==    by 0x14: ???
==74937== 
==74937== 2 bytes in 1 blocks are definitely lost in loss record 19 of 981
==74937==    at 0x484D953: calloc (in /usr/libexec/valgrind/vgpreload_memcheck-amd64-linux.so)
==74937==    by 0x723DE9: __mn_alloc (in /mnt/c/Users/Juan/Documents/GitHub/Mapanare/mapanare/self/mnc-stage1)
==74937==    by 0x7245AB: __mn_str_from_parts (in /mnt/c/Users/Juan/Documents/GitHub/Mapanare/mapanare/self/mnc-stage1)
==74937==    by 0x41FA6B: lexer__scan_ident (in /mnt/c/Users/Juan/Documents/GitHub/Mapanare/mapanare/self/mnc-stage1)
==74937==    by 0x6A78AAF: ???
==74937==    by 0x8000000000000002: ???
==74937==    by 0x6A733D7: ???
==74937==    by 0x14: ???
==74937== 
==74937== 2 bytes in 1 blocks are definitely lost in loss record 20 of 981
==74937==    at 0x484D953: calloc (in /usr/libexec/valgrind/vgpreload_memcheck-amd64-linux.so)
==74937==    by 0x723DE9: __mn_alloc (in /mnt/c/Users/Juan/Documents/GitHub/Mapanare/mapanare/self/mnc-stage1)
==74937==    by 0x7245AB: __mn_str_from_parts (in /mnt/c/Users/Juan/Documents/GitHub/Mapanare/mapanare/self/mnc-stage1)
==74937==    by 0x41FA6B: lexer__scan_ident (in /mnt/c/Users/Juan/Documents/GitHub/Mapanare/mapanare/self/mnc-stage1)
==74937==    by 0x6A78EBF: ???
==74937==    by 0x8000000000000000: ???
==74937==    by 0x6A733D7: ???
==74937==    by 0x1C: ???
==74937== 
==74937== 2 bytes in 1 blocks are definitely lost in loss record 21 of 981
==74937==    at 0x484D953: calloc (in /usr/libexec/valgrind/vgpreload_memcheck-amd64-linux.so)
==74937==    by 0x723DE9: __mn_alloc (in /mnt/c/Users/Juan/Documents/GitHub/Mapanare/mapanare/self/mnc-stage1)
==74937==    by 0x7245AB: __mn_str_from_parts (in /mnt/c/Users/Juan/Documents/GitHub/Mapanare/mapanare/self/mnc-stage1)
==74937==    by 0x41FA6B: lexer__scan_ident (in /mnt/c/Users/Juan/Documents/GitHub/Mapanare/mapanare/self/mnc-stage1)
==74937==    by 0x6A78F5F: ???
==74937==    by 0x8000000000000001: ???
==74937==    by 0x6A733D7: ???
==74937==    by 0x1C: ???
==74937== 
==74937== 2 bytes in 1 blocks are definitely lost in loss record 22 of 981
==74937==    at 0x484D953: calloc (in /usr/libexec/valgrind/vgpreload_memcheck-amd64-linux.so)
==74937==    by 0x723DE9: __mn_alloc (in /mnt/c/Users/Juan/Documents/GitHub/Mapanare/mapanare/self/mnc-stage1)
==74937==    by 0x7245AB: __mn_str_from_parts (in /mnt/c/Users/Juan/Documents/GitHub/Mapanare/mapanare/self/mnc-stage1)
==74937==    by 0x41FA6B: lexer__scan_ident (in /mnt/c/Users/Juan/Documents/GitHub/Mapanare/mapanare/self/mnc-stage1)
==74937==    by 0x6A78FFF: ???
==74937==    by 0x8000000000000002: ???
==74937==    by 0x6A733D7: ???
==74937==    by 0x1C: ???
==74937== 
==74937== 2 bytes in 1 blocks are definitely lost in loss record 23 of 981
==74937==    at 0x484D953: calloc (in /usr/libexec/valgrind/vgpreload_memcheck-amd64-linux.so)
==74937==    by 0x723DE9: __mn_alloc (in /mnt/c/Users/Juan/Documents/GitHub/Mapanare/mapanare/self/mnc-stage1)
==74937==    by 0x7245AB: __mn_str_from_parts (in /mnt/c/Users/Juan/Documents/GitHub/Mapanare/mapanare/self/mnc-stage1)
==74937==    by 0x41FA6B: lexer__scan_ident (in /mnt/c/Users/Juan/Documents/GitHub/Mapanare/mapanare/self/mnc-stage1)
==74937==    by 0x6A7909F: ???
==74937==    by 0x8000000000000003: ???
==74937==    by 0x6A733D7: ???
==74937==    by 0x1C: ???
==74937== 
==74937== 2 bytes in 1 blocks are definitely lost in loss record 24 of 981
==74937==    at 0x484D953: calloc (in /usr/libexec/valgrind/vgpreload_memcheck-amd64-linux.so)
==74937==    by 0x723DE9: __mn_alloc (in /mnt/c/Users/Juan/Documents/GitHub/Mapanare/mapanare/self/mnc-stage1)
==74937==    by 0x7245AB: __mn_str_from_parts (in /mnt/c/Users/Juan/Documents/GitHub/Mapanare/mapanare/self/mnc-stage1)
==74937==    by 0x41FA6B: lexer__scan_ident (in /mnt/c/Users/Juan/Documents/GitHub/Mapanare/mapanare/self/mnc-stage1)
==74937==    by 0x6A7913F: ???
==74937==    by 0x8000000000000004: ???
==74937==    by 0x6A733D7: ???
==74937==    by 0x1C: ???
==74937== 
==74937== 2 bytes in 1 blocks are definitely lost in loss record 25 of 981
==74937==    at 0x484D953: calloc (in /usr/libexec/valgrind/vgpreload_memcheck-amd64-linux.so)
==74937==    by 0x723DE9: __mn_alloc (in /mnt/c/Users/Juan/Documents/GitHub/Mapanare/mapanare/self/mnc-stage1)
==74937==    by 0x7245AB: __mn_str_from_parts (in /mnt/c/Users/Juan/Documents/GitHub/Mapanare/mapanare/self/mnc-stage1)
==74937==    by 0x41FA6B: lexer__scan_ident (in /mnt/c/Users/Juan/Documents/GitHub/Mapanare/mapanare/self/mnc-stage1)
==74937==    by 0x6A791DF: ???
==74937==    by 0x8000000000000005: ???
==74937==    by 0x6A733D7: ???
==74937==    by 0x1C: ???
==74937== 
==74937== 2 bytes in 1 blocks are definitely lost in loss record 26 of 981
==74937==    at 0x484D953: calloc (in /usr/libexec/valgrind/vgpreload_memcheck-amd64-linux.so)
==74937==    by 0x723DE9: __mn_alloc (in /mnt/c/Users/Juan/Documents/GitHub/Mapanare/mapanare/self/mnc-stage1)
==74937==    by 0x7245AB: __mn_str_from_parts (in /mnt/c/Users/Juan/Documents/GitHub/Mapanare/mapanare/self/mnc-stage1)
==74937==    by 0x41FA6B: lexer__scan_ident (in /mnt/c/Users/Juan/Documents/GitHub/Mapanare/mapanare/self/mnc-stage1)
==74937==    by 0x6A798AF: ???
==74937==    by 0x8000000000000000: ???
==74937==    by 0x6A733D7: ???
==74937==    by 0x23: ???
==74937== 
==74937== 2 bytes in 1 blocks are definitely lost in loss record 27 of 981
==74937==    at 0x484D953: calloc (in /usr/libexec/valgrind/vgpreload_memcheck-amd64-linux.so)
==74937==    by 0x723DE9: __mn_alloc (in /mnt/c/Users/Juan/Documents/GitHub/Mapanare/mapanare/self/mnc-stage1)
==74937==    by 0x7245AB: __mn_str_from_parts (in /mnt/c/Users/Juan/Documents/GitHub/Mapanare/mapanare/self/mnc-stage1)
==74937==    by 0x41FA6B: lexer__scan_ident (in /mnt/c/Users/Juan/Documents/GitHub/Mapanare/mapanare/self/mnc-stage1)
==74937==    by 0x6A7994F: ???
==74937==    by 0x8000000000000001: ???
==74937==    by 0x6A733D7: ???
==74937==    by 0x23: ???
==74937== 
==74937== 2 bytes in 1 blocks are definitely lost in loss record 28 of 981
==74937==    at 0x484D953: calloc (in /usr/libexec/valgrind/vgpreload_memcheck-amd64-linux.so)
==74937==    by 0x723DE9: __mn_alloc (in /mnt/c/Users/Juan/Documents/GitHub/Mapanare/mapanare/self/mnc-stage1)
==74937==    by 0x7245AB: __mn_str_from_parts (in /mnt/c/Users/Juan/Documents/GitHub/Mapanare/mapanare/self/mnc-stage1)
==74937==    by 0x41FA6B: lexer__scan_ident (in /mnt/c/Users/Juan/Documents/GitHub/Mapanare/mapanare/self/mnc-stage1)
==74937==    by 0x6A799EF: ???
==74937==    by 0x8000000000000002: ???
==74937==    by 0x6A733D7: ???
==74937==    by 0x23: ???
==74937== 
==74937== 2 bytes in 1 blocks are definitely lost in loss record 29 of 981
==74937==    at 0x484D953: calloc (in /usr/libexec/valgrind/vgpreload_memcheck-amd64-linux.so)
==74937==    by 0x723DE9: __mn_alloc (in /mnt/c/Users/Juan/Documents/GitHub/Mapanare/mapanare/self/mnc-stage1)
==74937==    by 0x7245AB: __mn_str_from_parts (in /mnt/c/Users/Juan/Documents/GitHub/Mapanare/mapanare/self/mnc-stage1)
==74937==    by 0x41FA6B: lexer__scan_ident (in /mnt/c/Users/Juan/Documents/GitHub/Mapanare/mapanare/self/mnc-stage1)
==74937==    by 0x6A79F3F: ???
==74937==    by 0x8000000000000000: ???
==74937==    by 0x6A733D7: ???
==74937==    by 0x4: ???
==74937==    by 0x1: ???
==74937==    by 0x6A7751F: ???
==74937==    by 0x8000000000000000: ???
==74937==    by 0x4: ???
==74937==    by 0x2D: ???
==74937== 
==74937== 2 bytes in 1 blocks are definitely lost in loss record 30 of 981
==74937==    at 0x484D953: calloc (in /usr/libexec/valgrind/vgpreload_memcheck-amd64-linux.so)
==74937==    by 0x723DE9: __mn_alloc (in /mnt/c/Users/Juan/Documents/GitHub/Mapanare/mapanare/self/mnc-stage1)
==74937==    by 0x7245AB: __mn_str_from_parts (in /mnt/c/Users/Juan/Documents/GitHub/Mapanare/mapanare/self/mnc-stage1)
==74937==    by 0x41FA6B: lexer__scan_ident (in /mnt/c/Users/Juan/Documents/GitHub/Mapanare/mapanare/self/mnc-stage1)
==74937==    by 0x6A79FDF: ???
==74937==    by 0x8000000000000001: ???
==74937==    by 0x6A733D7: ???
==74937==    by 0x4: ???
==74937==    by 0x1: ???
==74937==    by 0x6A7751F: ???
==74937==    by 0x8000000000000000: ???
==74937==    by 0x4: ???
==74937==    by 0x2D: ???
==74937== 
==74937== 2 bytes in 1 blocks are definitely lost in loss record 31 of 981
==74937==    at 0x484D953: calloc (in /usr/libexec/valgrind/vgpreload_memcheck-amd64-linux.so)
==74937==    by 0x723DE9: __mn_alloc (in /mnt/c/Users/Juan/Documents/GitHub/Mapanare/mapanare/self/mnc-stage1)
==74937==    by 0x7245AB: __mn_str_from_parts (in /mnt/c/Users/Juan/Documents/GitHub/Mapanare/mapanare/self/mnc-stage1)
==74937==    by 0x41FA6B: lexer__scan_ident (in /mnt/c/Users/Juan/Documents/GitHub/Mapanare/mapanare/self/mnc-stage1)
==74937==    by 0x6A7A1BF: ???
==74937==    by 0x8000000000000000: ???
==74937==    by 0x6A733D7: ???
==74937==    by 0x7: ???
==74937==    by 0x1: ???
==74937==    by 0x6A7751F: ???
==74937==    by 0x8000000000000000: ???
==74937==    by 0x7: ???
==74937==    by 0x30: ???
==74937== 
==74937== 2 bytes in 1 blocks are definitely lost in loss record 32 of 981
==74937==    at 0x484D953: calloc (in /usr/libexec/valgrind/vgpreload_memcheck-amd64-linux.so)
==74937==    by 0x723DE9: __mn_alloc (in /mnt/c/Users/Juan/Documents/GitHub/Mapanare/mapanare/self/mnc-stage1)
==74937==    by 0x7245AB: __mn_str_from_parts (in /mnt/c/Users/Juan/Documents/GitHub/Mapanare/mapanare/self/mnc-stage1)
==74937==    by 0x41FBC6: lexer__scan_number (in /mnt/c/Users/Juan/Documents/GitHub/Mapanare/mapanare/self/mnc-stage1)
==74937==    by 0x6A7A2FF: ???
==74937==    by 0x6A73257: ???
==74937== 
==74937== 2 bytes in 1 blocks are definitely lost in loss record 33 of 981
==74937==    at 0x484D953: calloc (in /usr/libexec/valgrind/vgpreload_memcheck-amd64-linux.so)
==74937==    by 0x723DE9: __mn_alloc (in /mnt/c/Users/Juan/Documents/GitHub/Mapanare/mapanare/self/mnc-stage1)
==74937==    by 0x7245AB: __mn_str_from_parts (in /mnt/c/Users/Juan/Documents/GitHub/Mapanare/mapanare/self/mnc-stage1)
==74937==    by 0x420082: lexer__scan_number (in /mnt/c/Users/Juan/Documents/GitHub/Mapanare/mapanare/self/mnc-stage1)
==74937==    by 0x73C56F: ??? (in /mnt/c/Users/Juan/Documents/GitHub/Mapanare/mapanare/self/mnc-stage1)
==74937==    by 0x6A73257: ???
==74937== 
==74937== 2 bytes in 1 blocks are definitely lost in loss record 34 of 981
==74937==    at 0x484D953: calloc (in /usr/libexec/valgrind/vgpreload_memcheck-amd64-linux.so)
==74937==    by 0x723DE9: __mn_alloc (in /mnt/c/Users/Juan/Documents/GitHub/Mapanare/mapanare/self/mnc-stage1)
==74937==    by 0x7245AB: __mn_str_from_parts (in /mnt/c/Users/Juan/Documents/GitHub/Mapanare/mapanare/self/mnc-stage1)
==74937==    by 0x42002C: lexer__scan_number (in /mnt/c/Users/Juan/Documents/GitHub/Mapanare/mapanare/self/mnc-stage1)
==74937==    by 0x6A7A57F: ???
==74937==    by 0x6A73257: ???
==74937==    by 0x8000000000000000: ???
==74937==    by 0x6A7A43F: ???
==74937==    by 0x8000000000000000: ???
==74937== 
==74937== 2 bytes in 1 blocks are definitely lost in loss record 35 of 981
==74937==    at 0x484D953: calloc (in /usr/libexec/valgrind/vgpreload_memcheck-amd64-linux.so)
==74937==    by 0x723DE9: __mn_alloc (in /mnt/c/Users/Juan/Documents/GitHub/Mapanare/mapanare/self/mnc-stage1)
==74937==    by 0x7245AB: __mn_str_from_parts (in /mnt/c/Users/Juan/Documents/GitHub/Mapanare/mapanare/self/mnc-stage1)
==74937==    by 0x41FA6B: lexer__scan_ident (in /mnt/c/Users/Juan/Documents/GitHub/Mapanare/mapanare/self/mnc-stage1)
==74937==    by 0x6A7B36F: ???
==74937==    by 0x8000000000000000: ???
==74937==    by 0x6A733D7: ???
==74937==    by 0x8: ???
==74937==    by 0x2: ???
==74937==    by 0x6A7751F: ???
==74937==    by 0x8000000000000000: ???
==74937==    by 0x8: ???
==74937==    by 0x40: ???
==74937== 
==74937== 2 bytes in 1 blocks are definitely lost in loss record 36 of 981
==74937==    at 0x484D953: calloc (in /usr/libexec/valgrind/vgpreload_memcheck-amd64-linux.so)
==74937==    by 0x723DE9: __mn_alloc (in /mnt/c/Users/Juan/Documents/GitHub/Mapanare/mapanare/self/mnc-stage1)
==74937==    by 0x7245AB: __mn_str_from_parts (in /mnt/c/Users/Juan/Documents/GitHub/Mapanare/mapanare/self/mnc-stage1)
==74937==    by 0x41FA6B: lexer__scan_ident (in /mnt/c/Users/Juan/Documents/GitHub/Mapanare/mapanare/self/mnc-stage1)
==74937==    by 0x6A7B40F: ???
==74937==    by 0x8000000000000001: ???
==74937==    by 0x6A733D7: ???
==74937==    by 0x8: ???
==74937==    by 0x2: ???
==74937==    by 0x6A7751F: ???
==74937==    by 0x8000000000000000: ???
==74937==    by 0x8: ???
==74937==    by 0x40: ???
==74937== 
==74937== 2 bytes in 1 blocks are definitely lost in loss record 37 of 981
==74937==    at 0x484D953: calloc (in /usr/libexec/valgrind/vgpreload_memcheck-amd64-linux.so)
==74937==    by 0x723DE9: __mn_alloc (in /mnt/c/Users/Juan/Documents/GitHub/Mapanare/mapanare/self/mnc-stage1)
==74937==    by 0x7245AB: __mn_str_from_parts (in /mnt/c/Users/Juan/Documents/GitHub/Mapanare/mapanare/self/mnc-stage1)
==74937==    by 0x41FA6B: lexer__scan_ident (in /mnt/c/Users/Juan/Documents/GitHub/Mapanare/mapanare/self/mnc-stage1)
==74937==    by 0x6A7B4AF: ???
==74937==    by 0x8000000000000002: ???
==74937==    by 0x6A733D7: ???
==74937==    by 0x8: ???
==74937==    by 0x2: ???
==74937==    by 0x6A7751F: ???
==74937==    by 0x8000000000000000: ???
==74937==    by 0x8: ???
==74937==    by 0x40: ???
==74937== 
==74937== 2 bytes in 1 blocks are definitely lost in loss record 38 of 981
==74937==    at 0x484D953: calloc (in /usr/libexec/valgrind/vgpreload_memcheck-amd64-linux.so)
==74937==    by 0x723DE9: __mn_alloc (in /mnt/c/Users/Juan/Documents/GitHub/Mapanare/mapanare/self/mnc-stage1)
==74937==    by 0x7245AB: __mn_str_from_parts (in /mnt/c/Users/Juan/Documents/GitHub/Mapanare/mapanare/self/mnc-stage1)
==74937==    by 0x41FA6B: lexer__scan_ident (in /mnt/c/Users/Juan/Documents/GitHub/Mapanare/mapanare/self/mnc-stage1)
==74937==    by 0x6A7B54F: ???
==74937==    by 0x8000000000000003: ???
==74937==    by 0x6A733D7: ???
==74937==    by 0x8: ???
==74937==    by 0x2: ???
==74937==    by 0x6A7751F: ???
==74937==    by 0x8000000000000000: ???
==74937==    by 0x8: ???
==74937==    by 0x40: ???
==74937== 
==74937== 2 bytes in 1 blocks are definitely lost in loss record 39 of 981
==74937==    at 0x484D953: calloc (in /usr/libexec/valgrind/vgpreload_memcheck-amd64-linux.so)
==74937==    by 0x723DE9: __mn_alloc (in /mnt/c/Users/Juan/Documents/GitHub/Mapanare/mapanare/self/mnc-stage1)
==74937==    by 0x7245AB: __mn_str_from_parts (in /mnt/c/Users/Juan/Documents/GitHub/Mapanare/mapanare/self/mnc-stage1)
==74937==    by 0x41FA6B: lexer__scan_ident (in /mnt/c/Users/Juan/Documents/GitHub/Mapanare/mapanare/self/mnc-stage1)
==74937==    by 0x6A7B5EF: ???
==74937==    by 0x8000000000000004: ???
==74937==    by 0x6A733D7: ???
==74937==    by 0x8: ???
==74937==    by 0x2: ???
==74937==    by 0x6A7751F: ???
==74937==    by 0x8000000000000000: ???
==74937==    by 0x8: ???
==74937==    by 0x40: ???
==74937== 
==74937== 2 bytes in 1 blocks are definitely lost in loss record 40 of 981
==74937==    at 0x484D953: calloc (in /usr/libexec/valgrind/vgpreload_memcheck-amd64-linux.so)
==74937==    by 0x723DE9: __mn_alloc (in /mnt/c/Users/Juan/Documents/GitHub/Mapanare/mapanare/self/mnc-stage1)
==74937==    by 0x7245AB: __mn_str_from_parts (in /mnt/c/Users/Juan/Documents/GitHub/Mapanare/mapanare/self/mnc-stage1)
==74937==    by 0x41FA6B: lexer__scan_ident (in /mnt/c/Users/Juan/Documents/GitHub/Mapanare/mapanare/self/mnc-stage1)
==74937==    by 0x6A7B68F: ???
==74937==    by 0x8000000000000005: ???
==74937==    by 0x6A733D7: ???
==74937==    by 0x8: ???
==74937==    by 0x2: ???
==74937==    by 0x6A7751F: ???
==74937==    by 0x8000000000000000: ???
==74937==    by 0x8: ???
==74937==    by 0x40: ???
==74937== 
==74937== 2 bytes in 1 blocks are definitely lost in loss record 41 of 981
==74937==    at 0x484D953: calloc (in /usr/libexec/valgrind/vgpreload_memcheck-amd64-linux.so)
==74937==    by 0x723DE9: __mn_alloc (in /mnt/c/Users/Juan/Documents/GitHub/Mapanare/mapanare/self/mnc-stage1)
==74937==    by 0x7245AB: __mn_str_from_parts (in /mnt/c/Users/Juan/Documents/GitHub/Mapanare/mapanare/self/mnc-stage1)
==74937==    by 0x41FA6B: lexer__scan_ident (in /mnt/c/Users/Juan/Documents/GitHub/Mapanare/mapanare/self/mnc-stage1)
==74937==    by 0x6A7B86F: ???
==74937==    by 0x8000000000000000: ???
==74937==    by 0x6A733D7: ???
==74937==    by 0xF: ???
==74937==    by 0x2: ???
==74937==    by 0x6A7751F: ???
==74937==    by 0x8000000000000000: ???
==74937==    by 0xF: ???
==74937==    by 0x47: ???
==74937== 
==74937== 2 bytes in 1 blocks are definitely lost in loss record 42 of 981
==74937==    at 0x484D953: calloc (in /usr/libexec/valgrind/vgpreload_memcheck-amd64-linux.so)
==74937==    by 0x723DE9: __mn_alloc (in /mnt/c/Users/Juan/Documents/GitHub/Mapanare/mapanare/self/mnc-stage1)
==74937==    by 0x7245AB: __mn_str_from_parts (in /mnt/c/Users/Juan/Documents/GitHub/Mapanare/mapanare/self/mnc-stage1)
==74937==    by 0x41FA6B: lexer__scan_ident (in /mnt/c/Users/Juan/Documents/GitHub/Mapanare/mapanare/self/mnc-stage1)
==74937==    by 0x6A7B90F: ???
==74937==    by 0x8000000000000001: ???
==74937==    by 0x6A733D7: ???
==74937==    by 0xF: ???
==74937==    by 0x2: ???
==74937==    by 0x6A7751F: ???
==74937==    by 0x8000000000000000: ???
==74937==    by 0xF: ???
==74937==    by 0x47: ???
==74937== 
==74937== 2 bytes in 1 blocks are definitely lost in loss record 43 of 981
==74937==    at 0x484D953: calloc (in /usr/libexec/valgrind/vgpreload_memcheck-amd64-linux.so)
==74937==    by 0x723DE9: __mn_alloc (in /mnt/c/Users/Juan/Documents/GitHub/Mapanare/mapanare/self/mnc-stage1)
==74937==    by 0x7245AB: __mn_str_from_parts (in /mnt/c/Users/Juan/Documents/GitHub/Mapanare/mapanare/self/mnc-stage1)
==74937==    by 0x41FA6B: lexer__scan_ident (in /mnt/c/Users/Juan/Documents/GitHub/Mapanare/mapanare/self/mnc-stage1)
==74937==    by 0x6A7B9AF: ???
==74937==    by 0x8000000000000002: ???
==74937==    by 0x6A733D7: ???
==74937==    by 0xF: ???
==74937==    by 0x2: ???
==74937==    by 0x6A7751F: ???
==74937==    by 0x8000000000000000: ???
==74937==    by 0xF: ???
==74937==    by 0x47: ???
==74937== 
==74937== 2 bytes in 1 blocks are definitely lost in loss record 44 of 981
==74937==    at 0x484D953: calloc (in /usr/libexec/valgrind/vgpreload_memcheck-amd64-linux.so)
==74937==    by 0x723DE9: __mn_alloc (in /mnt/c/Users/Juan/Documents/GitHub/Mapanare/mapanare/self/mnc-stage1)
==74937==    by 0x7245AB: __mn_str_from_parts (in /mnt/c/Users/Juan/Documents/GitHub/Mapanare/mapanare/self/mnc-stage1)
==74937==    by 0x41FA6B: lexer__scan_ident (in /mnt/c/Users/Juan/Documents/GitHub/Mapanare/mapanare/self/mnc-stage1)
==74937==    by 0x6A7BA4F: ???
==74937==    by 0x8000000000000003: ???
==74937==    by 0x6A733D7: ???
==74937==    by 0xF: ???
==74937==    by 0x2: ???
==74937==    by 0x6A7751F: ???
==74937==    by 0x8000000000000000: ???
==74937==    by 0xF: ???
==74937==    by 0x47: ???
==74937== 
==74937== 2 bytes in 1 blocks are definitely lost in loss record 45 of 981
==74937==    at 0x484D953: calloc (in /usr/libexec/valgrind/vgpreload_memcheck-amd64-linux.so)
==74937==    by 0x723DE9: __mn_alloc (in /mnt/c/Users/Juan/Documents/GitHub/Mapanare/mapanare/self/mnc-stage1)
==74937==    by 0x7245AB: __mn_str_from_parts (in /mnt/c/Users/Juan/Documents/GitHub/Mapanare/mapanare/self/mnc-stage1)
==74937==    by 0x41FA6B: lexer__scan_ident (in /mnt/c/Users/Juan/Documents/GitHub/Mapanare/mapanare/self/mnc-stage1)
==74937==    by 0x6A7BCCF: ???
==74937==    by 0x8000000000000000: ???
==74937==    by 0x6A733D7: ???
==74937==    by 0x14: ???
==74937==    by 0x2: ???
==74937==    by 0x6A7751F: ???
==74937==    by 0x8000000000000000: ???
==74937==    by 0x14: ???
==74937==    by 0x4C: ???
==74937== 
==74937== 2 bytes in 1 blocks are definitely lost in loss record 46 of 981
==74937==    at 0x484D953: calloc (in /usr/libexec/valgrind/vgpreload_memcheck-amd64-linux.so)
==74937==    by 0x723DE9: __mn_alloc (in /mnt/c/Users/Juan/Documents/GitHub/Mapanare/mapanare/self/mnc-stage1)
==74937==    by 0x7245AB: __mn_str_from_parts (in /mnt/c/Users/Juan/Documents/GitHub/Mapanare/mapanare/self/mnc-stage1)
==74937==    by 0x41FA6B: lexer__scan_ident (in /mnt/c/Users/Juan/Documents/GitHub/Mapanare/mapanare/self/mnc-stage1)
==74937==    by 0x6A7C35F: ???
==74937==    by 0x8000000000000000: ???
==74937==    by 0x6A733D7: ???
==74937==    by 0x4: ???
==74937==    by 0x4: ???
==74937==    by 0x6A7751F: ???
==74937==    by 0x8000000000000000: ???
==74937==    by 0x4: ???
==74937==    by 0x59: ???
==74937== 
==74937== 2 bytes in 1 blocks are definitely lost in loss record 47 of 981
==74937==    at 0x484D953: calloc (in /usr/libexec/valgrind/vgpreload_memcheck-amd64-linux.so)
==74937==    by 0x723DE9: __mn_alloc (in /mnt/c/Users/Juan/Documents/GitHub/Mapanare/mapanare/self/mnc-stage1)
==74937==    by 0x7245AB: __mn_str_from_parts (in /mnt/c/Users/Juan/Documents/GitHub/Mapanare/mapanare/self/mnc-stage1)
==74937==    by 0x41FA6B: lexer__scan_ident (in /mnt/c/Users/Juan/Documents/GitHub/Mapanare/mapanare/self/mnc-stage1)
==74937==    by 0x6A7C3FF: ???
==74937==    by 0x8000000000000001: ???
==74937==    by 0x6A733D7: ???
==74937==    by 0x4: ???
==74937==    by 0x4: ???
==74937==    by 0x6A7751F: ???
==74937==    by 0x8000000000000000: ???
==74937==    by 0x4: ???
==74937==    by 0x59: ???
==74937== 
==74937== 2 bytes in 1 blocks are definitely lost in loss record 48 of 981
==74937==    at 0x484D953: calloc (in /usr/libexec/valgrind/vgpreload_memcheck-amd64-linux.so)
==74937==    by 0x723DE9: __mn_alloc (in /mnt/c/Users/Juan/Documents/GitHub/Mapanare/mapanare/self/mnc-stage1)
==74937==    by 0x7245AB: __mn_str_from_parts (in /mnt/c/Users/Juan/Documents/GitHub/Mapanare/mapanare/self/mnc-stage1)
==74937==    by 0x41FA6B: lexer__scan_ident (in /mnt/c/Users/Juan/Documents/GitHub/Mapanare/mapanare/self/mnc-stage1)
==74937==    by 0x6A7C49F: ???
==74937==    by 0x8000000000000002: ???
==74937==    by 0x6A733D7: ???
==74937==    by 0x4: ???
==74937==    by 0x4: ???
==74937==    by 0x6A7751F: ???
==74937==    by 0x8000000000000000: ???
==74937==    by 0x4: ???
==74937==    by 0x59: ???
==74937== 
==74937== 2 bytes in 1 blocks are definitely lost in loss record 49 of 981
==74937==    at 0x484D953: calloc (in /usr/libexec/valgrind/vgpreload_memcheck-amd64-linux.so)
==74937==    by 0x723DE9: __mn_alloc (in /mnt/c/Users/Juan/Documents/GitHub/Mapanare/mapanare/self/mnc-stage1)
==74937==    by 0x7245AB: __mn_str_from_parts (in /mnt/c/Users/Juan/Documents/GitHub/Mapanare/mapanare/self/mnc-stage1)
==74937==    by 0x41FA6B: lexer__scan_ident (in /mnt/c/Users/Juan/Documents/GitHub/Mapanare/mapanare/self/mnc-stage1)
==74937==    by 0x6A7C53F: ???
==74937==    by 0x8000000000000003: ???
==74937==    by 0x6A733D7: ???
==74937==    by 0x4: ???
==74937==    by 0x4: ???
==74937==    by 0x6A7751F: ???
==74937==    by 0x8000000000000000: ???
==74937==    by 0x4: ???
==74937==    by 0x59: ???
==74937== 
==74937== 2 bytes in 1 blocks are definitely lost in loss record 50 of 981
==74937==    at 0x484D953: calloc (in /usr/libexec/valgrind/vgpreload_memcheck-amd64-linux.so)
==74937==    by 0x723DE9: __mn_alloc (in /mnt/c/Users/Juan/Documents/GitHub/Mapanare/mapanare/self/mnc-stage1)
==74937==    by 0x7245AB: __mn_str_from_parts (in /mnt/c/Users/Juan/Documents/GitHub/Mapanare/mapanare/self/mnc-stage1)
==74937==    by 0x41FA6B: lexer__scan_ident (in /mnt/c/Users/Juan/Documents/GitHub/Mapanare/mapanare/self/mnc-stage1)
==74937==    by 0x6A7C5DF: ???
==74937==    by 0x8000000000000004: ???
==74937==    by 0x6A733D7: ???
==74937==    by 0x4: ???
==74937==    by 0x4: ???
==74937==    by 0x6A7751F: ???
==74937==    by 0x8000000000000000: ???
==74937==    by 0x4: ???
==74937==    by 0x59: ???
==74937== 
==74937== 2 bytes in 1 blocks are definitely lost in loss record 51 of 981
==74937==    at 0x484D953: calloc (in /usr/libexec/valgrind/vgpreload_memcheck-amd64-linux.so)
==74937==    by 0x723DE9: __mn_alloc (in /mnt/c/Users/Juan/Documents/GitHub/Mapanare/mapanare/self/mnc-stage1)
==74937==    by 0x7245AB: __mn_str_from_parts (in /mnt/c/Users/Juan/Documents/GitHub/Mapanare/mapanare/self/mnc-stage1)
==74937==    by 0x41FA6B: lexer__scan_ident (in /mnt/c/Users/Juan/Documents/GitHub/Mapanare/mapanare/self/mnc-stage1)
==74937==    by 0x6A7C67F: ???
==74937==    by 0x8000000000000005: ???
==74937==    by 0x6A733D7: ???
==74937==    by 0x4: ???
==74937==    by 0x4: ???
==74937==    by 0x6A7751F: ???
==74937==    by 0x8000000000000000: ???
==74937==    by 0x4: ???
==74937==    by 0x59: ???
==74937== 
==74937== 2 bytes in 1 blocks are definitely lost in loss record 52 of 981
==74937==    at 0x484D953: calloc (in /usr/libexec/valgrind/vgpreload_memcheck-amd64-linux.so)
==74937==    by 0x723DE9: __mn_alloc (in /mnt/c/Users/Juan/Documents/GitHub/Mapanare/mapanare/self/mnc-stage1)
==74937==    by 0x7245AB: __mn_str_from_parts (in /mnt/c/Users/Juan/Documents/GitHub/Mapanare/mapanare/self/mnc-stage1)
==74937==    by 0x41FA6B: lexer__scan_ident (in /mnt/c/Users/Juan/Documents/GitHub/Mapanare/mapanare/self/mnc-stage1)
==74937==    by 0x6A7C85F: ???
==74937==    by 0x8000000000000000: ???
==74937==    by 0x6A733D7: ???
==74937==    by 0xB: ???
==74937==    by 0x4: ???
==74937==    by 0x6A7751F: ???
==74937==    by 0x8000000000000000: ???
==74937==    by 0xB: ???
==74937==    by 0x60: ???
==74937== 
==74937== 2 bytes in 1 blocks are definitely lost in loss record 53 of 981
==74937==    at 0x484D953: calloc (in /usr/libexec/valgrind/vgpreload_memcheck-amd64-linux.so)
==74937==    by 0x723DE9: __mn_alloc (in /mnt/c/Users/Juan/Documents/GitHub/Mapanare/mapanare/self/mnc-stage1)
==74937==    by 0x7245AB: __mn_str_from_parts (in /mnt/c/Users/Juan/Documents/GitHub/Mapanare/mapanare/self/mnc-stage1)
==74937==    by 0x41FA6B: lexer__scan_ident (in /mnt/c/Users/Juan/Documents/GitHub/Mapanare/mapanare/self/mnc-stage1)
==74937==    by 0x6A7C8FF: ???
==74937==    by 0x8000000000000001: ???
==74937==    by 0x6A733D7: ???
==74937==    by 0xB: ???
==74937==    by 0x4: ???
==74937==    by 0x6A7751F: ???
==74937==    by 0x8000000000000000: ???
==74937==    by 0xB: ???
==74937==    by 0x60: ???
==74937== 
==74937== 2 bytes in 1 blocks are definitely lost in loss record 54 of 981
==74937==    at 0x484D953: calloc (in /usr/libexec/valgrind/vgpreload_memcheck-amd64-linux.so)
==74937==    by 0x723DE9: __mn_alloc (in /mnt/c/Users/Juan/Documents/GitHub/Mapanare/mapanare/self/mnc-stage1)
==74937==    by 0x7245AB: __mn_str_from_parts (in /mnt/c/Users/Juan/Documents/GitHub/Mapanare/mapanare/self/mnc-stage1)
==74937==    by 0x41FA6B: lexer__scan_ident (in /mnt/c/Users/Juan/Documents/GitHub/Mapanare/mapanare/self/mnc-stage1)
==74937==    by 0x6A7C99F: ???
==74937==    by 0x8000000000000002: ???
==74937==    by 0x6A733D7: ???
==74937==    by 0xB: ???
==74937==    by 0x4: ???
==74937==    by 0x6A7751F: ???
==74937==    by 0x8000000000000000: ???
==74937==    by 0xB: ???
==74937==    by 0x60: ???
==74937== 
==74937== 2 bytes in 1 blocks are definitely lost in loss record 55 of 981
==74937==    at 0x484D953: calloc (in /usr/libexec/valgrind/vgpreload_memcheck-amd64-linux.so)
==74937==    by 0x723DE9: __mn_alloc (in /mnt/c/Users/Juan/Documents/GitHub/Mapanare/mapanare/self/mnc-stage1)
==74937==    by 0x7245AB: __mn_str_from_parts (in /mnt/c/Users/Juan/Documents/GitHub/Mapanare/mapanare/self/mnc-stage1)
==74937==    by 0x41FA6B: lexer__scan_ident (in /mnt/c/Users/Juan/Documents/GitHub/Mapanare/mapanare/self/mnc-stage1)
==74937==    by 0x6A7CA3F: ???
==74937==    by 0x8000000000000003: ???
==74937==    by 0x6A733D7: ???
==74937==    by 0xB: ???
==74937==    by 0x4: ???
==74937==    by 0x6A7751F: ???
==74937==    by 0x8000000000000000: ???
==74937==    by 0xB: ???
==74937==    by 0x60: ???
==74937== 
==74937== 2 bytes in 1 blocks are definitely lost in loss record 56 of 981
==74937==    at 0x484D953: calloc (in /usr/libexec/valgrind/vgpreload_memcheck-amd64-linux.so)
==74937==    by 0x723DE9: __mn_alloc (in /mnt/c/Users/Juan/Documents/GitHub/Mapanare/mapanare/self/mnc-stage1)
==74937==    by 0x7245AB: __mn_str_from_parts (in /mnt/c/Users/Juan/Documents/GitHub/Mapanare/mapanare/self/mnc-stage1)
==74937==    by 0x41FBC6: lexer__scan_number (in /mnt/c/Users/Juan/Documents/GitHub/Mapanare/mapanare/self/mnc-stage1)
==74937==    by 0x6A7CB2F: ???
==74937==    by 0x6A73257: ???
==74937== 
==74937== 2 bytes in 1 blocks are definitely lost in loss record 57 of 981
==74937==    at 0x484D953: calloc (in /usr/libexec/valgrind/vgpreload_memcheck-amd64-linux.so)
==74937==    by 0x723DE9: __mn_alloc (in /mnt/c/Users/Juan/Documents/GitHub/Mapanare/mapanare/self/mnc-stage1)
==74937==    by 0x7245AB: __mn_str_from_parts (in /mnt/c/Users/Juan/Documents/GitHub/Mapanare/mapanare/self/mnc-stage1)
==74937==    by 0x42002C: lexer__scan_number (in /mnt/c/Users/Juan/Documents/GitHub/Mapanare/mapanare/self/mnc-stage1)
==74937==    by 0x6A7CD5F: ???
==74937==    by 0x6A73257: ???
==74937==    by 0x8000000000000000: ???
==74937==    by 0x6A7CC1F: ???
==74937==    by 0x8000000000000000: ???
==74937== 
==74937== 2 bytes in 1 blocks are definitely lost in loss record 58 of 981
==74937==    at 0x484D953: calloc (in /usr/libexec/valgrind/vgpreload_memcheck-amd64-linux.so)
==74937==    by 0x723DE9: __mn_alloc (in /mnt/c/Users/Juan/Documents/GitHub/Mapanare/mapanare/self/mnc-stage1)
==74937==    by 0x7245AB: __mn_str_from_parts (in /mnt/c/Users/Juan/Documents/GitHub/Mapanare/mapanare/self/mnc-stage1)
==74937==    by 0x41FA6B: lexer__scan_ident (in /mnt/c/Users/Juan/Documents/GitHub/Mapanare/mapanare/self/mnc-stage1)
==74937==    by 0x6A7D1BF: ???
==74937==    by 0x8000000000000000: ???
==74937==    by 0x6A733D7: ???
==74937== 
==74937== 2 bytes in 1 blocks are definitely lost in loss record 59 of 981
==74937==    at 0x484D953: calloc (in /usr/libexec/valgrind/vgpreload_memcheck-amd64-linux.so)
==74937==    by 0x723DE9: __mn_alloc (in /mnt/c/Users/Juan/Documents/GitHub/Mapanare/mapanare/self/mnc-stage1)
==74937==    by 0x7245AB: __mn_str_from_parts (in /mnt/c/Users/Juan/Documents/GitHub/Mapanare/mapanare/self/mnc-stage1)
==74937==    by 0x41FA6B: lexer__scan_ident (in /mnt/c/Users/Juan/Documents/GitHub/Mapanare/mapanare/self/mnc-stage1)
==74937==    by 0x6A7D25F: ???
==74937==    by 0x8000000000000001: ???
==74937==    by 0x6A733D7: ???
==74937== 
==74937== 2 bytes in 1 blocks are definitely lost in loss record 60 of 981
==74937==    at 0x484D953: calloc (in /usr/libexec/valgrind/vgpreload_memcheck-amd64-linux.so)
==74937==    by 0x723DE9: __mn_alloc (in /mnt/c/Users/Juan/Documents/GitHub/Mapanare/mapanare/self/mnc-stage1)
==74937==    by 0x7245AB: __mn_str_from_parts (in /mnt/c/Users/Juan/Documents/GitHub/Mapanare/mapanare/self/mnc-stage1)
==74937==    by 0x41FA6B: lexer__scan_ident (in /mnt/c/Users/Juan/Documents/GitHub/Mapanare/mapanare/self/mnc-stage1)
==74937==    by 0x6A7D43F: ???
==74937==    by 0x8000000000000000: ???
==74937==    by 0x6A733D7: ???
==74937==    by 0x3: ???
==74937==    by 0x7: ???
==74937==    by 0x6A7751F: ???
==74937==    by 0x8000000000000000: ???
==74937==    by 0x3: ???
==74937==    by 0x6E: ???
==74937== 
==74937== 2 bytes in 1 blocks are definitely lost in loss record 61 of 981
==74937==    at 0x484D953: calloc (in /usr/libexec/valgrind/vgpreload_memcheck-amd64-linux.so)
==74937==    by 0x723DE9: __mn_alloc (in /mnt/c/Users/Juan/Documents/GitHub/Mapanare/mapanare/self/mnc-stage1)
==74937==    by 0x7245AB: __mn_str_from_parts (in /mnt/c/Users/Juan/Documents/GitHub/Mapanare/mapanare/self/mnc-stage1)
==74937==    by 0x41FA6B: lexer__scan_ident (in /mnt/c/Users/Juan/Documents/GitHub/Mapanare/mapanare/self/mnc-stage1)
==74937==    by 0x6A7D4DF: ???
==74937==    by 0x8000000000000001: ???
==74937==    by 0x6A733D7: ???
==74937==    by 0x3: ???
==74937==    by 0x7: ???
==74937==    by 0x6A7751F: ???
==74937==    by 0x8000000000000000: ???
==74937==    by 0x3: ???
==74937==    by 0x6E: ???
==74937== 
==74937== 2 bytes in 1 blocks are definitely lost in loss record 62 of 981
==74937==    at 0x484D953: calloc (in /usr/libexec/valgrind/vgpreload_memcheck-amd64-linux.so)
==74937==    by 0x723DE9: __mn_alloc (in /mnt/c/Users/Juan/Documents/GitHub/Mapanare/mapanare/self/mnc-stage1)
==74937==    by 0x7245AB: __mn_str_from_parts (in /mnt/c/Users/Juan/Documents/GitHub/Mapanare/mapanare/self/mnc-stage1)
==74937==    by 0x41FA6B: lexer__scan_ident (in /mnt/c/Users/Juan/Documents/GitHub/Mapanare/mapanare/self/mnc-stage1)
==74937==    by 0x6A7D57F: ???
==74937==    by 0x8000000000000002: ???
==74937==    by 0x6A733D7: ???
==74937==    by 0x3: ???
==74937==    by 0x7: ???
==74937==    by 0x6A7751F: ???
==74937==    by 0x8000000000000000: ???
==74937==    by 0x3: ???
==74937==    by 0x6E: ???
==74937== 
==74937== 2 bytes in 1 blocks are definitely lost in loss record 63 of 981
==74937==    at 0x484D953: calloc (in /usr/libexec/valgrind/vgpreload_memcheck-amd64-linux.so)
==74937==    by 0x723DE9: __mn_alloc (in /mnt/c/Users/Juan/Documents/GitHub/Mapanare/mapanare/self/mnc-stage1)
==74937==    by 0x7245AB: __mn_str_from_parts (in /mnt/c/Users/Juan/Documents/GitHub/Mapanare/mapanare/self/mnc-stage1)
==74937==    by 0x41FA6B: lexer__scan_ident (in /mnt/c/Users/Juan/Documents/GitHub/Mapanare/mapanare/self/mnc-stage1)
==74937==    by 0x6A7D61F: ???
==74937==    by 0x8000000000000003: ???
==74937==    by 0x6A733D7: ???
==74937==    by 0x3: ???
==74937==    by 0x7: ???
==74937==    by 0x6A7751F: ???
==74937==    by 0x8000000000000000: ???
==74937==    by 0x3: ???
==74937==    by 0x6E: ???
==74937== 
==74937== 2 bytes in 1 blocks are definitely lost in loss record 64 of 981
==74937==    at 0x484D953: calloc (in /usr/libexec/valgrind/vgpreload_memcheck-amd64-linux.so)
==74937==    by 0x723DE9: __mn_alloc (in /mnt/c/Users/Juan/Documents/GitHub/Mapanare/mapanare/self/mnc-stage1)
==74937==    by 0x7245AB: __mn_str_from_parts (in /mnt/c/Users/Juan/Documents/GitHub/Mapanare/mapanare/self/mnc-stage1)
==74937==    by 0x41FA6B: lexer__scan_ident (in /mnt/c/Users/Juan/Documents/GitHub/Mapanare/mapanare/self/mnc-stage1)
==74937==    by 0x6A7ECAF: ???
==74937==    by 0x8000000000000000: ???
==74937==    by 0x6A733D7: ???
==74937==    by 0x4: ???
==74937==    by 0x8: ???
==74937==    by 0x6A7751F: ???
==74937==    by 0x8000000000000000: ???
==74937==    by 0x4: ???
==74937==    by 0x7B: ???
==74937== 
==74937== 2 bytes in 1 blocks are definitely lost in loss record 65 of 981
==74937==    at 0x484D953: calloc (in /usr/libexec/valgrind/vgpreload_memcheck-amd64-linux.so)
==74937==    by 0x723DE9: __mn_alloc (in /mnt/c/Users/Juan/Documents/GitHub/Mapanare/mapanare/self/mnc-stage1)
==74937==    by 0x7245AB: __mn_str_from_parts (in /mnt/c/Users/Juan/Documents/GitHub/Mapanare/mapanare/self/mnc-stage1)
==74937==    by 0x41FA6B: lexer__scan_ident (in /mnt/c/Users/Juan/Documents/GitHub/Mapanare/mapanare/self/mnc-stage1)
==74937==    by 0x6A7ED4F: ???
==74937==    by 0x8000000000000001: ???
==74937==    by 0x6A733D7: ???
==74937==    by 0x4: ???
==74937==    by 0x8: ???
==74937==    by 0x6A7751F: ???
==74937==    by 0x8000000000000000: ???
==74937==    by 0x4: ???
==74937==    by 0x7B: ???
==74937== 
==74937== 2 bytes in 1 blocks are definitely lost in loss record 66 of 981
==74937==    at 0x484D953: calloc (in /usr/libexec/valgrind/vgpreload_memcheck-amd64-linux.so)
==74937==    by 0x723DE9: __mn_alloc (in /mnt/c/Users/Juan/Documents/GitHub/Mapanare/mapanare/self/mnc-stage1)
==74937==    by 0x7245AB: __mn_str_from_parts (in /mnt/c/Users/Juan/Documents/GitHub/Mapanare/mapanare/self/mnc-stage1)
==74937==    by 0x41FA6B: lexer__scan_ident (in /mnt/c/Users/Juan/Documents/GitHub/Mapanare/mapanare/self/mnc-stage1)
==74937==    by 0x6A7EDEF: ???
==74937==    by 0x8000000000000002: ???
==74937==    by 0x6A733D7: ???
==74937==    by 0x4: ???
==74937==    by 0x8: ???
==74937==    by 0x6A7751F: ???
==74937==    by 0x8000000000000000: ???
==74937==    by 0x4: ???
==74937==    by 0x7B: ???
==74937== 
==74937== 2 bytes in 1 blocks are definitely lost in loss record 67 of 981
==74937==    at 0x484D953: calloc (in /usr/libexec/valgrind/vgpreload_memcheck-amd64-linux.so)
==74937==    by 0x723DE9: __mn_alloc (in /mnt/c/Users/Juan/Documents/GitHub/Mapanare/mapanare/self/mnc-stage1)
==74937==    by 0x7245AB: __mn_str_from_parts (in /mnt/c/Users/Juan/Documents/GitHub/Mapanare/mapanare/self/mnc-stage1)
==74937==    by 0x41FA6B: lexer__scan_ident (in /mnt/c/Users/Juan/Documents/GitHub/Mapanare/mapanare/self/mnc-stage1)
==74937==    by 0x6A7EFCF: ???
==74937==    by 0x8000000000000000: ???
==74937==    by 0x6A733D7: ???
==74937==    by 0x8: ???
==74937==    by 0x8: ???
==74937==    by 0x6A7751F: ???
==74937==    by 0x8000000000000000: ???
==74937==    by 0x8: ???
==74937==    by 0x7F: ???
==74937== 
==74937== 2 bytes in 1 blocks are definitely lost in loss record 68 of 981
==74937==    at 0x484D953: calloc (in /usr/libexec/valgrind/vgpreload_memcheck-amd64-linux.so)
==74937==    by 0x723DE9: __mn_alloc (in /mnt/c/Users/Juan/Documents/GitHub/Mapanare/mapanare/self/mnc-stage1)
==74937==    by 0x7245AB: __mn_str_from_parts (in /mnt/c/Users/Juan/Documents/GitHub/Mapanare/mapanare/self/mnc-stage1)
==74937==    by 0x41FA6B: lexer__scan_ident (in /mnt/c/Users/Juan/Documents/GitHub/Mapanare/mapanare/self/mnc-stage1)
==74937==    by 0x6A7F29F: ???
==74937==    by 0x8000000000000000: ???
==74937==    by 0x6A733D7: ???
==74937==    by 0xB: ???
==74937==    by 0x8: ???
==74937==    by 0x6A7751F: ???
==74937==    by 0x8000000000000000: ???
==74937==    by 0xB: ???
==74937==    by 0x82: ???
==74937== 
==74937== 2 bytes in 1 blocks are definitely lost in loss record 69 of 981
==74937==    at 0x484D953: calloc (in /usr/libexec/valgrind/vgpreload_memcheck-amd64-linux.so)
==74937==    by 0x723DE9: __mn_alloc (in /mnt/c/Users/Juan/Documents/GitHub/Mapanare/mapanare/self/mnc-stage1)
==74937==    by 0x7245AB: __mn_str_from_parts (in /mnt/c/Users/Juan/Documents/GitHub/Mapanare/mapanare/self/mnc-stage1)
==74937==    by 0x41FA6B: lexer__scan_ident (in /mnt/c/Users/Juan/Documents/GitHub/Mapanare/mapanare/self/mnc-stage1)
==74937==    by 0x6A7F33F: ???
==74937==    by 0x8000000000000001: ???
==74937==    by 0x6A733D7: ???
==74937==    by 0xB: ???
==74937==    by 0x8: ???
==74937==    by 0x6A7751F: ???
==74937==    by 0x8000000000000000: ???
==74937==    by 0xB: ???
==74937==    by 0x82: ???
==74937== 
==74937== 2 bytes in 1 blocks are definitely lost in loss record 70 of 981
==74937==    at 0x484D953: calloc (in /usr/libexec/valgrind/vgpreload_memcheck-amd64-linux.so)
==74937==    by 0x723DE9: __mn_alloc (in /mnt/c/Users/Juan/Documents/GitHub/Mapanare/mapanare/self/mnc-stage1)
==74937==    by 0x7245AB: __mn_str_from_parts (in /mnt/c/Users/Juan/Documents/GitHub/Mapanare/mapanare/self/mnc-stage1)
==74937==    by 0x41FA6B: lexer__scan_ident (in /mnt/c/Users/Juan/Documents/GitHub/Mapanare/mapanare/self/mnc-stage1)
==74937==    by 0x6A7F3DF: ???
==74937==    by 0x8000000000000002: ???
==74937==    by 0x6A733D7: ???
==74937==    by 0xB: ???
==74937==    by 0x8: ???
==74937==    by 0x6A7751F: ???
==74937==    by 0x8000000000000000: ???
==74937==    by 0xB: ???
==74937==    by 0x82: ???
==74937== 
==74937== 2 bytes in 1 blocks are definitely lost in loss record 71 of 981
==74937==    at 0x484D953: calloc (in /usr/libexec/valgrind/vgpreload_memcheck-amd64-linux.so)
==74937==    by 0x723DE9: __mn_alloc (in /mnt/c/Users/Juan/Documents/GitHub/Mapanare/mapanare/self/mnc-stage1)
==74937==    by 0x7245AB: __mn_str_from_parts (in /mnt/c/Users/Juan/Documents/GitHub/Mapanare/mapanare/self/mnc-stage1)
==74937==    by 0x41FA6B: lexer__scan_ident (in /mnt/c/Users/Juan/Documents/GitHub/Mapanare/mapanare/self/mnc-stage1)
==74937==    by 0x6A7F47F: ???
==74937==    by 0x8000000000000003: ???
==74937==    by 0x6A733D7: ???
==74937==    by 0xB: ???
==74937==    by 0x8: ???
==74937==    by 0x6A7751F: ???
==74937==    by 0x8000000000000000: ???
==74937==    by 0xB: ???
==74937==    by 0x82: ???
==74937== 
==74937== 2 bytes in 1 blocks are definitely lost in loss record 72 of 981
==74937==    at 0x484D953: calloc (in /usr/libexec/valgrind/vgpreload_memcheck-amd64-linux.so)
==74937==    by 0x723DE9: __mn_alloc (in /mnt/c/Users/Juan/Documents/GitHub/Mapanare/mapanare/self/mnc-stage1)
==74937==    by 0x7245AB: __mn_str_from_parts (in /mnt/c/Users/Juan/Documents/GitHub/Mapanare/mapanare/self/mnc-stage1)
==74937==    by 0x41FA6B: lexer__scan_ident (in /mnt/c/Users/Juan/Documents/GitHub/Mapanare/mapanare/self/mnc-stage1)
==74937==    by 0x6A7F51F: ???
==74937==    by 0x8000000000000004: ???
==74937==    by 0x6A733D7: ???
==74937==    by 0xB: ???
==74937==    by 0x8: ???
==74937==    by 0x6A7751F: ???
==74937==    by 0x8000000000000000: ???
==74937==    by 0xB: ???
==74937==    by 0x82: ???
==74937== 
==74937== 2 bytes in 1 blocks are definitely lost in loss record 73 of 981
==74937==    at 0x484D953: calloc (in /usr/libexec/valgrind/vgpreload_memcheck-amd64-linux.so)
==74937==    by 0x723DE9: __mn_alloc (in /mnt/c/Users/Juan/Documents/GitHub/Mapanare/mapanare/self/mnc-stage1)
==74937==    by 0x7245AB: __mn_str_from_parts (in /mnt/c/Users/Juan/Documents/GitHub/Mapanare/mapanare/self/mnc-stage1)
==74937==    by 0x41FA6B: lexer__scan_ident (in /mnt/c/Users/Juan/Documents/GitHub/Mapanare/mapanare/self/mnc-stage1)
==74937==    by 0x6A7F5BF: ???
==74937==    by 0x8000000000000005: ???
==74937==    by 0x6A733D7: ???
==74937==    by 0xB: ???
==74937==    by 0x8: ???
==74937==    by 0x6A7751F: ???
==74937==    by 0x8000000000000000: ???
==74937==    by 0xB: ???
==74937==    by 0x82: ???
==74937== 
==74937== 2 bytes in 1 blocks are definitely lost in loss record 74 of 981
==74937==    at 0x484D953: calloc (in /usr/libexec/valgrind/vgpreload_memcheck-amd64-linux.so)
==74937==    by 0x723DE9: __mn_alloc (in /mnt/c/Users/Juan/Documents/GitHub/Mapanare/mapanare/self/mnc-stage1)
==74937==    by 0x7245AB: __mn_str_from_parts (in /mnt/c/Users/Juan/Documents/GitHub/Mapanare/mapanare/self/mnc-stage1)
==74937==    by 0x41FA6B: lexer__scan_ident (in /mnt/c/Users/Juan/Documents/GitHub/Mapanare/mapanare/self/mnc-stage1)
==74937==    by 0x6A7F83F: ???
==74937==    by 0x8000000000000000: ???
==74937==    by 0x6A733D7: ???
==74937==    by 0x12: ???
==74937==    by 0x8: ???
==74937==    by 0x6A7751F: ???
==74937==    by 0x8000000000000000: ???
==74937==    by 0x12: ???
==74937==    by 0x89: ???
==74937== 
==74937== 2 bytes in 1 blocks are definitely lost in loss record 75 of 981
==74937==    at 0x484D953: calloc (in /usr/libexec/valgrind/vgpreload_memcheck-amd64-linux.so)
==74937==    by 0x723DE9: __mn_alloc (in /mnt/c/Users/Juan/Documents/GitHub/Mapanare/mapanare/self/mnc-stage1)
==74937==    by 0x7245AB: __mn_str_from_parts (in /mnt/c/Users/Juan/Documents/GitHub/Mapanare/mapanare/self/mnc-stage1)
==74937==    by 0x41FA6B: lexer__scan_ident (in /mnt/c/Users/Juan/Documents/GitHub/Mapanare/mapanare/self/mnc-stage1)
==74937==    by 0x6A7F8DF: ???
==74937==    by 0x8000000000000001: ???
==74937==    by 0x6A733D7: ???
==74937==    by 0x12: ???
==74937==    by 0x8: ???
==74937==    by 0x6A7751F: ???
==74937==    by 0x8000000000000000: ???
==74937==    by 0x12: ???
==74937==    by 0x89: ???
==74937== 
==74937== 2 bytes in 1 blocks are definitely lost in loss record 76 of 981
==74937==    at 0x484D953: calloc (in /usr/libexec/valgrind/vgpreload_memcheck-amd64-linux.so)
==74937==    by 0x723DE9: __mn_alloc (in /mnt/c/Users/Juan/Documents/GitHub/Mapanare/mapanare/self/mnc-stage1)
==74937==    by 0x7245AB: __mn_str_from_parts (in /mnt/c/Users/Juan/Documents/GitHub/Mapanare/mapanare/self/mnc-stage1)
==74937==    by 0x41FA6B: lexer__scan_ident (in /mnt/c/Users/Juan/Documents/GitHub/Mapanare/mapanare/self/mnc-stage1)
==74937==    by 0x6A7F97F: ???
==74937==    by 0x8000000000000002: ???
==74937==    by 0x6A733D7: ???
==74937==    by 0x12: ???
==74937==    by 0x8: ???
==74937==    by 0x6A7751F: ???
==74937==    by 0x8000000000000000: ???
==74937==    by 0x12: ???
==74937==    by 0x89: ???
==74937== 
==74937== 2 bytes in 1 blocks are definitely lost in loss record 77 of 981
==74937==    at 0x484D953: calloc (in /usr/libexec/valgrind/vgpreload_memcheck-amd64-linux.so)
==74937==    by 0x723DE9: __mn_alloc (in /mnt/c/Users/Juan/Documents/GitHub/Mapanare/mapanare/self/mnc-stage1)
==74937==    by 0x7245AB: __mn_str_from_parts (in /mnt/c/Users/Juan/Documents/GitHub/Mapanare/mapanare/self/mnc-stage1)
==74937==    by 0x41FA6B: lexer__scan_ident (in /mnt/c/Users/Juan/Documents/GitHub/Mapanare/mapanare/self/mnc-stage1)
==74937==    by 0x6A7FD8F: ???
==74937==    by 0x8000000000000000: ???
==74937==    by 0x6A733D7: ???
==74937==    by 0x19: ???
==74937==    by 0x8: ???
==74937==    by 0x6A7751F: ???
==74937==    by 0x8000000000000000: ???
==74937==    by 0x19: ???
==74937==    by 0x90: ???
==74937== 
==74937== 2 bytes in 1 blocks are definitely lost in loss record 78 of 981
==74937==    at 0x484D953: calloc (in /usr/libexec/valgrind/vgpreload_memcheck-amd64-linux.so)
==74937==    by 0x723DE9: __mn_alloc (in /mnt/c/Users/Juan/Documents/GitHub/Mapanare/mapanare/self/mnc-stage1)
==74937==    by 0x7245AB: __mn_str_from_parts (in /mnt/c/Users/Juan/Documents/GitHub/Mapanare/mapanare/self/mnc-stage1)
==74937==    by 0x41FA6B: lexer__scan_ident (in /mnt/c/Users/Juan/Documents/GitHub/Mapanare/mapanare/self/mnc-stage1)
==74937==    by 0x6A7FE2F: ???
==74937==    by 0x8000000000000001: ???
==74937==    by 0x6A733D7: ???
==74937==    by 0x19: ???
==74937==    by 0x8: ???
==74937==    by 0x6A7751F: ???
==74937==    by 0x8000000000000000: ???
==74937==    by 0x19: ???
==74937==    by 0x90: ???
==74937== 
==74937== 2 bytes in 1 blocks are definitely lost in loss record 79 of 981
==74937==    at 0x484D953: calloc (in /usr/libexec/valgrind/vgpreload_memcheck-amd64-linux.so)
==74937==    by 0x723DE9: __mn_alloc (in /mnt/c/Users/Juan/Documents/GitHub/Mapanare/mapanare/self/mnc-stage1)
==74937==    by 0x7245AB: __mn_str_from_parts (in /mnt/c/Users/Juan/Documents/GitHub/Mapanare/mapanare/self/mnc-stage1)
==74937==    by 0x41FA6B: lexer__scan_ident (in /mnt/c/Users/Juan/Documents/GitHub/Mapanare/mapanare/self/mnc-stage1)
==74937==    by 0x6A7FECF: ???
==74937==    by 0x8000000000000002: ???
==74937==    by 0x6A733D7: ???
==74937==    by 0x19: ???
==74937==    by 0x8: ???
==74937==    by 0x6A7751F: ???
==74937==    by 0x8000000000000000: ???
==74937==    by 0x19: ???
==74937==    by 0x90: ???
==74937== 
==74937== 2 bytes in 1 blocks are definitely lost in loss record 80 of 981
==74937==    at 0x484D953: calloc (in /usr/libexec/valgrind/vgpreload_memcheck-amd64-linux.so)
==74937==    by 0x723DE9: __mn_alloc (in /mnt/c/Users/Juan/Documents/GitHub/Mapanare/mapanare/self/mnc-stage1)
==74937==    by 0x7245AB: __mn_str_from_parts (in /mnt/c/Users/Juan/Documents/GitHub/Mapanare/mapanare/self/mnc-stage1)
==74937==    by 0x41FA6B: lexer__scan_ident (in /mnt/c/Users/Juan/Documents/GitHub/Mapanare/mapanare/self/mnc-stage1)
==74937==    by 0x6A7FF6F: ???
==74937==    by 0x8000000000000003: ???
==74937==    by 0x6A733D7: ???
==74937==    by 0x19: ???
==74937==    by 0x8: ???
==74937==    by 0x6A7751F: ???
==74937==    by 0x8000000000000000: ???
==74937==    by 0x19: ???
==74937==    by 0x90: ???
==74937== 
==74937== 2 bytes in 1 blocks are definitely lost in loss record 81 of 981
==74937==    at 0x484D953: calloc (in /usr/libexec/valgrind/vgpreload_memcheck-amd64-linux.so)
==74937==    by 0x723DE9: __mn_alloc (in /mnt/c/Users/Juan/Documents/GitHub/Mapanare/mapanare/self/mnc-stage1)
==74937==    by 0x7245AB: __mn_str_from_parts (in /mnt/c/Users/Juan/Documents/GitHub/Mapanare/mapanare/self/mnc-stage1)
==74937==    by 0x41FA6B: lexer__scan_ident (in /mnt/c/Users/Juan/Documents/GitHub/Mapanare/mapanare/self/mnc-stage1)
==74937==    by 0x6A8000F: ???
==74937==    by 0x8000000000000004: ???
==74937==    by 0x6A733D7: ???
==74937==    by 0x19: ???
==74937==    by 0x8: ???
==74937==    by 0x6A7751F: ???
==74937==    by 0x8000000000000000: ???
==74937==    by 0x19: ???
==74937==    by 0x90: ???
==74937== 
==74937== 2 bytes in 1 blocks are definitely lost in loss record 82 of 981
==74937==    at 0x484D953: calloc (in /usr/libexec/valgrind/vgpreload_memcheck-amd64-linux.so)
==74937==    by 0x723DE9: __mn_alloc (in /mnt/c/Users/Juan/Documents/GitHub/Mapanare/mapanare/self/mnc-stage1)
==74937==    by 0x7245AB: __mn_str_from_parts (in /mnt/c/Users/Juan/Documents/GitHub/Mapanare/mapanare/self/mnc-stage1)
==74937==    by 0x41FA6B: lexer__scan_ident (in /mnt/c/Users/Juan/Documents/GitHub/Mapanare/mapanare/self/mnc-stage1)
==74937==    by 0x6A800AF: ???
==74937==    by 0x8000000000000005: ???
==74937==    by 0x6A733D7: ???
==74937==    by 0x19: ???
==74937==    by 0x8: ???
==74937==    by 0x6A7751F: ???
==74937==    by 0x8000000000000000: ???
==74937==    by 0x19: ???
==74937==    by 0x90: ???
==74937== 
==74937== 2 bytes in 1 blocks are definitely lost in loss record 83 of 981
==74937==    at 0x484D953: calloc (in /usr/libexec/valgrind/vgpreload_memcheck-amd64-linux.so)
==74937==    by 0x723DE9: __mn_alloc (in /mnt/c/Users/Juan/Documents/GitHub/Mapanare/mapanare/self/mnc-stage1)
==74937==    by 0x7245AB: __mn_str_from_parts (in /mnt/c/Users/Juan/Documents/GitHub/Mapanare/mapanare/self/mnc-stage1)
==74937==    by 0x41FA6B: lexer__scan_ident (in /mnt/c/Users/Juan/Documents/GitHub/Mapanare/mapanare/self/mnc-stage1)
==74937==    by 0x6A8014F: ???
==74937==    by 0x8000000000000006: ???
==74937==    by 0x6A733D7: ???
==74937==    by 0x19: ???
==74937==    by 0x8: ???
==74937==    by 0x6A7751F: ???
==74937==    by 0x8000000000000000: ???
==74937==    by 0x19: ???
==74937==    by 0x90: ???
==74937== 
==74937== 2 bytes in 1 blocks are definitely lost in loss record 84 of 981
==74937==    at 0x484D953: calloc (in /usr/libexec/valgrind/vgpreload_memcheck-amd64-linux.so)
==74937==    by 0x723DE9: __mn_alloc (in /mnt/c/Users/Juan/Documents/GitHub/Mapanare/mapanare/self/mnc-stage1)
==74937==    by 0x7245AB: __mn_str_from_parts (in /mnt/c/Users/Juan/Documents/GitHub/Mapanare/mapanare/self/mnc-stage1)
==74937==    by 0x41FA6B: lexer__scan_ident (in /mnt/c/Users/Juan/Documents/GitHub/Mapanare/mapanare/self/mnc-stage1)
==74937==    by 0x6A801EF: ???
==74937==    by 0x8000000000000007: ???
==74937==    by 0x6A733D7: ???
==74937==    by 0x19: ???
==74937==    by 0x8: ???
==74937==    by 0x6A7751F: ???
==74937==    by 0x8000000000000000: ???
==74937==    by 0x19: ???
==74937==    by 0x90: ???
==74937== 
==74937== 2 bytes in 1 blocks are definitely lost in loss record 85 of 981
==74937==    at 0x484D953: calloc (in /usr/libexec/valgrind/vgpreload_memcheck-amd64-linux.so)
==74937==    by 0x723DE9: __mn_alloc (in /mnt/c/Users/Juan/Documents/GitHub/Mapanare/mapanare/self/mnc-stage1)
==74937==    by 0x7245AB: __mn_str_from_parts (in /mnt/c/Users/Juan/Documents/GitHub/Mapanare/mapanare/self/mnc-stage1)
==74937==    by 0x41FA6B: lexer__scan_ident (in /mnt/c/Users/Juan/Documents/GitHub/Mapanare/mapanare/self/mnc-stage1)
==74937==    by 0x6A8028F: ???
==74937==    by 0x8000000000000008: ???
==74937==    by 0x6A733D7: ???
==74937==    by 0x19: ???
==74937==    by 0x8: ???
==74937==    by 0x6A7751F: ???
==74937==    by 0x8000000000000000: ???
==74937==    by 0x19: ???
==74937==    by 0x90: ???
==74937== 
==74937== 2 bytes in 1 blocks are definitely lost in loss record 86 of 981
==74937==    at 0x484D953: calloc (in /usr/libexec/valgrind/vgpreload_memcheck-amd64-linux.so)
==74937==    by 0x723DE9: __mn_alloc (in /mnt/c/Users/Juan/Documents/GitHub/Mapanare/mapanare/self/mnc-stage1)
==74937==    by 0x7245AB: __mn_str_from_parts (in /mnt/c/Users/Juan/Documents/GitHub/Mapanare/mapanare/self/mnc-stage1)
==74937==    by 0x41FA6B: lexer__scan_ident (in /mnt/c/Users/Juan/Documents/GitHub/Mapanare/mapanare/self/mnc-stage1)
==74937==    by 0x6A8032F: ???
==74937==    by 0x8000000000000009: ???
==74937==    by 0x6A733D7: ???
==74937==    by 0x19: ???
==74937==    by 0x8: ???
==74937==    by 0x6A7751F: ???
==74937==    by 0x8000000000000000: ???
==74937==    by 0x19: ???
==74937==    by 0x90: ???
==74937== 
==74937== 2 bytes in 1 blocks are definitely lost in loss record 87 of 981
==74937==    at 0x484D953: calloc (in /usr/libexec/valgrind/vgpreload_memcheck-amd64-linux.so)
==74937==    by 0x723DE9: __mn_alloc (in /mnt/c/Users/Juan/Documents/GitHub/Mapanare/mapanare/self/mnc-stage1)
==74937==    by 0x7245AB: __mn_str_from_parts (in /mnt/c/Users/Juan/Documents/GitHub/Mapanare/mapanare/self/mnc-stage1)
==74937==    by 0x41FA6B: lexer__scan_ident (in /mnt/c/Users/Juan/Documents/GitHub/Mapanare/mapanare/self/mnc-stage1)
==74937==    by 0x6A803CF: ???
==74937==    by 0x800000000000000A: ???
==74937==    by 0x6A733D7: ???
==74937==    by 0x19: ???
==74937==    by 0x8: ???
==74937==    by 0x6A7751F: ???
==74937==    by 0x8000000000000000: ???
==74937==    by 0x19: ???
==74937==    by 0x90: ???
==74937== 
==74937== 2 bytes in 1 blocks are definitely lost in loss record 88 of 981
==74937==    at 0x484D953: calloc (in /usr/libexec/valgrind/vgpreload_memcheck-amd64-linux.so)
==74937==    by 0x723DE9: __mn_alloc (in /mnt/c/Users/Juan/Documents/GitHub/Mapanare/mapanare/self/mnc-stage1)
==74937==    by 0x7245AB: __mn_str_from_parts (in /mnt/c/Users/Juan/Documents/GitHub/Mapanare/mapanare/self/mnc-stage1)
==74937==    by 0x41FA6B: lexer__scan_ident (in /mnt/c/Users/Juan/Documents/GitHub/Mapanare/mapanare/self/mnc-stage1)
==74937==    by 0x6A8046F: ???
==74937==    by 0x800000000000000B: ???
==74937==    by 0x6A733D7: ???
==74937==    by 0x19: ???
==74937==    by 0x8: ???
==74937==    by 0x6A7751F: ???
==74937==    by 0x8000000000000000: ???
==74937==    by 0x19: ???
==74937==    by 0x90: ???
==74937== 
==74937== 2 bytes in 1 blocks are definitely lost in loss record 89 of 981
==74937==    at 0x484D953: calloc (in /usr/libexec/valgrind/vgpreload_memcheck-amd64-linux.so)
==74937==    by 0x723DE9: __mn_alloc (in /mnt/c/Users/Juan/Documents/GitHub/Mapanare/mapanare/self/mnc-stage1)
==74937==    by 0x7245AB: __mn_str_from_parts (in /mnt/c/Users/Juan/Documents/GitHub/Mapanare/mapanare/self/mnc-stage1)
==74937==    by 0x41FA6B: lexer__scan_ident (in /mnt/c/Users/Juan/Documents/GitHub/Mapanare/mapanare/self/mnc-stage1)
==74937==    by 0x6A8050F: ???
==74937==    by 0x800000000000000C: ???
==74937==    by 0x6A733D7: ???
==74937==    by 0x19: ???
==74937==    by 0x8: ???
==74937==    by 0x6A7751F: ???
==74937==    by 0x8000000000000000: ???
==74937==    by 0x19: ???
==74937==    by 0x90: ???
==74937== 
==74937== 2 bytes in 1 blocks are definitely lost in loss record 90 of 981
==74937==    at 0x484D953: calloc (in /usr/libexec/valgrind/vgpreload_memcheck-amd64-linux.so)
==74937==    by 0x723DE9: __mn_alloc (in /mnt/c/Users/Juan/Documents/GitHub/Mapanare/mapanare/self/mnc-stage1)
==74937==    by 0x7245AB: __mn_str_from_parts (in /mnt/c/Users/Juan/Documents/GitHub/Mapanare/mapanare/self/mnc-stage1)
==74937==    by 0x42002C: lexer__scan_number (in /mnt/c/Users/Juan/Documents/GitHub/Mapanare/mapanare/self/mnc-stage1)
==74937==    by 0x6A807DF: ???
==74937==    by 0x6A73257: ???
==74937==    by 0x8000000000000000: ???
==74937==    by 0x6A806EF: ???
==74937==    by 0x8000000000000000: ???
==74937== 
==74937== 2 bytes in 1 blocks are definitely lost in loss record 91 of 981
==74937==    at 0x484D953: calloc (in /usr/libexec/valgrind/vgpreload_memcheck-amd64-linux.so)
==74937==    by 0x723DE9: __mn_alloc (in /mnt/c/Users/Juan/Documents/GitHub/Mapanare/mapanare/self/mnc-stage1)
==74937==    by 0x7245AB: __mn_str_from_parts (in /mnt/c/Users/Juan/Documents/GitHub/Mapanare/mapanare/self/mnc-stage1)
==74937==    by 0x42002C: lexer__scan_number (in /mnt/c/Users/Juan/Documents/GitHub/Mapanare/mapanare/self/mnc-stage1)
==74937==    by 0x6A8087F: ???
==74937==    by 0x6A73257: ???
==74937==    by 0x8000000000000001: ???
==74937==    by 0x6A806EF: ???
==74937==    by 0x8000000000000000: ???
==74937== 
==74937== 2 bytes in 1 blocks are definitely lost in loss record 92 of 981
==74937==    at 0x484D953: calloc (in /usr/libexec/valgrind/vgpreload_memcheck-amd64-linux.so)
==74937==    by 0x723DE9: __mn_alloc (in /mnt/c/Users/Juan/Documents/GitHub/Mapanare/mapanare/self/mnc-stage1)
==74937==    by 0x7245AB: __mn_str_from_parts (in /mnt/c/Users/Juan/Documents/GitHub/Mapanare/mapanare/self/mnc-stage1)
==74937==    by 0x41FA6B: lexer__scan_ident (in /mnt/c/Users/Juan/Documents/GitHub/Mapanare/mapanare/self/mnc-stage1)
==74937==    by 0x6A80C8F: ???
==74937==    by 0x8000000000000000: ???
==74937==    by 0x6A733D7: ???
==74937==    by 0x4: ???
==74937==    by 0x9: ???
==74937==    by 0x6A7751F: ???
==74937==    by 0x8000000000000000: ???
==74937==    by 0x4: ???
==74937==    by 0xA6: ???
==74937== 
==74937== 2 bytes in 1 blocks are definitely lost in loss record 93 of 981
==74937==    at 0x484D953: calloc (in /usr/libexec/valgrind/vgpreload_memcheck-amd64-linux.so)
==74937==    by 0x723DE9: __mn_alloc (in /mnt/c/Users/Juan/Documents/GitHub/Mapanare/mapanare/self/mnc-stage1)
==74937==    by 0x7245AB: __mn_str_from_parts (in /mnt/c/Users/Juan/Documents/GitHub/Mapanare/mapanare/self/mnc-stage1)
==74937==    by 0x41FA6B: lexer__scan_ident (in /mnt/c/Users/Juan/Documents/GitHub/Mapanare/mapanare/self/mnc-stage1)
==74937==    by 0x6A80D2F: ???
==74937==    by 0x8000000000000001: ???
==74937==    by 0x6A733D7: ???
==74937==    by 0x4: ???
==74937==    by 0x9: ???
==74937==    by 0x6A7751F: ???
==74937==    by 0x8000000000000000: ???
==74937==    by 0x4: ???
==74937==    by 0xA6: ???
==74937== 
==74937== 2 bytes in 1 blocks are definitely lost in loss record 94 of 981
==74937==    at 0x484D953: calloc (in /usr/libexec/valgrind/vgpreload_memcheck-amd64-linux.so)
==74937==    by 0x723DE9: __mn_alloc (in /mnt/c/Users/Juan/Documents/GitHub/Mapanare/mapanare/self/mnc-stage1)
==74937==    by 0x7245AB: __mn_str_from_parts (in /mnt/c/Users/Juan/Documents/GitHub/Mapanare/mapanare/self/mnc-stage1)
==74937==    by 0x41FA6B: lexer__scan_ident (in /mnt/c/Users/Juan/Documents/GitHub/Mapanare/mapanare/self/mnc-stage1)
==74937==    by 0x6A80DCF: ???
==74937==    by 0x8000000000000002: ???
==74937==    by 0x6A733D7: ???
==74937==    by 0x4: ???
==74937==    by 0x9: ???
==74937==    by 0x6A7751F: ???
==74937==    by 0x8000000000000000: ???
==74937==    by 0x4: ???
==74937==    by 0xA6: ???
==74937== 
==74937== 2 bytes in 1 blocks are definitely lost in loss record 95 of 981
==74937==    at 0x484D953: calloc (in /usr/libexec/valgrind/vgpreload_memcheck-amd64-linux.so)
==74937==    by 0x723DE9: __mn_alloc (in /mnt/c/Users/Juan/Documents/GitHub/Mapanare/mapanare/self/mnc-stage1)
==74937==    by 0x7245AB: __mn_str_from_parts (in /mnt/c/Users/Juan/Documents/GitHub/Mapanare/mapanare/self/mnc-stage1)
==74937==    by 0x41FA6B: lexer__scan_ident (in /mnt/c/Users/Juan/Documents/GitHub/Mapanare/mapanare/self/mnc-stage1)
==74937==    by 0x6A80E6F: ???
==74937==    by 0x8000000000000003: ???
==74937==    by 0x6A733D7: ???
==74937==    by 0x4: ???
==74937==    by 0x9: ???
==74937==    by 0x6A7751F: ???
==74937==    by 0x8000000000000000: ???
==74937==    by 0x4: ???
==74937==    by 0xA6: ???
==74937== 
==74937== 2 bytes in 1 blocks are definitely lost in loss record 96 of 981
==74937==    at 0x484D953: calloc (in /usr/libexec/valgrind/vgpreload_memcheck-amd64-linux.so)
==74937==    by 0x723DE9: __mn_alloc (in /mnt/c/Users/Juan/Documents/GitHub/Mapanare/mapanare/self/mnc-stage1)
==74937==    by 0x7245AB: __mn_str_from_parts (in /mnt/c/Users/Juan/Documents/GitHub/Mapanare/mapanare/self/mnc-stage1)
==74937==    by 0x41FA6B: lexer__scan_ident (in /mnt/c/Users/Juan/Documents/GitHub/Mapanare/mapanare/self/mnc-stage1)
==74937==    by 0x6A80F0F: ???
==74937==    by 0x8000000000000004: ???
==74937==    by 0x6A733D7: ???
==74937==    by 0x4: ???
==74937==    by 0x9: ???
==74937==    by 0x6A7751F: ???
==74937==    by 0x8000000000000000: ???
==74937==    by 0x4: ???
==74937==    by 0xA6: ???
==74937== 
==74937== 2 bytes in 1 blocks are definitely lost in loss record 97 of 981
==74937==    at 0x484D953: calloc (in /usr/libexec/valgrind/vgpreload_memcheck-amd64-linux.so)
==74937==    by 0x723DE9: __mn_alloc (in /mnt/c/Users/Juan/Documents/GitHub/Mapanare/mapanare/self/mnc-stage1)
==74937==    by 0x7245AB: __mn_str_from_parts (in /mnt/c/Users/Juan/Documents/GitHub/Mapanare/mapanare/self/mnc-stage1)
==74937==    by 0x41FA6B: lexer__scan_ident (in /mnt/c/Users/Juan/Documents/GitHub/Mapanare/mapanare/self/mnc-stage1)
==74937==    by 0x6A810EF: ???
==74937==    by 0x8000000000000000: ???
==74937==    by 0x6A733D7: ???
==74937==    by 0xA: ???
==74937==    by 0x9: ???
==74937==    by 0x6A7751F: ???
==74937==    by 0x8000000000000000: ???
==74937==    by 0xA: ???
==74937==    by 0xAC: ???
==74937== 
==74937== 2 bytes in 1 blocks are definitely lost in loss record 98 of 981
==74937==    at 0x484D953: calloc (in /usr/libexec/valgrind/vgpreload_memcheck-amd64-linux.so)
==74937==    by 0x723DE9: __mn_alloc (in /mnt/c/Users/Juan/Documents/GitHub/Mapanare/mapanare/self/mnc-stage1)
==74937==    by 0x7245AB: __mn_str_from_parts (in /mnt/c/Users/Juan/Documents/GitHub/Mapanare/mapanare/self/mnc-stage1)
==74937==    by 0x41FA6B: lexer__scan_ident (in /mnt/c/Users/Juan/Documents/GitHub/Mapanare/mapanare/self/mnc-stage1)
==74937==    by 0x6A8168F: ???
==74937==    by 0x8000000000000000: ???
==74937==    by 0x6A733D7: ???
==74937==    by 0x8: ???
==74937==    by 0xA: ???
==74937==    by 0x6A7751F: ???
==74937==    by 0x8000000000000000: ???
==74937==    by 0x8: ???
==74937==    by 0xB8: ???
==74937== 
==74937== 2 bytes in 1 blocks are definitely lost in loss record 99 of 981
==74937==    at 0x484D953: calloc (in /usr/libexec/valgrind/vgpreload_memcheck-amd64-linux.so)
==74937==    by 0x723DE9: __mn_alloc (in /mnt/c/Users/Juan/Documents/GitHub/Mapanare/mapanare/self/mnc-stage1)
==74937==    by 0x7245AB: __mn_str_from_parts (in /mnt/c/Users/Juan/Documents/GitHub/Mapanare/mapanare/self/mnc-stage1)
==74937==    by 0x41FA6B: lexer__scan_ident (in /mnt/c/Users/Juan/Documents/GitHub/Mapanare/mapanare/self/mnc-stage1)
==74937==    by 0x6A8172F: ???
==74937==    by 0x8000000000000001: ???
==74937==    by 0x6A733D7: ???
==74937==    by 0x8: ???
==74937==    by 0xA: ???
==74937==    by 0x6A7751F: ???
==74937==    by 0x8000000000000000: ???
==74937==    by 0x8: ???
==74937==    by 0xB8: ???
==74937== 
==74937== 2 bytes in 1 blocks are definitely lost in loss record 100 of 981
==74937==    at 0x484D953: calloc (in /usr/libexec/valgrind/vgpreload_memcheck-amd64-linux.so)
==74937==    by 0x723DE9: __mn_alloc (in /mnt/c/Users/Juan/Documents/GitHub/Mapanare/mapanare/self/mnc-stage1)
==74937==    by 0x7245AB: __mn_str_from_parts (in /mnt/c/Users/Juan/Documents/GitHub/Mapanare/mapanare/self/mnc-stage1)
==74937==    by 0x41FA6B: lexer__scan_ident (in /mnt/c/Users/Juan/Documents/GitHub/Mapanare/mapanare/self/mnc-stage1)
==74937==    by 0x6A817CF: ???
==74937==    by 0x8000000000000002: ???
==74937==    by 0x6A733D7: ???
==74937==    by 0x8: ???
==74937==    by 0xA: ???
==74937==    by 0x6A7751F: ???
==74937==    by 0x8000000000000000: ???
==74937==    by 0x8: ???
==74937==    by 0xB8: ???
==74937== 
==74937== 2 bytes in 1 blocks are definitely lost in loss record 101 of 981
==74937==    at 0x484D953: calloc (in /usr/libexec/valgrind/vgpreload_memcheck-amd64-linux.so)
==74937==    by 0x723DE9: __mn_alloc (in /mnt/c/Users/Juan/Documents/GitHub/Mapanare/mapanare/self/mnc-stage1)
==74937==    by 0x7245AB: __mn_str_from_parts (in /mnt/c/Users/Juan/Documents/GitHub/Mapanare/mapanare/self/mnc-stage1)
==74937==    by 0x41FA6B: lexer__scan_ident (in /mnt/c/Users/Juan/Documents/GitHub/Mapanare/mapanare/self/mnc-stage1)
==74937==    by 0x6A8186F: ???
==74937==    by 0x8000000000000003: ???
==74937==    by 0x6A733D7: ???
==74937==    by 0x8: ???
==74937==    by 0xA: ???
==74937==    by 0x6A7751F: ???
==74937==    by 0x8000000000000000: ???
==74937==    by 0x8: ???
==74937==    by 0xB8: ???
==74937== 
==74937== 2 bytes in 1 blocks are definitely lost in loss record 102 of 981
==74937==    at 0x484D953: calloc (in /usr/libexec/valgrind/vgpreload_memcheck-amd64-linux.so)
==74937==    by 0x723DE9: __mn_alloc (in /mnt/c/Users/Juan/Documents/GitHub/Mapanare/mapanare/self/mnc-stage1)
==74937==    by 0x7245AB: __mn_str_from_parts (in /mnt/c/Users/Juan/Documents/GitHub/Mapanare/mapanare/self/mnc-stage1)
==74937==    by 0x41FA6B: lexer__scan_ident (in /mnt/c/Users/Juan/Documents/GitHub/Mapanare/mapanare/self/mnc-stage1)
==74937==    by 0x6A81AEF: ???
==74937==    by 0x8000000000000000: ???
==74937==    by 0x6A733D7: ???
==74937==    by 0xD: ???
==74937==    by 0xA: ???
==74937==    by 0x6A7751F: ???
==74937==    by 0x8000000000000000: ???
==74937==    by 0xD: ???
==74937==    by 0xBD: ???
==74937== 
==74937== 2 bytes in 1 blocks are definitely lost in loss record 103 of 981
==74937==    at 0x484D953: calloc (in /usr/libexec/valgrind/vgpreload_memcheck-amd64-linux.so)
==74937==    by 0x723DE9: __mn_alloc (in /mnt/c/Users/Juan/Documents/GitHub/Mapanare/mapanare/self/mnc-stage1)
==74937==    by 0x7245AB: __mn_str_from_parts (in /mnt/c/Users/Juan/Documents/GitHub/Mapanare/mapanare/self/mnc-stage1)
==74937==    by 0x41FA6B: lexer__scan_ident (in /mnt/c/Users/Juan/Documents/GitHub/Mapanare/mapanare/self/mnc-stage1)
==74937==    by 0x6A8203F: ???
==74937==    by 0x8000000000000000: ???
==74937==    by 0x6A733D7: ???
==74937==    by 0x15: ???
==74937==    by 0xA: ???
==74937==    by 0x6A7751F: ???
==74937==    by 0x8000000000000000: ???
==74937==    by 0x15: ???
==74937==    by 0xC5: ???
==74937== 
==74937== 2 bytes in 1 blocks are definitely lost in loss record 104 of 981
==74937==    at 0x484D953: calloc (in /usr/libexec/valgrind/vgpreload_memcheck-amd64-linux.so)
==74937==    by 0x723DE9: __mn_alloc (in /mnt/c/Users/Juan/Documents/GitHub/Mapanare/mapanare/self/mnc-stage1)
==74937==    by 0x7245AB: __mn_str_from_parts (in /mnt/c/Users/Juan/Documents/GitHub/Mapanare/mapanare/self/mnc-stage1)
==74937==    by 0x41FA6B: lexer__scan_ident (in /mnt/c/Users/Juan/Documents/GitHub/Mapanare/mapanare/self/mnc-stage1)
==74937==    by 0x6A820DF: ???
==74937==    by 0x8000000000000001: ???
==74937==    by 0x6A733D7: ???
==74937==    by 0x15: ???
==74937==    by 0xA: ???
==74937==    by 0x6A7751F: ???
==74937==    by 0x8000000000000000: ???
==74937==    by 0x15: ???
==74937==    by 0xC5: ???
==74937== 
==74937== 2 bytes in 1 blocks are definitely lost in loss record 105 of 981
==74937==    at 0x484D953: calloc (in /usr/libexec/valgrind/vgpreload_memcheck-amd64-linux.so)
==74937==    by 0x723DE9: __mn_alloc (in /mnt/c/Users/Juan/Documents/GitHub/Mapanare/mapanare/self/mnc-stage1)
==74937==    by 0x7245AB: __mn_str_from_parts (in /mnt/c/Users/Juan/Documents/GitHub/Mapanare/mapanare/self/mnc-stage1)
==74937==    by 0x41FA6B: lexer__scan_ident (in /mnt/c/Users/Juan/Documents/GitHub/Mapanare/mapanare/self/mnc-stage1)
==74937==    by 0x6A8217F: ???
==74937==    by 0x8000000000000002: ???
==74937==    by 0x6A733D7: ???
==74937==    by 0x15: ???
==74937==    by 0xA: ???
==74937==    by 0x6A7751F: ???
==74937==    by 0x8000000000000000: ???
==74937==    by 0x15: ???
==74937==    by 0xC5: ???
==74937== 
==74937== 2 bytes in 1 blocks are definitely lost in loss record 106 of 981
==74937==    at 0x484D953: calloc (in /usr/libexec/valgrind/vgpreload_memcheck-amd64-linux.so)
==74937==    by 0x723DE9: __mn_alloc (in /mnt/c/Users/Juan/Documents/GitHub/Mapanare/mapanare/self/mnc-stage1)
==74937==    by 0x7245AB: __mn_str_from_parts (in /mnt/c/Users/Juan/Documents/GitHub/Mapanare/mapanare/self/mnc-stage1)
==74937==    by 0x41FA6B: lexer__scan_ident (in /mnt/c/Users/Juan/Documents/GitHub/Mapanare/mapanare/self/mnc-stage1)
==74937==    by 0x6A8221F: ???
==74937==    by 0x8000000000000003: ???
==74937==    by 0x6A733D7: ???
==74937==    by 0x15: ???
==74937==    by 0xA: ???
==74937==    by 0x6A7751F: ???
==74937==    by 0x8000000000000000: ???
==74937==    by 0x15: ???
==74937==    by 0xC5: ???
==74937== 
==74937== 2 bytes in 1 blocks are definitely lost in loss record 107 of 981
==74937==    at 0x484D953: calloc (in /usr/libexec/valgrind/vgpreload_memcheck-amd64-linux.so)
==74937==    by 0x723DE9: __mn_alloc (in /mnt/c/Users/Juan/Documents/GitHub/Mapanare/mapanare/self/mnc-stage1)
==74937==    by 0x7245AB: __mn_str_from_parts (in /mnt/c/Users/Juan/Documents/GitHub/Mapanare/mapanare/self/mnc-stage1)
==74937==    by 0x41FA6B: lexer__scan_ident (in /mnt/c/Users/Juan/Documents/GitHub/Mapanare/mapanare/self/mnc-stage1)
==74937==    by 0x6A822BF: ???
==74937==    by 0x8000000000000004: ???
==74937==    by 0x6A733D7: ???
==74937==    by 0x15: ???
==74937==    by 0xA: ???
==74937==    by 0x6A7751F: ???
==74937==    by 0x8000000000000000: ???
==74937==    by 0x15: ???
==74937==    by 0xC5: ???
==74937== 
==74937== 2 bytes in 1 blocks are definitely lost in loss record 108 of 981
==74937==    at 0x484D953: calloc (in /usr/libexec/valgrind/vgpreload_memcheck-amd64-linux.so)
==74937==    by 0x723DE9: __mn_alloc (in /mnt/c/Users/Juan/Documents/GitHub/Mapanare/mapanare/self/mnc-stage1)
==74937==    by 0x7245AB: __mn_str_from_parts (in /mnt/c/Users/Juan/Documents/GitHub/Mapanare/mapanare/self/mnc-stage1)
==74937==    by 0x41FA6B: lexer__scan_ident (in /mnt/c/Users/Juan/Documents/GitHub/Mapanare/mapanare/self/mnc-stage1)
==74937==    by 0x6A8253F: ???
==74937==    by 0x8000000000000000: ???
==74937==    by 0x6A733D7: ???
==74937==    by 0x1B: ???
==74937==    by 0xA: ???
==74937==    by 0x6A7751F: ???
==74937==    by 0x8000000000000000: ???
==74937==    by 0x1B: ???
==74937==    by 0xCB: ???
==74937== 
==74937== 2 bytes in 1 blocks are definitely lost in loss record 109 of 981
==74937==    at 0x484D953: calloc (in /usr/libexec/valgrind/vgpreload_memcheck-amd64-linux.so)
==74937==    by 0x723DE9: __mn_alloc (in /mnt/c/Users/Juan/Documents/GitHub/Mapanare/mapanare/self/mnc-stage1)
==74937==    by 0x7245AB: __mn_str_from_parts (in /mnt/c/Users/Juan/Documents/GitHub/Mapanare/mapanare/self/mnc-stage1)
==74937==    by 0x41FA6B: lexer__scan_ident (in /mnt/c/Users/Juan/Documents/GitHub/Mapanare/mapanare/self/mnc-stage1)
==74937==    by 0x6A825DF: ???
==74937==    by 0x8000000000000001: ???
==74937==    by 0x6A733D7: ???
==74937==    by 0x1B: ???
==74937==    by 0xA: ???
==74937==    by 0x6A7751F: ???
==74937==    by 0x8000000000000000: ???
==74937==    by 0x1B: ???
==74937==    by 0xCB: ???
==74937== 
==74937== 2 bytes in 1 blocks are definitely lost in loss record 110 of 981
==74937==    at 0x484D953: calloc (in /usr/libexec/valgrind/vgpreload_memcheck-amd64-linux.so)
==74937==    by 0x723DE9: __mn_alloc (in /mnt/c/Users/Juan/Documents/GitHub/Mapanare/mapanare/self/mnc-stage1)
==74937==    by 0x7245AB: __mn_str_from_parts (in /mnt/c/Users/Juan/Documents/GitHub/Mapanare/mapanare/self/mnc-stage1)
==74937==    by 0x41FA6B: lexer__scan_ident (in /mnt/c/Users/Juan/Documents/GitHub/Mapanare/mapanare/self/mnc-stage1)
==74937==    by 0x6A8267F: ???
==74937==    by 0x8000000000000002: ???
==74937==    by 0x6A733D7: ???
==74937==    by 0x1B: ???
==74937==    by 0xA: ???
==74937==    by 0x6A7751F: ???
==74937==    by 0x8000000000000000: ???
==74937==    by 0x1B: ???
==74937==    by 0xCB: ???
==74937== 
==74937== 2 bytes in 1 blocks are definitely lost in loss record 111 of 981
==74937==    at 0x484D953: calloc (in /usr/libexec/valgrind/vgpreload_memcheck-amd64-linux.so)
==74937==    by 0x723DE9: __mn_alloc (in /mnt/c/Users/Juan/Documents/GitHub/Mapanare/mapanare/self/mnc-stage1)
==74937==    by 0x7245AB: __mn_str_from_parts (in /mnt/c/Users/Juan/Documents/GitHub/Mapanare/mapanare/self/mnc-stage1)
==74937==    by 0x41FA6B: lexer__scan_ident (in /mnt/c/Users/Juan/Documents/GitHub/Mapanare/mapanare/self/mnc-stage1)
==74937==    by 0x6A828FF: ???
==74937==    by 0x8000000000000000: ???
==74937==    by 0x6A733D7: ???
==74937==    by 0x1F: ???
==74937==    by 0xA: ???
==74937==    by 0x6A7751F: ???
==74937==    by 0x8000000000000000: ???
==74937==    by 0x1F: ???
==74937==    by 0xCF: ???
==74937== 
==74937== 2 bytes in 1 blocks are definitely lost in loss record 112 of 981
==74937==    at 0x484D953: calloc (in /usr/libexec/valgrind/vgpreload_memcheck-amd64-linux.so)
==74937==    by 0x723DE9: __mn_alloc (in /mnt/c/Users/Juan/Documents/GitHub/Mapanare/mapanare/self/mnc-stage1)
==74937==    by 0x7245AB: __mn_str_from_parts (in /mnt/c/Users/Juan/Documents/GitHub/Mapanare/mapanare/self/mnc-stage1)
==74937==    by 0x41FA6B: lexer__scan_ident (in /mnt/c/Users/Juan/Documents/GitHub/Mapanare/mapanare/self/mnc-stage1)
==74937==    by 0x6A851BF: ???
==74937==    by 0x8000000000000000: ???
==74937==    by 0x6A733D7: ???
==74937==    by 0x8: ???
==74937==    by 0xB: ???
==74937==    by 0x6A7751F: ???
==74937==    by 0x8000000000000000: ???
==74937==    by 0x8: ???
==74937==    by 0xDE: ???
==74937== 
==74937== 2 bytes in 1 blocks are definitely lost in loss record 113 of 981
==74937==    at 0x484D953: calloc (in /usr/libexec/valgrind/vgpreload_memcheck-amd64-linux.so)
==74937==    by 0x723DE9: __mn_alloc (in /mnt/c/Users/Juan/Documents/GitHub/Mapanare/mapanare/self/mnc-stage1)
==74937==    by 0x7245AB: __mn_str_from_parts (in /mnt/c/Users/Juan/Documents/GitHub/Mapanare/mapanare/self/mnc-stage1)
==74937==    by 0x41FA6B: lexer__scan_ident (in /mnt/c/Users/Juan/Documents/GitHub/Mapanare/mapanare/self/mnc-stage1)
==74937==    by 0x6A8561F: ???
==74937==    by 0x8000000000000000: ???
==74937==    by 0x6A733D7: ???
==74937==    by 0xF: ???
==74937==    by 0xB: ???
==74937==    by 0x6A7751F: ???
==74937==    by 0x8000000000000000: ???
==74937==    by 0xF: ???
==74937==    by 0xE5: ???
==74937== 
==74937== 2 bytes in 1 blocks are definitely lost in loss record 114 of 981
==74937==    at 0x484D953: calloc (in /usr/libexec/valgrind/vgpreload_memcheck-amd64-linux.so)
==74937==    by 0x723DE9: __mn_alloc (in /mnt/c/Users/Juan/Documents/GitHub/Mapanare/mapanare/self/mnc-stage1)
==74937==    by 0x7245AB: __mn_str_from_parts (in /mnt/c/Users/Juan/Documents/GitHub/Mapanare/mapanare/self/mnc-stage1)
==74937==    by 0x41FA6B: lexer__scan_ident (in /mnt/c/Users/Juan/Documents/GitHub/Mapanare/mapanare/self/mnc-stage1)
==74937==    by 0x6A856BF: ???
==74937==    by 0x8000000000000001: ???
==74937==    by 0x6A733D7: ???
==74937==    by 0xF: ???
==74937==    by 0xB: ???
==74937==    by 0x6A7751F: ???
==74937==    by 0x8000000000000000: ???
==74937==    by 0xF: ???
==74937==    by 0xE5: ???
==74937== 
==74937== 2 bytes in 1 blocks are definitely lost in loss record 115 of 981
==74937==    at 0x484D953: calloc (in /usr/libexec/valgrind/vgpreload_memcheck-amd64-linux.so)
==74937==    by 0x723DE9: __mn_alloc (in /mnt/c/Users/Juan/Documents/GitHub/Mapanare/mapanare/self/mnc-stage1)
==74937==    by 0x7245AB: __mn_str_from_parts (in /mnt/c/Users/Juan/Documents/GitHub/Mapanare/mapanare/self/mnc-stage1)
==74937==    by 0x41FA6B: lexer__scan_ident (in /mnt/c/Users/Juan/Documents/GitHub/Mapanare/mapanare/self/mnc-stage1)
==74937==    by 0x6A8575F: ???
==74937==    by 0x8000000000000002: ???
==74937==    by 0x6A733D7: ???
==74937==    by 0xF: ???
==74937==    by 0xB: ???
==74937==    by 0x6A7751F: ???
==74937==    by 0x8000000000000000: ???
==74937==    by 0xF: ???
==74937==    by 0xE5: ???
==74937== 
==74937== 2 bytes in 1 blocks are definitely lost in loss record 116 of 981
==74937==    at 0x484D953: calloc (in /usr/libexec/valgrind/vgpreload_memcheck-amd64-linux.so)
==74937==    by 0x723DE9: __mn_alloc (in /mnt/c/Users/Juan/Documents/GitHub/Mapanare/mapanare/self/mnc-stage1)
==74937==    by 0x7245AB: __mn_str_from_parts (in /mnt/c/Users/Juan/Documents/GitHub/Mapanare/mapanare/self/mnc-stage1)
==74937==    by 0x41FA6B: lexer__scan_ident (in /mnt/c/Users/Juan/Documents/GitHub/Mapanare/mapanare/self/mnc-stage1)
==74937==    by 0x6A857FF: ???
==74937==    by 0x8000000000000003: ???
==74937==    by 0x6A733D7: ???
==74937==    by 0xF: ???
==74937==    by 0xB: ???
==74937==    by 0x6A7751F: ???
==74937==    by 0x8000000000000000: ???
==74937==    by 0xF: ???
==74937==    by 0xE5: ???
==74937== 
==74937== 2 bytes in 1 blocks are definitely lost in loss record 117 of 981
==74937==    at 0x484D953: calloc (in /usr/libexec/valgrind/vgpreload_memcheck-amd64-linux.so)
==74937==    by 0x723DE9: __mn_alloc (in /mnt/c/Users/Juan/Documents/GitHub/Mapanare/mapanare/self/mnc-stage1)
==74937==    by 0x7245AB: __mn_str_from_parts (in /mnt/c/Users/Juan/Documents/GitHub/Mapanare/mapanare/self/mnc-stage1)
==74937==    by 0x41FA6B: lexer__scan_ident (in /mnt/c/Users/Juan/Documents/GitHub/Mapanare/mapanare/self/mnc-stage1)
==74937==    by 0x6A8589F: ???
==74937==    by 0x8000000000000004: ???
==74937==    by 0x6A733D7: ???
==74937==    by 0xF: ???
==74937==    by 0xB: ???
==74937==    by 0x6A7751F: ???
==74937==    by 0x8000000000000000: ???
==74937==    by 0xF: ???
==74937==    by 0xE5: ???
==74937== 
==74937== 2 bytes in 1 blocks are definitely lost in loss record 118 of 981
==74937==    at 0x484D953: calloc (in /usr/libexec/valgrind/vgpreload_memcheck-amd64-linux.so)
==74937==    by 0x723DE9: __mn_alloc (in /mnt/c/Users/Juan/Documents/GitHub/Mapanare/mapanare/self/mnc-stage1)
==74937==    by 0x7245AB: __mn_str_from_parts (in /mnt/c/Users/Juan/Documents/GitHub/Mapanare/mapanare/self/mnc-stage1)
==74937==    by 0x41FA6B: lexer__scan_ident (in /mnt/c/Users/Juan/Documents/GitHub/Mapanare/mapanare/self/mnc-stage1)
==74937==    by 0x6A864CF: ???
==74937==    by 0x8000000000000000: ???
==74937==    by 0x6A733D7: ???
==74937==    by 0x4: ???
==74937==    by 0xD: ???
==74937==    by 0x6A7751F: ???
==74937==    by 0x8000000000000000: ???
==74937==    by 0x4: ???
==74937==    by 0xFF: ???
==74937== 
==74937== 2 bytes in 1 blocks are definitely lost in loss record 119 of 981
==74937==    at 0x484D953: calloc (in /usr/libexec/valgrind/vgpreload_memcheck-amd64-linux.so)
==74937==    by 0x723DE9: __mn_alloc (in /mnt/c/Users/Juan/Documents/GitHub/Mapanare/mapanare/self/mnc-stage1)
==74937==    by 0x7245AB: __mn_str_from_parts (in /mnt/c/Users/Juan/Documents/GitHub/Mapanare/mapanare/self/mnc-stage1)
==74937==    by 0x41FA6B: lexer__scan_ident (in /mnt/c/Users/Juan/Documents/GitHub/Mapanare/mapanare/self/mnc-stage1)
==74937==    by 0x6A8656F: ???
==74937==    by 0x8000000000000001: ???
==74937==    by 0x6A733D7: ???
==74937==    by 0x4: ???
==74937==    by 0xD: ???
==74937==    by 0x6A7751F: ???
==74937==    by 0x8000000000000000: ???
==74937==    by 0x4: ???
==74937==    by 0xFF: ???
==74937== 
==74937== 2 bytes in 1 blocks are definitely lost in loss record 120 of 981
==74937==    at 0x484D953: calloc (in /usr/libexec/valgrind/vgpreload_memcheck-amd64-linux.so)
==74937==    by 0x723DE9: __mn_alloc (in /mnt/c/Users/Juan/Documents/GitHub/Mapanare/mapanare/self/mnc-stage1)
==74937==    by 0x7245AB: __mn_str_from_parts (in /mnt/c/Users/Juan/Documents/GitHub/Mapanare/mapanare/self/mnc-stage1)
==74937==    by 0x41FA6B: lexer__scan_ident (in /mnt/c/Users/Juan/Documents/GitHub/Mapanare/mapanare/self/mnc-stage1)
==74937==    by 0x6A8660F: ???
==74937==    by 0x8000000000000002: ???
==74937==    by 0x6A733D7: ???
==74937==    by 0x4: ???
==74937==    by 0xD: ???
==74937==    by 0x6A7751F: ???
==74937==    by 0x8000000000000000: ???
==74937==    by 0x4: ???
==74937==    by 0xFF: ???
==74937== 
==74937== 2 bytes in 1 blocks are definitely lost in loss record 121 of 981
==74937==    at 0x484D953: calloc (in /usr/libexec/valgrind/vgpreload_memcheck-amd64-linux.so)
==74937==    by 0x723DE9: __mn_alloc (in /mnt/c/Users/Juan/Documents/GitHub/Mapanare/mapanare/self/mnc-stage1)
==74937==    by 0x7245AB: __mn_str_from_parts (in /mnt/c/Users/Juan/Documents/GitHub/Mapanare/mapanare/self/mnc-stage1)
==74937==    by 0x41FA6B: lexer__scan_ident (in /mnt/c/Users/Juan/Documents/GitHub/Mapanare/mapanare/self/mnc-stage1)
==74937==    by 0x6A867EF: ???
==74937==    by 0x8000000000000000: ???
==74937==    by 0x6A733D7: ???
==74937==    by 0x8: ???
==74937==    by 0xD: ???
==74937==    by 0x6A7751F: ???
==74937==    by 0x8000000000000000: ???
==74937==    by 0x8: ???
==74937==    by 0x103: ???
==74937== 
==74937== 2 bytes in 1 blocks are definitely lost in loss record 122 of 981
==74937==    at 0x484D953: calloc (in /usr/libexec/valgrind/vgpreload_memcheck-amd64-linux.so)
==74937==    by 0x723DE9: __mn_alloc (in /mnt/c/Users/Juan/Documents/GitHub/Mapanare/mapanare/self/mnc-stage1)
==74937==    by 0x7245AB: __mn_str_from_parts (in /mnt/c/Users/Juan/Documents/GitHub/Mapanare/mapanare/self/mnc-stage1)
==74937==    by 0x41FA6B: lexer__scan_ident (in /mnt/c/Users/Juan/Documents/GitHub/Mapanare/mapanare/self/mnc-stage1)
==74937==    by 0x6A86ABF: ???
==74937==    by 0x8000000000000000: ???
==74937==    by 0x6A733D7: ???
==74937==    by 0xB: ???
==74937==    by 0xD: ???
==74937==    by 0x6A7751F: ???
==74937==    by 0x8000000000000000: ???
==74937==    by 0xB: ???
==74937==    by 0x106: ???
==74937== 
==74937== 2 bytes in 1 blocks are definitely lost in loss record 123 of 981
==74937==    at 0x484D953: calloc (in /usr/libexec/valgrind/vgpreload_memcheck-amd64-linux.so)
==74937==    by 0x723DE9: __mn_alloc (in /mnt/c/Users/Juan/Documents/GitHub/Mapanare/mapanare/self/mnc-stage1)
==74937==    by 0x7245AB: __mn_str_from_parts (in /mnt/c/Users/Juan/Documents/GitHub/Mapanare/mapanare/self/mnc-stage1)
==74937==    by 0x41FA6B: lexer__scan_ident (in /mnt/c/Users/Juan/Documents/GitHub/Mapanare/mapanare/self/mnc-stage1)
==74937==    by 0x6A86B5F: ???
==74937==    by 0x8000000000000001: ???
==74937==    by 0x6A733D7: ???
==74937==    by 0xB: ???
==74937==    by 0xD: ???
==74937==    by 0x6A7751F: ???
==74937==    by 0x8000000000000000: ???
==74937==    by 0xB: ???
==74937==    by 0x106: ???
==74937== 
==74937== 2 bytes in 1 blocks are definitely lost in loss record 124 of 981
==74937==    at 0x484D953: calloc (in /usr/libexec/valgrind/vgpreload_memcheck-amd64-linux.so)
==74937==    by 0x723DE9: __mn_alloc (in /mnt/c/Users/Juan/Documents/GitHub/Mapanare/mapanare/self/mnc-stage1)
==74937==    by 0x7245AB: __mn_str_from_parts (in /mnt/c/Users/Juan/Documents/GitHub/Mapanare/mapanare/self/mnc-stage1)
==74937==    by 0x41FA6B: lexer__scan_ident (in /mnt/c/Users/Juan/Documents/GitHub/Mapanare/mapanare/self/mnc-stage1)
==74937==    by 0x6A86BFF: ???
==74937==    by 0x8000000000000002: ???
==74937==    by 0x6A733D7: ???
==74937==    by 0xB: ???
==74937==    by 0xD: ???
==74937==    by 0x6A7751F: ???
==74937==    by 0x8000000000000000: ???
==74937==    by 0xB: ???
==74937==    by 0x106: ???
==74937== 
==74937== 2 bytes in 1 blocks are definitely lost in loss record 125 of 981
==74937==    at 0x484D953: calloc (in /usr/libexec/valgrind/vgpreload_memcheck-amd64-linux.so)
==74937==    by 0x723DE9: __mn_alloc (in /mnt/c/Users/Juan/Documents/GitHub/Mapanare/mapanare/self/mnc-stage1)
==74937==    by 0x7245AB: __mn_str_from_parts (in /mnt/c/Users/Juan/Documents/GitHub/Mapanare/mapanare/self/mnc-stage1)
==74937==    by 0x41FA6B: lexer__scan_ident (in /mnt/c/Users/Juan/Documents/GitHub/Mapanare/mapanare/self/mnc-stage1)
==74937==    by 0x6A86C9F: ???
==74937==    by 0x8000000000000003: ???
==74937==    by 0x6A733D7: ???
==74937==    by 0xB: ???
==74937==    by 0xD: ???
==74937==    by 0x6A7751F: ???
==74937==    by 0x8000000000000000: ???
==74937==    by 0xB: ???
==74937==    by 0x106: ???
==74937== 
==74937== 2 bytes in 1 blocks are definitely lost in loss record 126 of 981
==74937==    at 0x484D953: calloc (in /usr/libexec/valgrind/vgpreload_memcheck-amd64-linux.so)
==74937==    by 0x723DE9: __mn_alloc (in /mnt/c/Users/Juan/Documents/GitHub/Mapanare/mapanare/self/mnc-stage1)
==74937==    by 0x7245AB: __mn_str_from_parts (in /mnt/c/Users/Juan/Documents/GitHub/Mapanare/mapanare/self/mnc-stage1)
==74937==    by 0x41FA6B: lexer__scan_ident (in /mnt/c/Users/Juan/Documents/GitHub/Mapanare/mapanare/self/mnc-stage1)
==74937==    by 0x6A86D3F: ???
==74937==    by 0x8000000000000004: ???
==74937==    by 0x6A733D7: ???
==74937==    by 0xB: ???
==74937==    by 0xD: ???
==74937==    by 0x6A7751F: ???
==74937==    by 0x8000000000000000: ???
==74937==    by 0xB: ???
==74937==    by 0x106: ???
==74937== 
==74937== 2 bytes in 1 blocks are definitely lost in loss record 127 of 981
==74937==    at 0x484D953: calloc (in /usr/libexec/valgrind/vgpreload_memcheck-amd64-linux.so)
==74937==    by 0x723DE9: __mn_alloc (in /mnt/c/Users/Juan/Documents/GitHub/Mapanare/mapanare/self/mnc-stage1)
==74937==    by 0x7245AB: __mn_str_from_parts (in /mnt/c/Users/Juan/Documents/GitHub/Mapanare/mapanare/self/mnc-stage1)
==74937==    by 0x41FA6B: lexer__scan_ident (in /mnt/c/Users/Juan/Documents/GitHub/Mapanare/mapanare/self/mnc-stage1)
==74937==    by 0x6A86DDF: ???
==74937==    by 0x8000000000000005: ???
==74937==    by 0x6A733D7: ???
==74937==    by 0xB: ???
==74937==    by 0xD: ???
==74937==    by 0x6A7751F: ???
==74937==    by 0x8000000000000000: ???
==74937==    by 0xB: ???
==74937==    by 0x106: ???
==74937== 
==74937== 2 bytes in 1 blocks are definitely lost in loss record 128 of 981
==74937==    at 0x484D953: calloc (in /usr/libexec/valgrind/vgpreload_memcheck-amd64-linux.so)
==74937==    by 0x723DE9: __mn_alloc (in /mnt/c/Users/Juan/Documents/GitHub/Mapanare/mapanare/self/mnc-stage1)
==74937==    by 0x7245AB: __mn_str_from_parts (in /mnt/c/Users/Juan/Documents/GitHub/Mapanare/mapanare/self/mnc-stage1)
==74937==    by 0x41FA6B: lexer__scan_ident (in /mnt/c/Users/Juan/Documents/GitHub/Mapanare/mapanare/self/mnc-stage1)
==74937==    by 0x6A8705F: ???
==74937==    by 0x8000000000000000: ???
==74937==    by 0x6A733D7: ???
==74937==    by 0x12: ???
==74937==    by 0xD: ???
==74937==    by 0x6A7751F: ???
==74937==    by 0x8000000000000000: ???
==74937==    by 0x12: ???
==74937==    by 0x10D: ???
==74937== 
==74937== 2 bytes in 1 blocks are definitely lost in loss record 129 of 981
==74937==    at 0x484D953: calloc (in /usr/libexec/valgrind/vgpreload_memcheck-amd64-linux.so)
==74937==    by 0x723DE9: __mn_alloc (in /mnt/c/Users/Juan/Documents/GitHub/Mapanare/mapanare/self/mnc-stage1)
==74937==    by 0x7245AB: __mn_str_from_parts (in /mnt/c/Users/Juan/Documents/GitHub/Mapanare/mapanare/self/mnc-stage1)
==74937==    by 0x41FA6B: lexer__scan_ident (in /mnt/c/Users/Juan/Documents/GitHub/Mapanare/mapanare/self/mnc-stage1)
==74937==    by 0x6A870FF: ???
==74937==    by 0x8000000000000001: ???
==74937==    by 0x6A733D7: ???
==74937==    by 0x12: ???
==74937==    by 0xD: ???
==74937==    by 0x6A7751F: ???
==74937==    by 0x8000000000000000: ???
==74937==    by 0x12: ???
==74937==    by 0x10D: ???
==74937== 
==74937== 2 bytes in 1 blocks are definitely lost in loss record 130 of 981
==74937==    at 0x484D953: calloc (in /usr/libexec/valgrind/vgpreload_memcheck-amd64-linux.so)
==74937==    by 0x723DE9: __mn_alloc (in /mnt/c/Users/Juan/Documents/GitHub/Mapanare/mapanare/self/mnc-stage1)
==74937==    by 0x7245AB: __mn_str_from_parts (in /mnt/c/Users/Juan/Documents/GitHub/Mapanare/mapanare/self/mnc-stage1)
==74937==    by 0x41FA6B: lexer__scan_ident (in /mnt/c/Users/Juan/Documents/GitHub/Mapanare/mapanare/self/mnc-stage1)
==74937==    by 0x6A8719F: ???
==74937==    by 0x8000000000000002: ???
==74937==    by 0x6A733D7: ???
==74937==    by 0x12: ???
==74937==    by 0xD: ???
==74937==    by 0x6A7751F: ???
==74937==    by 0x8000000000000000: ???
==74937==    by 0x12: ???
==74937==    by 0x10D: ???
==74937== 
==74937== 2 bytes in 1 blocks are definitely lost in loss record 131 of 981
==74937==    at 0x484D953: calloc (in /usr/libexec/valgrind/vgpreload_memcheck-amd64-linux.so)
==74937==    by 0x723DE9: __mn_alloc (in /mnt/c/Users/Juan/Documents/GitHub/Mapanare/mapanare/self/mnc-stage1)
==74937==    by 0x7245AB: __mn_str_from_parts (in /mnt/c/Users/Juan/Documents/GitHub/Mapanare/mapanare/self/mnc-stage1)
==74937==    by 0x41FA6B: lexer__scan_ident (in /mnt/c/Users/Juan/Documents/GitHub/Mapanare/mapanare/self/mnc-stage1)
==74937==    by 0x6A875AF: ???
==74937==    by 0x8000000000000000: ???
==74937==    by 0x6A733D7: ???
==74937==    by 0x19: ???
==74937==    by 0xD: ???
==74937==    by 0x6A7751F: ???
==74937==    by 0x8000000000000000: ???
==74937==    by 0x19: ???
==74937==    by 0x114: ???
==74937== 
==74937== 2 bytes in 1 blocks are definitely lost in loss record 132 of 981
==74937==    at 0x484D953: calloc (in /usr/libexec/valgrind/vgpreload_memcheck-amd64-linux.so)
==74937==    by 0x723DE9: __mn_alloc (in /mnt/c/Users/Juan/Documents/GitHub/Mapanare/mapanare/self/mnc-stage1)
==74937==    by 0x7245AB: __mn_str_from_parts (in /mnt/c/Users/Juan/Documents/GitHub/Mapanare/mapanare/self/mnc-stage1)
==74937==    by 0x41FA6B: lexer__scan_ident (in /mnt/c/Users/Juan/Documents/GitHub/Mapanare/mapanare/self/mnc-stage1)
==74937==    by 0x6A8764F: ???
==74937==    by 0x8000000000000001: ???
==74937==    by 0x6A733D7: ???
==74937==    by 0x19: ???
==74937==    by 0xD: ???
==74937==    by 0x6A7751F: ???
==74937==    by 0x8000000000000000: ???
==74937==    by 0x19: ???
==74937==    by 0x114: ???
==74937== 
==74937== 2 bytes in 1 blocks are definitely lost in loss record 133 of 981
==74937==    at 0x484D953: calloc (in /usr/libexec/valgrind/vgpreload_memcheck-amd64-linux.so)
==74937==    by 0x723DE9: __mn_alloc (in /mnt/c/Users/Juan/Documents/GitHub/Mapanare/mapanare/self/mnc-stage1)
==74937==    by 0x7245AB: __mn_str_from_parts (in /mnt/c/Users/Juan/Documents/GitHub/Mapanare/mapanare/self/mnc-stage1)
==74937==    by 0x41FA6B: lexer__scan_ident (in /mnt/c/Users/Juan/Documents/GitHub/Mapanare/mapanare/self/mnc-stage1)
==74937==    by 0x6A876EF: ???
==74937==    by 0x8000000000000002: ???
==74937==    by 0x6A733D7: ???
==74937==    by 0x19: ???
==74937==    by 0xD: ???
==74937==    by 0x6A7751F: ???
==74937==    by 0x8000000000000000: ???
==74937==    by 0x19: ???
==74937==    by 0x114: ???
==74937== 
==74937== 2 bytes in 1 blocks are definitely lost in loss record 134 of 981
==74937==    at 0x484D953: calloc (in /usr/libexec/valgrind/vgpreload_memcheck-amd64-linux.so)
==74937==    by 0x723DE9: __mn_alloc (in /mnt/c/Users/Juan/Documents/GitHub/Mapanare/mapanare/self/mnc-stage1)
==74937==    by 0x7245AB: __mn_str_from_parts (in /mnt/c/Users/Juan/Documents/GitHub/Mapanare/mapanare/self/mnc-stage1)
==74937==    by 0x41FA6B: lexer__scan_ident (in /mnt/c/Users/Juan/Documents/GitHub/Mapanare/mapanare/self/mnc-stage1)
==74937==    by 0x6A8778F: ???
==74937==    by 0x8000000000000003: ???
==74937==    by 0x6A733D7: ???
==74937==    by 0x19: ???
==74937==    by 0xD: ???
==74937==    by 0x6A7751F: ???
==74937==    by 0x8000000000000000: ???
==74937==    by 0x19: ???
==74937==    by 0x114: ???
==74937== 
==74937== 2 bytes in 1 blocks are definitely lost in loss record 135 of 981
==74937==    at 0x484D953: calloc (in /usr/libexec/valgrind/vgpreload_memcheck-amd64-linux.so)
==74937==    by 0x723DE9: __mn_alloc (in /mnt/c/Users/Juan/Documents/GitHub/Mapanare/mapanare/self/mnc-stage1)
==74937==    by 0x7245AB: __mn_str_from_parts (in /mnt/c/Users/Juan/Documents/GitHub/Mapanare/mapanare/self/mnc-stage1)
==74937==    by 0x42002C: lexer__scan_number (in /mnt/c/Users/Juan/Documents/GitHub/Mapanare/mapanare/self/mnc-stage1)
==74937==    by 0x6A87A5F: ???
==74937==    by 0x6A73257: ???
==74937==    by 0x8000000000000000: ???
==74937==    by 0x6A8796F: ???
==74937==    by 0x8000000000000000: ???
==74937== 
==74937== 2 bytes in 1 blocks are definitely lost in loss record 136 of 981
==74937==    at 0x484D953: calloc (in /usr/libexec/valgrind/vgpreload_memcheck-amd64-linux.so)
==74937==    by 0x723DE9: __mn_alloc (in /mnt/c/Users/Juan/Documents/GitHub/Mapanare/mapanare/self/mnc-stage1)
==74937==    by 0x7245AB: __mn_str_from_parts (in /mnt/c/Users/Juan/Documents/GitHub/Mapanare/mapanare/self/mnc-stage1)
==74937==    by 0x41FA6B: lexer__scan_ident (in /mnt/c/Users/Juan/Documents/GitHub/Mapanare/mapanare/self/mnc-stage1)
==74937==    by 0x6A87E6F: ???
==74937==    by 0x8000000000000000: ???
==74937==    by 0x6A733D7: ???
==74937==    by 0x4: ???
==74937==    by 0xE: ???
==74937==    by 0x6A7751F: ???
==74937==    by 0x8000000000000000: ???
==74937==    by 0x4: ???
==74937==    by 0x120: ???
==74937== 
==74937== 2 bytes in 1 blocks are definitely lost in loss record 137 of 981
==74937==    at 0x484D953: calloc (in /usr/libexec/valgrind/vgpreload_memcheck-amd64-linux.so)
==74937==    by 0x723DE9: __mn_alloc (in /mnt/c/Users/Juan/Documents/GitHub/Mapanare/mapanare/self/mnc-stage1)
==74937==    by 0x7245AB: __mn_str_from_parts (in /mnt/c/Users/Juan/Documents/GitHub/Mapanare/mapanare/self/mnc-stage1)
==74937==    by 0x41FA6B: lexer__scan_ident (in /mnt/c/Users/Juan/Documents/GitHub/Mapanare/mapanare/self/mnc-stage1)
==74937==    by 0x6A87F0F: ???
==74937==    by 0x8000000000000001: ???
==74937==    by 0x6A733D7: ???
==74937==    by 0x4: ???
==74937==    by 0xE: ???
==74937==    by 0x6A7751F: ???
==74937==    by 0x8000000000000000: ???
==74937==    by 0x4: ???
==74937==    by 0x120: ???
==74937== 
==74937== 2 bytes in 1 blocks are definitely lost in loss record 138 of 981
==74937==    at 0x484D953: calloc (in /usr/libexec/valgrind/vgpreload_memcheck-amd64-linux.so)
==74937==    by 0x723DE9: __mn_alloc (in /mnt/c/Users/Juan/Documents/GitHub/Mapanare/mapanare/self/mnc-stage1)
==74937==    by 0x7245AB: __mn_str_from_parts (in /mnt/c/Users/Juan/Documents/GitHub/Mapanare/mapanare/self/mnc-stage1)
==74937==    by 0x41FA6B: lexer__scan_ident (in /mnt/c/Users/Juan/Documents/GitHub/Mapanare/mapanare/self/mnc-stage1)
==74937==    by 0x6A87FAF: ???
==74937==    by 0x8000000000000002: ???
==74937==    by 0x6A733D7: ???
==74937==    by 0x4: ???
==74937==    by 0xE: ???
==74937==    by 0x6A7751F: ???
==74937==    by 0x8000000000000000: ???
==74937==    by 0x4: ???
==74937==    by 0x120: ???
==74937== 
==74937== 2 bytes in 1 blocks are definitely lost in loss record 139 of 981
==74937==    at 0x484D953: calloc (in /usr/libexec/valgrind/vgpreload_memcheck-amd64-linux.so)
==74937==    by 0x723DE9: __mn_alloc (in /mnt/c/Users/Juan/Documents/GitHub/Mapanare/mapanare/self/mnc-stage1)
==74937==    by 0x7245AB: __mn_str_from_parts (in /mnt/c/Users/Juan/Documents/GitHub/Mapanare/mapanare/self/mnc-stage1)
==74937==    by 0x41FA6B: lexer__scan_ident (in /mnt/c/Users/Juan/Documents/GitHub/Mapanare/mapanare/self/mnc-stage1)
==74937==    by 0x6A8804F: ???
==74937==    by 0x8000000000000003: ???
==74937==    by 0x6A733D7: ???
==74937==    by 0x4: ???
==74937==    by 0xE: ???
==74937==    by 0x6A7751F: ???
==74937==    by 0x8000000000000000: ???
==74937==    by 0x4: ???
==74937==    by 0x120: ???
==74937== 
==74937== 2 bytes in 1 blocks are definitely lost in loss record 140 of 981
==74937==    at 0x484D953: calloc (in /usr/libexec/valgrind/vgpreload_memcheck-amd64-linux.so)
==74937==    by 0x723DE9: __mn_alloc (in /mnt/c/Users/Juan/Documents/GitHub/Mapanare/mapanare/self/mnc-stage1)
==74937==    by 0x7245AB: __mn_str_from_parts (in /mnt/c/Users/Juan/Documents/GitHub/Mapanare/mapanare/self/mnc-stage1)
==74937==    by 0x41FA6B: lexer__scan_ident (in /mnt/c/Users/Juan/Documents/GitHub/Mapanare/mapanare/self/mnc-stage1)
==74937==    by 0x6A880EF: ???
==74937==    by 0x8000000000000004: ???
==74937==    by 0x6A733D7: ???
==74937==    by 0x4: ???
==74937==    by 0xE: ???
==74937==    by 0x6A7751F: ???
==74937==    by 0x8000000000000000: ???
==74937==    by 0x4: ???
==74937==    by 0x120: ???
==74937== 
==74937== 2 bytes in 1 blocks are definitely lost in loss record 141 of 981
==74937==    at 0x484D953: calloc (in /usr/libexec/valgrind/vgpreload_memcheck-amd64-linux.so)
==74937==    by 0x723DE9: __mn_alloc (in /mnt/c/Users/Juan/Documents/GitHub/Mapanare/mapanare/self/mnc-stage1)
==74937==    by 0x7245AB: __mn_str_from_parts (in /mnt/c/Users/Juan/Documents/GitHub/Mapanare/mapanare/self/mnc-stage1)
==74937==    by 0x41FA6B: lexer__scan_ident (in /mnt/c/Users/Juan/Documents/GitHub/Mapanare/mapanare/self/mnc-stage1)
==74937==    by 0x6A882CF: ???
==74937==    by 0x8000000000000000: ???
==74937==    by 0x6A733D7: ???
==74937==    by 0xA: ???
==74937==    by 0xE: ???
==74937==    by 0x6A7751F: ???
==74937==    by 0x8000000000000000: ???
==74937==    by 0xA: ???
==74937==    by 0x126: ???
==74937== 
==74937== 2 bytes in 1 blocks are definitely lost in loss record 142 of 981
==74937==    at 0x484D953: calloc (in /usr/libexec/valgrind/vgpreload_memcheck-amd64-linux.so)
==74937==    by 0x723DE9: __mn_alloc (in /mnt/c/Users/Juan/Documents/GitHub/Mapanare/mapanare/self/mnc-stage1)
==74937==    by 0x7245AB: __mn_str_from_parts (in /mnt/c/Users/Juan/Documents/GitHub/Mapanare/mapanare/self/mnc-stage1)
==74937==    by 0x41FA6B: lexer__scan_ident (in /mnt/c/Users/Juan/Documents/GitHub/Mapanare/mapanare/self/mnc-stage1)
==74937==    by 0x6A8886F: ???
==74937==    by 0x8000000000000000: ???
==74937==    by 0x6A733D7: ???
==74937==    by 0x8: ???
==74937==    by 0xF: ???
==74937==    by 0x6A7751F: ???
==74937==    by 0x8000000000000000: ???
==74937==    by 0x8: ???
==74937==    by 0x132: ???
==74937== 
==74937== 2 bytes in 1 blocks are definitely lost in loss record 143 of 981
==74937==    at 0x484D953: calloc (in /usr/libexec/valgrind/vgpreload_memcheck-amd64-linux.so)
==74937==    by 0x723DE9: __mn_alloc (in /mnt/c/Users/Juan/Documents/GitHub/Mapanare/mapanare/self/mnc-stage1)
==74937==    by 0x7245AB: __mn_str_from_parts (in /mnt/c/Users/Juan/Documents/GitHub/Mapanare/mapanare/self/mnc-stage1)
==74937==    by 0x41FA6B: lexer__scan_ident (in /mnt/c/Users/Juan/Documents/GitHub/Mapanare/mapanare/self/mnc-stage1)
==74937==    by 0x6A8890F: ???
==74937==    by 0x8000000000000001: ???
==74937==    by 0x6A733D7: ???
==74937==    by 0x8: ???
==74937==    by 0xF: ???
==74937==    by 0x6A7751F: ???
==74937==    by 0x8000000000000000: ???
==74937==    by 0x8: ???
==74937==    by 0x132: ???
==74937== 
==74937== 2 bytes in 1 blocks are definitely lost in loss record 144 of 981
==74937==    at 0x484D953: calloc (in /usr/libexec/valgrind/vgpreload_memcheck-amd64-linux.so)
==74937==    by 0x723DE9: __mn_alloc (in /mnt/c/Users/Juan/Documents/GitHub/Mapanare/mapanare/self/mnc-stage1)
==74937==    by 0x7245AB: __mn_str_from_parts (in /mnt/c/Users/Juan/Documents/GitHub/Mapanare/mapanare/self/mnc-stage1)
==74937==    by 0x41FA6B: lexer__scan_ident (in /mnt/c/Users/Juan/Documents/GitHub/Mapanare/mapanare/self/mnc-stage1)
==74937==    by 0x6A889AF: ???
==74937==    by 0x8000000000000002: ???
==74937==    by 0x6A733D7: ???
==74937==    by 0x8: ???
==74937==    by 0xF: ???
==74937==    by 0x6A7751F: ???
==74937==    by 0x8000000000000000: ???
==74937==    by 0x8: ???
==74937==    by 0x132: ???
==74937== 
==74937== 2 bytes in 1 blocks are definitely lost in loss record 145 of 981
==74937==    at 0x484D953: calloc (in /usr/libexec/valgrind/vgpreload_memcheck-amd64-linux.so)
==74937==    by 0x723DE9: __mn_alloc (in /mnt/c/Users/Juan/Documents/GitHub/Mapanare/mapanare/self/mnc-stage1)
==74937==    by 0x7245AB: __mn_str_from_parts (in /mnt/c/Users/Juan/Documents/GitHub/Mapanare/mapanare/self/mnc-stage1)
==74937==    by 0x41FA6B: lexer__scan_ident (in /mnt/c/Users/Juan/Documents/GitHub/Mapanare/mapanare/self/mnc-stage1)
==74937==    by 0x6A88A4F: ???
==74937==    by 0x8000000000000003: ???
==74937==    by 0x6A733D7: ???
==74937==    by 0x8: ???
==74937==    by 0xF: ???
==74937==    by 0x6A7751F: ???
==74937==    by 0x8000000000000000: ???
==74937==    by 0x8: ???
==74937==    by 0x132: ???
==74937== 
==74937== 2 bytes in 1 blocks are definitely lost in loss record 146 of 981
==74937==    at 0x484D953: calloc (in /usr/libexec/valgrind/vgpreload_memcheck-amd64-linux.so)
==74937==    by 0x723DE9: __mn_alloc (in /mnt/c/Users/Juan/Documents/GitHub/Mapanare/mapanare/self/mnc-stage1)
==74937==    by 0x7245AB: __mn_str_from_parts (in /mnt/c/Users/Juan/Documents/GitHub/Mapanare/mapanare/self/mnc-stage1)
==74937==    by 0x41FA6B: lexer__scan_ident (in /mnt/c/Users/Juan/Documents/GitHub/Mapanare/mapanare/self/mnc-stage1)
==74937==    by 0x6A88CCF: ???
==74937==    by 0x8000000000000000: ???
==74937==    by 0x6A733D7: ???
==74937==    by 0xD: ???
==74937==    by 0xF: ???
==74937==    by 0x6A7751F: ???
==74937==    by 0x8000000000000000: ???
==74937==    by 0xD: ???
==74937==    by 0x137: ???
==74937== 
==74937== 2 bytes in 1 blocks are definitely lost in loss record 147 of 981
==74937==    at 0x484D953: calloc (in /usr/libexec/valgrind/vgpreload_memcheck-amd64-linux.so)
==74937==    by 0x723DE9: __mn_alloc (in /mnt/c/Users/Juan/Documents/GitHub/Mapanare/mapanare/self/mnc-stage1)
==74937==    by 0x7245AB: __mn_str_from_parts (in /mnt/c/Users/Juan/Documents/GitHub/Mapanare/mapanare/self/mnc-stage1)
==74937==    by 0x41FA6B: lexer__scan_ident (in /mnt/c/Users/Juan/Documents/GitHub/Mapanare/mapanare/self/mnc-stage1)
==74937==    by 0x6A8921F: ???
==74937==    by 0x8000000000000000: ???
==74937==    by 0x6A733D7: ???
==74937==    by 0x15: ???
==74937==    by 0xF: ???
==74937==    by 0x6A7751F: ???
==74937==    by 0x8000000000000000: ???
==74937==    by 0x15: ???
==74937==    by 0x13F: ???
==74937== 
==74937== 2 bytes in 1 blocks are definitely lost in loss record 148 of 981
==74937==    at 0x484D953: calloc (in /usr/libexec/valgrind/vgpreload_memcheck-amd64-linux.so)
==74937==    by 0x723DE9: __mn_alloc (in /mnt/c/Users/Juan/Documents/GitHub/Mapanare/mapanare/self/mnc-stage1)
==74937==    by 0x7245AB: __mn_str_from_parts (in /mnt/c/Users/Juan/Documents/GitHub/Mapanare/mapanare/self/mnc-stage1)
==74937==    by 0x41FA6B: lexer__scan_ident (in /mnt/c/Users/Juan/Documents/GitHub/Mapanare/mapanare/self/mnc-stage1)
==74937==    by 0x6A892BF: ???
==74937==    by 0x8000000000000001: ???
==74937==    by 0x6A733D7: ???
==74937==    by 0x15: ???
==74937==    by 0xF: ???
==74937==    by 0x6A7751F: ???
==74937==    by 0x8000000000000000: ???
==74937==    by 0x15: ???
==74937==    by 0x13F: ???
==74937== 
==74937== 2 bytes in 1 blocks are definitely lost in loss record 149 of 981
==74937==    at 0x484D953: calloc (in /usr/libexec/valgrind/vgpreload_memcheck-amd64-linux.so)
==74937==    by 0x723DE9: __mn_alloc (in /mnt/c/Users/Juan/Documents/GitHub/Mapanare/mapanare/self/mnc-stage1)
==74937==    by 0x7245AB: __mn_str_from_parts (in /mnt/c/Users/Juan/Documents/GitHub/Mapanare/mapanare/self/mnc-stage1)
==74937==    by 0x41FA6B: lexer__scan_ident (in /mnt/c/Users/Juan/Documents/GitHub/Mapanare/mapanare/self/mnc-stage1)
==74937==    by 0x6A8935F: ???
==74937==    by 0x8000000000000002: ???
==74937==    by 0x6A733D7: ???
==74937==    by 0x15: ???
==74937==    by 0xF: ???
==74937==    by 0x6A7751F: ???
==74937==    by 0x8000000000000000: ???
==74937==    by 0x15: ???
==74937==    by 0x13F: ???
==74937== 
==74937== 2 bytes in 1 blocks are definitely lost in loss record 150 of 981
==74937==    at 0x484D953: calloc (in /usr/libexec/valgrind/vgpreload_memcheck-amd64-linux.so)
==74937==    by 0x723DE9: __mn_alloc (in /mnt/c/Users/Juan/Documents/GitHub/Mapanare/mapanare/self/mnc-stage1)
==74937==    by 0x7245AB: __mn_str_from_parts (in /mnt/c/Users/Juan/Documents/GitHub/Mapanare/mapanare/self/mnc-stage1)
==74937==    by 0x41FA6B: lexer__scan_ident (in /mnt/c/Users/Juan/Documents/GitHub/Mapanare/mapanare/self/mnc-stage1)
==74937==    by 0x6A893FF: ???
==74937==    by 0x8000000000000003: ???
==74937==    by 0x6A733D7: ???
==74937==    by 0x15: ???
==74937==    by 0xF: ???
==74937==    by 0x6A7751F: ???
==74937==    by 0x8000000000000000: ???
==74937==    by 0x15: ???
==74937==    by 0x13F: ???
==74937== 
==74937== 2 bytes in 1 blocks are definitely lost in loss record 151 of 981
==74937==    at 0x484D953: calloc (in /usr/libexec/valgrind/vgpreload_memcheck-amd64-linux.so)
==74937==    by 0x723DE9: __mn_alloc (in /mnt/c/Users/Juan/Documents/GitHub/Mapanare/mapanare/self/mnc-stage1)
==74937==    by 0x7245AB: __mn_str_from_parts (in /mnt/c/Users/Juan/Documents/GitHub/Mapanare/mapanare/self/mnc-stage1)
==74937==    by 0x41FA6B: lexer__scan_ident (in /mnt/c/Users/Juan/Documents/GitHub/Mapanare/mapanare/self/mnc-stage1)
==74937==    by 0x6A8949F: ???
==74937==    by 0x8000000000000004: ???
==74937==    by 0x6A733D7: ???
==74937==    by 0x15: ???
==74937==    by 0xF: ???
==74937==    by 0x6A7751F: ???
==74937==    by 0x8000000000000000: ???
==74937==    by 0x15: ???
==74937==    by 0x13F: ???
==74937== 
==74937== 2 bytes in 1 blocks are definitely lost in loss record 152 of 981
==74937==    at 0x484D953: calloc (in /usr/libexec/valgrind/vgpreload_memcheck-amd64-linux.so)
==74937==    by 0x723DE9: __mn_alloc (in /mnt/c/Users/Juan/Documents/GitHub/Mapanare/mapanare/self/mnc-stage1)
==74937==    by 0x7245AB: __mn_str_from_parts (in /mnt/c/Users/Juan/Documents/GitHub/Mapanare/mapanare/self/mnc-stage1)
==74937==    by 0x41FA6B: lexer__scan_ident (in /mnt/c/Users/Juan/Documents/GitHub/Mapanare/mapanare/self/mnc-stage1)
==74937==    by 0x6A8971F: ???
==74937==    by 0x8000000000000000: ???
==74937==    by 0x6A733D7: ???
==74937==    by 0x1B: ???
==74937==    by 0xF: ???
==74937==    by 0x6A7751F: ???
==74937==    by 0x8000000000000000: ???
==74937==    by 0x1B: ???
==74937==    by 0x145: ???
==74937== 
==74937== 2 bytes in 1 blocks are definitely lost in loss record 153 of 981
==74937==    at 0x484D953: calloc (in /usr/libexec/valgrind/vgpreload_memcheck-amd64-linux.so)
==74937==    by 0x723DE9: __mn_alloc (in /mnt/c/Users/Juan/Documents/GitHub/Mapanare/mapanare/self/mnc-stage1)
==74937==    by 0x7245AB: __mn_str_from_parts (in /mnt/c/Users/Juan/Documents/GitHub/Mapanare/mapanare/self/mnc-stage1)
==74937==    by 0x41FA6B: lexer__scan_ident (in /mnt/c/Users/Juan/Documents/GitHub/Mapanare/mapanare/self/mnc-stage1)
==74937==    by 0x6A897BF: ???
==74937==    by 0x8000000000000001: ???
==74937==    by 0x6A733D7: ???
==74937==    by 0x1B: ???
==74937==    by 0xF: ???
==74937==    by 0x6A7751F: ???
==74937==    by 0x8000000000000000: ???
==74937==    by 0x1B: ???
==74937==    by 0x145: ???
==74937== 
==74937== 2 bytes in 1 blocks are definitely lost in loss record 154 of 981
==74937==    at 0x484D953: calloc (in /usr/libexec/valgrind/vgpreload_memcheck-amd64-linux.so)
==74937==    by 0x723DE9: __mn_alloc (in /mnt/c/Users/Juan/Documents/GitHub/Mapanare/mapanare/self/mnc-stage1)
==74937==    by 0x7245AB: __mn_str_from_parts (in /mnt/c/Users/Juan/Documents/GitHub/Mapanare/mapanare/self/mnc-stage1)
==74937==    by 0x41FA6B: lexer__scan_ident (in /mnt/c/Users/Juan/Documents/GitHub/Mapanare/mapanare/self/mnc-stage1)
==74937==    by 0x6A8985F: ???
==74937==    by 0x8000000000000002: ???
==74937==    by 0x6A733D7: ???
==74937==    by 0x1B: ???
==74937==    by 0xF: ???
==74937==    by 0x6A7751F: ???
==74937==    by 0x8000000000000000: ???
==74937==    by 0x1B: ???
==74937==    by 0x145: ???
==74937== 
==74937== 2 bytes in 1 blocks are definitely lost in loss record 155 of 981
==74937==    at 0x484D953: calloc (in /usr/libexec/valgrind/vgpreload_memcheck-amd64-linux.so)
==74937==    by 0x723DE9: __mn_alloc (in /mnt/c/Users/Juan/Documents/GitHub/Mapanare/mapanare/self/mnc-stage1)
==74937==    by 0x7245AB: __mn_str_from_parts (in /mnt/c/Users/Juan/Documents/GitHub/Mapanare/mapanare/self/mnc-stage1)
==74937==    by 0x41FA6B: lexer__scan_ident (in /mnt/c/Users/Juan/Documents/GitHub/Mapanare/mapanare/self/mnc-stage1)
==74937==    by 0x6A89ADF: ???
==74937==    by 0x8000000000000000: ???
==74937==    by 0x6A733D7: ???
==74937==    by 0x1F: ???
==74937==    by 0xF: ???
==74937==    by 0x6A7751F: ???
==74937==    by 0x8000000000000000: ???
==74937==    by 0x1F: ???
==74937==    by 0x149: ???
==74937== 
==74937== 2 bytes in 1 blocks are definitely lost in loss record 156 of 981
==74937==    at 0x484D953: calloc (in /usr/libexec/valgrind/vgpreload_memcheck-amd64-linux.so)
==74937==    by 0x723DE9: __mn_alloc (in /mnt/c/Users/Juan/Documents/GitHub/Mapanare/mapanare/self/mnc-stage1)
==74937==    by 0x7245AB: __mn_str_from_parts (in /mnt/c/Users/Juan/Documents/GitHub/Mapanare/mapanare/self/mnc-stage1)
==74937==    by 0x41FA6B: lexer__scan_ident (in /mnt/c/Users/Juan/Documents/GitHub/Mapanare/mapanare/self/mnc-stage1)
==74937==    by 0x6A8A34F: ???
==74937==    by 0x8000000000000000: ???
==74937==    by 0x6A733D7: ???
==74937==    by 0x8: ???
==74937==    by 0x10: ???
==74937==    by 0x6A7751F: ???
==74937==    by 0x8000000000000000: ???
==74937==    by 0x8: ???
==74937==    by 0x158: ???
==74937== 
==74937== 2 bytes in 1 blocks are definitely lost in loss record 157 of 981
==74937==    at 0x484D953: calloc (in /usr/libexec/valgrind/vgpreload_memcheck-amd64-linux.so)
==74937==    by 0x723DE9: __mn_alloc (in /mnt/c/Users/Juan/Documents/GitHub/Mapanare/mapanare/self/mnc-stage1)
==74937==    by 0x7245AB: __mn_str_from_parts (in /mnt/c/Users/Juan/Documents/GitHub/Mapanare/mapanare/self/mnc-stage1)
==74937==    by 0x41FA6B: lexer__scan_ident (in /mnt/c/Users/Juan/Documents/GitHub/Mapanare/mapanare/self/mnc-stage1)
==74937==    by 0x6A8A7AF: ???
==74937==    by 0x8000000000000000: ???
==74937==    by 0x6A733D7: ???
==74937==    by 0xF: ???
==74937==    by 0x10: ???
==74937==    by 0x6A7751F: ???
==74937==    by 0x8000000000000000: ???
==74937==    by 0xF: ???
==74937==    by 0x15F: ???
==74937== 
==74937== 2 bytes in 1 blocks are definitely lost in loss record 158 of 981
==74937==    at 0x484D953: calloc (in /usr/libexec/valgrind/vgpreload_memcheck-amd64-linux.so)
==74937==    by 0x723DE9: __mn_alloc (in /mnt/c/Users/Juan/Documents/GitHub/Mapanare/mapanare/self/mnc-stage1)
==74937==    by 0x7245AB: __mn_str_from_parts (in /mnt/c/Users/Juan/Documents/GitHub/Mapanare/mapanare/self/mnc-stage1)
==74937==    by 0x41FA6B: lexer__scan_ident (in /mnt/c/Users/Juan/Documents/GitHub/Mapanare/mapanare/self/mnc-stage1)
==74937==    by 0x6A8A84F: ???
==74937==    by 0x8000000000000001: ???
==74937==    by 0x6A733D7: ???
==74937==    by 0xF: ???
==74937==    by 0x10: ???
==74937==    by 0x6A7751F: ???
==74937==    by 0x8000000000000000: ???
==74937==    by 0xF: ???
==74937==    by 0x15F: ???
==74937== 
==74937== 2 bytes in 1 blocks are definitely lost in loss record 159 of 981
==74937==    at 0x484D953: calloc (in /usr/libexec/valgrind/vgpreload_memcheck-amd64-linux.so)
==74937==    by 0x723DE9: __mn_alloc (in /mnt/c/Users/Juan/Documents/GitHub/Mapanare/mapanare/self/mnc-stage1)
==74937==    by 0x7245AB: __mn_str_from_parts (in /mnt/c/Users/Juan/Documents/GitHub/Mapanare/mapanare/self/mnc-stage1)
==74937==    by 0x41FA6B: lexer__scan_ident (in /mnt/c/Users/Juan/Documents/GitHub/Mapanare/mapanare/self/mnc-stage1)
==74937==    by 0x6A8A8EF: ???
==74937==    by 0x8000000000000002: ???
==74937==    by 0x6A733D7: ???
==74937==    by 0xF: ???
==74937==    by 0x10: ???
==74937==    by 0x6A7751F: ???
==74937==    by 0x8000000000000000: ???
==74937==    by 0xF: ???
==74937==    by 0x15F: ???
==74937== 
==74937== 2 bytes in 1 blocks are definitely lost in loss record 160 of 981
==74937==    at 0x484D953: calloc (in /usr/libexec/valgrind/vgpreload_memcheck-amd64-linux.so)
==74937==    by 0x723DE9: __mn_alloc (in /mnt/c/Users/Juan/Documents/GitHub/Mapanare/mapanare/self/mnc-stage1)
==74937==    by 0x7245AB: __mn_str_from_parts (in /mnt/c/Users/Juan/Documents/GitHub/Mapanare/mapanare/self/mnc-stage1)
==74937==    by 0x41FA6B: lexer__scan_ident (in /mnt/c/Users/Juan/Documents/GitHub/Mapanare/mapanare/self/mnc-stage1)
==74937==    by 0x6A8A98F: ???
==74937==    by 0x8000000000000003: ???
==74937==    by 0x6A733D7: ???
==74937==    by 0xF: ???
==74937==    by 0x10: ???
==74937==    by 0x6A7751F: ???
==74937==    by 0x8000000000000000: ???
==74937==    by 0xF: ???
==74937==    by 0x15F: ???
==74937== 
==74937== 2 bytes in 1 blocks are definitely lost in loss record 161 of 981
==74937==    at 0x484D953: calloc (in /usr/libexec/valgrind/vgpreload_memcheck-amd64-linux.so)
==74937==    by 0x723DE9: __mn_alloc (in /mnt/c/Users/Juan/Documents/GitHub/Mapanare/mapanare/self/mnc-stage1)
==74937==    by 0x7245AB: __mn_str_from_parts (in /mnt/c/Users/Juan/Documents/GitHub/Mapanare/mapanare/self/mnc-stage1)
==74937==    by 0x41FA6B: lexer__scan_ident (in /mnt/c/Users/Juan/Documents/GitHub/Mapanare/mapanare/self/mnc-stage1)
==74937==    by 0x6A8AA2F: ???
==74937==    by 0x8000000000000004: ???
==74937==    by 0x6A733D7: ???
==74937==    by 0xF: ???
==74937==    by 0x10: ???
==74937==    by 0x6A7751F: ???
==74937==    by 0x8000000000000000: ???
==74937==    by 0xF: ???
==74937==    by 0x15F: ???
==74937== 
==74937== 3 bytes in 1 blocks are indirectly lost in loss record 162 of 981
==74937==    at 0x484D953: calloc (in /usr/libexec/valgrind/vgpreload_memcheck-amd64-linux.so)
==74937==    by 0x723DE9: __mn_alloc (in /mnt/c/Users/Juan/Documents/GitHub/Mapanare/mapanare/self/mnc-stage1)
==74937==    by 0x7249CE: __mn_str_concat (in /mnt/c/Users/Juan/Documents/GitHub/Mapanare/mapanare/self/mnc-stage1)
==74937==    by 0x41FA94: lexer__scan_ident (in /mnt/c/Users/Juan/Documents/GitHub/Mapanare/mapanare/self/mnc-stage1)
==74937==    by 0x6A777CF: ???
==74937==    by 0x8000000000000000: ???
==74937==    by 0x6A733D7: ???
==74937== 
==74937== 3 bytes in 1 blocks are indirectly lost in loss record 163 of 981
==74937==    at 0x484D953: calloc (in /usr/libexec/valgrind/vgpreload_memcheck-amd64-linux.so)
==74937==    by 0x723DE9: __mn_alloc (in /mnt/c/Users/Juan/Documents/GitHub/Mapanare/mapanare/self/mnc-stage1)
==74937==    by 0x7249CE: __mn_str_concat (in /mnt/c/Users/Juan/Documents/GitHub/Mapanare/mapanare/self/mnc-stage1)
==74937==    by 0x41FA94: lexer__scan_ident (in /mnt/c/Users/Juan/Documents/GitHub/Mapanare/mapanare/self/mnc-stage1)
==74937==    by 0x6A79F3F: ???
==74937==    by 0x8000000000000000: ???
==74937==    by 0x6A733D7: ???
==74937==    by 0x4: ???
==74937==    by 0x1: ???
==74937==    by 0x6A7751F: ???
==74937==    by 0x8000000000000000: ???
==74937==    by 0x4: ???
==74937==    by 0x2D: ???
==74937== 
==74937== 3 bytes in 1 blocks are indirectly lost in loss record 164 of 981
==74937==    at 0x484D953: calloc (in /usr/libexec/valgrind/vgpreload_memcheck-amd64-linux.so)
==74937==    by 0x723DE9: __mn_alloc (in /mnt/c/Users/Juan/Documents/GitHub/Mapanare/mapanare/self/mnc-stage1)
==74937==    by 0x7249CE: __mn_str_concat (in /mnt/c/Users/Juan/Documents/GitHub/Mapanare/mapanare/self/mnc-stage1)
==74937==    by 0x41FA94: lexer__scan_ident (in /mnt/c/Users/Juan/Documents/GitHub/Mapanare/mapanare/self/mnc-stage1)
==74937==    by 0x6A7D1BF: ???
==74937==    by 0x8000000000000000: ???
==74937==    by 0x6A733D7: ???
==74937== 
==74937== 3 bytes in 1 blocks are indirectly lost in loss record 165 of 981
==74937==    at 0x484D953: calloc (in /usr/libexec/valgrind/vgpreload_memcheck-amd64-linux.so)
==74937==    by 0x723DE9: __mn_alloc (in /mnt/c/Users/Juan/Documents/GitHub/Mapanare/mapanare/self/mnc-stage1)
==74937==    by 0x7249CE: __mn_str_concat (in /mnt/c/Users/Juan/Documents/GitHub/Mapanare/mapanare/self/mnc-stage1)
==74937==    by 0x420082: lexer__scan_number (in /mnt/c/Users/Juan/Documents/GitHub/Mapanare/mapanare/self/mnc-stage1)
==74937==    by 0x6A807DF: ???
==74937==    by 0x6A73257: ???
==74937==    by 0x8000000000000000: ???
==74937==    by 0x6A806EF: ???
==74937==    by 0x8000000000000000: ???
==74937== 
==74937== 3 bytes in 1 blocks are indirectly lost in loss record 166 of 981
==74937==    at 0x484D953: calloc (in /usr/libexec/valgrind/vgpreload_memcheck-amd64-linux.so)
==74937==    by 0x723DE9: __mn_alloc (in /mnt/c/Users/Juan/Documents/GitHub/Mapanare/mapanare/self/mnc-stage1)
==74937==    by 0x7249CE: __mn_str_concat (in /mnt/c/Users/Juan/Documents/GitHub/Mapanare/mapanare/self/mnc-stage1)
==74937==    by 0x4CE559: lower__bind_fn_params (in /mnt/c/Users/Juan/Documents/GitHub/Mapanare/mapanare/self/mnc-stage1)
==74937== 
==74937== 3 bytes in 1 blocks are definitely lost in loss record 167 of 981
==74937==    at 0x484D953: calloc (in /usr/libexec/valgrind/vgpreload_memcheck-amd64-linux.so)
==74937==    by 0x723DE9: __mn_alloc (in /mnt/c/Users/Juan/Documents/GitHub/Mapanare/mapanare/self/mnc-stage1)
==74937==    by 0x7249CE: __mn_str_concat (in /mnt/c/Users/Juan/Documents/GitHub/Mapanare/mapanare/self/mnc-stage1)
==74937==    by 0x41FA94: lexer__scan_ident (in /mnt/c/Users/Juan/Documents/GitHub/Mapanare/mapanare/self/mnc-stage1)
==74937==    by 0x6A77C9F: ???
==74937==    by 0x8000000000000000: ???
==74937==    by 0x6A733D7: ???
==74937==    by 0x3: ???
==74937== 
==74937== 3 bytes in 1 blocks are definitely lost in loss record 168 of 981
==74937==    at 0x484D953: calloc (in /usr/libexec/valgrind/vgpreload_memcheck-amd64-linux.so)
==74937==    by 0x723DE9: __mn_alloc (in /mnt/c/Users/Juan/Documents/GitHub/Mapanare/mapanare/self/mnc-stage1)
==74937==    by 0x7249CE: __mn_str_concat (in /mnt/c/Users/Juan/Documents/GitHub/Mapanare/mapanare/self/mnc-stage1)
==74937==    by 0x41FA94: lexer__scan_ident (in /mnt/c/Users/Juan/Documents/GitHub/Mapanare/mapanare/self/mnc-stage1)
==74937==    by 0x6A7896F: ???
==74937==    by 0x8000000000000000: ???
==74937==    by 0x6A733D7: ???
==74937==    by 0x14: ???
==74937== 
==74937== 3 bytes in 1 blocks are definitely lost in loss record 169 of 981
==74937==    at 0x484D953: calloc (in /usr/libexec/valgrind/vgpreload_memcheck-amd64-linux.so)
==74937==    by 0x723DE9: __mn_alloc (in /mnt/c/Users/Juan/Documents/GitHub/Mapanare/mapanare/self/mnc-stage1)
==74937==    by 0x7249CE: __mn_str_concat (in /mnt/c/Users/Juan/Documents/GitHub/Mapanare/mapanare/self/mnc-stage1)
==74937==    by 0x41FA94: lexer__scan_ident (in /mnt/c/Users/Juan/Documents/GitHub/Mapanare/mapanare/self/mnc-stage1)
==74937==    by 0x6A78EBF: ???
==74937==    by 0x8000000000000000: ???
==74937==    by 0x6A733D7: ???
==74937==    by 0x1C: ???
==74937== 
==74937== 3 bytes in 1 blocks are definitely lost in loss record 170 of 981
==74937==    at 0x484D953: calloc (in /usr/libexec/valgrind/vgpreload_memcheck-amd64-linux.so)
==74937==    by 0x723DE9: __mn_alloc (in /mnt/c/Users/Juan/Documents/GitHub/Mapanare/mapanare/self/mnc-stage1)
==74937==    by 0x7249CE: __mn_str_concat (in /mnt/c/Users/Juan/Documents/GitHub/Mapanare/mapanare/self/mnc-stage1)
==74937==    by 0x41FA94: lexer__scan_ident (in /mnt/c/Users/Juan/Documents/GitHub/Mapanare/mapanare/self/mnc-stage1)
==74937==    by 0x6A798AF: ???
==74937==    by 0x8000000000000000: ???
==74937==    by 0x6A733D7: ???
==74937==    by 0x23: ???
==74937== 
==74937== 3 bytes in 1 blocks are definitely lost in loss record 171 of 981
==74937==    at 0x484D953: calloc (in /usr/libexec/valgrind/vgpreload_memcheck-amd64-linux.so)
==74937==    by 0x723DE9: __mn_alloc (in /mnt/c/Users/Juan/Documents/GitHub/Mapanare/mapanare/self/mnc-stage1)
==74937==    by 0x7249CE: __mn_str_concat (in /mnt/c/Users/Juan/Documents/GitHub/Mapanare/mapanare/self/mnc-stage1)
==74937==    by 0x41FA94: lexer__scan_ident (in /mnt/c/Users/Juan/Documents/GitHub/Mapanare/mapanare/self/mnc-stage1)
==74937==    by 0x6A7B36F: ???
==74937==    by 0x8000000000000000: ???
==74937==    by 0x6A733D7: ???
==74937==    by 0x8: ???
==74937==    by 0x2: ???
==74937==    by 0x6A7751F: ???
==74937==    by 0x8000000000000000: ???
==74937==    by 0x8: ???
==74937==    by 0x40: ???
==74937== 
==74937== 3 bytes in 1 blocks are definitely lost in loss record 172 of 981
==74937==    at 0x484D953: calloc (in /usr/libexec/valgrind/vgpreload_memcheck-amd64-linux.so)
==74937==    by 0x723DE9: __mn_alloc (in /mnt/c/Users/Juan/Documents/GitHub/Mapanare/mapanare/self/mnc-stage1)
==74937==    by 0x7249CE: __mn_str_concat (in /mnt/c/Users/Juan/Documents/GitHub/Mapanare/mapanare/self/mnc-stage1)
==74937==    by 0x41FA94: lexer__scan_ident (in /mnt/c/Users/Juan/Documents/GitHub/Mapanare/mapanare/self/mnc-stage1)
==74937==    by 0x6A7B86F: ???
==74937==    by 0x8000000000000000: ???
==74937==    by 0x6A733D7: ???
==74937==    by 0xF: ???
==74937==    by 0x2: ???
==74937==    by 0x6A7751F: ???
==74937==    by 0x8000000000000000: ???
==74937==    by 0xF: ???
==74937==    by 0x47: ???
==74937== 
==74937== 3 bytes in 1 blocks are definitely lost in loss record 173 of 981
==74937==    at 0x484D953: calloc (in /usr/libexec/valgrind/vgpreload_memcheck-amd64-linux.so)
==74937==    by 0x723DE9: __mn_alloc (in /mnt/c/Users/Juan/Documents/GitHub/Mapanare/mapanare/self/mnc-stage1)
==74937==    by 0x7249CE: __mn_str_concat (in /mnt/c/Users/Juan/Documents/GitHub/Mapanare/mapanare/self/mnc-stage1)
==74937==    by 0x41FA94: lexer__scan_ident (in /mnt/c/Users/Juan/Documents/GitHub/Mapanare/mapanare/self/mnc-stage1)
==74937==    by 0x6A7C35F: ???
==74937==    by 0x8000000000000000: ???
==74937==    by 0x6A733D7: ???
==74937==    by 0x4: ???
==74937==    by 0x4: ???
==74937==    by 0x6A7751F: ???
==74937==    by 0x8000000000000000: ???
==74937==    by 0x4: ???
==74937==    by 0x59: ???
==74937== 
==74937== 3 bytes in 1 blocks are definitely lost in loss record 174 of 981
==74937==    at 0x484D953: calloc (in /usr/libexec/valgrind/vgpreload_memcheck-amd64-linux.so)
==74937==    by 0x723DE9: __mn_alloc (in /mnt/c/Users/Juan/Documents/GitHub/Mapanare/mapanare/self/mnc-stage1)
==74937==    by 0x7249CE: __mn_str_concat (in /mnt/c/Users/Juan/Documents/GitHub/Mapanare/mapanare/self/mnc-stage1)
==74937==    by 0x41FA94: lexer__scan_ident (in /mnt/c/Users/Juan/Documents/GitHub/Mapanare/mapanare/self/mnc-stage1)
==74937==    by 0x6A7C85F: ???
==74937==    by 0x8000000000000000: ???
==74937==    by 0x6A733D7: ???
==74937==    by 0xB: ???
==74937==    by 0x4: ???
==74937==    by 0x6A7751F: ???
==74937==    by 0x8000000000000000: ???
==74937==    by 0xB: ???
==74937==    by 0x60: ???
==74937== 
==74937== 3 bytes in 1 blocks are definitely lost in loss record 175 of 981
==74937==    at 0x484D953: calloc (in /usr/libexec/valgrind/vgpreload_memcheck-amd64-linux.so)
==74937==    by 0x723DE9: __mn_alloc (in /mnt/c/Users/Juan/Documents/GitHub/Mapanare/mapanare/self/mnc-stage1)
==74937==    by 0x7249CE: __mn_str_concat (in /mnt/c/Users/Juan/Documents/GitHub/Mapanare/mapanare/self/mnc-stage1)
==74937==    by 0x41FA94: lexer__scan_ident (in /mnt/c/Users/Juan/Documents/GitHub/Mapanare/mapanare/self/mnc-stage1)
==74937==    by 0x6A7D43F: ???
==74937==    by 0x8000000000000000: ???
==74937==    by 0x6A733D7: ???
==74937==    by 0x3: ???
==74937==    by 0x7: ???
==74937==    by 0x6A7751F: ???
==74937==    by 0x8000000000000000: ???
==74937==    by 0x3: ???
==74937==    by 0x6E: ???
==74937== 
==74937== 3 bytes in 1 blocks are definitely lost in loss record 176 of 981
==74937==    at 0x484D953: calloc (in /usr/libexec/valgrind/vgpreload_memcheck-amd64-linux.so)
==74937==    by 0x723DE9: __mn_alloc (in /mnt/c/Users/Juan/Documents/GitHub/Mapanare/mapanare/self/mnc-stage1)
==74937==    by 0x7249CE: __mn_str_concat (in /mnt/c/Users/Juan/Documents/GitHub/Mapanare/mapanare/self/mnc-stage1)
==74937==    by 0x41FA94: lexer__scan_ident (in /mnt/c/Users/Juan/Documents/GitHub/Mapanare/mapanare/self/mnc-stage1)
==74937==    by 0x6A7ECAF: ???
==74937==    by 0x8000000000000000: ???
==74937==    by 0x6A733D7: ???
==74937==    by 0x4: ???
==74937==    by 0x8: ???
==74937==    by 0x6A7751F: ???
==74937==    by 0x8000000000000000: ???
==74937==    by 0x4: ???
==74937==    by 0x7B: ???
==74937== 
==74937== 3 bytes in 1 blocks are definitely lost in loss record 177 of 981
==74937==    at 0x484D953: calloc (in /usr/libexec/valgrind/vgpreload_memcheck-amd64-linux.so)
==74937==    by 0x723DE9: __mn_alloc (in /mnt/c/Users/Juan/Documents/GitHub/Mapanare/mapanare/self/mnc-stage1)
==74937==    by 0x7249CE: __mn_str_concat (in /mnt/c/Users/Juan/Documents/GitHub/Mapanare/mapanare/self/mnc-stage1)
==74937==    by 0x41FA94: lexer__scan_ident (in /mnt/c/Users/Juan/Documents/GitHub/Mapanare/mapanare/self/mnc-stage1)
==74937==    by 0x6A7F29F: ???
==74937==    by 0x8000000000000000: ???
==74937==    by 0x6A733D7: ???
==74937==    by 0xB: ???
==74937==    by 0x8: ???
==74937==    by 0x6A7751F: ???
==74937==    by 0x8000000000000000: ???
==74937==    by 0xB: ???
==74937==    by 0x82: ???
==74937== 
==74937== 3 bytes in 1 blocks are definitely lost in loss record 178 of 981
==74937==    at 0x484D953: calloc (in /usr/libexec/valgrind/vgpreload_memcheck-amd64-linux.so)
==74937==    by 0x723DE9: __mn_alloc (in /mnt/c/Users/Juan/Documents/GitHub/Mapanare/mapanare/self/mnc-stage1)
==74937==    by 0x7249CE: __mn_str_concat (in /mnt/c/Users/Juan/Documents/GitHub/Mapanare/mapanare/self/mnc-stage1)
==74937==    by 0x41FA94: lexer__scan_ident (in /mnt/c/Users/Juan/Documents/GitHub/Mapanare/mapanare/self/mnc-stage1)
==74937==    by 0x6A7F83F: ???
==74937==    by 0x8000000000000000: ???
==74937==    by 0x6A733D7: ???
==74937==    by 0x12: ???
==74937==    by 0x8: ???
==74937==    by 0x6A7751F: ???
==74937==    by 0x8000000000000000: ???
==74937==    by 0x12: ???
==74937==    by 0x89: ???
==74937== 
==74937== 3 bytes in 1 blocks are definitely lost in loss record 179 of 981
==74937==    at 0x484D953: calloc (in /usr/libexec/valgrind/vgpreload_memcheck-amd64-linux.so)
==74937==    by 0x723DE9: __mn_alloc (in /mnt/c/Users/Juan/Documents/GitHub/Mapanare/mapanare/self/mnc-stage1)
==74937==    by 0x7249CE: __mn_str_concat (in /mnt/c/Users/Juan/Documents/GitHub/Mapanare/mapanare/self/mnc-stage1)
==74937==    by 0x41FA94: lexer__scan_ident (in /mnt/c/Users/Juan/Documents/GitHub/Mapanare/mapanare/self/mnc-stage1)
==74937==    by 0x6A7FD8F: ???
==74937==    by 0x8000000000000000: ???
==74937==    by 0x6A733D7: ???
==74937==    by 0x19: ???
==74937==    by 0x8: ???
==74937==    by 0x6A7751F: ???
==74937==    by 0x8000000000000000: ???
==74937==    by 0x19: ???
==74937==    by 0x90: ???
==74937== 
==74937== 3 bytes in 1 blocks are definitely lost in loss record 180 of 981
==74937==    at 0x484D953: calloc (in /usr/libexec/valgrind/vgpreload_memcheck-amd64-linux.so)
==74937==    by 0x723DE9: __mn_alloc (in /mnt/c/Users/Juan/Documents/GitHub/Mapanare/mapanare/self/mnc-stage1)
==74937==    by 0x7249CE: __mn_str_concat (in /mnt/c/Users/Juan/Documents/GitHub/Mapanare/mapanare/self/mnc-stage1)
==74937==    by 0x41FA94: lexer__scan_ident (in /mnt/c/Users/Juan/Documents/GitHub/Mapanare/mapanare/self/mnc-stage1)
==74937==    by 0x6A80C8F: ???
==74937==    by 0x8000000000000000: ???
==74937==    by 0x6A733D7: ???
==74937==    by 0x4: ???
==74937==    by 0x9: ???
==74937==    by 0x6A7751F: ???
==74937==    by 0x8000000000000000: ???
==74937==    by 0x4: ???
==74937==    by 0xA6: ???
==74937== 
==74937== 3 bytes in 1 blocks are definitely lost in loss record 181 of 981
==74937==    at 0x484D953: calloc (in /usr/libexec/valgrind/vgpreload_memcheck-amd64-linux.so)
==74937==    by 0x723DE9: __mn_alloc (in /mnt/c/Users/Juan/Documents/GitHub/Mapanare/mapanare/self/mnc-stage1)
==74937==    by 0x7249CE: __mn_str_concat (in /mnt/c/Users/Juan/Documents/GitHub/Mapanare/mapanare/self/mnc-stage1)
==74937==    by 0x41FA94: lexer__scan_ident (in /mnt/c/Users/Juan/Documents/GitHub/Mapanare/mapanare/self/mnc-stage1)
==74937==    by 0x6A8168F: ???
==74937==    by 0x8000000000000000: ???
==74937==    by 0x6A733D7: ???
==74937==    by 0x8: ???
==74937==    by 0xA: ???
==74937==    by 0x6A7751F: ???
==74937==    by 0x8000000000000000: ???
==74937==    by 0x8: ???
==74937==    by 0xB8: ???
==74937== 
==74937== 3 bytes in 1 blocks are definitely lost in loss record 182 of 981
==74937==    at 0x484D953: calloc (in /usr/libexec/valgrind/vgpreload_memcheck-amd64-linux.so)
==74937==    by 0x723DE9: __mn_alloc (in /mnt/c/Users/Juan/Documents/GitHub/Mapanare/mapanare/self/mnc-stage1)
==74937==    by 0x7249CE: __mn_str_concat (in /mnt/c/Users/Juan/Documents/GitHub/Mapanare/mapanare/self/mnc-stage1)
==74937==    by 0x41FA94: lexer__scan_ident (in /mnt/c/Users/Juan/Documents/GitHub/Mapanare/mapanare/self/mnc-stage1)
==74937==    by 0x6A8203F: ???
==74937==    by 0x8000000000000000: ???
==74937==    by 0x6A733D7: ???
==74937==    by 0x15: ???
==74937==    by 0xA: ???
==74937==    by 0x6A7751F: ???
==74937==    by 0x8000000000000000: ???
==74937==    by 0x15: ???
==74937==    by 0xC5: ???
==74937== 
==74937== 3 bytes in 1 blocks are definitely lost in loss record 183 of 981
==74937==    at 0x484D953: calloc (in /usr/libexec/valgrind/vgpreload_memcheck-amd64-linux.so)
==74937==    by 0x723DE9: __mn_alloc (in /mnt/c/Users/Juan/Documents/GitHub/Mapanare/mapanare/self/mnc-stage1)
==74937==    by 0x7249CE: __mn_str_concat (in /mnt/c/Users/Juan/Documents/GitHub/Mapanare/mapanare/self/mnc-stage1)
==74937==    by 0x41FA94: lexer__scan_ident (in /mnt/c/Users/Juan/Documents/GitHub/Mapanare/mapanare/self/mnc-stage1)
==74937==    by 0x6A8253F: ???
==74937==    by 0x8000000000000000: ???
==74937==    by 0x6A733D7: ???
==74937==    by 0x1B: ???
==74937==    by 0xA: ???
==74937==    by 0x6A7751F: ???
==74937==    by 0x8000000000000000: ???
==74937==    by 0x1B: ???
==74937==    by 0xCB: ???
==74937== 
==74937== 3 bytes in 1 blocks are definitely lost in loss record 184 of 981
==74937==    at 0x484D953: calloc (in /usr/libexec/valgrind/vgpreload_memcheck-amd64-linux.so)
==74937==    by 0x723DE9: __mn_alloc (in /mnt/c/Users/Juan/Documents/GitHub/Mapanare/mapanare/self/mnc-stage1)
==74937==    by 0x7249CE: __mn_str_concat (in /mnt/c/Users/Juan/Documents/GitHub/Mapanare/mapanare/self/mnc-stage1)
==74937==    by 0x41FA94: lexer__scan_ident (in /mnt/c/Users/Juan/Documents/GitHub/Mapanare/mapanare/self/mnc-stage1)
==74937==    by 0x6A8561F: ???
==74937==    by 0x8000000000000000: ???
==74937==    by 0x6A733D7: ???
==74937==    by 0xF: ???
==74937==    by 0xB: ???
==74937==    by 0x6A7751F: ???
==74937==    by 0x8000000000000000: ???
==74937==    by 0xF: ???
==74937==    by 0xE5: ???
==74937== 
==74937== 3 bytes in 1 blocks are definitely lost in loss record 185 of 981
==74937==    at 0x484D953: calloc (in /usr/libexec/valgrind/vgpreload_memcheck-amd64-linux.so)
==74937==    by 0x723DE9: __mn_alloc (in /mnt/c/Users/Juan/Documents/GitHub/Mapanare/mapanare/self/mnc-stage1)
==74937==    by 0x7249CE: __mn_str_concat (in /mnt/c/Users/Juan/Documents/GitHub/Mapanare/mapanare/self/mnc-stage1)
==74937==    by 0x41FA94: lexer__scan_ident (in /mnt/c/Users/Juan/Documents/GitHub/Mapanare/mapanare/self/mnc-stage1)
==74937==    by 0x6A864CF: ???
==74937==    by 0x8000000000000000: ???
==74937==    by 0x6A733D7: ???
==74937==    by 0x4: ???
==74937==    by 0xD: ???
==74937==    by 0x6A7751F: ???
==74937==    by 0x8000000000000000: ???
==74937==    by 0x4: ???
==74937==    by 0xFF: ???
==74937== 
==74937== 3 bytes in 1 blocks are definitely lost in loss record 186 of 981
==74937==    at 0x484D953: calloc (in /usr/libexec/valgrind/vgpreload_memcheck-amd64-linux.so)
==74937==    by 0x723DE9: __mn_alloc (in /mnt/c/Users/Juan/Documents/GitHub/Mapanare/mapanare/self/mnc-stage1)
==74937==    by 0x7249CE: __mn_str_concat (in /mnt/c/Users/Juan/Documents/GitHub/Mapanare/mapanare/self/mnc-stage1)
==74937==    by 0x41FA94: lexer__scan_ident (in /mnt/c/Users/Juan/Documents/GitHub/Mapanare/mapanare/self/mnc-stage1)
==74937==    by 0x6A86ABF: ???
==74937==    by 0x8000000000000000: ???
==74937==    by 0x6A733D7: ???
==74937==    by 0xB: ???
==74937==    by 0xD: ???
==74937==    by 0x6A7751F: ???
==74937==    by 0x8000000000000000: ???
==74937==    by 0xB: ???
==74937==    by 0x106: ???
==74937== 
==74937== 3 bytes in 1 blocks are definitely lost in loss record 187 of 981
==74937==    at 0x484D953: calloc (in /usr/libexec/valgrind/vgpreload_memcheck-amd64-linux.so)
==74937==    by 0x723DE9: __mn_alloc (in /mnt/c/Users/Juan/Documents/GitHub/Mapanare/mapanare/self/mnc-stage1)
==74937==    by 0x7249CE: __mn_str_concat (in /mnt/c/Users/Juan/Documents/GitHub/Mapanare/mapanare/self/mnc-stage1)
==74937==    by 0x41FA94: lexer__scan_ident (in /mnt/c/Users/Juan/Documents/GitHub/Mapanare/mapanare/self/mnc-stage1)
==74937==    by 0x6A8705F: ???
==74937==    by 0x8000000000000000: ???
==74937==    by 0x6A733D7: ???
==74937==    by 0x12: ???
==74937==    by 0xD: ???
==74937==    by 0x6A7751F: ???
==74937==    by 0x8000000000000000: ???
==74937==    by 0x12: ???
==74937==    by 0x10D: ???
==74937== 
==74937== 3 bytes in 1 blocks are definitely lost in loss record 188 of 981
==74937==    at 0x484D953: calloc (in /usr/libexec/valgrind/vgpreload_memcheck-amd64-linux.so)
==74937==    by 0x723DE9: __mn_alloc (in /mnt/c/Users/Juan/Documents/GitHub/Mapanare/mapanare/self/mnc-stage1)
==74937==    by 0x7249CE: __mn_str_concat (in /mnt/c/Users/Juan/Documents/GitHub/Mapanare/mapanare/self/mnc-stage1)
==74937==    by 0x41FA94: lexer__scan_ident (in /mnt/c/Users/Juan/Documents/GitHub/Mapanare/mapanare/self/mnc-stage1)
==74937==    by 0x6A875AF: ???
==74937==    by 0x8000000000000000: ???
==74937==    by 0x6A733D7: ???
==74937==    by 0x19: ???
==74937==    by 0xD: ???
==74937==    by 0x6A7751F: ???
==74937==    by 0x8000000000000000: ???
==74937==    by 0x19: ???
==74937==    by 0x114: ???
==74937== 
==74937== 3 bytes in 1 blocks are definitely lost in loss record 189 of 981
==74937==    at 0x484D953: calloc (in /usr/libexec/valgrind/vgpreload_memcheck-amd64-linux.so)
==74937==    by 0x723DE9: __mn_alloc (in /mnt/c/Users/Juan/Documents/GitHub/Mapanare/mapanare/self/mnc-stage1)
==74937==    by 0x7249CE: __mn_str_concat (in /mnt/c/Users/Juan/Documents/GitHub/Mapanare/mapanare/self/mnc-stage1)
==74937==    by 0x41FA94: lexer__scan_ident (in /mnt/c/Users/Juan/Documents/GitHub/Mapanare/mapanare/self/mnc-stage1)
==74937==    by 0x6A87E6F: ???
==74937==    by 0x8000000000000000: ???
==74937==    by 0x6A733D7: ???
==74937==    by 0x4: ???
==74937==    by 0xE: ???
==74937==    by 0x6A7751F: ???
==74937==    by 0x8000000000000000: ???
==74937==    by 0x4: ???
==74937==    by 0x120: ???
==74937== 
==74937== 3 bytes in 1 blocks are definitely lost in loss record 190 of 981
==74937==    at 0x484D953: calloc (in /usr/libexec/valgrind/vgpreload_memcheck-amd64-linux.so)
==74937==    by 0x723DE9: __mn_alloc (in /mnt/c/Users/Juan/Documents/GitHub/Mapanare/mapanare/self/mnc-stage1)
==74937==    by 0x7249CE: __mn_str_concat (in /mnt/c/Users/Juan/Documents/GitHub/Mapanare/mapanare/self/mnc-stage1)
==74937==    by 0x41FA94: lexer__scan_ident (in /mnt/c/Users/Juan/Documents/GitHub/Mapanare/mapanare/self/mnc-stage1)
==74937==    by 0x6A8886F: ???
==74937==    by 0x8000000000000000: ???
==74937==    by 0x6A733D7: ???
==74937==    by 0x8: ???
==74937==    by 0xF: ???
==74937==    by 0x6A7751F: ???
==74937==    by 0x8000000000000000: ???
==74937==    by 0x8: ???
==74937==    by 0x132: ???
==74937== 
==74937== 3 bytes in 1 blocks are definitely lost in loss record 191 of 981
==74937==    at 0x484D953: calloc (in /usr/libexec/valgrind/vgpreload_memcheck-amd64-linux.so)
==74937==    by 0x723DE9: __mn_alloc (in /mnt/c/Users/Juan/Documents/GitHub/Mapanare/mapanare/self/mnc-stage1)
==74937==    by 0x7249CE: __mn_str_concat (in /mnt/c/Users/Juan/Documents/GitHub/Mapanare/mapanare/self/mnc-stage1)
==74937==    by 0x41FA94: lexer__scan_ident (in /mnt/c/Users/Juan/Documents/GitHub/Mapanare/mapanare/self/mnc-stage1)
==74937==    by 0x6A8921F: ???
==74937==    by 0x8000000000000000: ???
==74937==    by 0x6A733D7: ???
==74937==    by 0x15: ???
==74937==    by 0xF: ???
==74937==    by 0x6A7751F: ???
==74937==    by 0x8000000000000000: ???
==74937==    by 0x15: ???
==74937==    by 0x13F: ???
==74937== 
==74937== 3 bytes in 1 blocks are definitely lost in loss record 192 of 981
==74937==    at 0x484D953: calloc (in /usr/libexec/valgrind/vgpreload_memcheck-amd64-linux.so)
==74937==    by 0x723DE9: __mn_alloc (in /mnt/c/Users/Juan/Documents/GitHub/Mapanare/mapanare/self/mnc-stage1)
==74937==    by 0x7249CE: __mn_str_concat (in /mnt/c/Users/Juan/Documents/GitHub/Mapanare/mapanare/self/mnc-stage1)
==74937==    by 0x41FA94: lexer__scan_ident (in /mnt/c/Users/Juan/Documents/GitHub/Mapanare/mapanare/self/mnc-stage1)
==74937==    by 0x6A8971F: ???
==74937==    by 0x8000000000000000: ???
==74937==    by 0x6A733D7: ???
==74937==    by 0x1B: ???
==74937==    by 0xF: ???
==74937==    by 0x6A7751F: ???
==74937==    by 0x8000000000000000: ???
==74937==    by 0x1B: ???
==74937==    by 0x145: ???
==74937== 
==74937== 3 bytes in 1 blocks are definitely lost in loss record 193 of 981
==74937==    at 0x484D953: calloc (in /usr/libexec/valgrind/vgpreload_memcheck-amd64-linux.so)
==74937==    by 0x723DE9: __mn_alloc (in /mnt/c/Users/Juan/Documents/GitHub/Mapanare/mapanare/self/mnc-stage1)
==74937==    by 0x7249CE: __mn_str_concat (in /mnt/c/Users/Juan/Documents/GitHub/Mapanare/mapanare/self/mnc-stage1)
==74937==    by 0x41FA94: lexer__scan_ident (in /mnt/c/Users/Juan/Documents/GitHub/Mapanare/mapanare/self/mnc-stage1)
==74937==    by 0x6A8A7AF: ???
==74937==    by 0x8000000000000000: ???
==74937==    by 0x6A733D7: ???
==74937==    by 0xF: ???
==74937==    by 0x10: ???
==74937==    by 0x6A7751F: ???
==74937==    by 0x8000000000000000: ???
==74937==    by 0xF: ???
==74937==    by 0x15F: ???
==74937== 
==74937== 3 bytes in 1 blocks are definitely lost in loss record 194 of 981
==74937==    at 0x484D953: calloc (in /usr/libexec/valgrind/vgpreload_memcheck-amd64-linux.so)
==74937==    by 0x723DE9: __mn_alloc (in /mnt/c/Users/Juan/Documents/GitHub/Mapanare/mapanare/self/mnc-stage1)
==74937==    by 0x7249CE: __mn_str_concat (in /mnt/c/Users/Juan/Documents/GitHub/Mapanare/mapanare/self/mnc-stage1)
==74937==    by 0x4CE518: lower__bind_fn_params (in /mnt/c/Users/Juan/Documents/GitHub/Mapanare/mapanare/self/mnc-stage1)
==74937== 
==74937== 4 bytes in 1 blocks are indirectly lost in loss record 195 of 981
==74937==    at 0x484D953: calloc (in /usr/libexec/valgrind/vgpreload_memcheck-amd64-linux.so)
==74937==    by 0x723DE9: __mn_alloc (in /mnt/c/Users/Juan/Documents/GitHub/Mapanare/mapanare/self/mnc-stage1)
==74937==    by 0x7249CE: __mn_str_concat (in /mnt/c/Users/Juan/Documents/GitHub/Mapanare/mapanare/self/mnc-stage1)
==74937==    by 0x41FA94: lexer__scan_ident (in /mnt/c/Users/Juan/Documents/GitHub/Mapanare/mapanare/self/mnc-stage1)
==74937==    by 0x6A78A0F: ???
==74937==    by 0x8000000000000001: ???
==74937==    by 0x6A733D7: ???
==74937==    by 0x14: ???
==74937== 
==74937== 4 bytes in 1 blocks are indirectly lost in loss record 196 of 981
==74937==    at 0x484D953: calloc (in /usr/libexec/valgrind/vgpreload_memcheck-amd64-linux.so)
==74937==    by 0x723DE9: __mn_alloc (in /mnt/c/Users/Juan/Documents/GitHub/Mapanare/mapanare/self/mnc-stage1)
==74937==    by 0x7249CE: __mn_str_concat (in /mnt/c/Users/Juan/Documents/GitHub/Mapanare/mapanare/self/mnc-stage1)
==74937==    by 0x41FA94: lexer__scan_ident (in /mnt/c/Users/Juan/Documents/GitHub/Mapanare/mapanare/self/mnc-stage1)
==74937==    by 0x6A7994F: ???
==74937==    by 0x8000000000000001: ???
==74937==    by 0x6A733D7: ???
==74937==    by 0x23: ???
==74937== 
==74937== 4 bytes in 1 blocks are indirectly lost in loss record 197 of 981
==74937==    at 0x484D953: calloc (in /usr/libexec/valgrind/vgpreload_memcheck-amd64-linux.so)
==74937==    by 0x723DE9: __mn_alloc (in /mnt/c/Users/Juan/Documents/GitHub/Mapanare/mapanare/self/mnc-stage1)
==74937==    by 0x7249CE: __mn_str_concat (in /mnt/c/Users/Juan/Documents/GitHub/Mapanare/mapanare/self/mnc-stage1)
==74937==    by 0x41FA94: lexer__scan_ident (in /mnt/c/Users/Juan/Documents/GitHub/Mapanare/mapanare/self/mnc-stage1)
==74937==    by 0x6A7ED4F: ???
==74937==    by 0x8000000000000001: ???
==74937==    by 0x6A733D7: ???
==74937==    by 0x4: ???
==74937==    by 0x8: ???
==74937==    by 0x6A7751F: ???
==74937==    by 0x8000000000000000: ???
==74937==    by 0x4: ???
==74937==    by 0x7B: ???
==74937== 
==74937== 4 bytes in 1 blocks are indirectly lost in loss record 198 of 981
==74937==    at 0x484D953: calloc (in /usr/libexec/valgrind/vgpreload_memcheck-amd64-linux.so)
==74937==    by 0x723DE9: __mn_alloc (in /mnt/c/Users/Juan/Documents/GitHub/Mapanare/mapanare/self/mnc-stage1)
==74937==    by 0x7249CE: __mn_str_concat (in /mnt/c/Users/Juan/Documents/GitHub/Mapanare/mapanare/self/mnc-stage1)
==74937==    by 0x41FA94: lexer__scan_ident (in /mnt/c/Users/Juan/Documents/GitHub/Mapanare/mapanare/self/mnc-stage1)
==74937==    by 0x6A7F8DF: ???
==74937==    by 0x8000000000000001: ???
==74937==    by 0x6A733D7: ???
==74937==    by 0x12: ???
==74937==    by 0x8: ???
==74937==    by 0x6A7751F: ???
==74937==    by 0x8000000000000000: ???
==74937==    by 0x12: ???
==74937==    by 0x89: ???
==74937== 
==74937== 4 bytes in 1 blocks are indirectly lost in loss record 199 of 981
==74937==    at 0x484D953: calloc (in /usr/libexec/valgrind/vgpreload_memcheck-amd64-linux.so)
==74937==    by 0x723DE9: __mn_alloc (in /mnt/c/Users/Juan/Documents/GitHub/Mapanare/mapanare/self/mnc-stage1)
==74937==    by 0x7249CE: __mn_str_concat (in /mnt/c/Users/Juan/Documents/GitHub/Mapanare/mapanare/self/mnc-stage1)
==74937==    by 0x41FA94: lexer__scan_ident (in /mnt/c/Users/Juan/Documents/GitHub/Mapanare/mapanare/self/mnc-stage1)
==74937==    by 0x6A825DF: ???
==74937==    by 0x8000000000000001: ???
==74937==    by 0x6A733D7: ???
==74937==    by 0x1B: ???
==74937==    by 0xA: ???
==74937==    by 0x6A7751F: ???
==74937==    by 0x8000000000000000: ???
==74937==    by 0x1B: ???
==74937==    by 0xCB: ???
==74937== 
==74937== 4 bytes in 1 blocks are indirectly lost in loss record 200 of 981
==74937==    at 0x484D953: calloc (in /usr/libexec/valgrind/vgpreload_memcheck-amd64-linux.so)
==74937==    by 0x723DE9: __mn_alloc (in /mnt/c/Users/Juan/Documents/GitHub/Mapanare/mapanare/self/mnc-stage1)
==74937==    by 0x7249CE: __mn_str_concat (in /mnt/c/Users/Juan/Documents/GitHub/Mapanare/mapanare/self/mnc-stage1)
==74937==    by 0x41FA94: lexer__scan_ident (in /mnt/c/Users/Juan/Documents/GitHub/Mapanare/mapanare/self/mnc-stage1)
==74937==    by 0x6A8656F: ???
==74937==    by 0x8000000000000001: ???
==74937==    by 0x6A733D7: ???
==74937==    by 0x4: ???
==74937==    by 0xD: ???
==74937==    by 0x6A7751F: ???
==74937==    by 0x8000000000000000: ???
==74937==    by 0x4: ???
==74937==    by 0xFF: ???
==74937== 
==74937== 4 bytes in 1 blocks are indirectly lost in loss record 201 of 981
==74937==    at 0x484D953: calloc (in /usr/libexec/valgrind/vgpreload_memcheck-amd64-linux.so)
==74937==    by 0x723DE9: __mn_alloc (in /mnt/c/Users/Juan/Documents/GitHub/Mapanare/mapanare/self/mnc-stage1)
==74937==    by 0x7249CE: __mn_str_concat (in /mnt/c/Users/Juan/Documents/GitHub/Mapanare/mapanare/self/mnc-stage1)
==74937==    by 0x41FA94: lexer__scan_ident (in /mnt/c/Users/Juan/Documents/GitHub/Mapanare/mapanare/self/mnc-stage1)
==74937==    by 0x6A870FF: ???
==74937==    by 0x8000000000000001: ???
==74937==    by 0x6A733D7: ???
==74937==    by 0x12: ???
==74937==    by 0xD: ???
==74937==    by 0x6A7751F: ???
==74937==    by 0x8000000000000000: ???
==74937==    by 0x12: ???
==74937==    by 0x10D: ???
==74937== 
==74937== 4 bytes in 1 blocks are indirectly lost in loss record 202 of 981
==74937==    at 0x484D953: calloc (in /usr/libexec/valgrind/vgpreload_memcheck-amd64-linux.so)
==74937==    by 0x723DE9: __mn_alloc (in /mnt/c/Users/Juan/Documents/GitHub/Mapanare/mapanare/self/mnc-stage1)
==74937==    by 0x7249CE: __mn_str_concat (in /mnt/c/Users/Juan/Documents/GitHub/Mapanare/mapanare/self/mnc-stage1)
==74937==    by 0x41FA94: lexer__scan_ident (in /mnt/c/Users/Juan/Documents/GitHub/Mapanare/mapanare/self/mnc-stage1)
==74937==    by 0x6A897BF: ???
==74937==    by 0x8000000000000001: ???
==74937==    by 0x6A733D7: ???
==74937==    by 0x1B: ???
==74937==    by 0xF: ???
==74937==    by 0x6A7751F: ???
==74937==    by 0x8000000000000000: ???
==74937==    by 0x1B: ???
==74937==    by 0x145: ???
==74937== 
==74937== 4 bytes in 1 blocks are definitely lost in loss record 203 of 981
==74937==    at 0x484D953: calloc (in /usr/libexec/valgrind/vgpreload_memcheck-amd64-linux.so)
==74937==    by 0x723DE9: __mn_alloc (in /mnt/c/Users/Juan/Documents/GitHub/Mapanare/mapanare/self/mnc-stage1)
==74937==    by 0x7249CE: __mn_str_concat (in /mnt/c/Users/Juan/Documents/GitHub/Mapanare/mapanare/self/mnc-stage1)
==74937==    by 0x41FA94: lexer__scan_ident (in /mnt/c/Users/Juan/Documents/GitHub/Mapanare/mapanare/self/mnc-stage1)
==74937==    by 0x6A77D3F: ???
==74937==    by 0x8000000000000001: ???
==74937==    by 0x6A733D7: ???
==74937==    by 0x3: ???
==74937== 
==74937== 4 bytes in 1 blocks are definitely lost in loss record 204 of 981
==74937==    at 0x484D953: calloc (in /usr/libexec/valgrind/vgpreload_memcheck-amd64-linux.so)
==74937==    by 0x723DE9: __mn_alloc (in /mnt/c/Users/Juan/Documents/GitHub/Mapanare/mapanare/self/mnc-stage1)
==74937==    by 0x7249CE: __mn_str_concat (in /mnt/c/Users/Juan/Documents/GitHub/Mapanare/mapanare/self/mnc-stage1)
==74937==    by 0x41FA94: lexer__scan_ident (in /mnt/c/Users/Juan/Documents/GitHub/Mapanare/mapanare/self/mnc-stage1)
==74937==    by 0x6A78F5F: ???
==74937==    by 0x8000000000000001: ???
==74937==    by 0x6A733D7: ???
==74937==    by 0x1C: ???
==74937== 
==74937== 4 bytes in 1 blocks are definitely lost in loss record 205 of 981
==74937==    at 0x484D953: calloc (in /usr/libexec/valgrind/vgpreload_memcheck-amd64-linux.so)
==74937==    by 0x723DE9: __mn_alloc (in /mnt/c/Users/Juan/Documents/GitHub/Mapanare/mapanare/self/mnc-stage1)
==74937==    by 0x7249CE: __mn_str_concat (in /mnt/c/Users/Juan/Documents/GitHub/Mapanare/mapanare/self/mnc-stage1)
==74937==    by 0x41FA94: lexer__scan_ident (in /mnt/c/Users/Juan/Documents/GitHub/Mapanare/mapanare/self/mnc-stage1)
==74937==    by 0x6A7B40F: ???
==74937==    by 0x8000000000000001: ???
==74937==    by 0x6A733D7: ???
==74937==    by 0x8: ???
==74937==    by 0x2: ???
==74937==    by 0x6A7751F: ???
==74937==    by 0x8000000000000000: ???
==74937==    by 0x8: ???
==74937==    by 0x40: ???
==74937== 
==74937== 4 bytes in 1 blocks are definitely lost in loss record 206 of 981
==74937==    at 0x484D953: calloc (in /usr/libexec/valgrind/vgpreload_memcheck-amd64-linux.so)
==74937==    by 0x723DE9: __mn_alloc (in /mnt/c/Users/Juan/Documents/GitHub/Mapanare/mapanare/self/mnc-stage1)
==74937==    by 0x7249CE: __mn_str_concat (in /mnt/c/Users/Juan/Documents/GitHub/Mapanare/mapanare/self/mnc-stage1)
==74937==    by 0x41FA94: lexer__scan_ident (in /mnt/c/Users/Juan/Documents/GitHub/Mapanare/mapanare/self/mnc-stage1)
==74937==    by 0x6A7B90F: ???
==74937==    by 0x8000000000000001: ???
==74937==    by 0x6A733D7: ???
==74937==    by 0xF: ???
==74937==    by 0x2: ???
==74937==    by 0x6A7751F: ???
==74937==    by 0x8000000000000000: ???
==74937==    by 0xF: ???
==74937==    by 0x47: ???
==74937== 
==74937== 4 bytes in 1 blocks are definitely lost in loss record 207 of 981
==74937==    at 0x484D953: calloc (in /usr/libexec/valgrind/vgpreload_memcheck-amd64-linux.so)
==74937==    by 0x723DE9: __mn_alloc (in /mnt/c/Users/Juan/Documents/GitHub/Mapanare/mapanare/self/mnc-stage1)
==74937==    by 0x7249CE: __mn_str_concat (in /mnt/c/Users/Juan/Documents/GitHub/Mapanare/mapanare/self/mnc-stage1)
==74937==    by 0x41FA94: lexer__scan_ident (in /mnt/c/Users/Juan/Documents/GitHub/Mapanare/mapanare/self/mnc-stage1)
==74937==    by 0x6A7C3FF: ???
==74937==    by 0x8000000000000001: ???
==74937==    by 0x6A733D7: ???
==74937==    by 0x4: ???
==74937==    by 0x4: ???
==74937==    by 0x6A7751F: ???
==74937==    by 0x8000000000000000: ???
==74937==    by 0x4: ???
==74937==    by 0x59: ???
==74937== 
==74937== 4 bytes in 1 blocks are definitely lost in loss record 208 of 981
==74937==    at 0x484D953: calloc (in /usr/libexec/valgrind/vgpreload_memcheck-amd64-linux.so)
==74937==    by 0x723DE9: __mn_alloc (in /mnt/c/Users/Juan/Documents/GitHub/Mapanare/mapanare/self/mnc-stage1)
==74937==    by 0x7249CE: __mn_str_concat (in /mnt/c/Users/Juan/Documents/GitHub/Mapanare/mapanare/self/mnc-stage1)
==74937==    by 0x41FA94: lexer__scan_ident (in /mnt/c/Users/Juan/Documents/GitHub/Mapanare/mapanare/self/mnc-stage1)
==74937==    by 0x6A7C8FF: ???
==74937==    by 0x8000000000000001: ???
==74937==    by 0x6A733D7: ???
==74937==    by 0xB: ???
==74937==    by 0x4: ???
==74937==    by 0x6A7751F: ???
==74937==    by 0x8000000000000000: ???
==74937==    by 0xB: ???
==74937==    by 0x60: ???
==74937== 
==74937== 4 bytes in 1 blocks are definitely lost in loss record 209 of 981
==74937==    at 0x484D953: calloc (in /usr/libexec/valgrind/vgpreload_memcheck-amd64-linux.so)
==74937==    by 0x723DE9: __mn_alloc (in /mnt/c/Users/Juan/Documents/GitHub/Mapanare/mapanare/self/mnc-stage1)
==74937==    by 0x7249CE: __mn_str_concat (in /mnt/c/Users/Juan/Documents/GitHub/Mapanare/mapanare/self/mnc-stage1)
==74937==    by 0x41FA94: lexer__scan_ident (in /mnt/c/Users/Juan/Documents/GitHub/Mapanare/mapanare/self/mnc-stage1)
==74937==    by 0x6A7D4DF: ???
==74937==    by 0x8000000000000001: ???
==74937==    by 0x6A733D7: ???
==74937==    by 0x3: ???
==74937==    by 0x7: ???
==74937==    by 0x6A7751F: ???
==74937==    by 0x8000000000000000: ???
==74937==    by 0x3: ???
==74937==    by 0x6E: ???
==74937== 
==74937== 4 bytes in 1 blocks are definitely lost in loss record 210 of 981
==74937==    at 0x484D953: calloc (in /usr/libexec/valgrind/vgpreload_memcheck-amd64-linux.so)
==74937==    by 0x723DE9: __mn_alloc (in /mnt/c/Users/Juan/Documents/GitHub/Mapanare/mapanare/self/mnc-stage1)
==74937==    by 0x7249CE: __mn_str_concat (in /mnt/c/Users/Juan/Documents/GitHub/Mapanare/mapanare/self/mnc-stage1)
==74937==    by 0x41FA94: lexer__scan_ident (in /mnt/c/Users/Juan/Documents/GitHub/Mapanare/mapanare/self/mnc-stage1)
==74937==    by 0x6A7F33F: ???
==74937==    by 0x8000000000000001: ???
==74937==    by 0x6A733D7: ???
==74937==    by 0xB: ???
==74937==    by 0x8: ???
==74937==    by 0x6A7751F: ???
==74937==    by 0x8000000000000000: ???
==74937==    by 0xB: ???
==74937==    by 0x82: ???
==74937== 
==74937== 4 bytes in 1 blocks are definitely lost in loss record 211 of 981
==74937==    at 0x484D953: calloc (in /usr/libexec/valgrind/vgpreload_memcheck-amd64-linux.so)
==74937==    by 0x723DE9: __mn_alloc (in /mnt/c/Users/Juan/Documents/GitHub/Mapanare/mapanare/self/mnc-stage1)
==74937==    by 0x7249CE: __mn_str_concat (in /mnt/c/Users/Juan/Documents/GitHub/Mapanare/mapanare/self/mnc-stage1)
==74937==    by 0x41FA94: lexer__scan_ident (in /mnt/c/Users/Juan/Documents/GitHub/Mapanare/mapanare/self/mnc-stage1)
==74937==    by 0x6A7FE2F: ???
==74937==    by 0x8000000000000001: ???
==74937==    by 0x6A733D7: ???
==74937==    by 0x19: ???
==74937==    by 0x8: ???
==74937==    by 0x6A7751F: ???
==74937==    by 0x8000000000000000: ???
==74937==    by 0x19: ???
==74937==    by 0x90: ???
==74937== 
==74937== 4 bytes in 1 blocks are definitely lost in loss record 212 of 981
==74937==    at 0x484D953: calloc (in /usr/libexec/valgrind/vgpreload_memcheck-amd64-linux.so)
==74937==    by 0x723DE9: __mn_alloc (in /mnt/c/Users/Juan/Documents/GitHub/Mapanare/mapanare/self/mnc-stage1)
==74937==    by 0x7249CE: __mn_str_concat (in /mnt/c/Users/Juan/Documents/GitHub/Mapanare/mapanare/self/mnc-stage1)
==74937==    by 0x41FA94: lexer__scan_ident (in /mnt/c/Users/Juan/Documents/GitHub/Mapanare/mapanare/self/mnc-stage1)
==74937==    by 0x6A80D2F: ???
==74937==    by 0x8000000000000001: ???
==74937==    by 0x6A733D7: ???
==74937==    by 0x4: ???
==74937==    by 0x9: ???
==74937==    by 0x6A7751F: ???
==74937==    by 0x8000000000000000: ???
==74937==    by 0x4: ???
==74937==    by 0xA6: ???
==74937== 
==74937== 4 bytes in 1 blocks are definitely lost in loss record 213 of 981
==74937==    at 0x484D953: calloc (in /usr/libexec/valgrind/vgpreload_memcheck-amd64-linux.so)
==74937==    by 0x723DE9: __mn_alloc (in /mnt/c/Users/Juan/Documents/GitHub/Mapanare/mapanare/self/mnc-stage1)
==74937==    by 0x7249CE: __mn_str_concat (in /mnt/c/Users/Juan/Documents/GitHub/Mapanare/mapanare/self/mnc-stage1)
==74937==    by 0x41FA94: lexer__scan_ident (in /mnt/c/Users/Juan/Documents/GitHub/Mapanare/mapanare/self/mnc-stage1)
==74937==    by 0x6A8172F: ???
==74937==    by 0x8000000000000001: ???
==74937==    by 0x6A733D7: ???
==74937==    by 0x8: ???
==74937==    by 0xA: ???
==74937==    by 0x6A7751F: ???
==74937==    by 0x8000000000000000: ???
==74937==    by 0x8: ???
==74937==    by 0xB8: ???
==74937== 
==74937== 4 bytes in 1 blocks are definitely lost in loss record 214 of 981
==74937==    at 0x484D953: calloc (in /usr/libexec/valgrind/vgpreload_memcheck-amd64-linux.so)
==74937==    by 0x723DE9: __mn_alloc (in /mnt/c/Users/Juan/Documents/GitHub/Mapanare/mapanare/self/mnc-stage1)
==74937==    by 0x7249CE: __mn_str_concat (in /mnt/c/Users/Juan/Documents/GitHub/Mapanare/mapanare/self/mnc-stage1)
==74937==    by 0x41FA94: lexer__scan_ident (in /mnt/c/Users/Juan/Documents/GitHub/Mapanare/mapanare/self/mnc-stage1)
==74937==    by 0x6A820DF: ???
==74937==    by 0x8000000000000001: ???
==74937==    by 0x6A733D7: ???
==74937==    by 0x15: ???
==74937==    by 0xA: ???
==74937==    by 0x6A7751F: ???
==74937==    by 0x8000000000000000: ???
==74937==    by 0x15: ???
==74937==    by 0xC5: ???
==74937== 
==74937== 4 bytes in 1 blocks are definitely lost in loss record 215 of 981
==74937==    at 0x484D953: calloc (in /usr/libexec/valgrind/vgpreload_memcheck-amd64-linux.so)
==74937==    by 0x723DE9: __mn_alloc (in /mnt/c/Users/Juan/Documents/GitHub/Mapanare/mapanare/self/mnc-stage1)
==74937==    by 0x7249CE: __mn_str_concat (in /mnt/c/Users/Juan/Documents/GitHub/Mapanare/mapanare/self/mnc-stage1)
==74937==    by 0x41FA94: lexer__scan_ident (in /mnt/c/Users/Juan/Documents/GitHub/Mapanare/mapanare/self/mnc-stage1)
==74937==    by 0x6A856BF: ???
==74937==    by 0x8000000000000001: ???
==74937==    by 0x6A733D7: ???
==74937==    by 0xF: ???
==74937==    by 0xB: ???
==74937==    by 0x6A7751F: ???
==74937==    by 0x8000000000000000: ???
==74937==    by 0xF: ???
==74937==    by 0xE5: ???
==74937== 
==74937== 4 bytes in 1 blocks are definitely lost in loss record 216 of 981
==74937==    at 0x484D953: calloc (in /usr/libexec/valgrind/vgpreload_memcheck-amd64-linux.so)
==74937==    by 0x723DE9: __mn_alloc (in /mnt/c/Users/Juan/Documents/GitHub/Mapanare/mapanare/self/mnc-stage1)
==74937==    by 0x7249CE: __mn_str_concat (in /mnt/c/Users/Juan/Documents/GitHub/Mapanare/mapanare/self/mnc-stage1)
==74937==    by 0x41FA94: lexer__scan_ident (in /mnt/c/Users/Juan/Documents/GitHub/Mapanare/mapanare/self/mnc-stage1)
==74937==    by 0x6A86B5F: ???
==74937==    by 0x8000000000000001: ???
==74937==    by 0x6A733D7: ???
==74937==    by 0xB: ???
==74937==    by 0xD: ???
==74937==    by 0x6A7751F: ???
==74937==    by 0x8000000000000000: ???
==74937==    by 0xB: ???
==74937==    by 0x106: ???
==74937== 
==74937== 4 bytes in 1 blocks are definitely lost in loss record 217 of 981
==74937==    at 0x484D953: calloc (in /usr/libexec/valgrind/vgpreload_memcheck-amd64-linux.so)
==74937==    by 0x723DE9: __mn_alloc (in /mnt/c/Users/Juan/Documents/GitHub/Mapanare/mapanare/self/mnc-stage1)
==74937==    by 0x7249CE: __mn_str_concat (in /mnt/c/Users/Juan/Documents/GitHub/Mapanare/mapanare/self/mnc-stage1)
==74937==    by 0x41FA94: lexer__scan_ident (in /mnt/c/Users/Juan/Documents/GitHub/Mapanare/mapanare/self/mnc-stage1)
==74937==    by 0x6A8764F: ???
==74937==    by 0x8000000000000001: ???
==74937==    by 0x6A733D7: ???
==74937==    by 0x19: ???
==74937==    by 0xD: ???
==74937==    by 0x6A7751F: ???
==74937==    by 0x8000000000000000: ???
==74937==    by 0x19: ???
==74937==    by 0x114: ???
==74937== 
==74937== 4 bytes in 1 blocks are definitely lost in loss record 218 of 981
==74937==    at 0x484D953: calloc (in /usr/libexec/valgrind/vgpreload_memcheck-amd64-linux.so)
==74937==    by 0x723DE9: __mn_alloc (in /mnt/c/Users/Juan/Documents/GitHub/Mapanare/mapanare/self/mnc-stage1)
==74937==    by 0x7249CE: __mn_str_concat (in /mnt/c/Users/Juan/Documents/GitHub/Mapanare/mapanare/self/mnc-stage1)
==74937==    by 0x41FA94: lexer__scan_ident (in /mnt/c/Users/Juan/Documents/GitHub/Mapanare/mapanare/self/mnc-stage1)
==74937==    by 0x6A87F0F: ???
==74937==    by 0x8000000000000001: ???
==74937==    by 0x6A733D7: ???
==74937==    by 0x4: ???
==74937==    by 0xE: ???
==74937==    by 0x6A7751F: ???
==74937==    by 0x8000000000000000: ???
==74937==    by 0x4: ???
==74937==    by 0x120: ???
==74937== 
==74937== 4 bytes in 1 blocks are definitely lost in loss record 219 of 981
==74937==    at 0x484D953: calloc (in /usr/libexec/valgrind/vgpreload_memcheck-amd64-linux.so)
==74937==    by 0x723DE9: __mn_alloc (in /mnt/c/Users/Juan/Documents/GitHub/Mapanare/mapanare/self/mnc-stage1)
==74937==    by 0x7249CE: __mn_str_concat (in /mnt/c/Users/Juan/Documents/GitHub/Mapanare/mapanare/self/mnc-stage1)
==74937==    by 0x41FA94: lexer__scan_ident (in /mnt/c/Users/Juan/Documents/GitHub/Mapanare/mapanare/self/mnc-stage1)
==74937==    by 0x6A8890F: ???
==74937==    by 0x8000000000000001: ???
==74937==    by 0x6A733D7: ???
==74937==    by 0x8: ???
==74937==    by 0xF: ???
==74937==    by 0x6A7751F: ???
==74937==    by 0x8000000000000000: ???
==74937==    by 0x8: ???
==74937==    by 0x132: ???
==74937== 
==74937== 4 bytes in 1 blocks are definitely lost in loss record 220 of 981
==74937==    at 0x484D953: calloc (in /usr/libexec/valgrind/vgpreload_memcheck-amd64-linux.so)
==74937==    by 0x723DE9: __mn_alloc (in /mnt/c/Users/Juan/Documents/GitHub/Mapanare/mapanare/self/mnc-stage1)
==74937==    by 0x7249CE: __mn_str_concat (in /mnt/c/Users/Juan/Documents/GitHub/Mapanare/mapanare/self/mnc-stage1)
==74937==    by 0x41FA94: lexer__scan_ident (in /mnt/c/Users/Juan/Documents/GitHub/Mapanare/mapanare/self/mnc-stage1)
==74937==    by 0x6A892BF: ???
==74937==    by 0x8000000000000001: ???
==74937==    by 0x6A733D7: ???
==74937==    by 0x15: ???
==74937==    by 0xF: ???
==74937==    by 0x6A7751F: ???
==74937==    by 0x8000000000000000: ???
==74937==    by 0x15: ???
==74937==    by 0x13F: ???
==74937== 
==74937== 4 bytes in 1 blocks are definitely lost in loss record 221 of 981
==74937==    at 0x484D953: calloc (in /usr/libexec/valgrind/vgpreload_memcheck-amd64-linux.so)
==74937==    by 0x723DE9: __mn_alloc (in /mnt/c/Users/Juan/Documents/GitHub/Mapanare/mapanare/self/mnc-stage1)
==74937==    by 0x7249CE: __mn_str_concat (in /mnt/c/Users/Juan/Documents/GitHub/Mapanare/mapanare/self/mnc-stage1)
==74937==    by 0x41FA94: lexer__scan_ident (in /mnt/c/Users/Juan/Documents/GitHub/Mapanare/mapanare/self/mnc-stage1)
==74937==    by 0x6A8A84F: ???
==74937==    by 0x8000000000000001: ???
==74937==    by 0x6A733D7: ???
==74937==    by 0xF: ???
==74937==    by 0x10: ???
==74937==    by 0x6A7751F: ???
==74937==    by 0x8000000000000000: ???
==74937==    by 0xF: ???
==74937==    by 0x15F: ???
==74937== 
==74937== 4 bytes in 1 blocks are definitely lost in loss record 222 of 981
==74937==    at 0x484D953: calloc (in /usr/libexec/valgrind/vgpreload_memcheck-amd64-linux.so)
==74937==    by 0x723DE9: __mn_alloc (in /mnt/c/Users/Juan/Documents/GitHub/Mapanare/mapanare/self/mnc-stage1)
==74937==    by 0x7245AB: __mn_str_from_parts (in /mnt/c/Users/Juan/Documents/GitHub/Mapanare/mapanare/self/mnc-stage1)
==74937==    by 0x413E5E: file_extension (in /mnt/c/Users/Juan/Documents/GitHub/Mapanare/mapanare/self/mnc-stage1)
==74937==    by 0x800000000000000B: ???
==74937== 
==74937== 4 bytes in 2 blocks are definitely lost in loss record 223 of 981
==74937==    at 0x484D953: calloc (in /usr/libexec/valgrind/vgpreload_memcheck-amd64-linux.so)
==74937==    by 0x723DE9: __mn_alloc (in /mnt/c/Users/Juan/Documents/GitHub/Mapanare/mapanare/self/mnc-stage1)
==74937==    by 0x7245AB: __mn_str_from_parts (in /mnt/c/Users/Juan/Documents/GitHub/Mapanare/mapanare/self/mnc-stage1)
==74937==    by 0x4208EB: lexer__scan_string (in /mnt/c/Users/Juan/Documents/GitHub/Mapanare/mapanare/self/mnc-stage1)
==74937== 
==74937== 4 bytes in 2 blocks are definitely lost in loss record 224 of 981
==74937==    at 0x484D953: calloc (in /usr/libexec/valgrind/vgpreload_memcheck-amd64-linux.so)
==74937==    by 0x723DE9: __mn_alloc (in /mnt/c/Users/Juan/Documents/GitHub/Mapanare/mapanare/self/mnc-stage1)
==74937==    by 0x7245AB: __mn_str_from_parts (in /mnt/c/Users/Juan/Documents/GitHub/Mapanare/mapanare/self/mnc-stage1)
==74937==    by 0x431688: parser__has_interpolation (in /mnt/c/Users/Juan/Documents/GitHub/Mapanare/mapanare/self/mnc-stage1)
==74937==    by 0x7F: ???
==74937==    by 0x3F: ???
==74937== 
==74937== 4 bytes in 2 blocks are definitely lost in loss record 225 of 981
==74937==    at 0x484D953: calloc (in /usr/libexec/valgrind/vgpreload_memcheck-amd64-linux.so)
==74937==    by 0x723DE9: __mn_alloc (in /mnt/c/Users/Juan/Documents/GitHub/Mapanare/mapanare/self/mnc-stage1)
==74937==    by 0x7245AB: __mn_str_from_parts (in /mnt/c/Users/Juan/Documents/GitHub/Mapanare/mapanare/self/mnc-stage1)
==74937==    by 0x413E27: file_extension (in /mnt/c/Users/Juan/Documents/GitHub/Mapanare/mapanare/self/mnc-stage1)
==74937==    by 0x800000000000000B: ???
==74937== 
==74937== 5 bytes in 1 blocks are indirectly lost in loss record 226 of 981
==74937==    at 0x484D953: calloc (in /usr/libexec/valgrind/vgpreload_memcheck-amd64-linux.so)
==74937==    by 0x723DE9: __mn_alloc (in /mnt/c/Users/Juan/Documents/GitHub/Mapanare/mapanare/self/mnc-stage1)
==74937==    by 0x7249CE: __mn_str_concat (in /mnt/c/Users/Juan/Documents/GitHub/Mapanare/mapanare/self/mnc-stage1)
==74937==    by 0x41FA94: lexer__scan_ident (in /mnt/c/Users/Juan/Documents/GitHub/Mapanare/mapanare/self/mnc-stage1)
==74937==    by 0x6A7B9AF: ???
==74937==    by 0x8000000000000002: ???
==74937==    by 0x6A733D7: ???
==74937==    by 0xF: ???
==74937==    by 0x2: ???
==74937==    by 0x6A7751F: ???
==74937==    by 0x8000000000000000: ???
==74937==    by 0xF: ???
==74937==    by 0x47: ???
==74937== 
==74937== 5 bytes in 1 blocks are indirectly lost in loss record 227 of 981
==74937==    at 0x484D953: calloc (in /usr/libexec/valgrind/vgpreload_memcheck-amd64-linux.so)
==74937==    by 0x723DE9: __mn_alloc (in /mnt/c/Users/Juan/Documents/GitHub/Mapanare/mapanare/self/mnc-stage1)
==74937==    by 0x7249CE: __mn_str_concat (in /mnt/c/Users/Juan/Documents/GitHub/Mapanare/mapanare/self/mnc-stage1)
==74937==    by 0x41FA94: lexer__scan_ident (in /mnt/c/Users/Juan/Documents/GitHub/Mapanare/mapanare/self/mnc-stage1)
==74937==    by 0x6A7C99F: ???
==74937==    by 0x8000000000000002: ???
==74937==    by 0x6A733D7: ???
==74937==    by 0xB: ???
==74937==    by 0x4: ???
==74937==    by 0x6A7751F: ???
==74937==    by 0x8000000000000000: ???
==74937==    by 0xB: ???
==74937==    by 0x60: ???
==74937== 
==74937== 5 bytes in 1 blocks are indirectly lost in loss record 228 of 981
==74937==    at 0x484D953: calloc (in /usr/libexec/valgrind/vgpreload_memcheck-amd64-linux.so)
==74937==    by 0x723DE9: __mn_alloc (in /mnt/c/Users/Juan/Documents/GitHub/Mapanare/mapanare/self/mnc-stage1)
==74937==    by 0x7249CE: __mn_str_concat (in /mnt/c/Users/Juan/Documents/GitHub/Mapanare/mapanare/self/mnc-stage1)
==74937==    by 0x41FA94: lexer__scan_ident (in /mnt/c/Users/Juan/Documents/GitHub/Mapanare/mapanare/self/mnc-stage1)
==74937==    by 0x6A7D57F: ???
==74937==    by 0x8000000000000002: ???
==74937==    by 0x6A733D7: ???
==74937==    by 0x3: ???
==74937==    by 0x7: ???
==74937==    by 0x6A7751F: ???
==74937==    by 0x8000000000000000: ???
==74937==    by 0x3: ???
==74937==    by 0x6E: ???
==74937== 
==74937== 5 bytes in 1 blocks are indirectly lost in loss record 229 of 981
==74937==    at 0x484D953: calloc (in /usr/libexec/valgrind/vgpreload_memcheck-amd64-linux.so)
==74937==    by 0x723DE9: __mn_alloc (in /mnt/c/Users/Juan/Documents/GitHub/Mapanare/mapanare/self/mnc-stage1)
==74937==    by 0x7249CE: __mn_str_concat (in /mnt/c/Users/Juan/Documents/GitHub/Mapanare/mapanare/self/mnc-stage1)
==74937==    by 0x41FA94: lexer__scan_ident (in /mnt/c/Users/Juan/Documents/GitHub/Mapanare/mapanare/self/mnc-stage1)
==74937==    by 0x6A817CF: ???
==74937==    by 0x8000000000000002: ???
==74937==    by 0x6A733D7: ???
==74937==    by 0x8: ???
==74937==    by 0xA: ???
==74937==    by 0x6A7751F: ???
==74937==    by 0x8000000000000000: ???
==74937==    by 0x8: ???
==74937==    by 0xB8: ???
==74937== 
==74937== 5 bytes in 1 blocks are indirectly lost in loss record 230 of 981
==74937==    at 0x484D953: calloc (in /usr/libexec/valgrind/vgpreload_memcheck-amd64-linux.so)
==74937==    by 0x723DE9: __mn_alloc (in /mnt/c/Users/Juan/Documents/GitHub/Mapanare/mapanare/self/mnc-stage1)
==74937==    by 0x7249CE: __mn_str_concat (in /mnt/c/Users/Juan/Documents/GitHub/Mapanare/mapanare/self/mnc-stage1)
==74937==    by 0x41FA94: lexer__scan_ident (in /mnt/c/Users/Juan/Documents/GitHub/Mapanare/mapanare/self/mnc-stage1)
==74937==    by 0x6A876EF: ???
==74937==    by 0x8000000000000002: ???
==74937==    by 0x6A733D7: ???
==74937==    by 0x19: ???
==74937==    by 0xD: ???
==74937==    by 0x6A7751F: ???
==74937==    by 0x8000000000000000: ???
==74937==    by 0x19: ???
==74937==    by 0x114: ???
==74937== 
==74937== 5 bytes in 1 blocks are indirectly lost in loss record 231 of 981
==74937==    at 0x484D953: calloc (in /usr/libexec/valgrind/vgpreload_memcheck-amd64-linux.so)
==74937==    by 0x723DE9: __mn_alloc (in /mnt/c/Users/Juan/Documents/GitHub/Mapanare/mapanare/self/mnc-stage1)
==74937==    by 0x7249CE: __mn_str_concat (in /mnt/c/Users/Juan/Documents/GitHub/Mapanare/mapanare/self/mnc-stage1)
==74937==    by 0x41FA94: lexer__scan_ident (in /mnt/c/Users/Juan/Documents/GitHub/Mapanare/mapanare/self/mnc-stage1)
==74937==    by 0x6A889AF: ???
==74937==    by 0x8000000000000002: ???
==74937==    by 0x6A733D7: ???
==74937==    by 0x8: ???
==74937==    by 0xF: ???
==74937==    by 0x6A7751F: ???
==74937==    by 0x8000000000000000: ???
==74937==    by 0x8: ???
==74937==    by 0x132: ???
==74937== 
==74937== 5 bytes in 1 blocks are definitely lost in loss record 232 of 981
==74937==    at 0x484D953: calloc (in /usr/libexec/valgrind/vgpreload_memcheck-amd64-linux.so)
==74937==    by 0x723DE9: __mn_alloc (in /mnt/c/Users/Juan/Documents/GitHub/Mapanare/mapanare/self/mnc-stage1)
==74937==    by 0x7249CE: __mn_str_concat (in /mnt/c/Users/Juan/Documents/GitHub/Mapanare/mapanare/self/mnc-stage1)
==74937==    by 0x41FA94: lexer__scan_ident (in /mnt/c/Users/Juan/Documents/GitHub/Mapanare/mapanare/self/mnc-stage1)
==74937==    by 0x6A77DDF: ???
==74937==    by 0x8000000000000002: ???
==74937==    by 0x6A733D7: ???
==74937==    by 0x3: ???
==74937== 
==74937== 5 bytes in 1 blocks are definitely lost in loss record 233 of 981
==74937==    at 0x484D953: calloc (in /usr/libexec/valgrind/vgpreload_memcheck-amd64-linux.so)
==74937==    by 0x723DE9: __mn_alloc (in /mnt/c/Users/Juan/Documents/GitHub/Mapanare/mapanare/self/mnc-stage1)
==74937==    by 0x7249CE: __mn_str_concat (in /mnt/c/Users/Juan/Documents/GitHub/Mapanare/mapanare/self/mnc-stage1)
==74937==    by 0x41FA94: lexer__scan_ident (in /mnt/c/Users/Juan/Documents/GitHub/Mapanare/mapanare/self/mnc-stage1)
==74937==    by 0x6A78FFF: ???
==74937==    by 0x8000000000000002: ???
==74937==    by 0x6A733D7: ???
==74937==    by 0x1C: ???
==74937== 
==74937== 5 bytes in 1 blocks are definitely lost in loss record 234 of 981
==74937==    at 0x484D953: calloc (in /usr/libexec/valgrind/vgpreload_memcheck-amd64-linux.so)
==74937==    by 0x723DE9: __mn_alloc (in /mnt/c/Users/Juan/Documents/GitHub/Mapanare/mapanare/self/mnc-stage1)
==74937==    by 0x7249CE: __mn_str_concat (in /mnt/c/Users/Juan/Documents/GitHub/Mapanare/mapanare/self/mnc-stage1)
==74937==    by 0x41FA94: lexer__scan_ident (in /mnt/c/Users/Juan/Documents/GitHub/Mapanare/mapanare/self/mnc-stage1)
==74937==    by 0x6A7B4AF: ???
==74937==    by 0x8000000000000002: ???
==74937==    by 0x6A733D7: ???
==74937==    by 0x8: ???
==74937==    by 0x2: ???
==74937==    by 0x6A7751F: ???
==74937==    by 0x8000000000000000: ???
==74937==    by 0x8: ???
==74937==    by 0x40: ???
==74937== 
==74937== 5 bytes in 1 blocks are definitely lost in loss record 235 of 981
==74937==    at 0x484D953: calloc (in /usr/libexec/valgrind/vgpreload_memcheck-amd64-linux.so)
==74937==    by 0x723DE9: __mn_alloc (in /mnt/c/Users/Juan/Documents/GitHub/Mapanare/mapanare/self/mnc-stage1)
==74937==    by 0x7249CE: __mn_str_concat (in /mnt/c/Users/Juan/Documents/GitHub/Mapanare/mapanare/self/mnc-stage1)
==74937==    by 0x41FA94: lexer__scan_ident (in /mnt/c/Users/Juan/Documents/GitHub/Mapanare/mapanare/self/mnc-stage1)
==74937==    by 0x6A7C49F: ???
==74937==    by 0x8000000000000002: ???
==74937==    by 0x6A733D7: ???
==74937==    by 0x4: ???
==74937==    by 0x4: ???
==74937==    by 0x6A7751F: ???
==74937==    by 0x8000000000000000: ???
==74937==    by 0x4: ???
==74937==    by 0x59: ???
==74937== 
==74937== 5 bytes in 1 blocks are definitely lost in loss record 236 of 981
==74937==    at 0x484D953: calloc (in /usr/libexec/valgrind/vgpreload_memcheck-amd64-linux.so)
==74937==    by 0x723DE9: __mn_alloc (in /mnt/c/Users/Juan/Documents/GitHub/Mapanare/mapanare/self/mnc-stage1)
==74937==    by 0x7249CE: __mn_str_concat (in /mnt/c/Users/Juan/Documents/GitHub/Mapanare/mapanare/self/mnc-stage1)
==74937==    by 0x41FA94: lexer__scan_ident (in /mnt/c/Users/Juan/Documents/GitHub/Mapanare/mapanare/self/mnc-stage1)
==74937==    by 0x6A7F3DF: ???
==74937==    by 0x8000000000000002: ???
==74937==    by 0x6A733D7: ???
==74937==    by 0xB: ???
==74937==    by 0x8: ???
==74937==    by 0x6A7751F: ???
==74937==    by 0x8000000000000000: ???
==74937==    by 0xB: ???
==74937==    by 0x82: ???
==74937== 
==74937== 5 bytes in 1 blocks are definitely lost in loss record 237 of 981
==74937==    at 0x484D953: calloc (in /usr/libexec/valgrind/vgpreload_memcheck-amd64-linux.so)
==74937==    by 0x723DE9: __mn_alloc (in /mnt/c/Users/Juan/Documents/GitHub/Mapanare/mapanare/self/mnc-stage1)
==74937==    by 0x7249CE: __mn_str_concat (in /mnt/c/Users/Juan/Documents/GitHub/Mapanare/mapanare/self/mnc-stage1)
==74937==    by 0x41FA94: lexer__scan_ident (in /mnt/c/Users/Juan/Documents/GitHub/Mapanare/mapanare/self/mnc-stage1)
==74937==    by 0x6A7FECF: ???
==74937==    by 0x8000000000000002: ???
==74937==    by 0x6A733D7: ???
==74937==    by 0x19: ???
==74937==    by 0x8: ???
==74937==    by 0x6A7751F: ???
==74937==    by 0x8000000000000000: ???
==74937==    by 0x19: ???
==74937==    by 0x90: ???
==74937== 
==74937== 5 bytes in 1 blocks are definitely lost in loss record 238 of 981
==74937==    at 0x484D953: calloc (in /usr/libexec/valgrind/vgpreload_memcheck-amd64-linux.so)
==74937==    by 0x723DE9: __mn_alloc (in /mnt/c/Users/Juan/Documents/GitHub/Mapanare/mapanare/self/mnc-stage1)
==74937==    by 0x7249CE: __mn_str_concat (in /mnt/c/Users/Juan/Documents/GitHub/Mapanare/mapanare/self/mnc-stage1)
==74937==    by 0x41FA94: lexer__scan_ident (in /mnt/c/Users/Juan/Documents/GitHub/Mapanare/mapanare/self/mnc-stage1)
==74937==    by 0x6A80DCF: ???
==74937==    by 0x8000000000000002: ???
==74937==    by 0x6A733D7: ???
==74937==    by 0x4: ???
==74937==    by 0x9: ???
==74937==    by 0x6A7751F: ???
==74937==    by 0x8000000000000000: ???
==74937==    by 0x4: ???
==74937==    by 0xA6: ???
==74937== 
==74937== 5 bytes in 1 blocks are definitely lost in loss record 239 of 981
==74937==    at 0x484D953: calloc (in /usr/libexec/valgrind/vgpreload_memcheck-amd64-linux.so)
==74937==    by 0x723DE9: __mn_alloc (in /mnt/c/Users/Juan/Documents/GitHub/Mapanare/mapanare/self/mnc-stage1)
==74937==    by 0x7249CE: __mn_str_concat (in /mnt/c/Users/Juan/Documents/GitHub/Mapanare/mapanare/self/mnc-stage1)
==74937==    by 0x41FA94: lexer__scan_ident (in /mnt/c/Users/Juan/Documents/GitHub/Mapanare/mapanare/self/mnc-stage1)
==74937==    by 0x6A8217F: ???
==74937==    by 0x8000000000000002: ???
==74937==    by 0x6A733D7: ???
==74937==    by 0x15: ???
==74937==    by 0xA: ???
==74937==    by 0x6A7751F: ???
==74937==    by 0x8000000000000000: ???
==74937==    by 0x15: ???
==74937==    by 0xC5: ???
==74937== 
==74937== 5 bytes in 1 blocks are definitely lost in loss record 240 of 981
==74937==    at 0x484D953: calloc (in /usr/libexec/valgrind/vgpreload_memcheck-amd64-linux.so)
==74937==    by 0x723DE9: __mn_alloc (in /mnt/c/Users/Juan/Documents/GitHub/Mapanare/mapanare/self/mnc-stage1)
==74937==    by 0x7249CE: __mn_str_concat (in /mnt/c/Users/Juan/Documents/GitHub/Mapanare/mapanare/self/mnc-stage1)
==74937==    by 0x41FA94: lexer__scan_ident (in /mnt/c/Users/Juan/Documents/GitHub/Mapanare/mapanare/self/mnc-stage1)
==74937==    by 0x6A8575F: ???
==74937==    by 0x8000000000000002: ???
==74937==    by 0x6A733D7: ???
==74937==    by 0xF: ???
==74937==    by 0xB: ???
==74937==    by 0x6A7751F: ???
==74937==    by 0x8000000000000000: ???
==74937==    by 0xF: ???
==74937==    by 0xE5: ???
==74937== 
==74937== 5 bytes in 1 blocks are definitely lost in loss record 241 of 981
==74937==    at 0x484D953: calloc (in /usr/libexec/valgrind/vgpreload_memcheck-amd64-linux.so)
==74937==    by 0x723DE9: __mn_alloc (in /mnt/c/Users/Juan/Documents/GitHub/Mapanare/mapanare/self/mnc-stage1)
==74937==    by 0x7249CE: __mn_str_concat (in /mnt/c/Users/Juan/Documents/GitHub/Mapanare/mapanare/self/mnc-stage1)
==74937==    by 0x41FA94: lexer__scan_ident (in /mnt/c/Users/Juan/Documents/GitHub/Mapanare/mapanare/self/mnc-stage1)
==74937==    by 0x6A86BFF: ???
==74937==    by 0x8000000000000002: ???
==74937==    by 0x6A733D7: ???
==74937==    by 0xB: ???
==74937==    by 0xD: ???
==74937==    by 0x6A7751F: ???
==74937==    by 0x8000000000000000: ???
==74937==    by 0xB: ???
==74937==    by 0x106: ???
==74937== 
==74937== 5 bytes in 1 blocks are definitely lost in loss record 242 of 981
==74937==    at 0x484D953: calloc (in /usr/libexec/valgrind/vgpreload_memcheck-amd64-linux.so)
==74937==    by 0x723DE9: __mn_alloc (in /mnt/c/Users/Juan/Documents/GitHub/Mapanare/mapanare/self/mnc-stage1)
==74937==    by 0x7249CE: __mn_str_concat (in /mnt/c/Users/Juan/Documents/GitHub/Mapanare/mapanare/self/mnc-stage1)
==74937==    by 0x41FA94: lexer__scan_ident (in /mnt/c/Users/Juan/Documents/GitHub/Mapanare/mapanare/self/mnc-stage1)
==74937==    by 0x6A87FAF: ???
==74937==    by 0x8000000000000002: ???
==74937==    by 0x6A733D7: ???
==74937==    by 0x4: ???
==74937==    by 0xE: ???
==74937==    by 0x6A7751F: ???
==74937==    by 0x8000000000000000: ???
==74937==    by 0x4: ???
==74937==    by 0x120: ???
==74937== 
==74937== 5 bytes in 1 blocks are definitely lost in loss record 243 of 981
==74937==    at 0x484D953: calloc (in /usr/libexec/valgrind/vgpreload_memcheck-amd64-linux.so)
==74937==    by 0x723DE9: __mn_alloc (in /mnt/c/Users/Juan/Documents/GitHub/Mapanare/mapanare/self/mnc-stage1)
==74937==    by 0x7249CE: __mn_str_concat (in /mnt/c/Users/Juan/Documents/GitHub/Mapanare/mapanare/self/mnc-stage1)
==74937==    by 0x41FA94: lexer__scan_ident (in /mnt/c/Users/Juan/Documents/GitHub/Mapanare/mapanare/self/mnc-stage1)
==74937==    by 0x6A8935F: ???
==74937==    by 0x8000000000000002: ???
==74937==    by 0x6A733D7: ???
==74937==    by 0x15: ???
==74937==    by 0xF: ???
==74937==    by 0x6A7751F: ???
==74937==    by 0x8000000000000000: ???
==74937==    by 0x15: ???
==74937==    by 0x13F: ???
==74937== 
==74937== 5 bytes in 1 blocks are definitely lost in loss record 244 of 981
==74937==    at 0x484D953: calloc (in /usr/libexec/valgrind/vgpreload_memcheck-amd64-linux.so)
==74937==    by 0x723DE9: __mn_alloc (in /mnt/c/Users/Juan/Documents/GitHub/Mapanare/mapanare/self/mnc-stage1)
==74937==    by 0x7249CE: __mn_str_concat (in /mnt/c/Users/Juan/Documents/GitHub/Mapanare/mapanare/self/mnc-stage1)
==74937==    by 0x41FA94: lexer__scan_ident (in /mnt/c/Users/Juan/Documents/GitHub/Mapanare/mapanare/self/mnc-stage1)
==74937==    by 0x6A8A8EF: ???
==74937==    by 0x8000000000000002: ???
==74937==    by 0x6A733D7: ???
==74937==    by 0xF: ???
==74937==    by 0x10: ???
==74937==    by 0x6A7751F: ???
==74937==    by 0x8000000000000000: ???
==74937==    by 0xF: ???
==74937==    by 0x15F: ???
==74937== 
==74937== 6 bytes in 1 blocks are indirectly lost in loss record 245 of 981
==74937==    at 0x484D953: calloc (in /usr/libexec/valgrind/vgpreload_memcheck-amd64-linux.so)
==74937==    by 0x723DE9: __mn_alloc (in /mnt/c/Users/Juan/Documents/GitHub/Mapanare/mapanare/self/mnc-stage1)
==74937==    by 0x7249CE: __mn_str_concat (in /mnt/c/Users/Juan/Documents/GitHub/Mapanare/mapanare/self/mnc-stage1)
==74937==    by 0x41FA94: lexer__scan_ident (in /mnt/c/Users/Juan/Documents/GitHub/Mapanare/mapanare/self/mnc-stage1)
==74937==    by 0x6A80E6F: ???
==74937==    by 0x8000000000000003: ???
==74937==    by 0x6A733D7: ???
==74937==    by 0x4: ???
==74937==    by 0x9: ???
==74937==    by 0x6A7751F: ???
==74937==    by 0x8000000000000000: ???
==74937==    by 0x4: ???
==74937==    by 0xA6: ???
==74937== 
==74937== 6 bytes in 1 blocks are indirectly lost in loss record 246 of 981
==74937==    at 0x484D953: calloc (in /usr/libexec/valgrind/vgpreload_memcheck-amd64-linux.so)
==74937==    by 0x723DE9: __mn_alloc (in /mnt/c/Users/Juan/Documents/GitHub/Mapanare/mapanare/self/mnc-stage1)
==74937==    by 0x7249CE: __mn_str_concat (in /mnt/c/Users/Juan/Documents/GitHub/Mapanare/mapanare/self/mnc-stage1)
==74937==    by 0x41FA94: lexer__scan_ident (in /mnt/c/Users/Juan/Documents/GitHub/Mapanare/mapanare/self/mnc-stage1)
==74937==    by 0x6A8221F: ???
==74937==    by 0x8000000000000003: ???
==74937==    by 0x6A733D7: ???
==74937==    by 0x15: ???
==74937==    by 0xA: ???
==74937==    by 0x6A7751F: ???
==74937==    by 0x8000000000000000: ???
==74937==    by 0x15: ???
==74937==    by 0xC5: ???
==74937== 
==74937== 6 bytes in 1 blocks are indirectly lost in loss record 247 of 981
==74937==    at 0x484D953: calloc (in /usr/libexec/valgrind/vgpreload_memcheck-amd64-linux.so)
==74937==    by 0x723DE9: __mn_alloc (in /mnt/c/Users/Juan/Documents/GitHub/Mapanare/mapanare/self/mnc-stage1)
==74937==    by 0x7249CE: __mn_str_concat (in /mnt/c/Users/Juan/Documents/GitHub/Mapanare/mapanare/self/mnc-stage1)
==74937==    by 0x41FA94: lexer__scan_ident (in /mnt/c/Users/Juan/Documents/GitHub/Mapanare/mapanare/self/mnc-stage1)
==74937==    by 0x6A857FF: ???
==74937==    by 0x8000000000000003: ???
==74937==    by 0x6A733D7: ???
==74937==    by 0xF: ???
==74937==    by 0xB: ???
==74937==    by 0x6A7751F: ???
==74937==    by 0x8000000000000000: ???
==74937==    by 0xF: ???
==74937==    by 0xE5: ???
==74937== 
==74937== 6 bytes in 1 blocks are indirectly lost in loss record 248 of 981
==74937==    at 0x484D953: calloc (in /usr/libexec/valgrind/vgpreload_memcheck-amd64-linux.so)
==74937==    by 0x723DE9: __mn_alloc (in /mnt/c/Users/Juan/Documents/GitHub/Mapanare/mapanare/self/mnc-stage1)
==74937==    by 0x7249CE: __mn_str_concat (in /mnt/c/Users/Juan/Documents/GitHub/Mapanare/mapanare/self/mnc-stage1)
==74937==    by 0x41FA94: lexer__scan_ident (in /mnt/c/Users/Juan/Documents/GitHub/Mapanare/mapanare/self/mnc-stage1)
==74937==    by 0x6A8804F: ???
==74937==    by 0x8000000000000003: ???
==74937==    by 0x6A733D7: ???
==74937==    by 0x4: ???
==74937==    by 0xE: ???
==74937==    by 0x6A7751F: ???
==74937==    by 0x8000000000000000: ???
==74937==    by 0x4: ???
==74937==    by 0x120: ???
==74937== 
==74937== 6 bytes in 1 blocks are indirectly lost in loss record 249 of 981
==74937==    at 0x484D953: calloc (in /usr/libexec/valgrind/vgpreload_memcheck-amd64-linux.so)
==74937==    by 0x723DE9: __mn_alloc (in /mnt/c/Users/Juan/Documents/GitHub/Mapanare/mapanare/self/mnc-stage1)
==74937==    by 0x7249CE: __mn_str_concat (in /mnt/c/Users/Juan/Documents/GitHub/Mapanare/mapanare/self/mnc-stage1)
==74937==    by 0x41FA94: lexer__scan_ident (in /mnt/c/Users/Juan/Documents/GitHub/Mapanare/mapanare/self/mnc-stage1)
==74937==    by 0x6A893FF: ???
==74937==    by 0x8000000000000003: ???
==74937==    by 0x6A733D7: ???
==74937==    by 0x15: ???
==74937==    by 0xF: ???
==74937==    by 0x6A7751F: ???
==74937==    by 0x8000000000000000: ???
==74937==    by 0x15: ???
==74937==    by 0x13F: ???
==74937== 
==74937== 6 bytes in 1 blocks are indirectly lost in loss record 250 of 981
==74937==    at 0x484D953: calloc (in /usr/libexec/valgrind/vgpreload_memcheck-amd64-linux.so)
==74937==    by 0x723DE9: __mn_alloc (in /mnt/c/Users/Juan/Documents/GitHub/Mapanare/mapanare/self/mnc-stage1)
==74937==    by 0x7249CE: __mn_str_concat (in /mnt/c/Users/Juan/Documents/GitHub/Mapanare/mapanare/self/mnc-stage1)
==74937==    by 0x41FA94: lexer__scan_ident (in /mnt/c/Users/Juan/Documents/GitHub/Mapanare/mapanare/self/mnc-stage1)
==74937==    by 0x6A8A98F: ???
==74937==    by 0x8000000000000003: ???
==74937==    by 0x6A733D7: ???
==74937==    by 0xF: ???
==74937==    by 0x10: ???
==74937==    by 0x6A7751F: ???
==74937==    by 0x8000000000000000: ???
==74937==    by 0xF: ???
==74937==    by 0x15F: ???
==74937== 
==74937== 6 bytes in 3 blocks are indirectly lost in loss record 251 of 981
==74937==    at 0x484D953: calloc (in /usr/libexec/valgrind/vgpreload_memcheck-amd64-linux.so)
==74937==    by 0x723DE9: __mn_alloc (in /mnt/c/Users/Juan/Documents/GitHub/Mapanare/mapanare/self/mnc-stage1)
==74937==    by 0x7245AB: __mn_str_from_parts (in /mnt/c/Users/Juan/Documents/GitHub/Mapanare/mapanare/self/mnc-stage1)
==74937==    by 0x420082: lexer__scan_number (in /mnt/c/Users/Juan/Documents/GitHub/Mapanare/mapanare/self/mnc-stage1)
==74937==    by 0x73C56F: ??? (in /mnt/c/Users/Juan/Documents/GitHub/Mapanare/mapanare/self/mnc-stage1)
==74937==    by 0x6A73257: ???
==74937== 
==74937== 6 bytes in 1 blocks are definitely lost in loss record 252 of 981
==74937==    at 0x484D953: calloc (in /usr/libexec/valgrind/vgpreload_memcheck-amd64-linux.so)
==74937==    by 0x723DE9: __mn_alloc (in /mnt/c/Users/Juan/Documents/GitHub/Mapanare/mapanare/self/mnc-stage1)
==74937==    by 0x7249CE: __mn_str_concat (in /mnt/c/Users/Juan/Documents/GitHub/Mapanare/mapanare/self/mnc-stage1)
==74937==    by 0x41FA94: lexer__scan_ident (in /mnt/c/Users/Juan/Documents/GitHub/Mapanare/mapanare/self/mnc-stage1)
==74937==    by 0x6A77E7F: ???
==74937==    by 0x8000000000000003: ???
==74937==    by 0x6A733D7: ???
==74937==    by 0x3: ???
==74937== 
==74937== 6 bytes in 1 blocks are definitely lost in loss record 253 of 981
==74937==    at 0x484D953: calloc (in /usr/libexec/valgrind/vgpreload_memcheck-amd64-linux.so)
==74937==    by 0x723DE9: __mn_alloc (in /mnt/c/Users/Juan/Documents/GitHub/Mapanare/mapanare/self/mnc-stage1)
==74937==    by 0x7249CE: __mn_str_concat (in /mnt/c/Users/Juan/Documents/GitHub/Mapanare/mapanare/self/mnc-stage1)
==74937==    by 0x41FA94: lexer__scan_ident (in /mnt/c/Users/Juan/Documents/GitHub/Mapanare/mapanare/self/mnc-stage1)
==74937==    by 0x6A7909F: ???
==74937==    by 0x8000000000000003: ???
==74937==    by 0x6A733D7: ???
==74937==    by 0x1C: ???
==74937== 
==74937== 6 bytes in 1 blocks are definitely lost in loss record 254 of 981
==74937==    at 0x484D953: calloc (in /usr/libexec/valgrind/vgpreload_memcheck-amd64-linux.so)
==74937==    by 0x723DE9: __mn_alloc (in /mnt/c/Users/Juan/Documents/GitHub/Mapanare/mapanare/self/mnc-stage1)
==74937==    by 0x7249CE: __mn_str_concat (in /mnt/c/Users/Juan/Documents/GitHub/Mapanare/mapanare/self/mnc-stage1)
==74937==    by 0x41FA94: lexer__scan_ident (in /mnt/c/Users/Juan/Documents/GitHub/Mapanare/mapanare/self/mnc-stage1)
==74937==    by 0x6A7B54F: ???
==74937==    by 0x8000000000000003: ???
==74937==    by 0x6A733D7: ???
==74937==    by 0x8: ???
==74937==    by 0x2: ???
==74937==    by 0x6A7751F: ???
==74937==    by 0x8000000000000000: ???
==74937==    by 0x8: ???
==74937==    by 0x40: ???
==74937== 
==74937== 6 bytes in 1 blocks are definitely lost in loss record 255 of 981
==74937==    at 0x484D953: calloc (in /usr/libexec/valgrind/vgpreload_memcheck-amd64-linux.so)
==74937==    by 0x723DE9: __mn_alloc (in /mnt/c/Users/Juan/Documents/GitHub/Mapanare/mapanare/self/mnc-stage1)
==74937==    by 0x7249CE: __mn_str_concat (in /mnt/c/Users/Juan/Documents/GitHub/Mapanare/mapanare/self/mnc-stage1)
==74937==    by 0x41FA94: lexer__scan_ident (in /mnt/c/Users/Juan/Documents/GitHub/Mapanare/mapanare/self/mnc-stage1)
==74937==    by 0x6A7C53F: ???
==74937==    by 0x8000000000000003: ???
==74937==    by 0x6A733D7: ???
==74937==    by 0x4: ???
==74937==    by 0x4: ???
==74937==    by 0x6A7751F: ???
==74937==    by 0x8000000000000000: ???
==74937==    by 0x4: ???
==74937==    by 0x59: ???
==74937== 
==74937== 6 bytes in 1 blocks are definitely lost in loss record 256 of 981
==74937==    at 0x484D953: calloc (in /usr/libexec/valgrind/vgpreload_memcheck-amd64-linux.so)
==74937==    by 0x723DE9: __mn_alloc (in /mnt/c/Users/Juan/Documents/GitHub/Mapanare/mapanare/self/mnc-stage1)
==74937==    by 0x7249CE: __mn_str_concat (in /mnt/c/Users/Juan/Documents/GitHub/Mapanare/mapanare/self/mnc-stage1)
==74937==    by 0x41FA94: lexer__scan_ident (in /mnt/c/Users/Juan/Documents/GitHub/Mapanare/mapanare/self/mnc-stage1)
==74937==    by 0x6A7F47F: ???
==74937==    by 0x8000000000000003: ???
==74937==    by 0x6A733D7: ???
==74937==    by 0xB: ???
==74937==    by 0x8: ???
==74937==    by 0x6A7751F: ???
==74937==    by 0x8000000000000000: ???
==74937==    by 0xB: ???
==74937==    by 0x82: ???
==74937== 
==74937== 6 bytes in 1 blocks are definitely lost in loss record 257 of 981
==74937==    at 0x484D953: calloc (in /usr/libexec/valgrind/vgpreload_memcheck-amd64-linux.so)
==74937==    by 0x723DE9: __mn_alloc (in /mnt/c/Users/Juan/Documents/GitHub/Mapanare/mapanare/self/mnc-stage1)
==74937==    by 0x7249CE: __mn_str_concat (in /mnt/c/Users/Juan/Documents/GitHub/Mapanare/mapanare/self/mnc-stage1)
==74937==    by 0x41FA94: lexer__scan_ident (in /mnt/c/Users/Juan/Documents/GitHub/Mapanare/mapanare/self/mnc-stage1)
==74937==    by 0x6A7FF6F: ???
==74937==    by 0x8000000000000003: ???
==74937==    by 0x6A733D7: ???
==74937==    by 0x19: ???
==74937==    by 0x8: ???
==74937==    by 0x6A7751F: ???
==74937==    by 0x8000000000000000: ???
==74937==    by 0x19: ???
==74937==    by 0x90: ???
==74937== 
==74937== 6 bytes in 1 blocks are definitely lost in loss record 258 of 981
==74937==    at 0x484D953: calloc (in /usr/libexec/valgrind/vgpreload_memcheck-amd64-linux.so)
==74937==    by 0x723DE9: __mn_alloc (in /mnt/c/Users/Juan/Documents/GitHub/Mapanare/mapanare/self/mnc-stage1)
==74937==    by 0x7249CE: __mn_str_concat (in /mnt/c/Users/Juan/Documents/GitHub/Mapanare/mapanare/self/mnc-stage1)
==74937==    by 0x41FA94: lexer__scan_ident (in /mnt/c/Users/Juan/Documents/GitHub/Mapanare/mapanare/self/mnc-stage1)
==74937==    by 0x6A86C9F: ???
==74937==    by 0x8000000000000003: ???
==74937==    by 0x6A733D7: ???
==74937==    by 0xB: ???
==74937==    by 0xD: ???
==74937==    by 0x6A7751F: ???
==74937==    by 0x8000000000000000: ???
==74937==    by 0xB: ???
==74937==    by 0x106: ???
==74937== 
==74937== 6 bytes in 2 blocks are definitely lost in loss record 259 of 981
==74937==    at 0x484D953: calloc (in /usr/libexec/valgrind/vgpreload_memcheck-amd64-linux.so)
==74937==    by 0x723DE9: __mn_alloc (in /mnt/c/Users/Juan/Documents/GitHub/Mapanare/mapanare/self/mnc-stage1)
==74937==    by 0x7245AB: __mn_str_from_parts (in /mnt/c/Users/Juan/Documents/GitHub/Mapanare/mapanare/self/mnc-stage1)
==74937==    by 0x726523: __mn_str_split (in /mnt/c/Users/Juan/Documents/GitHub/Mapanare/mapanare/self/mnc-stage1)
==74937==    by 0x6C04EA: emit_llvm__llvm_type_size (in /mnt/c/Users/Juan/Documents/GitHub/Mapanare/mapanare/self/mnc-stage1)
==74937== 
==74937== 6 bytes in 2 blocks are definitely lost in loss record 260 of 981
==74937==    at 0x484D953: calloc (in /usr/libexec/valgrind/vgpreload_memcheck-amd64-linux.so)
==74937==    by 0x723DE9: __mn_alloc (in /mnt/c/Users/Juan/Documents/GitHub/Mapanare/mapanare/self/mnc-stage1)
==74937==    by 0x7245AB: __mn_str_from_parts (in /mnt/c/Users/Juan/Documents/GitHub/Mapanare/mapanare/self/mnc-stage1)
==74937==    by 0x726523: __mn_str_split (in /mnt/c/Users/Juan/Documents/GitHub/Mapanare/mapanare/self/mnc-stage1)
==74937==    by 0x6C04EA: emit_llvm__llvm_type_size (in /mnt/c/Users/Juan/Documents/GitHub/Mapanare/mapanare/self/mnc-stage1)
==74937==    by 0x3F: ???
==74937== 
==74937== 7 bytes in 1 blocks are indirectly lost in loss record 261 of 981
==74937==    at 0x484D953: calloc (in /usr/libexec/valgrind/vgpreload_memcheck-amd64-linux.so)
==74937==    by 0x723DE9: __mn_alloc (in /mnt/c/Users/Juan/Documents/GitHub/Mapanare/mapanare/self/mnc-stage1)
==74937==    by 0x7249CE: __mn_str_concat (in /mnt/c/Users/Juan/Documents/GitHub/Mapanare/mapanare/self/mnc-stage1)
==74937==    by 0x41FA94: lexer__scan_ident (in /mnt/c/Users/Juan/Documents/GitHub/Mapanare/mapanare/self/mnc-stage1)
==74937==    by 0x6A7913F: ???
==74937==    by 0x8000000000000004: ???
==74937==    by 0x6A733D7: ???
==74937==    by 0x1C: ???
==74937== 
==74937== 7 bytes in 1 blocks are indirectly lost in loss record 262 of 981
==74937==    at 0x484D953: calloc (in /usr/libexec/valgrind/vgpreload_memcheck-amd64-linux.so)
==74937==    by 0x723DE9: __mn_alloc (in /mnt/c/Users/Juan/Documents/GitHub/Mapanare/mapanare/self/mnc-stage1)
==74937==    by 0x7249CE: __mn_str_concat (in /mnt/c/Users/Juan/Documents/GitHub/Mapanare/mapanare/self/mnc-stage1)
==74937==    by 0x41FA94: lexer__scan_ident (in /mnt/c/Users/Juan/Documents/GitHub/Mapanare/mapanare/self/mnc-stage1)
==74937==    by 0x6A7B5EF: ???
==74937==    by 0x8000000000000004: ???
==74937==    by 0x6A733D7: ???
==74937==    by 0x8: ???
==74937==    by 0x2: ???
==74937==    by 0x6A7751F: ???
==74937==    by 0x8000000000000000: ???
==74937==    by 0x8: ???
==74937==    by 0x40: ???
==74937== 
==74937== 7 bytes in 1 blocks are indirectly lost in loss record 263 of 981
==74937==    at 0x484D953: calloc (in /usr/libexec/valgrind/vgpreload_memcheck-amd64-linux.so)
==74937==    by 0x723DE9: __mn_alloc (in /mnt/c/Users/Juan/Documents/GitHub/Mapanare/mapanare/self/mnc-stage1)
==74937==    by 0x7249CE: __mn_str_concat (in /mnt/c/Users/Juan/Documents/GitHub/Mapanare/mapanare/self/mnc-stage1)
==74937==    by 0x41FA94: lexer__scan_ident (in /mnt/c/Users/Juan/Documents/GitHub/Mapanare/mapanare/self/mnc-stage1)
==74937==    by 0x6A7C5DF: ???
==74937==    by 0x8000000000000004: ???
==74937==    by 0x6A733D7: ???
==74937==    by 0x4: ???
==74937==    by 0x4: ???
==74937==    by 0x6A7751F: ???
==74937==    by 0x8000000000000000: ???
==74937==    by 0x4: ???
==74937==    by 0x59: ???
==74937== 
==74937== 7 bytes in 1 blocks are indirectly lost in loss record 264 of 981
==74937==    at 0x484D953: calloc (in /usr/libexec/valgrind/vgpreload_memcheck-amd64-linux.so)
==74937==    by 0x723DE9: __mn_alloc (in /mnt/c/Users/Juan/Documents/GitHub/Mapanare/mapanare/self/mnc-stage1)
==74937==    by 0x7249CE: __mn_str_concat (in /mnt/c/Users/Juan/Documents/GitHub/Mapanare/mapanare/self/mnc-stage1)
==74937==    by 0x41FA94: lexer__scan_ident (in /mnt/c/Users/Juan/Documents/GitHub/Mapanare/mapanare/self/mnc-stage1)
==74937==    by 0x6A7F51F: ???
==74937==    by 0x8000000000000004: ???
==74937==    by 0x6A733D7: ???
==74937==    by 0xB: ???
==74937==    by 0x8: ???
==74937==    by 0x6A7751F: ???
==74937==    by 0x8000000000000000: ???
==74937==    by 0xB: ???
==74937==    by 0x82: ???
==74937== 
==74937== 7 bytes in 1 blocks are indirectly lost in loss record 265 of 981
==74937==    at 0x484D953: calloc (in /usr/libexec/valgrind/vgpreload_memcheck-amd64-linux.so)
==74937==    by 0x723DE9: __mn_alloc (in /mnt/c/Users/Juan/Documents/GitHub/Mapanare/mapanare/self/mnc-stage1)
==74937==    by 0x7249CE: __mn_str_concat (in /mnt/c/Users/Juan/Documents/GitHub/Mapanare/mapanare/self/mnc-stage1)
==74937==    by 0x41FA94: lexer__scan_ident (in /mnt/c/Users/Juan/Documents/GitHub/Mapanare/mapanare/self/mnc-stage1)
==74937==    by 0x6A86D3F: ???
==74937==    by 0x8000000000000004: ???
==74937==    by 0x6A733D7: ???
==74937==    by 0xB: ???
==74937==    by 0xD: ???
==74937==    by 0x6A7751F: ???
==74937==    by 0x8000000000000000: ???
==74937==    by 0xB: ???
==74937==    by 0x106: ???
==74937== 
==74937== 7 bytes in 1 blocks are indirectly lost in loss record 266 of 981
==74937==    at 0x484D953: calloc (in /usr/libexec/valgrind/vgpreload_memcheck-amd64-linux.so)
==74937==    by 0x723DE9: __mn_alloc (in /mnt/c/Users/Juan/Documents/GitHub/Mapanare/mapanare/self/mnc-stage1)
==74937==    by 0x7249CE: __mn_str_concat (in /mnt/c/Users/Juan/Documents/GitHub/Mapanare/mapanare/self/mnc-stage1)
==74937==    by 0x499B12: lower_state__fresh_tmp (in /mnt/c/Users/Juan/Documents/GitHub/Mapanare/mapanare/self/mnc-stage1)
==74937==    by 0x100000000004F: ???
==74937== 
==74937== 7 bytes in 1 blocks are definitely lost in loss record 267 of 981
==74937==    at 0x484D953: calloc (in /usr/libexec/valgrind/vgpreload_memcheck-amd64-linux.so)
==74937==    by 0x723DE9: __mn_alloc (in /mnt/c/Users/Juan/Documents/GitHub/Mapanare/mapanare/self/mnc-stage1)
==74937==    by 0x7249CE: __mn_str_concat (in /mnt/c/Users/Juan/Documents/GitHub/Mapanare/mapanare/self/mnc-stage1)
==74937==    by 0x41FA94: lexer__scan_ident (in /mnt/c/Users/Juan/Documents/GitHub/Mapanare/mapanare/self/mnc-stage1)
==74937==    by 0x6A77F1F: ???
==74937==    by 0x8000000000000004: ???
==74937==    by 0x6A733D7: ???
==74937==    by 0x3: ???
==74937== 
==74937== 7 bytes in 1 blocks are definitely lost in loss record 268 of 981
==74937==    at 0x484D953: calloc (in /usr/libexec/valgrind/vgpreload_memcheck-amd64-linux.so)
==74937==    by 0x723DE9: __mn_alloc (in /mnt/c/Users/Juan/Documents/GitHub/Mapanare/mapanare/self/mnc-stage1)
==74937==    by 0x7249CE: __mn_str_concat (in /mnt/c/Users/Juan/Documents/GitHub/Mapanare/mapanare/self/mnc-stage1)
==74937==    by 0x41FA94: lexer__scan_ident (in /mnt/c/Users/Juan/Documents/GitHub/Mapanare/mapanare/self/mnc-stage1)
==74937==    by 0x6A8000F: ???
==74937==    by 0x8000000000000004: ???
==74937==    by 0x6A733D7: ???
==74937==    by 0x19: ???
==74937==    by 0x8: ???
==74937==    by 0x6A7751F: ???
==74937==    by 0x8000000000000000: ???
==74937==    by 0x19: ???
==74937==    by 0x90: ???
==74937== 
==74937== 7 bytes in 1 blocks are definitely lost in loss record 269 of 981
==74937==    at 0x484D953: calloc (in /usr/libexec/valgrind/vgpreload_memcheck-amd64-linux.so)
==74937==    by 0x723DE9: __mn_alloc (in /mnt/c/Users/Juan/Documents/GitHub/Mapanare/mapanare/self/mnc-stage1)
==74937==    by 0x7245AB: __mn_str_from_parts (in /mnt/c/Users/Juan/Documents/GitHub/Mapanare/mapanare/self/mnc-stage1)
==74937==    by 0x5CCC51: lower__lower_call_by_name (in /mnt/c/Users/Juan/Documents/GitHub/Mapanare/mapanare/self/mnc-stage1)
==74937==    by 0x8000000000000005: ???
==74937==    by 0x7: ???
==74937==    by 0x6AAC81F: ???
==74937== 
==74937== 7 bytes in 1 blocks are definitely lost in loss record 270 of 981
==74937==    at 0x484D953: calloc (in /usr/libexec/valgrind/vgpreload_memcheck-amd64-linux.so)
==74937==    by 0x723DE9: __mn_alloc (in /mnt/c/Users/Juan/Documents/GitHub/Mapanare/mapanare/self/mnc-stage1)
==74937==    by 0x7245AB: __mn_str_from_parts (in /mnt/c/Users/Juan/Documents/GitHub/Mapanare/mapanare/self/mnc-stage1)
==74937==    by 0x5CCC76: lower__lower_call_by_name (in /mnt/c/Users/Juan/Documents/GitHub/Mapanare/mapanare/self/mnc-stage1)
==74937==    by 0x8000000000000005: ???
==74937==    by 0x7: ???
==74937==    by 0x6AAC81F: ???
==74937== 
==74937== 7 bytes in 1 blocks are definitely lost in loss record 271 of 981
==74937==    at 0x484D953: calloc (in /usr/libexec/valgrind/vgpreload_memcheck-amd64-linux.so)
==74937==    by 0x723DE9: __mn_alloc (in /mnt/c/Users/Juan/Documents/GitHub/Mapanare/mapanare/self/mnc-stage1)
==74937==    by 0x7249CE: __mn_str_concat (in /mnt/c/Users/Juan/Documents/GitHub/Mapanare/mapanare/self/mnc-stage1)
==74937==    by 0x6DA3D1: emit_llvm__emit_wrap_some (in /mnt/c/Users/Juan/Documents/GitHub/Mapanare/mapanare/self/mnc-stage1)
==74937==    by 0x1F: ???
==74937== 
==74937== 8 bytes in 1 blocks are indirectly lost in loss record 272 of 981
==74937==    at 0x484D953: calloc (in /usr/libexec/valgrind/vgpreload_memcheck-amd64-linux.so)
==74937==    by 0x723DE9: __mn_alloc (in /mnt/c/Users/Juan/Documents/GitHub/Mapanare/mapanare/self/mnc-stage1)
==74937==    by 0x7249CE: __mn_str_concat (in /mnt/c/Users/Juan/Documents/GitHub/Mapanare/mapanare/self/mnc-stage1)
==74937==    by 0x4CE52F: lower__bind_fn_params (in /mnt/c/Users/Juan/Documents/GitHub/Mapanare/mapanare/self/mnc-stage1)
==74937== 
==74937== 8 bytes in 1 blocks are definitely lost in loss record 273 of 981
==74937==    at 0x484D953: calloc (in /usr/libexec/valgrind/vgpreload_memcheck-amd64-linux.so)
==74937==    by 0x723DE9: __mn_alloc (in /mnt/c/Users/Juan/Documents/GitHub/Mapanare/mapanare/self/mnc-stage1)
==74937==    by 0x7249CE: __mn_str_concat (in /mnt/c/Users/Juan/Documents/GitHub/Mapanare/mapanare/self/mnc-stage1)
==74937==    by 0x41FA94: lexer__scan_ident (in /mnt/c/Users/Juan/Documents/GitHub/Mapanare/mapanare/self/mnc-stage1)
==74937==    by 0x6A77FBF: ???
==74937==    by 0x8000000000000005: ???
==74937==    by 0x6A733D7: ???
==74937==    by 0x3: ???
==74937== 
==74937== 8 bytes in 1 blocks are definitely lost in loss record 274 of 981
==74937==    at 0x484D953: calloc (in /usr/libexec/valgrind/vgpreload_memcheck-amd64-linux.so)
==74937==    by 0x723DE9: __mn_alloc (in /mnt/c/Users/Juan/Documents/GitHub/Mapanare/mapanare/self/mnc-stage1)
==74937==    by 0x7249CE: __mn_str_concat (in /mnt/c/Users/Juan/Documents/GitHub/Mapanare/mapanare/self/mnc-stage1)
==74937==    by 0x41FA94: lexer__scan_ident (in /mnt/c/Users/Juan/Documents/GitHub/Mapanare/mapanare/self/mnc-stage1)
==74937==    by 0x6A800AF: ???
==74937==    by 0x8000000000000005: ???
==74937==    by 0x6A733D7: ???
==74937==    by 0x19: ???
==74937==    by 0x8: ???
==74937==    by 0x6A7751F: ???
==74937==    by 0x8000000000000000: ???
==74937==    by 0x19: ???
==74937==    by 0x90: ???
==74937== 
==74937== 8 bytes in 1 blocks are definitely lost in loss record 275 of 981
==74937==    at 0x484D953: calloc (in /usr/libexec/valgrind/vgpreload_memcheck-amd64-linux.so)
==74937==    by 0x723DE9: __mn_alloc (in /mnt/c/Users/Juan/Documents/GitHub/Mapanare/mapanare/self/mnc-stage1)
==74937==    by 0x7249CE: __mn_str_concat (in /mnt/c/Users/Juan/Documents/GitHub/Mapanare/mapanare/self/mnc-stage1)
==74937==    by 0x6DA740: emit_llvm__emit_wrap_some (in /mnt/c/Users/Juan/Documents/GitHub/Mapanare/mapanare/self/mnc-stage1)
==74937==    by 0x1F: ???
==74937== 
==74937== 8 bytes in 4 blocks are definitely lost in loss record 276 of 981
==74937==    at 0x484D953: calloc (in /usr/libexec/valgrind/vgpreload_memcheck-amd64-linux.so)
==74937==    by 0x723DE9: __mn_alloc (in /mnt/c/Users/Juan/Documents/GitHub/Mapanare/mapanare/self/mnc-stage1)
==74937==    by 0x7245AB: __mn_str_from_parts (in /mnt/c/Users/Juan/Documents/GitHub/Mapanare/mapanare/self/mnc-stage1)
==74937==    by 0x42002C: lexer__scan_number (in /mnt/c/Users/Juan/Documents/GitHub/Mapanare/mapanare/self/mnc-stage1)
==74937==    by 0x73C56F: ??? (in /mnt/c/Users/Juan/Documents/GitHub/Mapanare/mapanare/self/mnc-stage1)
==74937==    by 0x6A73257: ???
==74937== 
==74937== 8 bytes in 4 blocks are definitely lost in loss record 277 of 981
==74937==    at 0x484D953: calloc (in /usr/libexec/valgrind/vgpreload_memcheck-amd64-linux.so)
==74937==    by 0x723DE9: __mn_alloc (in /mnt/c/Users/Juan/Documents/GitHub/Mapanare/mapanare/self/mnc-stage1)
==74937==    by 0x7245AB: __mn_str_from_parts (in /mnt/c/Users/Juan/Documents/GitHub/Mapanare/mapanare/self/mnc-stage1)
==74937==    by 0x431688: parser__has_interpolation (in /mnt/c/Users/Juan/Documents/GitHub/Mapanare/mapanare/self/mnc-stage1)
==74937==    by 0x8000000000000000: ???
==74937==    by 0x3F: ???
==74937== 
==74937== 9 bytes in 2 blocks are indirectly lost in loss record 278 of 981
==74937==    at 0x484D953: calloc (in /usr/libexec/valgrind/vgpreload_memcheck-amd64-linux.so)
==74937==    by 0x723DE9: __mn_alloc (in /mnt/c/Users/Juan/Documents/GitHub/Mapanare/mapanare/self/mnc-stage1)
==74937==    by 0x7249CE: __mn_str_concat (in /mnt/c/Users/Juan/Documents/GitHub/Mapanare/mapanare/self/mnc-stage1)
==74937==    by 0x499B12: lower_state__fresh_tmp (in /mnt/c/Users/Juan/Documents/GitHub/Mapanare/mapanare/self/mnc-stage1)
==74937==    by 0x1000000000037: ???
==74937== 
==74937== 9 bytes in 1 blocks are definitely lost in loss record 279 of 981
==74937==    at 0x484D953: calloc (in /usr/libexec/valgrind/vgpreload_memcheck-amd64-linux.so)
==74937==    by 0x723DE9: __mn_alloc (in /mnt/c/Users/Juan/Documents/GitHub/Mapanare/mapanare/self/mnc-stage1)
==74937==    by 0x7249CE: __mn_str_concat (in /mnt/c/Users/Juan/Documents/GitHub/Mapanare/mapanare/self/mnc-stage1)
==74937==    by 0x41FA94: lexer__scan_ident (in /mnt/c/Users/Juan/Documents/GitHub/Mapanare/mapanare/self/mnc-stage1)
==74937==    by 0x6A7805F: ???
==74937==    by 0x8000000000000006: ???
==74937==    by 0x6A733D7: ???
==74937==    by 0x3: ???
==74937== 
==74937== 9 bytes in 1 blocks are definitely lost in loss record 280 of 981
==74937==    at 0x484D953: calloc (in /usr/libexec/valgrind/vgpreload_memcheck-amd64-linux.so)
==74937==    by 0x723DE9: __mn_alloc (in /mnt/c/Users/Juan/Documents/GitHub/Mapanare/mapanare/self/mnc-stage1)
==74937==    by 0x7249CE: __mn_str_concat (in /mnt/c/Users/Juan/Documents/GitHub/Mapanare/mapanare/self/mnc-stage1)
==74937==    by 0x41FA94: lexer__scan_ident (in /mnt/c/Users/Juan/Documents/GitHub/Mapanare/mapanare/self/mnc-stage1)
==74937==    by 0x6A8014F: ???
==74937==    by 0x8000000000000006: ???
==74937==    by 0x6A733D7: ???
==74937==    by 0x19: ???
==74937==    by 0x8: ???
==74937==    by 0x6A7751F: ???
==74937==    by 0x8000000000000000: ???
==74937==    by 0x19: ???
==74937==    by 0x90: ???
==74937== 
==74937== 10 bytes in 1 blocks are indirectly lost in loss record 281 of 981
==74937==    at 0x484D953: calloc (in /usr/libexec/valgrind/vgpreload_memcheck-amd64-linux.so)
==74937==    by 0x723DE9: __mn_alloc (in /mnt/c/Users/Juan/Documents/GitHub/Mapanare/mapanare/self/mnc-stage1)
==74937==    by 0x7249CE: __mn_str_concat (in /mnt/c/Users/Juan/Documents/GitHub/Mapanare/mapanare/self/mnc-stage1)
==74937==    by 0x6870B7: emit_llvm_ir__llvm_option_type (in /mnt/c/Users/Juan/Documents/GitHub/Mapanare/mapanare/self/mnc-stage1)
==74937== 
==74937== 10 bytes in 1 blocks are indirectly lost in loss record 282 of 981
==74937==    at 0x484D953: calloc (in /usr/libexec/valgrind/vgpreload_memcheck-amd64-linux.so)
==74937==    by 0x723DE9: __mn_alloc (in /mnt/c/Users/Juan/Documents/GitHub/Mapanare/mapanare/self/mnc-stage1)
==74937==    by 0x7249CE: __mn_str_concat (in /mnt/c/Users/Juan/Documents/GitHub/Mapanare/mapanare/self/mnc-stage1)
==74937==    by 0x6870B7: emit_llvm_ir__llvm_option_type (in /mnt/c/Users/Juan/Documents/GitHub/Mapanare/mapanare/self/mnc-stage1)
==74937==    by 0x6872A2: emit_llvm_ir__resolve_mir_type (in /mnt/c/Users/Juan/Documents/GitHub/Mapanare/mapanare/self/mnc-stage1)
==74937== 
==74937== 10 bytes in 1 blocks are indirectly lost in loss record 283 of 981
==74937==    at 0x484D953: calloc (in /usr/libexec/valgrind/vgpreload_memcheck-amd64-linux.so)
==74937==    by 0x723DE9: __mn_alloc (in /mnt/c/Users/Juan/Documents/GitHub/Mapanare/mapanare/self/mnc-stage1)
==74937==    by 0x7249CE: __mn_str_concat (in /mnt/c/Users/Juan/Documents/GitHub/Mapanare/mapanare/self/mnc-stage1)
==74937==    by 0x71A8A3: emit_llvm__emit_mir_basic_block (in /mnt/c/Users/Juan/Documents/GitHub/Mapanare/mapanare/self/mnc-stage1)
==74937==    by 0x2: ???
==74937==    by 0x6ADA2BF: ???
==74937==    by 0x8000000000000008: ???
==74937==    by 0x6ADA76F: ???
==74937==    by 0x7: ???
==74937==    by 0x37: ???
==74937== 
==74937== 10 bytes in 2 blocks are indirectly lost in loss record 284 of 981
==74937==    at 0x484D953: calloc (in /usr/libexec/valgrind/vgpreload_memcheck-amd64-linux.so)
==74937==    by 0x723DE9: __mn_alloc (in /mnt/c/Users/Juan/Documents/GitHub/Mapanare/mapanare/self/mnc-stage1)
==74937==    by 0x7249CE: __mn_str_concat (in /mnt/c/Users/Juan/Documents/GitHub/Mapanare/mapanare/self/mnc-stage1)
==74937==    by 0x4208EB: lexer__scan_string (in /mnt/c/Users/Juan/Documents/GitHub/Mapanare/mapanare/self/mnc-stage1)
==74937== 
==74937== 10 bytes in 1 blocks are definitely lost in loss record 285 of 981
==74937==    at 0x484D953: calloc (in /usr/libexec/valgrind/vgpreload_memcheck-amd64-linux.so)
==74937==    by 0x723DE9: __mn_alloc (in /mnt/c/Users/Juan/Documents/GitHub/Mapanare/mapanare/self/mnc-stage1)
==74937==    by 0x7249CE: __mn_str_concat (in /mnt/c/Users/Juan/Documents/GitHub/Mapanare/mapanare/self/mnc-stage1)
==74937==    by 0x41FA94: lexer__scan_ident (in /mnt/c/Users/Juan/Documents/GitHub/Mapanare/mapanare/self/mnc-stage1)
==74937==    by 0x6A780FF: ???
==74937==    by 0x8000000000000007: ???
==74937==    by 0x6A733D7: ???
==74937==    by 0x3: ???
==74937== 
==74937== 10 bytes in 1 blocks are definitely lost in loss record 286 of 981
==74937==    at 0x484D953: calloc (in /usr/libexec/valgrind/vgpreload_memcheck-amd64-linux.so)
==74937==    by 0x723DE9: __mn_alloc (in /mnt/c/Users/Juan/Documents/GitHub/Mapanare/mapanare/self/mnc-stage1)
==74937==    by 0x7249CE: __mn_str_concat (in /mnt/c/Users/Juan/Documents/GitHub/Mapanare/mapanare/self/mnc-stage1)
==74937==    by 0x41FA94: lexer__scan_ident (in /mnt/c/Users/Juan/Documents/GitHub/Mapanare/mapanare/self/mnc-stage1)
==74937==    by 0x6A801EF: ???
==74937==    by 0x8000000000000007: ???
==74937==    by 0x6A733D7: ???
==74937==    by 0x19: ???
==74937==    by 0x8: ???
==74937==    by 0x6A7751F: ???
==74937==    by 0x8000000000000000: ???
==74937==    by 0x19: ???
==74937==    by 0x90: ???
==74937== 
==74937== 10 bytes in 1 blocks are definitely lost in loss record 287 of 981
==74937==    at 0x484D953: calloc (in /usr/libexec/valgrind/vgpreload_memcheck-amd64-linux.so)
==74937==    by 0x723DE9: __mn_alloc (in /mnt/c/Users/Juan/Documents/GitHub/Mapanare/mapanare/self/mnc-stage1)
==74937==    by 0x7245AB: __mn_str_from_parts (in /mnt/c/Users/Juan/Documents/GitHub/Mapanare/mapanare/self/mnc-stage1)
==74937==    by 0x416CF9: compile (in /mnt/c/Users/Juan/Documents/GitHub/Mapanare/mapanare/self/mnc-stage1)
==74937== 
==74937== 10 bytes in 2 blocks are definitely lost in loss record 288 of 981
==74937==    at 0x484D953: calloc (in /usr/libexec/valgrind/vgpreload_memcheck-amd64-linux.so)
==74937==    by 0x723DE9: __mn_alloc (in /mnt/c/Users/Juan/Documents/GitHub/Mapanare/mapanare/self/mnc-stage1)
==74937==    by 0x7245AB: __mn_str_from_parts (in /mnt/c/Users/Juan/Documents/GitHub/Mapanare/mapanare/self/mnc-stage1)
==74937==    by 0x726551: __mn_str_split (in /mnt/c/Users/Juan/Documents/GitHub/Mapanare/mapanare/self/mnc-stage1)
==74937==    by 0x6C04EA: emit_llvm__llvm_type_size (in /mnt/c/Users/Juan/Documents/GitHub/Mapanare/mapanare/self/mnc-stage1)
==74937== 
==74937== 10 bytes in 2 blocks are definitely lost in loss record 289 of 981
==74937==    at 0x484D953: calloc (in /usr/libexec/valgrind/vgpreload_memcheck-amd64-linux.so)
==74937==    by 0x723DE9: __mn_alloc (in /mnt/c/Users/Juan/Documents/GitHub/Mapanare/mapanare/self/mnc-stage1)
==74937==    by 0x7245AB: __mn_str_from_parts (in /mnt/c/Users/Juan/Documents/GitHub/Mapanare/mapanare/self/mnc-stage1)
==74937==    by 0x726551: __mn_str_split (in /mnt/c/Users/Juan/Documents/GitHub/Mapanare/mapanare/self/mnc-stage1)
==74937==    by 0x6C04EA: emit_llvm__llvm_type_size (in /mnt/c/Users/Juan/Documents/GitHub/Mapanare/mapanare/self/mnc-stage1)
==74937==    by 0x3F: ???
==74937== 
==74937== 11 bytes in 1 blocks are definitely lost in loss record 290 of 981
==74937==    at 0x484D953: calloc (in /usr/libexec/valgrind/vgpreload_memcheck-amd64-linux.so)
==74937==    by 0x723DE9: __mn_alloc (in /mnt/c/Users/Juan/Documents/GitHub/Mapanare/mapanare/self/mnc-stage1)
==74937==    by 0x7249CE: __mn_str_concat (in /mnt/c/Users/Juan/Documents/GitHub/Mapanare/mapanare/self/mnc-stage1)
==74937==    by 0x41FA94: lexer__scan_ident (in /mnt/c/Users/Juan/Documents/GitHub/Mapanare/mapanare/self/mnc-stage1)
==74937==    by 0x6A7819F: ???
==74937==    by 0x8000000000000008: ???
==74937==    by 0x6A733D7: ???
==74937==    by 0x3: ???
==74937== 
==74937== 11 bytes in 1 blocks are definitely lost in loss record 291 of 981
==74937==    at 0x484D953: calloc (in /usr/libexec/valgrind/vgpreload_memcheck-amd64-linux.so)
==74937==    by 0x723DE9: __mn_alloc (in /mnt/c/Users/Juan/Documents/GitHub/Mapanare/mapanare/self/mnc-stage1)
==74937==    by 0x7249CE: __mn_str_concat (in /mnt/c/Users/Juan/Documents/GitHub/Mapanare/mapanare/self/mnc-stage1)
==74937==    by 0x41FA94: lexer__scan_ident (in /mnt/c/Users/Juan/Documents/GitHub/Mapanare/mapanare/self/mnc-stage1)
==74937==    by 0x6A8028F: ???
==74937==    by 0x8000000000000008: ???
==74937==    by 0x6A733D7: ???
==74937==    by 0x19: ???
==74937==    by 0x8: ???
==74937==    by 0x6A7751F: ???
==74937==    by 0x8000000000000000: ???
==74937==    by 0x19: ???
==74937==    by 0x90: ???
==74937== 
==74937== 11 bytes in 1 blocks are definitely lost in loss record 292 of 981
==74937==    at 0x484D953: calloc (in /usr/libexec/valgrind/vgpreload_memcheck-amd64-linux.so)
==74937==    by 0x723DE9: __mn_alloc (in /mnt/c/Users/Juan/Documents/GitHub/Mapanare/mapanare/self/mnc-stage1)
==74937==    by 0x7249CE: __mn_str_concat (in /mnt/c/Users/Juan/Documents/GitHub/Mapanare/mapanare/self/mnc-stage1)
==74937==    by 0x414989: has_later_def (in /mnt/c/Users/Juan/Documents/GitHub/Mapanare/mapanare/self/mnc-stage1)
==74937== 
==74937== 12 bytes in 1 blocks are definitely lost in loss record 293 of 981
==74937==    at 0x484D953: calloc (in /usr/libexec/valgrind/vgpreload_memcheck-amd64-linux.so)
==74937==    by 0x723DE9: __mn_alloc (in /mnt/c/Users/Juan/Documents/GitHub/Mapanare/mapanare/self/mnc-stage1)
==74937==    by 0x7249CE: __mn_str_concat (in /mnt/c/Users/Juan/Documents/GitHub/Mapanare/mapanare/self/mnc-stage1)
==74937==    by 0x41FA94: lexer__scan_ident (in /mnt/c/Users/Juan/Documents/GitHub/Mapanare/mapanare/self/mnc-stage1)
==74937==    by 0x6A7823F: ???
==74937==    by 0x8000000000000009: ???
==74937==    by 0x6A733D7: ???
==74937==    by 0x3: ???
==74937== 
==74937== 12 bytes in 1 blocks are definitely lost in loss record 294 of 981
==74937==    at 0x484D953: calloc (in /usr/libexec/valgrind/vgpreload_memcheck-amd64-linux.so)
==74937==    by 0x723DE9: __mn_alloc (in /mnt/c/Users/Juan/Documents/GitHub/Mapanare/mapanare/self/mnc-stage1)
==74937==    by 0x7249CE: __mn_str_concat (in /mnt/c/Users/Juan/Documents/GitHub/Mapanare/mapanare/self/mnc-stage1)
==74937==    by 0x41FA94: lexer__scan_ident (in /mnt/c/Users/Juan/Documents/GitHub/Mapanare/mapanare/self/mnc-stage1)
==74937==    by 0x6A8032F: ???
==74937==    by 0x8000000000000009: ???
==74937==    by 0x6A733D7: ???
==74937==    by 0x19: ???
==74937==    by 0x8: ???
==74937==    by 0x6A7751F: ???
==74937==    by 0x8000000000000000: ???
==74937==    by 0x19: ???
==74937==    by 0x90: ???
==74937== 
==74937== 13 bytes in 1 blocks are indirectly lost in loss record 295 of 981
==74937==    at 0x484D953: calloc (in /usr/libexec/valgrind/vgpreload_memcheck-amd64-linux.so)
==74937==    by 0x723DE9: __mn_alloc (in /mnt/c/Users/Juan/Documents/GitHub/Mapanare/mapanare/self/mnc-stage1)
==74937==    by 0x7249CE: __mn_str_concat (in /mnt/c/Users/Juan/Documents/GitHub/Mapanare/mapanare/self/mnc-stage1)
==74937==    by 0x49AB59: lower_state__fresh_block_label (in /mnt/c/Users/Juan/Documents/GitHub/Mapanare/mapanare/self/mnc-stage1)
==74937==    by 0x6AB14EF: ???
==74937==    by 0x1000000000001: ???
==74937==    by 0x73FEA7: ??? (in /mnt/c/Users/Juan/Documents/GitHub/Mapanare/mapanare/self/mnc-stage1)
==74937== 
==74937== 13 bytes in 1 blocks are definitely lost in loss record 296 of 981
==74937==    at 0x484D953: calloc (in /usr/libexec/valgrind/vgpreload_memcheck-amd64-linux.so)
==74937==    by 0x723DE9: __mn_alloc (in /mnt/c/Users/Juan/Documents/GitHub/Mapanare/mapanare/self/mnc-stage1)
==74937==    by 0x7249CE: __mn_str_concat (in /mnt/c/Users/Juan/Documents/GitHub/Mapanare/mapanare/self/mnc-stage1)
==74937==    by 0x41FA94: lexer__scan_ident (in /mnt/c/Users/Juan/Documents/GitHub/Mapanare/mapanare/self/mnc-stage1)
==74937==    by 0x6A782DF: ???
==74937==    by 0x800000000000000A: ???
==74937==    by 0x6A733D7: ???
==74937==    by 0x3: ???
==74937== 
==74937== 13 bytes in 1 blocks are definitely lost in loss record 297 of 981
==74937==    at 0x484D953: calloc (in /usr/libexec/valgrind/vgpreload_memcheck-amd64-linux.so)
==74937==    by 0x723DE9: __mn_alloc (in /mnt/c/Users/Juan/Documents/GitHub/Mapanare/mapanare/self/mnc-stage1)
==74937==    by 0x7249CE: __mn_str_concat (in /mnt/c/Users/Juan/Documents/GitHub/Mapanare/mapanare/self/mnc-stage1)
==74937==    by 0x41FA94: lexer__scan_ident (in /mnt/c/Users/Juan/Documents/GitHub/Mapanare/mapanare/self/mnc-stage1)
==74937==    by 0x6A803CF: ???
==74937==    by 0x800000000000000A: ???
==74937==    by 0x6A733D7: ???
==74937==    by 0x19: ???
==74937==    by 0x8: ???
==74937==    by 0x6A7751F: ???
==74937==    by 0x8000000000000000: ???
==74937==    by 0x19: ???
==74937==    by 0x90: ???
==74937== 
==74937== 13 bytes in 1 blocks are definitely lost in loss record 298 of 981
==74937==    at 0x484D953: calloc (in /usr/libexec/valgrind/vgpreload_memcheck-amd64-linux.so)
==74937==    by 0x723DE9: __mn_alloc (in /mnt/c/Users/Juan/Documents/GitHub/Mapanare/mapanare/self/mnc-stage1)
==74937==    by 0x7245AB: __mn_str_from_parts (in /mnt/c/Users/Juan/Documents/GitHub/Mapanare/mapanare/self/mnc-stage1)
==74937==    by 0x413D6B: basename_of (in /mnt/c/Users/Juan/Documents/GitHub/Mapanare/mapanare/self/mnc-stage1)
==74937==    by 0xF: ???
==74937==    by 0x6A7619F: ???
==74937==    by 0x44: ???
==74937== 
==74937== 14 bytes in 1 blocks are indirectly lost in loss record 299 of 981
==74937==    at 0x484D953: calloc (in /usr/libexec/valgrind/vgpreload_memcheck-amd64-linux.so)
==74937==    by 0x723DE9: __mn_alloc (in /mnt/c/Users/Juan/Documents/GitHub/Mapanare/mapanare/self/mnc-stage1)
==74937==    by 0x7249CE: __mn_str_concat (in /mnt/c/Users/Juan/Documents/GitHub/Mapanare/mapanare/self/mnc-stage1)
==74937==    by 0x41FA94: lexer__scan_ident (in /mnt/c/Users/Juan/Documents/GitHub/Mapanare/mapanare/self/mnc-stage1)
==74937==    by 0x6A7837F: ???
==74937==    by 0x800000000000000B: ???
==74937==    by 0x6A733D7: ???
==74937==    by 0x3: ???
==74937== 
==74937== 14 bytes in 1 blocks are indirectly lost in loss record 300 of 981
==74937==    at 0x484D953: calloc (in /usr/libexec/valgrind/vgpreload_memcheck-amd64-linux.so)
==74937==    by 0x723DE9: __mn_alloc (in /mnt/c/Users/Juan/Documents/GitHub/Mapanare/mapanare/self/mnc-stage1)
==74937==    by 0x7249CE: __mn_str_concat (in /mnt/c/Users/Juan/Documents/GitHub/Mapanare/mapanare/self/mnc-stage1)
==74937==    by 0x41FA94: lexer__scan_ident (in /mnt/c/Users/Juan/Documents/GitHub/Mapanare/mapanare/self/mnc-stage1)
==74937==    by 0x6A8046F: ???
==74937==    by 0x800000000000000B: ???
==74937==    by 0x6A733D7: ???
==74937==    by 0x19: ???
==74937==    by 0x8: ???
==74937==    by 0x6A7751F: ???
==74937==    by 0x8000000000000000: ???
==74937==    by 0x19: ???
==74937==    by 0x90: ???
==74937== 
==74937== 14 bytes in 1 blocks are indirectly lost in loss record 301 of 981
==74937==    at 0x484D953: calloc (in /usr/libexec/valgrind/vgpreload_memcheck-amd64-linux.so)
==74937==    by 0x723DE9: __mn_alloc (in /mnt/c/Users/Juan/Documents/GitHub/Mapanare/mapanare/self/mnc-stage1)
==74937==    by 0x7249CE: __mn_str_concat (in /mnt/c/Users/Juan/Documents/GitHub/Mapanare/mapanare/self/mnc-stage1)
==74937==    by 0x68C32B: emit_llvm__build_internal_struct_list (in /mnt/c/Users/Juan/Documents/GitHub/Mapanare/mapanare/self/mnc-stage1)
==74937==    by 0x1: ???
==74937==    by 0x7: ???
==74937==    by 0x6AC337F: ???
==74937==    by 0x7: ???
==74937==    by 0xF: ???
==74937== 
==74937== 14 bytes in 2 blocks are indirectly lost in loss record 302 of 981
==74937==    at 0x484D953: calloc (in /usr/libexec/valgrind/vgpreload_memcheck-amd64-linux.so)
==74937==    by 0x723DE9: __mn_alloc (in /mnt/c/Users/Juan/Documents/GitHub/Mapanare/mapanare/self/mnc-stage1)
==74937==    by 0x7249CE: __mn_str_concat (in /mnt/c/Users/Juan/Documents/GitHub/Mapanare/mapanare/self/mnc-stage1)
==74937==    by 0x66DE5C: lower__bind_one_pattern_field (in /mnt/c/Users/Juan/Documents/GitHub/Mapanare/mapanare/self/mnc-stage1)
==74937== 
==74937== 14 bytes in 2 blocks are indirectly lost in loss record 303 of 981
==74937==    at 0x484D953: calloc (in /usr/libexec/valgrind/vgpreload_memcheck-amd64-linux.so)
==74937==    by 0x723DE9: __mn_alloc (in /mnt/c/Users/Juan/Documents/GitHub/Mapanare/mapanare/self/mnc-stage1)
==74937==    by 0x7249CE: __mn_str_concat (in /mnt/c/Users/Juan/Documents/GitHub/Mapanare/mapanare/self/mnc-stage1)
==74937==    by 0x71C957: emit_llvm__emit_mir_function (in /mnt/c/Users/Juan/Documents/GitHub/Mapanare/mapanare/self/mnc-stage1)
==74937==    by 0x3F: ???
==74937== 
==74937== 14 bytes in 4 blocks are definitely lost in loss record 304 of 981
==74937==    at 0x484D953: calloc (in /usr/libexec/valgrind/vgpreload_memcheck-amd64-linux.so)
==74937==    by 0x723DE9: __mn_alloc (in /mnt/c/Users/Juan/Documents/GitHub/Mapanare/mapanare/self/mnc-stage1)
==74937==    by 0x7249CE: __mn_str_concat (in /mnt/c/Users/Juan/Documents/GitHub/Mapanare/mapanare/self/mnc-stage1)
==74937==    by 0x4208EB: lexer__scan_string (in /mnt/c/Users/Juan/Documents/GitHub/Mapanare/mapanare/self/mnc-stage1)
==74937== 
==74937== 15 bytes in 2 blocks are definitely lost in loss record 305 of 981
==74937==    at 0x484D953: calloc (in /usr/libexec/valgrind/vgpreload_memcheck-amd64-linux.so)
==74937==    by 0x723DE9: __mn_alloc (in /mnt/c/Users/Juan/Documents/GitHub/Mapanare/mapanare/self/mnc-stage1)
==74937==    by 0x7249CE: __mn_str_concat (in /mnt/c/Users/Juan/Documents/GitHub/Mapanare/mapanare/self/mnc-stage1)
==74937==    by 0x6DA3D1: emit_llvm__emit_wrap_some (in /mnt/c/Users/Juan/Documents/GitHub/Mapanare/mapanare/self/mnc-stage1)
==74937== 
==74937== 16 bytes in 1 blocks are indirectly lost in loss record 306 of 981
==74937==    at 0x4846828: malloc (in /usr/libexec/valgrind/vgpreload_memcheck-amd64-linux.so)
==74937==    by 0x42FDB5: parser__parse_expr (in /mnt/c/Users/Juan/Documents/GitHub/Mapanare/mapanare/self/mnc-stage1)
==74937== 
==74937== 16 bytes in 1 blocks are indirectly lost in loss record 307 of 981
==74937==    at 0x4846828: malloc (in /usr/libexec/valgrind/vgpreload_memcheck-amd64-linux.so)
==74937==    by 0x42FDDE: parser__parse_expr (in /mnt/c/Users/Juan/Documents/GitHub/Mapanare/mapanare/self/mnc-stage1)
==74937== 
==74937== 16 bytes in 1 blocks are indirectly lost in loss record 308 of 981
==74937==    at 0x4846828: malloc (in /usr/libexec/valgrind/vgpreload_memcheck-amd64-linux.so)
==74937==    by 0x4337AE: parser__parse_if_expr (in /mnt/c/Users/Juan/Documents/GitHub/Mapanare/mapanare/self/mnc-stage1)
==74937== 
==74937== 16 bytes in 1 blocks are indirectly lost in loss record 309 of 981
==74937==    at 0x4846828: malloc (in /usr/libexec/valgrind/vgpreload_memcheck-amd64-linux.so)
==74937==    by 0x433542: parser__parse_atom (in /mnt/c/Users/Juan/Documents/GitHub/Mapanare/mapanare/self/mnc-stage1)
==74937==    by 0x7F: ???
==74937==    by 0x2F: ???
==74937== 
==74937== 16 bytes in 1 blocks are indirectly lost in loss record 310 of 981
==74937==    at 0x4846828: malloc (in /usr/libexec/valgrind/vgpreload_memcheck-amd64-linux.so)
==74937==    by 0x434A5F: parser__parse_pattern_alt (in /mnt/c/Users/Juan/Documents/GitHub/Mapanare/mapanare/self/mnc-stage1)
==74937==    by 0x16: ???
==74937==    by 0x8000000000000000: ???
==74937==    by 0x6A81AEF: ???
==74937== 
==74937== 16 bytes in 1 blocks are indirectly lost in loss record 311 of 981
==74937==    at 0x4846828: malloc (in /usr/libexec/valgrind/vgpreload_memcheck-amd64-linux.so)
==74937==    by 0x433542: parser__parse_atom (in /mnt/c/Users/Juan/Documents/GitHub/Mapanare/mapanare/self/mnc-stage1)
==74937==    by 0x6A82DBF: ???
==74937==    by 0x37: ???
==74937== 
==74937== 16 bytes in 1 blocks are indirectly lost in loss record 312 of 981
==74937==    at 0x4846828: malloc (in /usr/libexec/valgrind/vgpreload_memcheck-amd64-linux.so)
==74937==    by 0x433542: parser__parse_atom (in /mnt/c/Users/Juan/Documents/GitHub/Mapanare/mapanare/self/mnc-stage1)
==74937==    by 0x6A82DBF: ???
==74937==    by 0x39: ???
==74937== 
==74937== 16 bytes in 1 blocks are indirectly lost in loss record 313 of 981
==74937==    at 0x4846828: malloc (in /usr/libexec/valgrind/vgpreload_memcheck-amd64-linux.so)
==74937==    by 0x433542: parser__parse_atom (in /mnt/c/Users/Juan/Documents/GitHub/Mapanare/mapanare/self/mnc-stage1)
==74937==    by 0x6A82DBF: ???
==74937==    by 0x43: ???
==74937== 
==74937== 16 bytes in 1 blocks are indirectly lost in loss record 314 of 981
==74937==    at 0x4846828: malloc (in /usr/libexec/valgrind/vgpreload_memcheck-amd64-linux.so)
==74937==    by 0x432EAD: parser__parse_atom (in /mnt/c/Users/Juan/Documents/GitHub/Mapanare/mapanare/self/mnc-stage1)
==74937==    by 0x6A82DBF: ???
==74937==    by 0x45: ???
==74937== 
==74937== 16 bytes in 1 blocks are indirectly lost in loss record 315 of 981
==74937==    at 0x4846828: malloc (in /usr/libexec/valgrind/vgpreload_memcheck-amd64-linux.so)
==74937==    by 0x433DCD: parser__parse_match_expr (in /mnt/c/Users/Juan/Documents/GitHub/Mapanare/mapanare/self/mnc-stage1)
==74937==    by 0x71: ???
==74937==    by 0x6A8D75F: ???
==74937==    by 0x5: ???
==74937==    by 0x6A8D66F: ???
==74937==    by 0x6A82DBF: ???
==74937==    by 0x71: ???
==74937==    by 0x7F: ???
==74937==    by 0x3F: ???
==74937== 
==74937== 16 bytes in 1 blocks are indirectly lost in loss record 316 of 981
==74937==    at 0x4846828: malloc (in /usr/libexec/valgrind/vgpreload_memcheck-amd64-linux.so)
==74937==    by 0x433542: parser__parse_atom (in /mnt/c/Users/Juan/Documents/GitHub/Mapanare/mapanare/self/mnc-stage1)
==74937==    by 0x71: ???
==74937==    by 0x56: ???
==74937== 
==74937== 16 bytes in 1 blocks are indirectly lost in loss record 317 of 981
==74937==    at 0x4846828: malloc (in /usr/libexec/valgrind/vgpreload_memcheck-amd64-linux.so)
==74937==    by 0x434A5F: parser__parse_pattern_alt (in /mnt/c/Users/Juan/Documents/GitHub/Mapanare/mapanare/self/mnc-stage1)
==74937== 
==74937== 16 bytes in 1 blocks are indirectly lost in loss record 318 of 981
==74937==    at 0x4846828: malloc (in /usr/libexec/valgrind/vgpreload_memcheck-amd64-linux.so)
==74937==    by 0x433542: parser__parse_atom (in /mnt/c/Users/Juan/Documents/GitHub/Mapanare/mapanare/self/mnc-stage1)
==74937==    by 0x6A82DBF: ???
==74937==    by 0x5E: ???
==74937== 
==74937== 16 bytes in 1 blocks are indirectly lost in loss record 319 of 981
==74937==    at 0x4846828: malloc (in /usr/libexec/valgrind/vgpreload_memcheck-amd64-linux.so)
==74937==    by 0x433542: parser__parse_atom (in /mnt/c/Users/Juan/Documents/GitHub/Mapanare/mapanare/self/mnc-stage1)
==74937==    by 0x6A82DBF: ???
==74937==    by 0x60: ???
==74937== 
==74937== 16 bytes in 1 blocks are indirectly lost in loss record 320 of 981
==74937==    at 0x4846828: malloc (in /usr/libexec/valgrind/vgpreload_memcheck-amd64-linux.so)
==74937==    by 0x433542: parser__parse_atom (in /mnt/c/Users/Juan/Documents/GitHub/Mapanare/mapanare/self/mnc-stage1)
==74937==    by 0x6A82DBF: ???
==74937==    by 0x6A: ???
==74937== 
==74937== 16 bytes in 1 blocks are indirectly lost in loss record 321 of 981
==74937==    at 0x4846828: malloc (in /usr/libexec/valgrind/vgpreload_memcheck-amd64-linux.so)
==74937==    by 0x432EAD: parser__parse_atom (in /mnt/c/Users/Juan/Documents/GitHub/Mapanare/mapanare/self/mnc-stage1)
==74937==    by 0x6A82DBF: ???
==74937==    by 0x6C: ???
==74937== 
==74937== 16 bytes in 1 blocks are indirectly lost in loss record 322 of 981
==74937==    at 0x4846828: malloc (in /usr/libexec/valgrind/vgpreload_memcheck-amd64-linux.so)
==74937==    by 0x433DCD: parser__parse_match_expr (in /mnt/c/Users/Juan/Documents/GitHub/Mapanare/mapanare/self/mnc-stage1)
==74937==    by 0x71: ???
==74937==    by 0x6A8F82F: ???
==74937==    by 0x5: ???
==74937==    by 0x6A8F73F: ???
==74937==    by 0x6A82DBF: ???
==74937==    by 0x71: ???
==74937==    by 0x7F: ???
==74937==    by 0x3F: ???
==74937== 
==74937== 16 bytes in 1 blocks are indirectly lost in loss record 323 of 981
==74937==    at 0x4846828: malloc (in /usr/libexec/valgrind/vgpreload_memcheck-amd64-linux.so)
==74937==    by 0x64499F: lower__lower_if (in /mnt/c/Users/Juan/Documents/GitHub/Mapanare/mapanare/self/mnc-stage1)
==74937== 
==74937== 16 bytes in 1 blocks are indirectly lost in loss record 324 of 981
==74937==    at 0x484D953: calloc (in /usr/libexec/valgrind/vgpreload_memcheck-amd64-linux.so)
==74937==    by 0x723DE9: __mn_alloc (in /mnt/c/Users/Juan/Documents/GitHub/Mapanare/mapanare/self/mnc-stage1)
==74937==    by 0x7249CE: __mn_str_concat (in /mnt/c/Users/Juan/Documents/GitHub/Mapanare/mapanare/self/mnc-stage1)
==74937==    by 0x68A844: emit_llvm__build_internal_struct_list (in /mnt/c/Users/Juan/Documents/GitHub/Mapanare/mapanare/self/mnc-stage1)
==74937==    by 0x2: ???
==74937==    by 0x7: ???
==74937==    by 0x6AC0D6F: ???
==74937==    by 0x7: ???
==74937==    by 0xF: ???
==74937== 
==74937== 16 bytes in 1 blocks are indirectly lost in loss record 325 of 981
==74937==    at 0x484D953: calloc (in /usr/libexec/valgrind/vgpreload_memcheck-amd64-linux.so)
==74937==    by 0x723DE9: __mn_alloc (in /mnt/c/Users/Juan/Documents/GitHub/Mapanare/mapanare/self/mnc-stage1)
==74937==    by 0x7249CE: __mn_str_concat (in /mnt/c/Users/Juan/Documents/GitHub/Mapanare/mapanare/self/mnc-stage1)
==74937==    by 0x68AA33: emit_llvm__build_internal_struct_list (in /mnt/c/Users/Juan/Documents/GitHub/Mapanare/mapanare/self/mnc-stage1)
==74937==    by 0x2: ???
==74937==    by 0x7: ???
==74937==    by 0x6AC0E8F: ???
==74937==    by 0x7: ???
==74937==    by 0xF: ???
==74937== 
==74937== 16 bytes in 1 blocks are indirectly lost in loss record 326 of 981
==74937==    at 0x484D953: calloc (in /usr/libexec/valgrind/vgpreload_memcheck-amd64-linux.so)
==74937==    by 0x723DE9: __mn_alloc (in /mnt/c/Users/Juan/Documents/GitHub/Mapanare/mapanare/self/mnc-stage1)
==74937==    by 0x7249CE: __mn_str_concat (in /mnt/c/Users/Juan/Documents/GitHub/Mapanare/mapanare/self/mnc-stage1)
==74937==    by 0x68C167: emit_llvm__build_internal_struct_list (in /mnt/c/Users/Juan/Documents/GitHub/Mapanare/mapanare/self/mnc-stage1)
==74937==    by 0x2: ???
==74937==    by 0x7: ???
==74937==    by 0x6AC325F: ???
==74937==    by 0x7: ???
==74937==    by 0xF: ???
==74937== 
==74937== 16 bytes in 1 blocks are definitely lost in loss record 327 of 981
==74937==    at 0x4846828: malloc (in /usr/libexec/valgrind/vgpreload_memcheck-amd64-linux.so)
==74937==    by 0x728B99: __mn_range (in /mnt/c/Users/Juan/Documents/GitHub/Mapanare/mapanare/self/mnc-stage1)
==74937==    by 0x41FF75: lexer__scan_number (in /mnt/c/Users/Juan/Documents/GitHub/Mapanare/mapanare/self/mnc-stage1)
==74937==    by 0x6A7A2FF: ???
==74937==    by 0x6A73257: ???
==74937== 
==74937== 16 bytes in 1 blocks are definitely lost in loss record 328 of 981
==74937==    at 0x4846828: malloc (in /usr/libexec/valgrind/vgpreload_memcheck-amd64-linux.so)
==74937==    by 0x728B99: __mn_range (in /mnt/c/Users/Juan/Documents/GitHub/Mapanare/mapanare/self/mnc-stage1)
==74937==    by 0x41FF75: lexer__scan_number (in /mnt/c/Users/Juan/Documents/GitHub/Mapanare/mapanare/self/mnc-stage1)
==74937==    by 0x6A7CB2F: ???
==74937==    by 0x6A73257: ???
==74937== 
==74937== 16 bytes in 1 blocks are definitely lost in loss record 329 of 981
==74937==    at 0x4846828: malloc (in /usr/libexec/valgrind/vgpreload_memcheck-amd64-linux.so)
==74937==    by 0x728B99: __mn_range (in /mnt/c/Users/Juan/Documents/GitHub/Mapanare/mapanare/self/mnc-stage1)
==74937==    by 0x41FF75: lexer__scan_number (in /mnt/c/Users/Juan/Documents/GitHub/Mapanare/mapanare/self/mnc-stage1)
==74937==    by 0x6A805FF: ???
==74937==    by 0x6A73257: ???
==74937== 
==74937== 16 bytes in 1 blocks are definitely lost in loss record 330 of 981
==74937==    at 0x4846828: malloc (in /usr/libexec/valgrind/vgpreload_memcheck-amd64-linux.so)
==74937==    by 0x728B99: __mn_range (in /mnt/c/Users/Juan/Documents/GitHub/Mapanare/mapanare/self/mnc-stage1)
==74937==    by 0x41FF75: lexer__scan_number (in /mnt/c/Users/Juan/Documents/GitHub/Mapanare/mapanare/self/mnc-stage1)
==74937==    by 0x6A8787F: ???
==74937==    by 0x6A73257: ???
==74937== 
==74937== 16 bytes in 1 blocks are definitely lost in loss record 331 of 981
==74937==    at 0x4846828: malloc (in /usr/libexec/valgrind/vgpreload_memcheck-amd64-linux.so)
==74937==    by 0x728B99: __mn_range (in /mnt/c/Users/Juan/Documents/GitHub/Mapanare/mapanare/self/mnc-stage1)
==74937==    by 0x423BE0: parser__parse (in /mnt/c/Users/Juan/Documents/GitHub/Mapanare/mapanare/self/mnc-stage1)
==74937== 
==74937== 16 bytes in 1 blocks are definitely lost in loss record 332 of 981
==74937==    at 0x4846828: malloc (in /usr/libexec/valgrind/vgpreload_memcheck-amd64-linux.so)
==74937==    by 0x728B99: __mn_range (in /mnt/c/Users/Juan/Documents/GitHub/Mapanare/mapanare/self/mnc-stage1)
==74937==    by 0x42308E: parser__skip_semis (in /mnt/c/Users/Juan/Documents/GitHub/Mapanare/mapanare/self/mnc-stage1)
==74937==    by 0x1: ???
==74937==    by 0x73CAE7: ??? (in /mnt/c/Users/Juan/Documents/GitHub/Mapanare/mapanare/self/mnc-stage1)
==74937==    by 0x5: ???
==74937==    by 0x73CAEF: ??? (in /mnt/c/Users/Juan/Documents/GitHub/Mapanare/mapanare/self/mnc-stage1)
==74937== 
==74937== 16 bytes in 1 blocks are definitely lost in loss record 333 of 981
==74937==    at 0x4846828: malloc (in /usr/libexec/valgrind/vgpreload_memcheck-amd64-linux.so)
==74937==    by 0x728B99: __mn_range (in /mnt/c/Users/Juan/Documents/GitHub/Mapanare/mapanare/self/mnc-stage1)
==74937==    by 0x4272DB: parser__parse_fn_params (in /mnt/c/Users/Juan/Documents/GitHub/Mapanare/mapanare/self/mnc-stage1)
==74937==    by 0x3F: ???
==74937==    by 0x2: ???
==74937==    by 0x7521FF: ??? (in /mnt/c/Users/Juan/Documents/GitHub/Mapanare/mapanare/self/mnc-stage1)
==74937== 
==74937== 16 bytes in 1 blocks are definitely lost in loss record 334 of 981
==74937==    at 0x4846828: malloc (in /usr/libexec/valgrind/vgpreload_memcheck-amd64-linux.so)
==74937==    by 0x728B99: __mn_range (in /mnt/c/Users/Juan/Documents/GitHub/Mapanare/mapanare/self/mnc-stage1)
==74937==    by 0x4367A2: parser__parse_generic_type (in /mnt/c/Users/Juan/Documents/GitHub/Mapanare/mapanare/self/mnc-stage1)
==74937== 
==74937== 16 bytes in 1 blocks are definitely lost in loss record 335 of 981
==74937==    at 0x4846828: malloc (in /usr/libexec/valgrind/vgpreload_memcheck-amd64-linux.so)
==74937==    by 0x728B99: __mn_range (in /mnt/c/Users/Juan/Documents/GitHub/Mapanare/mapanare/self/mnc-stage1)
==74937==    by 0x42EB95: parser__parse_block (in /mnt/c/Users/Juan/Documents/GitHub/Mapanare/mapanare/self/mnc-stage1)
==74937==    by 0xF: ???
==74937==    by 0xC: ???
==74937== 
==74937== 16 bytes in 1 blocks are definitely lost in loss record 336 of 981
==74937==    at 0x4846828: malloc (in /usr/libexec/valgrind/vgpreload_memcheck-amd64-linux.so)
==74937==    by 0x728B99: __mn_range (in /mnt/c/Users/Juan/Documents/GitHub/Mapanare/mapanare/self/mnc-stage1)
==74937==    by 0x42308E: parser__skip_semis (in /mnt/c/Users/Juan/Documents/GitHub/Mapanare/mapanare/self/mnc-stage1)
==74937==    by 0xA: ???
==74937==    by 0x724D2C: __mn_str_eq (in /mnt/c/Users/Juan/Documents/GitHub/Mapanare/mapanare/self/mnc-stage1)
==74937==    by 0x422FF4: parser__expect (in /mnt/c/Users/Juan/Documents/GitHub/Mapanare/mapanare/self/mnc-stage1)
==74937== 
==74937== 16 bytes in 1 blocks are definitely lost in loss record 337 of 981
==74937==    at 0x4846828: malloc (in /usr/libexec/valgrind/vgpreload_memcheck-amd64-linux.so)
==74937==    by 0x728B99: __mn_range (in /mnt/c/Users/Juan/Documents/GitHub/Mapanare/mapanare/self/mnc-stage1)
==74937==    by 0x4306E0: parser__parse_postfix (in /mnt/c/Users/Juan/Documents/GitHub/Mapanare/mapanare/self/mnc-stage1)
==74937==    by 0xE: ???
==74937==    by 0x6A8BBCF: ???
==74937==    by 0x5: ???
==74937== 
==74937== 16 bytes in 1 blocks are definitely lost in loss record 338 of 981
==74937==    at 0x4846828: malloc (in /usr/libexec/valgrind/vgpreload_memcheck-amd64-linux.so)
==74937==    by 0x728B99: __mn_range (in /mnt/c/Users/Juan/Documents/GitHub/Mapanare/mapanare/self/mnc-stage1)
==74937==    by 0x4306E0: parser__parse_postfix (in /mnt/c/Users/Juan/Documents/GitHub/Mapanare/mapanare/self/mnc-stage1)
==74937==    by 0x10: ???
==74937==    by 0x6A8BCBF: ???
==74937== 
==74937== 16 bytes in 1 blocks are definitely lost in loss record 339 of 981
==74937==    at 0x4846828: malloc (in /usr/libexec/valgrind/vgpreload_memcheck-amd64-linux.so)
==74937==    by 0x728B99: __mn_range (in /mnt/c/Users/Juan/Documents/GitHub/Mapanare/mapanare/self/mnc-stage1)
==74937==    by 0x42EB95: parser__parse_block (in /mnt/c/Users/Juan/Documents/GitHub/Mapanare/mapanare/self/mnc-stage1)
==74937==    by 0x71: ???
==74937==    by 0x11: ???
==74937== 
==74937== 16 bytes in 1 blocks are definitely lost in loss record 340 of 981
==74937==    at 0x4846828: malloc (in /usr/libexec/valgrind/vgpreload_memcheck-amd64-linux.so)
==74937==    by 0x728B99: __mn_range (in /mnt/c/Users/Juan/Documents/GitHub/Mapanare/mapanare/self/mnc-stage1)
==74937==    by 0x4306E0: parser__parse_postfix (in /mnt/c/Users/Juan/Documents/GitHub/Mapanare/mapanare/self/mnc-stage1)
==74937==    by 0x13: ???
==74937==    by 0x6A8BF4F: ???
==74937==    by 0x5: ???
==74937== 
==74937== 16 bytes in 1 blocks are definitely lost in loss record 341 of 981
==74937==    at 0x4846828: malloc (in /usr/libexec/valgrind/vgpreload_memcheck-amd64-linux.so)
==74937==    by 0x728B99: __mn_range (in /mnt/c/Users/Juan/Documents/GitHub/Mapanare/mapanare/self/mnc-stage1)
==74937==    by 0x4306E0: parser__parse_postfix (in /mnt/c/Users/Juan/Documents/GitHub/Mapanare/mapanare/self/mnc-stage1)
==74937==    by 0x15: ???
==74937==    by 0x6A8BFEF: ???
==74937==    by 0x5: ???
==74937==    by 0x3F: ???
==74937==    by 0x6A715AF: ???
==74937==    by 0x4012BFB: _dl_fixup (dl-runtime.c:95)
==74937==    by 0x4: ???
==74937== 
==74937== 16 bytes in 1 blocks are definitely lost in loss record 342 of 981
==74937==    at 0x4846828: malloc (in /usr/libexec/valgrind/vgpreload_memcheck-amd64-linux.so)
==74937==    by 0x728B99: __mn_range (in /mnt/c/Users/Juan/Documents/GitHub/Mapanare/mapanare/self/mnc-stage1)
==74937==    by 0x42FA6B: parser__parse_expr (in /mnt/c/Users/Juan/Documents/GitHub/Mapanare/mapanare/self/mnc-stage1)
==74937==    by 0x6A82DBF: ???
==74937==    by 0x8: ???
==74937==    by 0x6A8C1FF: ???
==74937==    by 0x3F: ???
==74937==    by 0x71: ???
==74937==    by 0x7F: ???
==74937==    by 0x6A82DBF: ???
==74937==    by 0x6A82DBF: ???
==74937==    by 0x71: ???
==74937==    by 0x7F: ???
==74937==    by 0x3F: ???
==74937== 
==74937== 16 bytes in 1 blocks are definitely lost in loss record 343 of 981
==74937==    at 0x4846828: malloc (in /usr/libexec/valgrind/vgpreload_memcheck-amd64-linux.so)
==74937==    by 0x728B99: __mn_range (in /mnt/c/Users/Juan/Documents/GitHub/Mapanare/mapanare/self/mnc-stage1)
==74937==    by 0x42308E: parser__skip_semis (in /mnt/c/Users/Juan/Documents/GitHub/Mapanare/mapanare/self/mnc-stage1)
==74937==    by 0x6A8BEFF: ???
==74937== 
==74937== 16 bytes in 1 blocks are definitely lost in loss record 344 of 981
==74937==    at 0x4846828: malloc (in /usr/libexec/valgrind/vgpreload_memcheck-amd64-linux.so)
==74937==    by 0x728B99: __mn_range (in /mnt/c/Users/Juan/Documents/GitHub/Mapanare/mapanare/self/mnc-stage1)
==74937==    by 0x4306E0: parser__parse_postfix (in /mnt/c/Users/Juan/Documents/GitHub/Mapanare/mapanare/self/mnc-stage1)
==74937==    by 0x17: ???
==74937==    by 0x6A8C48F: ???
==74937==    by 0x1E: ???
==74937== 
==74937== 16 bytes in 1 blocks are definitely lost in loss record 345 of 981
==74937==    at 0x4846828: malloc (in /usr/libexec/valgrind/vgpreload_memcheck-amd64-linux.so)
==74937==    by 0x728B99: __mn_range (in /mnt/c/Users/Juan/Documents/GitHub/Mapanare/mapanare/self/mnc-stage1)
==74937==    by 0x42308E: parser__skip_semis (in /mnt/c/Users/Juan/Documents/GitHub/Mapanare/mapanare/self/mnc-stage1)
==74937==    by 0x6A8BB7F: ???
==74937== 
==74937== 16 bytes in 1 blocks are definitely lost in loss record 346 of 981
==74937==    at 0x4846828: malloc (in /usr/libexec/valgrind/vgpreload_memcheck-amd64-linux.so)
==74937==    by 0x728B99: __mn_range (in /mnt/c/Users/Juan/Documents/GitHub/Mapanare/mapanare/self/mnc-stage1)
==74937==    by 0x4306E0: parser__parse_postfix (in /mnt/c/Users/Juan/Documents/GitHub/Mapanare/mapanare/self/mnc-stage1)
==74937==    by 0x19: ???
==74937==    by 0x6A8C79F: ???
==74937==    by 0x5: ???
==74937== 
==74937== 16 bytes in 1 blocks are definitely lost in loss record 347 of 981
==74937==    at 0x4846828: malloc (in /usr/libexec/valgrind/vgpreload_memcheck-amd64-linux.so)
==74937==    by 0x728B99: __mn_range (in /mnt/c/Users/Juan/Documents/GitHub/Mapanare/mapanare/self/mnc-stage1)
==74937==    by 0x4306E0: parser__parse_postfix (in /mnt/c/Users/Juan/Documents/GitHub/Mapanare/mapanare/self/mnc-stage1)
==74937==    by 0x1B: ???
==74937==    by 0x6A8C83F: ???
==74937== 
==74937== 16 bytes in 1 blocks are definitely lost in loss record 348 of 981
==74937==    at 0x4846828: malloc (in /usr/libexec/valgrind/vgpreload_memcheck-amd64-linux.so)
==74937==    by 0x728B99: __mn_range (in /mnt/c/Users/Juan/Documents/GitHub/Mapanare/mapanare/self/mnc-stage1)
==74937==    by 0x42FA6B: parser__parse_expr (in /mnt/c/Users/Juan/Documents/GitHub/Mapanare/mapanare/self/mnc-stage1)
==74937==    by 0xF: ???
==74937== 
==74937== 16 bytes in 1 blocks are definitely lost in loss record 349 of 981
==74937==    at 0x4846828: malloc (in /usr/libexec/valgrind/vgpreload_memcheck-amd64-linux.so)
==74937==    by 0x728B99: __mn_range (in /mnt/c/Users/Juan/Documents/GitHub/Mapanare/mapanare/self/mnc-stage1)
==74937==    by 0x42FA6B: parser__parse_expr (in /mnt/c/Users/Juan/Documents/GitHub/Mapanare/mapanare/self/mnc-stage1)
==74937==    by 0x6A82DBF: ???
==74937==    by 0x8: ???
==74937==    by 0x6A8CA4F: ???
==74937==    by 0x3F: ???
==74937==    by 0x71: ???
==74937==    by 0x7F: ???
==74937==    by 0x6A82DBF: ???
==74937==    by 0x6A82DBF: ???
==74937==    by 0x71: ???
==74937==    by 0x7F: ???
==74937==    by 0x3F: ???
==74937== 
==74937== 16 bytes in 1 blocks are definitely lost in loss record 350 of 981
==74937==    at 0x4846828: malloc (in /usr/libexec/valgrind/vgpreload_memcheck-amd64-linux.so)
==74937==    by 0x728B99: __mn_range (in /mnt/c/Users/Juan/Documents/GitHub/Mapanare/mapanare/self/mnc-stage1)
==74937==    by 0x42308E: parser__skip_semis (in /mnt/c/Users/Juan/Documents/GitHub/Mapanare/mapanare/self/mnc-stage1)
==74937==    by 0x6A8C74F: ???
==74937== 
==74937== 16 bytes in 1 blocks are definitely lost in loss record 351 of 981
==74937==    at 0x4846828: malloc (in /usr/libexec/valgrind/vgpreload_memcheck-amd64-linux.so)
==74937==    by 0x728B99: __mn_range (in /mnt/c/Users/Juan/Documents/GitHub/Mapanare/mapanare/self/mnc-stage1)
==74937==    by 0x42308E: parser__skip_semis (in /mnt/c/Users/Juan/Documents/GitHub/Mapanare/mapanare/self/mnc-stage1)
==74937==    by 0x6A8B5BF: ???
==74937== 
==74937== 16 bytes in 1 blocks are definitely lost in loss record 352 of 981
==74937==    at 0x4846828: malloc (in /usr/libexec/valgrind/vgpreload_memcheck-amd64-linux.so)
==74937==    by 0x728B99: __mn_range (in /mnt/c/Users/Juan/Documents/GitHub/Mapanare/mapanare/self/mnc-stage1)
==74937==    by 0x42EB95: parser__parse_block (in /mnt/c/Users/Juan/Documents/GitHub/Mapanare/mapanare/self/mnc-stage1)
==74937==    by 0x6A8BB2F: ???
==74937==    by 0x22: ???
==74937== 
==74937== 16 bytes in 1 blocks are definitely lost in loss record 353 of 981
==74937==    at 0x4846828: malloc (in /usr/libexec/valgrind/vgpreload_memcheck-amd64-linux.so)
==74937==    by 0x728B99: __mn_range (in /mnt/c/Users/Juan/Documents/GitHub/Mapanare/mapanare/self/mnc-stage1)
==74937==    by 0x42308E: parser__skip_semis (in /mnt/c/Users/Juan/Documents/GitHub/Mapanare/mapanare/self/mnc-stage1)
==74937==    by 0x6A8CBBF: ???
==74937==    by 0x724D2C: __mn_str_eq (in /mnt/c/Users/Juan/Documents/GitHub/Mapanare/mapanare/self/mnc-stage1)
==74937==    by 0x422FF4: parser__expect (in /mnt/c/Users/Juan/Documents/GitHub/Mapanare/mapanare/self/mnc-stage1)
==74937==    by 0x7F: ???
==74937==    by 0x6A82DBF: ???
==74937==    by 0x71: ???
==74937==    by 0x7F: ???
==74937==    by 0x3F: ???
==74937==    by 0x6A8CE7F: ???
==74937==    by 0x1101: ???
==74937==    by 0x580053FF: ??? (in /usr/libexec/valgrind/memcheck-amd64-linux)
==74937==    by 0xF: ???
==74937== 
==74937== 16 bytes in 1 blocks are definitely lost in loss record 354 of 981
==74937==    at 0x4846828: malloc (in /usr/libexec/valgrind/vgpreload_memcheck-amd64-linux.so)
==74937==    by 0x728B99: __mn_range (in /mnt/c/Users/Juan/Documents/GitHub/Mapanare/mapanare/self/mnc-stage1)
==74937==    by 0x4306E0: parser__parse_postfix (in /mnt/c/Users/Juan/Documents/GitHub/Mapanare/mapanare/self/mnc-stage1)
==74937==    by 0x2B: ???
==74937==    by 0x6A8D10F: ???
==74937==    by 0x5: ???
==74937==    by 0x580053FF: ??? (in /usr/libexec/valgrind/memcheck-amd64-linux)
==74937==    by 0xF: ???
==74937== 
==74937== 16 bytes in 1 blocks are definitely lost in loss record 355 of 981
==74937==    at 0x4846828: malloc (in /usr/libexec/valgrind/vgpreload_memcheck-amd64-linux.so)
==74937==    by 0x728B99: __mn_range (in /mnt/c/Users/Juan/Documents/GitHub/Mapanare/mapanare/self/mnc-stage1)
==74937==    by 0x4306E0: parser__parse_postfix (in /mnt/c/Users/Juan/Documents/GitHub/Mapanare/mapanare/self/mnc-stage1)
==74937==    by 0x2D: ???
==74937==    by 0x6A8D1AF: ???
==74937== 
==74937== 16 bytes in 1 blocks are definitely lost in loss record 356 of 981
==74937==    at 0x4846828: malloc (in /usr/libexec/valgrind/vgpreload_memcheck-amd64-linux.so)
==74937==    by 0x728B99: __mn_range (in /mnt/c/Users/Juan/Documents/GitHub/Mapanare/mapanare/self/mnc-stage1)
==74937==    by 0x42308E: parser__skip_semis (in /mnt/c/Users/Juan/Documents/GitHub/Mapanare/mapanare/self/mnc-stage1)
==74937==    by 0x6A8CECF: ???
==74937== 
==74937== 16 bytes in 1 blocks are definitely lost in loss record 357 of 981
==74937==    at 0x4846828: malloc (in /usr/libexec/valgrind/vgpreload_memcheck-amd64-linux.so)
==74937==    by 0x728B99: __mn_range (in /mnt/c/Users/Juan/Documents/GitHub/Mapanare/mapanare/self/mnc-stage1)
==74937==    by 0x4306E0: parser__parse_postfix (in /mnt/c/Users/Juan/Documents/GitHub/Mapanare/mapanare/self/mnc-stage1)
==74937==    by 0x30: ???
==74937==    by 0x6A8D66F: ???
==74937==    by 0x5: ???
==74937==    by 0x71: ???
==74937==    by 0x7F: ???
==74937==    by 0x3F: ???
==74937== 
==74937== 16 bytes in 1 blocks are definitely lost in loss record 358 of 981
==74937==    at 0x4846828: malloc (in /usr/libexec/valgrind/vgpreload_memcheck-amd64-linux.so)
==74937==    by 0x728B99: __mn_range (in /mnt/c/Users/Juan/Documents/GitHub/Mapanare/mapanare/self/mnc-stage1)
==74937==    by 0x42FA6B: parser__parse_expr (in /mnt/c/Users/Juan/Documents/GitHub/Mapanare/mapanare/self/mnc-stage1)
==74937==    by 0x6A82DBF: ???
==74937==    by 0x5: ???
==74937==    by 0x6A8D66F: ???
==74937==    by 0x3F: ???
==74937==    by 0x71: ???
==74937==    by 0x7F: ???
==74937==    by 0x6A82DBF: ???
==74937==    by 0x6A82DBF: ???
==74937==    by 0x71: ???
==74937==    by 0x7F: ???
==74937==    by 0x3F: ???
==74937== 
==74937== 16 bytes in 1 blocks are definitely lost in loss record 359 of 981
==74937==    at 0x4846828: malloc (in /usr/libexec/valgrind/vgpreload_memcheck-amd64-linux.so)
==74937==    by 0x728B99: __mn_range (in /mnt/c/Users/Juan/Documents/GitHub/Mapanare/mapanare/self/mnc-stage1)
==74937==    by 0x433B5C: parser__parse_match_expr (in /mnt/c/Users/Juan/Documents/GitHub/Mapanare/mapanare/self/mnc-stage1)
==74937==    by 0x71: ???
==74937==    by 0x7F: ???
==74937==    by 0x5: ???
==74937==    by 0x6A8D66F: ???
==74937==    by 0x71: ???
==74937==    by 0x7F: ???
==74937==    by 0x3F: ???
==74937== 
==74937== 16 bytes in 1 blocks are definitely lost in loss record 360 of 981
==74937==    at 0x4846828: malloc (in /usr/libexec/valgrind/vgpreload_memcheck-amd64-linux.so)
==74937==    by 0x728B99: __mn_range (in /mnt/c/Users/Juan/Documents/GitHub/Mapanare/mapanare/self/mnc-stage1)
==74937==    by 0x42EB95: parser__parse_block (in /mnt/c/Users/Juan/Documents/GitHub/Mapanare/mapanare/self/mnc-stage1)
==74937==    by 0x6A82DBF: ???
==74937==    by 0x37: ???
==74937== 
==74937== 16 bytes in 1 blocks are definitely lost in loss record 361 of 981
==74937==    at 0x4846828: malloc (in /usr/libexec/valgrind/vgpreload_memcheck-amd64-linux.so)
==74937==    by 0x728B99: __mn_range (in /mnt/c/Users/Juan/Documents/GitHub/Mapanare/mapanare/self/mnc-stage1)
==74937==    by 0x42308E: parser__skip_semis (in /mnt/c/Users/Juan/Documents/GitHub/Mapanare/mapanare/self/mnc-stage1)
==74937==    by 0x7F: ???
==74937==    by 0x724D2C: __mn_str_eq (in /mnt/c/Users/Juan/Documents/GitHub/Mapanare/mapanare/self/mnc-stage1)
==74937==    by 0x422FF4: parser__expect (in /mnt/c/Users/Juan/Documents/GitHub/Mapanare/mapanare/self/mnc-stage1)
==74937==    by 0x71: ???
==74937==    by 0x6A82DBF: ???
==74937==    by 0x71: ???
==74937==    by 0x7F: ???
==74937==    by 0x3F: ???
==74937==    by 0x6A8D9EF: ???
==74937==    by 0x1101: ???
==74937==    by 0x580053FF: ??? (in /usr/libexec/valgrind/memcheck-amd64-linux)
==74937==    by 0xF: ???
==74937== 
==74937== 16 bytes in 1 blocks are definitely lost in loss record 362 of 981
==74937==    at 0x4846828: malloc (in /usr/libexec/valgrind/vgpreload_memcheck-amd64-linux.so)
==74937==    by 0x728B99: __mn_range (in /mnt/c/Users/Juan/Documents/GitHub/Mapanare/mapanare/self/mnc-stage1)
==74937==    by 0x4306E0: parser__parse_postfix (in /mnt/c/Users/Juan/Documents/GitHub/Mapanare/mapanare/self/mnc-stage1)
==74937==    by 0x38: ???
==74937==    by 0x6A8DA8F: ???
==74937==    by 0x5: ???
==74937==    by 0x580053FF: ??? (in /usr/libexec/valgrind/memcheck-amd64-linux)
==74937==    by 0xF: ???
==74937== 
==74937== 16 bytes in 1 blocks are definitely lost in loss record 363 of 981
==74937==    at 0x4846828: malloc (in /usr/libexec/valgrind/vgpreload_memcheck-amd64-linux.so)
==74937==    by 0x728B99: __mn_range (in /mnt/c/Users/Juan/Documents/GitHub/Mapanare/mapanare/self/mnc-stage1)
==74937==    by 0x4306E0: parser__parse_postfix (in /mnt/c/Users/Juan/Documents/GitHub/Mapanare/mapanare/self/mnc-stage1)
==74937==    by 0x3A: ???
==74937==    by 0x6A8DB2F: ???
==74937==    by 0x5: ???
==74937== 
==74937== 16 bytes in 1 blocks are definitely lost in loss record 364 of 981
==74937==    at 0x4846828: malloc (in /usr/libexec/valgrind/vgpreload_memcheck-amd64-linux.so)
==74937==    by 0x728B99: __mn_range (in /mnt/c/Users/Juan/Documents/GitHub/Mapanare/mapanare/self/mnc-stage1)
==74937==    by 0x4306E0: parser__parse_postfix (in /mnt/c/Users/Juan/Documents/GitHub/Mapanare/mapanare/self/mnc-stage1)
==74937==    by 0x3C: ???
==74937==    by 0x6A8DBCF: ???
==74937==    by 0x5: ???
==74937== 
==74937== 16 bytes in 1 blocks are definitely lost in loss record 365 of 981
==74937==    at 0x4846828: malloc (in /usr/libexec/valgrind/vgpreload_memcheck-amd64-linux.so)
==74937==    by 0x728B99: __mn_range (in /mnt/c/Users/Juan/Documents/GitHub/Mapanare/mapanare/self/mnc-stage1)
==74937==    by 0x42FA6B: parser__parse_expr (in /mnt/c/Users/Juan/Documents/GitHub/Mapanare/mapanare/self/mnc-stage1)
==74937==    by 0xF: ???
==74937==    by 0x8: ???
==74937==    by 0x6A8DDDF: ???
==74937==    by 0x3F: ???
==74937==    by 0x71: ???
==74937==    by 0x7F: ???
==74937==    by 0x6A82DBF: ???
==74937==    by 0x6A82DBF: ???
==74937==    by 0x71: ???
==74937==    by 0x7F: ???
==74937==    by 0x3F: ???
==74937== 
==74937== 16 bytes in 1 blocks are definitely lost in loss record 366 of 981
==74937==    at 0x4846828: malloc (in /usr/libexec/valgrind/vgpreload_memcheck-amd64-linux.so)
==74937==    by 0x728B99: __mn_range (in /mnt/c/Users/Juan/Documents/GitHub/Mapanare/mapanare/self/mnc-stage1)
==74937==    by 0x42FA6B: parser__parse_expr (in /mnt/c/Users/Juan/Documents/GitHub/Mapanare/mapanare/self/mnc-stage1)
==74937==    by 0x6A7619F: ???
==74937==    by 0x8: ???
==74937==    by 0x6A8E00F: ???
==74937==    by 0x3F: ???
==74937==    by 0x71: ???
==74937==    by 0x7F: ???
==74937==    by 0x6A82DBF: ???
==74937==    by 0x6A82DBF: ???
==74937==    by 0x71: ???
==74937==    by 0x7F: ???
==74937==    by 0x3F: ???
==74937== 
==74937== 16 bytes in 1 blocks are definitely lost in loss record 367 of 981
==74937==    at 0x4846828: malloc (in /usr/libexec/valgrind/vgpreload_memcheck-amd64-linux.so)
==74937==    by 0x728B99: __mn_range (in /mnt/c/Users/Juan/Documents/GitHub/Mapanare/mapanare/self/mnc-stage1)
==74937==    by 0x42308E: parser__skip_semis (in /mnt/c/Users/Juan/Documents/GitHub/Mapanare/mapanare/self/mnc-stage1)
==74937==    by 0x6A8DA3F: ???
==74937== 
==74937== 16 bytes in 1 blocks are definitely lost in loss record 368 of 981
==74937==    at 0x4846828: malloc (in /usr/libexec/valgrind/vgpreload_memcheck-amd64-linux.so)
==74937==    by 0x728B99: __mn_range (in /mnt/c/Users/Juan/Documents/GitHub/Mapanare/mapanare/self/mnc-stage1)
==74937==    by 0x42308E: parser__skip_semis (in /mnt/c/Users/Juan/Documents/GitHub/Mapanare/mapanare/self/mnc-stage1)
==74937==    by 0x6A8D96F: ???
==74937==    by 0x2: ???
==74937== 
==74937== 16 bytes in 1 blocks are definitely lost in loss record 369 of 981
==74937==    at 0x4846828: malloc (in /usr/libexec/valgrind/vgpreload_memcheck-amd64-linux.so)
==74937==    by 0x728B99: __mn_range (in /mnt/c/Users/Juan/Documents/GitHub/Mapanare/mapanare/self/mnc-stage1)
==74937==    by 0x42EB95: parser__parse_block (in /mnt/c/Users/Juan/Documents/GitHub/Mapanare/mapanare/self/mnc-stage1)
==74937==    by 0x6A82DBF: ???
==74937==    by 0x43: ???
==74937== 
==74937== 16 bytes in 1 blocks are definitely lost in loss record 370 of 981
==74937==    at 0x4846828: malloc (in /usr/libexec/valgrind/vgpreload_memcheck-amd64-linux.so)
==74937==    by 0x728B99: __mn_range (in /mnt/c/Users/Juan/Documents/GitHub/Mapanare/mapanare/self/mnc-stage1)
==74937==    by 0x42308E: parser__skip_semis (in /mnt/c/Users/Juan/Documents/GitHub/Mapanare/mapanare/self/mnc-stage1)
==74937==    by 0x7F: ???
==74937==    by 0x724D2C: __mn_str_eq (in /mnt/c/Users/Juan/Documents/GitHub/Mapanare/mapanare/self/mnc-stage1)
==74937==    by 0x422FF4: parser__expect (in /mnt/c/Users/Juan/Documents/GitHub/Mapanare/mapanare/self/mnc-stage1)
==74937==    by 0x71: ???
==74937==    by 0x6A82DBF: ???
==74937==    by 0x71: ???
==74937==    by 0x7F: ???
==74937==    by 0x3F: ???
==74937==    by 0x6A8E67F: ???
==74937==    by 0x1101: ???
==74937==    by 0x580053FF: ??? (in /usr/libexec/valgrind/memcheck-amd64-linux)
==74937==    by 0xF: ???
==74937== 
==74937== 16 bytes in 1 blocks are definitely lost in loss record 371 of 981
==74937==    at 0x4846828: malloc (in /usr/libexec/valgrind/vgpreload_memcheck-amd64-linux.so)
==74937==    by 0x728B99: __mn_range (in /mnt/c/Users/Juan/Documents/GitHub/Mapanare/mapanare/self/mnc-stage1)
==74937==    by 0x4306E0: parser__parse_postfix (in /mnt/c/Users/Juan/Documents/GitHub/Mapanare/mapanare/self/mnc-stage1)
==74937==    by 0x44: ???
==74937==    by 0x6A8E71F: ???
==74937==    by 0x5: ???
==74937== 
==74937== 16 bytes in 1 blocks are definitely lost in loss record 372 of 981
==74937==    at 0x4846828: malloc (in /usr/libexec/valgrind/vgpreload_memcheck-amd64-linux.so)
==74937==    by 0x728B99: __mn_range (in /mnt/c/Users/Juan/Documents/GitHub/Mapanare/mapanare/self/mnc-stage1)
==74937==    by 0x4306E0: parser__parse_postfix (in /mnt/c/Users/Juan/Documents/GitHub/Mapanare/mapanare/self/mnc-stage1)
==74937==    by 0x46: ???
==74937==    by 0x6A8E94F: ???
==74937==    by 0x1: ???
==74937== 
==74937== 16 bytes in 1 blocks are definitely lost in loss record 373 of 981
==74937==    at 0x4846828: malloc (in /usr/libexec/valgrind/vgpreload_memcheck-amd64-linux.so)
==74937==    by 0x728B99: __mn_range (in /mnt/c/Users/Juan/Documents/GitHub/Mapanare/mapanare/self/mnc-stage1)
==74937==    by 0x42FA6B: parser__parse_expr (in /mnt/c/Users/Juan/Documents/GitHub/Mapanare/mapanare/self/mnc-stage1)
==74937==    by 0xF: ???
==74937==    by 0x1: ???
==74937==    by 0x6A8E94F: ???
==74937==    by 0x3F: ???
==74937==    by 0x71: ???
==74937==    by 0x7F: ???
==74937==    by 0x6A82DBF: ???
==74937==    by 0x6A82DBF: ???
==74937==    by 0x71: ???
==74937==    by 0x7F: ???
==74937==    by 0x3F: ???
==74937== 
==74937== 16 bytes in 1 blocks are definitely lost in loss record 374 of 981
==74937==    at 0x4846828: malloc (in /usr/libexec/valgrind/vgpreload_memcheck-amd64-linux.so)
==74937==    by 0x728B99: __mn_range (in /mnt/c/Users/Juan/Documents/GitHub/Mapanare/mapanare/self/mnc-stage1)
==74937==    by 0x42FA6B: parser__parse_expr (in /mnt/c/Users/Juan/Documents/GitHub/Mapanare/mapanare/self/mnc-stage1)
==74937==    by 0x6A7619F: ???
==74937==    by 0x8: ???
==74937==    by 0x6A8EB5F: ???
==74937==    by 0x3F: ???
==74937==    by 0x71: ???
==74937==    by 0x7F: ???
==74937==    by 0x6A82DBF: ???
==74937==    by 0x6A82DBF: ???
==74937==    by 0x71: ???
==74937==    by 0x7F: ???
==74937==    by 0x3F: ???
==74937== 
==74937== 16 bytes in 1 blocks are definitely lost in loss record 375 of 981
==74937==    at 0x4846828: malloc (in /usr/libexec/valgrind/vgpreload_memcheck-amd64-linux.so)
==74937==    by 0x728B99: __mn_range (in /mnt/c/Users/Juan/Documents/GitHub/Mapanare/mapanare/self/mnc-stage1)
==74937==    by 0x42308E: parser__skip_semis (in /mnt/c/Users/Juan/Documents/GitHub/Mapanare/mapanare/self/mnc-stage1)
==74937==    by 0x6A8E6CF: ???
==74937== 
==74937== 16 bytes in 1 blocks are definitely lost in loss record 376 of 981
==74937==    at 0x4846828: malloc (in /usr/libexec/valgrind/vgpreload_memcheck-amd64-linux.so)
==74937==    by 0x728B99: __mn_range (in /mnt/c/Users/Juan/Documents/GitHub/Mapanare/mapanare/self/mnc-stage1)
==74937==    by 0x4306E0: parser__parse_postfix (in /mnt/c/Users/Juan/Documents/GitHub/Mapanare/mapanare/self/mnc-stage1)
==74937==    by 0x49: ???
==74937==    by 0x6A8EEBF: ???
==74937==    by 0x1F: ???
==74937==    by 0x6A82DBF: ???
==74937==    by 0x71: ???
==74937==    by 0x7F: ???
==74937==    by 0x3F: ???
==74937==    by 0x6A8D47F: ???
==74937==    by 0x1101: ???
==74937==    by 0x580053FF: ??? (in /usr/libexec/valgrind/memcheck-amd64-linux)
==74937==    by 0xF: ???
==74937== 
==74937== 16 bytes in 1 blocks are definitely lost in loss record 377 of 981
==74937==    at 0x4846828: malloc (in /usr/libexec/valgrind/vgpreload_memcheck-amd64-linux.so)
==74937==    by 0x728B99: __mn_range (in /mnt/c/Users/Juan/Documents/GitHub/Mapanare/mapanare/self/mnc-stage1)
==74937==    by 0x42FA6B: parser__parse_expr (in /mnt/c/Users/Juan/Documents/GitHub/Mapanare/mapanare/self/mnc-stage1)
==74937==    by 0x71: ???
==74937==    by 0x1F: ???
==74937==    by 0x6A8EEBF: ???
==74937==    by 0x3F: ???
==74937==    by 0x71: ???
==74937==    by 0x7F: ???
==74937==    by 0x6A82DBF: ???
==74937==    by 0x6A82DBF: ???
==74937==    by 0x71: ???
==74937==    by 0x7F: ???
==74937==    by 0x3F: ???
==74937== 
==74937== 16 bytes in 1 blocks are definitely lost in loss record 378 of 981
==74937==    at 0x4846828: malloc (in /usr/libexec/valgrind/vgpreload_memcheck-amd64-linux.so)
==74937==    by 0x728B99: __mn_range (in /mnt/c/Users/Juan/Documents/GitHub/Mapanare/mapanare/self/mnc-stage1)
==74937==    by 0x42308E: parser__skip_semis (in /mnt/c/Users/Juan/Documents/GitHub/Mapanare/mapanare/self/mnc-stage1)
==74937==    by 0x6A8D61F: ???
==74937== 
==74937== 16 bytes in 1 blocks are definitely lost in loss record 379 of 981
==74937==    at 0x4846828: malloc (in /usr/libexec/valgrind/vgpreload_memcheck-amd64-linux.so)
==74937==    by 0x728B99: __mn_range (in /mnt/c/Users/Juan/Documents/GitHub/Mapanare/mapanare/self/mnc-stage1)
==74937==    by 0x4306E0: parser__parse_postfix (in /mnt/c/Users/Juan/Documents/GitHub/Mapanare/mapanare/self/mnc-stage1)
==74937==    by 0x52: ???
==74937==    by 0x6A8F2AF: ???
==74937==    by 0x5: ???
==74937==    by 0x580053FF: ??? (in /usr/libexec/valgrind/memcheck-amd64-linux)
==74937==    by 0xF: ???
==74937== 
==74937== 16 bytes in 1 blocks are definitely lost in loss record 380 of 981
==74937==    at 0x4846828: malloc (in /usr/libexec/valgrind/vgpreload_memcheck-amd64-linux.so)
==74937==    by 0x728B99: __mn_range (in /mnt/c/Users/Juan/Documents/GitHub/Mapanare/mapanare/self/mnc-stage1)
==74937==    by 0x4306E0: parser__parse_postfix (in /mnt/c/Users/Juan/Documents/GitHub/Mapanare/mapanare/self/mnc-stage1)
==74937==    by 0x54: ???
==74937==    by 0x6A8F34F: ???
==74937== 
==74937== 16 bytes in 1 blocks are definitely lost in loss record 381 of 981
==74937==    at 0x4846828: malloc (in /usr/libexec/valgrind/vgpreload_memcheck-amd64-linux.so)
==74937==    by 0x728B99: __mn_range (in /mnt/c/Users/Juan/Documents/GitHub/Mapanare/mapanare/self/mnc-stage1)
==74937==    by 0x42FA6B: parser__parse_expr (in /mnt/c/Users/Juan/Documents/GitHub/Mapanare/mapanare/self/mnc-stage1)
==74937==    by 0x6A82DBF: ???
==74937== 
==74937== 16 bytes in 1 blocks are definitely lost in loss record 382 of 981
==74937==    at 0x4846828: malloc (in /usr/libexec/valgrind/vgpreload_memcheck-amd64-linux.so)
==74937==    by 0x728B99: __mn_range (in /mnt/c/Users/Juan/Documents/GitHub/Mapanare/mapanare/self/mnc-stage1)
==74937==    by 0x42308E: parser__skip_semis (in /mnt/c/Users/Juan/Documents/GitHub/Mapanare/mapanare/self/mnc-stage1)
==74937==    by 0x6A8F06F: ???
==74937== 
==74937== 16 bytes in 1 blocks are definitely lost in loss record 383 of 981
==74937==    at 0x4846828: malloc (in /usr/libexec/valgrind/vgpreload_memcheck-amd64-linux.so)
==74937==    by 0x728B99: __mn_range (in /mnt/c/Users/Juan/Documents/GitHub/Mapanare/mapanare/self/mnc-stage1)
==74937==    by 0x4306E0: parser__parse_postfix (in /mnt/c/Users/Juan/Documents/GitHub/Mapanare/mapanare/self/mnc-stage1)
==74937==    by 0x57: ???
==74937==    by 0x6A8F73F: ???
==74937==    by 0x5: ???
==74937==    by 0x71: ???
==74937==    by 0x7F: ???
==74937==    by 0x3F: ???
==74937== 
==74937== 16 bytes in 1 blocks are definitely lost in loss record 384 of 981
==74937==    at 0x4846828: malloc (in /usr/libexec/valgrind/vgpreload_memcheck-amd64-linux.so)
==74937==    by 0x728B99: __mn_range (in /mnt/c/Users/Juan/Documents/GitHub/Mapanare/mapanare/self/mnc-stage1)
==74937==    by 0x42FA6B: parser__parse_expr (in /mnt/c/Users/Juan/Documents/GitHub/Mapanare/mapanare/self/mnc-stage1)
==74937==    by 0x6A82DBF: ???
==74937==    by 0x5: ???
==74937==    by 0x6A8F73F: ???
==74937==    by 0x3F: ???
==74937==    by 0x71: ???
==74937==    by 0x7F: ???
==74937==    by 0x6A82DBF: ???
==74937==    by 0x6A82DBF: ???
==74937==    by 0x71: ???
==74937==    by 0x7F: ???
==74937==    by 0x3F: ???
==74937== 
==74937== 16 bytes in 1 blocks are definitely lost in loss record 385 of 981
==74937==    at 0x4846828: malloc (in /usr/libexec/valgrind/vgpreload_memcheck-amd64-linux.so)
==74937==    by 0x728B99: __mn_range (in /mnt/c/Users/Juan/Documents/GitHub/Mapanare/mapanare/self/mnc-stage1)
==74937==    by 0x433B5C: parser__parse_match_expr (in /mnt/c/Users/Juan/Documents/GitHub/Mapanare/mapanare/self/mnc-stage1)
==74937==    by 0x71: ???
==74937==    by 0x7F: ???
==74937==    by 0x5: ???
==74937==    by 0x6A8F73F: ???
==74937==    by 0x71: ???
==74937==    by 0x7F: ???
==74937==    by 0x3F: ???
==74937== 
==74937== 16 bytes in 1 blocks are definitely lost in loss record 386 of 981
==74937==    at 0x4846828: malloc (in /usr/libexec/valgrind/vgpreload_memcheck-amd64-linux.so)
==74937==    by 0x728B99: __mn_range (in /mnt/c/Users/Juan/Documents/GitHub/Mapanare/mapanare/self/mnc-stage1)
==74937==    by 0x42EB95: parser__parse_block (in /mnt/c/Users/Juan/Documents/GitHub/Mapanare/mapanare/self/mnc-stage1)
==74937==    by 0x6A82DBF: ???
==74937==    by 0x5E: ???
==74937== 
==74937== 16 bytes in 1 blocks are definitely lost in loss record 387 of 981
==74937==    at 0x4846828: malloc (in /usr/libexec/valgrind/vgpreload_memcheck-amd64-linux.so)
==74937==    by 0x728B99: __mn_range (in /mnt/c/Users/Juan/Documents/GitHub/Mapanare/mapanare/self/mnc-stage1)
==74937==    by 0x42308E: parser__skip_semis (in /mnt/c/Users/Juan/Documents/GitHub/Mapanare/mapanare/self/mnc-stage1)
==74937==    by 0x7F: ???
==74937==    by 0x724D2C: __mn_str_eq (in /mnt/c/Users/Juan/Documents/GitHub/Mapanare/mapanare/self/mnc-stage1)
==74937==    by 0x422FF4: parser__expect (in /mnt/c/Users/Juan/Documents/GitHub/Mapanare/mapanare/self/mnc-stage1)
==74937==    by 0x71: ???
==74937==    by 0x6A82DBF: ???
==74937==    by 0x71: ???
==74937==    by 0x7F: ???
==74937==    by 0x3F: ???
==74937==    by 0x6A8FABF: ???
==74937==    by 0x1101: ???
==74937==    by 0x580053FF: ??? (in /usr/libexec/valgrind/memcheck-amd64-linux)
==74937==    by 0xF: ???
==74937== 
==74937== 16 bytes in 1 blocks are definitely lost in loss record 388 of 981
==74937==    at 0x4846828: malloc (in /usr/libexec/valgrind/vgpreload_memcheck-amd64-linux.so)
==74937==    by 0x728B99: __mn_range (in /mnt/c/Users/Juan/Documents/GitHub/Mapanare/mapanare/self/mnc-stage1)
==74937==    by 0x4306E0: parser__parse_postfix (in /mnt/c/Users/Juan/Documents/GitHub/Mapanare/mapanare/self/mnc-stage1)
==74937==    by 0x5F: ???
==74937==    by 0x6A8FB5F: ???
==74937==    by 0x5: ???
==74937==    by 0x580053FF: ??? (in /usr/libexec/valgrind/memcheck-amd64-linux)
==74937==    by 0xF: ???
==74937== 
==74937== 16 bytes in 1 blocks are definitely lost in loss record 389 of 981
==74937==    at 0x4846828: malloc (in /usr/libexec/valgrind/vgpreload_memcheck-amd64-linux.so)
==74937==    by 0x728B99: __mn_range (in /mnt/c/Users/Juan/Documents/GitHub/Mapanare/mapanare/self/mnc-stage1)
==74937==    by 0x4306E0: parser__parse_postfix (in /mnt/c/Users/Juan/Documents/GitHub/Mapanare/mapanare/self/mnc-stage1)
==74937==    by 0x61: ???
==74937==    by 0x6A8FBFF: ???
==74937==    by 0x5: ???
==74937== 
==74937== 16 bytes in 1 blocks are definitely lost in loss record 390 of 981
==74937==    at 0x4846828: malloc (in /usr/libexec/valgrind/vgpreload_memcheck-amd64-linux.so)
==74937==    by 0x728B99: __mn_range (in /mnt/c/Users/Juan/Documents/GitHub/Mapanare/mapanare/self/mnc-stage1)
==74937==    by 0x4306E0: parser__parse_postfix (in /mnt/c/Users/Juan/Documents/GitHub/Mapanare/mapanare/self/mnc-stage1)
==74937==    by 0x63: ???
==74937==    by 0x6A8FC9F: ???
==74937==    by 0x5: ???
==74937== 
==74937== 16 bytes in 1 blocks are definitely lost in loss record 391 of 981
==74937==    at 0x4846828: malloc (in /usr/libexec/valgrind/vgpreload_memcheck-amd64-linux.so)
==74937==    by 0x728B99: __mn_range (in /mnt/c/Users/Juan/Documents/GitHub/Mapanare/mapanare/self/mnc-stage1)
==74937==    by 0x42FA6B: parser__parse_expr (in /mnt/c/Users/Juan/Documents/GitHub/Mapanare/mapanare/self/mnc-stage1)
==74937==    by 0xF: ???
==74937==    by 0x8: ???
==74937==    by 0x6A8FEAF: ???
==74937==    by 0x3F: ???
==74937==    by 0x71: ???
==74937==    by 0x7F: ???
==74937==    by 0x6A82DBF: ???
==74937==    by 0x6A82DBF: ???
==74937==    by 0x71: ???
==74937==    by 0x7F: ???
==74937==    by 0x3F: ???
==74937== 
==74937== 16 bytes in 1 blocks are definitely lost in loss record 392 of 981
==74937==    at 0x4846828: malloc (in /usr/libexec/valgrind/vgpreload_memcheck-amd64-linux.so)
==74937==    by 0x728B99: __mn_range (in /mnt/c/Users/Juan/Documents/GitHub/Mapanare/mapanare/self/mnc-stage1)
==74937==    by 0x42FA6B: parser__parse_expr (in /mnt/c/Users/Juan/Documents/GitHub/Mapanare/mapanare/self/mnc-stage1)
==74937==    by 0x6A7619F: ???
==74937==    by 0x8: ???
==74937==    by 0x6A900DF: ???
==74937==    by 0x3F: ???
==74937==    by 0x71: ???
==74937==    by 0x7F: ???
==74937==    by 0x6A82DBF: ???
==74937==    by 0x6A82DBF: ???
==74937==    by 0x71: ???
==74937==    by 0x7F: ???
==74937==    by 0x3F: ???
==74937== 
==74937== 16 bytes in 1 blocks are definitely lost in loss record 393 of 981
==74937==    at 0x4846828: malloc (in /usr/libexec/valgrind/vgpreload_memcheck-amd64-linux.so)
==74937==    by 0x728B99: __mn_range (in /mnt/c/Users/Juan/Documents/GitHub/Mapanare/mapanare/self/mnc-stage1)
==74937==    by 0x42308E: parser__skip_semis (in /mnt/c/Users/Juan/Documents/GitHub/Mapanare/mapanare/self/mnc-stage1)
==74937==    by 0x6A8FB0F: ???
==74937== 
==74937== 16 bytes in 1 blocks are definitely lost in loss record 394 of 981
==74937==    at 0x4846828: malloc (in /usr/libexec/valgrind/vgpreload_memcheck-amd64-linux.so)
==74937==    by 0x728B99: __mn_range (in /mnt/c/Users/Juan/Documents/GitHub/Mapanare/mapanare/self/mnc-stage1)
==74937==    by 0x42308E: parser__skip_semis (in /mnt/c/Users/Juan/Documents/GitHub/Mapanare/mapanare/self/mnc-stage1)
==74937==    by 0x6A8FA3F: ???
==74937==    by 0x2: ???
==74937== 
==74937== 16 bytes in 1 blocks are definitely lost in loss record 395 of 981
==74937==    at 0x4846828: malloc (in /usr/libexec/valgrind/vgpreload_memcheck-amd64-linux.so)
==74937==    by 0x728B99: __mn_range (in /mnt/c/Users/Juan/Documents/GitHub/Mapanare/mapanare/self/mnc-stage1)
==74937==    by 0x42EB95: parser__parse_block (in /mnt/c/Users/Juan/Documents/GitHub/Mapanare/mapanare/self/mnc-stage1)
==74937==    by 0x6A82DBF: ???
==74937==    by 0x6A: ???
==74937== 
==74937== 16 bytes in 1 blocks are definitely lost in loss record 396 of 981
==74937==    at 0x4846828: malloc (in /usr/libexec/valgrind/vgpreload_memcheck-amd64-linux.so)
==74937==    by 0x728B99: __mn_range (in /mnt/c/Users/Juan/Documents/GitHub/Mapanare/mapanare/self/mnc-stage1)
==74937==    by 0x42308E: parser__skip_semis (in /mnt/c/Users/Juan/Documents/GitHub/Mapanare/mapanare/self/mnc-stage1)
==74937==    by 0x7F: ???
==74937==    by 0x724D2C: __mn_str_eq (in /mnt/c/Users/Juan/Documents/GitHub/Mapanare/mapanare/self/mnc-stage1)
==74937==    by 0x422FF4: parser__expect (in /mnt/c/Users/Juan/Documents/GitHub/Mapanare/mapanare/self/mnc-stage1)
==74937==    by 0x71: ???
==74937==    by 0x6A82DBF: ???
==74937==    by 0x71: ???
==74937==    by 0x7F: ???
==74937==    by 0x3F: ???
==74937==    by 0x6A9074F: ???
==74937==    by 0x1101: ???
==74937==    by 0x580053FF: ??? (in /usr/libexec/valgrind/memcheck-amd64-linux)
==74937==    by 0xF: ???
==74937== 
==74937== 16 bytes in 1 blocks are definitely lost in loss record 397 of 981
==74937==    at 0x4846828: malloc (in /usr/libexec/valgrind/vgpreload_memcheck-amd64-linux.so)
==74937==    by 0x728B99: __mn_range (in /mnt/c/Users/Juan/Documents/GitHub/Mapanare/mapanare/self/mnc-stage1)
==74937==    by 0x4306E0: parser__parse_postfix (in /mnt/c/Users/Juan/Documents/GitHub/Mapanare/mapanare/self/mnc-stage1)
==74937==    by 0x6B: ???
==74937==    by 0x6A907EF: ???
==74937==    by 0x5: ???
==74937== 
==74937== 16 bytes in 1 blocks are definitely lost in loss record 398 of 981
==74937==    at 0x4846828: malloc (in /usr/libexec/valgrind/vgpreload_memcheck-amd64-linux.so)
==74937==    by 0x728B99: __mn_range (in /mnt/c/Users/Juan/Documents/GitHub/Mapanare/mapanare/self/mnc-stage1)
==74937==    by 0x4306E0: parser__parse_postfix (in /mnt/c/Users/Juan/Documents/GitHub/Mapanare/mapanare/self/mnc-stage1)
==74937==    by 0x6D: ???
==74937==    by 0x6A90A1F: ???
==74937==    by 0x1: ???
==74937== 
==74937== 16 bytes in 1 blocks are definitely lost in loss record 399 of 981
==74937==    at 0x4846828: malloc (in /usr/libexec/valgrind/vgpreload_memcheck-amd64-linux.so)
==74937==    by 0x728B99: __mn_range (in /mnt/c/Users/Juan/Documents/GitHub/Mapanare/mapanare/self/mnc-stage1)
==74937==    by 0x42FA6B: parser__parse_expr (in /mnt/c/Users/Juan/Documents/GitHub/Mapanare/mapanare/self/mnc-stage1)
==74937==    by 0xF: ???
==74937==    by 0x1: ???
==74937==    by 0x6A90A1F: ???
==74937==    by 0x3F: ???
==74937==    by 0x71: ???
==74937==    by 0x7F: ???
==74937==    by 0x6A82DBF: ???
==74937==    by 0x6A82DBF: ???
==74937==    by 0x71: ???
==74937==    by 0x7F: ???
==74937==    by 0x3F: ???
==74937== 
==74937== 16 bytes in 1 blocks are definitely lost in loss record 400 of 981
==74937==    at 0x4846828: malloc (in /usr/libexec/valgrind/vgpreload_memcheck-amd64-linux.so)
==74937==    by 0x728B99: __mn_range (in /mnt/c/Users/Juan/Documents/GitHub/Mapanare/mapanare/self/mnc-stage1)
==74937==    by 0x42FA6B: parser__parse_expr (in /mnt/c/Users/Juan/Documents/GitHub/Mapanare/mapanare/self/mnc-stage1)
==74937==    by 0x6A7619F: ???
==74937==    by 0x8: ???
==74937==    by 0x6A90C2F: ???
==74937==    by 0x3F: ???
==74937==    by 0x71: ???
==74937==    by 0x7F: ???
==74937==    by 0x6A82DBF: ???
==74937==    by 0x6A82DBF: ???
==74937==    by 0x71: ???
==74937==    by 0x7F: ???
==74937==    by 0x3F: ???
==74937== 
==74937== 16 bytes in 1 blocks are definitely lost in loss record 401 of 981
==74937==    at 0x4846828: malloc (in /usr/libexec/valgrind/vgpreload_memcheck-amd64-linux.so)
==74937==    by 0x728B99: __mn_range (in /mnt/c/Users/Juan/Documents/GitHub/Mapanare/mapanare/self/mnc-stage1)
==74937==    by 0x42308E: parser__skip_semis (in /mnt/c/Users/Juan/Documents/GitHub/Mapanare/mapanare/self/mnc-stage1)
==74937==    by 0x6A9079F: ???
==74937== 
==74937== 16 bytes in 1 blocks are definitely lost in loss record 402 of 981
==74937==    at 0x4846828: malloc (in /usr/libexec/valgrind/vgpreload_memcheck-amd64-linux.so)
==74937==    by 0x728B99: __mn_range (in /mnt/c/Users/Juan/Documents/GitHub/Mapanare/mapanare/self/mnc-stage1)
==74937==    by 0x4306E0: parser__parse_postfix (in /mnt/c/Users/Juan/Documents/GitHub/Mapanare/mapanare/self/mnc-stage1)
==74937==    by 0x70: ???
==74937==    by 0x6A90F8F: ???
==74937==    by 0x1F: ???
==74937==    by 0x6A82DBF: ???
==74937==    by 0x71: ???
==74937==    by 0x7F: ???
==74937==    by 0x3F: ???
==74937==    by 0x6A8F61F: ???
==74937==    by 0x1101: ???
==74937==    by 0x580053FF: ??? (in /usr/libexec/valgrind/memcheck-amd64-linux)
==74937==    by 0xF: ???
==74937== 
==74937== 16 bytes in 1 blocks are definitely lost in loss record 403 of 981
==74937==    at 0x4846828: malloc (in /usr/libexec/valgrind/vgpreload_memcheck-amd64-linux.so)
==74937==    by 0x728B99: __mn_range (in /mnt/c/Users/Juan/Documents/GitHub/Mapanare/mapanare/self/mnc-stage1)
==74937==    by 0x42FA6B: parser__parse_expr (in /mnt/c/Users/Juan/Documents/GitHub/Mapanare/mapanare/self/mnc-stage1)
==74937==    by 0x71: ???
==74937==    by 0x1F: ???
==74937==    by 0x6A90F8F: ???
==74937==    by 0x3F: ???
==74937==    by 0x71: ???
==74937==    by 0x7F: ???
==74937==    by 0x6A82DBF: ???
==74937==    by 0x6A82DBF: ???
==74937==    by 0x71: ???
==74937==    by 0x7F: ???
==74937==    by 0x3F: ???
==74937== 
==74937== 16 bytes in 1 blocks are definitely lost in loss record 404 of 981
==74937==    at 0x4846828: malloc (in /usr/libexec/valgrind/vgpreload_memcheck-amd64-linux.so)
==74937==    by 0x728B99: __mn_range (in /mnt/c/Users/Juan/Documents/GitHub/Mapanare/mapanare/self/mnc-stage1)
==74937==    by 0x42308E: parser__skip_semis (in /mnt/c/Users/Juan/Documents/GitHub/Mapanare/mapanare/self/mnc-stage1)
==74937==    by 0x6A8F6EF: ???
==74937== 
==74937== 16 bytes in 1 blocks are definitely lost in loss record 405 of 981
==74937==    at 0x4846828: malloc (in /usr/libexec/valgrind/vgpreload_memcheck-amd64-linux.so)
==74937==    by 0x728B99: __mn_range (in /mnt/c/Users/Juan/Documents/GitHub/Mapanare/mapanare/self/mnc-stage1)
==74937==    by 0x42308E: parser__skip_semis (in /mnt/c/Users/Juan/Documents/GitHub/Mapanare/mapanare/self/mnc-stage1)
==74937==    by 0x6A8CE2F: ???
==74937== 
==74937== 16 bytes in 1 blocks are definitely lost in loss record 406 of 981
==74937==    at 0x4846828: malloc (in /usr/libexec/valgrind/vgpreload_memcheck-amd64-linux.so)
==74937==    by 0x728B99: __mn_range (in /mnt/c/Users/Juan/Documents/GitHub/Mapanare/mapanare/self/mnc-stage1)
==74937==    by 0x4139FD: dir_of_path (in /mnt/c/Users/Juan/Documents/GitHub/Mapanare/mapanare/self/mnc-stage1)
==74937== 
==74937== 16 bytes in 1 blocks are definitely lost in loss record 407 of 981
==74937==    at 0x4846828: malloc (in /usr/libexec/valgrind/vgpreload_memcheck-amd64-linux.so)
==74937==    by 0x728B99: __mn_range (in /mnt/c/Users/Juan/Documents/GitHub/Mapanare/mapanare/self/mnc-stage1)
==74937==    by 0x414E82: resolve_imports (in /mnt/c/Users/Juan/Documents/GitHub/Mapanare/mapanare/self/mnc-stage1)
==74937==    by 0x6A73667: ???
==74937==    by 0x71: ???
==74937== 
==74937== 16 bytes in 1 blocks are definitely lost in loss record 408 of 981
==74937==    at 0x4846828: malloc (in /usr/libexec/valgrind/vgpreload_memcheck-amd64-linux.so)
==74937==    by 0x728B99: __mn_range (in /mnt/c/Users/Juan/Documents/GitHub/Mapanare/mapanare/self/mnc-stage1)
==74937==    by 0x41550C: resolve_imports (in /mnt/c/Users/Juan/Documents/GitHub/Mapanare/mapanare/self/mnc-stage1)
==74937==    by 0x6A73667: ???
==74937==    by 0x71: ???
==74937== 
==74937== 16 bytes in 1 blocks are definitely lost in loss record 409 of 981
==74937==    at 0x4846828: malloc (in /usr/libexec/valgrind/vgpreload_memcheck-amd64-linux.so)
==74937==    by 0x728B99: __mn_range (in /mnt/c/Users/Juan/Documents/GitHub/Mapanare/mapanare/self/mnc-stage1)
==74937==    by 0x47679C: semantic__register_definitions (in /mnt/c/Users/Juan/Documents/GitHub/Mapanare/mapanare/self/mnc-stage1)
==74937== 
==74937== 16 bytes in 1 blocks are definitely lost in loss record 410 of 981
==74937==    at 0x4846828: malloc (in /usr/libexec/valgrind/vgpreload_memcheck-amd64-linux.so)
==74937==    by 0x728B99: __mn_range (in /mnt/c/Users/Juan/Documents/GitHub/Mapanare/mapanare/self/mnc-stage1)
==74937==    by 0x47E58C: semantic__check_definitions (in /mnt/c/Users/Juan/Documents/GitHub/Mapanare/mapanare/self/mnc-stage1)
==74937==    by 0x6A9EEFF: ???
==74937== 
==74937== 16 bytes in 1 blocks are definitely lost in loss record 411 of 981
==74937==    at 0x4846828: malloc (in /usr/libexec/valgrind/vgpreload_memcheck-amd64-linux.so)
==74937==    by 0x728B99: __mn_range (in /mnt/c/Users/Juan/Documents/GitHub/Mapanare/mapanare/self/mnc-stage1)
==74937==    by 0x46DF98: semantic__check_block (in /mnt/c/Users/Juan/Documents/GitHub/Mapanare/mapanare/self/mnc-stage1)
==74937==    by 0x6AA0CCF: ???
==74937== 
==74937== 16 bytes in 1 blocks are definitely lost in loss record 412 of 981
==74937==    at 0x4846828: malloc (in /usr/libexec/valgrind/vgpreload_memcheck-amd64-linux.so)
==74937==    by 0x728B99: __mn_range (in /mnt/c/Users/Juan/Documents/GitHub/Mapanare/mapanare/self/mnc-stage1)
==74937==    by 0x465069: semantic__bind_pattern (in /mnt/c/Users/Juan/Documents/GitHub/Mapanare/mapanare/self/mnc-stage1)
==74937==    by 0x2F: ???
==74937== 
==74937== 16 bytes in 1 blocks are definitely lost in loss record 413 of 981
==74937==    at 0x4846828: malloc (in /usr/libexec/valgrind/vgpreload_memcheck-amd64-linux.so)
==74937==    by 0x728B99: __mn_range (in /mnt/c/Users/Juan/Documents/GitHub/Mapanare/mapanare/self/mnc-stage1)
==74937==    by 0x46DF98: semantic__check_block (in /mnt/c/Users/Juan/Documents/GitHub/Mapanare/mapanare/self/mnc-stage1)
==74937==    by 0x6AA40AF: ???
==74937== 
==74937== 16 bytes in 1 blocks are definitely lost in loss record 414 of 981
==74937==    at 0x4846828: malloc (in /usr/libexec/valgrind/vgpreload_memcheck-amd64-linux.so)
==74937==    by 0x728B99: __mn_range (in /mnt/c/Users/Juan/Documents/GitHub/Mapanare/mapanare/self/mnc-stage1)
==74937==    by 0x458D45: semantic__check_call_expr (in /mnt/c/Users/Juan/Documents/GitHub/Mapanare/mapanare/self/mnc-stage1)
==74937==    by 0x6A66017: ???
==74937== 
==74937== 16 bytes in 1 blocks are definitely lost in loss record 415 of 981
==74937==    at 0x4846828: malloc (in /usr/libexec/valgrind/vgpreload_memcheck-amd64-linux.so)
==74937==    by 0x728B99: __mn_range (in /mnt/c/Users/Juan/Documents/GitHub/Mapanare/mapanare/self/mnc-stage1)
==74937==    by 0x437E86: semantic__scope_lookup (in /mnt/c/Users/Juan/Documents/GitHub/Mapanare/mapanare/self/mnc-stage1)
==74937==    by 0xFFFFFFFFFF: ???
==74937==    by 0x6A64FD7: ???
==74937==    by 0x6A9FBAF: ???
==74937==    by 0x3: ???
==74937== 
==74937== 16 bytes in 1 blocks are definitely lost in loss record 416 of 981
==74937==    at 0x4846828: malloc (in /usr/libexec/valgrind/vgpreload_memcheck-amd64-linux.so)
==74937==    by 0x728B99: __mn_range (in /mnt/c/Users/Juan/Documents/GitHub/Mapanare/mapanare/self/mnc-stage1)
==74937==    by 0x465069: semantic__bind_pattern (in /mnt/c/Users/Juan/Documents/GitHub/Mapanare/mapanare/self/mnc-stage1)
==74937==    by 0x7: ???
==74937==    by 0xF: ???
==74937==    by 0xA: ???
==74937== 
==74937== 16 bytes in 1 blocks are definitely lost in loss record 417 of 981
==74937==    at 0x4846828: malloc (in /usr/libexec/valgrind/vgpreload_memcheck-amd64-linux.so)
==74937==    by 0x728B99: __mn_range (in /mnt/c/Users/Juan/Documents/GitHub/Mapanare/mapanare/self/mnc-stage1)
==74937==    by 0x437E86: semantic__scope_lookup (in /mnt/c/Users/Juan/Documents/GitHub/Mapanare/mapanare/self/mnc-stage1)
==74937==    by 0xFFFFFFFFFF: ???
==74937==    by 0x6A50CB7: ???
==74937==    by 0x6A9FBAF: ???
==74937==    by 0x8: ???
==74937== 
==74937== 16 bytes in 1 blocks are definitely lost in loss record 418 of 981
==74937==    at 0x4846828: malloc (in /usr/libexec/valgrind/vgpreload_memcheck-amd64-linux.so)
==74937==    by 0x728B99: __mn_range (in /mnt/c/Users/Juan/Documents/GitHub/Mapanare/mapanare/self/mnc-stage1)
==74937==    by 0x46DF98: semantic__check_block (in /mnt/c/Users/Juan/Documents/GitHub/Mapanare/mapanare/self/mnc-stage1)
==74937==    by 0x6AA704F: ???
==74937== 
==74937== 16 bytes in 1 blocks are definitely lost in loss record 419 of 981
==74937==    at 0x4846828: malloc (in /usr/libexec/valgrind/vgpreload_memcheck-amd64-linux.so)
==74937==    by 0x728B99: __mn_range (in /mnt/c/Users/Juan/Documents/GitHub/Mapanare/mapanare/self/mnc-stage1)
==74937==    by 0x4A7535: lower__register_declarations_pass1 (in /mnt/c/Users/Juan/Documents/GitHub/Mapanare/mapanare/self/mnc-stage1)
==74937== 
==74937== 16 bytes in 1 blocks are definitely lost in loss record 420 of 981
==74937==    at 0x4846828: malloc (in /usr/libexec/valgrind/vgpreload_memcheck-amd64-linux.so)
==74937==    by 0x728B99: __mn_range (in /mnt/c/Users/Juan/Documents/GitHub/Mapanare/mapanare/self/mnc-stage1)
==74937==    by 0x4ABBF5: lower__register_declarations_pass2 (in /mnt/c/Users/Juan/Documents/GitHub/Mapanare/mapanare/self/mnc-stage1)
==74937== 
==74937== 16 bytes in 1 blocks are definitely lost in loss record 421 of 981
==74937==    at 0x4846828: malloc (in /usr/libexec/valgrind/vgpreload_memcheck-amd64-linux.so)
==74937==    by 0x728B99: __mn_range (in /mnt/c/Users/Juan/Documents/GitHub/Mapanare/mapanare/self/mnc-stage1)
==74937==    by 0x4C4B65: lower__lower_definitions (in /mnt/c/Users/Juan/Documents/GitHub/Mapanare/mapanare/self/mnc-stage1)
==74937== 
==74937== 16 bytes in 1 blocks are definitely lost in loss record 422 of 981
==74937==    at 0x4846828: malloc (in /usr/libexec/valgrind/vgpreload_memcheck-amd64-linux.so)
==74937==    by 0x728B99: __mn_range (in /mnt/c/Users/Juan/Documents/GitHub/Mapanare/mapanare/self/mnc-stage1)
==74937==    by 0x4CC9DE: lower__build_mir_params (in /mnt/c/Users/Juan/Documents/GitHub/Mapanare/mapanare/self/mnc-stage1)
==74937==    by 0x67: ???
==74937== 
==74937== 16 bytes in 1 blocks are definitely lost in loss record 423 of 981
==74937==    at 0x4846828: malloc (in /usr/libexec/valgrind/vgpreload_memcheck-amd64-linux.so)
==74937==    by 0x728B99: __mn_range (in /mnt/c/Users/Juan/Documents/GitHub/Mapanare/mapanare/self/mnc-stage1)
==74937==    by 0x4CD233: lower__collect_decorator_names (in /mnt/c/Users/Juan/Documents/GitHub/Mapanare/mapanare/self/mnc-stage1)
==74937==    by 0x6AA8B4F: ???
==74937== 
==74937== 16 bytes in 1 blocks are definitely lost in loss record 424 of 981
==74937==    at 0x4846828: malloc (in /usr/libexec/valgrind/vgpreload_memcheck-amd64-linux.so)
==74937==    by 0x728B99: __mn_range (in /mnt/c/Users/Juan/Documents/GitHub/Mapanare/mapanare/self/mnc-stage1)
==74937==    by 0x4CC9DE: lower__build_mir_params (in /mnt/c/Users/Juan/Documents/GitHub/Mapanare/mapanare/self/mnc-stage1)
==74937== 
==74937== 16 bytes in 1 blocks are definitely lost in loss record 425 of 981
==74937==    at 0x4846828: malloc (in /usr/libexec/valgrind/vgpreload_memcheck-amd64-linux.so)
==74937==    by 0x728B99: __mn_range (in /mnt/c/Users/Juan/Documents/GitHub/Mapanare/mapanare/self/mnc-stage1)
==74937==    by 0x4CD233: lower__collect_decorator_names (in /mnt/c/Users/Juan/Documents/GitHub/Mapanare/mapanare/self/mnc-stage1)
==74937==    by 0x97: ???
==74937== 
==74937== 16 bytes in 1 blocks are definitely lost in loss record 426 of 981
==74937==    at 0x4846828: malloc (in /usr/libexec/valgrind/vgpreload_memcheck-amd64-linux.so)
==74937==    by 0x728B99: __mn_range (in /mnt/c/Users/Juan/Documents/GitHub/Mapanare/mapanare/self/mnc-stage1)
==74937==    by 0x4A026B: lower_state__is_struct_name (in /mnt/c/Users/Juan/Documents/GitHub/Mapanare/mapanare/self/mnc-stage1)
==74937== 
==74937== 16 bytes in 1 blocks are definitely lost in loss record 427 of 981
==74937==    at 0x4846828: malloc (in /usr/libexec/valgrind/vgpreload_memcheck-amd64-linux.so)
==74937==    by 0x728B99: __mn_range (in /mnt/c/Users/Juan/Documents/GitHub/Mapanare/mapanare/self/mnc-stage1)
==74937==    by 0x4A0CBA: lower_state__find_lambda (in /mnt/c/Users/Juan/Documents/GitHub/Mapanare/mapanare/self/mnc-stage1)
==74937==    by 0x1: ???
==74937==    by 0x6AAD11F: ???
==74937==    by 0x6A8050F: ???
==74937==    by 0x6A8050F: ???
==74937==    by 0x800000000000000C: ???
==74937== 
==74937== 16 bytes in 1 blocks are definitely lost in loss record 428 of 981
==74937==    at 0x4846828: malloc (in /usr/libexec/valgrind/vgpreload_memcheck-amd64-linux.so)
==74937==    by 0x728B99: __mn_range (in /mnt/c/Users/Juan/Documents/GitHub/Mapanare/mapanare/self/mnc-stage1)
==74937==    by 0x4A0CBA: lower_state__find_lambda (in /mnt/c/Users/Juan/Documents/GitHub/Mapanare/mapanare/self/mnc-stage1)
==74937==    by 0x1: ???
==74937==    by 0x6AAD16F: ???
==74937==    by 0x6AA8B4F: ???
==74937==    by 0x6AAD1BF: ???
==74937==    by 0x8000000000000013: ???
==74937==    by 0x5800566F: ??? (in /usr/libexec/valgrind/memcheck-amd64-linux)
==74937== 
==74937== 16 bytes in 1 blocks are definitely lost in loss record 429 of 981
==74937==    at 0x4846828: malloc (in /usr/libexec/valgrind/vgpreload_memcheck-amd64-linux.so)
==74937==    by 0x728B99: __mn_range (in /mnt/c/Users/Juan/Documents/GitHub/Mapanare/mapanare/self/mnc-stage1)
==74937==    by 0x68652A: mir_opt__optimize_mir (in /mnt/c/Users/Juan/Documents/GitHub/Mapanare/mapanare/self/mnc-stage1)
==74937==    by 0x6AAC05F: ???
==74937==    by 0x8000000000000044: ???
==74937==    by 0x6A74317: ???
==74937== 
==74937== 16 bytes in 1 blocks are definitely lost in loss record 430 of 981
==74937==    at 0x4846828: malloc (in /usr/libexec/valgrind/vgpreload_memcheck-amd64-linux.so)
==74937==    by 0x728B99: __mn_range (in /mnt/c/Users/Juan/Documents/GitHub/Mapanare/mapanare/self/mnc-stage1)
==74937==    by 0x679303: mir_opt__constant_fold_function (in /mnt/c/Users/Juan/Documents/GitHub/Mapanare/mapanare/self/mnc-stage1)
==74937==    by 0x87: ???
==74937== 
==74937== 16 bytes in 1 blocks are definitely lost in loss record 431 of 981
==74937==    at 0x4846828: malloc (in /usr/libexec/valgrind/vgpreload_memcheck-amd64-linux.so)
==74937==    by 0x728B99: __mn_range (in /mnt/c/Users/Juan/Documents/GitHub/Mapanare/mapanare/self/mnc-stage1)
==74937==    by 0x6797B2: mir_opt__find_const (in /mnt/c/Users/Juan/Documents/GitHub/Mapanare/mapanare/self/mnc-stage1)
==74937==    by 0x37: ???
==74937== 
==74937== 16 bytes in 1 blocks are definitely lost in loss record 432 of 981
==74937==    at 0x4846828: malloc (in /usr/libexec/valgrind/vgpreload_memcheck-amd64-linux.so)
==74937==    by 0x728B99: __mn_range (in /mnt/c/Users/Juan/Documents/GitHub/Mapanare/mapanare/self/mnc-stage1)
==74937==    by 0x6797B2: mir_opt__find_const (in /mnt/c/Users/Juan/Documents/GitHub/Mapanare/mapanare/self/mnc-stage1)
==74937==    by 0x6AB719F: ???
==74937== 
==74937== 16 bytes in 1 blocks are definitely lost in loss record 433 of 981
==74937==    at 0x4846828: malloc (in /usr/libexec/valgrind/vgpreload_memcheck-amd64-linux.so)
==74937==    by 0x728B99: __mn_range (in /mnt/c/Users/Juan/Documents/GitHub/Mapanare/mapanare/self/mnc-stage1)
==74937==    by 0x679922: mir_opt__find_const_ty (in /mnt/c/Users/Juan/Documents/GitHub/Mapanare/mapanare/self/mnc-stage1)
==74937== 
==74937== 16 bytes in 1 blocks are definitely lost in loss record 434 of 981
==74937==    at 0x4846828: malloc (in /usr/libexec/valgrind/vgpreload_memcheck-amd64-linux.so)
==74937==    by 0x728B99: __mn_range (in /mnt/c/Users/Juan/Documents/GitHub/Mapanare/mapanare/self/mnc-stage1)
==74937==    by 0x67C16F: mir_opt__is_in_list (in /mnt/c/Users/Juan/Documents/GitHub/Mapanare/mapanare/self/mnc-stage1)
==74937== 
==74937== 16 bytes in 1 blocks are definitely lost in loss record 435 of 981
==74937==    at 0x4846828: malloc (in /usr/libexec/valgrind/vgpreload_memcheck-amd64-linux.so)
==74937==    by 0x728B99: __mn_range (in /mnt/c/Users/Juan/Documents/GitHub/Mapanare/mapanare/self/mnc-stage1)
==74937==    by 0x67C16F: mir_opt__is_in_list (in /mnt/c/Users/Juan/Documents/GitHub/Mapanare/mapanare/self/mnc-stage1)
==74937==    by 0x6AB767F: ???
==74937==    by 0x5: ???
==74937==    by 0x7: ???
==74937==    by 0x6AAA39F: ???
==74937==    by 0x8000000000000007: ???
==74937==    by 0x6AB767F: ???
==74937==    by 0x5: ???
==74937==    by 0x6AB816F: ???
==74937==    by 0x1101: ???
==74937==    by 0x580053FF: ??? (in /usr/libexec/valgrind/memcheck-amd64-linux)
==74937==    by 0xF: ???
==74937== 
==74937== 16 bytes in 1 blocks are definitely lost in loss record 436 of 981
==74937==    at 0x4846828: malloc (in /usr/libexec/valgrind/vgpreload_memcheck-amd64-linux.so)
==74937==    by 0x728B99: __mn_range (in /mnt/c/Users/Juan/Documents/GitHub/Mapanare/mapanare/self/mnc-stage1)
==74937==    by 0x67C16F: mir_opt__is_in_list (in /mnt/c/Users/Juan/Documents/GitHub/Mapanare/mapanare/self/mnc-stage1)
==74937==    by 0x6AB767F: ???
==74937==    by 0x6A7260000000005: ???
==74937==    by 0x6AB81BF: ???
==74937==    by 0x6AAA3EF: ???
==74937==    by 0x8000000000000007: ???
==74937==    by 0x6AB7EEF: ???
==74937== 
==74937== 16 bytes in 1 blocks are definitely lost in loss record 437 of 981
==74937==    at 0x4846828: malloc (in /usr/libexec/valgrind/vgpreload_memcheck-amd64-linux.so)
==74937==    by 0x728B99: __mn_range (in /mnt/c/Users/Juan/Documents/GitHub/Mapanare/mapanare/self/mnc-stage1)
==74937==    by 0x67C16F: mir_opt__is_in_list (in /mnt/c/Users/Juan/Documents/GitHub/Mapanare/mapanare/self/mnc-stage1)
==74937==    by 0x6AB767F: ???
==74937==    by 0x6A7260000000005: ???
==74937==    by 0x6AB820F: ???
==74937==    by 0x6AAA39F: ???
==74937==    by 0x8000000000000007: ???
==74937==    by 0x6AB7EEF: ???
==74937==    by 0x1: ???
==74937==    by 0x7: ???
==74937==    by 0xF: ???
==74937== 
==74937== 16 bytes in 1 blocks are definitely lost in loss record 438 of 981
==74937==    at 0x4846828: malloc (in /usr/libexec/valgrind/vgpreload_memcheck-amd64-linux.so)
==74937==    by 0x728B99: __mn_range (in /mnt/c/Users/Juan/Documents/GitHub/Mapanare/mapanare/self/mnc-stage1)
==74937==    by 0x67C16F: mir_opt__is_in_list (in /mnt/c/Users/Juan/Documents/GitHub/Mapanare/mapanare/self/mnc-stage1)
==74937==    by 0x6AB7BDF: ???
==74937==    by 0x2: ???
==74937==    by 0x7: ???
==74937==    by 0x6AAA3EF: ???
==74937==    by 0x8000000000000007: ???
==74937==    by 0x6AB7BDF: ???
==74937==    by 0x2: ???
==74937==    by 0x6AB82AF: ???
==74937==    by 0x1101: ???
==74937==    by 0x580053FF: ??? (in /usr/libexec/valgrind/memcheck-amd64-linux)
==74937==    by 0xF: ???
==74937== 
==74937== 16 bytes in 1 blocks are definitely lost in loss record 439 of 981
==74937==    at 0x4846828: malloc (in /usr/libexec/valgrind/vgpreload_memcheck-amd64-linux.so)
==74937==    by 0x728B99: __mn_range (in /mnt/c/Users/Juan/Documents/GitHub/Mapanare/mapanare/self/mnc-stage1)
==74937==    by 0x67C16F: mir_opt__is_in_list (in /mnt/c/Users/Juan/Documents/GitHub/Mapanare/mapanare/self/mnc-stage1)
==74937==    by 0x6AB7CFF: ???
==74937==    by 0x6A7260000000000: ???
==74937==    by 0x6AB846F: ???
==74937==    by 0x6AAA43F: ???
==74937==    by 0x8000000000000008: ???
==74937==    by 0x6AB7EEF: ???
==74937==    by 0x2: ???
==74937==    by 0x7: ???
==74937==    by 0xF: ???
==74937== 
==74937== 16 bytes in 1 blocks are definitely lost in loss record 440 of 981
==74937==    at 0x4846828: malloc (in /usr/libexec/valgrind/vgpreload_memcheck-amd64-linux.so)
==74937==    by 0x728B99: __mn_range (in /mnt/c/Users/Juan/Documents/GitHub/Mapanare/mapanare/self/mnc-stage1)
==74937==    by 0x67C16F: mir_opt__is_in_list (in /mnt/c/Users/Juan/Documents/GitHub/Mapanare/mapanare/self/mnc-stage1)
==74937==    by 0x6AB7E1F: ???
==74937==    by 0x3: ???
==74937==    by 0x7: ???
==74937==    by 0x73F0A7: ??? (in /mnt/c/Users/Juan/Documents/GitHub/Mapanare/mapanare/self/mnc-stage1)
==74937==    by 0x4: ???
==74937==    by 0x6AB7E1F: ???
==74937==    by 0x3: ???
==74937==    by 0x6AB855F: ???
==74937==    by 0x1101: ???
==74937==    by 0x580053FF: ??? (in /usr/libexec/valgrind/memcheck-amd64-linux)
==74937==    by 0xF: ???
==74937== 
==74937== 16 bytes in 1 blocks are definitely lost in loss record 441 of 981
==74937==    at 0x4846828: malloc (in /usr/libexec/valgrind/vgpreload_memcheck-amd64-linux.so)
==74937==    by 0x728B99: __mn_range (in /mnt/c/Users/Juan/Documents/GitHub/Mapanare/mapanare/self/mnc-stage1)
==74937==    by 0x67C16F: mir_opt__is_in_list (in /mnt/c/Users/Juan/Documents/GitHub/Mapanare/mapanare/self/mnc-stage1)
==74937==    by 0x6AB767F: ???
==74937==    by 0x5: ???
==74937==    by 0x7: ???
==74937==    by 0x6AAA39F: ???
==74937==    by 0x8000000000000007: ???
==74937==    by 0x6AB767F: ???
==74937==    by 0x5: ???
==74937==    by 0x6AB86CF: ???
==74937==    by 0x1101: ???
==74937==    by 0x580053FF: ??? (in /usr/libexec/valgrind/memcheck-amd64-linux)
==74937==    by 0xF: ???
==74937== 
==74937== 16 bytes in 1 blocks are definitely lost in loss record 442 of 981
==74937==    at 0x4846828: malloc (in /usr/libexec/valgrind/vgpreload_memcheck-amd64-linux.so)
==74937==    by 0x728B99: __mn_range (in /mnt/c/Users/Juan/Documents/GitHub/Mapanare/mapanare/self/mnc-stage1)
==74937==    by 0x67C16F: mir_opt__is_in_list (in /mnt/c/Users/Juan/Documents/GitHub/Mapanare/mapanare/self/mnc-stage1)
==74937==    by 0x6AB767F: ???
==74937==    by 0x6A7260100000005: ???
==74937==    by 0x6AB871F: ???
==74937==    by 0x6AAA3EF: ???
==74937==    by 0x8000000000000007: ???
==74937==    by 0x6AB7EEF: ???
==74937==    by 0x3: ???
==74937==    by 0x7: ???
==74937==    by 0xF: ???
==74937== 
==74937== 16 bytes in 1 blocks are definitely lost in loss record 443 of 981
==74937==    at 0x4846828: malloc (in /usr/libexec/valgrind/vgpreload_memcheck-amd64-linux.so)
==74937==    by 0x728B99: __mn_range (in /mnt/c/Users/Juan/Documents/GitHub/Mapanare/mapanare/self/mnc-stage1)
==74937==    by 0x67C16F: mir_opt__is_in_list (in /mnt/c/Users/Juan/Documents/GitHub/Mapanare/mapanare/self/mnc-stage1)
==74937==    by 0x6AB767F: ???
==74937==    by 0x6A7260100000005: ???
==74937==    by 0x6AB876F: ???
==74937==    by 0x6AAA39F: ???
==74937==    by 0x8000000000000007: ???
==74937==    by 0x6AB7EEF: ???
==74937==    by 0x3: ???
==74937==    by 0x7: ???
==74937==    by 0xF: ???
==74937== 
==74937== 16 bytes in 1 blocks are definitely lost in loss record 444 of 981
==74937==    at 0x4846828: malloc (in /usr/libexec/valgrind/vgpreload_memcheck-amd64-linux.so)
==74937==    by 0x728B99: __mn_range (in /mnt/c/Users/Juan/Documents/GitHub/Mapanare/mapanare/self/mnc-stage1)
==74937==    by 0x67C16F: mir_opt__is_in_list (in /mnt/c/Users/Juan/Documents/GitHub/Mapanare/mapanare/self/mnc-stage1)
==74937==    by 0x6AB7BDF: ???
==74937==    by 0x2: ???
==74937==    by 0x7: ???
==74937==    by 0x6AAA3EF: ???
==74937==    by 0x8000000000000007: ???
==74937==    by 0x6AB7BDF: ???
==74937==    by 0x2: ???
==74937==    by 0x6AB880F: ???
==74937==    by 0x1101: ???
==74937==    by 0x580053FF: ??? (in /usr/libexec/valgrind/memcheck-amd64-linux)
==74937==    by 0xF: ???
==74937== 
==74937== 16 bytes in 1 blocks are definitely lost in loss record 445 of 981
==74937==    at 0x4846828: malloc (in /usr/libexec/valgrind/vgpreload_memcheck-amd64-linux.so)
==74937==    by 0x728B99: __mn_range (in /mnt/c/Users/Juan/Documents/GitHub/Mapanare/mapanare/self/mnc-stage1)
==74937==    by 0x67C16F: mir_opt__is_in_list (in /mnt/c/Users/Juan/Documents/GitHub/Mapanare/mapanare/self/mnc-stage1)
==74937==    by 0x6AB7CFF: ???
==74937==    by 0x6A7260100000000: ???
==74937==    by 0x6AB89CF: ???
==74937==    by 0x6AAA43F: ???
==74937==    by 0x8000000000000008: ???
==74937==    by 0x6AB7EEF: ???
==74937==    by 0x3: ???
==74937==    by 0x7: ???
==74937==    by 0xF: ???
==74937== 
==74937== 16 bytes in 1 blocks are definitely lost in loss record 446 of 981
==74937==    at 0x4846828: malloc (in /usr/libexec/valgrind/vgpreload_memcheck-amd64-linux.so)
==74937==    by 0x728B99: __mn_range (in /mnt/c/Users/Juan/Documents/GitHub/Mapanare/mapanare/self/mnc-stage1)
==74937==    by 0x67C16F: mir_opt__is_in_list (in /mnt/c/Users/Juan/Documents/GitHub/Mapanare/mapanare/self/mnc-stage1)
==74937==    by 0x6AB7E1F: ???
==74937==    by 0x3: ???
==74937==    by 0x7: ???
==74937==    by 0x73F0A7: ??? (in /mnt/c/Users/Juan/Documents/GitHub/Mapanare/mapanare/self/mnc-stage1)
==74937==    by 0x4: ???
==74937==    by 0x6AB7E1F: ???
==74937==    by 0x3: ???
==74937==    by 0x6AB8CEF: ???
==74937==    by 0x1101: ???
==74937==    by 0x580053FF: ??? (in /usr/libexec/valgrind/memcheck-amd64-linux)
==74937==    by 0xF: ???
==74937== 
==74937== 16 bytes in 1 blocks are definitely lost in loss record 447 of 981
==74937==    at 0x4846828: malloc (in /usr/libexec/valgrind/vgpreload_memcheck-amd64-linux.so)
==74937==    by 0x728B99: __mn_range (in /mnt/c/Users/Juan/Documents/GitHub/Mapanare/mapanare/self/mnc-stage1)
==74937==    by 0x67C16F: mir_opt__is_in_list (in /mnt/c/Users/Juan/Documents/GitHub/Mapanare/mapanare/self/mnc-stage1)
==74937==    by 0x6AB767F: ???
==74937==    by 0x5: ???
==74937==    by 0x7: ???
==74937==    by 0x6AAA39F: ???
==74937==    by 0x8000000000000007: ???
==74937==    by 0x6AB767F: ???
==74937==    by 0x5: ???
==74937==    by 0x6AB8E5F: ???
==74937==    by 0x1101: ???
==74937==    by 0x580053FF: ??? (in /usr/libexec/valgrind/memcheck-amd64-linux)
==74937==    by 0xF: ???
==74937== 
==74937== 16 bytes in 1 blocks are definitely lost in loss record 448 of 981
==74937==    at 0x4846828: malloc (in /usr/libexec/valgrind/vgpreload_memcheck-amd64-linux.so)
==74937==    by 0x728B99: __mn_range (in /mnt/c/Users/Juan/Documents/GitHub/Mapanare/mapanare/self/mnc-stage1)
==74937==    by 0x67C16F: mir_opt__is_in_list (in /mnt/c/Users/Juan/Documents/GitHub/Mapanare/mapanare/self/mnc-stage1)
==74937==    by 0x6AB767F: ???
==74937==    by 0x6A7260100000005: ???
==74937==    by 0x6AB8EAF: ???
==74937==    by 0x6AAA3EF: ???
==74937==    by 0x8000000000000007: ???
==74937==    by 0x6AB7EEF: ???
==74937==    by 0x3: ???
==74937==    by 0x7: ???
==74937==    by 0xF: ???
==74937== 
==74937== 16 bytes in 1 blocks are definitely lost in loss record 449 of 981
==74937==    at 0x4846828: malloc (in /usr/libexec/valgrind/vgpreload_memcheck-amd64-linux.so)
==74937==    by 0x728B99: __mn_range (in /mnt/c/Users/Juan/Documents/GitHub/Mapanare/mapanare/self/mnc-stage1)
==74937==    by 0x67C16F: mir_opt__is_in_list (in /mnt/c/Users/Juan/Documents/GitHub/Mapanare/mapanare/self/mnc-stage1)
==74937==    by 0x6AB767F: ???
==74937==    by 0x6A7260100000005: ???
==74937==    by 0x6AB8EFF: ???
==74937==    by 0x6AAA39F: ???
==74937==    by 0x8000000000000007: ???
==74937==    by 0x6AB7EEF: ???
==74937==    by 0x3: ???
==74937==    by 0x7: ???
==74937==    by 0xF: ???
==74937== 
==74937== 16 bytes in 1 blocks are definitely lost in loss record 450 of 981
==74937==    at 0x4846828: malloc (in /usr/libexec/valgrind/vgpreload_memcheck-amd64-linux.so)
==74937==    by 0x728B99: __mn_range (in /mnt/c/Users/Juan/Documents/GitHub/Mapanare/mapanare/self/mnc-stage1)
==74937==    by 0x67C16F: mir_opt__is_in_list (in /mnt/c/Users/Juan/Documents/GitHub/Mapanare/mapanare/self/mnc-stage1)
==74937==    by 0x6AB7BDF: ???
==74937==    by 0x2: ???
==74937==    by 0x7: ???
==74937==    by 0x6AAA3EF: ???
==74937==    by 0x8000000000000007: ???
==74937==    by 0x6AB7BDF: ???
==74937==    by 0x2: ???
==74937==    by 0x6AB8F9F: ???
==74937==    by 0x1101: ???
==74937==    by 0x580053FF: ??? (in /usr/libexec/valgrind/memcheck-amd64-linux)
==74937==    by 0xF: ???
==74937== 
==74937== 16 bytes in 1 blocks are definitely lost in loss record 451 of 981
==74937==    at 0x4846828: malloc (in /usr/libexec/valgrind/vgpreload_memcheck-amd64-linux.so)
==74937==    by 0x728B99: __mn_range (in /mnt/c/Users/Juan/Documents/GitHub/Mapanare/mapanare/self/mnc-stage1)
==74937==    by 0x67C16F: mir_opt__is_in_list (in /mnt/c/Users/Juan/Documents/GitHub/Mapanare/mapanare/self/mnc-stage1)
==74937==    by 0x6AB7CFF: ???
==74937==    by 0x6A7260100000000: ???
==74937==    by 0x6AB915F: ???
==74937==    by 0x6AAA43F: ???
==74937==    by 0x8000000000000008: ???
==74937==    by 0x6AB7EEF: ???
==74937==    by 0x3: ???
==74937==    by 0x7: ???
==74937==    by 0xF: ???
==74937== 
==74937== 16 bytes in 1 blocks are definitely lost in loss record 452 of 981
==74937==    at 0x4846828: malloc (in /usr/libexec/valgrind/vgpreload_memcheck-amd64-linux.so)
==74937==    by 0x728B99: __mn_range (in /mnt/c/Users/Juan/Documents/GitHub/Mapanare/mapanare/self/mnc-stage1)
==74937==    by 0x67C16F: mir_opt__is_in_list (in /mnt/c/Users/Juan/Documents/GitHub/Mapanare/mapanare/self/mnc-stage1)
==74937==    by 0x6AB7E1F: ???
==74937==    by 0x3: ???
==74937==    by 0x7: ???
==74937==    by 0x73F0A7: ??? (in /mnt/c/Users/Juan/Documents/GitHub/Mapanare/mapanare/self/mnc-stage1)
==74937==    by 0x4: ???
==74937==    by 0x6AB7E1F: ???
==74937==    by 0x3: ???
==74937==    by 0x6AB924F: ???
==74937==    by 0x1101: ???
==74937==    by 0x580053FF: ??? (in /usr/libexec/valgrind/memcheck-amd64-linux)
==74937==    by 0xF: ???
==74937== 
==74937== 16 bytes in 1 blocks are definitely lost in loss record 453 of 981
==74937==    at 0x4846828: malloc (in /usr/libexec/valgrind/vgpreload_memcheck-amd64-linux.so)
==74937==    by 0x728B99: __mn_range (in /mnt/c/Users/Juan/Documents/GitHub/Mapanare/mapanare/self/mnc-stage1)
==74937==    by 0x67C16F: mir_opt__is_in_list (in /mnt/c/Users/Juan/Documents/GitHub/Mapanare/mapanare/self/mnc-stage1)
==74937==    by 0x6AB7E1F: ???
==74937==    by 0x6A7260100000003: ???
==74937==    by 0x6AB929F: ???
==74937==    by 0x6AAA39F: ???
==74937==    by 0x8000000000000007: ???
==74937==    by 0x6AB933F: ???
==74937==    by 0x1102: ???
==74937==    by 0x5800566F: ??? (in /usr/libexec/valgrind/memcheck-amd64-linux)
==74937== 
==74937== 16 bytes in 1 blocks are definitely lost in loss record 454 of 981
==74937==    at 0x4846828: malloc (in /usr/libexec/valgrind/vgpreload_memcheck-amd64-linux.so)
==74937==    by 0x728B99: __mn_range (in /mnt/c/Users/Juan/Documents/GitHub/Mapanare/mapanare/self/mnc-stage1)
==74937==    by 0x67C16F: mir_opt__is_in_list (in /mnt/c/Users/Juan/Documents/GitHub/Mapanare/mapanare/self/mnc-stage1)
==74937==    by 0x6AB7E1F: ???
==74937==    by 0x6A7260100000003: ???
==74937==    by 0x6AB954F: ???
==74937==    by 0x6AAA3EF: ???
==74937==    by 0x8000000000000007: ???
==74937==    by 0x6AB7EEF: ???
==74937==    by 0x3: ???
==74937==    by 0x7: ???
==74937==    by 0xF: ???
==74937== 
==74937== 16 bytes in 1 blocks are definitely lost in loss record 455 of 981
==74937==    at 0x4846828: malloc (in /usr/libexec/valgrind/vgpreload_memcheck-amd64-linux.so)
==74937==    by 0x728B99: __mn_range (in /mnt/c/Users/Juan/Documents/GitHub/Mapanare/mapanare/self/mnc-stage1)
==74937==    by 0x67C16F: mir_opt__is_in_list (in /mnt/c/Users/Juan/Documents/GitHub/Mapanare/mapanare/self/mnc-stage1)
==74937==    by 0x6AB7E1F: ???
==74937==    by 0x6A7260100000003: ???
==74937==    by 0x6AB95EF: ???
==74937==    by 0x6AAA43F: ???
==74937==    by 0x8000000000000008: ???
==74937==    by 0x6AB7EEF: ???
==74937==    by 0x3: ???
==74937==    by 0x7: ???
==74937==    by 0xF: ???
==74937== 
==74937== 16 bytes in 1 blocks are definitely lost in loss record 456 of 981
==74937==    at 0x4846828: malloc (in /usr/libexec/valgrind/vgpreload_memcheck-amd64-linux.so)
==74937==    by 0x728B99: __mn_range (in /mnt/c/Users/Juan/Documents/GitHub/Mapanare/mapanare/self/mnc-stage1)
==74937==    by 0x679303: mir_opt__constant_fold_function (in /mnt/c/Users/Juan/Documents/GitHub/Mapanare/mapanare/self/mnc-stage1)
==74937== 
==74937== 16 bytes in 1 blocks are definitely lost in loss record 457 of 981
==74937==    at 0x4846828: malloc (in /usr/libexec/valgrind/vgpreload_memcheck-amd64-linux.so)
==74937==    by 0x728B99: __mn_range (in /mnt/c/Users/Juan/Documents/GitHub/Mapanare/mapanare/self/mnc-stage1)
==74937==    by 0x67C16F: mir_opt__is_in_list (in /mnt/c/Users/Juan/Documents/GitHub/Mapanare/mapanare/self/mnc-stage1)
==74937==    by 0x6AB7E1F: ???
==74937==    by 0x6A7260100000003: ???
==74937==    by 0x6AB968F: ???
==74937==    by 0x73F0A7: ??? (in /mnt/c/Users/Juan/Documents/GitHub/Mapanare/mapanare/self/mnc-stage1)
==74937==    by 0x4: ???
==74937==    by 0x6ABBAEF: ???
==74937==    by 0x1102: ???
==74937==    by 0x6ABBC0F: ???
==74937==    by 0x1101: ???
==74937==    by 0x580053FF: ??? (in /usr/libexec/valgrind/memcheck-amd64-linux)
==74937==    by 0xF: ???
==74937== 
==74937== 16 bytes in 1 blocks are definitely lost in loss record 458 of 981
==74937==    at 0x4846828: malloc (in /usr/libexec/valgrind/vgpreload_memcheck-amd64-linux.so)
==74937==    by 0x728B99: __mn_range (in /mnt/c/Users/Juan/Documents/GitHub/Mapanare/mapanare/self/mnc-stage1)
==74937==    by 0x67C16F: mir_opt__is_in_list (in /mnt/c/Users/Juan/Documents/GitHub/Mapanare/mapanare/self/mnc-stage1)
==74937==    by 0x6ABB00F: ???
==74937==    by 0x6: ???
==74937==    by 0x7: ???
==74937==    by 0x6AADFBF: ???
==74937==    by 0x8000000000000009: ???
==74937==    by 0x6ABB00F: ???
==74937==    by 0x6: ???
==74937==    by 0x6ABBDCF: ???
==74937==    by 0x1101: ???
==74937==    by 0x580053FF: ??? (in /usr/libexec/valgrind/memcheck-amd64-linux)
==74937==    by 0xF: ???
==74937== 
==74937== 16 bytes in 1 blocks are definitely lost in loss record 459 of 981
==74937==    at 0x4846828: malloc (in /usr/libexec/valgrind/vgpreload_memcheck-amd64-linux.so)
==74937==    by 0x728B99: __mn_range (in /mnt/c/Users/Juan/Documents/GitHub/Mapanare/mapanare/self/mnc-stage1)
==74937==    by 0x67C16F: mir_opt__is_in_list (in /mnt/c/Users/Juan/Documents/GitHub/Mapanare/mapanare/self/mnc-stage1)
==74937==    by 0x6ABB00F: ???
==74937==    by 0x6A7260000000006: ???
==74937==    by 0x6ABBE1F: ???
==74937==    by 0x6AAE2BF: ???
==74937==    by 0x8000000000000009: ???
==74937==    by 0x6ABBAFF: ???
==74937== 
==74937== 16 bytes in 1 blocks are definitely lost in loss record 460 of 981
==74937==    at 0x4846828: malloc (in /usr/libexec/valgrind/vgpreload_memcheck-amd64-linux.so)
==74937==    by 0x728B99: __mn_range (in /mnt/c/Users/Juan/Documents/GitHub/Mapanare/mapanare/self/mnc-stage1)
==74937==    by 0x67C16F: mir_opt__is_in_list (in /mnt/c/Users/Juan/Documents/GitHub/Mapanare/mapanare/self/mnc-stage1)
==74937==    by 0x6ABB00F: ???
==74937==    by 0x6A7260000000006: ???
==74937==    by 0x6ABBE6F: ???
==74937==    by 0x6AADFBF: ???
==74937==    by 0x8000000000000009: ???
==74937==    by 0x6ABBAFF: ???
==74937==    by 0x1: ???
==74937==    by 0x7: ???
==74937==    by 0xF: ???
==74937== 
==74937== 16 bytes in 1 blocks are definitely lost in loss record 461 of 981
==74937==    at 0x4846828: malloc (in /usr/libexec/valgrind/vgpreload_memcheck-amd64-linux.so)
==74937==    by 0x728B99: __mn_range (in /mnt/c/Users/Juan/Documents/GitHub/Mapanare/mapanare/self/mnc-stage1)
==74937==    by 0x67C16F: mir_opt__is_in_list (in /mnt/c/Users/Juan/Documents/GitHub/Mapanare/mapanare/self/mnc-stage1)
==74937==    by 0x6ABB33F: ???
==74937==    by 0x6: ???
==74937==    by 0x7: ???
==74937==    by 0x6AADF1F: ???
==74937==    by 0x800000000000000B: ???
==74937==    by 0x6ABB33F: ???
==74937==    by 0x6: ???
==74937==    by 0x6ABBFDF: ???
==74937==    by 0x1101: ???
==74937==    by 0x580053FF: ??? (in /usr/libexec/valgrind/memcheck-amd64-linux)
==74937==    by 0xF: ???
==74937== 
==74937== 16 bytes in 1 blocks are definitely lost in loss record 462 of 981
==74937==    at 0x4846828: malloc (in /usr/libexec/valgrind/vgpreload_memcheck-amd64-linux.so)
==74937==    by 0x728B99: __mn_range (in /mnt/c/Users/Juan/Documents/GitHub/Mapanare/mapanare/self/mnc-stage1)
==74937==    by 0x67C16F: mir_opt__is_in_list (in /mnt/c/Users/Juan/Documents/GitHub/Mapanare/mapanare/self/mnc-stage1)
==74937==    by 0x6ABB33F: ???
==74937==    by 0x6A7260000000006: ???
==74937==    by 0x6ABC02F: ???
==74937==    by 0x6AAE2BF: ???
==74937==    by 0x8000000000000009: ???
==74937==    by 0x6ABBAFF: ???
==74937==    by 0x2: ???
==74937==    by 0x7: ???
==74937==    by 0xF: ???
==74937== 
==74937== 16 bytes in 1 blocks are definitely lost in loss record 463 of 981
==74937==    at 0x4846828: malloc (in /usr/libexec/valgrind/vgpreload_memcheck-amd64-linux.so)
==74937==    by 0x728B99: __mn_range (in /mnt/c/Users/Juan/Documents/GitHub/Mapanare/mapanare/self/mnc-stage1)
==74937==    by 0x67C16F: mir_opt__is_in_list (in /mnt/c/Users/Juan/Documents/GitHub/Mapanare/mapanare/self/mnc-stage1)
==74937==    by 0x6ABB45F: ???
==74937==    by 0x2: ???
==74937==    by 0x7: ???
==74937==    by 0x6AADF1F: ???
==74937==    by 0x800000000000000B: ???
==74937==    by 0x6ABB45F: ???
==74937==    by 0x2: ???
==74937==    by 0x6ABC19F: ???
==74937==    by 0x1101: ???
==74937==    by 0x580053FF: ??? (in /usr/libexec/valgrind/memcheck-amd64-linux)
==74937==    by 0xF: ???
==74937== 
==74937== 16 bytes in 1 blocks are definitely lost in loss record 464 of 981
==74937==    at 0x4846828: malloc (in /usr/libexec/valgrind/vgpreload_memcheck-amd64-linux.so)
==74937==    by 0x728B99: __mn_range (in /mnt/c/Users/Juan/Documents/GitHub/Mapanare/mapanare/self/mnc-stage1)
==74937==    by 0x67C16F: mir_opt__is_in_list (in /mnt/c/Users/Juan/Documents/GitHub/Mapanare/mapanare/self/mnc-stage1)
==74937==    by 0x6ABB45F: ???
==74937==    by 0x6A7260100000002: ???
==74937==    by 0x6ABC1EF: ???
==74937==    by 0x6AADF1F: ???
==74937==    by 0x800000000000000B: ???
==74937==    by 0x6ABBAFF: ???
==74937==    by 0x3: ???
==74937==    by 0x7: ???
==74937==    by 0xF: ???
==74937== 
==74937== 16 bytes in 1 blocks are definitely lost in loss record 465 of 981
==74937==    at 0x4846828: malloc (in /usr/libexec/valgrind/vgpreload_memcheck-amd64-linux.so)
==74937==    by 0x728B99: __mn_range (in /mnt/c/Users/Juan/Documents/GitHub/Mapanare/mapanare/self/mnc-stage1)
==74937==    by 0x67C16F: mir_opt__is_in_list (in /mnt/c/Users/Juan/Documents/GitHub/Mapanare/mapanare/self/mnc-stage1)
==74937==    by 0x6ABB64F: ???
==74937==    by 0x8: ???
==74937==    by 0xF: ???
==74937==    by 0x6AB24AF: ???
==74937==    by 0x8000000000000009: ???
==74937==    by 0x6ABB64F: ???
==74937==    by 0x8: ???
==74937==    by 0x6ABC3AF: ???
==74937==    by 0x1101: ???
==74937==    by 0x580053FF: ??? (in /usr/libexec/valgrind/memcheck-amd64-linux)
==74937==    by 0xF: ???
==74937== 
==74937== 16 bytes in 1 blocks are definitely lost in loss record 466 of 981
==74937==    at 0x4846828: malloc (in /usr/libexec/valgrind/vgpreload_memcheck-amd64-linux.so)
==74937==    by 0x728B99: __mn_range (in /mnt/c/Users/Juan/Documents/GitHub/Mapanare/mapanare/self/mnc-stage1)
==74937==    by 0x67C16F: mir_opt__is_in_list (in /mnt/c/Users/Juan/Documents/GitHub/Mapanare/mapanare/self/mnc-stage1)
==74937==    by 0x6ABB64F: ???
==74937==    by 0x6A7260000000008: ???
==74937==    by 0x6ABC3FF: ???
==74937==    by 0x6AB27AF: ???
==74937==    by 0x8000000000000009: ???
==74937==    by 0x6ABBAFF: ???
==74937==    by 0x3: ???
==74937==    by 0x7: ???
==74937==    by 0xF: ???
==74937== 
==74937== 16 bytes in 1 blocks are definitely lost in loss record 467 of 981
==74937==    at 0x4846828: malloc (in /usr/libexec/valgrind/vgpreload_memcheck-amd64-linux.so)
==74937==    by 0x728B99: __mn_range (in /mnt/c/Users/Juan/Documents/GitHub/Mapanare/mapanare/self/mnc-stage1)
==74937==    by 0x67C16F: mir_opt__is_in_list (in /mnt/c/Users/Juan/Documents/GitHub/Mapanare/mapanare/self/mnc-stage1)
==74937==    by 0x6ABB64F: ???
==74937==    by 0x6A7260000000008: ???
==74937==    by 0x6ABC44F: ???
==74937==    by 0x6AB24AF: ???
==74937==    by 0x8000000000000009: ???
==74937==    by 0x6ABBAFF: ???
==74937==    by 0x4: ???
==74937==    by 0x7: ???
==74937==    by 0xF: ???
==74937== 
==74937== 16 bytes in 1 blocks are definitely lost in loss record 468 of 981
==74937==    at 0x4846828: malloc (in /usr/libexec/valgrind/vgpreload_memcheck-amd64-linux.so)
==74937==    by 0x728B99: __mn_range (in /mnt/c/Users/Juan/Documents/GitHub/Mapanare/mapanare/self/mnc-stage1)
==74937==    by 0x67C16F: mir_opt__is_in_list (in /mnt/c/Users/Juan/Documents/GitHub/Mapanare/mapanare/self/mnc-stage1)
==74937==    by 0x6ABB7EF: ???
==74937==    by 0x6: ???
==74937==    by 0x7: ???
==74937==    by 0x6AB240F: ???
==74937==    by 0x800000000000000B: ???
==74937==    by 0x6ABB7EF: ???
==74937==    by 0x6: ???
==74937==    by 0x6ABC5BF: ???
==74937==    by 0x1101: ???
==74937==    by 0x580053FF: ??? (in /usr/libexec/valgrind/memcheck-amd64-linux)
==74937==    by 0xF: ???
==74937== 
==74937== 16 bytes in 1 blocks are definitely lost in loss record 469 of 981
==74937==    at 0x4846828: malloc (in /usr/libexec/valgrind/vgpreload_memcheck-amd64-linux.so)
==74937==    by 0x728B99: __mn_range (in /mnt/c/Users/Juan/Documents/GitHub/Mapanare/mapanare/self/mnc-stage1)
==74937==    by 0x67C16F: mir_opt__is_in_list (in /mnt/c/Users/Juan/Documents/GitHub/Mapanare/mapanare/self/mnc-stage1)
==74937==    by 0x6ABB7EF: ???
==74937==    by 0x6A7260000000006: ???
==74937==    by 0x6ABC60F: ???
==74937==    by 0x6AB27AF: ???
==74937==    by 0x8000000000000009: ???
==74937==    by 0x6ABBAFF: ???
==74937==    by 0x5: ???
==74937==    by 0x7: ???
==74937==    by 0xF: ???
==74937== 
==74937== 16 bytes in 1 blocks are definitely lost in loss record 470 of 981
==74937==    at 0x4846828: malloc (in /usr/libexec/valgrind/vgpreload_memcheck-amd64-linux.so)
==74937==    by 0x728B99: __mn_range (in /mnt/c/Users/Juan/Documents/GitHub/Mapanare/mapanare/self/mnc-stage1)
==74937==    by 0x67C16F: mir_opt__is_in_list (in /mnt/c/Users/Juan/Documents/GitHub/Mapanare/mapanare/self/mnc-stage1)
==74937==    by 0x6ABB90F: ???
==74937==    by 0x2: ???
==74937==    by 0x7: ???
==74937==    by 0x6AB240F: ???
==74937==    by 0x800000000000000B: ???
==74937==    by 0x6ABB90F: ???
==74937==    by 0x2: ???
==74937==    by 0x6ABC77F: ???
==74937==    by 0x1101: ???
==74937==    by 0x580053FF: ??? (in /usr/libexec/valgrind/memcheck-amd64-linux)
==74937==    by 0xF: ???
==74937== 
==74937== 16 bytes in 1 blocks are definitely lost in loss record 471 of 981
==74937==    at 0x4846828: malloc (in /usr/libexec/valgrind/vgpreload_memcheck-amd64-linux.so)
==74937==    by 0x728B99: __mn_range (in /mnt/c/Users/Juan/Documents/GitHub/Mapanare/mapanare/self/mnc-stage1)
==74937==    by 0x67C16F: mir_opt__is_in_list (in /mnt/c/Users/Juan/Documents/GitHub/Mapanare/mapanare/self/mnc-stage1)
==74937==    by 0x6ABB90F: ???
==74937==    by 0x6A7260100000002: ???
==74937==    by 0x6ABC7CF: ???
==74937==    by 0x6AB240F: ???
==74937==    by 0x800000000000000B: ???
==74937==    by 0x6ABBAFF: ???
==74937==    by 0x6: ???
==74937==    by 0x7: ???
==74937==    by 0xF: ???
==74937== 
==74937== 16 bytes in 1 blocks are definitely lost in loss record 472 of 981
==74937==    at 0x4846828: malloc (in /usr/libexec/valgrind/vgpreload_memcheck-amd64-linux.so)
==74937==    by 0x728B99: __mn_range (in /mnt/c/Users/Juan/Documents/GitHub/Mapanare/mapanare/self/mnc-stage1)
==74937==    by 0x67C16F: mir_opt__is_in_list (in /mnt/c/Users/Juan/Documents/GitHub/Mapanare/mapanare/self/mnc-stage1)
==74937==    by 0x6ABBA2F: ???
==74937==    by 0x2: ???
==74937==    by 0x7: ???
==74937==    by 0x73F0A7: ??? (in /mnt/c/Users/Juan/Documents/GitHub/Mapanare/mapanare/self/mnc-stage1)
==74937==    by 0x4: ???
==74937==    by 0x6ABBA2F: ???
==74937==    by 0x2: ???
==74937==    by 0x6ABC8BF: ???
==74937==    by 0x1101: ???
==74937==    by 0x580053FF: ??? (in /usr/libexec/valgrind/memcheck-amd64-linux)
==74937==    by 0xF: ???
==74937== 
==74937== 16 bytes in 1 blocks are definitely lost in loss record 473 of 981
==74937==    at 0x4846828: malloc (in /usr/libexec/valgrind/vgpreload_memcheck-amd64-linux.so)
==74937==    by 0x728B99: __mn_range (in /mnt/c/Users/Juan/Documents/GitHub/Mapanare/mapanare/self/mnc-stage1)
==74937==    by 0x67C16F: mir_opt__is_in_list (in /mnt/c/Users/Juan/Documents/GitHub/Mapanare/mapanare/self/mnc-stage1)
==74937==    by 0x6ABB00F: ???
==74937==    by 0x6: ???
==74937==    by 0x7: ???
==74937==    by 0x6AADFBF: ???
==74937==    by 0x8000000000000009: ???
==74937==    by 0x6ABB00F: ???
==74937==    by 0x6: ???
==74937==    by 0x6ABCA7F: ???
==74937==    by 0x1101: ???
==74937==    by 0x580053FF: ??? (in /usr/libexec/valgrind/memcheck-amd64-linux)
==74937==    by 0xF: ???
==74937== 
==74937== 16 bytes in 1 blocks are definitely lost in loss record 474 of 981
==74937==    at 0x4846828: malloc (in /usr/libexec/valgrind/vgpreload_memcheck-amd64-linux.so)
==74937==    by 0x728B99: __mn_range (in /mnt/c/Users/Juan/Documents/GitHub/Mapanare/mapanare/self/mnc-stage1)
==74937==    by 0x67C16F: mir_opt__is_in_list (in /mnt/c/Users/Juan/Documents/GitHub/Mapanare/mapanare/self/mnc-stage1)
==74937==    by 0x6ABB00F: ???
==74937==    by 0x6A7260100000006: ???
==74937==    by 0x6ABCACF: ???
==74937==    by 0x6AAE2BF: ???
==74937==    by 0x8000000000000009: ???
==74937==    by 0x6ABBAFF: ???
==74937==    by 0x6: ???
==74937==    by 0x7: ???
==74937==    by 0xF: ???
==74937== 
==74937== 16 bytes in 1 blocks are definitely lost in loss record 475 of 981
==74937==    at 0x4846828: malloc (in /usr/libexec/valgrind/vgpreload_memcheck-amd64-linux.so)
==74937==    by 0x728B99: __mn_range (in /mnt/c/Users/Juan/Documents/GitHub/Mapanare/mapanare/self/mnc-stage1)
==74937==    by 0x67C16F: mir_opt__is_in_list (in /mnt/c/Users/Juan/Documents/GitHub/Mapanare/mapanare/self/mnc-stage1)
==74937==    by 0x6ABB00F: ???
==74937==    by 0x6A7260100000006: ???
==74937==    by 0x6ABCB1F: ???
==74937==    by 0x6AADFBF: ???
==74937==    by 0x8000000000000009: ???
==74937==    by 0x6ABBAFF: ???
==74937==    by 0x6: ???
==74937==    by 0x7: ???
==74937==    by 0xF: ???
==74937== 
==74937== 16 bytes in 1 blocks are definitely lost in loss record 476 of 981
==74937==    at 0x4846828: malloc (in /usr/libexec/valgrind/vgpreload_memcheck-amd64-linux.so)
==74937==    by 0x728B99: __mn_range (in /mnt/c/Users/Juan/Documents/GitHub/Mapanare/mapanare/self/mnc-stage1)
==74937==    by 0x67C16F: mir_opt__is_in_list (in /mnt/c/Users/Juan/Documents/GitHub/Mapanare/mapanare/self/mnc-stage1)
==74937==    by 0x6ABB33F: ???
==74937==    by 0x6: ???
==74937==    by 0x7: ???
==74937==    by 0x6AADF1F: ???
==74937==    by 0x800000000000000B: ???
==74937==    by 0x6ABB33F: ???
==74937==    by 0x6: ???
==74937==    by 0x6ABCC8F: ???
==74937==    by 0x1101: ???
==74937==    by 0x580053FF: ??? (in /usr/libexec/valgrind/memcheck-amd64-linux)
==74937==    by 0xF: ???
==74937== 
==74937== 16 bytes in 1 blocks are definitely lost in loss record 477 of 981
==74937==    at 0x4846828: malloc (in /usr/libexec/valgrind/vgpreload_memcheck-amd64-linux.so)
==74937==    by 0x728B99: __mn_range (in /mnt/c/Users/Juan/Documents/GitHub/Mapanare/mapanare/self/mnc-stage1)
==74937==    by 0x67C16F: mir_opt__is_in_list (in /mnt/c/Users/Juan/Documents/GitHub/Mapanare/mapanare/self/mnc-stage1)
==74937==    by 0x6ABB33F: ???
==74937==    by 0x6A7260100000006: ???
==74937==    by 0x6ABCCDF: ???
==74937==    by 0x6AAE2BF: ???
==74937==    by 0x8000000000000009: ???
==74937==    by 0x6ABBAFF: ???
==74937==    by 0x6: ???
==74937==    by 0x7: ???
==74937==    by 0xF: ???
==74937== 
==74937== 16 bytes in 1 blocks are definitely lost in loss record 478 of 981
==74937==    at 0x4846828: malloc (in /usr/libexec/valgrind/vgpreload_memcheck-amd64-linux.so)
==74937==    by 0x728B99: __mn_range (in /mnt/c/Users/Juan/Documents/GitHub/Mapanare/mapanare/self/mnc-stage1)
==74937==    by 0x67C16F: mir_opt__is_in_list (in /mnt/c/Users/Juan/Documents/GitHub/Mapanare/mapanare/self/mnc-stage1)
==74937==    by 0x6ABB45F: ???
==74937==    by 0x2: ???
==74937==    by 0x7: ???
==74937==    by 0x6AADF1F: ???
==74937==    by 0x800000000000000B: ???
==74937==    by 0x6ABB45F: ???
==74937==    by 0x2: ???
==74937==    by 0x6ABCE4F: ???
==74937==    by 0x1101: ???
==74937==    by 0x580053FF: ??? (in /usr/libexec/valgrind/memcheck-amd64-linux)
==74937==    by 0xF: ???
==74937== 
==74937== 16 bytes in 1 blocks are definitely lost in loss record 479 of 981
==74937==    at 0x4846828: malloc (in /usr/libexec/valgrind/vgpreload_memcheck-amd64-linux.so)
==74937==    by 0x728B99: __mn_range (in /mnt/c/Users/Juan/Documents/GitHub/Mapanare/mapanare/self/mnc-stage1)
==74937==    by 0x67C16F: mir_opt__is_in_list (in /mnt/c/Users/Juan/Documents/GitHub/Mapanare/mapanare/self/mnc-stage1)
==74937==    by 0x6ABB45F: ???
==74937==    by 0x6A7260100000002: ???
==74937==    by 0x6ABCE9F: ???
==74937==    by 0x6AADF1F: ???
==74937==    by 0x800000000000000B: ???
==74937==    by 0x6ABBAFF: ???
==74937==    by 0x6: ???
==74937==    by 0x7: ???
==74937==    by 0xF: ???
==74937== 
==74937== 16 bytes in 1 blocks are definitely lost in loss record 480 of 981
==74937==    at 0x4846828: malloc (in /usr/libexec/valgrind/vgpreload_memcheck-amd64-linux.so)
==74937==    by 0x728B99: __mn_range (in /mnt/c/Users/Juan/Documents/GitHub/Mapanare/mapanare/self/mnc-stage1)
==74937==    by 0x67C16F: mir_opt__is_in_list (in /mnt/c/Users/Juan/Documents/GitHub/Mapanare/mapanare/self/mnc-stage1)
==74937==    by 0x6ABB64F: ???
==74937==    by 0x8: ???
==74937==    by 0xF: ???
==74937==    by 0x6AB24AF: ???
==74937==    by 0x8000000000000009: ???
==74937==    by 0x6ABB64F: ???
==74937==    by 0x8: ???
==74937==    by 0x6ABD05F: ???
==74937==    by 0x1101: ???
==74937==    by 0x580053FF: ??? (in /usr/libexec/valgrind/memcheck-amd64-linux)
==74937==    by 0xF: ???
==74937== 
==74937== 16 bytes in 1 blocks are definitely lost in loss record 481 of 981
==74937==    at 0x4846828: malloc (in /usr/libexec/valgrind/vgpreload_memcheck-amd64-linux.so)
==74937==    by 0x728B99: __mn_range (in /mnt/c/Users/Juan/Documents/GitHub/Mapanare/mapanare/self/mnc-stage1)
==74937==    by 0x67C16F: mir_opt__is_in_list (in /mnt/c/Users/Juan/Documents/GitHub/Mapanare/mapanare/self/mnc-stage1)
==74937==    by 0x6ABB64F: ???
==74937==    by 0x6A7260100000008: ???
==74937==    by 0x6ABD0AF: ???
==74937==    by 0x6AB27AF: ???
==74937==    by 0x8000000000000009: ???
==74937==    by 0x6ABBAFF: ???
==74937==    by 0x6: ???
==74937==    by 0x7: ???
==74937==    by 0xF: ???
==74937== 
==74937== 16 bytes in 1 blocks are definitely lost in loss record 482 of 981
==74937==    at 0x4846828: malloc (in /usr/libexec/valgrind/vgpreload_memcheck-amd64-linux.so)
==74937==    by 0x728B99: __mn_range (in /mnt/c/Users/Juan/Documents/GitHub/Mapanare/mapanare/self/mnc-stage1)
==74937==    by 0x67C16F: mir_opt__is_in_list (in /mnt/c/Users/Juan/Documents/GitHub/Mapanare/mapanare/self/mnc-stage1)
==74937==    by 0x6ABB64F: ???
==74937==    by 0x6A7260100000008: ???
==74937==    by 0x6ABD0FF: ???
==74937==    by 0x6AB24AF: ???
==74937==    by 0x8000000000000009: ???
==74937==    by 0x6ABBAFF: ???
==74937==    by 0x6: ???
==74937==    by 0x7: ???
==74937==    by 0xF: ???
==74937== 
==74937== 16 bytes in 1 blocks are definitely lost in loss record 483 of 981
==74937==    at 0x4846828: malloc (in /usr/libexec/valgrind/vgpreload_memcheck-amd64-linux.so)
==74937==    by 0x728B99: __mn_range (in /mnt/c/Users/Juan/Documents/GitHub/Mapanare/mapanare/self/mnc-stage1)
==74937==    by 0x67C16F: mir_opt__is_in_list (in /mnt/c/Users/Juan/Documents/GitHub/Mapanare/mapanare/self/mnc-stage1)
==74937==    by 0x6ABB7EF: ???
==74937==    by 0x6: ???
==74937==    by 0x7: ???
==74937==    by 0x6AB240F: ???
==74937==    by 0x800000000000000B: ???
==74937==    by 0x6ABB7EF: ???
==74937==    by 0x6: ???
==74937==    by 0x6ABD26F: ???
==74937==    by 0x1101: ???
==74937==    by 0x580053FF: ??? (in /usr/libexec/valgrind/memcheck-amd64-linux)
==74937==    by 0xF: ???
==74937== 
==74937== 16 bytes in 1 blocks are definitely lost in loss record 484 of 981
==74937==    at 0x4846828: malloc (in /usr/libexec/valgrind/vgpreload_memcheck-amd64-linux.so)
==74937==    by 0x728B99: __mn_range (in /mnt/c/Users/Juan/Documents/GitHub/Mapanare/mapanare/self/mnc-stage1)
==74937==    by 0x67C16F: mir_opt__is_in_list (in /mnt/c/Users/Juan/Documents/GitHub/Mapanare/mapanare/self/mnc-stage1)
==74937==    by 0x6ABB7EF: ???
==74937==    by 0x6A7260100000006: ???
==74937==    by 0x6ABD2BF: ???
==74937==    by 0x6AB27AF: ???
==74937==    by 0x8000000000000009: ???
==74937==    by 0x6ABBAFF: ???
==74937==    by 0x6: ???
==74937==    by 0x7: ???
==74937==    by 0xF: ???
==74937== 
==74937== 16 bytes in 1 blocks are definitely lost in loss record 485 of 981
==74937==    at 0x4846828: malloc (in /usr/libexec/valgrind/vgpreload_memcheck-amd64-linux.so)
==74937==    by 0x728B99: __mn_range (in /mnt/c/Users/Juan/Documents/GitHub/Mapanare/mapanare/self/mnc-stage1)
==74937==    by 0x67C16F: mir_opt__is_in_list (in /mnt/c/Users/Juan/Documents/GitHub/Mapanare/mapanare/self/mnc-stage1)
==74937==    by 0x6ABB90F: ???
==74937==    by 0x2: ???
==74937==    by 0x7: ???
==74937==    by 0x6AB240F: ???
==74937==    by 0x800000000000000B: ???
==74937==    by 0x6ABB90F: ???
==74937==    by 0x2: ???
==74937==    by 0x6ABD42F: ???
==74937==    by 0x1101: ???
==74937==    by 0x580053FF: ??? (in /usr/libexec/valgrind/memcheck-amd64-linux)
==74937==    by 0xF: ???
==74937== 
==74937== 16 bytes in 1 blocks are definitely lost in loss record 486 of 981
==74937==    at 0x4846828: malloc (in /usr/libexec/valgrind/vgpreload_memcheck-amd64-linux.so)
==74937==    by 0x728B99: __mn_range (in /mnt/c/Users/Juan/Documents/GitHub/Mapanare/mapanare/self/mnc-stage1)
==74937==    by 0x67C16F: mir_opt__is_in_list (in /mnt/c/Users/Juan/Documents/GitHub/Mapanare/mapanare/self/mnc-stage1)
==74937==    by 0x6ABB90F: ???
==74937==    by 0x6A7260100000002: ???
==74937==    by 0x6ABD47F: ???
==74937==    by 0x6AB240F: ???
==74937==    by 0x800000000000000B: ???
==74937==    by 0x6ABBAFF: ???
==74937==    by 0x6: ???
==74937==    by 0x7: ???
==74937==    by 0xF: ???
==74937== 
==74937== 16 bytes in 1 blocks are definitely lost in loss record 487 of 981
==74937==    at 0x4846828: malloc (in /usr/libexec/valgrind/vgpreload_memcheck-amd64-linux.so)
==74937==    by 0x728B99: __mn_range (in /mnt/c/Users/Juan/Documents/GitHub/Mapanare/mapanare/self/mnc-stage1)
==74937==    by 0x67C16F: mir_opt__is_in_list (in /mnt/c/Users/Juan/Documents/GitHub/Mapanare/mapanare/self/mnc-stage1)
==74937==    by 0x6ABBA2F: ???
==74937==    by 0x2: ???
==74937==    by 0x7: ???
==74937==    by 0x73F0A7: ??? (in /mnt/c/Users/Juan/Documents/GitHub/Mapanare/mapanare/self/mnc-stage1)
==74937==    by 0x4: ???
==74937==    by 0x6ABBA2F: ???
==74937==    by 0x2: ???
==74937==    by 0x6ABD88F: ???
==74937==    by 0x1101: ???
==74937==    by 0x580053FF: ??? (in /usr/libexec/valgrind/memcheck-amd64-linux)
==74937==    by 0xF: ???
==74937== 
==74937== 16 bytes in 1 blocks are definitely lost in loss record 488 of 981
==74937==    at 0x4846828: malloc (in /usr/libexec/valgrind/vgpreload_memcheck-amd64-linux.so)
==74937==    by 0x728B99: __mn_range (in /mnt/c/Users/Juan/Documents/GitHub/Mapanare/mapanare/self/mnc-stage1)
==74937==    by 0x67C16F: mir_opt__is_in_list (in /mnt/c/Users/Juan/Documents/GitHub/Mapanare/mapanare/self/mnc-stage1)
==74937==    by 0x6ABB00F: ???
==74937==    by 0x6: ???
==74937==    by 0x7: ???
==74937==    by 0x6AADFBF: ???
==74937==    by 0x8000000000000009: ???
==74937==    by 0x6ABB00F: ???
==74937==    by 0x6: ???
==74937==    by 0x6ABDA4F: ???
==74937==    by 0x1101: ???
==74937==    by 0x580053FF: ??? (in /usr/libexec/valgrind/memcheck-amd64-linux)
==74937==    by 0xF: ???
==74937== 
==74937== 16 bytes in 1 blocks are definitely lost in loss record 489 of 981
==74937==    at 0x4846828: malloc (in /usr/libexec/valgrind/vgpreload_memcheck-amd64-linux.so)
==74937==    by 0x728B99: __mn_range (in /mnt/c/Users/Juan/Documents/GitHub/Mapanare/mapanare/self/mnc-stage1)
==74937==    by 0x67C16F: mir_opt__is_in_list (in /mnt/c/Users/Juan/Documents/GitHub/Mapanare/mapanare/self/mnc-stage1)
==74937==    by 0x6ABB00F: ???
==74937==    by 0x6A7260100000006: ???
==74937==    by 0x6ABDA9F: ???
==74937==    by 0x6AAE2BF: ???
==74937==    by 0x8000000000000009: ???
==74937==    by 0x6ABBAFF: ???
==74937==    by 0x6: ???
==74937==    by 0x7: ???
==74937==    by 0xF: ???
==74937== 
==74937== 16 bytes in 1 blocks are definitely lost in loss record 490 of 981
==74937==    at 0x4846828: malloc (in /usr/libexec/valgrind/vgpreload_memcheck-amd64-linux.so)
==74937==    by 0x728B99: __mn_range (in /mnt/c/Users/Juan/Documents/GitHub/Mapanare/mapanare/self/mnc-stage1)
==74937==    by 0x67C16F: mir_opt__is_in_list (in /mnt/c/Users/Juan/Documents/GitHub/Mapanare/mapanare/self/mnc-stage1)
==74937==    by 0x6ABB00F: ???
==74937==    by 0x6A7260100000006: ???
==74937==    by 0x6ABDAEF: ???
==74937==    by 0x6AADFBF: ???
==74937==    by 0x8000000000000009: ???
==74937==    by 0x6ABBAFF: ???
==74937==    by 0x6: ???
==74937==    by 0x7: ???
==74937==    by 0xF: ???
==74937== 
==74937== 16 bytes in 1 blocks are definitely lost in loss record 491 of 981
==74937==    at 0x4846828: malloc (in /usr/libexec/valgrind/vgpreload_memcheck-amd64-linux.so)
==74937==    by 0x728B99: __mn_range (in /mnt/c/Users/Juan/Documents/GitHub/Mapanare/mapanare/self/mnc-stage1)
==74937==    by 0x67C16F: mir_opt__is_in_list (in /mnt/c/Users/Juan/Documents/GitHub/Mapanare/mapanare/self/mnc-stage1)
==74937==    by 0x6ABB33F: ???
==74937==    by 0x6: ???
==74937==    by 0x7: ???
==74937==    by 0x6AADF1F: ???
==74937==    by 0x800000000000000B: ???
==74937==    by 0x6ABB33F: ???
==74937==    by 0x6: ???
==74937==    by 0x6ABDC5F: ???
==74937==    by 0x1101: ???
==74937==    by 0x580053FF: ??? (in /usr/libexec/valgrind/memcheck-amd64-linux)
==74937==    by 0xF: ???
==74937== 
==74937== 16 bytes in 1 blocks are definitely lost in loss record 492 of 981
==74937==    at 0x4846828: malloc (in /usr/libexec/valgrind/vgpreload_memcheck-amd64-linux.so)
==74937==    by 0x728B99: __mn_range (in /mnt/c/Users/Juan/Documents/GitHub/Mapanare/mapanare/self/mnc-stage1)
==74937==    by 0x67C16F: mir_opt__is_in_list (in /mnt/c/Users/Juan/Documents/GitHub/Mapanare/mapanare/self/mnc-stage1)
==74937==    by 0x6ABB33F: ???
==74937==    by 0x6A7260100000006: ???
==74937==    by 0x6ABDCAF: ???
==74937==    by 0x6AAE2BF: ???
==74937==    by 0x8000000000000009: ???
==74937==    by 0x6ABBAFF: ???
==74937==    by 0x6: ???
==74937==    by 0x7: ???
==74937==    by 0xF: ???
==74937== 
==74937== 16 bytes in 1 blocks are definitely lost in loss record 493 of 981
==74937==    at 0x4846828: malloc (in /usr/libexec/valgrind/vgpreload_memcheck-amd64-linux.so)
==74937==    by 0x728B99: __mn_range (in /mnt/c/Users/Juan/Documents/GitHub/Mapanare/mapanare/self/mnc-stage1)
==74937==    by 0x67C16F: mir_opt__is_in_list (in /mnt/c/Users/Juan/Documents/GitHub/Mapanare/mapanare/self/mnc-stage1)
==74937==    by 0x6ABB45F: ???
==74937==    by 0x2: ???
==74937==    by 0x7: ???
==74937==    by 0x6AADF1F: ???
==74937==    by 0x800000000000000B: ???
==74937==    by 0x6ABB45F: ???
==74937==    by 0x2: ???
==74937==    by 0x6ABDE1F: ???
==74937==    by 0x1101: ???
==74937==    by 0x580053FF: ??? (in /usr/libexec/valgrind/memcheck-amd64-linux)
==74937==    by 0xF: ???
==74937== 
==74937== 16 bytes in 1 blocks are definitely lost in loss record 494 of 981
==74937==    at 0x4846828: malloc (in /usr/libexec/valgrind/vgpreload_memcheck-amd64-linux.so)
==74937==    by 0x728B99: __mn_range (in /mnt/c/Users/Juan/Documents/GitHub/Mapanare/mapanare/self/mnc-stage1)
==74937==    by 0x67C16F: mir_opt__is_in_list (in /mnt/c/Users/Juan/Documents/GitHub/Mapanare/mapanare/self/mnc-stage1)
==74937==    by 0x6ABB45F: ???
==74937==    by 0x6A7260100000002: ???
==74937==    by 0x6ABDE6F: ???
==74937==    by 0x6AADF1F: ???
==74937==    by 0x800000000000000B: ???
==74937==    by 0x6ABBAFF: ???
==74937==    by 0x6: ???
==74937==    by 0x7: ???
==74937==    by 0xF: ???
==74937== 
==74937== 16 bytes in 1 blocks are definitely lost in loss record 495 of 981
==74937==    at 0x4846828: malloc (in /usr/libexec/valgrind/vgpreload_memcheck-amd64-linux.so)
==74937==    by 0x728B99: __mn_range (in /mnt/c/Users/Juan/Documents/GitHub/Mapanare/mapanare/self/mnc-stage1)
==74937==    by 0x67C16F: mir_opt__is_in_list (in /mnt/c/Users/Juan/Documents/GitHub/Mapanare/mapanare/self/mnc-stage1)
==74937==    by 0x6ABB64F: ???
==74937==    by 0x8: ???
==74937==    by 0xF: ???
==74937==    by 0x6AB24AF: ???
==74937==    by 0x8000000000000009: ???
==74937==    by 0x6ABB64F: ???
==74937==    by 0x8: ???
==74937==    by 0x6ABE02F: ???
==74937==    by 0x1101: ???
==74937==    by 0x580053FF: ??? (in /usr/libexec/valgrind/memcheck-amd64-linux)
==74937==    by 0xF: ???
==74937== 
==74937== 16 bytes in 1 blocks are definitely lost in loss record 496 of 981
==74937==    at 0x4846828: malloc (in /usr/libexec/valgrind/vgpreload_memcheck-amd64-linux.so)
==74937==    by 0x728B99: __mn_range (in /mnt/c/Users/Juan/Documents/GitHub/Mapanare/mapanare/self/mnc-stage1)
==74937==    by 0x67C16F: mir_opt__is_in_list (in /mnt/c/Users/Juan/Documents/GitHub/Mapanare/mapanare/self/mnc-stage1)
==74937==    by 0x6ABB64F: ???
==74937==    by 0x6A7260100000008: ???
==74937==    by 0x6ABE07F: ???
==74937==    by 0x6AB27AF: ???
==74937==    by 0x8000000000000009: ???
==74937==    by 0x6ABBAFF: ???
==74937==    by 0x6: ???
==74937==    by 0x7: ???
==74937==    by 0xF: ???
==74937== 
==74937== 16 bytes in 1 blocks are definitely lost in loss record 497 of 981
==74937==    at 0x4846828: malloc (in /usr/libexec/valgrind/vgpreload_memcheck-amd64-linux.so)
==74937==    by 0x728B99: __mn_range (in /mnt/c/Users/Juan/Documents/GitHub/Mapanare/mapanare/self/mnc-stage1)
==74937==    by 0x67C16F: mir_opt__is_in_list (in /mnt/c/Users/Juan/Documents/GitHub/Mapanare/mapanare/self/mnc-stage1)
==74937==    by 0x6ABB64F: ???
==74937==    by 0x6A7260100000008: ???
==74937==    by 0x6ABE0CF: ???
==74937==    by 0x6AB24AF: ???
==74937==    by 0x8000000000000009: ???
==74937==    by 0x6ABBAFF: ???
==74937==    by 0x6: ???
==74937==    by 0x7: ???
==74937==    by 0xF: ???
==74937== 
==74937== 16 bytes in 1 blocks are definitely lost in loss record 498 of 981
==74937==    at 0x4846828: malloc (in /usr/libexec/valgrind/vgpreload_memcheck-amd64-linux.so)
==74937==    by 0x728B99: __mn_range (in /mnt/c/Users/Juan/Documents/GitHub/Mapanare/mapanare/self/mnc-stage1)
==74937==    by 0x67C16F: mir_opt__is_in_list (in /mnt/c/Users/Juan/Documents/GitHub/Mapanare/mapanare/self/mnc-stage1)
==74937==    by 0x6ABB7EF: ???
==74937==    by 0x6: ???
==74937==    by 0x7: ???
==74937==    by 0x6AB240F: ???
==74937==    by 0x800000000000000B: ???
==74937==    by 0x6ABB7EF: ???
==74937==    by 0x6: ???
==74937==    by 0x6ABE23F: ???
==74937==    by 0x1101: ???
==74937==    by 0x580053FF: ??? (in /usr/libexec/valgrind/memcheck-amd64-linux)
==74937==    by 0xF: ???
==74937== 
==74937== 16 bytes in 1 blocks are definitely lost in loss record 499 of 981
==74937==    at 0x4846828: malloc (in /usr/libexec/valgrind/vgpreload_memcheck-amd64-linux.so)
==74937==    by 0x728B99: __mn_range (in /mnt/c/Users/Juan/Documents/GitHub/Mapanare/mapanare/self/mnc-stage1)
==74937==    by 0x67C16F: mir_opt__is_in_list (in /mnt/c/Users/Juan/Documents/GitHub/Mapanare/mapanare/self/mnc-stage1)
==74937==    by 0x6ABB7EF: ???
==74937==    by 0x6A7260100000006: ???
==74937==    by 0x6ABE28F: ???
==74937==    by 0x6AB27AF: ???
==74937==    by 0x8000000000000009: ???
==74937==    by 0x6ABBAFF: ???
==74937==    by 0x6: ???
==74937==    by 0x7: ???
==74937==    by 0xF: ???
==74937== 
==74937== 16 bytes in 1 blocks are definitely lost in loss record 500 of 981
==74937==    at 0x4846828: malloc (in /usr/libexec/valgrind/vgpreload_memcheck-amd64-linux.so)
==74937==    by 0x728B99: __mn_range (in /mnt/c/Users/Juan/Documents/GitHub/Mapanare/mapanare/self/mnc-stage1)
==74937==    by 0x67C16F: mir_opt__is_in_list (in /mnt/c/Users/Juan/Documents/GitHub/Mapanare/mapanare/self/mnc-stage1)
==74937==    by 0x6ABB90F: ???
==74937==    by 0x2: ???
==74937==    by 0x7: ???
==74937==    by 0x6AB240F: ???
==74937==    by 0x800000000000000B: ???
==74937==    by 0x6ABB90F: ???
==74937==    by 0x2: ???
==74937==    by 0x6ABE3FF: ???
==74937==    by 0x1101: ???
==74937==    by 0x580053FF: ??? (in /usr/libexec/valgrind/memcheck-amd64-linux)
==74937==    by 0xF: ???
==74937== 
==74937== 16 bytes in 1 blocks are definitely lost in loss record 501 of 981
==74937==    at 0x4846828: malloc (in /usr/libexec/valgrind/vgpreload_memcheck-amd64-linux.so)
==74937==    by 0x728B99: __mn_range (in /mnt/c/Users/Juan/Documents/GitHub/Mapanare/mapanare/self/mnc-stage1)
==74937==    by 0x67C16F: mir_opt__is_in_list (in /mnt/c/Users/Juan/Documents/GitHub/Mapanare/mapanare/self/mnc-stage1)
==74937==    by 0x6ABB90F: ???
==74937==    by 0x6A7260100000002: ???
==74937==    by 0x6ABE44F: ???
==74937==    by 0x6AB240F: ???
==74937==    by 0x800000000000000B: ???
==74937==    by 0x6ABBAFF: ???
==74937==    by 0x6: ???
==74937==    by 0x7: ???
==74937==    by 0xF: ???
==74937== 
==74937== 16 bytes in 1 blocks are definitely lost in loss record 502 of 981
==74937==    at 0x4846828: malloc (in /usr/libexec/valgrind/vgpreload_memcheck-amd64-linux.so)
==74937==    by 0x728B99: __mn_range (in /mnt/c/Users/Juan/Documents/GitHub/Mapanare/mapanare/self/mnc-stage1)
==74937==    by 0x67C16F: mir_opt__is_in_list (in /mnt/c/Users/Juan/Documents/GitHub/Mapanare/mapanare/self/mnc-stage1)
==74937==    by 0x6ABBA2F: ???
==74937==    by 0x2: ???
==74937==    by 0x7: ???
==74937==    by 0x73F0A7: ??? (in /mnt/c/Users/Juan/Documents/GitHub/Mapanare/mapanare/self/mnc-stage1)
==74937==    by 0x4: ???
==74937==    by 0x6ABBA2F: ???
==74937==    by 0x2: ???
==74937==    by 0x6ABE53F: ???
==74937==    by 0x1101: ???
==74937==    by 0x580053FF: ??? (in /usr/libexec/valgrind/memcheck-amd64-linux)
==74937==    by 0xF: ???
==74937== 
==74937== 16 bytes in 1 blocks are definitely lost in loss record 503 of 981
==74937==    at 0x4846828: malloc (in /usr/libexec/valgrind/vgpreload_memcheck-amd64-linux.so)
==74937==    by 0x728B99: __mn_range (in /mnt/c/Users/Juan/Documents/GitHub/Mapanare/mapanare/self/mnc-stage1)
==74937==    by 0x67C16F: mir_opt__is_in_list (in /mnt/c/Users/Juan/Documents/GitHub/Mapanare/mapanare/self/mnc-stage1)
==74937==    by 0x6ABBA2F: ???
==74937==    by 0x6A7260100000002: ???
==74937==    by 0x6ABE58F: ???
==74937==    by 0x6AADFBF: ???
==74937==    by 0x8000000000000009: ???
==74937==    by 0x6ABE62F: ???
==74937==    by 0x1102: ???
==74937==    by 0x5800566F: ??? (in /usr/libexec/valgrind/memcheck-amd64-linux)
==74937== 
==74937== 16 bytes in 1 blocks are definitely lost in loss record 504 of 981
==74937==    at 0x4846828: malloc (in /usr/libexec/valgrind/vgpreload_memcheck-amd64-linux.so)
==74937==    by 0x728B99: __mn_range (in /mnt/c/Users/Juan/Documents/GitHub/Mapanare/mapanare/self/mnc-stage1)
==74937==    by 0x67C16F: mir_opt__is_in_list (in /mnt/c/Users/Juan/Documents/GitHub/Mapanare/mapanare/self/mnc-stage1)
==74937==    by 0x6ABBA2F: ???
==74937==    by 0x6A7260100000002: ???
==74937==    by 0x6ABE83F: ???
==74937==    by 0x6AAE2BF: ???
==74937==    by 0x8000000000000009: ???
==74937==    by 0x6ABBAFF: ???
==74937==    by 0x6: ???
==74937==    by 0x7: ???
==74937==    by 0xF: ???
==74937== 
==74937== 16 bytes in 1 blocks are definitely lost in loss record 505 of 981
==74937==    at 0x4846828: malloc (in /usr/libexec/valgrind/vgpreload_memcheck-amd64-linux.so)
==74937==    by 0x728B99: __mn_range (in /mnt/c/Users/Juan/Documents/GitHub/Mapanare/mapanare/self/mnc-stage1)
==74937==    by 0x67C16F: mir_opt__is_in_list (in /mnt/c/Users/Juan/Documents/GitHub/Mapanare/mapanare/self/mnc-stage1)
==74937==    by 0x6ABBA2F: ???
==74937==    by 0x6A7260100000002: ???
==74937==    by 0x6ABE8DF: ???
==74937==    by 0x6AADF1F: ???
==74937==    by 0x800000000000000B: ???
==74937==    by 0x6ABBAFF: ???
==74937==    by 0x6: ???
==74937==    by 0x7: ???
==74937==    by 0xF: ???
==74937== 
==74937== 16 bytes in 1 blocks are definitely lost in loss record 506 of 981
==74937==    at 0x4846828: malloc (in /usr/libexec/valgrind/vgpreload_memcheck-amd64-linux.so)
==74937==    by 0x728B99: __mn_range (in /mnt/c/Users/Juan/Documents/GitHub/Mapanare/mapanare/self/mnc-stage1)
==74937==    by 0x67C16F: mir_opt__is_in_list (in /mnt/c/Users/Juan/Documents/GitHub/Mapanare/mapanare/self/mnc-stage1)
==74937==    by 0x6ABBA2F: ???
==74937==    by 0x6A7260100000002: ???
==74937==    by 0x6ABE97F: ???
==74937==    by 0x6AB24AF: ???
==74937==    by 0x8000000000000009: ???
==74937==    by 0x6ABBAFF: ???
==74937==    by 0x6: ???
==74937==    by 0x7: ???
==74937==    by 0xF: ???
==74937== 
==74937== 16 bytes in 1 blocks are definitely lost in loss record 507 of 981
==74937==    at 0x4846828: malloc (in /usr/libexec/valgrind/vgpreload_memcheck-amd64-linux.so)
==74937==    by 0x728B99: __mn_range (in /mnt/c/Users/Juan/Documents/GitHub/Mapanare/mapanare/self/mnc-stage1)
==74937==    by 0x67C16F: mir_opt__is_in_list (in /mnt/c/Users/Juan/Documents/GitHub/Mapanare/mapanare/self/mnc-stage1)
==74937==    by 0x6ABBA2F: ???
==74937==    by 0x6A7260100000002: ???
==74937==    by 0x6ABEA1F: ???
==74937==    by 0x6AB27AF: ???
==74937==    by 0x8000000000000009: ???
==74937==    by 0x6ABBAFF: ???
==74937==    by 0x6: ???
==74937==    by 0x7: ???
==74937==    by 0xF: ???
==74937== 
==74937== 16 bytes in 1 blocks are definitely lost in loss record 508 of 981
==74937==    at 0x4846828: malloc (in /usr/libexec/valgrind/vgpreload_memcheck-amd64-linux.so)
==74937==    by 0x728B99: __mn_range (in /mnt/c/Users/Juan/Documents/GitHub/Mapanare/mapanare/self/mnc-stage1)
==74937==    by 0x67C16F: mir_opt__is_in_list (in /mnt/c/Users/Juan/Documents/GitHub/Mapanare/mapanare/self/mnc-stage1)
==74937==    by 0x6ABBA2F: ???
==74937==    by 0x6A7260100000002: ???
==74937==    by 0x6ABEABF: ???
==74937==    by 0x6AB240F: ???
==74937==    by 0x800000000000000B: ???
==74937==    by 0x6ABBAFF: ???
==74937==    by 0x6: ???
==74937==    by 0x7: ???
==74937==    by 0xF: ???
==74937== 
==74937== 16 bytes in 1 blocks are definitely lost in loss record 509 of 981
==74937==    at 0x4846828: malloc (in /usr/libexec/valgrind/vgpreload_memcheck-amd64-linux.so)
==74937==    by 0x728B99: __mn_range (in /mnt/c/Users/Juan/Documents/GitHub/Mapanare/mapanare/self/mnc-stage1)
==74937==    by 0x6760E1: lower__verify_module (in /mnt/c/Users/Juan/Documents/GitHub/Mapanare/mapanare/self/mnc-stage1)
==74937==    by 0xF: ???
==74937== 
==74937== 16 bytes in 1 blocks are definitely lost in loss record 510 of 981
==74937==    at 0x4846828: malloc (in /usr/libexec/valgrind/vgpreload_memcheck-amd64-linux.so)
==74937==    by 0x728B99: __mn_range (in /mnt/c/Users/Juan/Documents/GitHub/Mapanare/mapanare/self/mnc-stage1)
==74937==    by 0x6765B5: lower__verify_function (in /mnt/c/Users/Juan/Documents/GitHub/Mapanare/mapanare/self/mnc-stage1)
==74937== 
==74937== 16 bytes in 1 blocks are definitely lost in loss record 511 of 981
==74937==    at 0x4846828: malloc (in /usr/libexec/valgrind/vgpreload_memcheck-amd64-linux.so)
==74937==    by 0x728B99: __mn_range (in /mnt/c/Users/Juan/Documents/GitHub/Mapanare/mapanare/self/mnc-stage1)
==74937==    by 0x6765B5: lower__verify_function (in /mnt/c/Users/Juan/Documents/GitHub/Mapanare/mapanare/self/mnc-stage1)
==74937==    by 0x3: ???
==74937==    by 0x7: ???
==74937==    by 0xF: ???
==74937== 
==74937== 16 bytes in 1 blocks are definitely lost in loss record 512 of 981
==74937==    at 0x4846828: malloc (in /usr/libexec/valgrind/vgpreload_memcheck-amd64-linux.so)
==74937==    by 0x728B99: __mn_range (in /mnt/c/Users/Juan/Documents/GitHub/Mapanare/mapanare/self/mnc-stage1)
==74937==    by 0x413CD8: basename_of (in /mnt/c/Users/Juan/Documents/GitHub/Mapanare/mapanare/self/mnc-stage1)
==74937==    by 0xF: ???
==74937==    by 0x6A7619F: ???
==74937== 
==74937== 16 bytes in 1 blocks are definitely lost in loss record 513 of 981
==74937==    at 0x4846828: malloc (in /usr/libexec/valgrind/vgpreload_memcheck-amd64-linux.so)
==74937==    by 0x728B99: __mn_range (in /mnt/c/Users/Juan/Documents/GitHub/Mapanare/mapanare/self/mnc-stage1)
==74937==    by 0x413DE5: file_extension (in /mnt/c/Users/Juan/Documents/GitHub/Mapanare/mapanare/self/mnc-stage1)
==74937==    by 0x800000000000000B: ???
==74937== 
==74937== 16 bytes in 1 blocks are definitely lost in loss record 514 of 981
==74937==    at 0x484D953: calloc (in /usr/libexec/valgrind/vgpreload_memcheck-amd64-linux.so)
==74937==    by 0x723DE9: __mn_alloc (in /mnt/c/Users/Juan/Documents/GitHub/Mapanare/mapanare/self/mnc-stage1)
==74937==    by 0x7249CE: __mn_str_concat (in /mnt/c/Users/Juan/Documents/GitHub/Mapanare/mapanare/self/mnc-stage1)
==74937==    by 0x68F6E5: emit_llvm__declare_all_runtime (in /mnt/c/Users/Juan/Documents/GitHub/Mapanare/mapanare/self/mnc-stage1)
==74937==    by 0x7470F7: ??? (in /mnt/c/Users/Juan/Documents/GitHub/Mapanare/mapanare/self/mnc-stage1)
==74937==    by 0x3: ???
==74937== 
==74937== 16 bytes in 1 blocks are definitely lost in loss record 515 of 981
==74937==    at 0x484D953: calloc (in /usr/libexec/valgrind/vgpreload_memcheck-amd64-linux.so)
==74937==    by 0x723DE9: __mn_alloc (in /mnt/c/Users/Juan/Documents/GitHub/Mapanare/mapanare/self/mnc-stage1)
==74937==    by 0x7249CE: __mn_str_concat (in /mnt/c/Users/Juan/Documents/GitHub/Mapanare/mapanare/self/mnc-stage1)
==74937==    by 0x68F8BF: emit_llvm__declare_all_runtime (in /mnt/c/Users/Juan/Documents/GitHub/Mapanare/mapanare/self/mnc-stage1)
==74937== 
==74937== 16 bytes in 1 blocks are definitely lost in loss record 516 of 981
==74937==    at 0x484D953: calloc (in /usr/libexec/valgrind/vgpreload_memcheck-amd64-linux.so)
==74937==    by 0x723DE9: __mn_alloc (in /mnt/c/Users/Juan/Documents/GitHub/Mapanare/mapanare/self/mnc-stage1)
==74937==    by 0x7249CE: __mn_str_concat (in /mnt/c/Users/Juan/Documents/GitHub/Mapanare/mapanare/self/mnc-stage1)
==74937==    by 0x690EFB: emit_llvm__declare_all_runtime (in /mnt/c/Users/Juan/Documents/GitHub/Mapanare/mapanare/self/mnc-stage1)
==74937==    by 0x7470F7: ??? (in /mnt/c/Users/Juan/Documents/GitHub/Mapanare/mapanare/self/mnc-stage1)
==74937== 
==74937== 16 bytes in 1 blocks are definitely lost in loss record 517 of 981
==74937==    at 0x4846828: malloc (in /usr/libexec/valgrind/vgpreload_memcheck-amd64-linux.so)
==74937==    by 0x728B99: __mn_range (in /mnt/c/Users/Juan/Documents/GitHub/Mapanare/mapanare/self/mnc-stage1)
==74937==    by 0x69C37B: emit_llvm__is_enum_type (in /mnt/c/Users/Juan/Documents/GitHub/Mapanare/mapanare/self/mnc-stage1)
==74937==    by 0x4F: ???
==74937==    by 0x7F: ???
==74937==    by 0x73BE5F: ??? (in /mnt/c/Users/Juan/Documents/GitHub/Mapanare/mapanare/self/mnc-stage1)
==74937==    by 0x2: ???
==74937== 
==74937== 16 bytes in 1 blocks are definitely lost in loss record 518 of 981
==74937==    at 0x4846828: malloc (in /usr/libexec/valgrind/vgpreload_memcheck-amd64-linux.so)
==74937==    by 0x728B99: __mn_range (in /mnt/c/Users/Juan/Documents/GitHub/Mapanare/mapanare/self/mnc-stage1)
==74937==    by 0x69C37B: emit_llvm__is_enum_type (in /mnt/c/Users/Juan/Documents/GitHub/Mapanare/mapanare/self/mnc-stage1)
==74937==    by 0x6ADCFBF: ???
==74937==    by 0x8000000000000003: ???
==74937==    by 0x73BE5F: ??? (in /mnt/c/Users/Juan/Documents/GitHub/Mapanare/mapanare/self/mnc-stage1)
==74937==    by 0x2: ???
==74937== 
==74937== 16 bytes in 1 blocks are definitely lost in loss record 519 of 981
==74937==    at 0x4846828: malloc (in /usr/libexec/valgrind/vgpreload_memcheck-amd64-linux.so)
==74937==    by 0x728B99: __mn_range (in /mnt/c/Users/Juan/Documents/GitHub/Mapanare/mapanare/self/mnc-stage1)
==74937==    by 0x68CCAB: emit_llvm__find_function (in /mnt/c/Users/Juan/Documents/GitHub/Mapanare/mapanare/self/mnc-stage1)
==74937==    by 0x6A586E7: ???
==74937==    by 0x47: ???
==74937==    by 0x7: ???
==74937==    by 0x3: ???
==74937==    by 0x6ADA2BF: ???
==74937==    by 0x6A8050F: ???
==74937==    by 0x800000000000000C: ???
==74937== 
==74937== 16 bytes in 1 blocks are definitely lost in loss record 520 of 981
==74937==    at 0x4846828: malloc (in /usr/libexec/valgrind/vgpreload_memcheck-amd64-linux.so)
==74937==    by 0x728B99: __mn_range (in /mnt/c/Users/Juan/Documents/GitHub/Mapanare/mapanare/self/mnc-stage1)
==74937==    by 0x68CCAB: emit_llvm__find_function (in /mnt/c/Users/Juan/Documents/GitHub/Mapanare/mapanare/self/mnc-stage1)
==74937==    by 0x6A5EB47: ???
==74937==    by 0x47: ???
==74937==    by 0x7: ???
==74937==    by 0x3: ???
==74937==    by 0x6ADA2BF: ???
==74937==    by 0x6A8050F: ???
==74937==    by 0x800000000000000C: ???
==74937==    by 0x5800566F: ??? (in /usr/libexec/valgrind/memcheck-amd64-linux)
==74937== 
==74937== 16 bytes in 1 blocks are definitely lost in loss record 521 of 981
==74937==    at 0x4846828: malloc (in /usr/libexec/valgrind/vgpreload_memcheck-amd64-linux.so)
==74937==    by 0x728B99: __mn_range (in /mnt/c/Users/Juan/Documents/GitHub/Mapanare/mapanare/self/mnc-stage1)
==74937==    by 0x69C37B: emit_llvm__is_enum_type (in /mnt/c/Users/Juan/Documents/GitHub/Mapanare/mapanare/self/mnc-stage1)
==74937==    by 0x1102: ???
==74937==    by 0x6AE15AF: ???
==74937==    by 0x73BE5F: ??? (in /mnt/c/Users/Juan/Documents/GitHub/Mapanare/mapanare/self/mnc-stage1)
==74937==    by 0x2: ???
==74937== 
==74937== 16 bytes in 1 blocks are definitely lost in loss record 522 of 981
==74937==    at 0x4846828: malloc (in /usr/libexec/valgrind/vgpreload_memcheck-amd64-linux.so)
==74937==    by 0x728B99: __mn_range (in /mnt/c/Users/Juan/Documents/GitHub/Mapanare/mapanare/self/mnc-stage1)
==74937==    by 0x69C37B: emit_llvm__is_enum_type (in /mnt/c/Users/Juan/Documents/GitHub/Mapanare/mapanare/self/mnc-stage1)
==74937==    by 0x1102: ???
==74937==    by 0x6AE1C2F: ???
==74937==    by 0x73BE5F: ??? (in /mnt/c/Users/Juan/Documents/GitHub/Mapanare/mapanare/self/mnc-stage1)
==74937==    by 0x2: ???
==74937== 
==74937== 16 bytes in 1 blocks are definitely lost in loss record 523 of 981
==74937==    at 0x4846828: malloc (in /usr/libexec/valgrind/vgpreload_memcheck-amd64-linux.so)
==74937==    by 0x728B99: __mn_range (in /mnt/c/Users/Juan/Documents/GitHub/Mapanare/mapanare/self/mnc-stage1)
==74937==    by 0x69C37B: emit_llvm__is_enum_type (in /mnt/c/Users/Juan/Documents/GitHub/Mapanare/mapanare/self/mnc-stage1)
==74937==    by 0x6AE37CF: ???
==74937==    by 0x8000000000000030: ???
==74937==    by 0x73BE7F: ??? (in /mnt/c/Users/Juan/Documents/GitHub/Mapanare/mapanare/self/mnc-stage1)
==74937==    by 0x3: ???
==74937== 
==74937== 16 bytes in 1 blocks are definitely lost in loss record 524 of 981
==74937==    at 0x4846828: malloc (in /usr/libexec/valgrind/vgpreload_memcheck-amd64-linux.so)
==74937==    by 0x728B99: __mn_range (in /mnt/c/Users/Juan/Documents/GitHub/Mapanare/mapanare/self/mnc-stage1)
==74937==    by 0x69C37B: emit_llvm__is_enum_type (in /mnt/c/Users/Juan/Documents/GitHub/Mapanare/mapanare/self/mnc-stage1)
==74937==    by 0x2: ???
==74937==    by 0x6AE38BF: ???
==74937==    by 0x73BE5F: ??? (in /mnt/c/Users/Juan/Documents/GitHub/Mapanare/mapanare/self/mnc-stage1)
==74937==    by 0x2: ???
==74937== 
==74937== 16 bytes in 1 blocks are definitely lost in loss record 525 of 981
==74937==    at 0x4846828: malloc (in /usr/libexec/valgrind/vgpreload_memcheck-amd64-linux.so)
==74937==    by 0x728B99: __mn_range (in /mnt/c/Users/Juan/Documents/GitHub/Mapanare/mapanare/self/mnc-stage1)
==74937==    by 0x69C37B: emit_llvm__is_enum_type (in /mnt/c/Users/Juan/Documents/GitHub/Mapanare/mapanare/self/mnc-stage1)
==74937==    by 0x1102: ???
==74937==    by 0x6AE62EF: ???
==74937==    by 0x73BE5F: ??? (in /mnt/c/Users/Juan/Documents/GitHub/Mapanare/mapanare/self/mnc-stage1)
==74937==    by 0x2: ???
==74937== 
==74937== 16 bytes in 1 blocks are definitely lost in loss record 526 of 981
==74937==    at 0x4846828: malloc (in /usr/libexec/valgrind/vgpreload_memcheck-amd64-linux.so)
==74937==    by 0x728B99: __mn_range (in /mnt/c/Users/Juan/Documents/GitHub/Mapanare/mapanare/self/mnc-stage1)
==74937==    by 0x69C37B: emit_llvm__is_enum_type (in /mnt/c/Users/Juan/Documents/GitHub/Mapanare/mapanare/self/mnc-stage1)
==74937==    by 0x7: ???
==74937== 
==74937== 16 bytes in 1 blocks are definitely lost in loss record 527 of 981
==74937==    at 0x4846828: malloc (in /usr/libexec/valgrind/vgpreload_memcheck-amd64-linux.so)
==74937==    by 0x728B99: __mn_range (in /mnt/c/Users/Juan/Documents/GitHub/Mapanare/mapanare/self/mnc-stage1)
==74937==    by 0x69C37B: emit_llvm__is_enum_type (in /mnt/c/Users/Juan/Documents/GitHub/Mapanare/mapanare/self/mnc-stage1)
==74937==    by 0x1102: ???
==74937==    by 0x6AE696F: ???
==74937==    by 0x73BE5F: ??? (in /mnt/c/Users/Juan/Documents/GitHub/Mapanare/mapanare/self/mnc-stage1)
==74937==    by 0x2: ???
==74937== 
==74937== 16 bytes in 1 blocks are definitely lost in loss record 528 of 981
==74937==    at 0x4846828: malloc (in /usr/libexec/valgrind/vgpreload_memcheck-amd64-linux.so)
==74937==    by 0x728B99: __mn_range (in /mnt/c/Users/Juan/Documents/GitHub/Mapanare/mapanare/self/mnc-stage1)
==74937==    by 0x69C37B: emit_llvm__is_enum_type (in /mnt/c/Users/Juan/Documents/GitHub/Mapanare/mapanare/self/mnc-stage1)
==74937==    by 0x6AE844F: ???
==74937==    by 0x8000000000000030: ???
==74937==    by 0x73BE7F: ??? (in /mnt/c/Users/Juan/Documents/GitHub/Mapanare/mapanare/self/mnc-stage1)
==74937==    by 0x3: ???
==74937== 
==74937== 16 bytes in 2 blocks are definitely lost in loss record 529 of 981
==74937==    at 0x484D953: calloc (in /usr/libexec/valgrind/vgpreload_memcheck-amd64-linux.so)
==74937==    by 0x723DE9: __mn_alloc (in /mnt/c/Users/Juan/Documents/GitHub/Mapanare/mapanare/self/mnc-stage1)
==74937==    by 0x7249CE: __mn_str_concat (in /mnt/c/Users/Juan/Documents/GitHub/Mapanare/mapanare/self/mnc-stage1)
==74937==    by 0x6AB936: emit_llvm__emit_const (in /mnt/c/Users/Juan/Documents/GitHub/Mapanare/mapanare/self/mnc-stage1)
==74937==    by 0x2: ???
==74937== 
==74937== 16 bytes in 8 blocks are definitely lost in loss record 530 of 981
==74937==    at 0x484D953: calloc (in /usr/libexec/valgrind/vgpreload_memcheck-amd64-linux.so)
==74937==    by 0x723DE9: __mn_alloc (in /mnt/c/Users/Juan/Documents/GitHub/Mapanare/mapanare/self/mnc-stage1)
==74937==    by 0x7245AB: __mn_str_from_parts (in /mnt/c/Users/Juan/Documents/GitHub/Mapanare/mapanare/self/mnc-stage1)
==74937==    by 0x42094C: lexer__scan_string (in /mnt/c/Users/Juan/Documents/GitHub/Mapanare/mapanare/self/mnc-stage1)
==74937== 
==74937== 17 bytes in 1 blocks are indirectly lost in loss record 531 of 981
==74937==    at 0x484D953: calloc (in /usr/libexec/valgrind/vgpreload_memcheck-amd64-linux.so)
==74937==    by 0x723DE9: __mn_alloc (in /mnt/c/Users/Juan/Documents/GitHub/Mapanare/mapanare/self/mnc-stage1)
==74937==    by 0x7249CE: __mn_str_concat (in /mnt/c/Users/Juan/Documents/GitHub/Mapanare/mapanare/self/mnc-stage1)
==74937==    by 0x68BB44: emit_llvm__build_internal_struct_list (in /mnt/c/Users/Juan/Documents/GitHub/Mapanare/mapanare/self/mnc-stage1)
==74937==    by 0x1: ???
==74937==    by 0x7: ???
==74937==    by 0x6AC2ECF: ???
==74937==    by 0x7: ???
==74937==    by 0xF: ???
==74937== 
==74937== 17 bytes in 2 blocks are definitely lost in loss record 532 of 981
==74937==    at 0x484D953: calloc (in /usr/libexec/valgrind/vgpreload_memcheck-amd64-linux.so)
==74937==    by 0x723DE9: __mn_alloc (in /mnt/c/Users/Juan/Documents/GitHub/Mapanare/mapanare/self/mnc-stage1)
==74937==    by 0x7249CE: __mn_str_concat (in /mnt/c/Users/Juan/Documents/GitHub/Mapanare/mapanare/self/mnc-stage1)
==74937==    by 0x6DA740: emit_llvm__emit_wrap_some (in /mnt/c/Users/Juan/Documents/GitHub/Mapanare/mapanare/self/mnc-stage1)
==74937== 
==74937== 18 bytes in 1 blocks are indirectly lost in loss record 533 of 981
==74937==    at 0x484D953: calloc (in /usr/libexec/valgrind/vgpreload_memcheck-amd64-linux.so)
==74937==    by 0x723DE9: __mn_alloc (in /mnt/c/Users/Juan/Documents/GitHub/Mapanare/mapanare/self/mnc-stage1)
==74937==    by 0x7249CE: __mn_str_concat (in /mnt/c/Users/Juan/Documents/GitHub/Mapanare/mapanare/self/mnc-stage1)
==74937==    by 0x68A102: emit_llvm__build_internal_struct_list (in /mnt/c/Users/Juan/Documents/GitHub/Mapanare/mapanare/self/mnc-stage1)
==74937==    by 0xF: ???
==74937== 
==74937== 18 bytes in 1 blocks are indirectly lost in loss record 534 of 981
==74937==    at 0x484D953: calloc (in /usr/libexec/valgrind/vgpreload_memcheck-amd64-linux.so)
==74937==    by 0x723DE9: __mn_alloc (in /mnt/c/Users/Juan/Documents/GitHub/Mapanare/mapanare/self/mnc-stage1)
==74937==    by 0x7249CE: __mn_str_concat (in /mnt/c/Users/Juan/Documents/GitHub/Mapanare/mapanare/self/mnc-stage1)
==74937==    by 0x68B5A2: emit_llvm__build_internal_struct_list (in /mnt/c/Users/Juan/Documents/GitHub/Mapanare/mapanare/self/mnc-stage1)
==74937==    by 0x1: ???
==74937==    by 0x7: ???
==74937==    by 0x6AC1CEF: ???
==74937==    by 0x7: ???
==74937==    by 0xF: ???
==74937== 
==74937== 18 bytes in 1 blocks are indirectly lost in loss record 535 of 981
==74937==    at 0x484D953: calloc (in /usr/libexec/valgrind/vgpreload_memcheck-amd64-linux.so)
==74937==    by 0x723DE9: __mn_alloc (in /mnt/c/Users/Juan/Documents/GitHub/Mapanare/mapanare/self/mnc-stage1)
==74937==    by 0x7249CE: __mn_str_concat (in /mnt/c/Users/Juan/Documents/GitHub/Mapanare/mapanare/self/mnc-stage1)
==74937==    by 0x68B980: emit_llvm__build_internal_struct_list (in /mnt/c/Users/Juan/Documents/GitHub/Mapanare/mapanare/self/mnc-stage1)
==74937==    by 0x3: ???
==74937==    by 0x7: ???
==74937==    by 0x6AC1F4F: ???
==74937==    by 0x7: ???
==74937==    by 0xF: ???
==74937== 
==74937== 18 bytes in 2 blocks are definitely lost in loss record 536 of 981
==74937==    at 0x484D953: calloc (in /usr/libexec/valgrind/vgpreload_memcheck-amd64-linux.so)
==74937==    by 0x723DE9: __mn_alloc (in /mnt/c/Users/Juan/Documents/GitHub/Mapanare/mapanare/self/mnc-stage1)
==74937==    by 0x7249CE: __mn_str_concat (in /mnt/c/Users/Juan/Documents/GitHub/Mapanare/mapanare/self/mnc-stage1)
==74937==    by 0x6AB780: emit_llvm__emit_const (in /mnt/c/Users/Juan/Documents/GitHub/Mapanare/mapanare/self/mnc-stage1)
==74937==    by 0x2: ???
==74937== 
==74937== 19 bytes in 1 blocks are indirectly lost in loss record 537 of 981
==74937==    at 0x484D953: calloc (in /usr/libexec/valgrind/vgpreload_memcheck-amd64-linux.so)
==74937==    by 0x723DE9: __mn_alloc (in /mnt/c/Users/Juan/Documents/GitHub/Mapanare/mapanare/self/mnc-stage1)
==74937==    by 0x7249CE: __mn_str_concat (in /mnt/c/Users/Juan/Documents/GitHub/Mapanare/mapanare/self/mnc-stage1)
==74937==    by 0x68B766: emit_llvm__build_internal_struct_list (in /mnt/c/Users/Juan/Documents/GitHub/Mapanare/mapanare/self/mnc-stage1)
==74937==    by 0x1: ???
==74937==    by 0x7: ???
==74937==    by 0x6AC1E1F: ???
==74937==    by 0x7: ???
==74937==    by 0xF: ???
==74937== 
==74937== 19 bytes in 1 blocks are indirectly lost in loss record 538 of 981
==74937==    at 0x484D953: calloc (in /usr/libexec/valgrind/vgpreload_memcheck-amd64-linux.so)
==74937==    by 0x723DE9: __mn_alloc (in /mnt/c/Users/Juan/Documents/GitHub/Mapanare/mapanare/self/mnc-stage1)
==74937==    by 0x7249CE: __mn_str_concat (in /mnt/c/Users/Juan/Documents/GitHub/Mapanare/mapanare/self/mnc-stage1)
==74937==    by 0x68BF78: emit_llvm__build_internal_struct_list (in /mnt/c/Users/Juan/Documents/GitHub/Mapanare/mapanare/self/mnc-stage1)
==74937==    by 0x1: ???
==74937==    by 0x7: ???
==74937==    by 0x6AC312F: ???
==74937==    by 0x7: ???
==74937==    by 0xF: ???
==74937== 
==74937== 19 bytes in 2 blocks are indirectly lost in loss record 539 of 981
==74937==    at 0x484D953: calloc (in /usr/libexec/valgrind/vgpreload_memcheck-amd64-linux.so)
==74937==    by 0x723DE9: __mn_alloc (in /mnt/c/Users/Juan/Documents/GitHub/Mapanare/mapanare/self/mnc-stage1)
==74937==    by 0x7245AB: __mn_str_from_parts (in /mnt/c/Users/Juan/Documents/GitHub/Mapanare/mapanare/self/mnc-stage1)
==74937==    by 0x4D0FB5: lower__lower_fn (in /mnt/c/Users/Juan/Documents/GitHub/Mapanare/mapanare/self/mnc-stage1)
==74937== 
==74937== 19 bytes in 2 blocks are indirectly lost in loss record 540 of 981
==74937==    at 0x484D953: calloc (in /usr/libexec/valgrind/vgpreload_memcheck-amd64-linux.so)
==74937==    by 0x723DE9: __mn_alloc (in /mnt/c/Users/Juan/Documents/GitHub/Mapanare/mapanare/self/mnc-stage1)
==74937==    by 0x7249CE: __mn_str_concat (in /mnt/c/Users/Juan/Documents/GitHub/Mapanare/mapanare/self/mnc-stage1)
==74937==    by 0x4EBE52: lower__lower_let (in /mnt/c/Users/Juan/Documents/GitHub/Mapanare/mapanare/self/mnc-stage1)
==74937==    by 0x8000000000000005: ???
==74937== 
==74937== 19 bytes in 2 blocks are indirectly lost in loss record 541 of 981
==74937==    at 0x484D953: calloc (in /usr/libexec/valgrind/vgpreload_memcheck-amd64-linux.so)
==74937==    by 0x723DE9: __mn_alloc (in /mnt/c/Users/Juan/Documents/GitHub/Mapanare/mapanare/self/mnc-stage1)
==74937==    by 0x7249CE: __mn_str_concat (in /mnt/c/Users/Juan/Documents/GitHub/Mapanare/mapanare/self/mnc-stage1)
==74937==    by 0x66EA72: lower__bind_one_pattern_field (in /mnt/c/Users/Juan/Documents/GitHub/Mapanare/mapanare/self/mnc-stage1)
==74937== 
==74937== 20 bytes in 1 blocks are indirectly lost in loss record 542 of 981
==74937==    at 0x484D953: calloc (in /usr/libexec/valgrind/vgpreload_memcheck-amd64-linux.so)
==74937==    by 0x723DE9: __mn_alloc (in /mnt/c/Users/Juan/Documents/GitHub/Mapanare/mapanare/self/mnc-stage1)
==74937==    by 0x7249CE: __mn_str_concat (in /mnt/c/Users/Juan/Documents/GitHub/Mapanare/mapanare/self/mnc-stage1)
==74937==    by 0x68A28A: emit_llvm__build_internal_struct_list (in /mnt/c/Users/Juan/Documents/GitHub/Mapanare/mapanare/self/mnc-stage1)
==74937==    by 0xF: ???
==74937== 
==74937== 20 bytes in 1 blocks are indirectly lost in loss record 543 of 981
==74937==    at 0x484D953: calloc (in /usr/libexec/valgrind/vgpreload_memcheck-amd64-linux.so)
==74937==    by 0x723DE9: __mn_alloc (in /mnt/c/Users/Juan/Documents/GitHub/Mapanare/mapanare/self/mnc-stage1)
==74937==    by 0x7249CE: __mn_str_concat (in /mnt/c/Users/Juan/Documents/GitHub/Mapanare/mapanare/self/mnc-stage1)
==74937==    by 0x68AFAA: emit_llvm__build_internal_struct_list (in /mnt/c/Users/Juan/Documents/GitHub/Mapanare/mapanare/self/mnc-stage1)
==74937==    by 0x1: ???
==74937==    by 0x7: ???
==74937==    by 0x6AC195F: ???
==74937==    by 0x7: ???
==74937==    by 0xF: ???
==74937== 
==74937== 20 bytes in 1 blocks are indirectly lost in loss record 544 of 981
==74937==    at 0x484D953: calloc (in /usr/libexec/valgrind/vgpreload_memcheck-amd64-linux.so)
==74937==    by 0x723DE9: __mn_alloc (in /mnt/c/Users/Juan/Documents/GitHub/Mapanare/mapanare/self/mnc-stage1)
==74937==    by 0x7249CE: __mn_str_concat (in /mnt/c/Users/Juan/Documents/GitHub/Mapanare/mapanare/self/mnc-stage1)
==74937==    by 0x68B3DE: emit_llvm__build_internal_struct_list (in /mnt/c/Users/Juan/Documents/GitHub/Mapanare/mapanare/self/mnc-stage1)
==74937==    by 0x2: ???
==74937==    by 0x7: ???
==74937==    by 0x6AC1BBF: ???
==74937==    by 0x7: ???
==74937==    by 0xF: ???
==74937== 
==74937== 20 bytes in 1 blocks are indirectly lost in loss record 545 of 981
==74937==    at 0x484D953: calloc (in /usr/libexec/valgrind/vgpreload_memcheck-amd64-linux.so)
==74937==    by 0x723DE9: __mn_alloc (in /mnt/c/Users/Juan/Documents/GitHub/Mapanare/mapanare/self/mnc-stage1)
==74937==    by 0x7249CE: __mn_str_concat (in /mnt/c/Users/Juan/Documents/GitHub/Mapanare/mapanare/self/mnc-stage1)
==74937==    by 0x68BDB4: emit_llvm__build_internal_struct_list (in /mnt/c/Users/Juan/Documents/GitHub/Mapanare/mapanare/self/mnc-stage1)
==74937==    by 0x5: ???
==74937==    by 0x7: ???
==74937==    by 0x6AC2FFF: ???
==74937==    by 0x7: ???
==74937==    by 0xF: ???
==74937== 
==74937== 20 bytes in 1 blocks are indirectly lost in loss record 546 of 981
==74937==    at 0x484D953: calloc (in /usr/libexec/valgrind/vgpreload_memcheck-amd64-linux.so)
==74937==    by 0x723DE9: __mn_alloc (in /mnt/c/Users/Juan/Documents/GitHub/Mapanare/mapanare/self/mnc-stage1)
==74937==    by 0x7249CE: __mn_str_concat (in /mnt/c/Users/Juan/Documents/GitHub/Mapanare/mapanare/self/mnc-stage1)
==74937==    by 0x713B9B: emit_llvm__emit_mir_return (in /mnt/c/Users/Juan/Documents/GitHub/Mapanare/mapanare/self/mnc-stage1)
==74937==    by 0x6ADC2DF: ???
==74937== 
==74937== 20 bytes in 1 blocks are indirectly lost in loss record 547 of 981
==74937==    at 0x484D953: calloc (in /usr/libexec/valgrind/vgpreload_memcheck-amd64-linux.so)
==74937==    by 0x723DE9: __mn_alloc (in /mnt/c/Users/Juan/Documents/GitHub/Mapanare/mapanare/self/mnc-stage1)
==74937==    by 0x7249CE: __mn_str_concat (in /mnt/c/Users/Juan/Documents/GitHub/Mapanare/mapanare/self/mnc-stage1)
==74937==    by 0x713B9B: emit_llvm__emit_mir_return (in /mnt/c/Users/Juan/Documents/GitHub/Mapanare/mapanare/self/mnc-stage1)
==74937==    by 0x6ADE86F: ???
==74937== 
==74937== 20 bytes in 2 blocks are definitely lost in loss record 548 of 981
==74937==    at 0x484D953: calloc (in /usr/libexec/valgrind/vgpreload_memcheck-amd64-linux.so)
==74937==    by 0x723DE9: __mn_alloc (in /mnt/c/Users/Juan/Documents/GitHub/Mapanare/mapanare/self/mnc-stage1)
==74937==    by 0x7249CE: __mn_str_concat (in /mnt/c/Users/Juan/Documents/GitHub/Mapanare/mapanare/self/mnc-stage1)
==74937==    by 0x714029: emit_llvm__emit_mir_switch (in /mnt/c/Users/Juan/Documents/GitHub/Mapanare/mapanare/self/mnc-stage1)
==74937==    by 0x1101: ???
==74937== 
==74937== 21 bytes in 1 blocks are indirectly lost in loss record 549 of 981
==74937==    at 0x484D953: calloc (in /usr/libexec/valgrind/vgpreload_memcheck-amd64-linux.so)
==74937==    by 0x723DE9: __mn_alloc (in /mnt/c/Users/Juan/Documents/GitHub/Mapanare/mapanare/self/mnc-stage1)
==74937==    by 0x7249CE: __mn_str_concat (in /mnt/c/Users/Juan/Documents/GitHub/Mapanare/mapanare/self/mnc-stage1)
==74937==    by 0x68B1EF: emit_llvm__build_internal_struct_list (in /mnt/c/Users/Juan/Documents/GitHub/Mapanare/mapanare/self/mnc-stage1)
==74937==    by 0x4: ???
==74937==    by 0x7: ???
==74937==    by 0x6AC1A8F: ???
==74937==    by 0x7: ???
==74937==    by 0xF: ???
==74937== 
==74937== 21 bytes in 1 blocks are indirectly lost in loss record 550 of 981
==74937==    at 0x484D953: calloc (in /usr/libexec/valgrind/vgpreload_memcheck-amd64-linux.so)
==74937==    by 0x723DE9: __mn_alloc (in /mnt/c/Users/Juan/Documents/GitHub/Mapanare/mapanare/self/mnc-stage1)
==74937==    by 0x7249CE: __mn_str_concat (in /mnt/c/Users/Juan/Documents/GitHub/Mapanare/mapanare/self/mnc-stage1)
==74937==    by 0x6AA99A: emit_llvm__emit_const (in /mnt/c/Users/Juan/Documents/GitHub/Mapanare/mapanare/self/mnc-stage1)
==74937== 
==74937== 21 bytes in 2 blocks are indirectly lost in loss record 551 of 981
==74937==    at 0x484D953: calloc (in /usr/libexec/valgrind/vgpreload_memcheck-amd64-linux.so)
==74937==    by 0x723DE9: __mn_alloc (in /mnt/c/Users/Juan/Documents/GitHub/Mapanare/mapanare/self/mnc-stage1)
==74937==    by 0x7249CE: __mn_str_concat (in /mnt/c/Users/Juan/Documents/GitHub/Mapanare/mapanare/self/mnc-stage1)
==74937==    by 0x71A8A3: emit_llvm__emit_mir_basic_block (in /mnt/c/Users/Juan/Documents/GitHub/Mapanare/mapanare/self/mnc-stage1)
==74937==    by 0x2: ???
==74937==    by 0x6ADA2BF: ???
==74937== 
==74937== 21 bytes in 1 blocks are definitely lost in loss record 552 of 981
==74937==    at 0x484D953: calloc (in /usr/libexec/valgrind/vgpreload_memcheck-amd64-linux.so)
==74937==    by 0x723DE9: __mn_alloc (in /mnt/c/Users/Juan/Documents/GitHub/Mapanare/mapanare/self/mnc-stage1)
==74937==    by 0x7249CE: __mn_str_concat (in /mnt/c/Users/Juan/Documents/GitHub/Mapanare/mapanare/self/mnc-stage1)
==74937==    by 0x5CC3D6: lower__lower_call_by_name (in /mnt/c/Users/Juan/Documents/GitHub/Mapanare/mapanare/self/mnc-stage1)
==74937==    by 0x8000000000000005: ???
==74937==    by 0x7: ???
==74937==    by 0x6AAC81F: ???
==74937== 
==74937== 21 bytes in 1 blocks are definitely lost in loss record 553 of 981
==74937==    at 0x484D953: calloc (in /usr/libexec/valgrind/vgpreload_memcheck-amd64-linux.so)
==74937==    by 0x723DE9: __mn_alloc (in /mnt/c/Users/Juan/Documents/GitHub/Mapanare/mapanare/self/mnc-stage1)
==74937==    by 0x7249CE: __mn_str_concat (in /mnt/c/Users/Juan/Documents/GitHub/Mapanare/mapanare/self/mnc-stage1)
==74937==    by 0x68FA94: emit_llvm__declare_all_runtime (in /mnt/c/Users/Juan/Documents/GitHub/Mapanare/mapanare/self/mnc-stage1)
==74937== 
==74937== 21 bytes in 1 blocks are definitely lost in loss record 554 of 981
==74937==    at 0x484D953: calloc (in /usr/libexec/valgrind/vgpreload_memcheck-amd64-linux.so)
==74937==    by 0x723DE9: __mn_alloc (in /mnt/c/Users/Juan/Documents/GitHub/Mapanare/mapanare/self/mnc-stage1)
==74937==    by 0x7249CE: __mn_str_concat (in /mnt/c/Users/Juan/Documents/GitHub/Mapanare/mapanare/self/mnc-stage1)
==74937==    by 0x697FD7: emit_llvm__declare_all_runtime (in /mnt/c/Users/Juan/Documents/GitHub/Mapanare/mapanare/self/mnc-stage1)
==74937==    by 0x7470F7: ??? (in /mnt/c/Users/Juan/Documents/GitHub/Mapanare/mapanare/self/mnc-stage1)
==74937== 
==74937== 22 bytes in 1 blocks are indirectly lost in loss record 555 of 981
==74937==    at 0x484D953: calloc (in /usr/libexec/valgrind/vgpreload_memcheck-amd64-linux.so)
==74937==    by 0x723DE9: __mn_alloc (in /mnt/c/Users/Juan/Documents/GitHub/Mapanare/mapanare/self/mnc-stage1)
==74937==    by 0x7249CE: __mn_str_concat (in /mnt/c/Users/Juan/Documents/GitHub/Mapanare/mapanare/self/mnc-stage1)
==74937==    by 0x68A43D: emit_llvm__build_internal_struct_list (in /mnt/c/Users/Juan/Documents/GitHub/Mapanare/mapanare/self/mnc-stage1)
==74937==    by 0xF: ???
==74937== 
==74937== 22 bytes in 1 blocks are indirectly lost in loss record 556 of 981
==74937==    at 0x484D953: calloc (in /usr/libexec/valgrind/vgpreload_memcheck-amd64-linux.so)
==74937==    by 0x723DE9: __mn_alloc (in /mnt/c/Users/Juan/Documents/GitHub/Mapanare/mapanare/self/mnc-stage1)
==74937==    by 0x7249CE: __mn_str_concat (in /mnt/c/Users/Juan/Documents/GitHub/Mapanare/mapanare/self/mnc-stage1)
==74937==    by 0x6AA99A: emit_llvm__emit_const (in /mnt/c/Users/Juan/Documents/GitHub/Mapanare/mapanare/self/mnc-stage1)
==74937==    by 0x3: ???
==74937== 
==74937== 23 bytes in 1 blocks are definitely lost in loss record 557 of 981
==74937==    at 0x484D953: calloc (in /usr/libexec/valgrind/vgpreload_memcheck-amd64-linux.so)
==74937==    by 0x723DE9: __mn_alloc (in /mnt/c/Users/Juan/Documents/GitHub/Mapanare/mapanare/self/mnc-stage1)
==74937==    by 0x7249CE: __mn_str_concat (in /mnt/c/Users/Juan/Documents/GitHub/Mapanare/mapanare/self/mnc-stage1)
==74937==    by 0x68F16B: emit_llvm__declare_all_runtime (in /mnt/c/Users/Juan/Documents/GitHub/Mapanare/mapanare/self/mnc-stage1)
==74937== 
==74937== 23 bytes in 1 blocks are definitely lost in loss record 558 of 981
==74937==    at 0x484D953: calloc (in /usr/libexec/valgrind/vgpreload_memcheck-amd64-linux.so)
==74937==    by 0x723DE9: __mn_alloc (in /mnt/c/Users/Juan/Documents/GitHub/Mapanare/mapanare/self/mnc-stage1)
==74937==    by 0x7249CE: __mn_str_concat (in /mnt/c/Users/Juan/Documents/GitHub/Mapanare/mapanare/self/mnc-stage1)
==74937==    by 0x68F36E: emit_llvm__declare_all_runtime (in /mnt/c/Users/Juan/Documents/GitHub/Mapanare/mapanare/self/mnc-stage1)
==74937==    by 0x7470F7: ??? (in /mnt/c/Users/Juan/Documents/GitHub/Mapanare/mapanare/self/mnc-stage1)
==74937==    by 0x3: ???
==74937== 
==74937== 23 bytes in 1 blocks are definitely lost in loss record 559 of 981
==74937==    at 0x484D953: calloc (in /usr/libexec/valgrind/vgpreload_memcheck-amd64-linux.so)
==74937==    by 0x723DE9: __mn_alloc (in /mnt/c/Users/Juan/Documents/GitHub/Mapanare/mapanare/self/mnc-stage1)
==74937==    by 0x7249CE: __mn_str_concat (in /mnt/c/Users/Juan/Documents/GitHub/Mapanare/mapanare/self/mnc-stage1)
==74937==    by 0x69087E: emit_llvm__declare_all_runtime (in /mnt/c/Users/Juan/Documents/GitHub/Mapanare/mapanare/self/mnc-stage1)
==74937==    by 0x3: ???
==74937== 
==74937== 23 bytes in 1 blocks are definitely lost in loss record 560 of 981
==74937==    at 0x484D953: calloc (in /usr/libexec/valgrind/vgpreload_memcheck-amd64-linux.so)
==74937==    by 0x723DE9: __mn_alloc (in /mnt/c/Users/Juan/Documents/GitHub/Mapanare/mapanare/self/mnc-stage1)
==74937==    by 0x7249CE: __mn_str_concat (in /mnt/c/Users/Juan/Documents/GitHub/Mapanare/mapanare/self/mnc-stage1)
==74937==    by 0x690ABC: emit_llvm__declare_all_runtime (in /mnt/c/Users/Juan/Documents/GitHub/Mapanare/mapanare/self/mnc-stage1)
==74937==    by 0x7470F7: ??? (in /mnt/c/Users/Juan/Documents/GitHub/Mapanare/mapanare/self/mnc-stage1)
==74937== 
==74937== 23 bytes in 1 blocks are definitely lost in loss record 561 of 981
==74937==    at 0x484D953: calloc (in /usr/libexec/valgrind/vgpreload_memcheck-amd64-linux.so)
==74937==    by 0x723DE9: __mn_alloc (in /mnt/c/Users/Juan/Documents/GitHub/Mapanare/mapanare/self/mnc-stage1)
==74937==    by 0x7249CE: __mn_str_concat (in /mnt/c/Users/Juan/Documents/GitHub/Mapanare/mapanare/self/mnc-stage1)
==74937==    by 0x690CF1: emit_llvm__declare_all_runtime (in /mnt/c/Users/Juan/Documents/GitHub/Mapanare/mapanare/self/mnc-stage1)
==74937==    by 0x3: ???
==74937== 
==74937== 23 bytes in 1 blocks are definitely lost in loss record 562 of 981
==74937==    at 0x484D953: calloc (in /usr/libexec/valgrind/vgpreload_memcheck-amd64-linux.so)
==74937==    by 0x723DE9: __mn_alloc (in /mnt/c/Users/Juan/Documents/GitHub/Mapanare/mapanare/self/mnc-stage1)
==74937==    by 0x7249CE: __mn_str_concat (in /mnt/c/Users/Juan/Documents/GitHub/Mapanare/mapanare/self/mnc-stage1)
==74937==    by 0x692891: emit_llvm__declare_all_runtime (in /mnt/c/Users/Juan/Documents/GitHub/Mapanare/mapanare/self/mnc-stage1)
==74937==    by 0x3: ???
==74937== 
==74937== 23 bytes in 1 blocks are definitely lost in loss record 563 of 981
==74937==    at 0x484D953: calloc (in /usr/libexec/valgrind/vgpreload_memcheck-amd64-linux.so)
==74937==    by 0x723DE9: __mn_alloc (in /mnt/c/Users/Juan/Documents/GitHub/Mapanare/mapanare/self/mnc-stage1)
==74937==    by 0x7249CE: __mn_str_concat (in /mnt/c/Users/Juan/Documents/GitHub/Mapanare/mapanare/self/mnc-stage1)
==74937==    by 0x692C80: emit_llvm__declare_all_runtime (in /mnt/c/Users/Juan/Documents/GitHub/Mapanare/mapanare/self/mnc-stage1)
==74937==    by 0x3: ???
==74937== 
==74937== 23 bytes in 1 blocks are definitely lost in loss record 564 of 981
==74937==    at 0x484D953: calloc (in /usr/libexec/valgrind/vgpreload_memcheck-amd64-linux.so)
==74937==    by 0x723DE9: __mn_alloc (in /mnt/c/Users/Juan/Documents/GitHub/Mapanare/mapanare/self/mnc-stage1)
==74937==    by 0x7249CE: __mn_str_concat (in /mnt/c/Users/Juan/Documents/GitHub/Mapanare/mapanare/self/mnc-stage1)
==74937==    by 0x69375D: emit_llvm__declare_all_runtime (in /mnt/c/Users/Juan/Documents/GitHub/Mapanare/mapanare/self/mnc-stage1)
==74937==    by 0x3: ???
==74937== 
==74937== 23 bytes in 1 blocks are definitely lost in loss record 565 of 981
==74937==    at 0x484D953: calloc (in /usr/libexec/valgrind/vgpreload_memcheck-amd64-linux.so)
==74937==    by 0x723DE9: __mn_alloc (in /mnt/c/Users/Juan/Documents/GitHub/Mapanare/mapanare/self/mnc-stage1)
==74937==    by 0x7249CE: __mn_str_concat (in /mnt/c/Users/Juan/Documents/GitHub/Mapanare/mapanare/self/mnc-stage1)
==74937==    by 0x696BFE: emit_llvm__declare_all_runtime (in /mnt/c/Users/Juan/Documents/GitHub/Mapanare/mapanare/self/mnc-stage1)
==74937==    by 0x3: ???
==74937== 
==74937== 23 bytes in 1 blocks are definitely lost in loss record 566 of 981
==74937==    at 0x484D953: calloc (in /usr/libexec/valgrind/vgpreload_memcheck-amd64-linux.so)
==74937==    by 0x723DE9: __mn_alloc (in /mnt/c/Users/Juan/Documents/GitHub/Mapanare/mapanare/self/mnc-stage1)
==74937==    by 0x7249CE: __mn_str_concat (in /mnt/c/Users/Juan/Documents/GitHub/Mapanare/mapanare/self/mnc-stage1)
==74937==    by 0x697876: emit_llvm__declare_all_runtime (in /mnt/c/Users/Juan/Documents/GitHub/Mapanare/mapanare/self/mnc-stage1)
==74937==    by 0x7470F7: ??? (in /mnt/c/Users/Juan/Documents/GitHub/Mapanare/mapanare/self/mnc-stage1)
==74937== 
==74937== 23 bytes in 1 blocks are definitely lost in loss record 567 of 981
==74937==    at 0x484D953: calloc (in /usr/libexec/valgrind/vgpreload_memcheck-amd64-linux.so)
==74937==    by 0x723DE9: __mn_alloc (in /mnt/c/Users/Juan/Documents/GitHub/Mapanare/mapanare/self/mnc-stage1)
==74937==    by 0x7249CE: __mn_str_concat (in /mnt/c/Users/Juan/Documents/GitHub/Mapanare/mapanare/self/mnc-stage1)
==74937==    by 0x698EEA: emit_llvm__declare_all_runtime (in /mnt/c/Users/Juan/Documents/GitHub/Mapanare/mapanare/self/mnc-stage1)
==74937==    by 0x3: ???
==74937== 
==74937== 23 bytes in 1 blocks are definitely lost in loss record 568 of 981
==74937==    at 0x484D953: calloc (in /usr/libexec/valgrind/vgpreload_memcheck-amd64-linux.so)
==74937==    by 0x723DE9: __mn_alloc (in /mnt/c/Users/Juan/Documents/GitHub/Mapanare/mapanare/self/mnc-stage1)
==74937==    by 0x7249CE: __mn_str_concat (in /mnt/c/Users/Juan/Documents/GitHub/Mapanare/mapanare/self/mnc-stage1)
==74937==    by 0x699122: emit_llvm__declare_all_runtime (in /mnt/c/Users/Juan/Documents/GitHub/Mapanare/mapanare/self/mnc-stage1)
==74937==    by 0x7470F7: ??? (in /mnt/c/Users/Juan/Documents/GitHub/Mapanare/mapanare/self/mnc-stage1)
==74937== 
==74937== 24 bytes in 1 blocks are indirectly lost in loss record 569 of 981
==74937==    at 0x484D953: calloc (in /usr/libexec/valgrind/vgpreload_memcheck-amd64-linux.so)
==74937==    by 0x723DE9: __mn_alloc (in /mnt/c/Users/Juan/Documents/GitHub/Mapanare/mapanare/self/mnc-stage1)
==74937==    by 0x7249CE: __mn_str_concat (in /mnt/c/Users/Juan/Documents/GitHub/Mapanare/mapanare/self/mnc-stage1)
==74937==    by 0x68AC22: emit_llvm__build_internal_struct_list (in /mnt/c/Users/Juan/Documents/GitHub/Mapanare/mapanare/self/mnc-stage1)
==74937==    by 0x2: ???
==74937==    by 0x7: ???
==74937==    by 0x6AC16FF: ???
==74937==    by 0x7: ???
==74937==    by 0xF: ???
==74937== 
==74937== 24 bytes in 2 blocks are indirectly lost in loss record 570 of 981
==74937==    at 0x484D953: calloc (in /usr/libexec/valgrind/vgpreload_memcheck-amd64-linux.so)
==74937==    by 0x723DE9: __mn_alloc (in /mnt/c/Users/Juan/Documents/GitHub/Mapanare/mapanare/self/mnc-stage1)
==74937==    by 0x7249CE: __mn_str_concat (in /mnt/c/Users/Juan/Documents/GitHub/Mapanare/mapanare/self/mnc-stage1)
==74937==    by 0x4B783B: lower__register_definition (in /mnt/c/Users/Juan/Documents/GitHub/Mapanare/mapanare/self/mnc-stage1)
==74937== 
==74937== 24 bytes in 12 blocks are definitely lost in loss record 571 of 981
==74937==    at 0x484D953: calloc (in /usr/libexec/valgrind/vgpreload_memcheck-amd64-linux.so)
==74937==    by 0x723DE9: __mn_alloc (in /mnt/c/Users/Juan/Documents/GitHub/Mapanare/mapanare/self/mnc-stage1)
==74937==    by 0x7245AB: __mn_str_from_parts (in /mnt/c/Users/Juan/Documents/GitHub/Mapanare/mapanare/self/mnc-stage1)
==74937==    by 0x413A46: dir_of_path (in /mnt/c/Users/Juan/Documents/GitHub/Mapanare/mapanare/self/mnc-stage1)
==74937== 
==74937== 24 bytes in 12 blocks are definitely lost in loss record 572 of 981
==74937==    at 0x484D953: calloc (in /usr/libexec/valgrind/vgpreload_memcheck-amd64-linux.so)
==74937==    by 0x723DE9: __mn_alloc (in /mnt/c/Users/Juan/Documents/GitHub/Mapanare/mapanare/self/mnc-stage1)
==74937==    by 0x7245AB: __mn_str_from_parts (in /mnt/c/Users/Juan/Documents/GitHub/Mapanare/mapanare/self/mnc-stage1)
==74937==    by 0x413D28: basename_of (in /mnt/c/Users/Juan/Documents/GitHub/Mapanare/mapanare/self/mnc-stage1)
==74937==    by 0xF: ???
==74937==    by 0x6A7619F: ???
==74937==    by 0x44: ???
==74937== 
==74937== 25 bytes in 1 blocks are indirectly lost in loss record 573 of 981
==74937==    at 0x484D953: calloc (in /usr/libexec/valgrind/vgpreload_memcheck-amd64-linux.so)
==74937==    by 0x723DE9: __mn_alloc (in /mnt/c/Users/Juan/Documents/GitHub/Mapanare/mapanare/self/mnc-stage1)
==74937==    by 0x7249CE: __mn_str_concat (in /mnt/c/Users/Juan/Documents/GitHub/Mapanare/mapanare/self/mnc-stage1)
==74937==    by 0x68A655: emit_llvm__build_internal_struct_list (in /mnt/c/Users/Juan/Documents/GitHub/Mapanare/mapanare/self/mnc-stage1)
==74937==    by 0x4: ???
==74937==    by 0x7: ???
==74937==    by 0x6AC0C3F: ???
==74937==    by 0x7: ???
==74937==    by 0xF: ???
==74937== 
==74937== 25 bytes in 1 blocks are indirectly lost in loss record 574 of 981
==74937==    at 0x484D953: calloc (in /usr/libexec/valgrind/vgpreload_memcheck-amd64-linux.so)
==74937==    by 0x723DE9: __mn_alloc (in /mnt/c/Users/Juan/Documents/GitHub/Mapanare/mapanare/self/mnc-stage1)
==74937==    by 0x7249CE: __mn_str_concat (in /mnt/c/Users/Juan/Documents/GitHub/Mapanare/mapanare/self/mnc-stage1)
==74937==    by 0x68ADE6: emit_llvm__build_internal_struct_list (in /mnt/c/Users/Juan/Documents/GitHub/Mapanare/mapanare/self/mnc-stage1)
==74937==    by 0x1: ???
==74937==    by 0x7: ???
==74937==    by 0x6AC182F: ???
==74937==    by 0x7: ???
==74937==    by 0xF: ???
==74937== 
==74937== 25 bytes in 1 blocks are indirectly lost in loss record 575 of 981
==74937==    at 0x484D953: calloc (in /usr/libexec/valgrind/vgpreload_memcheck-amd64-linux.so)
==74937==    by 0x723DE9: __mn_alloc (in /mnt/c/Users/Juan/Documents/GitHub/Mapanare/mapanare/self/mnc-stage1)
==74937==    by 0x7249CE: __mn_str_concat (in /mnt/c/Users/Juan/Documents/GitHub/Mapanare/mapanare/self/mnc-stage1)
==74937==    by 0x7202A7: emit_llvm__emit_mir_module (in /mnt/c/Users/Juan/Documents/GitHub/Mapanare/mapanare/self/mnc-stage1)
==74937== 
==74937== 25 bytes in 2 blocks are definitely lost in loss record 576 of 981
==74937==    at 0x484D953: calloc (in /usr/libexec/valgrind/vgpreload_memcheck-amd64-linux.so)
==74937==    by 0x723DE9: __mn_alloc (in /mnt/c/Users/Juan/Documents/GitHub/Mapanare/mapanare/self/mnc-stage1)
==74937==    by 0x7249CE: __mn_str_concat (in /mnt/c/Users/Juan/Documents/GitHub/Mapanare/mapanare/self/mnc-stage1)
==74937==    by 0x70FEA5: emit_llvm__emit_builtin_tostring (in /mnt/c/Users/Juan/Documents/GitHub/Mapanare/mapanare/self/mnc-stage1)
==74937== 
==74937== 26 bytes in 1 blocks are indirectly lost in loss record 577 of 981
==74937==    at 0x484D953: calloc (in /usr/libexec/valgrind/vgpreload_memcheck-amd64-linux.so)
==74937==    by 0x723DE9: __mn_alloc (in /mnt/c/Users/Juan/Documents/GitHub/Mapanare/mapanare/self/mnc-stage1)
==74937==    by 0x7249CE: __mn_str_concat (in /mnt/c/Users/Juan/Documents/GitHub/Mapanare/mapanare/self/mnc-stage1)
==74937==    by 0x7132FD: emit_llvm__emit_mir_return (in /mnt/c/Users/Juan/Documents/GitHub/Mapanare/mapanare/self/mnc-stage1)
==74937== 
==74937== 26 bytes in 13 blocks are indirectly lost in loss record 578 of 981
==74937==    at 0x484D953: calloc (in /usr/libexec/valgrind/vgpreload_memcheck-amd64-linux.so)
==74937==    by 0x723DE9: __mn_alloc (in /mnt/c/Users/Juan/Documents/GitHub/Mapanare/mapanare/self/mnc-stage1)
==74937==    by 0x7245AB: __mn_str_from_parts (in /mnt/c/Users/Juan/Documents/GitHub/Mapanare/mapanare/self/mnc-stage1)
==74937==    by 0x41FA94: lexer__scan_ident (in /mnt/c/Users/Juan/Documents/GitHub/Mapanare/mapanare/self/mnc-stage1)
==74937==    by 0x73C56F: ??? (in /mnt/c/Users/Juan/Documents/GitHub/Mapanare/mapanare/self/mnc-stage1)
==74937== 
==74937== 30 bytes in 1 blocks are indirectly lost in loss record 579 of 981
==74937==    at 0x484D953: calloc (in /usr/libexec/valgrind/vgpreload_memcheck-amd64-linux.so)
==74937==    by 0x723DE9: __mn_alloc (in /mnt/c/Users/Juan/Documents/GitHub/Mapanare/mapanare/self/mnc-stage1)
==74937==    by 0x7249CE: __mn_str_concat (in /mnt/c/Users/Juan/Documents/GitHub/Mapanare/mapanare/self/mnc-stage1)
==74937==    by 0x72035A: emit_llvm__emit_mir_module (in /mnt/c/Users/Juan/Documents/GitHub/Mapanare/mapanare/self/mnc-stage1)
==74937== 
==74937== 31 bytes in 2 blocks are definitely lost in loss record 580 of 981
==74937==    at 0x484D953: calloc (in /usr/libexec/valgrind/vgpreload_memcheck-amd64-linux.so)
==74937==    by 0x723DE9: __mn_alloc (in /mnt/c/Users/Juan/Documents/GitHub/Mapanare/mapanare/self/mnc-stage1)
==74937==    by 0x7249CE: __mn_str_concat (in /mnt/c/Users/Juan/Documents/GitHub/Mapanare/mapanare/self/mnc-stage1)
==74937==    by 0x414BE5: dedup_definitions (in /mnt/c/Users/Juan/Documents/GitHub/Mapanare/mapanare/self/mnc-stage1)
==74937==    by 0x9: ???
==74937== 
==74937== 32 bytes in 1 blocks are indirectly lost in loss record 581 of 981
==74937==    at 0x4846828: malloc (in /usr/libexec/valgrind/vgpreload_memcheck-amd64-linux.so)
==74937==    by 0x42FDA6: parser__parse_expr (in /mnt/c/Users/Juan/Documents/GitHub/Mapanare/mapanare/self/mnc-stage1)
==74937== 
==74937== 32 bytes in 1 blocks are indirectly lost in loss record 582 of 981
==74937==    at 0x484D953: calloc (in /usr/libexec/valgrind/vgpreload_memcheck-amd64-linux.so)
==74937==    by 0x723DE9: __mn_alloc (in /mnt/c/Users/Juan/Documents/GitHub/Mapanare/mapanare/self/mnc-stage1)
==74937==    by 0x7249CE: __mn_str_concat (in /mnt/c/Users/Juan/Documents/GitHub/Mapanare/mapanare/self/mnc-stage1)
==74937==    by 0x6886DA: emit_llvm_ir__emit_icmp (in /mnt/c/Users/Juan/Documents/GitHub/Mapanare/mapanare/self/mnc-stage1)
==74937==    by 0x6B: ???
==74937==    by 0x8000000000000004: ???
==74937==    by 0x800000000000000C: ???
==74937==    by 0x800000000000000F: ???
==74937==    by 0x8000000000000010: ???
==74937==    by 0x8000000000000013: ???
==74937==    by 0x8000000000000014: ???
==74937==    by 0x800000000000001B: ???
==74937==    by 0x800000000000001D: ???
==74937==    by 0x6ADB7FF: ???
==74937==    by 0x6ADB85F: ???
==74937==    by 0x15: ???
==74937==    by 0x6ADB8BF: ???
==74937==    by 0x6A6FF07: ???
==74937==    by 0x73BF17: ??? (in /mnt/c/Users/Juan/Documents/GitHub/Mapanare/mapanare/self/mnc-stage1)
==74937==    by 0x2: ???
==74937== 
==74937== 32 bytes in 1 blocks are indirectly lost in loss record 583 of 981
==74937==    at 0x484D953: calloc (in /usr/libexec/valgrind/vgpreload_memcheck-amd64-linux.so)
==74937==    by 0x723DE9: __mn_alloc (in /mnt/c/Users/Juan/Documents/GitHub/Mapanare/mapanare/self/mnc-stage1)
==74937==    by 0x7249CE: __mn_str_concat (in /mnt/c/Users/Juan/Documents/GitHub/Mapanare/mapanare/self/mnc-stage1)
==74937==    by 0x6DA6B6: emit_llvm__emit_wrap_some (in /mnt/c/Users/Juan/Documents/GitHub/Mapanare/mapanare/self/mnc-stage1)
==74937==    by 0x1F: ???
==74937== 
==74937== 32 bytes in 4 blocks are indirectly lost in loss record 584 of 981
==74937==    at 0x4846828: malloc (in /usr/libexec/valgrind/vgpreload_memcheck-amd64-linux.so)
==74937==    by 0x432B31: parser__parse_atom (in /mnt/c/Users/Juan/Documents/GitHub/Mapanare/mapanare/self/mnc-stage1)
==74937== 
==74937== 32 bytes in 2 blocks are definitely lost in loss record 585 of 981
==74937==    at 0x4846828: malloc (in /usr/libexec/valgrind/vgpreload_memcheck-amd64-linux.so)
==74937==    by 0x728B99: __mn_range (in /mnt/c/Users/Juan/Documents/GitHub/Mapanare/mapanare/self/mnc-stage1)
==74937==    by 0x420865: lexer__scan_string (in /mnt/c/Users/Juan/Documents/GitHub/Mapanare/mapanare/self/mnc-stage1)
==74937== 
==74937== 32 bytes in 2 blocks are definitely lost in loss record 586 of 981
==74937==    at 0x4846828: malloc (in /usr/libexec/valgrind/vgpreload_memcheck-amd64-linux.so)
==74937==    by 0x728B99: __mn_range (in /mnt/c/Users/Juan/Documents/GitHub/Mapanare/mapanare/self/mnc-stage1)
==74937==    by 0x4367A2: parser__parse_generic_type (in /mnt/c/Users/Juan/Documents/GitHub/Mapanare/mapanare/self/mnc-stage1)
==74937==    by 0x7F: ???
==74937== 
==74937== 32 bytes in 2 blocks are definitely lost in loss record 587 of 981
==74937==    at 0x4846828: malloc (in /usr/libexec/valgrind/vgpreload_memcheck-amd64-linux.so)
==74937==    by 0x728B99: __mn_range (in /mnt/c/Users/Juan/Documents/GitHub/Mapanare/mapanare/self/mnc-stage1)
==74937==    by 0x43498D: parser__parse_pattern_alt (in /mnt/c/Users/Juan/Documents/GitHub/Mapanare/mapanare/self/mnc-stage1)
==74937== 
==74937== 32 bytes in 2 blocks are definitely lost in loss record 588 of 981
==74937==    at 0x4846828: malloc (in /usr/libexec/valgrind/vgpreload_memcheck-amd64-linux.so)
==74937==    by 0x728B99: __mn_range (in /mnt/c/Users/Juan/Documents/GitHub/Mapanare/mapanare/self/mnc-stage1)
==74937==    by 0x4779A0: semantic__register_def (in /mnt/c/Users/Juan/Documents/GitHub/Mapanare/mapanare/self/mnc-stage1)
==74937== 
==74937== 32 bytes in 2 blocks are definitely lost in loss record 589 of 981
==74937==    at 0x4846828: malloc (in /usr/libexec/valgrind/vgpreload_memcheck-amd64-linux.so)
==74937==    by 0x728B99: __mn_range (in /mnt/c/Users/Juan/Documents/GitHub/Mapanare/mapanare/self/mnc-stage1)
==74937==    by 0x481942: semantic__check_fn_body (in /mnt/c/Users/Juan/Documents/GitHub/Mapanare/mapanare/self/mnc-stage1)
==74937== 
==74937== 32 bytes in 2 blocks are definitely lost in loss record 590 of 981
==74937==    at 0x4846828: malloc (in /usr/libexec/valgrind/vgpreload_memcheck-amd64-linux.so)
==74937==    by 0x728B99: __mn_range (in /mnt/c/Users/Juan/Documents/GitHub/Mapanare/mapanare/self/mnc-stage1)
==74937==    by 0x4618E6: semantic__check_match_expr (in /mnt/c/Users/Juan/Documents/GitHub/Mapanare/mapanare/self/mnc-stage1)
==74937==    by 0x9F: ???
==74937== 
==74937== 32 bytes in 2 blocks are definitely lost in loss record 591 of 981
==74937==    at 0x4846828: malloc (in /usr/libexec/valgrind/vgpreload_memcheck-amd64-linux.so)
==74937==    by 0x728B99: __mn_range (in /mnt/c/Users/Juan/Documents/GitHub/Mapanare/mapanare/self/mnc-stage1)
==74937==    by 0x4CDB49: lower__bind_fn_params (in /mnt/c/Users/Juan/Documents/GitHub/Mapanare/mapanare/self/mnc-stage1)
==74937== 
==74937== 32 bytes in 2 blocks are definitely lost in loss record 592 of 981
==74937==    at 0x4846828: malloc (in /usr/libexec/valgrind/vgpreload_memcheck-amd64-linux.so)
==74937==    by 0x728B99: __mn_range (in /mnt/c/Users/Juan/Documents/GitHub/Mapanare/mapanare/self/mnc-stage1)
==74937==    by 0x671CAC: lower__bind_pattern_fields (in /mnt/c/Users/Juan/Documents/GitHub/Mapanare/mapanare/self/mnc-stage1)
==74937== 
==74937== 32 bytes in 2 blocks are definitely lost in loss record 593 of 981
==74937==    at 0x4846828: malloc (in /usr/libexec/valgrind/vgpreload_memcheck-amd64-linux.so)
==74937==    by 0x728B99: __mn_range (in /mnt/c/Users/Juan/Documents/GitHub/Mapanare/mapanare/self/mnc-stage1)
==74937==    by 0x713FDB: emit_llvm__emit_mir_switch (in /mnt/c/Users/Juan/Documents/GitHub/Mapanare/mapanare/self/mnc-stage1)
==74937==    by 0x1101: ???
==74937== 
==74937== 32 bytes in 2 blocks are definitely lost in loss record 594 of 981
==74937==    at 0x4846828: malloc (in /usr/libexec/valgrind/vgpreload_memcheck-amd64-linux.so)
==74937==    by 0x728B99: __mn_range (in /mnt/c/Users/Juan/Documents/GitHub/Mapanare/mapanare/self/mnc-stage1)
==74937==    by 0x69C37B: emit_llvm__is_enum_type (in /mnt/c/Users/Juan/Documents/GitHub/Mapanare/mapanare/self/mnc-stage1)
==74937==    by 0x1102: ???
==74937== 
==74937== 32 bytes in 2 blocks are definitely lost in loss record 595 of 981
==74937==    at 0x4846828: malloc (in /usr/libexec/valgrind/vgpreload_memcheck-amd64-linux.so)
==74937==    by 0x728B99: __mn_range (in /mnt/c/Users/Juan/Documents/GitHub/Mapanare/mapanare/self/mnc-stage1)
==74937==    by 0x69C37B: emit_llvm__is_enum_type (in /mnt/c/Users/Juan/Documents/GitHub/Mapanare/mapanare/self/mnc-stage1)
==74937==    by 0x8000000000000028: ???
==74937==    by 0x8000000000000023: ???
==74937==    by 0x73BE7F: ??? (in /mnt/c/Users/Juan/Documents/GitHub/Mapanare/mapanare/self/mnc-stage1)
==74937==    by 0x3: ???
==74937== 
==74937== 33 bytes in 2 blocks are indirectly lost in loss record 596 of 981
==74937==    at 0x484D953: calloc (in /usr/libexec/valgrind/vgpreload_memcheck-amd64-linux.so)
==74937==    by 0x723DE9: __mn_alloc (in /mnt/c/Users/Juan/Documents/GitHub/Mapanare/mapanare/self/mnc-stage1)
==74937==    by 0x7249CE: __mn_str_concat (in /mnt/c/Users/Juan/Documents/GitHub/Mapanare/mapanare/self/mnc-stage1)
==74937==    by 0x4B77F3: lower__register_definition (in /mnt/c/Users/Juan/Documents/GitHub/Mapanare/mapanare/self/mnc-stage1)
==74937== 
==74937== 33 bytes in 1 blocks are definitely lost in loss record 597 of 981
==74937==    at 0x484D953: calloc (in /usr/libexec/valgrind/vgpreload_memcheck-amd64-linux.so)
==74937==    by 0x723DE9: __mn_alloc (in /mnt/c/Users/Juan/Documents/GitHub/Mapanare/mapanare/self/mnc-stage1)
==74937==    by 0x7249CE: __mn_str_concat (in /mnt/c/Users/Juan/Documents/GitHub/Mapanare/mapanare/self/mnc-stage1)
==74937==    by 0x69825C: emit_llvm__declare_all_runtime (in /mnt/c/Users/Juan/Documents/GitHub/Mapanare/mapanare/self/mnc-stage1)
==74937== 
==74937== 35 bytes in 1 blocks are definitely lost in loss record 598 of 981
==74937==    at 0x484D953: calloc (in /usr/libexec/valgrind/vgpreload_memcheck-amd64-linux.so)
==74937==    by 0x723DE9: __mn_alloc (in /mnt/c/Users/Juan/Documents/GitHub/Mapanare/mapanare/self/mnc-stage1)
==74937==    by 0x7249CE: __mn_str_concat (in /mnt/c/Users/Juan/Documents/GitHub/Mapanare/mapanare/self/mnc-stage1)
==74937==    by 0x692658: emit_llvm__declare_all_runtime (in /mnt/c/Users/Juan/Documents/GitHub/Mapanare/mapanare/self/mnc-stage1)
==74937== 
==74937== 36 bytes in 6 blocks are definitely lost in loss record 599 of 981
==74937==    at 0x484D953: calloc (in /usr/libexec/valgrind/vgpreload_memcheck-amd64-linux.so)
==74937==    by 0x723DE9: __mn_alloc (in /mnt/c/Users/Juan/Documents/GitHub/Mapanare/mapanare/self/mnc-stage1)
==74937==    by 0x7249CE: __mn_str_concat (in /mnt/c/Users/Juan/Documents/GitHub/Mapanare/mapanare/self/mnc-stage1)
==74937==    by 0x56A289: lower__lower_identifier (in /mnt/c/Users/Juan/Documents/GitHub/Mapanare/mapanare/self/mnc-stage1)
==74937== 
==74937== 38 bytes in 1 blocks are indirectly lost in loss record 600 of 981
==74937==    at 0x484D953: calloc (in /usr/libexec/valgrind/vgpreload_memcheck-amd64-linux.so)
==74937==    by 0x723DE9: __mn_alloc (in /mnt/c/Users/Juan/Documents/GitHub/Mapanare/mapanare/self/mnc-stage1)
==74937==    by 0x7245AB: __mn_str_from_parts (in /mnt/c/Users/Juan/Documents/GitHub/Mapanare/mapanare/self/mnc-stage1)
==74937==    by 0x68D511: emit_llvm__declare_runtime_fn (in /mnt/c/Users/Juan/Documents/GitHub/Mapanare/mapanare/self/mnc-stage1)
==74937==    by 0x2: ???
==74937==    by 0x6ACF67F: ???
==74937==    by 0xF: ???
==74937== 
==74937== 38 bytes in 2 blocks are definitely lost in loss record 601 of 981
==74937==    at 0x484D953: calloc (in /usr/libexec/valgrind/vgpreload_memcheck-amd64-linux.so)
==74937==    by 0x723DE9: __mn_alloc (in /mnt/c/Users/Juan/Documents/GitHub/Mapanare/mapanare/self/mnc-stage1)
==74937==    by 0x7249CE: __mn_str_concat (in /mnt/c/Users/Juan/Documents/GitHub/Mapanare/mapanare/self/mnc-stage1)
==74937==    by 0x714040: emit_llvm__emit_mir_switch (in /mnt/c/Users/Juan/Documents/GitHub/Mapanare/mapanare/self/mnc-stage1)
==74937==    by 0x1101: ???
==74937== 
==74937== 40 bytes in 1 blocks are indirectly lost in loss record 602 of 981
==74937==    at 0x484D953: calloc (in /usr/libexec/valgrind/vgpreload_memcheck-amd64-linux.so)
==74937==    by 0x723DE9: __mn_alloc (in /mnt/c/Users/Juan/Documents/GitHub/Mapanare/mapanare/self/mnc-stage1)
==74937==    by 0x7249CE: __mn_str_concat (in /mnt/c/Users/Juan/Documents/GitHub/Mapanare/mapanare/self/mnc-stage1)
==74937==    by 0x6DA5B2: emit_llvm__emit_wrap_some (in /mnt/c/Users/Juan/Documents/GitHub/Mapanare/mapanare/self/mnc-stage1)
==74937==    by 0x1F: ???
==74937== 
==74937== 43 bytes in 2 blocks are indirectly lost in loss record 603 of 981
==74937==    at 0x484D953: calloc (in /usr/libexec/valgrind/vgpreload_memcheck-amd64-linux.so)
==74937==    by 0x723DE9: __mn_alloc (in /mnt/c/Users/Juan/Documents/GitHub/Mapanare/mapanare/self/mnc-stage1)
==74937==    by 0x7249CE: __mn_str_concat (in /mnt/c/Users/Juan/Documents/GitHub/Mapanare/mapanare/self/mnc-stage1)
==74937==    by 0x6AA99A: emit_llvm__emit_const (in /mnt/c/Users/Juan/Documents/GitHub/Mapanare/mapanare/self/mnc-stage1)
==74937==    by 0x2: ???
==74937== 
==74937== 44 bytes in 2 blocks are indirectly lost in loss record 604 of 981
==74937==    at 0x484D953: calloc (in /usr/libexec/valgrind/vgpreload_memcheck-amd64-linux.so)
==74937==    by 0x723DE9: __mn_alloc (in /mnt/c/Users/Juan/Documents/GitHub/Mapanare/mapanare/self/mnc-stage1)
==74937==    by 0x7249CE: __mn_str_concat (in /mnt/c/Users/Juan/Documents/GitHub/Mapanare/mapanare/self/mnc-stage1)
==74937==    by 0x6636B8: lower__lower_match (in /mnt/c/Users/Juan/Documents/GitHub/Mapanare/mapanare/self/mnc-stage1)
==74937==    by 0x3: ???
==74937==    by 0x800000000000000E: ???
==74937== 
==74937== 46 bytes in 1 blocks are indirectly lost in loss record 605 of 981
==74937==    at 0x484D953: calloc (in /usr/libexec/valgrind/vgpreload_memcheck-amd64-linux.so)
==74937==    by 0x723DE9: __mn_alloc (in /mnt/c/Users/Juan/Documents/GitHub/Mapanare/mapanare/self/mnc-stage1)
==74937==    by 0x7249CE: __mn_str_concat (in /mnt/c/Users/Juan/Documents/GitHub/Mapanare/mapanare/self/mnc-stage1)
==74937==    by 0x6A8F0F: emit_llvm__emit_mir_branch (in /mnt/c/Users/Juan/Documents/GitHub/Mapanare/mapanare/self/mnc-stage1)
==74937==    by 0x800000000000000A: ???
==74937== 
==74937== 47 bytes in 1 blocks are indirectly lost in loss record 606 of 981
==74937==    at 0x484D953: calloc (in /usr/libexec/valgrind/vgpreload_memcheck-amd64-linux.so)
==74937==    by 0x723DE9: __mn_alloc (in /mnt/c/Users/Juan/Documents/GitHub/Mapanare/mapanare/self/mnc-stage1)
==74937==    by 0x7249CE: __mn_str_concat (in /mnt/c/Users/Juan/Documents/GitHub/Mapanare/mapanare/self/mnc-stage1)
==74937==    by 0x688CB5: emit_llvm_ir__emit_call_ir (in /mnt/c/Users/Juan/Documents/GitHub/Mapanare/mapanare/self/mnc-stage1)
==74937==    by 0x6ADA2BF: ???
==74937==    by 0x8000000000000004: ???
==74937==    by 0x800000000000000C: ???
==74937==    by 0x8000000000000015: ???
==74937==    by 0x8000000000000017: ???
==74937==    by 0x8000000000000024: ???
==74937==    by 0x8000000000000025: ???
==74937==    by 0x800000000000002C: ???
==74937==    by 0x6AE00DF: ???
==74937==    by 0x3: ???
==74937==    by 0x6AE014F: ???
==74937==    by 0x2: ???
==74937==    by 0x7: ???
==74937==    by 0xF: ???
==74937==    by 0x7407FF: ??? (in /mnt/c/Users/Juan/Documents/GitHub/Mapanare/mapanare/self/mnc-stage1)
==74937== 
==74937== 48 bytes in 1 blocks are indirectly lost in loss record 607 of 981
==74937==    at 0x4846828: malloc (in /usr/libexec/valgrind/vgpreload_memcheck-amd64-linux.so)
==74937==    by 0x433DC0: parser__parse_match_expr (in /mnt/c/Users/Juan/Documents/GitHub/Mapanare/mapanare/self/mnc-stage1)
==74937==    by 0x71: ???
==74937==    by 0x6A8D75F: ???
==74937==    by 0x5: ???
==74937==    by 0x6A8D66F: ???
==74937==    by 0x6A82DBF: ???
==74937==    by 0x71: ???
==74937==    by 0x7F: ???
==74937==    by 0x3F: ???
==74937== 
==74937== 48 bytes in 1 blocks are indirectly lost in loss record 608 of 981
==74937==    at 0x4846828: malloc (in /usr/libexec/valgrind/vgpreload_memcheck-amd64-linux.so)
==74937==    by 0x433DC0: parser__parse_match_expr (in /mnt/c/Users/Juan/Documents/GitHub/Mapanare/mapanare/self/mnc-stage1)
==74937==    by 0x71: ???
==74937==    by 0x6A8F82F: ???
==74937==    by 0x5: ???
==74937==    by 0x6A8F73F: ???
==74937==    by 0x6A82DBF: ???
==74937==    by 0x71: ???
==74937==    by 0x7F: ???
==74937==    by 0x3F: ???
==74937== 
==74937== 48 bytes in 2 blocks are indirectly lost in loss record 609 of 981
==74937==    at 0x4846828: malloc (in /usr/libexec/valgrind/vgpreload_memcheck-amd64-linux.so)
==74937==    by 0x42F608: parser__parse_return_stmt (in /mnt/c/Users/Juan/Documents/GitHub/Mapanare/mapanare/self/mnc-stage1)
==74937==    by 0x3F: ???
==74937== 
==74937== 48 bytes in 3 blocks are definitely lost in loss record 610 of 981
==74937==    at 0x4846828: malloc (in /usr/libexec/valgrind/vgpreload_memcheck-amd64-linux.so)
==74937==    by 0x728B99: __mn_range (in /mnt/c/Users/Juan/Documents/GitHub/Mapanare/mapanare/self/mnc-stage1)
==74937==    by 0x437E86: semantic__scope_lookup (in /mnt/c/Users/Juan/Documents/GitHub/Mapanare/mapanare/self/mnc-stage1)
==74937==    by 0xFFFFFFFFFF: ???
==74937==    by 0x6A59AB7: ???
==74937==    by 0x6A9FBAF: ???
==74937==    by 0x8: ???
==74937== 
==74937== 48 bytes in 3 blocks are definitely lost in loss record 611 of 981
==74937==    at 0x4846828: malloc (in /usr/libexec/valgrind/vgpreload_memcheck-amd64-linux.so)
==74937==    by 0x728B99: __mn_range (in /mnt/c/Users/Juan/Documents/GitHub/Mapanare/mapanare/self/mnc-stage1)
==74937==    by 0x4DE613: lower__lower_block_stmts (in /mnt/c/Users/Juan/Documents/GitHub/Mapanare/mapanare/self/mnc-stage1)
==74937== 
==74937== 48 bytes in 3 blocks are definitely lost in loss record 612 of 981
==74937==    at 0x4846828: malloc (in /usr/libexec/valgrind/vgpreload_memcheck-amd64-linux.so)
==74937==    by 0x728B99: __mn_range (in /mnt/c/Users/Juan/Documents/GitHub/Mapanare/mapanare/self/mnc-stage1)
==74937==    by 0x67C16F: mir_opt__is_in_list (in /mnt/c/Users/Juan/Documents/GitHub/Mapanare/mapanare/self/mnc-stage1)
==74937==    by 0x6AB7CFF: ???
==74937== 
==74937== 48 bytes in 3 blocks are definitely lost in loss record 613 of 981
==74937==    at 0x4846828: malloc (in /usr/libexec/valgrind/vgpreload_memcheck-amd64-linux.so)
==74937==    by 0x728B99: __mn_range (in /mnt/c/Users/Juan/Documents/GitHub/Mapanare/mapanare/self/mnc-stage1)
==74937==    by 0x71A93E: emit_llvm__emit_mir_basic_block (in /mnt/c/Users/Juan/Documents/GitHub/Mapanare/mapanare/self/mnc-stage1)
==74937==    by 0x2: ???
==74937==    by 0x6ADA2BF: ???
==74937== 
==74937== 49 bytes in 1 blocks are indirectly lost in loss record 614 of 981
==74937==    at 0x484D953: calloc (in /usr/libexec/valgrind/vgpreload_memcheck-amd64-linux.so)
==74937==    by 0x723DE9: __mn_alloc (in /mnt/c/Users/Juan/Documents/GitHub/Mapanare/mapanare/self/mnc-stage1)
==74937==    by 0x7249CE: __mn_str_concat (in /mnt/c/Users/Juan/Documents/GitHub/Mapanare/mapanare/self/mnc-stage1)
==74937==    by 0x689096: emit_llvm_ir__emit_insertvalue (in /mnt/c/Users/Juan/Documents/GitHub/Mapanare/mapanare/self/mnc-stage1)
==74937==    by 0x8000000000000008: ???
==74937==    by 0x8000000000000008: ???
==74937==    by 0x8000000000000017: ???
==74937==    by 0x8000000000000020: ???
==74937==    by 0x8000000000000021: ???
==74937==    by 0x8000000000000026: ???
==74937==    by 0x8000000000000028: ???
==74937==    by 0x800000000000002A: ???
==74937==    by 0x800000000000002B: ???
==74937==    by 0x800000000000002C: ???
==74937==    by 0x800000000000002E: ???
==74937==    by 0x6ADC6EF: ???
==74937==    by 0x6ADC75F: ???
==74937==    by 0x6ADC7CF: ???
==74937==    by 0x6ADC83F: ???
==74937==    by 0x7: ???
==74937== 
==74937== 49 bytes in 1 blocks are indirectly lost in loss record 615 of 981
==74937==    at 0x484D953: calloc (in /usr/libexec/valgrind/vgpreload_memcheck-amd64-linux.so)
==74937==    by 0x723DE9: __mn_alloc (in /mnt/c/Users/Juan/Documents/GitHub/Mapanare/mapanare/self/mnc-stage1)
==74937==    by 0x7249CE: __mn_str_concat (in /mnt/c/Users/Juan/Documents/GitHub/Mapanare/mapanare/self/mnc-stage1)
==74937==    by 0x689096: emit_llvm_ir__emit_insertvalue (in /mnt/c/Users/Juan/Documents/GitHub/Mapanare/mapanare/self/mnc-stage1)
==74937==    by 0x8000000000000008: ???
==74937==    by 0x8000000000000008: ???
==74937==    by 0x8000000000000017: ???
==74937==    by 0x8000000000000020: ???
==74937==    by 0x8000000000000021: ???
==74937==    by 0x8000000000000026: ???
==74937==    by 0x8000000000000028: ???
==74937==    by 0x800000000000002A: ???
==74937==    by 0x800000000000002B: ???
==74937==    by 0x800000000000002C: ???
==74937==    by 0x800000000000002E: ???
==74937==    by 0x6ADEC6F: ???
==74937==    by 0x6ADECDF: ???
==74937==    by 0x6ADED4F: ???
==74937==    by 0x6ADEDBF: ???
==74937==    by 0x7: ???
==74937== 
==74937== 50 bytes in 1 blocks are indirectly lost in loss record 616 of 981
==74937==    at 0x484D953: calloc (in /usr/libexec/valgrind/vgpreload_memcheck-amd64-linux.so)
==74937==    by 0x723DE9: __mn_alloc (in /mnt/c/Users/Juan/Documents/GitHub/Mapanare/mapanare/self/mnc-stage1)
==74937==    by 0x7249CE: __mn_str_concat (in /mnt/c/Users/Juan/Documents/GitHub/Mapanare/mapanare/self/mnc-stage1)
==74937==    by 0x689096: emit_llvm_ir__emit_insertvalue (in /mnt/c/Users/Juan/Documents/GitHub/Mapanare/mapanare/self/mnc-stage1)
==74937==    by 0x1101: ???
==74937==    by 0x8000000000000005: ???
==74937==    by 0x8000000000000014: ???
==74937==    by 0x800000000000001E: ???
==74937==    by 0x800000000000001F: ???
==74937==    by 0x8000000000000026: ???
==74937==    by 0x8000000000000028: ???
==74937==    by 0x800000000000002B: ???
==74937==    by 0x800000000000002C: ???
==74937==    by 0x800000000000002D: ???
==74937==    by 0x800000000000002F: ???
==74937==    by 0x6AE367F: ???
==74937==    by 0x6AE36EF: ???
==74937==    by 0x6AE375F: ???
==74937==    by 0x6AE37CF: ???
==74937==    by 0x8000000000000038: ???
==74937== 
==74937== 50 bytes in 1 blocks are indirectly lost in loss record 617 of 981
==74937==    at 0x484D953: calloc (in /usr/libexec/valgrind/vgpreload_memcheck-amd64-linux.so)
==74937==    by 0x723DE9: __mn_alloc (in /mnt/c/Users/Juan/Documents/GitHub/Mapanare/mapanare/self/mnc-stage1)
==74937==    by 0x7249CE: __mn_str_concat (in /mnt/c/Users/Juan/Documents/GitHub/Mapanare/mapanare/self/mnc-stage1)
==74937==    by 0x689096: emit_llvm_ir__emit_insertvalue (in /mnt/c/Users/Juan/Documents/GitHub/Mapanare/mapanare/self/mnc-stage1)
==74937==    by 0x8000000000000008: ???
==74937==    by 0x8000000000000009: ???
==74937==    by 0x8000000000000018: ???
==74937==    by 0x8000000000000021: ???
==74937==    by 0x8000000000000022: ???
==74937==    by 0x8000000000000027: ???
==74937==    by 0x8000000000000029: ???
==74937==    by 0x800000000000002B: ???
==74937==    by 0x800000000000002C: ???
==74937==    by 0x800000000000002D: ???
==74937==    by 0x800000000000002F: ???
==74937==    by 0x6AE48CF: ???
==74937==    by 0x6AE493F: ???
==74937==    by 0x6AE49AF: ???
==74937==    by 0x6AE4A1F: ???
==74937==    by 0x8: ???
==74937== 
==74937== 50 bytes in 1 blocks are indirectly lost in loss record 618 of 981
==74937==    at 0x484D953: calloc (in /usr/libexec/valgrind/vgpreload_memcheck-amd64-linux.so)
==74937==    by 0x723DE9: __mn_alloc (in /mnt/c/Users/Juan/Documents/GitHub/Mapanare/mapanare/self/mnc-stage1)
==74937==    by 0x7249CE: __mn_str_concat (in /mnt/c/Users/Juan/Documents/GitHub/Mapanare/mapanare/self/mnc-stage1)
==74937==    by 0x689096: emit_llvm_ir__emit_insertvalue (in /mnt/c/Users/Juan/Documents/GitHub/Mapanare/mapanare/self/mnc-stage1)
==74937==    by 0x1101: ???
==74937==    by 0x8000000000000005: ???
==74937==    by 0x8000000000000014: ???
==74937==    by 0x800000000000001E: ???
==74937==    by 0x800000000000001F: ???
==74937==    by 0x8000000000000026: ???
==74937==    by 0x8000000000000028: ???
==74937==    by 0x800000000000002B: ???
==74937==    by 0x800000000000002C: ???
==74937==    by 0x800000000000002D: ???
==74937==    by 0x800000000000002F: ???
==74937==    by 0x6AE82FF: ???
==74937==    by 0x6AE836F: ???
==74937==    by 0x6AE83DF: ???
==74937==    by 0x6AE844F: ???
==74937==    by 0x8000000000000038: ???
==74937== 
==74937== 53 bytes in 1 blocks are indirectly lost in loss record 619 of 981
==74937==    at 0x484D953: calloc (in /usr/libexec/valgrind/vgpreload_memcheck-amd64-linux.so)
==74937==    by 0x723DE9: __mn_alloc (in /mnt/c/Users/Juan/Documents/GitHub/Mapanare/mapanare/self/mnc-stage1)
==74937==    by 0x7249CE: __mn_str_concat (in /mnt/c/Users/Juan/Documents/GitHub/Mapanare/mapanare/self/mnc-stage1)
==74937==    by 0x689096: emit_llvm_ir__emit_insertvalue (in /mnt/c/Users/Juan/Documents/GitHub/Mapanare/mapanare/self/mnc-stage1)
==74937==    by 0x8000000000000008: ???
==74937==    by 0x8000000000000004: ???
==74937==    by 0x8000000000000013: ???
==74937==    by 0x800000000000001C: ???
==74937==    by 0x800000000000001D: ???
==74937==    by 0x8000000000000024: ???
==74937==    by 0x8000000000000026: ???
==74937==    by 0x8000000000000029: ???
==74937==    by 0x800000000000002A: ???
==74937==    by 0x8000000000000030: ???
==74937==    by 0x8000000000000032: ???
==74937==    by 0x6ADCB7F: ???
==74937==    by 0x6ADCBEF: ???
==74937==    by 0x6ADCC5F: ???
==74937==    by 0x6ADCCCF: ???
==74937==    by 0x800000000000002F: ???
==74937== 
==74937== 53 bytes in 1 blocks are indirectly lost in loss record 620 of 981
==74937==    at 0x484D953: calloc (in /usr/libexec/valgrind/vgpreload_memcheck-amd64-linux.so)
==74937==    by 0x723DE9: __mn_alloc (in /mnt/c/Users/Juan/Documents/GitHub/Mapanare/mapanare/self/mnc-stage1)
==74937==    by 0x7249CE: __mn_str_concat (in /mnt/c/Users/Juan/Documents/GitHub/Mapanare/mapanare/self/mnc-stage1)
==74937==    by 0x689096: emit_llvm_ir__emit_insertvalue (in /mnt/c/Users/Juan/Documents/GitHub/Mapanare/mapanare/self/mnc-stage1)
==74937==    by 0x8000000000000008: ???
==74937==    by 0x8000000000000004: ???
==74937==    by 0x8000000000000013: ???
==74937==    by 0x800000000000001C: ???
==74937==    by 0x800000000000001D: ???
==74937==    by 0x8000000000000024: ???
==74937==    by 0x8000000000000026: ???
==74937==    by 0x8000000000000029: ???
==74937==    by 0x800000000000002A: ???
==74937==    by 0x8000000000000030: ???
==74937==    by 0x8000000000000032: ???
==74937==    by 0x6ADF0FF: ???
==74937==    by 0x6ADF16F: ???
==74937==    by 0x6ADF1DF: ???
==74937==    by 0x6ADF24F: ???
==74937==    by 0x800000000000002F: ???
==74937== 
==74937== 54 bytes in 1 blocks are indirectly lost in loss record 621 of 981
==74937==    at 0x484D953: calloc (in /usr/libexec/valgrind/vgpreload_memcheck-amd64-linux.so)
==74937==    by 0x723DE9: __mn_alloc (in /mnt/c/Users/Juan/Documents/GitHub/Mapanare/mapanare/self/mnc-stage1)
==74937==    by 0x7245AB: __mn_str_from_parts (in /mnt/c/Users/Juan/Documents/GitHub/Mapanare/mapanare/self/mnc-stage1)
==74937==    by 0x68D511: emit_llvm__declare_runtime_fn (in /mnt/c/Users/Juan/Documents/GitHub/Mapanare/mapanare/self/mnc-stage1)
==74937==    by 0x9: ???
==74937==    by 0x6AC36EF: ???
==74937==    by 0xF: ???
==74937== 
==74937== 56 bytes in 1 blocks are indirectly lost in loss record 622 of 981
==74937==    at 0x4846828: malloc (in /usr/libexec/valgrind/vgpreload_memcheck-amd64-linux.so)
==74937==    by 0x436937: parser__parse_generic_type (in /mnt/c/Users/Juan/Documents/GitHub/Mapanare/mapanare/self/mnc-stage1)
==74937== 
==74937== 56 bytes in 1 blocks are indirectly lost in loss record 623 of 981
==74937==    at 0x4846828: malloc (in /usr/libexec/valgrind/vgpreload_memcheck-amd64-linux.so)
==74937==    by 0x4780C8: semantic__register_def (in /mnt/c/Users/Juan/Documents/GitHub/Mapanare/mapanare/self/mnc-stage1)
==74937== 
==74937== 56 bytes in 1 blocks are indirectly lost in loss record 624 of 981
==74937==    at 0x4846828: malloc (in /usr/libexec/valgrind/vgpreload_memcheck-amd64-linux.so)
==74937==    by 0x481C65: semantic__check_fn_body (in /mnt/c/Users/Juan/Documents/GitHub/Mapanare/mapanare/self/mnc-stage1)
==74937== 
==74937== 56 bytes in 1 blocks are indirectly lost in loss record 625 of 981
==74937==    at 0x484D953: calloc (in /usr/libexec/valgrind/vgpreload_memcheck-amd64-linux.so)
==74937==    by 0x723DE9: __mn_alloc (in /mnt/c/Users/Juan/Documents/GitHub/Mapanare/mapanare/self/mnc-stage1)
==74937==    by 0x7249CE: __mn_str_concat (in /mnt/c/Users/Juan/Documents/GitHub/Mapanare/mapanare/self/mnc-stage1)
==74937==    by 0x689096: emit_llvm_ir__emit_insertvalue (in /mnt/c/Users/Juan/Documents/GitHub/Mapanare/mapanare/self/mnc-stage1)
==74937==    by 0x8000000000000008: ???
==74937==    by 0x8000000000000005: ???
==74937==    by 0x8000000000000014: ???
==74937==    by 0x800000000000001D: ???
==74937==    by 0x800000000000001E: ???
==74937==    by 0x8000000000000026: ???
==74937==    by 0x8000000000000028: ???
==74937==    by 0x800000000000002B: ???
==74937==    by 0x800000000000002C: ???
==74937==    by 0x8000000000000033: ???
==74937==    by 0x8000000000000035: ???
==74937==    by 0x6AE4D6F: ???
==74937==    by 0x6AE4DDF: ???
==74937==    by 0x6AE4E4F: ???
==74937==    by 0x6AE4EBF: ???
==74937==    by 0x8000000000000030: ???
==74937== 
==74937== 56 bytes in 1 blocks are definitely lost in loss record 626 of 981
==74937==    at 0x484D953: calloc (in /usr/libexec/valgrind/vgpreload_memcheck-amd64-linux.so)
==74937==    by 0x415B0F: compile (in /mnt/c/Users/Juan/Documents/GitHub/Mapanare/mapanare/self/mnc-stage1)
==74937== 
==74937== 56 bytes in 1 blocks are definitely lost in loss record 627 of 981
==74937==    at 0x4846828: malloc (in /usr/libexec/valgrind/vgpreload_memcheck-amd64-linux.so)
==74937==    by 0x48A513: semantic__register_builtins (in /mnt/c/Users/Juan/Documents/GitHub/Mapanare/mapanare/self/mnc-stage1)
==74937== 
==74937== 56 bytes in 1 blocks are definitely lost in loss record 628 of 981
==74937==    at 0x4846828: malloc (in /usr/libexec/valgrind/vgpreload_memcheck-amd64-linux.so)
==74937==    by 0x497D52: semantic__register_builtins (in /mnt/c/Users/Juan/Documents/GitHub/Mapanare/mapanare/self/mnc-stage1)
==74937== 
==74937== 56 bytes in 1 blocks are definitely lost in loss record 629 of 981
==74937==    at 0x4846828: malloc (in /usr/libexec/valgrind/vgpreload_memcheck-amd64-linux.so)
==74937==    by 0x4780C8: semantic__register_def (in /mnt/c/Users/Juan/Documents/GitHub/Mapanare/mapanare/self/mnc-stage1)
==74937== 
==74937== 58 bytes in 1 blocks are indirectly lost in loss record 630 of 981
==74937==    at 0x484D953: calloc (in /usr/libexec/valgrind/vgpreload_memcheck-amd64-linux.so)
==74937==    by 0x723DE9: __mn_alloc (in /mnt/c/Users/Juan/Documents/GitHub/Mapanare/mapanare/self/mnc-stage1)
==74937==    by 0x7249CE: __mn_str_concat (in /mnt/c/Users/Juan/Documents/GitHub/Mapanare/mapanare/self/mnc-stage1)
==74937==    by 0x689096: emit_llvm_ir__emit_insertvalue (in /mnt/c/Users/Juan/Documents/GitHub/Mapanare/mapanare/self/mnc-stage1)
==74937==    by 0x1101: ???
==74937==    by 0x8000000000000008: ???
==74937==    by 0x8000000000000017: ???
==74937==    by 0x8000000000000021: ???
==74937==    by 0x8000000000000022: ???
==74937==    by 0x8000000000000027: ???
==74937==    by 0x8000000000000029: ???
==74937==    by 0x800000000000002C: ???
==74937==    by 0x800000000000002D: ???
==74937==    by 0x8000000000000035: ???
==74937==    by 0x8000000000000037: ???
==74937==    by 0x6AE31BF: ???
==74937==    by 0x6AE322F: ???
==74937==    by 0x6AE329F: ???
==74937==    by 0x6AE330F: ???
==74937==    by 0x7: ???
==74937== 
==74937== 58 bytes in 1 blocks are indirectly lost in loss record 631 of 981
==74937==    at 0x484D953: calloc (in /usr/libexec/valgrind/vgpreload_memcheck-amd64-linux.so)
==74937==    by 0x723DE9: __mn_alloc (in /mnt/c/Users/Juan/Documents/GitHub/Mapanare/mapanare/self/mnc-stage1)
==74937==    by 0x7249CE: __mn_str_concat (in /mnt/c/Users/Juan/Documents/GitHub/Mapanare/mapanare/self/mnc-stage1)
==74937==    by 0x689096: emit_llvm_ir__emit_insertvalue (in /mnt/c/Users/Juan/Documents/GitHub/Mapanare/mapanare/self/mnc-stage1)
==74937==    by 0x1101: ???
==74937==    by 0x8000000000000008: ???
==74937==    by 0x8000000000000017: ???
==74937==    by 0x8000000000000021: ???
==74937==    by 0x8000000000000022: ???
==74937==    by 0x8000000000000027: ???
==74937==    by 0x8000000000000029: ???
==74937==    by 0x800000000000002C: ???
==74937==    by 0x800000000000002D: ???
==74937==    by 0x8000000000000035: ???
==74937==    by 0x8000000000000037: ???
==74937==    by 0x6AE7E3F: ???
==74937==    by 0x6AE7EAF: ???
==74937==    by 0x6AE7F1F: ???
==74937==    by 0x6AE7F8F: ???
==74937==    by 0x7: ???
==74937== 
==74937== 58 bytes in 2 blocks are indirectly lost in loss record 632 of 981
==74937==    at 0x484D953: calloc (in /usr/libexec/valgrind/vgpreload_memcheck-amd64-linux.so)
==74937==    by 0x723DE9: __mn_alloc (in /mnt/c/Users/Juan/Documents/GitHub/Mapanare/mapanare/self/mnc-stage1)
==74937==    by 0x7249CE: __mn_str_concat (in /mnt/c/Users/Juan/Documents/GitHub/Mapanare/mapanare/self/mnc-stage1)
==74937==    by 0x6DA6B6: emit_llvm__emit_wrap_some (in /mnt/c/Users/Juan/Documents/GitHub/Mapanare/mapanare/self/mnc-stage1)
==74937== 
==74937== 58 bytes in 2 blocks are indirectly lost in loss record 633 of 981
==74937==    at 0x484D953: calloc (in /usr/libexec/valgrind/vgpreload_memcheck-amd64-linux.so)
==74937==    by 0x723DE9: __mn_alloc (in /mnt/c/Users/Juan/Documents/GitHub/Mapanare/mapanare/self/mnc-stage1)
==74937==    by 0x7249CE: __mn_str_concat (in /mnt/c/Users/Juan/Documents/GitHub/Mapanare/mapanare/self/mnc-stage1)
==74937==    by 0x714056: emit_llvm__emit_mir_switch (in /mnt/c/Users/Juan/Documents/GitHub/Mapanare/mapanare/self/mnc-stage1)
==74937==    by 0x1101: ???
==74937== 
==74937== 58 bytes in 1 blocks are definitely lost in loss record 634 of 981
==74937==    at 0x484D953: calloc (in /usr/libexec/valgrind/vgpreload_memcheck-amd64-linux.so)
==74937==    by 0x723DE9: __mn_alloc (in /mnt/c/Users/Juan/Documents/GitHub/Mapanare/mapanare/self/mnc-stage1)
==74937==    by 0x7245AB: __mn_str_from_parts (in /mnt/c/Users/Juan/Documents/GitHub/Mapanare/mapanare/self/mnc-stage1)
==74937==    by 0x413A7B: dir_of_path (in /mnt/c/Users/Juan/Documents/GitHub/Mapanare/mapanare/self/mnc-stage1)
==74937== 
==74937== 60 bytes in 6 blocks are definitely lost in loss record 635 of 981
==74937==    at 0x484D953: calloc (in /usr/libexec/valgrind/vgpreload_memcheck-amd64-linux.so)
==74937==    by 0x723DE9: __mn_alloc (in /mnt/c/Users/Juan/Documents/GitHub/Mapanare/mapanare/self/mnc-stage1)
==74937==    by 0x7249CE: __mn_str_concat (in /mnt/c/Users/Juan/Documents/GitHub/Mapanare/mapanare/self/mnc-stage1)
==74937==    by 0x6870B7: emit_llvm_ir__llvm_option_type (in /mnt/c/Users/Juan/Documents/GitHub/Mapanare/mapanare/self/mnc-stage1)
==74937==    by 0x6872A2: emit_llvm_ir__resolve_mir_type (in /mnt/c/Users/Juan/Documents/GitHub/Mapanare/mapanare/self/mnc-stage1)
==74937==    by 0x8000000000000005: ???
==74937==    by 0x6A7F5BF: ???
==74937==    by 0x68D0BD: emit_llvm__resolve_type (in /mnt/c/Users/Juan/Documents/GitHub/Mapanare/mapanare/self/mnc-stage1)
==74937==    by 0x3F: ???
==74937== 
==74937== 60 bytes in 6 blocks are definitely lost in loss record 636 of 981
==74937==    at 0x484D953: calloc (in /usr/libexec/valgrind/vgpreload_memcheck-amd64-linux.so)
==74937==    by 0x723DE9: __mn_alloc (in /mnt/c/Users/Juan/Documents/GitHub/Mapanare/mapanare/self/mnc-stage1)
==74937==    by 0x7249CE: __mn_str_concat (in /mnt/c/Users/Juan/Documents/GitHub/Mapanare/mapanare/self/mnc-stage1)
==74937==    by 0x6870B7: emit_llvm_ir__llvm_option_type (in /mnt/c/Users/Juan/Documents/GitHub/Mapanare/mapanare/self/mnc-stage1)
==74937==    by 0x6872A2: emit_llvm_ir__resolve_mir_type (in /mnt/c/Users/Juan/Documents/GitHub/Mapanare/mapanare/self/mnc-stage1)
==74937==    by 0x8000000000000005: ???
==74937==    by 0x6A86DDF: ???
==74937==    by 0x68D0BD: emit_llvm__resolve_type (in /mnt/c/Users/Juan/Documents/GitHub/Mapanare/mapanare/self/mnc-stage1)
==74937==    by 0x3F: ???
==74937== 
==74937== 60 bytes in 30 blocks are definitely lost in loss record 637 of 981
==74937==    at 0x484D953: calloc (in /usr/libexec/valgrind/vgpreload_memcheck-amd64-linux.so)
==74937==    by 0x723DE9: __mn_alloc (in /mnt/c/Users/Juan/Documents/GitHub/Mapanare/mapanare/self/mnc-stage1)
==74937==    by 0x7245AB: __mn_str_from_parts (in /mnt/c/Users/Juan/Documents/GitHub/Mapanare/mapanare/self/mnc-stage1)
==74937==    by 0x41FA94: lexer__scan_ident (in /mnt/c/Users/Juan/Documents/GitHub/Mapanare/mapanare/self/mnc-stage1)
==74937==    by 0x73C56F: ??? (in /mnt/c/Users/Juan/Documents/GitHub/Mapanare/mapanare/self/mnc-stage1)
==74937== 
==74937== 61 bytes in 2 blocks are indirectly lost in loss record 638 of 981
==74937==    at 0x484D953: calloc (in /usr/libexec/valgrind/vgpreload_memcheck-amd64-linux.so)
==74937==    by 0x723DE9: __mn_alloc (in /mnt/c/Users/Juan/Documents/GitHub/Mapanare/mapanare/self/mnc-stage1)
==74937==    by 0x7249CE: __mn_str_concat (in /mnt/c/Users/Juan/Documents/GitHub/Mapanare/mapanare/self/mnc-stage1)
==74937==    by 0x6A2C1D: emit_llvm__emit_mir_by_kind (in /mnt/c/Users/Juan/Documents/GitHub/Mapanare/mapanare/self/mnc-stage1)
==74937==    by 0x7: ???
==74937==    by 0x3F: ???
==74937== 
==74937== 62 bytes in 2 blocks are indirectly lost in loss record 639 of 981
==74937==    at 0x484D953: calloc (in /usr/libexec/valgrind/vgpreload_memcheck-amd64-linux.so)
==74937==    by 0x723DE9: __mn_alloc (in /mnt/c/Users/Juan/Documents/GitHub/Mapanare/mapanare/self/mnc-stage1)
==74937==    by 0x7249CE: __mn_str_concat (in /mnt/c/Users/Juan/Documents/GitHub/Mapanare/mapanare/self/mnc-stage1)
==74937==    by 0x6D6BA0: emit_llvm__emit_enum_payload (in /mnt/c/Users/Juan/Documents/GitHub/Mapanare/mapanare/self/mnc-stage1)
==74937== 
==74937== 64 bytes in 1 blocks are indirectly lost in loss record 640 of 981
==74937==    at 0x4846828: malloc (in /usr/libexec/valgrind/vgpreload_memcheck-amd64-linux.so)
==74937==    by 0x42F454: parser__parse_let_stmt (in /mnt/c/Users/Juan/Documents/GitHub/Mapanare/mapanare/self/mnc-stage1)
==74937== 
==74937== 64 bytes in 1 blocks are indirectly lost in loss record 641 of 981
==74937==    at 0x4846828: malloc (in /usr/libexec/valgrind/vgpreload_memcheck-amd64-linux.so)
==74937==    by 0x42F454: parser__parse_let_stmt (in /mnt/c/Users/Juan/Documents/GitHub/Mapanare/mapanare/self/mnc-stage1)
==74937==    by 0x6A82DBF: ???
==74937==    by 0x6A8F22F: ???
==74937==    by 0x6A82DBF: ???
==74937==    by 0x6A82DBF: ???
==74937==    by 0x71: ???
==74937==    by 0x7F: ???
==74937==    by 0x3F: ???
==74937== 
==74937== 64 bytes in 4 blocks are indirectly lost in loss record 642 of 981
==74937==    at 0x4846828: malloc (in /usr/libexec/valgrind/vgpreload_memcheck-amd64-linux.so)
==74937==    by 0x436607: parser__parse_type_expr (in /mnt/c/Users/Juan/Documents/GitHub/Mapanare/mapanare/self/mnc-stage1)
==74937==    by 0x71: ???
==74937==    by 0x6A82DBF: ???
==74937==    by 0x71: ???
==74937==    by 0x7F: ???
==74937==    by 0x3F: ???
==74937== 
==74937== 64 bytes in 4 blocks are indirectly lost in loss record 643 of 981
==74937==    at 0x4846828: malloc (in /usr/libexec/valgrind/vgpreload_memcheck-amd64-linux.so)
==74937==    by 0x65F7C9: lower__lower_match (in /mnt/c/Users/Juan/Documents/GitHub/Mapanare/mapanare/self/mnc-stage1)
==74937== 
==74937== 64 bytes in 4 blocks are definitely lost in loss record 644 of 981
==74937==    at 0x4846828: malloc (in /usr/libexec/valgrind/vgpreload_memcheck-amd64-linux.so)
==74937==    by 0x728B99: __mn_range (in /mnt/c/Users/Juan/Documents/GitHub/Mapanare/mapanare/self/mnc-stage1)
==74937==    by 0x43A054: semantic__resolve_type_expr (in /mnt/c/Users/Juan/Documents/GitHub/Mapanare/mapanare/self/mnc-stage1)
==74937== 
==74937== 64 bytes in 4 blocks are definitely lost in loss record 645 of 981
==74937==    at 0x4846828: malloc (in /usr/libexec/valgrind/vgpreload_memcheck-amd64-linux.so)
==74937==    by 0x728B99: __mn_range (in /mnt/c/Users/Juan/Documents/GitHub/Mapanare/mapanare/self/mnc-stage1)
==74937==    by 0x46DF98: semantic__check_block (in /mnt/c/Users/Juan/Documents/GitHub/Mapanare/mapanare/self/mnc-stage1)
==74937== 
==74937== 64 bytes in 4 blocks are definitely lost in loss record 646 of 981
==74937==    at 0x4846828: malloc (in /usr/libexec/valgrind/vgpreload_memcheck-amd64-linux.so)
==74937==    by 0x728B99: __mn_range (in /mnt/c/Users/Juan/Documents/GitHub/Mapanare/mapanare/self/mnc-stage1)
==74937==    by 0x4DE613: lower__lower_block_stmts (in /mnt/c/Users/Juan/Documents/GitHub/Mapanare/mapanare/self/mnc-stage1)
==74937==    by 0xCF: ???
==74937== 
==74937== 64 bytes in 4 blocks are definitely lost in loss record 647 of 981
==74937==    at 0x4846828: malloc (in /usr/libexec/valgrind/vgpreload_memcheck-amd64-linux.so)
==74937==    by 0x728B99: __mn_range (in /mnt/c/Users/Juan/Documents/GitHub/Mapanare/mapanare/self/mnc-stage1)
==74937==    by 0x6BFBE1: emit_llvm__is_name_in_byref (in /mnt/c/Users/Juan/Documents/GitHub/Mapanare/mapanare/self/mnc-stage1)
==74937== 
==74937== 66 bytes in 2 blocks are indirectly lost in loss record 648 of 981
==74937==    at 0x484D953: calloc (in /usr/libexec/valgrind/vgpreload_memcheck-amd64-linux.so)
==74937==    by 0x723DE9: __mn_alloc (in /mnt/c/Users/Juan/Documents/GitHub/Mapanare/mapanare/self/mnc-stage1)
==74937==    by 0x7245AB: __mn_str_from_parts (in /mnt/c/Users/Juan/Documents/GitHub/Mapanare/mapanare/self/mnc-stage1)
==74937==    by 0x68D511: emit_llvm__declare_runtime_fn (in /mnt/c/Users/Juan/Documents/GitHub/Mapanare/mapanare/self/mnc-stage1)
==74937==    by 0x3: ???
==74937==    by 0x6AC86FF: ???
==74937==    by 0xF: ???
==74937== 
==74937== 68 bytes in 1 blocks are indirectly lost in loss record 649 of 981
==74937==    at 0x484D953: calloc (in /usr/libexec/valgrind/vgpreload_memcheck-amd64-linux.so)
==74937==    by 0x723DE9: __mn_alloc (in /mnt/c/Users/Juan/Documents/GitHub/Mapanare/mapanare/self/mnc-stage1)
==74937==    by 0x7249CE: __mn_str_concat (in /mnt/c/Users/Juan/Documents/GitHub/Mapanare/mapanare/self/mnc-stage1)
==74937==    by 0x6DA48C: emit_llvm__emit_wrap_some (in /mnt/c/Users/Juan/Documents/GitHub/Mapanare/mapanare/self/mnc-stage1)
==74937==    by 0x1F: ???
==74937== 
==74937== 70 bytes in 1 blocks are indirectly lost in loss record 650 of 981
==74937==    at 0x484D953: calloc (in /usr/libexec/valgrind/vgpreload_memcheck-amd64-linux.so)
==74937==    by 0x723DE9: __mn_alloc (in /mnt/c/Users/Juan/Documents/GitHub/Mapanare/mapanare/self/mnc-stage1)
==74937==    by 0x7244D2: __mn_str_from_cstr (in /mnt/c/Users/Juan/Documents/GitHub/Mapanare/mapanare/self/mnc-stage1)
==74937==    by 0x418B0A: mn_main (in /mnt/c/Users/Juan/Documents/GitHub/Mapanare/mapanare/self/mnc-stage1)
==74937==    by 0x4989A63: clone (clone.S:100)
==74937== 
==74937== 72 bytes in 2 blocks are indirectly lost in loss record 651 of 981
==74937==    at 0x484D953: calloc (in /usr/libexec/valgrind/vgpreload_memcheck-amd64-linux.so)
==74937==    by 0x723DE9: __mn_alloc (in /mnt/c/Users/Juan/Documents/GitHub/Mapanare/mapanare/self/mnc-stage1)
==74937==    by 0x7249CE: __mn_str_concat (in /mnt/c/Users/Juan/Documents/GitHub/Mapanare/mapanare/self/mnc-stage1)
==74937==    by 0x6D5482: emit_llvm__emit_enum_tag (in /mnt/c/Users/Juan/Documents/GitHub/Mapanare/mapanare/self/mnc-stage1)
==74937==    by 0x7: ???
==74937==    by 0x3F: ???
==74937== 
==74937== 74 bytes in 1 blocks are indirectly lost in loss record 652 of 981
==74937==    at 0x484D953: calloc (in /usr/libexec/valgrind/vgpreload_memcheck-amd64-linux.so)
==74937==    by 0x723DE9: __mn_alloc (in /mnt/c/Users/Juan/Documents/GitHub/Mapanare/mapanare/self/mnc-stage1)
==74937==    by 0x7249CE: __mn_str_concat (in /mnt/c/Users/Juan/Documents/GitHub/Mapanare/mapanare/self/mnc-stage1)
==74937==    by 0x68D511: emit_llvm__declare_runtime_fn (in /mnt/c/Users/Juan/Documents/GitHub/Mapanare/mapanare/self/mnc-stage1)
==74937==    by 0x18: ???
==74937==    by 0x6AC4D8F: ???
==74937==    by 0xF: ???
==74937== 
==74937== 74 bytes in 2 blocks are indirectly lost in loss record 653 of 981
==74937==    at 0x484D953: calloc (in /usr/libexec/valgrind/vgpreload_memcheck-amd64-linux.so)
==74937==    by 0x723DE9: __mn_alloc (in /mnt/c/Users/Juan/Documents/GitHub/Mapanare/mapanare/self/mnc-stage1)
==74937==    by 0x7249CE: __mn_str_concat (in /mnt/c/Users/Juan/Documents/GitHub/Mapanare/mapanare/self/mnc-stage1)
==74937==    by 0x6CF7C4: emit_llvm__emit_store (in /mnt/c/Users/Juan/Documents/GitHub/Mapanare/mapanare/self/mnc-stage1)
==74937==    by 0x7: ???
==74937==    by 0x3F: ???
==74937== 
==74937== 75 bytes in 1 blocks are indirectly lost in loss record 654 of 981
==74937==    at 0x484D953: calloc (in /usr/libexec/valgrind/vgpreload_memcheck-amd64-linux.so)
==74937==    by 0x723DE9: __mn_alloc (in /mnt/c/Users/Juan/Documents/GitHub/Mapanare/mapanare/self/mnc-stage1)
==74937==    by 0x7249CE: __mn_str_concat (in /mnt/c/Users/Juan/Documents/GitHub/Mapanare/mapanare/self/mnc-stage1)
==74937==    by 0x68D511: emit_llvm__declare_runtime_fn (in /mnt/c/Users/Juan/Documents/GitHub/Mapanare/mapanare/self/mnc-stage1)
==74937==    by 0x5: ???
==74937==    by 0x6AC4D8F: ???
==74937==    by 0xF: ???
==74937== 
==74937== 76 bytes in 6 blocks are indirectly lost in loss record 655 of 981
==74937==    at 0x484D953: calloc (in /usr/libexec/valgrind/vgpreload_memcheck-amd64-linux.so)
==74937==    by 0x723DE9: __mn_alloc (in /mnt/c/Users/Juan/Documents/GitHub/Mapanare/mapanare/self/mnc-stage1)
==74937==    by 0x7249CE: __mn_str_concat (in /mnt/c/Users/Juan/Documents/GitHub/Mapanare/mapanare/self/mnc-stage1)
==74937==    by 0x71A8A3: emit_llvm__emit_mir_basic_block (in /mnt/c/Users/Juan/Documents/GitHub/Mapanare/mapanare/self/mnc-stage1)
==74937==    by 0x3: ???
==74937==    by 0x6ADA2BF: ???
==74937== 
==74937== 78 bytes in 1 blocks are indirectly lost in loss record 656 of 981
==74937==    at 0x484D953: calloc (in /usr/libexec/valgrind/vgpreload_memcheck-amd64-linux.so)
==74937==    by 0x723DE9: __mn_alloc (in /mnt/c/Users/Juan/Documents/GitHub/Mapanare/mapanare/self/mnc-stage1)
==74937==    by 0x7249CE: __mn_str_concat (in /mnt/c/Users/Juan/Documents/GitHub/Mapanare/mapanare/self/mnc-stage1)
==74937==    by 0x68D511: emit_llvm__declare_runtime_fn (in /mnt/c/Users/Juan/Documents/GitHub/Mapanare/mapanare/self/mnc-stage1)
==74937==    by 0x1: ???
==74937==    by 0x6ACF67F: ???
==74937==    by 0xF: ???
==74937== 
==74937== 80 bytes in 1 blocks are indirectly lost in loss record 657 of 981
==74937==    at 0x484D953: calloc (in /usr/libexec/valgrind/vgpreload_memcheck-amd64-linux.so)
==74937==    by 0x723DE9: __mn_alloc (in /mnt/c/Users/Juan/Documents/GitHub/Mapanare/mapanare/self/mnc-stage1)
==74937==    by 0x7249CE: __mn_str_concat (in /mnt/c/Users/Juan/Documents/GitHub/Mapanare/mapanare/self/mnc-stage1)
==74937==    by 0x68D511: emit_llvm__declare_runtime_fn (in /mnt/c/Users/Juan/Documents/GitHub/Mapanare/mapanare/self/mnc-stage1)
==74937==    by 0x9: ???
==74937== 
==74937== 80 bytes in 1 blocks are definitely lost in loss record 658 of 981
==74937==    at 0x484D953: calloc (in /usr/libexec/valgrind/vgpreload_memcheck-amd64-linux.so)
==74937==    by 0x723DE9: __mn_alloc (in /mnt/c/Users/Juan/Documents/GitHub/Mapanare/mapanare/self/mnc-stage1)
==74937==    by 0x725AFA: __mn_list_push (in /mnt/c/Users/Juan/Documents/GitHub/Mapanare/mapanare/self/mnc-stage1)
==74937==    by 0x650823: lower__build_match_arms (in /mnt/c/Users/Juan/Documents/GitHub/Mapanare/mapanare/self/mnc-stage1)
==74937==    by 0xFFFFFFFFFFFFFF: ???
==74937==    by 0x800000000000000B: ???
==74937==    by 0x8000000000000009: ???
==74937==    by 0x6AADF1F: ???
==74937==    by 0x6AADFBF: ???
==74937== 
==74937== 80 bytes in 1 blocks are definitely lost in loss record 659 of 981
==74937==    at 0x484D953: calloc (in /usr/libexec/valgrind/vgpreload_memcheck-amd64-linux.so)
==74937==    by 0x723DE9: __mn_alloc (in /mnt/c/Users/Juan/Documents/GitHub/Mapanare/mapanare/self/mnc-stage1)
==74937==    by 0x725AFA: __mn_list_push (in /mnt/c/Users/Juan/Documents/GitHub/Mapanare/mapanare/self/mnc-stage1)
==74937==    by 0x650823: lower__build_match_arms (in /mnt/c/Users/Juan/Documents/GitHub/Mapanare/mapanare/self/mnc-stage1)
==74937==    by 0xFFFFFFFFFFFFFF: ???
==74937==    by 0x800000000000000B: ???
==74937==    by 0x8000000000000009: ???
==74937==    by 0x6AB240F: ???
==74937==    by 0x6AB24AF: ???
==74937== 
==74937== 80 bytes in 5 blocks are definitely lost in loss record 660 of 981
==74937==    at 0x4846828: malloc (in /usr/libexec/valgrind/vgpreload_memcheck-amd64-linux.so)
==74937==    by 0x728B99: __mn_range (in /mnt/c/Users/Juan/Documents/GitHub/Mapanare/mapanare/self/mnc-stage1)
==74937==    by 0x42308E: parser__skip_semis (in /mnt/c/Users/Juan/Documents/GitHub/Mapanare/mapanare/self/mnc-stage1)
==74937== 
==74937== 81 bytes in 2 blocks are indirectly lost in loss record 661 of 981
==74937==    at 0x484D953: calloc (in /usr/libexec/valgrind/vgpreload_memcheck-amd64-linux.so)
==74937==    by 0x723DE9: __mn_alloc (in /mnt/c/Users/Juan/Documents/GitHub/Mapanare/mapanare/self/mnc-stage1)
==74937==    by 0x7249CE: __mn_str_concat (in /mnt/c/Users/Juan/Documents/GitHub/Mapanare/mapanare/self/mnc-stage1)
==74937==    by 0x713F54: emit_llvm__emit_mir_switch (in /mnt/c/Users/Juan/Documents/GitHub/Mapanare/mapanare/self/mnc-stage1)
==74937==    by 0x1101: ???
==74937== 
==74937== 82 bytes in 2 blocks are indirectly lost in loss record 662 of 981
==74937==    at 0x484D953: calloc (in /usr/libexec/valgrind/vgpreload_memcheck-amd64-linux.so)
==74937==    by 0x723DE9: __mn_alloc (in /mnt/c/Users/Juan/Documents/GitHub/Mapanare/mapanare/self/mnc-stage1)
==74937==    by 0x7249CE: __mn_str_concat (in /mnt/c/Users/Juan/Documents/GitHub/Mapanare/mapanare/self/mnc-stage1)
==74937==    by 0x6DA5B2: emit_llvm__emit_wrap_some (in /mnt/c/Users/Juan/Documents/GitHub/Mapanare/mapanare/self/mnc-stage1)
==74937== 
==74937== 84 bytes in 2 blocks are indirectly lost in loss record 663 of 981
==74937==    at 0x484D953: calloc (in /usr/libexec/valgrind/vgpreload_memcheck-amd64-linux.so)
==74937==    by 0x723DE9: __mn_alloc (in /mnt/c/Users/Juan/Documents/GitHub/Mapanare/mapanare/self/mnc-stage1)
==74937==    by 0x7249CE: __mn_str_concat (in /mnt/c/Users/Juan/Documents/GitHub/Mapanare/mapanare/self/mnc-stage1)
==74937==    by 0x6CE754: emit_llvm__emit_load (in /mnt/c/Users/Juan/Documents/GitHub/Mapanare/mapanare/self/mnc-stage1)
==74937==    by 0x7: ???
==74937==    by 0x3F: ???
==74937== 
==74937== 85 bytes in 8 blocks are indirectly lost in loss record 664 of 981
==74937==    at 0x484D953: calloc (in /usr/libexec/valgrind/vgpreload_memcheck-amd64-linux.so)
==74937==    by 0x723DE9: __mn_alloc (in /mnt/c/Users/Juan/Documents/GitHub/Mapanare/mapanare/self/mnc-stage1)
==74937==    by 0x7249CE: __mn_str_concat (in /mnt/c/Users/Juan/Documents/GitHub/Mapanare/mapanare/self/mnc-stage1)
==74937==    by 0x49AB59: lower_state__fresh_block_label (in /mnt/c/Users/Juan/Documents/GitHub/Mapanare/mapanare/self/mnc-stage1)
==74937== 
==74937== 86 bytes in 43 blocks are definitely lost in loss record 665 of 981
==74937==    at 0x484D953: calloc (in /usr/libexec/valgrind/vgpreload_memcheck-amd64-linux.so)
==74937==    by 0x723DE9: __mn_alloc (in /mnt/c/Users/Juan/Documents/GitHub/Mapanare/mapanare/self/mnc-stage1)
==74937==    by 0x7245AB: __mn_str_from_parts (in /mnt/c/Users/Juan/Documents/GitHub/Mapanare/mapanare/self/mnc-stage1)
==74937==    by 0x41FA6B: lexer__scan_ident (in /mnt/c/Users/Juan/Documents/GitHub/Mapanare/mapanare/self/mnc-stage1)
==74937==    by 0x73C56F: ??? (in /mnt/c/Users/Juan/Documents/GitHub/Mapanare/mapanare/self/mnc-stage1)
==74937== 
==74937== 88 bytes in 1 blocks are indirectly lost in loss record 666 of 981
==74937==    at 0x484D953: calloc (in /usr/libexec/valgrind/vgpreload_memcheck-amd64-linux.so)
==74937==    by 0x4D4E42: lower__lower_fn (in /mnt/c/Users/Juan/Documents/GitHub/Mapanare/mapanare/self/mnc-stage1)
==74937== 
==74937== 90 bytes in 3 blocks are indirectly lost in loss record 667 of 981
==74937==    at 0x484D953: calloc (in /usr/libexec/valgrind/vgpreload_memcheck-amd64-linux.so)
==74937==    by 0x723DE9: __mn_alloc (in /mnt/c/Users/Juan/Documents/GitHub/Mapanare/mapanare/self/mnc-stage1)
==74937==    by 0x7249CE: __mn_str_concat (in /mnt/c/Users/Juan/Documents/GitHub/Mapanare/mapanare/self/mnc-stage1)
==74937==    by 0x6CF7C4: emit_llvm__emit_store (in /mnt/c/Users/Juan/Documents/GitHub/Mapanare/mapanare/self/mnc-stage1)
==74937== 
==74937== 91 bytes in 2 blocks are indirectly lost in loss record 668 of 981
==74937==    at 0x484D953: calloc (in /usr/libexec/valgrind/vgpreload_memcheck-amd64-linux.so)
==74937==    by 0x723DE9: __mn_alloc (in /mnt/c/Users/Juan/Documents/GitHub/Mapanare/mapanare/self/mnc-stage1)
==74937==    by 0x7245AB: __mn_str_from_parts (in /mnt/c/Users/Juan/Documents/GitHub/Mapanare/mapanare/self/mnc-stage1)
==74937==    by 0x68D511: emit_llvm__declare_runtime_fn (in /mnt/c/Users/Juan/Documents/GitHub/Mapanare/mapanare/self/mnc-stage1)
==74937==    by 0x9: ???
==74937==    by 0x6AC86FF: ???
==74937==    by 0xF: ???
==74937== 
==74937== 94 bytes in 2 blocks are indirectly lost in loss record 669 of 981
==74937==    at 0x484D953: calloc (in /usr/libexec/valgrind/vgpreload_memcheck-amd64-linux.so)
==74937==    by 0x723DE9: __mn_alloc (in /mnt/c/Users/Juan/Documents/GitHub/Mapanare/mapanare/self/mnc-stage1)
==74937==    by 0x7249CE: __mn_str_concat (in /mnt/c/Users/Juan/Documents/GitHub/Mapanare/mapanare/self/mnc-stage1)
==74937==    by 0x6D67D1: emit_llvm__emit_enum_payload (in /mnt/c/Users/Juan/Documents/GitHub/Mapanare/mapanare/self/mnc-stage1)
==74937==    by 0x7: ???
==74937==    by 0x3F: ???
==74937== 
==74937== 96 bytes in 6 blocks are definitely lost in loss record 670 of 981
==74937==    at 0x4846828: malloc (in /usr/libexec/valgrind/vgpreload_memcheck-amd64-linux.so)
==74937==    by 0x728B99: __mn_range (in /mnt/c/Users/Juan/Documents/GitHub/Mapanare/mapanare/self/mnc-stage1)
==74937==    by 0x4A008F: lower_state__lookup_var (in /mnt/c/Users/Juan/Documents/GitHub/Mapanare/mapanare/self/mnc-stage1)
==74937== 
==74937== 96 bytes in 6 blocks are definitely lost in loss record 671 of 981
==74937==    at 0x4846828: malloc (in /usr/libexec/valgrind/vgpreload_memcheck-amd64-linux.so)
==74937==    by 0x728B99: __mn_range (in /mnt/c/Users/Juan/Documents/GitHub/Mapanare/mapanare/self/mnc-stage1)
==74937==    by 0x69C37B: emit_llvm__is_enum_type (in /mnt/c/Users/Juan/Documents/GitHub/Mapanare/mapanare/self/mnc-stage1)
==74937==    by 0x1102: ???
==74937==    by 0x5800566F: ??? (in /usr/libexec/valgrind/memcheck-amd64-linux)
==74937==    by 0x6A7F5BF: ???
==74937==    by 0x8000000000000005: ???
==74937== 
==74937== 96 bytes in 6 blocks are definitely lost in loss record 672 of 981
==74937==    at 0x4846828: malloc (in /usr/libexec/valgrind/vgpreload_memcheck-amd64-linux.so)
==74937==    by 0x728B99: __mn_range (in /mnt/c/Users/Juan/Documents/GitHub/Mapanare/mapanare/self/mnc-stage1)
==74937==    by 0x71A93E: emit_llvm__emit_mir_basic_block (in /mnt/c/Users/Juan/Documents/GitHub/Mapanare/mapanare/self/mnc-stage1)
==74937==    by 0x3: ???
==74937==    by 0x6ADA2BF: ???
==74937== 
==74937== 96 bytes in 6 blocks are definitely lost in loss record 673 of 981
==74937==    at 0x4846828: malloc (in /usr/libexec/valgrind/vgpreload_memcheck-amd64-linux.so)
==74937==    by 0x728B99: __mn_range (in /mnt/c/Users/Juan/Documents/GitHub/Mapanare/mapanare/self/mnc-stage1)
==74937==    by 0x69C37B: emit_llvm__is_enum_type (in /mnt/c/Users/Juan/Documents/GitHub/Mapanare/mapanare/self/mnc-stage1)
==74937==    by 0x1102: ???
==74937==    by 0x5800566F: ??? (in /usr/libexec/valgrind/memcheck-amd64-linux)
==74937==    by 0x6A86DDF: ???
==74937==    by 0x8000000000000005: ???
==74937== 
==74937== 98 bytes in 2 blocks are indirectly lost in loss record 674 of 981
==74937==    at 0x484D953: calloc (in /usr/libexec/valgrind/vgpreload_memcheck-amd64-linux.so)
==74937==    by 0x723DE9: __mn_alloc (in /mnt/c/Users/Juan/Documents/GitHub/Mapanare/mapanare/self/mnc-stage1)
==74937==    by 0x7249CE: __mn_str_concat (in /mnt/c/Users/Juan/Documents/GitHub/Mapanare/mapanare/self/mnc-stage1)
==74937==    by 0x6D5371: emit_llvm__emit_enum_tag (in /mnt/c/Users/Juan/Documents/GitHub/Mapanare/mapanare/self/mnc-stage1)
==74937==    by 0x7: ???
==74937==    by 0x3F: ???
==74937== 
==74937== 103 bytes in 2 blocks are indirectly lost in loss record 675 of 981
==74937==    at 0x484D953: calloc (in /usr/libexec/valgrind/vgpreload_memcheck-amd64-linux.so)
==74937==    by 0x723DE9: __mn_alloc (in /mnt/c/Users/Juan/Documents/GitHub/Mapanare/mapanare/self/mnc-stage1)
==74937==    by 0x7249CE: __mn_str_concat (in /mnt/c/Users/Juan/Documents/GitHub/Mapanare/mapanare/self/mnc-stage1)
==74937==    by 0x71C78C: emit_llvm__emit_mir_function (in /mnt/c/Users/Juan/Documents/GitHub/Mapanare/mapanare/self/mnc-stage1)
==74937==    by 0x3F: ???
==74937== 
==74937== 104 bytes in 1 blocks are indirectly lost in loss record 676 of 981
==74937==    at 0x4846828: malloc (in /usr/libexec/valgrind/vgpreload_memcheck-amd64-linux.so)
==74937==    by 0x4337A1: parser__parse_if_expr (in /mnt/c/Users/Juan/Documents/GitHub/Mapanare/mapanare/self/mnc-stage1)
==74937== 
==74937== 104 bytes in 2 blocks are indirectly lost in loss record 677 of 981
==74937==    at 0x484D953: calloc (in /usr/libexec/valgrind/vgpreload_memcheck-amd64-linux.so)
==74937==    by 0x723DE9: __mn_alloc (in /mnt/c/Users/Juan/Documents/GitHub/Mapanare/mapanare/self/mnc-stage1)
==74937==    by 0x7249CE: __mn_str_concat (in /mnt/c/Users/Juan/Documents/GitHub/Mapanare/mapanare/self/mnc-stage1)
==74937==    by 0x6AB6E0: emit_llvm__emit_const (in /mnt/c/Users/Juan/Documents/GitHub/Mapanare/mapanare/self/mnc-stage1)
==74937==    by 0x2: ???
==74937== 
==74937== 112 bytes in 1 blocks are indirectly lost in loss record 678 of 981
==74937==    at 0x4846828: malloc (in /usr/libexec/valgrind/vgpreload_memcheck-amd64-linux.so)
==74937==    by 0x6405D6: lower__lower_if (in /mnt/c/Users/Juan/Documents/GitHub/Mapanare/mapanare/self/mnc-stage1)
==74937== 
==74937== 112 bytes in 2 blocks are indirectly lost in loss record 679 of 981
==74937==    at 0x4846828: malloc (in /usr/libexec/valgrind/vgpreload_memcheck-amd64-linux.so)
==74937==    by 0x436937: parser__parse_generic_type (in /mnt/c/Users/Juan/Documents/GitHub/Mapanare/mapanare/self/mnc-stage1)
==74937==    by 0x7F: ???
==74937== 
==74937== 112 bytes in 2 blocks are indirectly lost in loss record 680 of 981
==74937==    at 0x4846828: malloc (in /usr/libexec/valgrind/vgpreload_memcheck-amd64-linux.so)
==74937==    by 0x434AD3: parser__parse_pattern_alt (in /mnt/c/Users/Juan/Documents/GitHub/Mapanare/mapanare/self/mnc-stage1)
==74937== 
==74937== 112 bytes in 2 blocks are indirectly lost in loss record 681 of 981
==74937==    at 0x4846828: malloc (in /usr/libexec/valgrind/vgpreload_memcheck-amd64-linux.so)
==74937==    by 0x473787: semantic__check_let_stmt (in /mnt/c/Users/Juan/Documents/GitHub/Mapanare/mapanare/self/mnc-stage1)
==74937== 
==74937== 112 bytes in 7 blocks are indirectly lost in loss record 682 of 981
==74937==    at 0x4846828: malloc (in /usr/libexec/valgrind/vgpreload_memcheck-amd64-linux.so)
==74937==    by 0x42F15E: parser__parse_stmt (in /mnt/c/Users/Juan/Documents/GitHub/Mapanare/mapanare/self/mnc-stage1)
==74937==    by 0x3F: ???
==74937== 
==74937== 112 bytes in 2 blocks are definitely lost in loss record 683 of 981
==74937==    at 0x4846828: malloc (in /usr/libexec/valgrind/vgpreload_memcheck-amd64-linux.so)
==74937==    by 0x46483C: semantic__bind_pattern (in /mnt/c/Users/Juan/Documents/GitHub/Mapanare/mapanare/self/mnc-stage1)
==74937== 
==74937== 114 bytes in 2 blocks are indirectly lost in loss record 684 of 981
==74937==    at 0x484D953: calloc (in /usr/libexec/valgrind/vgpreload_memcheck-amd64-linux.so)
==74937==    by 0x723DE9: __mn_alloc (in /mnt/c/Users/Juan/Documents/GitHub/Mapanare/mapanare/self/mnc-stage1)
==74937==    by 0x7249CE: __mn_str_concat (in /mnt/c/Users/Juan/Documents/GitHub/Mapanare/mapanare/self/mnc-stage1)
==74937==    by 0x688CB5: emit_llvm_ir__emit_call_ir (in /mnt/c/Users/Juan/Documents/GitHub/Mapanare/mapanare/self/mnc-stage1)
==74937== 
==74937== 122 bytes in 5 blocks are indirectly lost in loss record 685 of 981
==74937==    at 0x484D953: calloc (in /usr/libexec/valgrind/vgpreload_memcheck-amd64-linux.so)
==74937==    by 0x723DE9: __mn_alloc (in /mnt/c/Users/Juan/Documents/GitHub/Mapanare/mapanare/self/mnc-stage1)
==74937==    by 0x7249CE: __mn_str_concat (in /mnt/c/Users/Juan/Documents/GitHub/Mapanare/mapanare/self/mnc-stage1)
==74937==    by 0x6A6541: emit_llvm__emit_mir_by_kind (in /mnt/c/Users/Juan/Documents/GitHub/Mapanare/mapanare/self/mnc-stage1)
==74937== 
==74937== 128 bytes in 8 blocks are indirectly lost in loss record 686 of 981
==74937==    at 0x4846828: malloc (in /usr/libexec/valgrind/vgpreload_memcheck-amd64-linux.so)
==74937==    by 0x433542: parser__parse_atom (in /mnt/c/Users/Juan/Documents/GitHub/Mapanare/mapanare/self/mnc-stage1)
==74937== 
==74937== 128 bytes in 8 blocks are definitely lost in loss record 687 of 981
==74937==    at 0x4846828: malloc (in /usr/libexec/valgrind/vgpreload_memcheck-amd64-linux.so)
==74937==    by 0x728B99: __mn_range (in /mnt/c/Users/Juan/Documents/GitHub/Mapanare/mapanare/self/mnc-stage1)
==74937==    by 0x69C37B: emit_llvm__is_enum_type (in /mnt/c/Users/Juan/Documents/GitHub/Mapanare/mapanare/self/mnc-stage1)
==74937== 
==74937== 130 bytes in 65 blocks are definitely lost in loss record 688 of 981
==74937==    at 0x484D953: calloc (in /usr/libexec/valgrind/vgpreload_memcheck-amd64-linux.so)
==74937==    by 0x723DE9: __mn_alloc (in /mnt/c/Users/Juan/Documents/GitHub/Mapanare/mapanare/self/mnc-stage1)
==74937==    by 0x7245AB: __mn_str_from_parts (in /mnt/c/Users/Juan/Documents/GitHub/Mapanare/mapanare/self/mnc-stage1)
==74937==    by 0x420FFD: lexer__scan_op (in /mnt/c/Users/Juan/Documents/GitHub/Mapanare/mapanare/self/mnc-stage1)
==74937==    by 0x1102: ???
==74937==    by 0x6A73417: ???
==74937== 
==74937== 136 bytes in 1 blocks are indirectly lost in loss record 689 of 981
==74937==    at 0x4846828: malloc (in /usr/libexec/valgrind/vgpreload_memcheck-amd64-linux.so)
==74937==    by 0x5CE1E5: lower__lower_call_by_name (in /mnt/c/Users/Juan/Documents/GitHub/Mapanare/mapanare/self/mnc-stage1)
==74937==    by 0x8000000000000005: ???
==74937== 
==74937== 137 bytes in 2 blocks are indirectly lost in loss record 690 of 981
==74937==    at 0x484D953: calloc (in /usr/libexec/valgrind/vgpreload_memcheck-amd64-linux.so)
==74937==    by 0x723DE9: __mn_alloc (in /mnt/c/Users/Juan/Documents/GitHub/Mapanare/mapanare/self/mnc-stage1)
==74937==    by 0x7249CE: __mn_str_concat (in /mnt/c/Users/Juan/Documents/GitHub/Mapanare/mapanare/self/mnc-stage1)
==74937==    by 0x6DA48C: emit_llvm__emit_wrap_some (in /mnt/c/Users/Juan/Documents/GitHub/Mapanare/mapanare/self/mnc-stage1)
==74937== 
==74937== 142 bytes in 2 blocks are indirectly lost in loss record 691 of 981
==74937==    at 0x484D953: calloc (in /usr/libexec/valgrind/vgpreload_memcheck-amd64-linux.so)
==74937==    by 0x723DE9: __mn_alloc (in /mnt/c/Users/Juan/Documents/GitHub/Mapanare/mapanare/self/mnc-stage1)
==74937==    by 0x7249CE: __mn_str_concat (in /mnt/c/Users/Juan/Documents/GitHub/Mapanare/mapanare/self/mnc-stage1)
==74937==    by 0x6AB89F: emit_llvm__emit_const (in /mnt/c/Users/Juan/Documents/GitHub/Mapanare/mapanare/self/mnc-stage1)
==74937==    by 0x2: ???
==74937== 
==74937== 144 bytes in 1 blocks are indirectly lost in loss record 692 of 981
==74937==    at 0x484D953: calloc (in /usr/libexec/valgrind/vgpreload_memcheck-amd64-linux.so)
==74937==    by 0x723DE9: __mn_alloc (in /mnt/c/Users/Juan/Documents/GitHub/Mapanare/mapanare/self/mnc-stage1)
==74937==    by 0x725AFA: __mn_list_push (in /mnt/c/Users/Juan/Documents/GitHub/Mapanare/mapanare/self/mnc-stage1)
==74937==    by 0x436796: parser__parse_generic_type (in /mnt/c/Users/Juan/Documents/GitHub/Mapanare/mapanare/self/mnc-stage1)
==74937== 
==74937== 144 bytes in 1 blocks are indirectly lost in loss record 693 of 981
==74937==    at 0x484D953: calloc (in /usr/libexec/valgrind/vgpreload_memcheck-amd64-linux.so)
==74937==    by 0x723DE9: __mn_alloc (in /mnt/c/Users/Juan/Documents/GitHub/Mapanare/mapanare/self/mnc-stage1)
==74937==    by 0x725AFA: __mn_list_push (in /mnt/c/Users/Juan/Documents/GitHub/Mapanare/mapanare/self/mnc-stage1)
==74937==    by 0x42ED12: parser__parse_block (in /mnt/c/Users/Juan/Documents/GitHub/Mapanare/mapanare/self/mnc-stage1)
==74937==    by 0x6A8BEAF: ???
==74937==    by 0x16: ???
==74937== 
==74937== 144 bytes in 1 blocks are indirectly lost in loss record 694 of 981
==74937==    at 0x484D953: calloc (in /usr/libexec/valgrind/vgpreload_memcheck-amd64-linux.so)
==74937==    by 0x723DE9: __mn_alloc (in /mnt/c/Users/Juan/Documents/GitHub/Mapanare/mapanare/self/mnc-stage1)
==74937==    by 0x725AFA: __mn_list_push (in /mnt/c/Users/Juan/Documents/GitHub/Mapanare/mapanare/self/mnc-stage1)
==74937==    by 0x42ED12: parser__parse_block (in /mnt/c/Users/Juan/Documents/GitHub/Mapanare/mapanare/self/mnc-stage1)
==74937==    by 0x6A8BB2F: ???
==74937==    by 0x17: ???
==74937== 
==74937== 144 bytes in 1 blocks are indirectly lost in loss record 695 of 981
==74937==    at 0x484D953: calloc (in /usr/libexec/valgrind/vgpreload_memcheck-amd64-linux.so)
==74937==    by 0x723DE9: __mn_alloc (in /mnt/c/Users/Juan/Documents/GitHub/Mapanare/mapanare/self/mnc-stage1)
==74937==    by 0x725AFA: __mn_list_push (in /mnt/c/Users/Juan/Documents/GitHub/Mapanare/mapanare/self/mnc-stage1)
==74937==    by 0x42ED12: parser__parse_block (in /mnt/c/Users/Juan/Documents/GitHub/Mapanare/mapanare/self/mnc-stage1)
==74937==    by 0x6A8CE7F: ???
==74937==    by 0x2E: ???
==74937== 
==74937== 144 bytes in 1 blocks are indirectly lost in loss record 696 of 981
==74937==    at 0x484D953: calloc (in /usr/libexec/valgrind/vgpreload_memcheck-amd64-linux.so)
==74937==    by 0x723DE9: __mn_alloc (in /mnt/c/Users/Juan/Documents/GitHub/Mapanare/mapanare/self/mnc-stage1)
==74937==    by 0x725AFA: __mn_list_push (in /mnt/c/Users/Juan/Documents/GitHub/Mapanare/mapanare/self/mnc-stage1)
==74937==    by 0x42ED12: parser__parse_block (in /mnt/c/Users/Juan/Documents/GitHub/Mapanare/mapanare/self/mnc-stage1)
==74937==    by 0x6A8D9EF: ???
==74937==    by 0x3E: ???
==74937== 
==74937== 144 bytes in 1 blocks are indirectly lost in loss record 697 of 981
==74937==    at 0x484D953: calloc (in /usr/libexec/valgrind/vgpreload_memcheck-amd64-linux.so)
==74937==    by 0x723DE9: __mn_alloc (in /mnt/c/Users/Juan/Documents/GitHub/Mapanare/mapanare/self/mnc-stage1)
==74937==    by 0x725AFA: __mn_list_push (in /mnt/c/Users/Juan/Documents/GitHub/Mapanare/mapanare/self/mnc-stage1)
==74937==    by 0x42ED12: parser__parse_block (in /mnt/c/Users/Juan/Documents/GitHub/Mapanare/mapanare/self/mnc-stage1)
==74937==    by 0x6A8E67F: ???
==74937==    by 0x47: ???
==74937== 
==74937== 144 bytes in 1 blocks are indirectly lost in loss record 698 of 981
==74937==    at 0x484D953: calloc (in /usr/libexec/valgrind/vgpreload_memcheck-amd64-linux.so)
==74937==    by 0x723DE9: __mn_alloc (in /mnt/c/Users/Juan/Documents/GitHub/Mapanare/mapanare/self/mnc-stage1)
==74937==    by 0x725AFA: __mn_list_push (in /mnt/c/Users/Juan/Documents/GitHub/Mapanare/mapanare/self/mnc-stage1)
==74937==    by 0x42ED12: parser__parse_block (in /mnt/c/Users/Juan/Documents/GitHub/Mapanare/mapanare/self/mnc-stage1)
==74937==    by 0x6A8FABF: ???
==74937==    by 0x65: ???
==74937== 
==74937== 144 bytes in 1 blocks are indirectly lost in loss record 699 of 981
==74937==    at 0x484D953: calloc (in /usr/libexec/valgrind/vgpreload_memcheck-amd64-linux.so)
==74937==    by 0x723DE9: __mn_alloc (in /mnt/c/Users/Juan/Documents/GitHub/Mapanare/mapanare/self/mnc-stage1)
==74937==    by 0x725AFA: __mn_list_push (in /mnt/c/Users/Juan/Documents/GitHub/Mapanare/mapanare/self/mnc-stage1)
==74937==    by 0x42ED12: parser__parse_block (in /mnt/c/Users/Juan/Documents/GitHub/Mapanare/mapanare/self/mnc-stage1)
==74937==    by 0x6A9074F: ???
==74937==    by 0x6E: ???
==74937== 
==74937== 144 bytes in 1 blocks are indirectly lost in loss record 700 of 981
==74937==    at 0x4846828: malloc (in /usr/libexec/valgrind/vgpreload_memcheck-amd64-linux.so)
==74937==    by 0x4CE573: lower__bind_fn_params (in /mnt/c/Users/Juan/Documents/GitHub/Mapanare/mapanare/self/mnc-stage1)
==74937== 
==74937== 144 bytes in 1 blocks are indirectly lost in loss record 701 of 981
==74937==    at 0x484D953: calloc (in /usr/libexec/valgrind/vgpreload_memcheck-amd64-linux.so)
==74937==    by 0x723DE9: __mn_alloc (in /mnt/c/Users/Juan/Documents/GitHub/Mapanare/mapanare/self/mnc-stage1)
==74937==    by 0x725AFA: __mn_list_push (in /mnt/c/Users/Juan/Documents/GitHub/Mapanare/mapanare/self/mnc-stage1)
==74937==    by 0x49D5DD: lower_state__emit_instr (in /mnt/c/Users/Juan/Documents/GitHub/Mapanare/mapanare/self/mnc-stage1)
==74937== 
==74937== 144 bytes in 1 blocks are indirectly lost in loss record 702 of 981
==74937==    at 0x484D953: calloc (in /usr/libexec/valgrind/vgpreload_memcheck-amd64-linux.so)
==74937==    by 0x723DE9: __mn_alloc (in /mnt/c/Users/Juan/Documents/GitHub/Mapanare/mapanare/self/mnc-stage1)
==74937==    by 0x725AFA: __mn_list_push (in /mnt/c/Users/Juan/Documents/GitHub/Mapanare/mapanare/self/mnc-stage1)
==74937==    by 0x689793: emit_llvm__build_internal_struct_list (in /mnt/c/Users/Juan/Documents/GitHub/Mapanare/mapanare/self/mnc-stage1)
==74937== 
==74937== 144 bytes in 1 blocks are indirectly lost in loss record 703 of 981
==74937==    at 0x484D953: calloc (in /usr/libexec/valgrind/vgpreload_memcheck-amd64-linux.so)
==74937==    by 0x723DE9: __mn_alloc (in /mnt/c/Users/Juan/Documents/GitHub/Mapanare/mapanare/self/mnc-stage1)
==74937==    by 0x725AFA: __mn_list_push (in /mnt/c/Users/Juan/Documents/GitHub/Mapanare/mapanare/self/mnc-stage1)
==74937==    by 0x68A1EE: emit_llvm__build_internal_struct_list (in /mnt/c/Users/Juan/Documents/GitHub/Mapanare/mapanare/self/mnc-stage1)
==74937==    by 0xF: ???
==74937== 
==74937== 144 bytes in 1 blocks are indirectly lost in loss record 704 of 981
==74937==    at 0x484D953: calloc (in /usr/libexec/valgrind/vgpreload_memcheck-amd64-linux.so)
==74937==    by 0x723DE9: __mn_alloc (in /mnt/c/Users/Juan/Documents/GitHub/Mapanare/mapanare/self/mnc-stage1)
==74937==    by 0x725AFA: __mn_list_push (in /mnt/c/Users/Juan/Documents/GitHub/Mapanare/mapanare/self/mnc-stage1)
==74937==    by 0x68A376: emit_llvm__build_internal_struct_list (in /mnt/c/Users/Juan/Documents/GitHub/Mapanare/mapanare/self/mnc-stage1)
==74937==    by 0xF: ???
==74937== 
==74937== 144 bytes in 1 blocks are indirectly lost in loss record 705 of 981
==74937==    at 0x484D953: calloc (in /usr/libexec/valgrind/vgpreload_memcheck-amd64-linux.so)
==74937==    by 0x723DE9: __mn_alloc (in /mnt/c/Users/Juan/Documents/GitHub/Mapanare/mapanare/self/mnc-stage1)
==74937==    by 0x725AFA: __mn_list_push (in /mnt/c/Users/Juan/Documents/GitHub/Mapanare/mapanare/self/mnc-stage1)
==74937==    by 0x68A529: emit_llvm__build_internal_struct_list (in /mnt/c/Users/Juan/Documents/GitHub/Mapanare/mapanare/self/mnc-stage1)
==74937==    by 0xF: ???
==74937== 
==74937== 144 bytes in 1 blocks are indirectly lost in loss record 706 of 981
==74937==    at 0x484D953: calloc (in /usr/libexec/valgrind/vgpreload_memcheck-amd64-linux.so)
==74937==    by 0x723DE9: __mn_alloc (in /mnt/c/Users/Juan/Documents/GitHub/Mapanare/mapanare/self/mnc-stage1)
==74937==    by 0x725AFA: __mn_list_push (in /mnt/c/Users/Juan/Documents/GitHub/Mapanare/mapanare/self/mnc-stage1)
==74937==    by 0x68A76E: emit_llvm__build_internal_struct_list (in /mnt/c/Users/Juan/Documents/GitHub/Mapanare/mapanare/self/mnc-stage1)
==74937==    by 0x4: ???
==74937==    by 0x7: ???
==74937==    by 0x6AC0C3F: ???
==74937==    by 0x7: ???
==74937==    by 0xF: ???
==74937== 
==74937== 144 bytes in 1 blocks are indirectly lost in loss record 707 of 981
==74937==    at 0x484D953: calloc (in /usr/libexec/valgrind/vgpreload_memcheck-amd64-linux.so)
==74937==    by 0x723DE9: __mn_alloc (in /mnt/c/Users/Juan/Documents/GitHub/Mapanare/mapanare/self/mnc-stage1)
==74937==    by 0x725AFA: __mn_list_push (in /mnt/c/Users/Juan/Documents/GitHub/Mapanare/mapanare/self/mnc-stage1)
==74937==    by 0x68A95D: emit_llvm__build_internal_struct_list (in /mnt/c/Users/Juan/Documents/GitHub/Mapanare/mapanare/self/mnc-stage1)
==74937==    by 0x2: ???
==74937==    by 0x7: ???
==74937==    by 0x6AC0D6F: ???
==74937==    by 0x7: ???
==74937==    by 0xF: ???
==74937== 
==74937== 144 bytes in 1 blocks are indirectly lost in loss record 708 of 981
==74937==    at 0x484D953: calloc (in /usr/libexec/valgrind/vgpreload_memcheck-amd64-linux.so)
==74937==    by 0x723DE9: __mn_alloc (in /mnt/c/Users/Juan/Documents/GitHub/Mapanare/mapanare/self/mnc-stage1)
==74937==    by 0x725AFA: __mn_list_push (in /mnt/c/Users/Juan/Documents/GitHub/Mapanare/mapanare/self/mnc-stage1)
==74937==    by 0x68AB4C: emit_llvm__build_internal_struct_list (in /mnt/c/Users/Juan/Documents/GitHub/Mapanare/mapanare/self/mnc-stage1)
==74937==    by 0x2: ???
==74937==    by 0x7: ???
==74937==    by 0x6AC0E8F: ???
==74937==    by 0x7: ???
==74937==    by 0xF: ???
==74937== 
==74937== 144 bytes in 1 blocks are indirectly lost in loss record 709 of 981
==74937==    at 0x484D953: calloc (in /usr/libexec/valgrind/vgpreload_memcheck-amd64-linux.so)
==74937==    by 0x723DE9: __mn_alloc (in /mnt/c/Users/Juan/Documents/GitHub/Mapanare/mapanare/self/mnc-stage1)
==74937==    by 0x725AFA: __mn_list_push (in /mnt/c/Users/Juan/Documents/GitHub/Mapanare/mapanare/self/mnc-stage1)
==74937==    by 0x68AD3B: emit_llvm__build_internal_struct_list (in /mnt/c/Users/Juan/Documents/GitHub/Mapanare/mapanare/self/mnc-stage1)
==74937==    by 0x2: ???
==74937==    by 0x7: ???
==74937==    by 0x6AC16FF: ???
==74937==    by 0x7: ???
==74937==    by 0xF: ???
==74937== 
==74937== 144 bytes in 1 blocks are indirectly lost in loss record 710 of 981
==74937==    at 0x484D953: calloc (in /usr/libexec/valgrind/vgpreload_memcheck-amd64-linux.so)
==74937==    by 0x723DE9: __mn_alloc (in /mnt/c/Users/Juan/Documents/GitHub/Mapanare/mapanare/self/mnc-stage1)
==74937==    by 0x725AFA: __mn_list_push (in /mnt/c/Users/Juan/Documents/GitHub/Mapanare/mapanare/self/mnc-stage1)
==74937==    by 0x68AEFF: emit_llvm__build_internal_struct_list (in /mnt/c/Users/Juan/Documents/GitHub/Mapanare/mapanare/self/mnc-stage1)
==74937==    by 0x1: ???
==74937==    by 0x7: ???
==74937==    by 0x6AC182F: ???
==74937==    by 0x7: ???
==74937==    by 0xF: ???
==74937== 
==74937== 144 bytes in 1 blocks are indirectly lost in loss record 711 of 981
==74937==    at 0x484D953: calloc (in /usr/libexec/valgrind/vgpreload_memcheck-amd64-linux.so)
==74937==    by 0x723DE9: __mn_alloc (in /mnt/c/Users/Juan/Documents/GitHub/Mapanare/mapanare/self/mnc-stage1)
==74937==    by 0x725AFA: __mn_list_push (in /mnt/c/Users/Juan/Documents/GitHub/Mapanare/mapanare/self/mnc-stage1)
==74937==    by 0x68B0C3: emit_llvm__build_internal_struct_list (in /mnt/c/Users/Juan/Documents/GitHub/Mapanare/mapanare/self/mnc-stage1)
==74937==    by 0x1: ???
==74937==    by 0x7: ???
==74937==    by 0x6AC195F: ???
==74937==    by 0x7: ???
==74937==    by 0xF: ???
==74937== 
==74937== 144 bytes in 1 blocks are indirectly lost in loss record 712 of 981
==74937==    at 0x484D953: calloc (in /usr/libexec/valgrind/vgpreload_memcheck-amd64-linux.so)
==74937==    by 0x723DE9: __mn_alloc (in /mnt/c/Users/Juan/Documents/GitHub/Mapanare/mapanare/self/mnc-stage1)
==74937==    by 0x725AFA: __mn_list_push (in /mnt/c/Users/Juan/Documents/GitHub/Mapanare/mapanare/self/mnc-stage1)
==74937==    by 0x68B308: emit_llvm__build_internal_struct_list (in /mnt/c/Users/Juan/Documents/GitHub/Mapanare/mapanare/self/mnc-stage1)
==74937==    by 0x4: ???
==74937==    by 0x7: ???
==74937==    by 0x6AC1A8F: ???
==74937==    by 0x7: ???
==74937==    by 0xF: ???
==74937== 
==74937== 144 bytes in 1 blocks are indirectly lost in loss record 713 of 981
==74937==    at 0x484D953: calloc (in /usr/libexec/valgrind/vgpreload_memcheck-amd64-linux.so)
==74937==    by 0x723DE9: __mn_alloc (in /mnt/c/Users/Juan/Documents/GitHub/Mapanare/mapanare/self/mnc-stage1)
==74937==    by 0x725AFA: __mn_list_push (in /mnt/c/Users/Juan/Documents/GitHub/Mapanare/mapanare/self/mnc-stage1)
==74937==    by 0x68B4F7: emit_llvm__build_internal_struct_list (in /mnt/c/Users/Juan/Documents/GitHub/Mapanare/mapanare/self/mnc-stage1)
==74937==    by 0x2: ???
==74937==    by 0x7: ???
==74937==    by 0x6AC1BBF: ???
==74937==    by 0x7: ???
==74937==    by 0xF: ???
==74937== 
==74937== 144 bytes in 1 blocks are indirectly lost in loss record 714 of 981
==74937==    at 0x484D953: calloc (in /usr/libexec/valgrind/vgpreload_memcheck-amd64-linux.so)
==74937==    by 0x723DE9: __mn_alloc (in /mnt/c/Users/Juan/Documents/GitHub/Mapanare/mapanare/self/mnc-stage1)
==74937==    by 0x725AFA: __mn_list_push (in /mnt/c/Users/Juan/Documents/GitHub/Mapanare/mapanare/self/mnc-stage1)
==74937==    by 0x68B6BB: emit_llvm__build_internal_struct_list (in /mnt/c/Users/Juan/Documents/GitHub/Mapanare/mapanare/self/mnc-stage1)
==74937==    by 0x1: ???
==74937==    by 0x7: ???
==74937==    by 0x6AC1CEF: ???
==74937==    by 0x7: ???
==74937==    by 0xF: ???
==74937== 
==74937== 144 bytes in 1 blocks are indirectly lost in loss record 715 of 981
==74937==    at 0x484D953: calloc (in /usr/libexec/valgrind/vgpreload_memcheck-amd64-linux.so)
==74937==    by 0x723DE9: __mn_alloc (in /mnt/c/Users/Juan/Documents/GitHub/Mapanare/mapanare/self/mnc-stage1)
==74937==    by 0x725AFA: __mn_list_push (in /mnt/c/Users/Juan/Documents/GitHub/Mapanare/mapanare/self/mnc-stage1)
==74937==    by 0x68B87F: emit_llvm__build_internal_struct_list (in /mnt/c/Users/Juan/Documents/GitHub/Mapanare/mapanare/self/mnc-stage1)
==74937==    by 0x1: ???
==74937==    by 0x7: ???
==74937==    by 0x6AC1E1F: ???
==74937==    by 0x7: ???
==74937==    by 0xF: ???
==74937== 
==74937== 144 bytes in 1 blocks are indirectly lost in loss record 716 of 981
==74937==    at 0x484D953: calloc (in /usr/libexec/valgrind/vgpreload_memcheck-amd64-linux.so)
==74937==    by 0x723DE9: __mn_alloc (in /mnt/c/Users/Juan/Documents/GitHub/Mapanare/mapanare/self/mnc-stage1)
==74937==    by 0x725AFA: __mn_list_push (in /mnt/c/Users/Juan/Documents/GitHub/Mapanare/mapanare/self/mnc-stage1)
==74937==    by 0x68BA99: emit_llvm__build_internal_struct_list (in /mnt/c/Users/Juan/Documents/GitHub/Mapanare/mapanare/self/mnc-stage1)
==74937==    by 0x3: ???
==74937==    by 0x7: ???
==74937==    by 0x6AC1F4F: ???
==74937==    by 0x7: ???
==74937==    by 0xF: ???
==74937== 
==74937== 144 bytes in 1 blocks are indirectly lost in loss record 717 of 981
==74937==    at 0x484D953: calloc (in /usr/libexec/valgrind/vgpreload_memcheck-amd64-linux.so)
==74937==    by 0x723DE9: __mn_alloc (in /mnt/c/Users/Juan/Documents/GitHub/Mapanare/mapanare/self/mnc-stage1)
==74937==    by 0x725AFA: __mn_list_push (in /mnt/c/Users/Juan/Documents/GitHub/Mapanare/mapanare/self/mnc-stage1)
==74937==    by 0x68BC5D: emit_llvm__build_internal_struct_list (in /mnt/c/Users/Juan/Documents/GitHub/Mapanare/mapanare/self/mnc-stage1)
==74937==    by 0x1: ???
==74937==    by 0x7: ???
==74937==    by 0x6AC2ECF: ???
==74937==    by 0x7: ???
==74937==    by 0xF: ???
==74937== 
==74937== 144 bytes in 1 blocks are indirectly lost in loss record 718 of 981
==74937==    at 0x484D953: calloc (in /usr/libexec/valgrind/vgpreload_memcheck-amd64-linux.so)
==74937==    by 0x723DE9: __mn_alloc (in /mnt/c/Users/Juan/Documents/GitHub/Mapanare/mapanare/self/mnc-stage1)
==74937==    by 0x725AFA: __mn_list_push (in /mnt/c/Users/Juan/Documents/GitHub/Mapanare/mapanare/self/mnc-stage1)
==74937==    by 0x68BECD: emit_llvm__build_internal_struct_list (in /mnt/c/Users/Juan/Documents/GitHub/Mapanare/mapanare/self/mnc-stage1)
==74937==    by 0x5: ???
==74937==    by 0x7: ???
==74937==    by 0x6AC2FFF: ???
==74937==    by 0x7: ???
==74937==    by 0xF: ???
==74937== 
==74937== 144 bytes in 1 blocks are indirectly lost in loss record 719 of 981
==74937==    at 0x484D953: calloc (in /usr/libexec/valgrind/vgpreload_memcheck-amd64-linux.so)
==74937==    by 0x723DE9: __mn_alloc (in /mnt/c/Users/Juan/Documents/GitHub/Mapanare/mapanare/self/mnc-stage1)
==74937==    by 0x725AFA: __mn_list_push (in /mnt/c/Users/Juan/Documents/GitHub/Mapanare/mapanare/self/mnc-stage1)
==74937==    by 0x68C091: emit_llvm__build_internal_struct_list (in /mnt/c/Users/Juan/Documents/GitHub/Mapanare/mapanare/self/mnc-stage1)
==74937==    by 0x1: ???
==74937==    by 0x7: ???
==74937==    by 0x6AC312F: ???
==74937==    by 0x7: ???
==74937==    by 0xF: ???
==74937== 
==74937== 144 bytes in 1 blocks are indirectly lost in loss record 720 of 981
==74937==    at 0x484D953: calloc (in /usr/libexec/valgrind/vgpreload_memcheck-amd64-linux.so)
==74937==    by 0x723DE9: __mn_alloc (in /mnt/c/Users/Juan/Documents/GitHub/Mapanare/mapanare/self/mnc-stage1)
==74937==    by 0x725AFA: __mn_list_push (in /mnt/c/Users/Juan/Documents/GitHub/Mapanare/mapanare/self/mnc-stage1)
==74937==    by 0x68C280: emit_llvm__build_internal_struct_list (in /mnt/c/Users/Juan/Documents/GitHub/Mapanare/mapanare/self/mnc-stage1)
==74937==    by 0x2: ???
==74937==    by 0x7: ???
==74937==    by 0x6AC325F: ???
==74937==    by 0x7: ???
==74937==    by 0xF: ???
==74937== 
==74937== 144 bytes in 1 blocks are indirectly lost in loss record 721 of 981
==74937==    at 0x484D953: calloc (in /usr/libexec/valgrind/vgpreload_memcheck-amd64-linux.so)
==74937==    by 0x723DE9: __mn_alloc (in /mnt/c/Users/Juan/Documents/GitHub/Mapanare/mapanare/self/mnc-stage1)
==74937==    by 0x725AFA: __mn_list_push (in /mnt/c/Users/Juan/Documents/GitHub/Mapanare/mapanare/self/mnc-stage1)
==74937==    by 0x722B68: emit_llvm__emit_mir_module (in /mnt/c/Users/Juan/Documents/GitHub/Mapanare/mapanare/self/mnc-stage1)
==74937==    by 0x3F: ???
==74937== 
==74937== 144 bytes in 1 blocks are indirectly lost in loss record 722 of 981
==74937==    at 0x484D953: calloc (in /usr/libexec/valgrind/vgpreload_memcheck-amd64-linux.so)
==74937==    by 0x723DE9: __mn_alloc (in /mnt/c/Users/Juan/Documents/GitHub/Mapanare/mapanare/self/mnc-stage1)
==74937==    by 0x725AFA: __mn_list_push (in /mnt/c/Users/Juan/Documents/GitHub/Mapanare/mapanare/self/mnc-stage1)
==74937==    by 0x71C01C: emit_llvm__emit_mir_function (in /mnt/c/Users/Juan/Documents/GitHub/Mapanare/mapanare/self/mnc-stage1)
==74937==    by 0x3F: ???
==74937== 
==74937== 144 bytes in 1 blocks are definitely lost in loss record 723 of 981
==74937==    at 0x484D953: calloc (in /usr/libexec/valgrind/vgpreload_memcheck-amd64-linux.so)
==74937==    by 0x723DE9: __mn_alloc (in /mnt/c/Users/Juan/Documents/GitHub/Mapanare/mapanare/self/mnc-stage1)
==74937==    by 0x725AFA: __mn_list_push (in /mnt/c/Users/Juan/Documents/GitHub/Mapanare/mapanare/self/mnc-stage1)
==74937==    by 0x415634: resolve_imports (in /mnt/c/Users/Juan/Documents/GitHub/Mapanare/mapanare/self/mnc-stage1)
==74937==    by 0x6A73667: ???
==74937==    by 0x71: ???
==74937== 
==74937== 144 bytes in 1 blocks are definitely lost in loss record 724 of 981
==74937==    at 0x484D953: calloc (in /usr/libexec/valgrind/vgpreload_memcheck-amd64-linux.so)
==74937==    by 0x723DE9: __mn_alloc (in /mnt/c/Users/Juan/Documents/GitHub/Mapanare/mapanare/self/mnc-stage1)
==74937==    by 0x725AFA: __mn_list_push (in /mnt/c/Users/Juan/Documents/GitHub/Mapanare/mapanare/self/mnc-stage1)
==74937==    by 0x414B11: dedup_definitions (in /mnt/c/Users/Juan/Documents/GitHub/Mapanare/mapanare/self/mnc-stage1)
==74937==    by 0x9: ???
==74937== 
==74937== 144 bytes in 1 blocks are definitely lost in loss record 725 of 981
==74937==    at 0x484D953: calloc (in /usr/libexec/valgrind/vgpreload_memcheck-amd64-linux.so)
==74937==    by 0x723DE9: __mn_alloc (in /mnt/c/Users/Juan/Documents/GitHub/Mapanare/mapanare/self/mnc-stage1)
==74937==    by 0x725AFA: __mn_list_push (in /mnt/c/Users/Juan/Documents/GitHub/Mapanare/mapanare/self/mnc-stage1)
==74937==    by 0x6507B9: lower__build_match_arms (in /mnt/c/Users/Juan/Documents/GitHub/Mapanare/mapanare/self/mnc-stage1)
==74937==    by 0xFFFFFFFFFFFFFF: ???
==74937==    by 0x800000000000000B: ???
==74937==    by 0x8000000000000009: ???
==74937==    by 0x6AADF1F: ???
==74937==    by 0x6AADFBF: ???
==74937== 
==74937== 144 bytes in 1 blocks are definitely lost in loss record 726 of 981
==74937==    at 0x484D953: calloc (in /usr/libexec/valgrind/vgpreload_memcheck-amd64-linux.so)
==74937==    by 0x723DE9: __mn_alloc (in /mnt/c/Users/Juan/Documents/GitHub/Mapanare/mapanare/self/mnc-stage1)
==74937==    by 0x725AFA: __mn_list_push (in /mnt/c/Users/Juan/Documents/GitHub/Mapanare/mapanare/self/mnc-stage1)
==74937==    by 0x6507B9: lower__build_match_arms (in /mnt/c/Users/Juan/Documents/GitHub/Mapanare/mapanare/self/mnc-stage1)
==74937==    by 0xFFFFFFFFFFFFFF: ???
==74937==    by 0x800000000000000B: ???
==74937==    by 0x8000000000000009: ???
==74937==    by 0x6AB240F: ???
==74937==    by 0x6AB24AF: ???
==74937== 
==74937== 144 bytes in 1 blocks are definitely lost in loss record 727 of 981
==74937==    at 0x484D953: calloc (in /usr/libexec/valgrind/vgpreload_memcheck-amd64-linux.so)
==74937==    by 0x723DE9: __mn_alloc (in /mnt/c/Users/Juan/Documents/GitHub/Mapanare/mapanare/self/mnc-stage1)
==74937==    by 0x725BBF: __mn_list_push (in /mnt/c/Users/Juan/Documents/GitHub/Mapanare/mapanare/self/mnc-stage1)
==74937==    by 0x4DCE2B: lower__lower_block (in /mnt/c/Users/Juan/Documents/GitHub/Mapanare/mapanare/self/mnc-stage1)
==74937==    by 0x8000000000000044: ???
==74937==    by 0x6AAC05F: ???
==74937== 
==74937== 144 bytes in 1 blocks are definitely lost in loss record 728 of 981
==74937==    at 0x484D953: calloc (in /usr/libexec/valgrind/vgpreload_memcheck-amd64-linux.so)
==74937==    by 0x723DE9: __mn_alloc (in /mnt/c/Users/Juan/Documents/GitHub/Mapanare/mapanare/self/mnc-stage1)
==74937==    by 0x725AFA: __mn_list_push (in /mnt/c/Users/Juan/Documents/GitHub/Mapanare/mapanare/self/mnc-stage1)
==74937==    by 0x67DF48: mir_opt__dead_block_elim_function (in /mnt/c/Users/Juan/Documents/GitHub/Mapanare/mapanare/self/mnc-stage1)
==74937== 
==74937== 144 bytes in 1 blocks are definitely lost in loss record 729 of 981
==74937==    at 0x484D953: calloc (in /usr/libexec/valgrind/vgpreload_memcheck-amd64-linux.so)
==74937==    by 0x723DE9: __mn_alloc (in /mnt/c/Users/Juan/Documents/GitHub/Mapanare/mapanare/self/mnc-stage1)
==74937==    by 0x725AFA: __mn_list_push (in /mnt/c/Users/Juan/Documents/GitHub/Mapanare/mapanare/self/mnc-stage1)
==74937==    by 0x67BEE3: mir_opt__collect_targets (in /mnt/c/Users/Juan/Documents/GitHub/Mapanare/mapanare/self/mnc-stage1)
==74937== 
==74937== 144 bytes in 1 blocks are definitely lost in loss record 730 of 981
==74937==    at 0x484D953: calloc (in /usr/libexec/valgrind/vgpreload_memcheck-amd64-linux.so)
==74937==    by 0x723DE9: __mn_alloc (in /mnt/c/Users/Juan/Documents/GitHub/Mapanare/mapanare/self/mnc-stage1)
==74937==    by 0x725AFA: __mn_list_push (in /mnt/c/Users/Juan/Documents/GitHub/Mapanare/mapanare/self/mnc-stage1)
==74937==    by 0x67DF48: mir_opt__dead_block_elim_function (in /mnt/c/Users/Juan/Documents/GitHub/Mapanare/mapanare/self/mnc-stage1)
==74937==    by 0xF: ???
==74937== 
==74937== 144 bytes in 1 blocks are definitely lost in loss record 731 of 981
==74937==    at 0x484D953: calloc (in /usr/libexec/valgrind/vgpreload_memcheck-amd64-linux.so)
==74937==    by 0x723DE9: __mn_alloc (in /mnt/c/Users/Juan/Documents/GitHub/Mapanare/mapanare/self/mnc-stage1)
==74937==    by 0x725AFA: __mn_list_push (in /mnt/c/Users/Juan/Documents/GitHub/Mapanare/mapanare/self/mnc-stage1)
==74937==    by 0x6AB732: emit_llvm__emit_const (in /mnt/c/Users/Juan/Documents/GitHub/Mapanare/mapanare/self/mnc-stage1)
==74937==    by 0x2: ???
==74937== 
==74937== 144 bytes in 9 blocks are definitely lost in loss record 732 of 981
==74937==    at 0x4846828: malloc (in /usr/libexec/valgrind/vgpreload_memcheck-amd64-linux.so)
==74937==    by 0x728B99: __mn_range (in /mnt/c/Users/Juan/Documents/GitHub/Mapanare/mapanare/self/mnc-stage1)
==74937==    by 0x42FA6B: parser__parse_expr (in /mnt/c/Users/Juan/Documents/GitHub/Mapanare/mapanare/self/mnc-stage1)
==74937== 
==74937== 144 bytes in 9 blocks are definitely lost in loss record 733 of 981
==74937==    at 0x4846828: malloc (in /usr/libexec/valgrind/vgpreload_memcheck-amd64-linux.so)
==74937==    by 0x728B99: __mn_range (in /mnt/c/Users/Juan/Documents/GitHub/Mapanare/mapanare/self/mnc-stage1)
==74937==    by 0x458D45: semantic__check_call_expr (in /mnt/c/Users/Juan/Documents/GitHub/Mapanare/mapanare/self/mnc-stage1)
==74937== 
==74937== 145 bytes in 4 blocks are indirectly lost in loss record 734 of 981
==74937==    at 0x484D953: calloc (in /usr/libexec/valgrind/vgpreload_memcheck-amd64-linux.so)
==74937==    by 0x723DE9: __mn_alloc (in /mnt/c/Users/Juan/Documents/GitHub/Mapanare/mapanare/self/mnc-stage1)
==74937==    by 0x7245AB: __mn_str_from_parts (in /mnt/c/Users/Juan/Documents/GitHub/Mapanare/mapanare/self/mnc-stage1)
==74937==    by 0x68D511: emit_llvm__declare_runtime_fn (in /mnt/c/Users/Juan/Documents/GitHub/Mapanare/mapanare/self/mnc-stage1)
==74937==    by 0x2: ???
==74937==    by 0x6AC86FF: ???
==74937==    by 0xF: ???
==74937== 
==74937== 148 bytes in 5 blocks are indirectly lost in loss record 735 of 981
==74937==    at 0x484D953: calloc (in /usr/libexec/valgrind/vgpreload_memcheck-amd64-linux.so)
==74937==    by 0x723DE9: __mn_alloc (in /mnt/c/Users/Juan/Documents/GitHub/Mapanare/mapanare/self/mnc-stage1)
==74937==    by 0x7249CE: __mn_str_concat (in /mnt/c/Users/Juan/Documents/GitHub/Mapanare/mapanare/self/mnc-stage1)
==74937==    by 0x6A2C1D: emit_llvm__emit_mir_by_kind (in /mnt/c/Users/Juan/Documents/GitHub/Mapanare/mapanare/self/mnc-stage1)
==74937== 
==74937== 152 bytes in 2 blocks are indirectly lost in loss record 736 of 981
==74937==    at 0x484D953: calloc (in /usr/libexec/valgrind/vgpreload_memcheck-amd64-linux.so)
==74937==    by 0x723DE9: __mn_alloc (in /mnt/c/Users/Juan/Documents/GitHub/Mapanare/mapanare/self/mnc-stage1)
==74937==    by 0x7249CE: __mn_str_concat (in /mnt/c/Users/Juan/Documents/GitHub/Mapanare/mapanare/self/mnc-stage1)
==74937==    by 0x68D511: emit_llvm__declare_runtime_fn (in /mnt/c/Users/Juan/Documents/GitHub/Mapanare/mapanare/self/mnc-stage1)
==74937==    by 0x1: ???
==74937==    by 0x6AC86FF: ???
==74937==    by 0xF: ???
==74937== 
==74937== 160 bytes in 1 blocks are indirectly lost in loss record 737 of 981
==74937==    at 0x4846828: malloc (in /usr/libexec/valgrind/vgpreload_memcheck-amd64-linux.so)
==74937==    by 0x4CF084: lower__bind_fn_params (in /mnt/c/Users/Juan/Documents/GitHub/Mapanare/mapanare/self/mnc-stage1)
==74937== 
==74937== 160 bytes in 1 blocks are indirectly lost in loss record 738 of 981
==74937==    at 0x4846828: malloc (in /usr/libexec/valgrind/vgpreload_memcheck-amd64-linux.so)
==74937==    by 0x64C21C: lower__lower_if (in /mnt/c/Users/Juan/Documents/GitHub/Mapanare/mapanare/self/mnc-stage1)
==74937== 
==74937== 160 bytes in 1 blocks are indirectly lost in loss record 739 of 981
==74937==    at 0x4846828: malloc (in /usr/libexec/valgrind/vgpreload_memcheck-amd64-linux.so)
==74937==    by 0x5BC6DE: lower__lower_call_by_name (in /mnt/c/Users/Juan/Documents/GitHub/Mapanare/mapanare/self/mnc-stage1)
==74937==    by 0x8000000000000005: ???
==74937==    by 0x6AA8B4F: ???
==74937== 
==74937== 160 bytes in 10 blocks are indirectly lost in loss record 740 of 981
==74937==    at 0x4846828: malloc (in /usr/libexec/valgrind/vgpreload_memcheck-amd64-linux.so)
==74937==    by 0x431081: parser__parse_call_args (in /mnt/c/Users/Juan/Documents/GitHub/Mapanare/mapanare/self/mnc-stage1)
==74937==    by 0x6A82DBF: ???
==74937==    by 0x71: ???
==74937==    by 0x7F: ???
==74937==    by 0x3F: ???
==74937== 
==74937== 160 bytes in 10 blocks are definitely lost in loss record 741 of 981
==74937==    at 0x4846828: malloc (in /usr/libexec/valgrind/vgpreload_memcheck-amd64-linux.so)
==74937==    by 0x728B99: __mn_range (in /mnt/c/Users/Juan/Documents/GitHub/Mapanare/mapanare/self/mnc-stage1)
==74937==    by 0x430E1A: parser__parse_call_args (in /mnt/c/Users/Juan/Documents/GitHub/Mapanare/mapanare/self/mnc-stage1)
==74937==    by 0x6A82DBF: ???
==74937==    by 0x71: ???
==74937==    by 0x7F: ???
==74937==    by 0x3F: ???
==74937== 
==74937== 168 bytes in 1 blocks are indirectly lost in loss record 742 of 981
==74937==    at 0x484D953: calloc (in /usr/libexec/valgrind/vgpreload_memcheck-amd64-linux.so)
==74937==    by 0x48A2CF: semantic__register_builtins (in /mnt/c/Users/Juan/Documents/GitHub/Mapanare/mapanare/self/mnc-stage1)
==74937== 
==74937== 168 bytes in 1 blocks are indirectly lost in loss record 743 of 981
==74937==    at 0x4846828: malloc (in /usr/libexec/valgrind/vgpreload_memcheck-amd64-linux.so)
==74937==    by 0x48A350: semantic__register_builtins (in /mnt/c/Users/Juan/Documents/GitHub/Mapanare/mapanare/self/mnc-stage1)
==74937== 
==74937== 168 bytes in 1 blocks are indirectly lost in loss record 744 of 981
==74937==    at 0x484D953: calloc (in /usr/libexec/valgrind/vgpreload_memcheck-amd64-linux.so)
==74937==    by 0x48A5D6: semantic__register_builtins (in /mnt/c/Users/Juan/Documents/GitHub/Mapanare/mapanare/self/mnc-stage1)
==74937== 
==74937== 168 bytes in 1 blocks are indirectly lost in loss record 745 of 981
==74937==    at 0x4846828: malloc (in /usr/libexec/valgrind/vgpreload_memcheck-amd64-linux.so)
==74937==    by 0x48A65F: semantic__register_builtins (in /mnt/c/Users/Juan/Documents/GitHub/Mapanare/mapanare/self/mnc-stage1)
==74937== 
==74937== 168 bytes in 1 blocks are indirectly lost in loss record 746 of 981
==74937==    at 0x484D953: calloc (in /usr/libexec/valgrind/vgpreload_memcheck-amd64-linux.so)
==74937==    by 0x48A8B4: semantic__register_builtins (in /mnt/c/Users/Juan/Documents/GitHub/Mapanare/mapanare/self/mnc-stage1)
==74937== 
==74937== 168 bytes in 1 blocks are indirectly lost in loss record 747 of 981
==74937==    at 0x4846828: malloc (in /usr/libexec/valgrind/vgpreload_memcheck-amd64-linux.so)
==74937==    by 0x48A93D: semantic__register_builtins (in /mnt/c/Users/Juan/Documents/GitHub/Mapanare/mapanare/self/mnc-stage1)
==74937== 
==74937== 168 bytes in 1 blocks are indirectly lost in loss record 748 of 981
==74937==    at 0x484D953: calloc (in /usr/libexec/valgrind/vgpreload_memcheck-amd64-linux.so)
==74937==    by 0x48AB92: semantic__register_builtins (in /mnt/c/Users/Juan/Documents/GitHub/Mapanare/mapanare/self/mnc-stage1)
==74937== 
==74937== 168 bytes in 1 blocks are indirectly lost in loss record 749 of 981
==74937==    at 0x4846828: malloc (in /usr/libexec/valgrind/vgpreload_memcheck-amd64-linux.so)
==74937==    by 0x48AC1B: semantic__register_builtins (in /mnt/c/Users/Juan/Documents/GitHub/Mapanare/mapanare/self/mnc-stage1)
==74937== 
==74937== 168 bytes in 1 blocks are indirectly lost in loss record 750 of 981
==74937==    at 0x484D953: calloc (in /usr/libexec/valgrind/vgpreload_memcheck-amd64-linux.so)
==74937==    by 0x48AE70: semantic__register_builtins (in /mnt/c/Users/Juan/Documents/GitHub/Mapanare/mapanare/self/mnc-stage1)
==74937== 
==74937== 168 bytes in 1 blocks are indirectly lost in loss record 751 of 981
==74937==    at 0x4846828: malloc (in /usr/libexec/valgrind/vgpreload_memcheck-amd64-linux.so)
==74937==    by 0x48AEF9: semantic__register_builtins (in /mnt/c/Users/Juan/Documents/GitHub/Mapanare/mapanare/self/mnc-stage1)
==74937== 
==74937== 168 bytes in 1 blocks are indirectly lost in loss record 752 of 981
==74937==    at 0x484D953: calloc (in /usr/libexec/valgrind/vgpreload_memcheck-amd64-linux.so)
==74937==    by 0x48B157: semantic__register_builtins (in /mnt/c/Users/Juan/Documents/GitHub/Mapanare/mapanare/self/mnc-stage1)
==74937== 
==74937== 168 bytes in 1 blocks are indirectly lost in loss record 753 of 981
==74937==    at 0x4846828: malloc (in /usr/libexec/valgrind/vgpreload_memcheck-amd64-linux.so)
==74937==    by 0x48B20C: semantic__register_builtins (in /mnt/c/Users/Juan/Documents/GitHub/Mapanare/mapanare/self/mnc-stage1)
==74937== 
==74937== 168 bytes in 1 blocks are indirectly lost in loss record 754 of 981
==74937==    at 0x484D953: calloc (in /usr/libexec/valgrind/vgpreload_memcheck-amd64-linux.so)
==74937==    by 0x48B4C2: semantic__register_builtins (in /mnt/c/Users/Juan/Documents/GitHub/Mapanare/mapanare/self/mnc-stage1)
==74937== 
==74937== 168 bytes in 1 blocks are indirectly lost in loss record 755 of 981
==74937==    at 0x4846828: malloc (in /usr/libexec/valgrind/vgpreload_memcheck-amd64-linux.so)
==74937==    by 0x48B587: semantic__register_builtins (in /mnt/c/Users/Juan/Documents/GitHub/Mapanare/mapanare/self/mnc-stage1)
==74937== 
==74937== 168 bytes in 1 blocks are indirectly lost in loss record 756 of 981
==74937==    at 0x484D953: calloc (in /usr/libexec/valgrind/vgpreload_memcheck-amd64-linux.so)
==74937==    by 0x48B87F: semantic__register_builtins (in /mnt/c/Users/Juan/Documents/GitHub/Mapanare/mapanare/self/mnc-stage1)
==74937== 
==74937== 168 bytes in 1 blocks are indirectly lost in loss record 757 of 981
==74937==    at 0x4846828: malloc (in /usr/libexec/valgrind/vgpreload_memcheck-amd64-linux.so)
==74937==    by 0x48B944: semantic__register_builtins (in /mnt/c/Users/Juan/Documents/GitHub/Mapanare/mapanare/self/mnc-stage1)
==74937== 
==74937== 168 bytes in 1 blocks are indirectly lost in loss record 758 of 981
==74937==    at 0x484D953: calloc (in /usr/libexec/valgrind/vgpreload_memcheck-amd64-linux.so)
==74937==    by 0x48BC3C: semantic__register_builtins (in /mnt/c/Users/Juan/Documents/GitHub/Mapanare/mapanare/self/mnc-stage1)
==74937== 
==74937== 168 bytes in 1 blocks are indirectly lost in loss record 759 of 981
==74937==    at 0x4846828: malloc (in /usr/libexec/valgrind/vgpreload_memcheck-amd64-linux.so)
==74937==    by 0x48BD01: semantic__register_builtins (in /mnt/c/Users/Juan/Documents/GitHub/Mapanare/mapanare/self/mnc-stage1)
==74937== 
==74937== 168 bytes in 1 blocks are indirectly lost in loss record 760 of 981
==74937==    at 0x484D953: calloc (in /usr/libexec/valgrind/vgpreload_memcheck-amd64-linux.so)
==74937==    by 0x48BFF9: semantic__register_builtins (in /mnt/c/Users/Juan/Documents/GitHub/Mapanare/mapanare/self/mnc-stage1)
==74937== 
==74937== 168 bytes in 1 blocks are indirectly lost in loss record 761 of 981
==74937==    at 0x4846828: malloc (in /usr/libexec/valgrind/vgpreload_memcheck-amd64-linux.so)
==74937==    by 0x48C0BE: semantic__register_builtins (in /mnt/c/Users/Juan/Documents/GitHub/Mapanare/mapanare/self/mnc-stage1)
==74937== 
==74937== 168 bytes in 1 blocks are indirectly lost in loss record 762 of 981
==74937==    at 0x484D953: calloc (in /usr/libexec/valgrind/vgpreload_memcheck-amd64-linux.so)
==74937==    by 0x48C3B6: semantic__register_builtins (in /mnt/c/Users/Juan/Documents/GitHub/Mapanare/mapanare/self/mnc-stage1)
==74937== 
==74937== 168 bytes in 1 blocks are indirectly lost in loss record 763 of 981
==74937==    at 0x4846828: malloc (in /usr/libexec/valgrind/vgpreload_memcheck-amd64-linux.so)
==74937==    by 0x48C47B: semantic__register_builtins (in /mnt/c/Users/Juan/Documents/GitHub/Mapanare/mapanare/self/mnc-stage1)
==74937== 
==74937== 168 bytes in 1 blocks are indirectly lost in loss record 764 of 981
==74937==    at 0x484D953: calloc (in /usr/libexec/valgrind/vgpreload_memcheck-amd64-linux.so)
==74937==    by 0x48C773: semantic__register_builtins (in /mnt/c/Users/Juan/Documents/GitHub/Mapanare/mapanare/self/mnc-stage1)
==74937== 
==74937== 168 bytes in 1 blocks are indirectly lost in loss record 765 of 981
==74937==    at 0x4846828: malloc (in /usr/libexec/valgrind/vgpreload_memcheck-amd64-linux.so)
==74937==    by 0x48C838: semantic__register_builtins (in /mnt/c/Users/Juan/Documents/GitHub/Mapanare/mapanare/self/mnc-stage1)
==74937== 
==74937== 168 bytes in 1 blocks are indirectly lost in loss record 766 of 981
==74937==    at 0x484D953: calloc (in /usr/libexec/valgrind/vgpreload_memcheck-amd64-linux.so)
==74937==    by 0x48CB2E: semantic__register_builtins (in /mnt/c/Users/Juan/Documents/GitHub/Mapanare/mapanare/self/mnc-stage1)
==74937== 
==74937== 168 bytes in 1 blocks are indirectly lost in loss record 767 of 981
==74937==    at 0x4846828: malloc (in /usr/libexec/valgrind/vgpreload_memcheck-amd64-linux.so)
==74937==    by 0x48CBF3: semantic__register_builtins (in /mnt/c/Users/Juan/Documents/GitHub/Mapanare/mapanare/self/mnc-stage1)
==74937== 
==74937== 168 bytes in 1 blocks are indirectly lost in loss record 768 of 981
==74937==    at 0x484D953: calloc (in /usr/libexec/valgrind/vgpreload_memcheck-amd64-linux.so)
==74937==    by 0x48CEE7: semantic__register_builtins (in /mnt/c/Users/Juan/Documents/GitHub/Mapanare/mapanare/self/mnc-stage1)
==74937== 
==74937== 168 bytes in 1 blocks are indirectly lost in loss record 769 of 981
==74937==    at 0x4846828: malloc (in /usr/libexec/valgrind/vgpreload_memcheck-amd64-linux.so)
==74937==    by 0x48CFAC: semantic__register_builtins (in /mnt/c/Users/Juan/Documents/GitHub/Mapanare/mapanare/self/mnc-stage1)
==74937== 
==74937== 168 bytes in 1 blocks are indirectly lost in loss record 770 of 981
==74937==    at 0x484D953: calloc (in /usr/libexec/valgrind/vgpreload_memcheck-amd64-linux.so)
==74937==    by 0x48D2A0: semantic__register_builtins (in /mnt/c/Users/Juan/Documents/GitHub/Mapanare/mapanare/self/mnc-stage1)
==74937== 
==74937== 168 bytes in 1 blocks are indirectly lost in loss record 771 of 981
==74937==    at 0x4846828: malloc (in /usr/libexec/valgrind/vgpreload_memcheck-amd64-linux.so)
==74937==    by 0x48D365: semantic__register_builtins (in /mnt/c/Users/Juan/Documents/GitHub/Mapanare/mapanare/self/mnc-stage1)
==74937== 
==74937== 168 bytes in 1 blocks are indirectly lost in loss record 772 of 981
==74937==    at 0x484D953: calloc (in /usr/libexec/valgrind/vgpreload_memcheck-amd64-linux.so)
==74937==    by 0x48D659: semantic__register_builtins (in /mnt/c/Users/Juan/Documents/GitHub/Mapanare/mapanare/self/mnc-stage1)
==74937== 
==74937== 168 bytes in 1 blocks are indirectly lost in loss record 773 of 981
==74937==    at 0x4846828: malloc (in /usr/libexec/valgrind/vgpreload_memcheck-amd64-linux.so)
==74937==    by 0x48D71E: semantic__register_builtins (in /mnt/c/Users/Juan/Documents/GitHub/Mapanare/mapanare/self/mnc-stage1)
==74937== 
==74937== 168 bytes in 1 blocks are indirectly lost in loss record 774 of 981
==74937==    at 0x484D953: calloc (in /usr/libexec/valgrind/vgpreload_memcheck-amd64-linux.so)
==74937==    by 0x48DA12: semantic__register_builtins (in /mnt/c/Users/Juan/Documents/GitHub/Mapanare/mapanare/self/mnc-stage1)
==74937== 
==74937== 168 bytes in 1 blocks are indirectly lost in loss record 775 of 981
==74937==    at 0x4846828: malloc (in /usr/libexec/valgrind/vgpreload_memcheck-amd64-linux.so)
==74937==    by 0x48DAD7: semantic__register_builtins (in /mnt/c/Users/Juan/Documents/GitHub/Mapanare/mapanare/self/mnc-stage1)
==74937== 
==74937== 168 bytes in 1 blocks are indirectly lost in loss record 776 of 981
==74937==    at 0x484D953: calloc (in /usr/libexec/valgrind/vgpreload_memcheck-amd64-linux.so)
==74937==    by 0x48DDCB: semantic__register_builtins (in /mnt/c/Users/Juan/Documents/GitHub/Mapanare/mapanare/self/mnc-stage1)
==74937== 
==74937== 168 bytes in 1 blocks are indirectly lost in loss record 777 of 981
==74937==    at 0x4846828: malloc (in /usr/libexec/valgrind/vgpreload_memcheck-amd64-linux.so)
==74937==    by 0x48DE90: semantic__register_builtins (in /mnt/c/Users/Juan/Documents/GitHub/Mapanare/mapanare/self/mnc-stage1)
==74937== 
==74937== 168 bytes in 1 blocks are indirectly lost in loss record 778 of 981
==74937==    at 0x484D953: calloc (in /usr/libexec/valgrind/vgpreload_memcheck-amd64-linux.so)
==74937==    by 0x48E184: semantic__register_builtins (in /mnt/c/Users/Juan/Documents/GitHub/Mapanare/mapanare/self/mnc-stage1)
==74937== 
==74937== 168 bytes in 1 blocks are indirectly lost in loss record 779 of 981
==74937==    at 0x4846828: malloc (in /usr/libexec/valgrind/vgpreload_memcheck-amd64-linux.so)
==74937==    by 0x48E249: semantic__register_builtins (in /mnt/c/Users/Juan/Documents/GitHub/Mapanare/mapanare/self/mnc-stage1)
==74937== 
==74937== 168 bytes in 1 blocks are indirectly lost in loss record 780 of 981
==74937==    at 0x484D953: calloc (in /usr/libexec/valgrind/vgpreload_memcheck-amd64-linux.so)
==74937==    by 0x48E53D: semantic__register_builtins (in /mnt/c/Users/Juan/Documents/GitHub/Mapanare/mapanare/self/mnc-stage1)
==74937== 
==74937== 168 bytes in 1 blocks are indirectly lost in loss record 781 of 981
==74937==    at 0x4846828: malloc (in /usr/libexec/valgrind/vgpreload_memcheck-amd64-linux.so)
==74937==    by 0x48E602: semantic__register_builtins (in /mnt/c/Users/Juan/Documents/GitHub/Mapanare/mapanare/self/mnc-stage1)
==74937== 
==74937== 168 bytes in 1 blocks are indirectly lost in loss record 782 of 981
==74937==    at 0x484D953: calloc (in /usr/libexec/valgrind/vgpreload_memcheck-amd64-linux.so)
==74937==    by 0x48E8F6: semantic__register_builtins (in /mnt/c/Users/Juan/Documents/GitHub/Mapanare/mapanare/self/mnc-stage1)
==74937== 
==74937== 168 bytes in 1 blocks are indirectly lost in loss record 783 of 981
==74937==    at 0x4846828: malloc (in /usr/libexec/valgrind/vgpreload_memcheck-amd64-linux.so)
==74937==    by 0x48E9BB: semantic__register_builtins (in /mnt/c/Users/Juan/Documents/GitHub/Mapanare/mapanare/self/mnc-stage1)
==74937== 
==74937== 168 bytes in 1 blocks are indirectly lost in loss record 784 of 981
==74937==    at 0x484D953: calloc (in /usr/libexec/valgrind/vgpreload_memcheck-amd64-linux.so)
==74937==    by 0x48ECAF: semantic__register_builtins (in /mnt/c/Users/Juan/Documents/GitHub/Mapanare/mapanare/self/mnc-stage1)
==74937== 
==74937== 168 bytes in 1 blocks are indirectly lost in loss record 785 of 981
==74937==    at 0x4846828: malloc (in /usr/libexec/valgrind/vgpreload_memcheck-amd64-linux.so)
==74937==    by 0x48ED74: semantic__register_builtins (in /mnt/c/Users/Juan/Documents/GitHub/Mapanare/mapanare/self/mnc-stage1)
==74937== 
==74937== 168 bytes in 1 blocks are indirectly lost in loss record 786 of 981
==74937==    at 0x484D953: calloc (in /usr/libexec/valgrind/vgpreload_memcheck-amd64-linux.so)
==74937==    by 0x48F068: semantic__register_builtins (in /mnt/c/Users/Juan/Documents/GitHub/Mapanare/mapanare/self/mnc-stage1)
==74937== 
==74937== 168 bytes in 1 blocks are indirectly lost in loss record 787 of 981
==74937==    at 0x4846828: malloc (in /usr/libexec/valgrind/vgpreload_memcheck-amd64-linux.so)
==74937==    by 0x48F12D: semantic__register_builtins (in /mnt/c/Users/Juan/Documents/GitHub/Mapanare/mapanare/self/mnc-stage1)
==74937== 
==74937== 168 bytes in 1 blocks are indirectly lost in loss record 788 of 981
==74937==    at 0x484D953: calloc (in /usr/libexec/valgrind/vgpreload_memcheck-amd64-linux.so)
==74937==    by 0x48F421: semantic__register_builtins (in /mnt/c/Users/Juan/Documents/GitHub/Mapanare/mapanare/self/mnc-stage1)
==74937== 
==74937== 168 bytes in 1 blocks are indirectly lost in loss record 789 of 981
==74937==    at 0x4846828: malloc (in /usr/libexec/valgrind/vgpreload_memcheck-amd64-linux.so)
==74937==    by 0x48F4E6: semantic__register_builtins (in /mnt/c/Users/Juan/Documents/GitHub/Mapanare/mapanare/self/mnc-stage1)
==74937== 
==74937== 168 bytes in 1 blocks are indirectly lost in loss record 790 of 981
==74937==    at 0x484D953: calloc (in /usr/libexec/valgrind/vgpreload_memcheck-amd64-linux.so)
==74937==    by 0x48F7DA: semantic__register_builtins (in /mnt/c/Users/Juan/Documents/GitHub/Mapanare/mapanare/self/mnc-stage1)
==74937== 
==74937== 168 bytes in 1 blocks are indirectly lost in loss record 791 of 981
==74937==    at 0x4846828: malloc (in /usr/libexec/valgrind/vgpreload_memcheck-amd64-linux.so)
==74937==    by 0x48F89F: semantic__register_builtins (in /mnt/c/Users/Juan/Documents/GitHub/Mapanare/mapanare/self/mnc-stage1)
==74937== 
==74937== 168 bytes in 1 blocks are indirectly lost in loss record 792 of 981
==74937==    at 0x484D953: calloc (in /usr/libexec/valgrind/vgpreload_memcheck-amd64-linux.so)
==74937==    by 0x48FB93: semantic__register_builtins (in /mnt/c/Users/Juan/Documents/GitHub/Mapanare/mapanare/self/mnc-stage1)
==74937== 
==74937== 168 bytes in 1 blocks are indirectly lost in loss record 793 of 981
==74937==    at 0x4846828: malloc (in /usr/libexec/valgrind/vgpreload_memcheck-amd64-linux.so)
==74937==    by 0x48FC58: semantic__register_builtins (in /mnt/c/Users/Juan/Documents/GitHub/Mapanare/mapanare/self/mnc-stage1)
==74937== 
==74937== 168 bytes in 1 blocks are indirectly lost in loss record 794 of 981
==74937==    at 0x484D953: calloc (in /usr/libexec/valgrind/vgpreload_memcheck-amd64-linux.so)
==74937==    by 0x48FF4C: semantic__register_builtins (in /mnt/c/Users/Juan/Documents/GitHub/Mapanare/mapanare/self/mnc-stage1)
==74937== 
==74937== 168 bytes in 1 blocks are indirectly lost in loss record 795 of 981
==74937==    at 0x4846828: malloc (in /usr/libexec/valgrind/vgpreload_memcheck-amd64-linux.so)
==74937==    by 0x490011: semantic__register_builtins (in /mnt/c/Users/Juan/Documents/GitHub/Mapanare/mapanare/self/mnc-stage1)
==74937== 
==74937== 168 bytes in 1 blocks are indirectly lost in loss record 796 of 981
==74937==    at 0x484D953: calloc (in /usr/libexec/valgrind/vgpreload_memcheck-amd64-linux.so)
==74937==    by 0x490305: semantic__register_builtins (in /mnt/c/Users/Juan/Documents/GitHub/Mapanare/mapanare/self/mnc-stage1)
==74937== 
==74937== 168 bytes in 1 blocks are indirectly lost in loss record 797 of 981
==74937==    at 0x4846828: malloc (in /usr/libexec/valgrind/vgpreload_memcheck-amd64-linux.so)
==74937==    by 0x4903CA: semantic__register_builtins (in /mnt/c/Users/Juan/Documents/GitHub/Mapanare/mapanare/self/mnc-stage1)
==74937== 
==74937== 168 bytes in 1 blocks are indirectly lost in loss record 798 of 981
==74937==    at 0x484D953: calloc (in /usr/libexec/valgrind/vgpreload_memcheck-amd64-linux.so)
==74937==    by 0x4906C0: semantic__register_builtins (in /mnt/c/Users/Juan/Documents/GitHub/Mapanare/mapanare/self/mnc-stage1)
==74937== 
==74937== 168 bytes in 1 blocks are indirectly lost in loss record 799 of 981
==74937==    at 0x4846828: malloc (in /usr/libexec/valgrind/vgpreload_memcheck-amd64-linux.so)
==74937==    by 0x490785: semantic__register_builtins (in /mnt/c/Users/Juan/Documents/GitHub/Mapanare/mapanare/self/mnc-stage1)
==74937== 
==74937== 168 bytes in 1 blocks are indirectly lost in loss record 800 of 981
==74937==    at 0x484D953: calloc (in /usr/libexec/valgrind/vgpreload_memcheck-amd64-linux.so)
==74937==    by 0x490A7D: semantic__register_builtins (in /mnt/c/Users/Juan/Documents/GitHub/Mapanare/mapanare/self/mnc-stage1)
==74937== 
==74937== 168 bytes in 1 blocks are indirectly lost in loss record 801 of 981
==74937==    at 0x4846828: malloc (in /usr/libexec/valgrind/vgpreload_memcheck-amd64-linux.so)
==74937==    by 0x490B42: semantic__register_builtins (in /mnt/c/Users/Juan/Documents/GitHub/Mapanare/mapanare/self/mnc-stage1)
==74937== 
==74937== 168 bytes in 1 blocks are indirectly lost in loss record 802 of 981
==74937==    at 0x484D953: calloc (in /usr/libexec/valgrind/vgpreload_memcheck-amd64-linux.so)
==74937==    by 0x490E38: semantic__register_builtins (in /mnt/c/Users/Juan/Documents/GitHub/Mapanare/mapanare/self/mnc-stage1)
==74937== 
==74937== 168 bytes in 1 blocks are indirectly lost in loss record 803 of 981
==74937==    at 0x4846828: malloc (in /usr/libexec/valgrind/vgpreload_memcheck-amd64-linux.so)
==74937==    by 0x490EFD: semantic__register_builtins (in /mnt/c/Users/Juan/Documents/GitHub/Mapanare/mapanare/self/mnc-stage1)
==74937== 
==74937== 168 bytes in 1 blocks are indirectly lost in loss record 804 of 981
==74937==    at 0x484D953: calloc (in /usr/libexec/valgrind/vgpreload_memcheck-amd64-linux.so)
==74937==    by 0x4911F1: semantic__register_builtins (in /mnt/c/Users/Juan/Documents/GitHub/Mapanare/mapanare/self/mnc-stage1)
==74937== 
==74937== 168 bytes in 1 blocks are indirectly lost in loss record 805 of 981
==74937==    at 0x4846828: malloc (in /usr/libexec/valgrind/vgpreload_memcheck-amd64-linux.so)
==74937==    by 0x4912B6: semantic__register_builtins (in /mnt/c/Users/Juan/Documents/GitHub/Mapanare/mapanare/self/mnc-stage1)
==74937== 
==74937== 168 bytes in 1 blocks are indirectly lost in loss record 806 of 981
==74937==    at 0x484D953: calloc (in /usr/libexec/valgrind/vgpreload_memcheck-amd64-linux.so)
==74937==    by 0x4915AA: semantic__register_builtins (in /mnt/c/Users/Juan/Documents/GitHub/Mapanare/mapanare/self/mnc-stage1)
==74937== 
==74937== 168 bytes in 1 blocks are indirectly lost in loss record 807 of 981
==74937==    at 0x4846828: malloc (in /usr/libexec/valgrind/vgpreload_memcheck-amd64-linux.so)
==74937==    by 0x49166F: semantic__register_builtins (in /mnt/c/Users/Juan/Documents/GitHub/Mapanare/mapanare/self/mnc-stage1)
==74937== 
==74937== 168 bytes in 1 blocks are indirectly lost in loss record 808 of 981
==74937==    at 0x484D953: calloc (in /usr/libexec/valgrind/vgpreload_memcheck-amd64-linux.so)
==74937==    by 0x491963: semantic__register_builtins (in /mnt/c/Users/Juan/Documents/GitHub/Mapanare/mapanare/self/mnc-stage1)
==74937== 
==74937== 168 bytes in 1 blocks are indirectly lost in loss record 809 of 981
==74937==    at 0x4846828: malloc (in /usr/libexec/valgrind/vgpreload_memcheck-amd64-linux.so)
==74937==    by 0x491A28: semantic__register_builtins (in /mnt/c/Users/Juan/Documents/GitHub/Mapanare/mapanare/self/mnc-stage1)
==74937== 
==74937== 168 bytes in 1 blocks are indirectly lost in loss record 810 of 981
==74937==    at 0x484D953: calloc (in /usr/libexec/valgrind/vgpreload_memcheck-amd64-linux.so)
==74937==    by 0x491D1C: semantic__register_builtins (in /mnt/c/Users/Juan/Documents/GitHub/Mapanare/mapanare/self/mnc-stage1)
==74937== 
==74937== 168 bytes in 1 blocks are indirectly lost in loss record 811 of 981
==74937==    at 0x4846828: malloc (in /usr/libexec/valgrind/vgpreload_memcheck-amd64-linux.so)
==74937==    by 0x491DE1: semantic__register_builtins (in /mnt/c/Users/Juan/Documents/GitHub/Mapanare/mapanare/self/mnc-stage1)
==74937== 
==74937== 168 bytes in 1 blocks are indirectly lost in loss record 812 of 981
==74937==    at 0x484D953: calloc (in /usr/libexec/valgrind/vgpreload_memcheck-amd64-linux.so)
==74937==    by 0x4920D5: semantic__register_builtins (in /mnt/c/Users/Juan/Documents/GitHub/Mapanare/mapanare/self/mnc-stage1)
==74937== 
==74937== 168 bytes in 1 blocks are indirectly lost in loss record 813 of 981
==74937==    at 0x4846828: malloc (in /usr/libexec/valgrind/vgpreload_memcheck-amd64-linux.so)
==74937==    by 0x49219A: semantic__register_builtins (in /mnt/c/Users/Juan/Documents/GitHub/Mapanare/mapanare/self/mnc-stage1)
==74937== 
==74937== 168 bytes in 1 blocks are indirectly lost in loss record 814 of 981
==74937==    at 0x484D953: calloc (in /usr/libexec/valgrind/vgpreload_memcheck-amd64-linux.so)
==74937==    by 0x49248E: semantic__register_builtins (in /mnt/c/Users/Juan/Documents/GitHub/Mapanare/mapanare/self/mnc-stage1)
==74937== 
==74937== 168 bytes in 1 blocks are indirectly lost in loss record 815 of 981
==74937==    at 0x4846828: malloc (in /usr/libexec/valgrind/vgpreload_memcheck-amd64-linux.so)
==74937==    by 0x492553: semantic__register_builtins (in /mnt/c/Users/Juan/Documents/GitHub/Mapanare/mapanare/self/mnc-stage1)
==74937== 
==74937== 168 bytes in 1 blocks are indirectly lost in loss record 816 of 981
==74937==    at 0x484D953: calloc (in /usr/libexec/valgrind/vgpreload_memcheck-amd64-linux.so)
==74937==    by 0x492849: semantic__register_builtins (in /mnt/c/Users/Juan/Documents/GitHub/Mapanare/mapanare/self/mnc-stage1)
==74937== 
==74937== 168 bytes in 1 blocks are indirectly lost in loss record 817 of 981
==74937==    at 0x4846828: malloc (in /usr/libexec/valgrind/vgpreload_memcheck-amd64-linux.so)
==74937==    by 0x49290E: semantic__register_builtins (in /mnt/c/Users/Juan/Documents/GitHub/Mapanare/mapanare/self/mnc-stage1)
==74937== 
==74937== 168 bytes in 1 blocks are indirectly lost in loss record 818 of 981
==74937==    at 0x484D953: calloc (in /usr/libexec/valgrind/vgpreload_memcheck-amd64-linux.so)
==74937==    by 0x492C04: semantic__register_builtins (in /mnt/c/Users/Juan/Documents/GitHub/Mapanare/mapanare/self/mnc-stage1)
==74937== 
==74937== 168 bytes in 1 blocks are indirectly lost in loss record 819 of 981
==74937==    at 0x4846828: malloc (in /usr/libexec/valgrind/vgpreload_memcheck-amd64-linux.so)
==74937==    by 0x492CC9: semantic__register_builtins (in /mnt/c/Users/Juan/Documents/GitHub/Mapanare/mapanare/self/mnc-stage1)
==74937== 
==74937== 168 bytes in 1 blocks are indirectly lost in loss record 820 of 981
==74937==    at 0x484D953: calloc (in /usr/libexec/valgrind/vgpreload_memcheck-amd64-linux.so)
==74937==    by 0x492FBF: semantic__register_builtins (in /mnt/c/Users/Juan/Documents/GitHub/Mapanare/mapanare/self/mnc-stage1)
==74937== 
==74937== 168 bytes in 1 blocks are indirectly lost in loss record 821 of 981
==74937==    at 0x4846828: malloc (in /usr/libexec/valgrind/vgpreload_memcheck-amd64-linux.so)
==74937==    by 0x493084: semantic__register_builtins (in /mnt/c/Users/Juan/Documents/GitHub/Mapanare/mapanare/self/mnc-stage1)
==74937== 
==74937== 168 bytes in 1 blocks are indirectly lost in loss record 822 of 981
==74937==    at 0x484D953: calloc (in /usr/libexec/valgrind/vgpreload_memcheck-amd64-linux.so)
==74937==    by 0x49337A: semantic__register_builtins (in /mnt/c/Users/Juan/Documents/GitHub/Mapanare/mapanare/self/mnc-stage1)
==74937== 
==74937== 168 bytes in 1 blocks are indirectly lost in loss record 823 of 981
==74937==    at 0x4846828: malloc (in /usr/libexec/valgrind/vgpreload_memcheck-amd64-linux.so)
==74937==    by 0x49343F: semantic__register_builtins (in /mnt/c/Users/Juan/Documents/GitHub/Mapanare/mapanare/self/mnc-stage1)
==74937== 
==74937== 168 bytes in 1 blocks are indirectly lost in loss record 824 of 981
==74937==    at 0x484D953: calloc (in /usr/libexec/valgrind/vgpreload_memcheck-amd64-linux.so)
==74937==    by 0x493735: semantic__register_builtins (in /mnt/c/Users/Juan/Documents/GitHub/Mapanare/mapanare/self/mnc-stage1)
==74937== 
==74937== 168 bytes in 1 blocks are indirectly lost in loss record 825 of 981
==74937==    at 0x4846828: malloc (in /usr/libexec/valgrind/vgpreload_memcheck-amd64-linux.so)
==74937==    by 0x4937FA: semantic__register_builtins (in /mnt/c/Users/Juan/Documents/GitHub/Mapanare/mapanare/self/mnc-stage1)
==74937== 
==74937== 168 bytes in 1 blocks are indirectly lost in loss record 826 of 981
==74937==    at 0x484D953: calloc (in /usr/libexec/valgrind/vgpreload_memcheck-amd64-linux.so)
==74937==    by 0x493AF2: semantic__register_builtins (in /mnt/c/Users/Juan/Documents/GitHub/Mapanare/mapanare/self/mnc-stage1)
==74937== 
==74937== 168 bytes in 1 blocks are indirectly lost in loss record 827 of 981
==74937==    at 0x4846828: malloc (in /usr/libexec/valgrind/vgpreload_memcheck-amd64-linux.so)
==74937==    by 0x493BB7: semantic__register_builtins (in /mnt/c/Users/Juan/Documents/GitHub/Mapanare/mapanare/self/mnc-stage1)
==74937== 
==74937== 168 bytes in 1 blocks are indirectly lost in loss record 828 of 981
==74937==    at 0x484D953: calloc (in /usr/libexec/valgrind/vgpreload_memcheck-amd64-linux.so)
==74937==    by 0x493EAF: semantic__register_builtins (in /mnt/c/Users/Juan/Documents/GitHub/Mapanare/mapanare/self/mnc-stage1)
==74937== 
==74937== 168 bytes in 1 blocks are indirectly lost in loss record 829 of 981
==74937==    at 0x4846828: malloc (in /usr/libexec/valgrind/vgpreload_memcheck-amd64-linux.so)
==74937==    by 0x493F74: semantic__register_builtins (in /mnt/c/Users/Juan/Documents/GitHub/Mapanare/mapanare/self/mnc-stage1)
==74937== 
==74937== 168 bytes in 1 blocks are indirectly lost in loss record 830 of 981
==74937==    at 0x484D953: calloc (in /usr/libexec/valgrind/vgpreload_memcheck-amd64-linux.so)
==74937==    by 0x49426C: semantic__register_builtins (in /mnt/c/Users/Juan/Documents/GitHub/Mapanare/mapanare/self/mnc-stage1)
==74937== 
==74937== 168 bytes in 1 blocks are indirectly lost in loss record 831 of 981
==74937==    at 0x4846828: malloc (in /usr/libexec/valgrind/vgpreload_memcheck-amd64-linux.so)
==74937==    by 0x494331: semantic__register_builtins (in /mnt/c/Users/Juan/Documents/GitHub/Mapanare/mapanare/self/mnc-stage1)
==74937== 
==74937== 168 bytes in 1 blocks are indirectly lost in loss record 832 of 981
==74937==    at 0x484D953: calloc (in /usr/libexec/valgrind/vgpreload_memcheck-amd64-linux.so)
==74937==    by 0x494629: semantic__register_builtins (in /mnt/c/Users/Juan/Documents/GitHub/Mapanare/mapanare/self/mnc-stage1)
==74937== 
==74937== 168 bytes in 1 blocks are indirectly lost in loss record 833 of 981
==74937==    at 0x4846828: malloc (in /usr/libexec/valgrind/vgpreload_memcheck-amd64-linux.so)
==74937==    by 0x4946EE: semantic__register_builtins (in /mnt/c/Users/Juan/Documents/GitHub/Mapanare/mapanare/self/mnc-stage1)
==74937== 
==74937== 168 bytes in 1 blocks are indirectly lost in loss record 834 of 981
==74937==    at 0x484D953: calloc (in /usr/libexec/valgrind/vgpreload_memcheck-amd64-linux.so)
==74937==    by 0x4949E6: semantic__register_builtins (in /mnt/c/Users/Juan/Documents/GitHub/Mapanare/mapanare/self/mnc-stage1)
==74937== 
==74937== 168 bytes in 1 blocks are indirectly lost in loss record 835 of 981
==74937==    at 0x4846828: malloc (in /usr/libexec/valgrind/vgpreload_memcheck-amd64-linux.so)
==74937==    by 0x494AAB: semantic__register_builtins (in /mnt/c/Users/Juan/Documents/GitHub/Mapanare/mapanare/self/mnc-stage1)
==74937== 
==74937== 168 bytes in 1 blocks are indirectly lost in loss record 836 of 981
==74937==    at 0x484D953: calloc (in /usr/libexec/valgrind/vgpreload_memcheck-amd64-linux.so)
==74937==    by 0x494DA3: semantic__register_builtins (in /mnt/c/Users/Juan/Documents/GitHub/Mapanare/mapanare/self/mnc-stage1)
==74937== 
==74937== 168 bytes in 1 blocks are indirectly lost in loss record 837 of 981
==74937==    at 0x4846828: malloc (in /usr/libexec/valgrind/vgpreload_memcheck-amd64-linux.so)
==74937==    by 0x494E68: semantic__register_builtins (in /mnt/c/Users/Juan/Documents/GitHub/Mapanare/mapanare/self/mnc-stage1)
==74937== 
==74937== 168 bytes in 1 blocks are indirectly lost in loss record 838 of 981
==74937==    at 0x484D953: calloc (in /usr/libexec/valgrind/vgpreload_memcheck-amd64-linux.so)
==74937==    by 0x495160: semantic__register_builtins (in /mnt/c/Users/Juan/Documents/GitHub/Mapanare/mapanare/self/mnc-stage1)
==74937== 
==74937== 168 bytes in 1 blocks are indirectly lost in loss record 839 of 981
==74937==    at 0x4846828: malloc (in /usr/libexec/valgrind/vgpreload_memcheck-amd64-linux.so)
==74937==    by 0x495225: semantic__register_builtins (in /mnt/c/Users/Juan/Documents/GitHub/Mapanare/mapanare/self/mnc-stage1)
==74937== 
==74937== 168 bytes in 1 blocks are indirectly lost in loss record 840 of 981
==74937==    at 0x484D953: calloc (in /usr/libexec/valgrind/vgpreload_memcheck-amd64-linux.so)
==74937==    by 0x49551B: semantic__register_builtins (in /mnt/c/Users/Juan/Documents/GitHub/Mapanare/mapanare/self/mnc-stage1)
==74937== 
==74937== 168 bytes in 1 blocks are indirectly lost in loss record 841 of 981
==74937==    at 0x4846828: malloc (in /usr/libexec/valgrind/vgpreload_memcheck-amd64-linux.so)
==74937==    by 0x4955E0: semantic__register_builtins (in /mnt/c/Users/Juan/Documents/GitHub/Mapanare/mapanare/self/mnc-stage1)
==74937== 
==74937== 168 bytes in 1 blocks are indirectly lost in loss record 842 of 981
==74937==    at 0x484D953: calloc (in /usr/libexec/valgrind/vgpreload_memcheck-amd64-linux.so)
==74937==    by 0x4958D6: semantic__register_builtins (in /mnt/c/Users/Juan/Documents/GitHub/Mapanare/mapanare/self/mnc-stage1)
==74937== 
==74937== 168 bytes in 1 blocks are indirectly lost in loss record 843 of 981
==74937==    at 0x4846828: malloc (in /usr/libexec/valgrind/vgpreload_memcheck-amd64-linux.so)
==74937==    by 0x49599B: semantic__register_builtins (in /mnt/c/Users/Juan/Documents/GitHub/Mapanare/mapanare/self/mnc-stage1)
==74937== 
==74937== 168 bytes in 1 blocks are indirectly lost in loss record 844 of 981
==74937==    at 0x484D953: calloc (in /usr/libexec/valgrind/vgpreload_memcheck-amd64-linux.so)
==74937==    by 0x495C91: semantic__register_builtins (in /mnt/c/Users/Juan/Documents/GitHub/Mapanare/mapanare/self/mnc-stage1)
==74937== 
==74937== 168 bytes in 1 blocks are indirectly lost in loss record 845 of 981
==74937==    at 0x4846828: malloc (in /usr/libexec/valgrind/vgpreload_memcheck-amd64-linux.so)
==74937==    by 0x495D56: semantic__register_builtins (in /mnt/c/Users/Juan/Documents/GitHub/Mapanare/mapanare/self/mnc-stage1)
==74937== 
==74937== 168 bytes in 1 blocks are indirectly lost in loss record 846 of 981
==74937==    at 0x484D953: calloc (in /usr/libexec/valgrind/vgpreload_memcheck-amd64-linux.so)
==74937==    by 0x49604A: semantic__register_builtins (in /mnt/c/Users/Juan/Documents/GitHub/Mapanare/mapanare/self/mnc-stage1)
==74937== 
==74937== 168 bytes in 1 blocks are indirectly lost in loss record 847 of 981
==74937==    at 0x4846828: malloc (in /usr/libexec/valgrind/vgpreload_memcheck-amd64-linux.so)
==74937==    by 0x49610F: semantic__register_builtins (in /mnt/c/Users/Juan/Documents/GitHub/Mapanare/mapanare/self/mnc-stage1)
==74937== 
==74937== 168 bytes in 1 blocks are indirectly lost in loss record 848 of 981
==74937==    at 0x484D953: calloc (in /usr/libexec/valgrind/vgpreload_memcheck-amd64-linux.so)
==74937==    by 0x496403: semantic__register_builtins (in /mnt/c/Users/Juan/Documents/GitHub/Mapanare/mapanare/self/mnc-stage1)
==74937== 
==74937== 168 bytes in 1 blocks are indirectly lost in loss record 849 of 981
==74937==    at 0x4846828: malloc (in /usr/libexec/valgrind/vgpreload_memcheck-amd64-linux.so)
==74937==    by 0x4964C8: semantic__register_builtins (in /mnt/c/Users/Juan/Documents/GitHub/Mapanare/mapanare/self/mnc-stage1)
==74937== 
==74937== 168 bytes in 1 blocks are indirectly lost in loss record 850 of 981
==74937==    at 0x484D953: calloc (in /usr/libexec/valgrind/vgpreload_memcheck-amd64-linux.so)
==74937==    by 0x4967BC: semantic__register_builtins (in /mnt/c/Users/Juan/Documents/GitHub/Mapanare/mapanare/self/mnc-stage1)
==74937== 
==74937== 168 bytes in 1 blocks are indirectly lost in loss record 851 of 981
==74937==    at 0x4846828: malloc (in /usr/libexec/valgrind/vgpreload_memcheck-amd64-linux.so)
==74937==    by 0x496881: semantic__register_builtins (in /mnt/c/Users/Juan/Documents/GitHub/Mapanare/mapanare/self/mnc-stage1)
==74937== 
==74937== 168 bytes in 1 blocks are indirectly lost in loss record 852 of 981
==74937==    at 0x484D953: calloc (in /usr/libexec/valgrind/vgpreload_memcheck-amd64-linux.so)
==74937==    by 0x496B75: semantic__register_builtins (in /mnt/c/Users/Juan/Documents/GitHub/Mapanare/mapanare/self/mnc-stage1)
==74937== 
==74937== 168 bytes in 1 blocks are indirectly lost in loss record 853 of 981
==74937==    at 0x4846828: malloc (in /usr/libexec/valgrind/vgpreload_memcheck-amd64-linux.so)
==74937==    by 0x496C3A: semantic__register_builtins (in /mnt/c/Users/Juan/Documents/GitHub/Mapanare/mapanare/self/mnc-stage1)
==74937== 
==74937== 168 bytes in 1 blocks are indirectly lost in loss record 854 of 981
==74937==    at 0x484D953: calloc (in /usr/libexec/valgrind/vgpreload_memcheck-amd64-linux.so)
==74937==    by 0x496F2E: semantic__register_builtins (in /mnt/c/Users/Juan/Documents/GitHub/Mapanare/mapanare/self/mnc-stage1)
==74937== 
==74937== 168 bytes in 1 blocks are indirectly lost in loss record 855 of 981
==74937==    at 0x4846828: malloc (in /usr/libexec/valgrind/vgpreload_memcheck-amd64-linux.so)
==74937==    by 0x496FF3: semantic__register_builtins (in /mnt/c/Users/Juan/Documents/GitHub/Mapanare/mapanare/self/mnc-stage1)
==74937== 
==74937== 168 bytes in 1 blocks are indirectly lost in loss record 856 of 981
==74937==    at 0x484D953: calloc (in /usr/libexec/valgrind/vgpreload_memcheck-amd64-linux.so)
==74937==    by 0x4972E7: semantic__register_builtins (in /mnt/c/Users/Juan/Documents/GitHub/Mapanare/mapanare/self/mnc-stage1)
==74937== 
==74937== 168 bytes in 1 blocks are indirectly lost in loss record 857 of 981
==74937==    at 0x4846828: malloc (in /usr/libexec/valgrind/vgpreload_memcheck-amd64-linux.so)
==74937==    by 0x4973AC: semantic__register_builtins (in /mnt/c/Users/Juan/Documents/GitHub/Mapanare/mapanare/self/mnc-stage1)
==74937== 
==74937== 168 bytes in 1 blocks are indirectly lost in loss record 858 of 981
==74937==    at 0x484D953: calloc (in /usr/libexec/valgrind/vgpreload_memcheck-amd64-linux.so)
==74937==    by 0x4976A1: semantic__register_builtins (in /mnt/c/Users/Juan/Documents/GitHub/Mapanare/mapanare/self/mnc-stage1)
==74937== 
==74937== 168 bytes in 1 blocks are indirectly lost in loss record 859 of 981
==74937==    at 0x4846828: malloc (in /usr/libexec/valgrind/vgpreload_memcheck-amd64-linux.so)
==74937==    by 0x497766: semantic__register_builtins (in /mnt/c/Users/Juan/Documents/GitHub/Mapanare/mapanare/self/mnc-stage1)
==74937== 
==74937== 168 bytes in 1 blocks are indirectly lost in loss record 860 of 981
==74937==    at 0x484D953: calloc (in /usr/libexec/valgrind/vgpreload_memcheck-amd64-linux.so)
==74937==    by 0x497A5C: semantic__register_builtins (in /mnt/c/Users/Juan/Documents/GitHub/Mapanare/mapanare/self/mnc-stage1)
==74937== 
==74937== 168 bytes in 1 blocks are indirectly lost in loss record 861 of 981
==74937==    at 0x4846828: malloc (in /usr/libexec/valgrind/vgpreload_memcheck-amd64-linux.so)
==74937==    by 0x497B21: semantic__register_builtins (in /mnt/c/Users/Juan/Documents/GitHub/Mapanare/mapanare/self/mnc-stage1)
==74937== 
==74937== 168 bytes in 1 blocks are indirectly lost in loss record 862 of 981
==74937==    at 0x484D953: calloc (in /usr/libexec/valgrind/vgpreload_memcheck-amd64-linux.so)
==74937==    by 0x43AEBD: semantic__resolve_type_opt (in /mnt/c/Users/Juan/Documents/GitHub/Mapanare/mapanare/self/mnc-stage1)
==74937==    by 0x6A791DF: ???
==74937== 
==74937== 168 bytes in 27 blocks are indirectly lost in loss record 863 of 981
==74937==    at 0x484D953: calloc (in /usr/libexec/valgrind/vgpreload_memcheck-amd64-linux.so)
==74937==    by 0x723DE9: __mn_alloc (in /mnt/c/Users/Juan/Documents/GitHub/Mapanare/mapanare/self/mnc-stage1)
==74937==    by 0x7249CE: __mn_str_concat (in /mnt/c/Users/Juan/Documents/GitHub/Mapanare/mapanare/self/mnc-stage1)
==74937==    by 0x499B12: lower_state__fresh_tmp (in /mnt/c/Users/Juan/Documents/GitHub/Mapanare/mapanare/self/mnc-stage1)
==74937==    by 0xFFFFFFFFFFFF: ???
==74937== 
==74937== 168 bytes in 1 blocks are definitely lost in loss record 864 of 981
==74937==    at 0x484D953: calloc (in /usr/libexec/valgrind/vgpreload_memcheck-amd64-linux.so)
==74937==    by 0x415BCF: compile (in /mnt/c/Users/Juan/Documents/GitHub/Mapanare/mapanare/self/mnc-stage1)
==74937== 
==74937== 168 bytes in 1 blocks are definitely lost in loss record 865 of 981
==74937==    at 0x484D953: calloc (in /usr/libexec/valgrind/vgpreload_memcheck-amd64-linux.so)
==74937==    by 0x439E73: semantic__resolve_type_expr (in /mnt/c/Users/Juan/Documents/GitHub/Mapanare/mapanare/self/mnc-stage1)
==74937== 
==74937== 168 bytes in 1 blocks are definitely lost in loss record 866 of 981
==74937==    at 0x484D953: calloc (in /usr/libexec/valgrind/vgpreload_memcheck-amd64-linux.so)
==74937==    by 0x43A342: semantic__resolve_type_expr (in /mnt/c/Users/Juan/Documents/GitHub/Mapanare/mapanare/self/mnc-stage1)
==74937== 
==74937== 168 bytes in 1 blocks are definitely lost in loss record 867 of 981
==74937==    at 0x484D953: calloc (in /usr/libexec/valgrind/vgpreload_memcheck-amd64-linux.so)
==74937==    by 0x43B478: semantic__infer_expr (in /mnt/c/Users/Juan/Documents/GitHub/Mapanare/mapanare/self/mnc-stage1)
==74937== 
==74937== 168 bytes in 1 blocks are definitely lost in loss record 868 of 981
==74937==    at 0x484D953: calloc (in /usr/libexec/valgrind/vgpreload_memcheck-amd64-linux.so)
==74937==    by 0x4372AB: semantic__bool_type (in /mnt/c/Users/Juan/Documents/GitHub/Mapanare/mapanare/self/mnc-stage1)
==74937== 
==74937== 168 bytes in 1 blocks are definitely lost in loss record 869 of 981
==74937==    at 0x484D953: calloc (in /usr/libexec/valgrind/vgpreload_memcheck-amd64-linux.so)
==74937==    by 0x46018E: semantic__check_if_expr (in /mnt/c/Users/Juan/Documents/GitHub/Mapanare/mapanare/self/mnc-stage1)
==74937== 
==74937== 168 bytes in 1 blocks are definitely lost in loss record 870 of 981
==74937==    at 0x484D953: calloc (in /usr/libexec/valgrind/vgpreload_memcheck-amd64-linux.so)
==74937==    by 0x43AEBD: semantic__resolve_type_opt (in /mnt/c/Users/Juan/Documents/GitHub/Mapanare/mapanare/self/mnc-stage1)
==74937== 
==74937== 170 bytes in 2 blocks are indirectly lost in loss record 871 of 981
==74937==    at 0x484D953: calloc (in /usr/libexec/valgrind/vgpreload_memcheck-amd64-linux.so)
==74937==    by 0x723DE9: __mn_alloc (in /mnt/c/Users/Juan/Documents/GitHub/Mapanare/mapanare/self/mnc-stage1)
==74937==    by 0x7249CE: __mn_str_concat (in /mnt/c/Users/Juan/Documents/GitHub/Mapanare/mapanare/self/mnc-stage1)
==74937==    by 0x68D511: emit_llvm__declare_runtime_fn (in /mnt/c/Users/Juan/Documents/GitHub/Mapanare/mapanare/self/mnc-stage1)
==74937==    by 0x1: ???
==74937==    by 0x6AC4D8F: ???
==74937==    by 0xF: ???
==74937== 
==74937== 172 bytes in 3 blocks are indirectly lost in loss record 872 of 981
==74937==    at 0x484D953: calloc (in /usr/libexec/valgrind/vgpreload_memcheck-amd64-linux.so)
==74937==    by 0x723DE9: __mn_alloc (in /mnt/c/Users/Juan/Documents/GitHub/Mapanare/mapanare/self/mnc-stage1)
==74937==    by 0x7249CE: __mn_str_concat (in /mnt/c/Users/Juan/Documents/GitHub/Mapanare/mapanare/self/mnc-stage1)
==74937==    by 0x68D511: emit_llvm__declare_runtime_fn (in /mnt/c/Users/Juan/Documents/GitHub/Mapanare/mapanare/self/mnc-stage1)
==74937==    by 0x3: ???
==74937==    by 0x6AC4D8F: ???
==74937==    by 0xF: ???
==74937== 
==74937== 176 bytes in 2 blocks are indirectly lost in loss record 873 of 981
==74937==    at 0x4846828: malloc (in /usr/libexec/valgrind/vgpreload_memcheck-amd64-linux.so)
==74937==    by 0x4F1797: lower__lower_return (in /mnt/c/Users/Juan/Documents/GitHub/Mapanare/mapanare/self/mnc-stage1)
==74937== 
==74937== 176 bytes in 11 blocks are definitely lost in loss record 874 of 981
==74937==    at 0x4846828: malloc (in /usr/libexec/valgrind/vgpreload_memcheck-amd64-linux.so)
==74937==    by 0x728B99: __mn_range (in /mnt/c/Users/Juan/Documents/GitHub/Mapanare/mapanare/self/mnc-stage1)
==74937==    by 0x678E3F: mir_opt__constant_fold_block (in /mnt/c/Users/Juan/Documents/GitHub/Mapanare/mapanare/self/mnc-stage1)
==74937== 
==74937== 187 bytes in 3 blocks are indirectly lost in loss record 875 of 981
==74937==    at 0x484D953: calloc (in /usr/libexec/valgrind/vgpreload_memcheck-amd64-linux.so)
==74937==    by 0x723DE9: __mn_alloc (in /mnt/c/Users/Juan/Documents/GitHub/Mapanare/mapanare/self/mnc-stage1)
==74937==    by 0x7249CE: __mn_str_concat (in /mnt/c/Users/Juan/Documents/GitHub/Mapanare/mapanare/self/mnc-stage1)
==74937==    by 0x68D511: emit_llvm__declare_runtime_fn (in /mnt/c/Users/Juan/Documents/GitHub/Mapanare/mapanare/self/mnc-stage1)
==74937==    by 0x3: ???
==74937==    by 0x6ACF67F: ???
==74937==    by 0xF: ???
==74937== 
==74937== 187 bytes in 4 blocks are indirectly lost in loss record 876 of 981
==74937==    at 0x484D953: calloc (in /usr/libexec/valgrind/vgpreload_memcheck-amd64-linux.so)
==74937==    by 0x723DE9: __mn_alloc (in /mnt/c/Users/Juan/Documents/GitHub/Mapanare/mapanare/self/mnc-stage1)
==74937==    by 0x7249CE: __mn_str_concat (in /mnt/c/Users/Juan/Documents/GitHub/Mapanare/mapanare/self/mnc-stage1)
==74937==    by 0x70CC15: emit_llvm__emit_builtin_print (in /mnt/c/Users/Juan/Documents/GitHub/Mapanare/mapanare/self/mnc-stage1)
==74937== 
==74937== 214 (144 direct, 70 indirect) bytes in 1 blocks are definitely lost in loss record 877 of 981
==74937==    at 0x484D953: calloc (in /usr/libexec/valgrind/vgpreload_memcheck-amd64-linux.so)
==74937==    by 0x723DE9: __mn_alloc (in /mnt/c/Users/Juan/Documents/GitHub/Mapanare/mapanare/self/mnc-stage1)
==74937==    by 0x725AFA: __mn_list_push (in /mnt/c/Users/Juan/Documents/GitHub/Mapanare/mapanare/self/mnc-stage1)
==74937==    by 0x414DD2: resolve_imports (in /mnt/c/Users/Juan/Documents/GitHub/Mapanare/mapanare/self/mnc-stage1)
==74937==    by 0x6A73667: ???
==74937==    by 0x71: ???
==74937== 
==74937== 250 bytes in 3 blocks are indirectly lost in loss record 878 of 981
==74937==    at 0x484D953: calloc (in /usr/libexec/valgrind/vgpreload_memcheck-amd64-linux.so)
==74937==    by 0x723DE9: __mn_alloc (in /mnt/c/Users/Juan/Documents/GitHub/Mapanare/mapanare/self/mnc-stage1)
==74937==    by 0x7249CE: __mn_str_concat (in /mnt/c/Users/Juan/Documents/GitHub/Mapanare/mapanare/self/mnc-stage1)
==74937==    by 0x68D511: emit_llvm__declare_runtime_fn (in /mnt/c/Users/Juan/Documents/GitHub/Mapanare/mapanare/self/mnc-stage1)
==74937==    by 0x18: ???
==74937==    by 0x6AC86FF: ???
==74937==    by 0xF: ???
==74937== 
==74937== 254 bytes in 6 blocks are indirectly lost in loss record 879 of 981
==74937==    at 0x484D953: calloc (in /usr/libexec/valgrind/vgpreload_memcheck-amd64-linux.so)
==74937==    by 0x723DE9: __mn_alloc (in /mnt/c/Users/Juan/Documents/GitHub/Mapanare/mapanare/self/mnc-stage1)
==74937==    by 0x7249CE: __mn_str_concat (in /mnt/c/Users/Juan/Documents/GitHub/Mapanare/mapanare/self/mnc-stage1)
==74937==    by 0x6CE754: emit_llvm__emit_load (in /mnt/c/Users/Juan/Documents/GitHub/Mapanare/mapanare/self/mnc-stage1)
==74937== 
==74937== 256 bytes in 1 blocks are indirectly lost in loss record 880 of 981
==74937==    at 0x4846828: malloc (in /usr/libexec/valgrind/vgpreload_memcheck-amd64-linux.so)
==74937==    by 0x579534: lower__lower_binary (in /mnt/c/Users/Juan/Documents/GitHub/Mapanare/mapanare/self/mnc-stage1)
==74937== 
==74937== 256 bytes in 1 blocks are indirectly lost in loss record 881 of 981
==74937==    at 0x4846828: malloc (in /usr/libexec/valgrind/vgpreload_memcheck-amd64-linux.so)
==74937==    by 0x67A5D8: mir_opt__propagate_in_instruction (in /mnt/c/Users/Juan/Documents/GitHub/Mapanare/mapanare/self/mnc-stage1)
==74937== 
==74937== 272 bytes in 1 blocks are indirectly lost in loss record 882 of 981
==74937==    at 0x484D953: calloc (in /usr/libexec/valgrind/vgpreload_memcheck-amd64-linux.so)
==74937==    by 0x723DE9: __mn_alloc (in /mnt/c/Users/Juan/Documents/GitHub/Mapanare/mapanare/self/mnc-stage1)
==74937==    by 0x725AFA: __mn_list_push (in /mnt/c/Users/Juan/Documents/GitHub/Mapanare/mapanare/self/mnc-stage1)
==74937==    by 0x650A03: lower__build_match_arms (in /mnt/c/Users/Juan/Documents/GitHub/Mapanare/mapanare/self/mnc-stage1)
==74937==    by 0xFFFFFFFFFFFFFF: ???
==74937==    by 0x800000000000000B: ???
==74937==    by 0x8000000000000009: ???
==74937==    by 0x6AADF1F: ???
==74937==    by 0x6AADFBF: ???
==74937==    by 0x2: ???
==74937==    by 0x37: ???
==74937== 
==74937== 272 bytes in 1 blocks are indirectly lost in loss record 883 of 981
==74937==    at 0x484D953: calloc (in /usr/libexec/valgrind/vgpreload_memcheck-amd64-linux.so)
==74937==    by 0x723DE9: __mn_alloc (in /mnt/c/Users/Juan/Documents/GitHub/Mapanare/mapanare/self/mnc-stage1)
==74937==    by 0x725AFA: __mn_list_push (in /mnt/c/Users/Juan/Documents/GitHub/Mapanare/mapanare/self/mnc-stage1)
==74937==    by 0x650A03: lower__build_match_arms (in /mnt/c/Users/Juan/Documents/GitHub/Mapanare/mapanare/self/mnc-stage1)
==74937==    by 0xFFFFFFFFFFFFFF: ???
==74937==    by 0x800000000000000B: ???
==74937==    by 0x8000000000000009: ???
==74937==    by 0x6AB240F: ???
==74937==    by 0x6AB24AF: ???
==74937==    by 0x2: ???
==74937==    by 0x37: ???
==74937== 
==74937== 272 bytes in 1 blocks are indirectly lost in loss record 884 of 981
==74937==    at 0x484D953: calloc (in /usr/libexec/valgrind/vgpreload_memcheck-amd64-linux.so)
==74937==    by 0x723DE9: __mn_alloc (in /mnt/c/Users/Juan/Documents/GitHub/Mapanare/mapanare/self/mnc-stage1)
==74937==    by 0x725BBF: __mn_list_push (in /mnt/c/Users/Juan/Documents/GitHub/Mapanare/mapanare/self/mnc-stage1)
==74937==    by 0x49D5DD: lower_state__emit_instr (in /mnt/c/Users/Juan/Documents/GitHub/Mapanare/mapanare/self/mnc-stage1)
==74937==    by 0x7: ???
==74937==    by 0x37: ???
==74937== 
==74937== 272 bytes in 1 blocks are indirectly lost in loss record 885 of 981
==74937==    at 0x484D953: calloc (in /usr/libexec/valgrind/vgpreload_memcheck-amd64-linux.so)
==74937==    by 0x723DE9: __mn_alloc (in /mnt/c/Users/Juan/Documents/GitHub/Mapanare/mapanare/self/mnc-stage1)
==74937==    by 0x725BBF: __mn_list_push (in /mnt/c/Users/Juan/Documents/GitHub/Mapanare/mapanare/self/mnc-stage1)
==74937==    by 0x67B6A8: mir_opt__const_prop_function (in /mnt/c/Users/Juan/Documents/GitHub/Mapanare/mapanare/self/mnc-stage1)
==74937== 
==74937== 272 bytes in 1 blocks are indirectly lost in loss record 886 of 981
==74937==    at 0x484D953: calloc (in /usr/libexec/valgrind/vgpreload_memcheck-amd64-linux.so)
==74937==    by 0x723DE9: __mn_alloc (in /mnt/c/Users/Juan/Documents/GitHub/Mapanare/mapanare/self/mnc-stage1)
==74937==    by 0x725BBF: __mn_list_push (in /mnt/c/Users/Juan/Documents/GitHub/Mapanare/mapanare/self/mnc-stage1)
==74937==    by 0x689AB0: emit_llvm__build_internal_struct_list (in /mnt/c/Users/Juan/Documents/GitHub/Mapanare/mapanare/self/mnc-stage1)
==74937==    by 0xF: ???
==74937== 
==74937== 272 bytes in 1 blocks are indirectly lost in loss record 887 of 981
==74937==    at 0x484D953: calloc (in /usr/libexec/valgrind/vgpreload_memcheck-amd64-linux.so)
==74937==    by 0x723DE9: __mn_alloc (in /mnt/c/Users/Juan/Documents/GitHub/Mapanare/mapanare/self/mnc-stage1)
==74937==    by 0x725BBF: __mn_list_push (in /mnt/c/Users/Juan/Documents/GitHub/Mapanare/mapanare/self/mnc-stage1)
==74937==    by 0x689D47: emit_llvm__build_internal_struct_list (in /mnt/c/Users/Juan/Documents/GitHub/Mapanare/mapanare/self/mnc-stage1)
==74937==    by 0xF: ???
==74937== 
==74937== 272 bytes in 1 blocks are indirectly lost in loss record 888 of 981
==74937==    at 0x484D953: calloc (in /usr/libexec/valgrind/vgpreload_memcheck-amd64-linux.so)
==74937==    by 0x723DE9: __mn_alloc (in /mnt/c/Users/Juan/Documents/GitHub/Mapanare/mapanare/self/mnc-stage1)
==74937==    by 0x725BBF: __mn_list_push (in /mnt/c/Users/Juan/Documents/GitHub/Mapanare/mapanare/self/mnc-stage1)
==74937==    by 0x68A05F: emit_llvm__build_internal_struct_list (in /mnt/c/Users/Juan/Documents/GitHub/Mapanare/mapanare/self/mnc-stage1)
==74937==    by 0xF: ???
==74937== 
==74937== 272 bytes in 2 blocks are indirectly lost in loss record 889 of 981
==74937==    at 0x4846828: malloc (in /usr/libexec/valgrind/vgpreload_memcheck-amd64-linux.so)
==74937==    by 0x655A38: lower__lower_match (in /mnt/c/Users/Juan/Documents/GitHub/Mapanare/mapanare/self/mnc-stage1)
==74937==    by 0x3F: ???
==74937== 
==74937== 272 bytes in 2 blocks are indirectly lost in loss record 890 of 981
==74937==    at 0x4846828: malloc (in /usr/libexec/valgrind/vgpreload_memcheck-amd64-linux.so)
==74937==    by 0x5AF234: lower__lower_call_by_name (in /mnt/c/Users/Juan/Documents/GitHub/Mapanare/mapanare/self/mnc-stage1)
==74937== 
==74937== 272 bytes in 1 blocks are definitely lost in loss record 891 of 981
==74937==    at 0x484D953: calloc (in /usr/libexec/valgrind/vgpreload_memcheck-amd64-linux.so)
==74937==    by 0x723DE9: __mn_alloc (in /mnt/c/Users/Juan/Documents/GitHub/Mapanare/mapanare/self/mnc-stage1)
==74937==    by 0x725BBF: __mn_list_push (in /mnt/c/Users/Juan/Documents/GitHub/Mapanare/mapanare/self/mnc-stage1)
==74937==    by 0x678F74: mir_opt__constant_fold_block (in /mnt/c/Users/Juan/Documents/GitHub/Mapanare/mapanare/self/mnc-stage1)
==74937== 
==74937== 277 bytes in 4 blocks are indirectly lost in loss record 892 of 981
==74937==    at 0x484D953: calloc (in /usr/libexec/valgrind/vgpreload_memcheck-amd64-linux.so)
==74937==    by 0x723DE9: __mn_alloc (in /mnt/c/Users/Juan/Documents/GitHub/Mapanare/mapanare/self/mnc-stage1)
==74937==    by 0x7249CE: __mn_str_concat (in /mnt/c/Users/Juan/Documents/GitHub/Mapanare/mapanare/self/mnc-stage1)
==74937==    by 0x68D511: emit_llvm__declare_runtime_fn (in /mnt/c/Users/Juan/Documents/GitHub/Mapanare/mapanare/self/mnc-stage1)
==74937==    by 0x2: ???
==74937==    by 0x6AC4D8F: ???
==74937==    by 0xF: ???
==74937== 
==74937== 284 bytes in 5 blocks are indirectly lost in loss record 893 of 981
==74937==    at 0x484D953: calloc (in /usr/libexec/valgrind/vgpreload_memcheck-amd64-linux.so)
==74937==    by 0x723DE9: __mn_alloc (in /mnt/c/Users/Juan/Documents/GitHub/Mapanare/mapanare/self/mnc-stage1)
==74937==    by 0x7249CE: __mn_str_concat (in /mnt/c/Users/Juan/Documents/GitHub/Mapanare/mapanare/self/mnc-stage1)
==74937==    by 0x68D511: emit_llvm__declare_runtime_fn (in /mnt/c/Users/Juan/Documents/GitHub/Mapanare/mapanare/self/mnc-stage1)
==74937==    by 0x3: ???
==74937==    by 0x6AC86FF: ???
==74937==    by 0xF: ???
==74937== 
==74937== 288 bytes in 2 blocks are indirectly lost in loss record 894 of 981
==74937==    at 0x484D953: calloc (in /usr/libexec/valgrind/vgpreload_memcheck-amd64-linux.so)
==74937==    by 0x723DE9: __mn_alloc (in /mnt/c/Users/Juan/Documents/GitHub/Mapanare/mapanare/self/mnc-stage1)
==74937==    by 0x725AFA: __mn_list_push (in /mnt/c/Users/Juan/Documents/GitHub/Mapanare/mapanare/self/mnc-stage1)
==74937==    by 0x436796: parser__parse_generic_type (in /mnt/c/Users/Juan/Documents/GitHub/Mapanare/mapanare/self/mnc-stage1)
==74937==    by 0x7F: ???
==74937== 
==74937== 288 bytes in 2 blocks are indirectly lost in loss record 895 of 981
==74937==    at 0x484D953: calloc (in /usr/libexec/valgrind/vgpreload_memcheck-amd64-linux.so)
==74937==    by 0x723DE9: __mn_alloc (in /mnt/c/Users/Juan/Documents/GitHub/Mapanare/mapanare/self/mnc-stage1)
==74937==    by 0x725AFA: __mn_list_push (in /mnt/c/Users/Juan/Documents/GitHub/Mapanare/mapanare/self/mnc-stage1)
==74937==    by 0x434981: parser__parse_pattern_alt (in /mnt/c/Users/Juan/Documents/GitHub/Mapanare/mapanare/self/mnc-stage1)
==74937== 
==74937== 288 bytes in 2 blocks are indirectly lost in loss record 896 of 981
==74937==    at 0x4846828: malloc (in /usr/libexec/valgrind/vgpreload_memcheck-amd64-linux.so)
==74937==    by 0x4EBE65: lower__lower_let (in /mnt/c/Users/Juan/Documents/GitHub/Mapanare/mapanare/self/mnc-stage1)
==74937==    by 0x8000000000000005: ???
==74937== 
==74937== 288 bytes in 2 blocks are indirectly lost in loss record 897 of 981
==74937==    at 0x4846828: malloc (in /usr/libexec/valgrind/vgpreload_memcheck-amd64-linux.so)
==74937==    by 0x66EA92: lower__bind_one_pattern_field (in /mnt/c/Users/Juan/Documents/GitHub/Mapanare/mapanare/self/mnc-stage1)
==74937== 
==74937== 288 bytes in 2 blocks are indirectly lost in loss record 898 of 981
==74937==    at 0x4846828: malloc (in /usr/libexec/valgrind/vgpreload_memcheck-amd64-linux.so)
==74937==    by 0x6636D8: lower__lower_match (in /mnt/c/Users/Juan/Documents/GitHub/Mapanare/mapanare/self/mnc-stage1)
==74937==    by 0x3: ???
==74937==    by 0x800000000000000E: ???
==74937== 
==74937== 288 bytes in 4 blocks are indirectly lost in loss record 899 of 981
==74937==    at 0x4846828: malloc (in /usr/libexec/valgrind/vgpreload_memcheck-amd64-linux.so)
==74937==    by 0x4340D7: parser__parse_match_arm_item (in /mnt/c/Users/Juan/Documents/GitHub/Mapanare/mapanare/self/mnc-stage1)
==74937==    by 0x6A82DBF: ???
==74937==    by 0x6A82DBF: ???
==74937==    by 0x71: ???
==74937==    by 0x7F: ???
==74937==    by 0x3F: ???
==74937== 
==74937== 288 bytes in 2 blocks are definitely lost in loss record 900 of 981
==74937==    at 0x484D953: calloc (in /usr/libexec/valgrind/vgpreload_memcheck-amd64-linux.so)
==74937==    by 0x723DE9: __mn_alloc (in /mnt/c/Users/Juan/Documents/GitHub/Mapanare/mapanare/self/mnc-stage1)
==74937==    by 0x725AFA: __mn_list_push (in /mnt/c/Users/Juan/Documents/GitHub/Mapanare/mapanare/self/mnc-stage1)
==74937==    by 0x67BEE3: mir_opt__collect_targets (in /mnt/c/Users/Juan/Documents/GitHub/Mapanare/mapanare/self/mnc-stage1)
==74937==    by 0x1101: ???
==74937==    by 0x5: ???
==74937==    by 0x73C0AF: ??? (in /mnt/c/Users/Juan/Documents/GitHub/Mapanare/mapanare/self/mnc-stage1)
==74937== 
==74937== 288 bytes in 2 blocks are definitely lost in loss record 901 of 981
==74937==    at 0x484D953: calloc (in /usr/libexec/valgrind/vgpreload_memcheck-amd64-linux.so)
==74937==    by 0x723DE9: __mn_alloc (in /mnt/c/Users/Juan/Documents/GitHub/Mapanare/mapanare/self/mnc-stage1)
==74937==    by 0x725AFA: __mn_list_push (in /mnt/c/Users/Juan/Documents/GitHub/Mapanare/mapanare/self/mnc-stage1)
==74937==    by 0x67BE83: mir_opt__collect_targets (in /mnt/c/Users/Juan/Documents/GitHub/Mapanare/mapanare/self/mnc-stage1)
==74937==    by 0x1101: ???
==74937==    by 0x3: ???
==74937==    by 0x73C0A7: ??? (in /mnt/c/Users/Juan/Documents/GitHub/Mapanare/mapanare/self/mnc-stage1)
==74937== 
==74937== 300 bytes in 4 blocks are indirectly lost in loss record 902 of 981
==74937==    at 0x484D953: calloc (in /usr/libexec/valgrind/vgpreload_memcheck-amd64-linux.so)
==74937==    by 0x723DE9: __mn_alloc (in /mnt/c/Users/Juan/Documents/GitHub/Mapanare/mapanare/self/mnc-stage1)
==74937==    by 0x7249CE: __mn_str_concat (in /mnt/c/Users/Juan/Documents/GitHub/Mapanare/mapanare/self/mnc-stage1)
==74937==    by 0x68D511: emit_llvm__declare_runtime_fn (in /mnt/c/Users/Juan/Documents/GitHub/Mapanare/mapanare/self/mnc-stage1)
==74937==    by 0x2: ???
==74937==    by 0x6AC36EF: ???
==74937==    by 0xF: ???
==74937== 
==74937== 320 bytes in 2 blocks are indirectly lost in loss record 903 of 981
==74937==    at 0x4846828: malloc (in /usr/libexec/valgrind/vgpreload_memcheck-amd64-linux.so)
==74937==    by 0x5BC6DE: lower__lower_call_by_name (in /mnt/c/Users/Juan/Documents/GitHub/Mapanare/mapanare/self/mnc-stage1)
==74937== 
==74937== 320 bytes in 2 blocks are indirectly lost in loss record 904 of 981
==74937==    at 0x4846828: malloc (in /usr/libexec/valgrind/vgpreload_memcheck-amd64-linux.so)
==74937==    by 0x4EEA49: lower__lower_let (in /mnt/c/Users/Juan/Documents/GitHub/Mapanare/mapanare/self/mnc-stage1)
==74937==    by 0x8000000000000005: ???
==74937== 
==74937== 320 bytes in 2 blocks are indirectly lost in loss record 905 of 981
==74937==    at 0x4846828: malloc (in /usr/libexec/valgrind/vgpreload_memcheck-amd64-linux.so)
==74937==    by 0x6551CB: lower__lower_match (in /mnt/c/Users/Juan/Documents/GitHub/Mapanare/mapanare/self/mnc-stage1)
==74937==    by 0x3F: ???
==74937== 
==74937== 320 bytes in 2 blocks are indirectly lost in loss record 906 of 981
==74937==    at 0x4846828: malloc (in /usr/libexec/valgrind/vgpreload_memcheck-amd64-linux.so)
==74937==    by 0x66F2EE: lower__bind_one_pattern_field (in /mnt/c/Users/Juan/Documents/GitHub/Mapanare/mapanare/self/mnc-stage1)
==74937== 
==74937== 320 bytes in 2 blocks are indirectly lost in loss record 907 of 981
==74937==    at 0x4846828: malloc (in /usr/libexec/valgrind/vgpreload_memcheck-amd64-linux.so)
==74937==    by 0x546678: lower__lower_expr (in /mnt/c/Users/Juan/Documents/GitHub/Mapanare/mapanare/self/mnc-stage1)
==74937== 
==74937== 320 bytes in 2 blocks are indirectly lost in loss record 908 of 981
==74937==    at 0x4846828: malloc (in /usr/libexec/valgrind/vgpreload_memcheck-amd64-linux.so)
==74937==    by 0x663EC3: lower__lower_match (in /mnt/c/Users/Juan/Documents/GitHub/Mapanare/mapanare/self/mnc-stage1)
==74937==    by 0x3: ???
==74937==    by 0x800000000000000E: ???
==74937== 
==74937== 329 (272 direct, 57 indirect) bytes in 1 blocks are definitely lost in loss record 909 of 981
==74937==    at 0x484D953: calloc (in /usr/libexec/valgrind/vgpreload_memcheck-amd64-linux.so)
==74937==    by 0x723DE9: __mn_alloc (in /mnt/c/Users/Juan/Documents/GitHub/Mapanare/mapanare/self/mnc-stage1)
==74937==    by 0x725AFA: __mn_list_push (in /mnt/c/Users/Juan/Documents/GitHub/Mapanare/mapanare/self/mnc-stage1)
==74937==    by 0x4B78AD: lower__register_definition (in /mnt/c/Users/Juan/Documents/GitHub/Mapanare/mapanare/self/mnc-stage1)
==74937== 
==74937== 336 bytes in 2 blocks are indirectly lost in loss record 910 of 981
==74937==    at 0x4846828: malloc (in /usr/libexec/valgrind/vgpreload_memcheck-amd64-linux.so)
==74937==    by 0x477EA4: semantic__register_def (in /mnt/c/Users/Juan/Documents/GitHub/Mapanare/mapanare/self/mnc-stage1)
==74937== 
==74937== 336 bytes in 2 blocks are indirectly lost in loss record 911 of 981
==74937==    at 0x484D953: calloc (in /usr/libexec/valgrind/vgpreload_memcheck-amd64-linux.so)
==74937==    by 0x4646E8: semantic__bind_pattern (in /mnt/c/Users/Juan/Documents/GitHub/Mapanare/mapanare/self/mnc-stage1)
==74937==    by 0x9F: ???
==74937== 
==74937== 336 bytes in 2 blocks are indirectly lost in loss record 912 of 981
==74937==    at 0x484D953: calloc (in /usr/libexec/valgrind/vgpreload_memcheck-amd64-linux.so)
==74937==    by 0x43B78D: semantic__infer_expr (in /mnt/c/Users/Juan/Documents/GitHub/Mapanare/mapanare/self/mnc-stage1)
==74937==    by 0x7: ???
==74937==    by 0xF: ???
==74937== 
==74937== 336 bytes in 2 blocks are definitely lost in loss record 913 of 981
==74937==    at 0x484D953: calloc (in /usr/libexec/valgrind/vgpreload_memcheck-amd64-linux.so)
==74937==    by 0x462D08: semantic__check_match_expr (in /mnt/c/Users/Juan/Documents/GitHub/Mapanare/mapanare/self/mnc-stage1)
==74937==    by 0x9F: ???
==74937== 
==74937== 344 bytes in 5 blocks are indirectly lost in loss record 914 of 981
==74937==    at 0x484D953: calloc (in /usr/libexec/valgrind/vgpreload_memcheck-amd64-linux.so)
==74937==    by 0x723DE9: __mn_alloc (in /mnt/c/Users/Juan/Documents/GitHub/Mapanare/mapanare/self/mnc-stage1)
==74937==    by 0x7249CE: __mn_str_concat (in /mnt/c/Users/Juan/Documents/GitHub/Mapanare/mapanare/self/mnc-stage1)
==74937==    by 0x68D511: emit_llvm__declare_runtime_fn (in /mnt/c/Users/Juan/Documents/GitHub/Mapanare/mapanare/self/mnc-stage1)
==74937==    by 0x9: ???
==74937==    by 0x6AC4D8F: ???
==74937==    by 0xF: ???
==74937== 
==74937== 352 bytes in 2 blocks are indirectly lost in loss record 915 of 981
==74937==    at 0x4846828: malloc (in /usr/libexec/valgrind/vgpreload_memcheck-amd64-linux.so)
==74937==    by 0x66DE6C: lower__bind_one_pattern_field (in /mnt/c/Users/Juan/Documents/GitHub/Mapanare/mapanare/self/mnc-stage1)
==74937== 
==74937== 377 bytes in 1 blocks are definitely lost in loss record 916 of 981
==74937==    at 0x484D953: calloc (in /usr/libexec/valgrind/vgpreload_memcheck-amd64-linux.so)
==74937==    by 0x723DE9: __mn_alloc (in /mnt/c/Users/Juan/Documents/GitHub/Mapanare/mapanare/self/mnc-stage1)
==74937==    by 0x7266C3: __mn_file_read (in /mnt/c/Users/Juan/Documents/GitHub/Mapanare/mapanare/self/mnc-stage1)
==74937==    by 0x728A47: __mn_file_read_or_empty (in /mnt/c/Users/Juan/Documents/GitHub/Mapanare/mapanare/self/mnc-stage1)
==74937==    by 0x418E28: mn_main (in /mnt/c/Users/Juan/Documents/GitHub/Mapanare/mapanare/self/mnc-stage1)
==74937==    by 0x4989A63: clone (clone.S:100)
==74937== 
==74937== 427 bytes in 6 blocks are indirectly lost in loss record 917 of 981
==74937==    at 0x484D953: calloc (in /usr/libexec/valgrind/vgpreload_memcheck-amd64-linux.so)
==74937==    by 0x723DE9: __mn_alloc (in /mnt/c/Users/Juan/Documents/GitHub/Mapanare/mapanare/self/mnc-stage1)
==74937==    by 0x7249CE: __mn_str_concat (in /mnt/c/Users/Juan/Documents/GitHub/Mapanare/mapanare/self/mnc-stage1)
==74937==    by 0x68D511: emit_llvm__declare_runtime_fn (in /mnt/c/Users/Juan/Documents/GitHub/Mapanare/mapanare/self/mnc-stage1)
==74937==    by 0x9: ???
==74937==    by 0x6AC86FF: ???
==74937==    by 0xF: ???
==74937== 
==74937== 464 bytes in 29 blocks are definitely lost in loss record 918 of 981
==74937==    at 0x4846828: malloc (in /usr/libexec/valgrind/vgpreload_memcheck-amd64-linux.so)
==74937==    by 0x728B99: __mn_range (in /mnt/c/Users/Juan/Documents/GitHub/Mapanare/mapanare/self/mnc-stage1)
==74937==    by 0x437E86: semantic__scope_lookup (in /mnt/c/Users/Juan/Documents/GitHub/Mapanare/mapanare/self/mnc-stage1)
==74937== 
==74937== 480 bytes in 10 blocks are indirectly lost in loss record 919 of 981
==74937==    at 0x4846828: malloc (in /usr/libexec/valgrind/vgpreload_memcheck-amd64-linux.so)
==74937==    by 0x431074: parser__parse_call_args (in /mnt/c/Users/Juan/Documents/GitHub/Mapanare/mapanare/self/mnc-stage1)
==74937==    by 0x6A82DBF: ???
==74937==    by 0x71: ???
==74937==    by 0x7F: ???
==74937==    by 0x3F: ???
==74937== 
==74937== 488 bytes in 8 blocks are indirectly lost in loss record 920 of 981
==74937==    at 0x484D953: calloc (in /usr/libexec/valgrind/vgpreload_memcheck-amd64-linux.so)
==74937==    by 0x723DE9: __mn_alloc (in /mnt/c/Users/Juan/Documents/GitHub/Mapanare/mapanare/self/mnc-stage1)
==74937==    by 0x7249CE: __mn_str_concat (in /mnt/c/Users/Juan/Documents/GitHub/Mapanare/mapanare/self/mnc-stage1)
==74937==    by 0x68D511: emit_llvm__declare_runtime_fn (in /mnt/c/Users/Juan/Documents/GitHub/Mapanare/mapanare/self/mnc-stage1)
==74937==    by 0x2: ???
==74937==    by 0x6AC86FF: ???
==74937==    by 0xF: ???
==74937== 
==74937== 498 bytes in 249 blocks are definitely lost in loss record 921 of 981
==74937==    at 0x484D953: calloc (in /usr/libexec/valgrind/vgpreload_memcheck-amd64-linux.so)
==74937==    by 0x723DE9: __mn_alloc (in /mnt/c/Users/Juan/Documents/GitHub/Mapanare/mapanare/self/mnc-stage1)
==74937==    by 0x7245AB: __mn_str_from_parts (in /mnt/c/Users/Juan/Documents/GitHub/Mapanare/mapanare/self/mnc-stage1)
==74937==    by 0x42244E: lexer__tokenize (in /mnt/c/Users/Juan/Documents/GitHub/Mapanare/mapanare/self/mnc-stage1)
==74937== 
==74937== 504 bytes in 3 blocks are indirectly lost in loss record 922 of 981
==74937==    at 0x484D953: calloc (in /usr/libexec/valgrind/vgpreload_memcheck-amd64-linux.so)
==74937==    by 0x43A342: semantic__resolve_type_expr (in /mnt/c/Users/Juan/Documents/GitHub/Mapanare/mapanare/self/mnc-stage1)
==74937== 
==74937== 504 bytes in 3 blocks are indirectly lost in loss record 923 of 981
==74937==    at 0x484D953: calloc (in /usr/libexec/valgrind/vgpreload_memcheck-amd64-linux.so)
==74937==    by 0x43B478: semantic__infer_expr (in /mnt/c/Users/Juan/Documents/GitHub/Mapanare/mapanare/self/mnc-stage1)
==74937== 
==74937== 528 bytes in 1 blocks are definitely lost in loss record 924 of 981
==74937==    at 0x484D953: calloc (in /usr/libexec/valgrind/vgpreload_memcheck-amd64-linux.so)
==74937==    by 0x723DE9: __mn_alloc (in /mnt/c/Users/Juan/Documents/GitHub/Mapanare/mapanare/self/mnc-stage1)
==74937==    by 0x725AFA: __mn_list_push (in /mnt/c/Users/Juan/Documents/GitHub/Mapanare/mapanare/self/mnc-stage1)
==74937==    by 0x4A38B1: lower_state__resolve_generic_args_rec (in /mnt/c/Users/Juan/Documents/GitHub/Mapanare/mapanare/self/mnc-stage1)
==74937== 
==74937== 532 bytes in 6 blocks are indirectly lost in loss record 925 of 981
==74937==    at 0x484D953: calloc (in /usr/libexec/valgrind/vgpreload_memcheck-amd64-linux.so)
==74937==    by 0x723DE9: __mn_alloc (in /mnt/c/Users/Juan/Documents/GitHub/Mapanare/mapanare/self/mnc-stage1)
==74937==    by 0x7249CE: __mn_str_concat (in /mnt/c/Users/Juan/Documents/GitHub/Mapanare/mapanare/self/mnc-stage1)
==74937==    by 0x68D511: emit_llvm__declare_runtime_fn (in /mnt/c/Users/Juan/Documents/GitHub/Mapanare/mapanare/self/mnc-stage1)
==74937==    by 0x18: ???
==74937==    by 0x6ACF67F: ???
==74937==    by 0xF: ???
==74937== 
==74937== 544 bytes in 2 blocks are indirectly lost in loss record 926 of 981
==74937==    at 0x4846828: malloc (in /usr/libexec/valgrind/vgpreload_memcheck-amd64-linux.so)
==74937==    by 0x42797A: parser__parse_fn_body (in /mnt/c/Users/Juan/Documents/GitHub/Mapanare/mapanare/self/mnc-stage1)
==74937== 
==74937== 544 bytes in 4 blocks are indirectly lost in loss record 927 of 981
==74937==    at 0x4846828: malloc (in /usr/libexec/valgrind/vgpreload_memcheck-amd64-linux.so)
==74937==    by 0x5A9239: lower__lower_call_by_name (in /mnt/c/Users/Juan/Documents/GitHub/Mapanare/mapanare/self/mnc-stage1)
==74937== 
==74937== 576 bytes in 4 blocks are indirectly lost in loss record 928 of 981
==74937==    at 0x484D953: calloc (in /usr/libexec/valgrind/vgpreload_memcheck-amd64-linux.so)
==74937==    by 0x723DE9: __mn_alloc (in /mnt/c/Users/Juan/Documents/GitHub/Mapanare/mapanare/self/mnc-stage1)
==74937==    by 0x725AFA: __mn_list_push (in /mnt/c/Users/Juan/Documents/GitHub/Mapanare/mapanare/self/mnc-stage1)
==74937==    by 0x49D5DD: lower_state__emit_instr (in /mnt/c/Users/Juan/Documents/GitHub/Mapanare/mapanare/self/mnc-stage1)
==74937==    by 0x1: ???
==74937==    by 0x7: ???
==74937== 
==74937== 592 bytes in 1 blocks are indirectly lost in loss record 929 of 981
==74937==    at 0x484D953: calloc (in /usr/libexec/valgrind/vgpreload_memcheck-amd64-linux.so)
==74937==    by 0x723DE9: __mn_alloc (in /mnt/c/Users/Juan/Documents/GitHub/Mapanare/mapanare/self/mnc-stage1)
==74937==    by 0x725AFA: __mn_list_push (in /mnt/c/Users/Juan/Documents/GitHub/Mapanare/mapanare/self/mnc-stage1)
==74937==    by 0x42728E: parser__parse_fn_params (in /mnt/c/Users/Juan/Documents/GitHub/Mapanare/mapanare/self/mnc-stage1)
==74937==    by 0x3F: ???
==74937==    by 0x2: ???
==74937==    by 0x7521FF: ??? (in /mnt/c/Users/Juan/Documents/GitHub/Mapanare/mapanare/self/mnc-stage1)
==74937== 
==74937== 640 bytes in 4 blocks are indirectly lost in loss record 930 of 981
==74937==    at 0x4846828: malloc (in /usr/libexec/valgrind/vgpreload_memcheck-amd64-linux.so)
==74937==    by 0x542D4C: lower__lower_expr (in /mnt/c/Users/Juan/Documents/GitHub/Mapanare/mapanare/self/mnc-stage1)
==74937== 
==74937== 656 bytes in 1 blocks are indirectly lost in loss record 931 of 981
==74937==    at 0x484D953: calloc (in /usr/libexec/valgrind/vgpreload_memcheck-amd64-linux.so)
==74937==    by 0x723DE9: __mn_alloc (in /mnt/c/Users/Juan/Documents/GitHub/Mapanare/mapanare/self/mnc-stage1)
==74937==    by 0x725AFA: __mn_list_push (in /mnt/c/Users/Juan/Documents/GitHub/Mapanare/mapanare/self/mnc-stage1)
==74937==    by 0x4CD0DE: lower__build_mir_params (in /mnt/c/Users/Juan/Documents/GitHub/Mapanare/mapanare/self/mnc-stage1)
==74937==    by 0x67: ???
==74937== 
==74937== 688 bytes in 43 blocks are definitely lost in loss record 932 of 981
==74937==    at 0x4846828: malloc (in /usr/libexec/valgrind/vgpreload_memcheck-amd64-linux.so)
==74937==    by 0x728B99: __mn_range (in /mnt/c/Users/Juan/Documents/GitHub/Mapanare/mapanare/self/mnc-stage1)
==74937==    by 0x41FA11: lexer__scan_ident (in /mnt/c/Users/Juan/Documents/GitHub/Mapanare/mapanare/self/mnc-stage1)
==74937== 
==74937== 720 bytes in 1 blocks are indirectly lost in loss record 933 of 981
==74937==    at 0x484D953: calloc (in /usr/libexec/valgrind/vgpreload_memcheck-amd64-linux.so)
==74937==    by 0x723DE9: __mn_alloc (in /mnt/c/Users/Juan/Documents/GitHub/Mapanare/mapanare/self/mnc-stage1)
==74937==    by 0x725AFA: __mn_list_push (in /mnt/c/Users/Juan/Documents/GitHub/Mapanare/mapanare/self/mnc-stage1)
==74937==    by 0x433D3A: parser__parse_match_expr (in /mnt/c/Users/Juan/Documents/GitHub/Mapanare/mapanare/self/mnc-stage1)
==74937==    by 0x71: ???
==74937==    by 0x6A8D75F: ???
==74937==    by 0x5: ???
==74937==    by 0x6A8D66F: ???
==74937==    by 0x6A82DBF: ???
==74937==    by 0x71: ???
==74937==    by 0x7F: ???
==74937==    by 0x3F: ???
==74937== 
==74937== 720 bytes in 1 blocks are indirectly lost in loss record 934 of 981
==74937==    at 0x484D953: calloc (in /usr/libexec/valgrind/vgpreload_memcheck-amd64-linux.so)
==74937==    by 0x723DE9: __mn_alloc (in /mnt/c/Users/Juan/Documents/GitHub/Mapanare/mapanare/self/mnc-stage1)
==74937==    by 0x725AFA: __mn_list_push (in /mnt/c/Users/Juan/Documents/GitHub/Mapanare/mapanare/self/mnc-stage1)
==74937==    by 0x433D3A: parser__parse_match_expr (in /mnt/c/Users/Juan/Documents/GitHub/Mapanare/mapanare/self/mnc-stage1)
==74937==    by 0x71: ???
==74937==    by 0x6A8F82F: ???
==74937==    by 0x5: ???
==74937==    by 0x6A8F73F: ???
==74937==    by 0x6A82DBF: ???
==74937==    by 0x71: ???
==74937==    by 0x7F: ???
==74937==    by 0x3F: ???
==74937== 
==74937== 720 bytes in 5 blocks are indirectly lost in loss record 935 of 981
==74937==    at 0x484D953: calloc (in /usr/libexec/valgrind/vgpreload_memcheck-amd64-linux.so)
==74937==    by 0x723DE9: __mn_alloc (in /mnt/c/Users/Juan/Documents/GitHub/Mapanare/mapanare/self/mnc-stage1)
==74937==    by 0x725AFA: __mn_list_push (in /mnt/c/Users/Juan/Documents/GitHub/Mapanare/mapanare/self/mnc-stage1)
==74937==    by 0x49D5DD: lower_state__emit_instr (in /mnt/c/Users/Juan/Documents/GitHub/Mapanare/mapanare/self/mnc-stage1)
==74937==    by 0x7: ???
==74937==    by 0x37: ???
==74937== 
==74937== 840 bytes in 5 blocks are indirectly lost in loss record 936 of 981
==74937==    at 0x484D953: calloc (in /usr/libexec/valgrind/vgpreload_memcheck-amd64-linux.so)
==74937==    by 0x439E73: semantic__resolve_type_expr (in /mnt/c/Users/Juan/Documents/GitHub/Mapanare/mapanare/self/mnc-stage1)
==74937== 
==74937== 848 bytes in 1 blocks are definitely lost in loss record 937 of 981
==74937==    at 0x484D953: calloc (in /usr/libexec/valgrind/vgpreload_memcheck-amd64-linux.so)
==74937==    by 0x723DE9: __mn_alloc (in /mnt/c/Users/Juan/Documents/GitHub/Mapanare/mapanare/self/mnc-stage1)
==74937==    by 0x725AFA: __mn_list_push (in /mnt/c/Users/Juan/Documents/GitHub/Mapanare/mapanare/self/mnc-stage1)
==74937==    by 0x4CFF4F: lower__bind_fn_params (in /mnt/c/Users/Juan/Documents/GitHub/Mapanare/mapanare/self/mnc-stage1)
==74937== 
==74937== 848 bytes in 1 blocks are definitely lost in loss record 938 of 981
==74937==    at 0x484D953: calloc (in /usr/libexec/valgrind/vgpreload_memcheck-amd64-linux.so)
==74937==    by 0x723DE9: __mn_alloc (in /mnt/c/Users/Juan/Documents/GitHub/Mapanare/mapanare/self/mnc-stage1)
==74937==    by 0x725AFA: __mn_list_push (in /mnt/c/Users/Juan/Documents/GitHub/Mapanare/mapanare/self/mnc-stage1)
==74937==    by 0x49EEB4: lower_state__lower_pop_scope (in /mnt/c/Users/Juan/Documents/GitHub/Mapanare/mapanare/self/mnc-stage1)
==74937==    by 0x2: ???
==74937==    by 0x1000000000002: ???
==74937==    by 0x6AA99BF: ???
==74937== 
==74937== 848 bytes in 1 blocks are definitely lost in loss record 939 of 981
==74937==    at 0x484D953: calloc (in /usr/libexec/valgrind/vgpreload_memcheck-amd64-linux.so)
==74937==    by 0x723DE9: __mn_alloc (in /mnt/c/Users/Juan/Documents/GitHub/Mapanare/mapanare/self/mnc-stage1)
==74937==    by 0x725AFA: __mn_list_push (in /mnt/c/Users/Juan/Documents/GitHub/Mapanare/mapanare/self/mnc-stage1)
==74937==    by 0x49EEB4: lower_state__lower_pop_scope (in /mnt/c/Users/Juan/Documents/GitHub/Mapanare/mapanare/self/mnc-stage1)
==74937==    by 0x5: ???
==74937==    by 0x1000000000002: ???
==74937==    by 0x6AAAE6F: ???
==74937== 
==74937== 848 bytes in 1 blocks are definitely lost in loss record 940 of 981
==74937==    at 0x484D953: calloc (in /usr/libexec/valgrind/vgpreload_memcheck-amd64-linux.so)
==74937==    by 0x723DE9: __mn_alloc (in /mnt/c/Users/Juan/Documents/GitHub/Mapanare/mapanare/self/mnc-stage1)
==74937==    by 0x725AFA: __mn_list_push (in /mnt/c/Users/Juan/Documents/GitHub/Mapanare/mapanare/self/mnc-stage1)
==74937==    by 0x4EFA15: lower__lower_let (in /mnt/c/Users/Juan/Documents/GitHub/Mapanare/mapanare/self/mnc-stage1)
==74937== 
==74937== 848 bytes in 1 blocks are definitely lost in loss record 941 of 981
==74937==    at 0x484D953: calloc (in /usr/libexec/valgrind/vgpreload_memcheck-amd64-linux.so)
==74937==    by 0x723DE9: __mn_alloc (in /mnt/c/Users/Juan/Documents/GitHub/Mapanare/mapanare/self/mnc-stage1)
==74937==    by 0x725AFA: __mn_list_push (in /mnt/c/Users/Juan/Documents/GitHub/Mapanare/mapanare/self/mnc-stage1)
==74937==    by 0x49EEB4: lower_state__lower_pop_scope (in /mnt/c/Users/Juan/Documents/GitHub/Mapanare/mapanare/self/mnc-stage1)
==74937==    by 0x6: ???
==74937==    by 0x1000000000002: ???
==74937==    by 0x6AAD97F: ???
==74937==    by 0x1: ???
==74937==    by 0x7: ???
==74937==    by 0x67: ???
==74937== 
==74937== 848 bytes in 1 blocks are definitely lost in loss record 942 of 981
==74937==    at 0x484D953: calloc (in /usr/libexec/valgrind/vgpreload_memcheck-amd64-linux.so)
==74937==    by 0x723DE9: __mn_alloc (in /mnt/c/Users/Juan/Documents/GitHub/Mapanare/mapanare/self/mnc-stage1)
==74937==    by 0x725AFA: __mn_list_push (in /mnt/c/Users/Juan/Documents/GitHub/Mapanare/mapanare/self/mnc-stage1)
==74937==    by 0x49EEB4: lower_state__lower_pop_scope (in /mnt/c/Users/Juan/Documents/GitHub/Mapanare/mapanare/self/mnc-stage1)
==74937==    by 0x9: ???
==74937==    by 0x1000000000002: ???
==74937==    by 0x6AAFFAF: ???
==74937==    by 0x1: ???
==74937==    by 0x7: ???
==74937==    by 0x67: ???
==74937== 
==74937== 848 bytes in 1 blocks are definitely lost in loss record 943 of 981
==74937==    at 0x484D953: calloc (in /usr/libexec/valgrind/vgpreload_memcheck-amd64-linux.so)
==74937==    by 0x723DE9: __mn_alloc (in /mnt/c/Users/Juan/Documents/GitHub/Mapanare/mapanare/self/mnc-stage1)
==74937==    by 0x725AFA: __mn_list_push (in /mnt/c/Users/Juan/Documents/GitHub/Mapanare/mapanare/self/mnc-stage1)
==74937==    by 0x49EEB4: lower_state__lower_pop_scope (in /mnt/c/Users/Juan/Documents/GitHub/Mapanare/mapanare/self/mnc-stage1)
==74937==    by 0x13: ???
==74937==    by 0x1000000000005: ???
==74937==    by 0x6AB0F3F: ???
==74937==    by 0x3: ???
==74937==    by 0x7: ???
==74937==    by 0x67: ???
==74937== 
==74937== 848 bytes in 1 blocks are definitely lost in loss record 944 of 981
==74937==    at 0x484D953: calloc (in /usr/libexec/valgrind/vgpreload_memcheck-amd64-linux.so)
==74937==    by 0x723DE9: __mn_alloc (in /mnt/c/Users/Juan/Documents/GitHub/Mapanare/mapanare/self/mnc-stage1)
==74937==    by 0x725AFA: __mn_list_push (in /mnt/c/Users/Juan/Documents/GitHub/Mapanare/mapanare/self/mnc-stage1)
==74937==    by 0x49EEB4: lower_state__lower_pop_scope (in /mnt/c/Users/Juan/Documents/GitHub/Mapanare/mapanare/self/mnc-stage1)
==74937==    by 0x16: ???
==74937==    by 0x1000000000005: ???
==74937==    by 0x6AB46BF: ???
==74937==    by 0x3: ???
==74937==    by 0x7: ???
==74937==    by 0x67: ???
==74937== 
==74937== 848 bytes in 1 blocks are definitely lost in loss record 945 of 981
==74937==    at 0x484D953: calloc (in /usr/libexec/valgrind/vgpreload_memcheck-amd64-linux.so)
==74937==    by 0x723DE9: __mn_alloc (in /mnt/c/Users/Juan/Documents/GitHub/Mapanare/mapanare/self/mnc-stage1)
==74937==    by 0x725AFA: __mn_list_push (in /mnt/c/Users/Juan/Documents/GitHub/Mapanare/mapanare/self/mnc-stage1)
==74937==    by 0x49EEB4: lower_state__lower_pop_scope (in /mnt/c/Users/Juan/Documents/GitHub/Mapanare/mapanare/self/mnc-stage1)
==74937==    by 0xF: ???
==74937==    by 0x1000000000002: ???
==74937==    by 0x6AB564F: ???
==74937==    by 0x3: ???
==74937==    by 0x7: ???
==74937==    by 0x67: ???
==74937== 
==74937== 851 bytes in 12 blocks are indirectly lost in loss record 946 of 981
==74937==    at 0x484D953: calloc (in /usr/libexec/valgrind/vgpreload_memcheck-amd64-linux.so)
==74937==    by 0x723DE9: __mn_alloc (in /mnt/c/Users/Juan/Documents/GitHub/Mapanare/mapanare/self/mnc-stage1)
==74937==    by 0x7249CE: __mn_str_concat (in /mnt/c/Users/Juan/Documents/GitHub/Mapanare/mapanare/self/mnc-stage1)
==74937==    by 0x68D511: emit_llvm__declare_runtime_fn (in /mnt/c/Users/Juan/Documents/GitHub/Mapanare/mapanare/self/mnc-stage1)
==74937==    by 0x9: ???
==74937==    by 0x6ACF67F: ???
==74937==    by 0xF: ???
==74937== 
==74937== 864 bytes in 6 blocks are definitely lost in loss record 947 of 981
==74937==    at 0x484D953: calloc (in /usr/libexec/valgrind/vgpreload_memcheck-amd64-linux.so)
==74937==    by 0x723DE9: __mn_alloc (in /mnt/c/Users/Juan/Documents/GitHub/Mapanare/mapanare/self/mnc-stage1)
==74937==    by 0x725AFA: __mn_list_push (in /mnt/c/Users/Juan/Documents/GitHub/Mapanare/mapanare/self/mnc-stage1)
==74937==    by 0x67C0A1: mir_opt__collect_targets (in /mnt/c/Users/Juan/Documents/GitHub/Mapanare/mapanare/self/mnc-stage1)
==74937== 
==74937== 900 (592 direct, 308 indirect) bytes in 1 blocks are definitely lost in loss record 948 of 981
==74937==    at 0x484D953: calloc (in /usr/libexec/valgrind/vgpreload_memcheck-amd64-linux.so)
==74937==    by 0x723DE9: __mn_alloc (in /mnt/c/Users/Juan/Documents/GitHub/Mapanare/mapanare/self/mnc-stage1)
==74937==    by 0x725AFA: __mn_list_push (in /mnt/c/Users/Juan/Documents/GitHub/Mapanare/mapanare/self/mnc-stage1)
==74937==    by 0x7226FC: emit_llvm__emit_mir_module (in /mnt/c/Users/Juan/Documents/GitHub/Mapanare/mapanare/self/mnc-stage1)
==74937==    by 0x3F: ???
==74937== 
==74937== 928 bytes in 2 blocks are indirectly lost in loss record 949 of 981
==74937==    at 0x484D953: calloc (in /usr/libexec/valgrind/vgpreload_memcheck-amd64-linux.so)
==74937==    by 0x723DE9: __mn_alloc (in /mnt/c/Users/Juan/Documents/GitHub/Mapanare/mapanare/self/mnc-stage1)
==74937==    by 0x725AFA: __mn_list_push (in /mnt/c/Users/Juan/Documents/GitHub/Mapanare/mapanare/self/mnc-stage1)
==74937==    by 0x4D2313: lower__lower_fn (in /mnt/c/Users/Juan/Documents/GitHub/Mapanare/mapanare/self/mnc-stage1)
==74937== 
==74937== 928 bytes in 2 blocks are indirectly lost in loss record 950 of 981
==74937==    at 0x484D953: calloc (in /usr/libexec/valgrind/vgpreload_memcheck-amd64-linux.so)
==74937==    by 0x723DE9: __mn_alloc (in /mnt/c/Users/Juan/Documents/GitHub/Mapanare/mapanare/self/mnc-stage1)
==74937==    by 0x725AFA: __mn_list_push (in /mnt/c/Users/Juan/Documents/GitHub/Mapanare/mapanare/self/mnc-stage1)
==74937==    by 0x67EE51: mir_opt__dead_block_elim_function (in /mnt/c/Users/Juan/Documents/GitHub/Mapanare/mapanare/self/mnc-stage1)
==74937==    by 0xF: ???
==74937== 
==74937== 928 bytes in 2 blocks are definitely lost in loss record 951 of 981
==74937==    at 0x484D953: calloc (in /usr/libexec/valgrind/vgpreload_memcheck-amd64-linux.so)
==74937==    by 0x723DE9: __mn_alloc (in /mnt/c/Users/Juan/Documents/GitHub/Mapanare/mapanare/self/mnc-stage1)
==74937==    by 0x725AFA: __mn_list_push (in /mnt/c/Users/Juan/Documents/GitHub/Mapanare/mapanare/self/mnc-stage1)
==74937==    by 0x679476: mir_opt__constant_fold_function (in /mnt/c/Users/Juan/Documents/GitHub/Mapanare/mapanare/self/mnc-stage1)
==74937==    by 0xF: ???
==74937== 
==74937== 960 bytes in 6 blocks are indirectly lost in loss record 952 of 981
==74937==    at 0x4846828: malloc (in /usr/libexec/valgrind/vgpreload_memcheck-amd64-linux.so)
==74937==    by 0x56ADD0: lower__lower_identifier (in /mnt/c/Users/Juan/Documents/GitHub/Mapanare/mapanare/self/mnc-stage1)
==74937== 
==74937== 1,440 bytes in 10 blocks are indirectly lost in loss record 953 of 981
==74937==    at 0x484D953: calloc (in /usr/libexec/valgrind/vgpreload_memcheck-amd64-linux.so)
==74937==    by 0x723DE9: __mn_alloc (in /mnt/c/Users/Juan/Documents/GitHub/Mapanare/mapanare/self/mnc-stage1)
==74937==    by 0x725AFA: __mn_list_push (in /mnt/c/Users/Juan/Documents/GitHub/Mapanare/mapanare/self/mnc-stage1)
==74937==    by 0x430E0E: parser__parse_call_args (in /mnt/c/Users/Juan/Documents/GitHub/Mapanare/mapanare/self/mnc-stage1)
==74937==    by 0x6A82DBF: ???
==74937==    by 0x71: ???
==74937==    by 0x7F: ???
==74937==    by 0x3F: ???
==74937== 
==74937== 1,440 bytes in 10 blocks are indirectly lost in loss record 954 of 981
==74937==    at 0x484D953: calloc (in /usr/libexec/valgrind/vgpreload_memcheck-amd64-linux.so)
==74937==    by 0x723DE9: __mn_alloc (in /mnt/c/Users/Juan/Documents/GitHub/Mapanare/mapanare/self/mnc-stage1)
==74937==    by 0x725AFA: __mn_list_push (in /mnt/c/Users/Juan/Documents/GitHub/Mapanare/mapanare/self/mnc-stage1)
==74937==    by 0x67B6A8: mir_opt__const_prop_function (in /mnt/c/Users/Juan/Documents/GitHub/Mapanare/mapanare/self/mnc-stage1)
==74937== 
==74937== 1,440 bytes in 10 blocks are definitely lost in loss record 955 of 981
==74937==    at 0x484D953: calloc (in /usr/libexec/valgrind/vgpreload_memcheck-amd64-linux.so)
==74937==    by 0x723DE9: __mn_alloc (in /mnt/c/Users/Juan/Documents/GitHub/Mapanare/mapanare/self/mnc-stage1)
==74937==    by 0x725AFA: __mn_list_push (in /mnt/c/Users/Juan/Documents/GitHub/Mapanare/mapanare/self/mnc-stage1)
==74937==    by 0x678F74: mir_opt__constant_fold_block (in /mnt/c/Users/Juan/Documents/GitHub/Mapanare/mapanare/self/mnc-stage1)
==74937== 
==74937== 1,464 (1,296 direct, 168 indirect) bytes in 1 blocks are definitely lost in loss record 956 of 981
==74937==    at 0x484D953: calloc (in /usr/libexec/valgrind/vgpreload_memcheck-amd64-linux.so)
==74937==    by 0x723DE9: __mn_alloc (in /mnt/c/Users/Juan/Documents/GitHub/Mapanare/mapanare/self/mnc-stage1)
==74937==    by 0x725AFA: __mn_list_push (in /mnt/c/Users/Juan/Documents/GitHub/Mapanare/mapanare/self/mnc-stage1)
==74937==    by 0x43A253: semantic__resolve_type_expr (in /mnt/c/Users/Juan/Documents/GitHub/Mapanare/mapanare/self/mnc-stage1)
==74937== 
==74937== 1,464 (1,296 direct, 168 indirect) bytes in 1 blocks are definitely lost in loss record 957 of 981
==74937==    at 0x484D953: calloc (in /usr/libexec/valgrind/vgpreload_memcheck-amd64-linux.so)
==74937==    by 0x723DE9: __mn_alloc (in /mnt/c/Users/Juan/Documents/GitHub/Mapanare/mapanare/self/mnc-stage1)
==74937==    by 0x725AFA: __mn_list_push (in /mnt/c/Users/Juan/Documents/GitHub/Mapanare/mapanare/self/mnc-stage1)
==74937==    by 0x459466: semantic__check_call_expr (in /mnt/c/Users/Juan/Documents/GitHub/Mapanare/mapanare/self/mnc-stage1)
==74937==    by 0x6A66017: ???
==74937== 
==74937== 1,534 bytes in 23 blocks are indirectly lost in loss record 958 of 981
==74937==    at 0x484D953: calloc (in /usr/libexec/valgrind/vgpreload_memcheck-amd64-linux.so)
==74937==    by 0x723DE9: __mn_alloc (in /mnt/c/Users/Juan/Documents/GitHub/Mapanare/mapanare/self/mnc-stage1)
==74937==    by 0x7249CE: __mn_str_concat (in /mnt/c/Users/Juan/Documents/GitHub/Mapanare/mapanare/self/mnc-stage1)
==74937==    by 0x68D511: emit_llvm__declare_runtime_fn (in /mnt/c/Users/Juan/Documents/GitHub/Mapanare/mapanare/self/mnc-stage1)
==74937==    by 0x2: ???
==74937==    by 0x6ACF67F: ???
==74937==    by 0xF: ???
==74937== 
==74937== 1,568 bytes in 2 blocks are definitely lost in loss record 959 of 981
==74937==    at 0x484D953: calloc (in /usr/libexec/valgrind/vgpreload_memcheck-amd64-linux.so)
==74937==    by 0x723DE9: __mn_alloc (in /mnt/c/Users/Juan/Documents/GitHub/Mapanare/mapanare/self/mnc-stage1)
==74937==    by 0x725AFA: __mn_list_push (in /mnt/c/Users/Juan/Documents/GitHub/Mapanare/mapanare/self/mnc-stage1)
==74937==    by 0x660915: lower__lower_match (in /mnt/c/Users/Juan/Documents/GitHub/Mapanare/mapanare/self/mnc-stage1)
==74937== 
==74937== 1,584 bytes in 3 blocks are indirectly lost in loss record 960 of 981
==74937==    at 0x484D953: calloc (in /usr/libexec/valgrind/vgpreload_memcheck-amd64-linux.so)
==74937==    by 0x723DE9: __mn_alloc (in /mnt/c/Users/Juan/Documents/GitHub/Mapanare/mapanare/self/mnc-stage1)
==74937==    by 0x725AFA: __mn_list_push (in /mnt/c/Users/Juan/Documents/GitHub/Mapanare/mapanare/self/mnc-stage1)
==74937==    by 0x4A38B1: lower_state__resolve_generic_args_rec (in /mnt/c/Users/Juan/Documents/GitHub/Mapanare/mapanare/self/mnc-stage1)
==74937== 
==74937== 1,616 bytes in 1 blocks are indirectly lost in loss record 961 of 981
==74937==    at 0x484D953: calloc (in /usr/libexec/valgrind/vgpreload_memcheck-amd64-linux.so)
==74937==    by 0x723DE9: __mn_alloc (in /mnt/c/Users/Juan/Documents/GitHub/Mapanare/mapanare/self/mnc-stage1)
==74937==    by 0x725AFA: __mn_list_push (in /mnt/c/Users/Juan/Documents/GitHub/Mapanare/mapanare/self/mnc-stage1)
==74937==    by 0x481C1A: semantic__check_fn_body (in /mnt/c/Users/Juan/Documents/GitHub/Mapanare/mapanare/self/mnc-stage1)
==74937== 
==74937== 1,616 bytes in 1 blocks are indirectly lost in loss record 962 of 981
==74937==    at 0x484D953: calloc (in /usr/libexec/valgrind/vgpreload_memcheck-amd64-linux.so)
==74937==    by 0x723DE9: __mn_alloc (in /mnt/c/Users/Juan/Documents/GitHub/Mapanare/mapanare/self/mnc-stage1)
==74937==    by 0x725AFA: __mn_list_push (in /mnt/c/Users/Juan/Documents/GitHub/Mapanare/mapanare/self/mnc-stage1)
==74937==    by 0x473755: semantic__check_let_stmt (in /mnt/c/Users/Juan/Documents/GitHub/Mapanare/mapanare/self/mnc-stage1)
==74937== 
==74937== 1,760 (928 direct, 832 indirect) bytes in 2 blocks are definitely lost in loss record 963 of 981
==74937==    at 0x484D953: calloc (in /usr/libexec/valgrind/vgpreload_memcheck-amd64-linux.so)
==74937==    by 0x723DE9: __mn_alloc (in /mnt/c/Users/Juan/Documents/GitHub/Mapanare/mapanare/self/mnc-stage1)
==74937==    by 0x725AFA: __mn_list_push (in /mnt/c/Users/Juan/Documents/GitHub/Mapanare/mapanare/self/mnc-stage1)
==74937==    by 0x67B7BB: mir_opt__const_prop_function (in /mnt/c/Users/Juan/Documents/GitHub/Mapanare/mapanare/self/mnc-stage1)
==74937== 
==74937== 1,872 bytes in 13 blocks are definitely lost in loss record 964 of 981
==74937==    at 0x484D953: calloc (in /usr/libexec/valgrind/vgpreload_memcheck-amd64-linux.so)
==74937==    by 0x723DE9: __mn_alloc (in /mnt/c/Users/Juan/Documents/GitHub/Mapanare/mapanare/self/mnc-stage1)
==74937==    by 0x725AFA: __mn_list_push (in /mnt/c/Users/Juan/Documents/GitHub/Mapanare/mapanare/self/mnc-stage1)
==74937==    by 0x67BE83: mir_opt__collect_targets (in /mnt/c/Users/Juan/Documents/GitHub/Mapanare/mapanare/self/mnc-stage1)
==74937== 
==74937== 1,896 (56 direct, 1,840 indirect) bytes in 1 blocks are definitely lost in loss record 965 of 981
==74937==    at 0x4846828: malloc (in /usr/libexec/valgrind/vgpreload_memcheck-amd64-linux.so)
==74937==    by 0x45F69A: semantic__check_if_expr (in /mnt/c/Users/Juan/Documents/GitHub/Mapanare/mapanare/self/mnc-stage1)
==74937== 
==74937== 1,968 bytes in 3 blocks are definitely lost in loss record 966 of 981
==74937==    at 0x484D953: calloc (in /usr/libexec/valgrind/vgpreload_memcheck-amd64-linux.so)
==74937==    by 0x723DE9: __mn_alloc (in /mnt/c/Users/Juan/Documents/GitHub/Mapanare/mapanare/self/mnc-stage1)
==74937==    by 0x725AFA: __mn_list_push (in /mnt/c/Users/Juan/Documents/GitHub/Mapanare/mapanare/self/mnc-stage1)
==74937==    by 0x58198E: lower__lower_call (in /mnt/c/Users/Juan/Documents/GitHub/Mapanare/mapanare/self/mnc-stage1)
==74937== 
==74937== 3,392 bytes in 4 blocks are definitely lost in loss record 967 of 981
==74937==    at 0x484D953: calloc (in /usr/libexec/valgrind/vgpreload_memcheck-amd64-linux.so)
==74937==    by 0x723DE9: __mn_alloc (in /mnt/c/Users/Juan/Documents/GitHub/Mapanare/mapanare/self/mnc-stage1)
==74937==    by 0x725AFA: __mn_list_push (in /mnt/c/Users/Juan/Documents/GitHub/Mapanare/mapanare/self/mnc-stage1)
==74937==    by 0x49EEB4: lower_state__lower_pop_scope (in /mnt/c/Users/Juan/Documents/GitHub/Mapanare/mapanare/self/mnc-stage1)
==74937== 
==74937== 3,568 (3,232 direct, 336 indirect) bytes in 2 blocks are definitely lost in loss record 968 of 981
==74937==    at 0x484D953: calloc (in /usr/libexec/valgrind/vgpreload_memcheck-amd64-linux.so)
==74937==    by 0x723DE9: __mn_alloc (in /mnt/c/Users/Juan/Documents/GitHub/Mapanare/mapanare/self/mnc-stage1)
==74937==    by 0x725AFA: __mn_list_push (in /mnt/c/Users/Juan/Documents/GitHub/Mapanare/mapanare/self/mnc-stage1)
==74937==    by 0x46482A: semantic__bind_pattern (in /mnt/c/Users/Juan/Documents/GitHub/Mapanare/mapanare/self/mnc-stage1)
==74937== 
==74937== 3,744 (1,680 direct, 2,064 indirect) bytes in 1 blocks are definitely lost in loss record 969 of 981
==74937==    at 0x484D953: calloc (in /usr/libexec/valgrind/vgpreload_memcheck-amd64-linux.so)
==74937==    by 0x723DE9: __mn_alloc (in /mnt/c/Users/Juan/Documents/GitHub/Mapanare/mapanare/self/mnc-stage1)
==74937==    by 0x725AFA: __mn_list_push (in /mnt/c/Users/Juan/Documents/GitHub/Mapanare/mapanare/self/mnc-stage1)
==74937==    by 0x686B39: mir_opt__optimize_mir (in /mnt/c/Users/Juan/Documents/GitHub/Mapanare/mapanare/self/mnc-stage1)
==74937==    by 0x6AAC05F: ???
==74937==    by 0x8000000000000044: ???
==74937==    by 0x6A74317: ???
==74937== 
==74937== 3,888 bytes in 3 blocks are indirectly lost in loss record 970 of 981
==74937==    at 0x484D953: calloc (in /usr/libexec/valgrind/vgpreload_memcheck-amd64-linux.so)
==74937==    by 0x723DE9: __mn_alloc (in /mnt/c/Users/Juan/Documents/GitHub/Mapanare/mapanare/self/mnc-stage1)
==74937==    by 0x725AFA: __mn_list_push (in /mnt/c/Users/Juan/Documents/GitHub/Mapanare/mapanare/self/mnc-stage1)
==74937==    by 0x43A253: semantic__resolve_type_expr (in /mnt/c/Users/Juan/Documents/GitHub/Mapanare/mapanare/self/mnc-stage1)
==74937== 
==74937== 4,592 bytes in 7 blocks are indirectly lost in loss record 971 of 981
==74937==    at 0x484D953: calloc (in /usr/libexec/valgrind/vgpreload_memcheck-amd64-linux.so)
==74937==    by 0x723DE9: __mn_alloc (in /mnt/c/Users/Juan/Documents/GitHub/Mapanare/mapanare/self/mnc-stage1)
==74937==    by 0x725AFA: __mn_list_push (in /mnt/c/Users/Juan/Documents/GitHub/Mapanare/mapanare/self/mnc-stage1)
==74937==    by 0x58198E: lower__lower_call (in /mnt/c/Users/Juan/Documents/GitHub/Mapanare/mapanare/self/mnc-stage1)
==74937== 
==74937== 5,216 (224 direct, 4,992 indirect) bytes in 4 blocks are definitely lost in loss record 972 of 981
==74937==    at 0x4846828: malloc (in /usr/libexec/valgrind/vgpreload_memcheck-amd64-linux.so)
==74937==    by 0x461AD8: semantic__check_match_expr (in /mnt/c/Users/Juan/Documents/GitHub/Mapanare/mapanare/self/mnc-stage1)
==74937==    by 0x9F: ???
==74937== 
==74937== 7,520 (3,600 direct, 3,920 indirect) bytes in 1 blocks are definitely lost in loss record 973 of 981
==74937==    at 0x484D953: calloc (in /usr/libexec/valgrind/vgpreload_memcheck-amd64-linux.so)
==74937==    by 0x723DE9: __mn_alloc (in /mnt/c/Users/Juan/Documents/GitHub/Mapanare/mapanare/self/mnc-stage1)
==74937==    by 0x725BBF: __mn_list_push (in /mnt/c/Users/Juan/Documents/GitHub/Mapanare/mapanare/self/mnc-stage1)
==74937==    by 0x68BA04: emit_llvm__build_internal_struct_list (in /mnt/c/Users/Juan/Documents/GitHub/Mapanare/mapanare/self/mnc-stage1)
==74937==    by 0x3: ???
==74937==    by 0x7: ???
==74937==    by 0x6AC1F4F: ???
==74937==    by 0x7: ???
==74937==    by 0xF: ???
==74937== 
==74937== 8,112 (144 direct, 7,968 indirect) bytes in 1 blocks are definitely lost in loss record 974 of 981
==74937==    at 0x484D953: calloc (in /usr/libexec/valgrind/vgpreload_memcheck-amd64-linux.so)
==74937==    by 0x723DE9: __mn_alloc (in /mnt/c/Users/Juan/Documents/GitHub/Mapanare/mapanare/self/mnc-stage1)
==74937==    by 0x725AFA: __mn_list_push (in /mnt/c/Users/Juan/Documents/GitHub/Mapanare/mapanare/self/mnc-stage1)
==74937==    by 0x423E21: parser__parse (in /mnt/c/Users/Juan/Documents/GitHub/Mapanare/mapanare/self/mnc-stage1)
==74937== 
==74937== 8,423 (8,208 direct, 215 indirect) bytes in 1 blocks are definitely lost in loss record 975 of 981
==74937==    at 0x484D953: calloc (in /usr/libexec/valgrind/vgpreload_memcheck-amd64-linux.so)
==74937==    by 0x723DE9: __mn_alloc (in /mnt/c/Users/Juan/Documents/GitHub/Mapanare/mapanare/self/mnc-stage1)
==74937==    by 0x725BBF: __mn_list_push (in /mnt/c/Users/Juan/Documents/GitHub/Mapanare/mapanare/self/mnc-stage1)
==74937==    by 0x4229EF: lexer__tokenize (in /mnt/c/Users/Juan/Documents/GitHub/Mapanare/mapanare/self/mnc-stage1)
==74937== 
==74937== 10,522 bytes in 1 blocks are definitely lost in loss record 976 of 981
==74937==    at 0x484D953: calloc (in /usr/libexec/valgrind/vgpreload_memcheck-amd64-linux.so)
==74937==    by 0x723DE9: __mn_alloc (in /mnt/c/Users/Juan/Documents/GitHub/Mapanare/mapanare/self/mnc-stage1)
==74937==    by 0x725918: __mn_str_join (in /mnt/c/Users/Juan/Documents/GitHub/Mapanare/mapanare/self/mnc-stage1)
==74937==    by 0x72373A: emit_llvm__emit_mir_module (in /mnt/c/Users/Juan/Documents/GitHub/Mapanare/mapanare/self/mnc-stage1)
==74937==    by 0x11: ???
==74937== 
==74937== 12,336 (11,664 direct, 672 indirect) bytes in 9 blocks are definitely lost in loss record 977 of 981
==74937==    at 0x484D953: calloc (in /usr/libexec/valgrind/vgpreload_memcheck-amd64-linux.so)
==74937==    by 0x723DE9: __mn_alloc (in /mnt/c/Users/Juan/Documents/GitHub/Mapanare/mapanare/self/mnc-stage1)
==74937==    by 0x725AFA: __mn_list_push (in /mnt/c/Users/Juan/Documents/GitHub/Mapanare/mapanare/self/mnc-stage1)
==74937==    by 0x459466: semantic__check_call_expr (in /mnt/c/Users/Juan/Documents/GitHub/Mapanare/mapanare/self/mnc-stage1)
==74937== 
==74937== 12,816 bytes in 1 blocks are indirectly lost in loss record 978 of 981
==74937==    at 0x484D953: calloc (in /usr/libexec/valgrind/vgpreload_memcheck-amd64-linux.so)
==74937==    by 0x723DE9: __mn_alloc (in /mnt/c/Users/Juan/Documents/GitHub/Mapanare/mapanare/self/mnc-stage1)
==74937==    by 0x725BBF: __mn_list_push (in /mnt/c/Users/Juan/Documents/GitHub/Mapanare/mapanare/self/mnc-stage1)
==74937==    by 0x491898: semantic__register_builtins (in /mnt/c/Users/Juan/Documents/GitHub/Mapanare/mapanare/self/mnc-stage1)
==74937== 
==74937== 14,125 (4,112 direct, 10,013 indirect) bytes in 1 blocks are definitely lost in loss record 979 of 981
==74937==    at 0x484D953: calloc (in /usr/libexec/valgrind/vgpreload_memcheck-amd64-linux.so)
==74937==    by 0x723DE9: __mn_alloc (in /mnt/c/Users/Juan/Documents/GitHub/Mapanare/mapanare/self/mnc-stage1)
==74937==    by 0x725BBF: __mn_list_push (in /mnt/c/Users/Juan/Documents/GitHub/Mapanare/mapanare/self/mnc-stage1)
==74937==    by 0x71A8F0: emit_llvm__emit_mir_basic_block (in /mnt/c/Users/Juan/Documents/GitHub/Mapanare/mapanare/self/mnc-stage1)
==74937==    by 0x2: ???
==74937==    by 0x6ADA2BF: ???
==74937== 
==74937== 19,400 (1,680 direct, 17,720 indirect) bytes in 1 blocks are definitely lost in loss record 980 of 981
==74937==    at 0x484D953: calloc (in /usr/libexec/valgrind/vgpreload_memcheck-amd64-linux.so)
==74937==    by 0x723DE9: __mn_alloc (in /mnt/c/Users/Juan/Documents/GitHub/Mapanare/mapanare/self/mnc-stage1)
==74937==    by 0x725AFA: __mn_list_push (in /mnt/c/Users/Juan/Documents/GitHub/Mapanare/mapanare/self/mnc-stage1)
==74937==    by 0x4D6372: lower__lower_fn (in /mnt/c/Users/Juan/Documents/GitHub/Mapanare/mapanare/self/mnc-stage1)
==74937== 
==74937== 35,280 (112 direct, 35,168 indirect) bytes in 2 blocks are definitely lost in loss record 981 of 981
==74937==    at 0x4846828: malloc (in /usr/libexec/valgrind/vgpreload_memcheck-amd64-linux.so)
==74937==    by 0x48175A: semantic__check_fn_body (in /mnt/c/Users/Juan/Documents/GitHub/Mapanare/mapanare/self/mnc-stage1)
==74937== 
==74937== LEAK SUMMARY:
==74937==    definitely lost: 83,392 bytes in 1,261 blocks
==74937==    indirectly lost: 86,511 bytes in 686 blocks
==74937==      possibly lost: 0 bytes in 0 blocks
==74937==    still reachable: 0 bytes in 0 blocks
==74937==         suppressed: 0 bytes in 0 blocks
==74937== 
==74937== For lists of detected and suppressed errors, rerun with: -s
==74937== ERROR SUMMARY: 0 errors from 0 contexts (suppressed: 0 from 0)
