==76077== Memcheck, a memory error detector
==76077== Copyright (C) 2002-2022, and GNU GPL'd, by Julian Seward et al.
==76077== Using Valgrind-3.22.0 and LibVEX; rerun with -h for copyright info
==76077== Command: /mnt/c/Users/Juan/Documents/GitHub/Mapanare/mapanare/self/mnc-stage1 /mnt/c/Users/Juan/Documents/GitHub/Mapanare/tests/golden/22_string_builder.mn -o /tmp/v4_135_valgrind/22_string_builder.ll
==76077== 
==76077== 
==76077== HEAP SUMMARY:
==76077==     in use at exit: 128,336 bytes in 1,494 blocks
==76077==   total heap usage: 2,728 allocs, 1,234 frees, 199,372 bytes allocated
==76077== 
==76077== 2 bytes in 1 blocks are definitely lost in loss record 1 of 850
==76077==    at 0x484D953: calloc (in /usr/libexec/valgrind/vgpreload_memcheck-amd64-linux.so)
==76077==    by 0x723DE9: __mn_alloc (in /mnt/c/Users/Juan/Documents/GitHub/Mapanare/mapanare/self/mnc-stage1)
==76077==    by 0x7245AB: __mn_str_from_parts (in /mnt/c/Users/Juan/Documents/GitHub/Mapanare/mapanare/self/mnc-stage1)
==76077==    by 0x41FA6B: lexer__scan_ident (in /mnt/c/Users/Juan/Documents/GitHub/Mapanare/mapanare/self/mnc-stage1)
==76077==    by 0x6A7777F: ???
==76077==    by 0x8000000000000000: ???
==76077==    by 0x6A733D7: ???
==76077== 
==76077== 2 bytes in 1 blocks are definitely lost in loss record 2 of 850
==76077==    at 0x484D953: calloc (in /usr/libexec/valgrind/vgpreload_memcheck-amd64-linux.so)
==76077==    by 0x723DE9: __mn_alloc (in /mnt/c/Users/Juan/Documents/GitHub/Mapanare/mapanare/self/mnc-stage1)
==76077==    by 0x7245AB: __mn_str_from_parts (in /mnt/c/Users/Juan/Documents/GitHub/Mapanare/mapanare/self/mnc-stage1)
==76077==    by 0x41FA6B: lexer__scan_ident (in /mnt/c/Users/Juan/Documents/GitHub/Mapanare/mapanare/self/mnc-stage1)
==76077==    by 0x6A7781F: ???
==76077==    by 0x8000000000000001: ???
==76077==    by 0x6A733D7: ???
==76077== 
==76077== 2 bytes in 1 blocks are definitely lost in loss record 3 of 850
==76077==    at 0x484D953: calloc (in /usr/libexec/valgrind/vgpreload_memcheck-amd64-linux.so)
==76077==    by 0x723DE9: __mn_alloc (in /mnt/c/Users/Juan/Documents/GitHub/Mapanare/mapanare/self/mnc-stage1)
==76077==    by 0x7245AB: __mn_str_from_parts (in /mnt/c/Users/Juan/Documents/GitHub/Mapanare/mapanare/self/mnc-stage1)
==76077==    by 0x41FA6B: lexer__scan_ident (in /mnt/c/Users/Juan/Documents/GitHub/Mapanare/mapanare/self/mnc-stage1)
==76077==    by 0x6A77C4F: ???
==76077==    by 0x8000000000000000: ???
==76077==    by 0x6A733D7: ???
==76077==    by 0x3: ???
==76077== 
==76077== 2 bytes in 1 blocks are definitely lost in loss record 4 of 850
==76077==    at 0x484D953: calloc (in /usr/libexec/valgrind/vgpreload_memcheck-amd64-linux.so)
==76077==    by 0x723DE9: __mn_alloc (in /mnt/c/Users/Juan/Documents/GitHub/Mapanare/mapanare/self/mnc-stage1)
==76077==    by 0x7245AB: __mn_str_from_parts (in /mnt/c/Users/Juan/Documents/GitHub/Mapanare/mapanare/self/mnc-stage1)
==76077==    by 0x41FA6B: lexer__scan_ident (in /mnt/c/Users/Juan/Documents/GitHub/Mapanare/mapanare/self/mnc-stage1)
==76077==    by 0x6A77CEF: ???
==76077==    by 0x8000000000000001: ???
==76077==    by 0x6A733D7: ???
==76077==    by 0x3: ???
==76077== 
==76077== 2 bytes in 1 blocks are definitely lost in loss record 5 of 850
==76077==    at 0x484D953: calloc (in /usr/libexec/valgrind/vgpreload_memcheck-amd64-linux.so)
==76077==    by 0x723DE9: __mn_alloc (in /mnt/c/Users/Juan/Documents/GitHub/Mapanare/mapanare/self/mnc-stage1)
==76077==    by 0x7245AB: __mn_str_from_parts (in /mnt/c/Users/Juan/Documents/GitHub/Mapanare/mapanare/self/mnc-stage1)
==76077==    by 0x41FA6B: lexer__scan_ident (in /mnt/c/Users/Juan/Documents/GitHub/Mapanare/mapanare/self/mnc-stage1)
==76077==    by 0x6A77D8F: ???
==76077==    by 0x8000000000000002: ???
==76077==    by 0x6A733D7: ???
==76077==    by 0x3: ???
==76077== 
==76077== 2 bytes in 1 blocks are definitely lost in loss record 6 of 850
==76077==    at 0x484D953: calloc (in /usr/libexec/valgrind/vgpreload_memcheck-amd64-linux.so)
==76077==    by 0x723DE9: __mn_alloc (in /mnt/c/Users/Juan/Documents/GitHub/Mapanare/mapanare/self/mnc-stage1)
==76077==    by 0x7245AB: __mn_str_from_parts (in /mnt/c/Users/Juan/Documents/GitHub/Mapanare/mapanare/self/mnc-stage1)
==76077==    by 0x41FA6B: lexer__scan_ident (in /mnt/c/Users/Juan/Documents/GitHub/Mapanare/mapanare/self/mnc-stage1)
==76077==    by 0x6A77E2F: ???
==76077==    by 0x8000000000000003: ???
==76077==    by 0x6A733D7: ???
==76077==    by 0x3: ???
==76077== 
==76077== 2 bytes in 1 blocks are definitely lost in loss record 7 of 850
==76077==    at 0x484D953: calloc (in /usr/libexec/valgrind/vgpreload_memcheck-amd64-linux.so)
==76077==    by 0x723DE9: __mn_alloc (in /mnt/c/Users/Juan/Documents/GitHub/Mapanare/mapanare/self/mnc-stage1)
==76077==    by 0x7245AB: __mn_str_from_parts (in /mnt/c/Users/Juan/Documents/GitHub/Mapanare/mapanare/self/mnc-stage1)
==76077==    by 0x41FA6B: lexer__scan_ident (in /mnt/c/Users/Juan/Documents/GitHub/Mapanare/mapanare/self/mnc-stage1)
==76077==    by 0x6A77ECF: ???
==76077==    by 0x8000000000000004: ???
==76077==    by 0x6A733D7: ???
==76077==    by 0x3: ???
==76077== 
==76077== 2 bytes in 1 blocks are definitely lost in loss record 8 of 850
==76077==    at 0x484D953: calloc (in /usr/libexec/valgrind/vgpreload_memcheck-amd64-linux.so)
==76077==    by 0x723DE9: __mn_alloc (in /mnt/c/Users/Juan/Documents/GitHub/Mapanare/mapanare/self/mnc-stage1)
==76077==    by 0x7245AB: __mn_str_from_parts (in /mnt/c/Users/Juan/Documents/GitHub/Mapanare/mapanare/self/mnc-stage1)
==76077==    by 0x41FA6B: lexer__scan_ident (in /mnt/c/Users/Juan/Documents/GitHub/Mapanare/mapanare/self/mnc-stage1)
==76077==    by 0x6A77F6F: ???
==76077==    by 0x8000000000000005: ???
==76077==    by 0x6A733D7: ???
==76077==    by 0x3: ???
==76077== 
==76077== 2 bytes in 1 blocks are definitely lost in loss record 9 of 850
==76077==    at 0x484D953: calloc (in /usr/libexec/valgrind/vgpreload_memcheck-amd64-linux.so)
==76077==    by 0x723DE9: __mn_alloc (in /mnt/c/Users/Juan/Documents/GitHub/Mapanare/mapanare/self/mnc-stage1)
==76077==    by 0x7245AB: __mn_str_from_parts (in /mnt/c/Users/Juan/Documents/GitHub/Mapanare/mapanare/self/mnc-stage1)
==76077==    by 0x41FA6B: lexer__scan_ident (in /mnt/c/Users/Juan/Documents/GitHub/Mapanare/mapanare/self/mnc-stage1)
==76077==    by 0x6A7800F: ???
==76077==    by 0x8000000000000006: ???
==76077==    by 0x6A733D7: ???
==76077==    by 0x3: ???
==76077== 
==76077== 2 bytes in 1 blocks are definitely lost in loss record 10 of 850
==76077==    at 0x484D953: calloc (in /usr/libexec/valgrind/vgpreload_memcheck-amd64-linux.so)
==76077==    by 0x723DE9: __mn_alloc (in /mnt/c/Users/Juan/Documents/GitHub/Mapanare/mapanare/self/mnc-stage1)
==76077==    by 0x7245AB: __mn_str_from_parts (in /mnt/c/Users/Juan/Documents/GitHub/Mapanare/mapanare/self/mnc-stage1)
==76077==    by 0x41FA6B: lexer__scan_ident (in /mnt/c/Users/Juan/Documents/GitHub/Mapanare/mapanare/self/mnc-stage1)
==76077==    by 0x6A780AF: ???
==76077==    by 0x8000000000000007: ???
==76077==    by 0x6A733D7: ???
==76077==    by 0x3: ???
==76077== 
==76077== 2 bytes in 1 blocks are definitely lost in loss record 11 of 850
==76077==    at 0x484D953: calloc (in /usr/libexec/valgrind/vgpreload_memcheck-amd64-linux.so)
==76077==    by 0x723DE9: __mn_alloc (in /mnt/c/Users/Juan/Documents/GitHub/Mapanare/mapanare/self/mnc-stage1)
==76077==    by 0x7245AB: __mn_str_from_parts (in /mnt/c/Users/Juan/Documents/GitHub/Mapanare/mapanare/self/mnc-stage1)
==76077==    by 0x41FA6B: lexer__scan_ident (in /mnt/c/Users/Juan/Documents/GitHub/Mapanare/mapanare/self/mnc-stage1)
==76077==    by 0x6A7814F: ???
==76077==    by 0x8000000000000008: ???
==76077==    by 0x6A733D7: ???
==76077==    by 0x3: ???
==76077== 
==76077== 2 bytes in 1 blocks are definitely lost in loss record 12 of 850
==76077==    at 0x484D953: calloc (in /usr/libexec/valgrind/vgpreload_memcheck-amd64-linux.so)
==76077==    by 0x723DE9: __mn_alloc (in /mnt/c/Users/Juan/Documents/GitHub/Mapanare/mapanare/self/mnc-stage1)
==76077==    by 0x7245AB: __mn_str_from_parts (in /mnt/c/Users/Juan/Documents/GitHub/Mapanare/mapanare/self/mnc-stage1)
==76077==    by 0x41FA6B: lexer__scan_ident (in /mnt/c/Users/Juan/Documents/GitHub/Mapanare/mapanare/self/mnc-stage1)
==76077==    by 0x6A781EF: ???
==76077==    by 0x8000000000000009: ???
==76077==    by 0x6A733D7: ???
==76077==    by 0x3: ???
==76077== 
==76077== 2 bytes in 1 blocks are definitely lost in loss record 13 of 850
==76077==    at 0x484D953: calloc (in /usr/libexec/valgrind/vgpreload_memcheck-amd64-linux.so)
==76077==    by 0x723DE9: __mn_alloc (in /mnt/c/Users/Juan/Documents/GitHub/Mapanare/mapanare/self/mnc-stage1)
==76077==    by 0x7245AB: __mn_str_from_parts (in /mnt/c/Users/Juan/Documents/GitHub/Mapanare/mapanare/self/mnc-stage1)
==76077==    by 0x41FA6B: lexer__scan_ident (in /mnt/c/Users/Juan/Documents/GitHub/Mapanare/mapanare/self/mnc-stage1)
==76077==    by 0x6A7846F: ???
==76077==    by 0x8000000000000000: ???
==76077==    by 0x6A733D7: ???
==76077==    by 0xE: ???
==76077== 
==76077== 2 bytes in 1 blocks are definitely lost in loss record 14 of 850
==76077==    at 0x484D953: calloc (in /usr/libexec/valgrind/vgpreload_memcheck-amd64-linux.so)
==76077==    by 0x723DE9: __mn_alloc (in /mnt/c/Users/Juan/Documents/GitHub/Mapanare/mapanare/self/mnc-stage1)
==76077==    by 0x7245AB: __mn_str_from_parts (in /mnt/c/Users/Juan/Documents/GitHub/Mapanare/mapanare/self/mnc-stage1)
==76077==    by 0x41FA6B: lexer__scan_ident (in /mnt/c/Users/Juan/Documents/GitHub/Mapanare/mapanare/self/mnc-stage1)
==76077==    by 0x6A7873F: ???
==76077==    by 0x8000000000000000: ???
==76077==    by 0x6A733D7: ???
==76077==    by 0x11: ???
==76077== 
==76077== 2 bytes in 1 blocks are definitely lost in loss record 15 of 850
==76077==    at 0x484D953: calloc (in /usr/libexec/valgrind/vgpreload_memcheck-amd64-linux.so)
==76077==    by 0x723DE9: __mn_alloc (in /mnt/c/Users/Juan/Documents/GitHub/Mapanare/mapanare/self/mnc-stage1)
==76077==    by 0x7245AB: __mn_str_from_parts (in /mnt/c/Users/Juan/Documents/GitHub/Mapanare/mapanare/self/mnc-stage1)
==76077==    by 0x41FA6B: lexer__scan_ident (in /mnt/c/Users/Juan/Documents/GitHub/Mapanare/mapanare/self/mnc-stage1)
==76077==    by 0x6A787DF: ???
==76077==    by 0x8000000000000001: ???
==76077==    by 0x6A733D7: ???
==76077==    by 0x11: ???
==76077== 
==76077== 2 bytes in 1 blocks are definitely lost in loss record 16 of 850
==76077==    at 0x484D953: calloc (in /usr/libexec/valgrind/vgpreload_memcheck-amd64-linux.so)
==76077==    by 0x723DE9: __mn_alloc (in /mnt/c/Users/Juan/Documents/GitHub/Mapanare/mapanare/self/mnc-stage1)
==76077==    by 0x7245AB: __mn_str_from_parts (in /mnt/c/Users/Juan/Documents/GitHub/Mapanare/mapanare/self/mnc-stage1)
==76077==    by 0x41FA6B: lexer__scan_ident (in /mnt/c/Users/Juan/Documents/GitHub/Mapanare/mapanare/self/mnc-stage1)
==76077==    by 0x6A7887F: ???
==76077==    by 0x8000000000000002: ???
==76077==    by 0x6A733D7: ???
==76077==    by 0x11: ???
==76077== 
==76077== 2 bytes in 1 blocks are definitely lost in loss record 17 of 850
==76077==    at 0x484D953: calloc (in /usr/libexec/valgrind/vgpreload_memcheck-amd64-linux.so)
==76077==    by 0x723DE9: __mn_alloc (in /mnt/c/Users/Juan/Documents/GitHub/Mapanare/mapanare/self/mnc-stage1)
==76077==    by 0x7245AB: __mn_str_from_parts (in /mnt/c/Users/Juan/Documents/GitHub/Mapanare/mapanare/self/mnc-stage1)
==76077==    by 0x41FA6B: lexer__scan_ident (in /mnt/c/Users/Juan/Documents/GitHub/Mapanare/mapanare/self/mnc-stage1)
==76077==    by 0x6A7891F: ???
==76077==    by 0x8000000000000003: ???
==76077==    by 0x6A733D7: ???
==76077==    by 0x11: ???
==76077== 
==76077== 2 bytes in 1 blocks are definitely lost in loss record 18 of 850
==76077==    at 0x484D953: calloc (in /usr/libexec/valgrind/vgpreload_memcheck-amd64-linux.so)
==76077==    by 0x723DE9: __mn_alloc (in /mnt/c/Users/Juan/Documents/GitHub/Mapanare/mapanare/self/mnc-stage1)
==76077==    by 0x7245AB: __mn_str_from_parts (in /mnt/c/Users/Juan/Documents/GitHub/Mapanare/mapanare/self/mnc-stage1)
==76077==    by 0x41FA6B: lexer__scan_ident (in /mnt/c/Users/Juan/Documents/GitHub/Mapanare/mapanare/self/mnc-stage1)
==76077==    by 0x6A789BF: ???
==76077==    by 0x8000000000000004: ???
==76077==    by 0x6A733D7: ???
==76077==    by 0x11: ???
==76077== 
==76077== 2 bytes in 1 blocks are definitely lost in loss record 19 of 850
==76077==    at 0x484D953: calloc (in /usr/libexec/valgrind/vgpreload_memcheck-amd64-linux.so)
==76077==    by 0x723DE9: __mn_alloc (in /mnt/c/Users/Juan/Documents/GitHub/Mapanare/mapanare/self/mnc-stage1)
==76077==    by 0x7245AB: __mn_str_from_parts (in /mnt/c/Users/Juan/Documents/GitHub/Mapanare/mapanare/self/mnc-stage1)
==76077==    by 0x41FA6B: lexer__scan_ident (in /mnt/c/Users/Juan/Documents/GitHub/Mapanare/mapanare/self/mnc-stage1)
==76077==    by 0x6A78A5F: ???
==76077==    by 0x8000000000000005: ???
==76077==    by 0x6A733D7: ???
==76077==    by 0x11: ???
==76077== 
==76077== 2 bytes in 1 blocks are definitely lost in loss record 20 of 850
==76077==    at 0x484D953: calloc (in /usr/libexec/valgrind/vgpreload_memcheck-amd64-linux.so)
==76077==    by 0x723DE9: __mn_alloc (in /mnt/c/Users/Juan/Documents/GitHub/Mapanare/mapanare/self/mnc-stage1)
==76077==    by 0x7245AB: __mn_str_from_parts (in /mnt/c/Users/Juan/Documents/GitHub/Mapanare/mapanare/self/mnc-stage1)
==76077==    by 0x41FA6B: lexer__scan_ident (in /mnt/c/Users/Juan/Documents/GitHub/Mapanare/mapanare/self/mnc-stage1)
==76077==    by 0x6A78D2F: ???
==76077==    by 0x8000000000000000: ???
==76077==    by 0x6A733D7: ???
==76077==    by 0x19: ???
==76077== 
==76077== 2 bytes in 1 blocks are definitely lost in loss record 21 of 850
==76077==    at 0x484D953: calloc (in /usr/libexec/valgrind/vgpreload_memcheck-amd64-linux.so)
==76077==    by 0x723DE9: __mn_alloc (in /mnt/c/Users/Juan/Documents/GitHub/Mapanare/mapanare/self/mnc-stage1)
==76077==    by 0x7245AB: __mn_str_from_parts (in /mnt/c/Users/Juan/Documents/GitHub/Mapanare/mapanare/self/mnc-stage1)
==76077==    by 0x41FA6B: lexer__scan_ident (in /mnt/c/Users/Juan/Documents/GitHub/Mapanare/mapanare/self/mnc-stage1)
==76077==    by 0x6A7944F: ???
==76077==    by 0x8000000000000000: ???
==76077==    by 0x6A733D7: ???
==76077==    by 0x1C: ???
==76077== 
==76077== 2 bytes in 1 blocks are definitely lost in loss record 22 of 850
==76077==    at 0x484D953: calloc (in /usr/libexec/valgrind/vgpreload_memcheck-amd64-linux.so)
==76077==    by 0x723DE9: __mn_alloc (in /mnt/c/Users/Juan/Documents/GitHub/Mapanare/mapanare/self/mnc-stage1)
==76077==    by 0x7245AB: __mn_str_from_parts (in /mnt/c/Users/Juan/Documents/GitHub/Mapanare/mapanare/self/mnc-stage1)
==76077==    by 0x41FA6B: lexer__scan_ident (in /mnt/c/Users/Juan/Documents/GitHub/Mapanare/mapanare/self/mnc-stage1)
==76077==    by 0x6A794EF: ???
==76077==    by 0x8000000000000001: ???
==76077==    by 0x6A733D7: ???
==76077==    by 0x1C: ???
==76077== 
==76077== 2 bytes in 1 blocks are definitely lost in loss record 23 of 850
==76077==    at 0x484D953: calloc (in /usr/libexec/valgrind/vgpreload_memcheck-amd64-linux.so)
==76077==    by 0x723DE9: __mn_alloc (in /mnt/c/Users/Juan/Documents/GitHub/Mapanare/mapanare/self/mnc-stage1)
==76077==    by 0x7245AB: __mn_str_from_parts (in /mnt/c/Users/Juan/Documents/GitHub/Mapanare/mapanare/self/mnc-stage1)
==76077==    by 0x41FA6B: lexer__scan_ident (in /mnt/c/Users/Juan/Documents/GitHub/Mapanare/mapanare/self/mnc-stage1)
==76077==    by 0x6A7958F: ???
==76077==    by 0x8000000000000002: ???
==76077==    by 0x6A733D7: ???
==76077==    by 0x1C: ???
==76077== 
==76077== 2 bytes in 1 blocks are definitely lost in loss record 24 of 850
==76077==    at 0x484D953: calloc (in /usr/libexec/valgrind/vgpreload_memcheck-amd64-linux.so)
==76077==    by 0x723DE9: __mn_alloc (in /mnt/c/Users/Juan/Documents/GitHub/Mapanare/mapanare/self/mnc-stage1)
==76077==    by 0x7245AB: __mn_str_from_parts (in /mnt/c/Users/Juan/Documents/GitHub/Mapanare/mapanare/self/mnc-stage1)
==76077==    by 0x41FA6B: lexer__scan_ident (in /mnt/c/Users/Juan/Documents/GitHub/Mapanare/mapanare/self/mnc-stage1)
==76077==    by 0x6A7999F: ???
==76077==    by 0x8000000000000000: ???
==76077==    by 0x6A733D7: ???
==76077==    by 0x24: ???
==76077== 
==76077== 2 bytes in 1 blocks are definitely lost in loss record 25 of 850
==76077==    at 0x484D953: calloc (in /usr/libexec/valgrind/vgpreload_memcheck-amd64-linux.so)
==76077==    by 0x723DE9: __mn_alloc (in /mnt/c/Users/Juan/Documents/GitHub/Mapanare/mapanare/self/mnc-stage1)
==76077==    by 0x7245AB: __mn_str_from_parts (in /mnt/c/Users/Juan/Documents/GitHub/Mapanare/mapanare/self/mnc-stage1)
==76077==    by 0x41FA6B: lexer__scan_ident (in /mnt/c/Users/Juan/Documents/GitHub/Mapanare/mapanare/self/mnc-stage1)
==76077==    by 0x6A79A3F: ???
==76077==    by 0x8000000000000001: ???
==76077==    by 0x6A733D7: ???
==76077==    by 0x24: ???
==76077== 
==76077== 2 bytes in 1 blocks are definitely lost in loss record 26 of 850
==76077==    at 0x484D953: calloc (in /usr/libexec/valgrind/vgpreload_memcheck-amd64-linux.so)
==76077==    by 0x723DE9: __mn_alloc (in /mnt/c/Users/Juan/Documents/GitHub/Mapanare/mapanare/self/mnc-stage1)
==76077==    by 0x7245AB: __mn_str_from_parts (in /mnt/c/Users/Juan/Documents/GitHub/Mapanare/mapanare/self/mnc-stage1)
==76077==    by 0x41FA6B: lexer__scan_ident (in /mnt/c/Users/Juan/Documents/GitHub/Mapanare/mapanare/self/mnc-stage1)
==76077==    by 0x6A79ADF: ???
==76077==    by 0x8000000000000002: ???
==76077==    by 0x6A733D7: ???
==76077==    by 0x24: ???
==76077== 
==76077== 2 bytes in 1 blocks are definitely lost in loss record 27 of 850
==76077==    at 0x484D953: calloc (in /usr/libexec/valgrind/vgpreload_memcheck-amd64-linux.so)
==76077==    by 0x723DE9: __mn_alloc (in /mnt/c/Users/Juan/Documents/GitHub/Mapanare/mapanare/self/mnc-stage1)
==76077==    by 0x7245AB: __mn_str_from_parts (in /mnt/c/Users/Juan/Documents/GitHub/Mapanare/mapanare/self/mnc-stage1)
==76077==    by 0x41FA6B: lexer__scan_ident (in /mnt/c/Users/Juan/Documents/GitHub/Mapanare/mapanare/self/mnc-stage1)
==76077==    by 0x6A79B7F: ???
==76077==    by 0x8000000000000003: ???
==76077==    by 0x6A733D7: ???
==76077==    by 0x24: ???
==76077== 
==76077== 2 bytes in 1 blocks are definitely lost in loss record 28 of 850
==76077==    at 0x484D953: calloc (in /usr/libexec/valgrind/vgpreload_memcheck-amd64-linux.so)
==76077==    by 0x723DE9: __mn_alloc (in /mnt/c/Users/Juan/Documents/GitHub/Mapanare/mapanare/self/mnc-stage1)
==76077==    by 0x7245AB: __mn_str_from_parts (in /mnt/c/Users/Juan/Documents/GitHub/Mapanare/mapanare/self/mnc-stage1)
==76077==    by 0x41FA6B: lexer__scan_ident (in /mnt/c/Users/Juan/Documents/GitHub/Mapanare/mapanare/self/mnc-stage1)
==76077==    by 0x6A79C1F: ???
==76077==    by 0x8000000000000004: ???
==76077==    by 0x6A733D7: ???
==76077==    by 0x24: ???
==76077== 
==76077== 2 bytes in 1 blocks are definitely lost in loss record 29 of 850
==76077==    at 0x484D953: calloc (in /usr/libexec/valgrind/vgpreload_memcheck-amd64-linux.so)
==76077==    by 0x723DE9: __mn_alloc (in /mnt/c/Users/Juan/Documents/GitHub/Mapanare/mapanare/self/mnc-stage1)
==76077==    by 0x7245AB: __mn_str_from_parts (in /mnt/c/Users/Juan/Documents/GitHub/Mapanare/mapanare/self/mnc-stage1)
==76077==    by 0x41FA6B: lexer__scan_ident (in /mnt/c/Users/Juan/Documents/GitHub/Mapanare/mapanare/self/mnc-stage1)
==76077==    by 0x6A79CBF: ???
==76077==    by 0x8000000000000005: ???
==76077==    by 0x6A733D7: ???
==76077==    by 0x24: ???
==76077== 
==76077== 2 bytes in 1 blocks are definitely lost in loss record 30 of 850
==76077==    at 0x484D953: calloc (in /usr/libexec/valgrind/vgpreload_memcheck-amd64-linux.so)
==76077==    by 0x723DE9: __mn_alloc (in /mnt/c/Users/Juan/Documents/GitHub/Mapanare/mapanare/self/mnc-stage1)
==76077==    by 0x7245AB: __mn_str_from_parts (in /mnt/c/Users/Juan/Documents/GitHub/Mapanare/mapanare/self/mnc-stage1)
==76077==    by 0x41FA6B: lexer__scan_ident (in /mnt/c/Users/Juan/Documents/GitHub/Mapanare/mapanare/self/mnc-stage1)
==76077==    by 0x6A7A11F: ???
==76077==    by 0x8000000000000000: ???
==76077==    by 0x6A733D7: ???
==76077==    by 0x4: ???
==76077==    by 0x1: ???
==76077==    by 0x6A7751F: ???
==76077==    by 0x8000000000000000: ???
==76077==    by 0x4: ???
==76077==    by 0x30: ???
==76077== 
==76077== 2 bytes in 1 blocks are definitely lost in loss record 31 of 850
==76077==    at 0x484D953: calloc (in /usr/libexec/valgrind/vgpreload_memcheck-amd64-linux.so)
==76077==    by 0x723DE9: __mn_alloc (in /mnt/c/Users/Juan/Documents/GitHub/Mapanare/mapanare/self/mnc-stage1)
==76077==    by 0x7245AB: __mn_str_from_parts (in /mnt/c/Users/Juan/Documents/GitHub/Mapanare/mapanare/self/mnc-stage1)
==76077==    by 0x41FA6B: lexer__scan_ident (in /mnt/c/Users/Juan/Documents/GitHub/Mapanare/mapanare/self/mnc-stage1)
==76077==    by 0x6A7A1BF: ???
==76077==    by 0x8000000000000001: ???
==76077==    by 0x6A733D7: ???
==76077==    by 0x4: ???
==76077==    by 0x1: ???
==76077==    by 0x6A7751F: ???
==76077==    by 0x8000000000000000: ???
==76077==    by 0x4: ???
==76077==    by 0x30: ???
==76077== 
==76077== 2 bytes in 1 blocks are definitely lost in loss record 32 of 850
==76077==    at 0x484D953: calloc (in /usr/libexec/valgrind/vgpreload_memcheck-amd64-linux.so)
==76077==    by 0x723DE9: __mn_alloc (in /mnt/c/Users/Juan/Documents/GitHub/Mapanare/mapanare/self/mnc-stage1)
==76077==    by 0x7245AB: __mn_str_from_parts (in /mnt/c/Users/Juan/Documents/GitHub/Mapanare/mapanare/self/mnc-stage1)
==76077==    by 0x41FA6B: lexer__scan_ident (in /mnt/c/Users/Juan/Documents/GitHub/Mapanare/mapanare/self/mnc-stage1)
==76077==    by 0x6A7A25F: ???
==76077==    by 0x8000000000000002: ???
==76077==    by 0x6A733D7: ???
==76077==    by 0x4: ???
==76077==    by 0x1: ???
==76077==    by 0x6A7751F: ???
==76077==    by 0x8000000000000000: ???
==76077==    by 0x4: ???
==76077==    by 0x30: ???
==76077== 
==76077== 2 bytes in 1 blocks are definitely lost in loss record 33 of 850
==76077==    at 0x484D953: calloc (in /usr/libexec/valgrind/vgpreload_memcheck-amd64-linux.so)
==76077==    by 0x723DE9: __mn_alloc (in /mnt/c/Users/Juan/Documents/GitHub/Mapanare/mapanare/self/mnc-stage1)
==76077==    by 0x7245AB: __mn_str_from_parts (in /mnt/c/Users/Juan/Documents/GitHub/Mapanare/mapanare/self/mnc-stage1)
==76077==    by 0x41FA6B: lexer__scan_ident (in /mnt/c/Users/Juan/Documents/GitHub/Mapanare/mapanare/self/mnc-stage1)
==76077==    by 0x6A7A43F: ???
==76077==    by 0x8000000000000000: ???
==76077==    by 0x6A733D7: ???
==76077==    by 0x8: ???
==76077==    by 0x1: ???
==76077==    by 0x6A7751F: ???
==76077==    by 0x8000000000000000: ???
==76077==    by 0x8: ???
==76077==    by 0x34: ???
==76077== 
==76077== 2 bytes in 1 blocks are definitely lost in loss record 34 of 850
==76077==    at 0x484D953: calloc (in /usr/libexec/valgrind/vgpreload_memcheck-amd64-linux.so)
==76077==    by 0x723DE9: __mn_alloc (in /mnt/c/Users/Juan/Documents/GitHub/Mapanare/mapanare/self/mnc-stage1)
==76077==    by 0x7245AB: __mn_str_from_parts (in /mnt/c/Users/Juan/Documents/GitHub/Mapanare/mapanare/self/mnc-stage1)
==76077==    by 0x41FA6B: lexer__scan_ident (in /mnt/c/Users/Juan/Documents/GitHub/Mapanare/mapanare/self/mnc-stage1)
==76077==    by 0x6A7A4DF: ???
==76077==    by 0x8000000000000001: ???
==76077==    by 0x6A733D7: ???
==76077==    by 0x8: ???
==76077==    by 0x1: ???
==76077==    by 0x6A7751F: ???
==76077==    by 0x8000000000000000: ???
==76077==    by 0x8: ???
==76077==    by 0x34: ???
==76077== 
==76077== 2 bytes in 1 blocks are definitely lost in loss record 35 of 850
==76077==    at 0x484D953: calloc (in /usr/libexec/valgrind/vgpreload_memcheck-amd64-linux.so)
==76077==    by 0x723DE9: __mn_alloc (in /mnt/c/Users/Juan/Documents/GitHub/Mapanare/mapanare/self/mnc-stage1)
==76077==    by 0x7245AB: __mn_str_from_parts (in /mnt/c/Users/Juan/Documents/GitHub/Mapanare/mapanare/self/mnc-stage1)
==76077==    by 0x41FA6B: lexer__scan_ident (in /mnt/c/Users/Juan/Documents/GitHub/Mapanare/mapanare/self/mnc-stage1)
==76077==    by 0x6A7A57F: ???
==76077==    by 0x8000000000000002: ???
==76077==    by 0x6A733D7: ???
==76077==    by 0x8: ???
==76077==    by 0x1: ???
==76077==    by 0x6A7751F: ???
==76077==    by 0x8000000000000000: ???
==76077==    by 0x8: ???
==76077==    by 0x34: ???
==76077== 
==76077== 2 bytes in 1 blocks are definitely lost in loss record 36 of 850
==76077==    at 0x484D953: calloc (in /usr/libexec/valgrind/vgpreload_memcheck-amd64-linux.so)
==76077==    by 0x723DE9: __mn_alloc (in /mnt/c/Users/Juan/Documents/GitHub/Mapanare/mapanare/self/mnc-stage1)
==76077==    by 0x7245AB: __mn_str_from_parts (in /mnt/c/Users/Juan/Documents/GitHub/Mapanare/mapanare/self/mnc-stage1)
==76077==    by 0x41FA6B: lexer__scan_ident (in /mnt/c/Users/Juan/Documents/GitHub/Mapanare/mapanare/self/mnc-stage1)
==76077==    by 0x6A7A75F: ???
==76077==    by 0x8000000000000000: ???
==76077==    by 0x6A733D7: ???
==76077==    by 0xC: ???
==76077==    by 0x1: ???
==76077==    by 0x6A7751F: ???
==76077==    by 0x8000000000000000: ???
==76077==    by 0xC: ???
==76077==    by 0x38: ???
==76077== 
==76077== 2 bytes in 1 blocks are definitely lost in loss record 37 of 850
==76077==    at 0x484D953: calloc (in /usr/libexec/valgrind/vgpreload_memcheck-amd64-linux.so)
==76077==    by 0x723DE9: __mn_alloc (in /mnt/c/Users/Juan/Documents/GitHub/Mapanare/mapanare/self/mnc-stage1)
==76077==    by 0x7245AB: __mn_str_from_parts (in /mnt/c/Users/Juan/Documents/GitHub/Mapanare/mapanare/self/mnc-stage1)
==76077==    by 0x41FA6B: lexer__scan_ident (in /mnt/c/Users/Juan/Documents/GitHub/Mapanare/mapanare/self/mnc-stage1)
==76077==    by 0x6A7A7FF: ???
==76077==    by 0x8000000000000001: ???
==76077==    by 0x6A733D7: ???
==76077==    by 0xC: ???
==76077==    by 0x1: ???
==76077==    by 0x6A7751F: ???
==76077==    by 0x8000000000000000: ???
==76077==    by 0xC: ???
==76077==    by 0x38: ???
==76077== 
==76077== 2 bytes in 1 blocks are definitely lost in loss record 38 of 850
==76077==    at 0x484D953: calloc (in /usr/libexec/valgrind/vgpreload_memcheck-amd64-linux.so)
==76077==    by 0x723DE9: __mn_alloc (in /mnt/c/Users/Juan/Documents/GitHub/Mapanare/mapanare/self/mnc-stage1)
==76077==    by 0x7245AB: __mn_str_from_parts (in /mnt/c/Users/Juan/Documents/GitHub/Mapanare/mapanare/self/mnc-stage1)
==76077==    by 0x41FA6B: lexer__scan_ident (in /mnt/c/Users/Juan/Documents/GitHub/Mapanare/mapanare/self/mnc-stage1)
==76077==    by 0x6A7A89F: ???
==76077==    by 0x8000000000000002: ???
==76077==    by 0x6A733D7: ???
==76077==    by 0xC: ???
==76077==    by 0x1: ???
==76077==    by 0x6A7751F: ???
==76077==    by 0x8000000000000000: ???
==76077==    by 0xC: ???
==76077==    by 0x38: ???
==76077== 
==76077== 2 bytes in 1 blocks are definitely lost in loss record 39 of 850
==76077==    at 0x484D953: calloc (in /usr/libexec/valgrind/vgpreload_memcheck-amd64-linux.so)
==76077==    by 0x723DE9: __mn_alloc (in /mnt/c/Users/Juan/Documents/GitHub/Mapanare/mapanare/self/mnc-stage1)
==76077==    by 0x7245AB: __mn_str_from_parts (in /mnt/c/Users/Juan/Documents/GitHub/Mapanare/mapanare/self/mnc-stage1)
==76077==    by 0x41FA6B: lexer__scan_ident (in /mnt/c/Users/Juan/Documents/GitHub/Mapanare/mapanare/self/mnc-stage1)
==76077==    by 0x6A7A93F: ???
==76077==    by 0x8000000000000003: ???
==76077==    by 0x6A733D7: ???
==76077==    by 0xC: ???
==76077==    by 0x1: ???
==76077==    by 0x6A7751F: ???
==76077==    by 0x8000000000000000: ???
==76077==    by 0xC: ???
==76077==    by 0x38: ???
==76077== 
==76077== 2 bytes in 1 blocks are definitely lost in loss record 40 of 850
==76077==    at 0x484D953: calloc (in /usr/libexec/valgrind/vgpreload_memcheck-amd64-linux.so)
==76077==    by 0x723DE9: __mn_alloc (in /mnt/c/Users/Juan/Documents/GitHub/Mapanare/mapanare/self/mnc-stage1)
==76077==    by 0x7245AB: __mn_str_from_parts (in /mnt/c/Users/Juan/Documents/GitHub/Mapanare/mapanare/self/mnc-stage1)
==76077==    by 0x41FA6B: lexer__scan_ident (in /mnt/c/Users/Juan/Documents/GitHub/Mapanare/mapanare/self/mnc-stage1)
==76077==    by 0x6A7A9DF: ???
==76077==    by 0x8000000000000004: ???
==76077==    by 0x6A733D7: ???
==76077==    by 0xC: ???
==76077==    by 0x1: ???
==76077==    by 0x6A7751F: ???
==76077==    by 0x8000000000000000: ???
==76077==    by 0xC: ???
==76077==    by 0x38: ???
==76077== 
==76077== 2 bytes in 1 blocks are definitely lost in loss record 41 of 850
==76077==    at 0x484D953: calloc (in /usr/libexec/valgrind/vgpreload_memcheck-amd64-linux.so)
==76077==    by 0x723DE9: __mn_alloc (in /mnt/c/Users/Juan/Documents/GitHub/Mapanare/mapanare/self/mnc-stage1)
==76077==    by 0x7245AB: __mn_str_from_parts (in /mnt/c/Users/Juan/Documents/GitHub/Mapanare/mapanare/self/mnc-stage1)
==76077==    by 0x41FA6B: lexer__scan_ident (in /mnt/c/Users/Juan/Documents/GitHub/Mapanare/mapanare/self/mnc-stage1)
==76077==    by 0x6A7AA7F: ???
==76077==    by 0x8000000000000005: ???
==76077==    by 0x6A733D7: ???
==76077==    by 0xC: ???
==76077==    by 0x1: ???
==76077==    by 0x6A7751F: ???
==76077==    by 0x8000000000000000: ???
==76077==    by 0xC: ???
==76077==    by 0x38: ???
==76077== 
==76077== 2 bytes in 1 blocks are definitely lost in loss record 42 of 850
==76077==    at 0x484D953: calloc (in /usr/libexec/valgrind/vgpreload_memcheck-amd64-linux.so)
==76077==    by 0x723DE9: __mn_alloc (in /mnt/c/Users/Juan/Documents/GitHub/Mapanare/mapanare/self/mnc-stage1)
==76077==    by 0x7245AB: __mn_str_from_parts (in /mnt/c/Users/Juan/Documents/GitHub/Mapanare/mapanare/self/mnc-stage1)
==76077==    by 0x41FA6B: lexer__scan_ident (in /mnt/c/Users/Juan/Documents/GitHub/Mapanare/mapanare/self/mnc-stage1)
==76077==    by 0x6A7B59F: ???
==76077==    by 0x8000000000000000: ???
==76077==    by 0x6A733D7: ???
==76077==    by 0x14: ???
==76077==    by 0x1: ???
==76077==    by 0x6A7751F: ???
==76077==    by 0x8000000000000000: ???
==76077==    by 0x14: ???
==76077==    by 0x40: ???
==76077== 
==76077== 2 bytes in 1 blocks are definitely lost in loss record 43 of 850
==76077==    at 0x484D953: calloc (in /usr/libexec/valgrind/vgpreload_memcheck-amd64-linux.so)
==76077==    by 0x723DE9: __mn_alloc (in /mnt/c/Users/Juan/Documents/GitHub/Mapanare/mapanare/self/mnc-stage1)
==76077==    by 0x7245AB: __mn_str_from_parts (in /mnt/c/Users/Juan/Documents/GitHub/Mapanare/mapanare/self/mnc-stage1)
==76077==    by 0x41FA6B: lexer__scan_ident (in /mnt/c/Users/Juan/Documents/GitHub/Mapanare/mapanare/self/mnc-stage1)
==76077==    by 0x6A7B63F: ???
==76077==    by 0x8000000000000001: ???
==76077==    by 0x6A733D7: ???
==76077==    by 0x14: ???
==76077==    by 0x1: ???
==76077==    by 0x6A7751F: ???
==76077==    by 0x8000000000000000: ???
==76077==    by 0x14: ???
==76077==    by 0x40: ???
==76077== 
==76077== 2 bytes in 1 blocks are definitely lost in loss record 44 of 850
==76077==    at 0x484D953: calloc (in /usr/libexec/valgrind/vgpreload_memcheck-amd64-linux.so)
==76077==    by 0x723DE9: __mn_alloc (in /mnt/c/Users/Juan/Documents/GitHub/Mapanare/mapanare/self/mnc-stage1)
==76077==    by 0x7245AB: __mn_str_from_parts (in /mnt/c/Users/Juan/Documents/GitHub/Mapanare/mapanare/self/mnc-stage1)
==76077==    by 0x41FA6B: lexer__scan_ident (in /mnt/c/Users/Juan/Documents/GitHub/Mapanare/mapanare/self/mnc-stage1)
==76077==    by 0x6A7B6DF: ???
==76077==    by 0x8000000000000002: ???
==76077==    by 0x6A733D7: ???
==76077==    by 0x14: ???
==76077==    by 0x1: ???
==76077==    by 0x6A7751F: ???
==76077==    by 0x8000000000000000: ???
==76077==    by 0x14: ???
==76077==    by 0x40: ???
==76077== 
==76077== 2 bytes in 1 blocks are definitely lost in loss record 45 of 850
==76077==    at 0x484D953: calloc (in /usr/libexec/valgrind/vgpreload_memcheck-amd64-linux.so)
==76077==    by 0x723DE9: __mn_alloc (in /mnt/c/Users/Juan/Documents/GitHub/Mapanare/mapanare/self/mnc-stage1)
==76077==    by 0x7245AB: __mn_str_from_parts (in /mnt/c/Users/Juan/Documents/GitHub/Mapanare/mapanare/self/mnc-stage1)
==76077==    by 0x41FA6B: lexer__scan_ident (in /mnt/c/Users/Juan/Documents/GitHub/Mapanare/mapanare/self/mnc-stage1)
==76077==    by 0x6A7B77F: ???
==76077==    by 0x8000000000000003: ???
==76077==    by 0x6A733D7: ???
==76077==    by 0x14: ???
==76077==    by 0x1: ???
==76077==    by 0x6A7751F: ???
==76077==    by 0x8000000000000000: ???
==76077==    by 0x14: ???
==76077==    by 0x40: ???
==76077== 
==76077== 2 bytes in 1 blocks are definitely lost in loss record 46 of 850
==76077==    at 0x484D953: calloc (in /usr/libexec/valgrind/vgpreload_memcheck-amd64-linux.so)
==76077==    by 0x723DE9: __mn_alloc (in /mnt/c/Users/Juan/Documents/GitHub/Mapanare/mapanare/self/mnc-stage1)
==76077==    by 0x7245AB: __mn_str_from_parts (in /mnt/c/Users/Juan/Documents/GitHub/Mapanare/mapanare/self/mnc-stage1)
==76077==    by 0x41FA6B: lexer__scan_ident (in /mnt/c/Users/Juan/Documents/GitHub/Mapanare/mapanare/self/mnc-stage1)
==76077==    by 0x6A7B81F: ???
==76077==    by 0x8000000000000004: ???
==76077==    by 0x6A733D7: ???
==76077==    by 0x14: ???
==76077==    by 0x1: ???
==76077==    by 0x6A7751F: ???
==76077==    by 0x8000000000000000: ???
==76077==    by 0x14: ???
==76077==    by 0x40: ???
==76077== 
==76077== 2 bytes in 1 blocks are definitely lost in loss record 47 of 850
==76077==    at 0x484D953: calloc (in /usr/libexec/valgrind/vgpreload_memcheck-amd64-linux.so)
==76077==    by 0x723DE9: __mn_alloc (in /mnt/c/Users/Juan/Documents/GitHub/Mapanare/mapanare/self/mnc-stage1)
==76077==    by 0x7245AB: __mn_str_from_parts (in /mnt/c/Users/Juan/Documents/GitHub/Mapanare/mapanare/self/mnc-stage1)
==76077==    by 0x41FA6B: lexer__scan_ident (in /mnt/c/Users/Juan/Documents/GitHub/Mapanare/mapanare/self/mnc-stage1)
==76077==    by 0x6A7B8BF: ???
==76077==    by 0x8000000000000005: ???
==76077==    by 0x6A733D7: ???
==76077==    by 0x14: ???
==76077==    by 0x1: ???
==76077==    by 0x6A7751F: ???
==76077==    by 0x8000000000000000: ???
==76077==    by 0x14: ???
==76077==    by 0x40: ???
==76077== 
==76077== 2 bytes in 1 blocks are definitely lost in loss record 48 of 850
==76077==    at 0x484D953: calloc (in /usr/libexec/valgrind/vgpreload_memcheck-amd64-linux.so)
==76077==    by 0x723DE9: __mn_alloc (in /mnt/c/Users/Juan/Documents/GitHub/Mapanare/mapanare/self/mnc-stage1)
==76077==    by 0x7245AB: __mn_str_from_parts (in /mnt/c/Users/Juan/Documents/GitHub/Mapanare/mapanare/self/mnc-stage1)
==76077==    by 0x41FA6B: lexer__scan_ident (in /mnt/c/Users/Juan/Documents/GitHub/Mapanare/mapanare/self/mnc-stage1)
==76077==    by 0x6A7BE5F: ???
==76077==    by 0x8000000000000000: ???
==76077==    by 0x6A733D7: ???
==76077==    by 0x4: ???
==76077==    by 0x2: ???
==76077==    by 0x6A7751F: ???
==76077==    by 0x8000000000000000: ???
==76077==    by 0x4: ???
==76077==    by 0x50: ???
==76077== 
==76077== 2 bytes in 1 blocks are definitely lost in loss record 49 of 850
==76077==    at 0x484D953: calloc (in /usr/libexec/valgrind/vgpreload_memcheck-amd64-linux.so)
==76077==    by 0x723DE9: __mn_alloc (in /mnt/c/Users/Juan/Documents/GitHub/Mapanare/mapanare/self/mnc-stage1)
==76077==    by 0x7245AB: __mn_str_from_parts (in /mnt/c/Users/Juan/Documents/GitHub/Mapanare/mapanare/self/mnc-stage1)
==76077==    by 0x41FA6B: lexer__scan_ident (in /mnt/c/Users/Juan/Documents/GitHub/Mapanare/mapanare/self/mnc-stage1)
==76077==    by 0x6A7BEFF: ???
==76077==    by 0x8000000000000001: ???
==76077==    by 0x6A733D7: ???
==76077==    by 0x4: ???
==76077==    by 0x2: ???
==76077==    by 0x6A7751F: ???
==76077==    by 0x8000000000000000: ???
==76077==    by 0x4: ???
==76077==    by 0x50: ???
==76077== 
==76077== 2 bytes in 1 blocks are definitely lost in loss record 50 of 850
==76077==    at 0x484D953: calloc (in /usr/libexec/valgrind/vgpreload_memcheck-amd64-linux.so)
==76077==    by 0x723DE9: __mn_alloc (in /mnt/c/Users/Juan/Documents/GitHub/Mapanare/mapanare/self/mnc-stage1)
==76077==    by 0x7245AB: __mn_str_from_parts (in /mnt/c/Users/Juan/Documents/GitHub/Mapanare/mapanare/self/mnc-stage1)
==76077==    by 0x41FA6B: lexer__scan_ident (in /mnt/c/Users/Juan/Documents/GitHub/Mapanare/mapanare/self/mnc-stage1)
==76077==    by 0x6A7BF9F: ???
==76077==    by 0x8000000000000002: ???
==76077==    by 0x6A733D7: ???
==76077==    by 0x4: ???
==76077==    by 0x2: ???
==76077==    by 0x6A7751F: ???
==76077==    by 0x8000000000000000: ???
==76077==    by 0x4: ???
==76077==    by 0x50: ???
==76077== 
==76077== 2 bytes in 1 blocks are definitely lost in loss record 51 of 850
==76077==    at 0x484D953: calloc (in /usr/libexec/valgrind/vgpreload_memcheck-amd64-linux.so)
==76077==    by 0x723DE9: __mn_alloc (in /mnt/c/Users/Juan/Documents/GitHub/Mapanare/mapanare/self/mnc-stage1)
==76077==    by 0x7245AB: __mn_str_from_parts (in /mnt/c/Users/Juan/Documents/GitHub/Mapanare/mapanare/self/mnc-stage1)
==76077==    by 0x41FA6B: lexer__scan_ident (in /mnt/c/Users/Juan/Documents/GitHub/Mapanare/mapanare/self/mnc-stage1)
==76077==    by 0x6A7C17F: ???
==76077==    by 0x8000000000000000: ???
==76077==    by 0x6A733D7: ???
==76077==    by 0x8: ???
==76077==    by 0x2: ???
==76077==    by 0x6A7751F: ???
==76077==    by 0x8000000000000000: ???
==76077==    by 0x8: ???
==76077==    by 0x54: ???
==76077== 
==76077== 2 bytes in 1 blocks are definitely lost in loss record 52 of 850
==76077==    at 0x484D953: calloc (in /usr/libexec/valgrind/vgpreload_memcheck-amd64-linux.so)
==76077==    by 0x723DE9: __mn_alloc (in /mnt/c/Users/Juan/Documents/GitHub/Mapanare/mapanare/self/mnc-stage1)
==76077==    by 0x7245AB: __mn_str_from_parts (in /mnt/c/Users/Juan/Documents/GitHub/Mapanare/mapanare/self/mnc-stage1)
==76077==    by 0x41FA6B: lexer__scan_ident (in /mnt/c/Users/Juan/Documents/GitHub/Mapanare/mapanare/self/mnc-stage1)
==76077==    by 0x6A7C35F: ???
==76077==    by 0x8000000000000000: ???
==76077==    by 0x6A733D7: ???
==76077==    by 0xA: ???
==76077==    by 0x2: ???
==76077==    by 0x6A7751F: ???
==76077==    by 0x8000000000000000: ???
==76077==    by 0xA: ???
==76077==    by 0x56: ???
==76077== 
==76077== 2 bytes in 1 blocks are definitely lost in loss record 53 of 850
==76077==    at 0x484D953: calloc (in /usr/libexec/valgrind/vgpreload_memcheck-amd64-linux.so)
==76077==    by 0x723DE9: __mn_alloc (in /mnt/c/Users/Juan/Documents/GitHub/Mapanare/mapanare/self/mnc-stage1)
==76077==    by 0x7245AB: __mn_str_from_parts (in /mnt/c/Users/Juan/Documents/GitHub/Mapanare/mapanare/self/mnc-stage1)
==76077==    by 0x41FA6B: lexer__scan_ident (in /mnt/c/Users/Juan/Documents/GitHub/Mapanare/mapanare/self/mnc-stage1)
==76077==    by 0x6A7C3FF: ???
==76077==    by 0x8000000000000001: ???
==76077==    by 0x6A733D7: ???
==76077==    by 0xA: ???
==76077==    by 0x2: ???
==76077==    by 0x6A7751F: ???
==76077==    by 0x8000000000000000: ???
==76077==    by 0xA: ???
==76077==    by 0x56: ???
==76077== 
==76077== 2 bytes in 1 blocks are definitely lost in loss record 54 of 850
==76077==    at 0x484D953: calloc (in /usr/libexec/valgrind/vgpreload_memcheck-amd64-linux.so)
==76077==    by 0x723DE9: __mn_alloc (in /mnt/c/Users/Juan/Documents/GitHub/Mapanare/mapanare/self/mnc-stage1)
==76077==    by 0x7245AB: __mn_str_from_parts (in /mnt/c/Users/Juan/Documents/GitHub/Mapanare/mapanare/self/mnc-stage1)
==76077==    by 0x41FBC6: lexer__scan_number (in /mnt/c/Users/Juan/Documents/GitHub/Mapanare/mapanare/self/mnc-stage1)
==76077==    by 0x6A77578: ???
==76077==    by 0x6A73257: ???
==76077== 
==76077== 2 bytes in 1 blocks are definitely lost in loss record 55 of 850
==76077==    at 0x484D953: calloc (in /usr/libexec/valgrind/vgpreload_memcheck-amd64-linux.so)
==76077==    by 0x723DE9: __mn_alloc (in /mnt/c/Users/Juan/Documents/GitHub/Mapanare/mapanare/self/mnc-stage1)
==76077==    by 0x7245AB: __mn_str_from_parts (in /mnt/c/Users/Juan/Documents/GitHub/Mapanare/mapanare/self/mnc-stage1)
==76077==    by 0x42002C: lexer__scan_number (in /mnt/c/Users/Juan/Documents/GitHub/Mapanare/mapanare/self/mnc-stage1)
==76077==    by 0x6A7C67F: ???
==76077==    by 0x6A73257: ???
==76077==    by 0x8000000000000000: ???
==76077==    by 0x6A7C53F: ???
==76077==    by 0x8000000000000000: ???
==76077== 
==76077== 2 bytes in 1 blocks are definitely lost in loss record 56 of 850
==76077==    at 0x484D953: calloc (in /usr/libexec/valgrind/vgpreload_memcheck-amd64-linux.so)
==76077==    by 0x723DE9: __mn_alloc (in /mnt/c/Users/Juan/Documents/GitHub/Mapanare/mapanare/self/mnc-stage1)
==76077==    by 0x7245AB: __mn_str_from_parts (in /mnt/c/Users/Juan/Documents/GitHub/Mapanare/mapanare/self/mnc-stage1)
==76077==    by 0x4200F1: lexer__scan_number (in /mnt/c/Users/Juan/Documents/GitHub/Mapanare/mapanare/self/mnc-stage1)
==76077==    by 0x6A7C67F: ???
==76077==    by 0x6A73257: ???
==76077==    by 0x8000000000000000: ???
==76077==    by 0x6A7C53F: ???
==76077==    by 0x8000000000000000: ???
==76077== 
==76077== 2 bytes in 1 blocks are definitely lost in loss record 57 of 850
==76077==    at 0x484D953: calloc (in /usr/libexec/valgrind/vgpreload_memcheck-amd64-linux.so)
==76077==    by 0x723DE9: __mn_alloc (in /mnt/c/Users/Juan/Documents/GitHub/Mapanare/mapanare/self/mnc-stage1)
==76077==    by 0x7245AB: __mn_str_from_parts (in /mnt/c/Users/Juan/Documents/GitHub/Mapanare/mapanare/self/mnc-stage1)
==76077==    by 0x421B33: lexer__scan_op (in /mnt/c/Users/Juan/Documents/GitHub/Mapanare/mapanare/self/mnc-stage1)
==76077==    by 0x1102: ???
==76077==    by 0x6A73417: ???
==76077==    by 0x6A7C7BF: ???
==76077==    by 0x8000000000000000: ???
==76077==    by 0xE: ???
==76077==    by 0x8000000000000000: ???
==76077==    by 0x2: ???
==76077==    by 0x6A7751F: ???
==76077==    by 0x8000000000000000: ???
==76077==    by 0xE: ???
==76077==    by 0x5A: ???
==76077==    by 0x11F: ???
==76077==    by 0x800000000000011F: ???
==76077==    by 0x422942: lexer__tokenize (in /mnt/c/Users/Juan/Documents/GitHub/Mapanare/mapanare/self/mnc-stage1)
==76077== 
==76077== 2 bytes in 1 blocks are definitely lost in loss record 58 of 850
==76077==    at 0x484D953: calloc (in /usr/libexec/valgrind/vgpreload_memcheck-amd64-linux.so)
==76077==    by 0x723DE9: __mn_alloc (in /mnt/c/Users/Juan/Documents/GitHub/Mapanare/mapanare/self/mnc-stage1)
==76077==    by 0x7245AB: __mn_str_from_parts (in /mnt/c/Users/Juan/Documents/GitHub/Mapanare/mapanare/self/mnc-stage1)
==76077==    by 0x41FA6B: lexer__scan_ident (in /mnt/c/Users/Juan/Documents/GitHub/Mapanare/mapanare/self/mnc-stage1)
==76077==    by 0x6A7C99F: ???
==76077==    by 0x8000000000000000: ???
==76077==    by 0x6A733D7: ???
==76077==    by 0x10: ???
==76077==    by 0x2: ???
==76077==    by 0x6A7751F: ???
==76077==    by 0x8000000000000000: ???
==76077==    by 0x10: ???
==76077==    by 0x5C: ???
==76077== 
==76077== 2 bytes in 1 blocks are definitely lost in loss record 59 of 850
==76077==    at 0x484D953: calloc (in /usr/libexec/valgrind/vgpreload_memcheck-amd64-linux.so)
==76077==    by 0x723DE9: __mn_alloc (in /mnt/c/Users/Juan/Documents/GitHub/Mapanare/mapanare/self/mnc-stage1)
==76077==    by 0x7245AB: __mn_str_from_parts (in /mnt/c/Users/Juan/Documents/GitHub/Mapanare/mapanare/self/mnc-stage1)
==76077==    by 0x41FA6B: lexer__scan_ident (in /mnt/c/Users/Juan/Documents/GitHub/Mapanare/mapanare/self/mnc-stage1)
==76077==    by 0x6A7CF3F: ???
==76077==    by 0x8000000000000000: ???
==76077==    by 0x6A733D7: ???
==76077==    by 0x8: ???
==76077==    by 0x3: ???
==76077==    by 0x6A7751F: ???
==76077==    by 0x8000000000000000: ???
==76077==    by 0x8: ???
==76077==    by 0x68: ???
==76077== 
==76077== 2 bytes in 1 blocks are definitely lost in loss record 60 of 850
==76077==    at 0x484D953: calloc (in /usr/libexec/valgrind/vgpreload_memcheck-amd64-linux.so)
==76077==    by 0x723DE9: __mn_alloc (in /mnt/c/Users/Juan/Documents/GitHub/Mapanare/mapanare/self/mnc-stage1)
==76077==    by 0x7245AB: __mn_str_from_parts (in /mnt/c/Users/Juan/Documents/GitHub/Mapanare/mapanare/self/mnc-stage1)
==76077==    by 0x41FA6B: lexer__scan_ident (in /mnt/c/Users/Juan/Documents/GitHub/Mapanare/mapanare/self/mnc-stage1)
==76077==    by 0x6A7CFDF: ???
==76077==    by 0x8000000000000001: ???
==76077==    by 0x6A733D7: ???
==76077==    by 0x8: ???
==76077==    by 0x3: ???
==76077==    by 0x6A7751F: ???
==76077==    by 0x8000000000000000: ???
==76077==    by 0x8: ???
==76077==    by 0x68: ???
==76077== 
==76077== 2 bytes in 1 blocks are definitely lost in loss record 61 of 850
==76077==    at 0x484D953: calloc (in /usr/libexec/valgrind/vgpreload_memcheck-amd64-linux.so)
==76077==    by 0x723DE9: __mn_alloc (in /mnt/c/Users/Juan/Documents/GitHub/Mapanare/mapanare/self/mnc-stage1)
==76077==    by 0x7245AB: __mn_str_from_parts (in /mnt/c/Users/Juan/Documents/GitHub/Mapanare/mapanare/self/mnc-stage1)
==76077==    by 0x41FA6B: lexer__scan_ident (in /mnt/c/Users/Juan/Documents/GitHub/Mapanare/mapanare/self/mnc-stage1)
==76077==    by 0x6A7D07F: ???
==76077==    by 0x8000000000000002: ???
==76077==    by 0x6A733D7: ???
==76077==    by 0x8: ???
==76077==    by 0x3: ???
==76077==    by 0x6A7751F: ???
==76077==    by 0x8000000000000000: ???
==76077==    by 0x8: ???
==76077==    by 0x68: ???
==76077== 
==76077== 2 bytes in 1 blocks are definitely lost in loss record 62 of 850
==76077==    at 0x484D953: calloc (in /usr/libexec/valgrind/vgpreload_memcheck-amd64-linux.so)
==76077==    by 0x723DE9: __mn_alloc (in /mnt/c/Users/Juan/Documents/GitHub/Mapanare/mapanare/self/mnc-stage1)
==76077==    by 0x7245AB: __mn_str_from_parts (in /mnt/c/Users/Juan/Documents/GitHub/Mapanare/mapanare/self/mnc-stage1)
==76077==    by 0x41FA6B: lexer__scan_ident (in /mnt/c/Users/Juan/Documents/GitHub/Mapanare/mapanare/self/mnc-stage1)
==76077==    by 0x6A7D11F: ???
==76077==    by 0x8000000000000003: ???
==76077==    by 0x6A733D7: ???
==76077==    by 0x8: ???
==76077==    by 0x3: ???
==76077==    by 0x6A7751F: ???
==76077==    by 0x8000000000000000: ???
==76077==    by 0x8: ???
==76077==    by 0x68: ???
==76077== 
==76077== 2 bytes in 1 blocks are definitely lost in loss record 63 of 850
==76077==    at 0x484D953: calloc (in /usr/libexec/valgrind/vgpreload_memcheck-amd64-linux.so)
==76077==    by 0x723DE9: __mn_alloc (in /mnt/c/Users/Juan/Documents/GitHub/Mapanare/mapanare/self/mnc-stage1)
==76077==    by 0x7245AB: __mn_str_from_parts (in /mnt/c/Users/Juan/Documents/GitHub/Mapanare/mapanare/self/mnc-stage1)
==76077==    by 0x41FA6B: lexer__scan_ident (in /mnt/c/Users/Juan/Documents/GitHub/Mapanare/mapanare/self/mnc-stage1)
==76077==    by 0x6A7D1BF: ???
==76077==    by 0x8000000000000004: ???
==76077==    by 0x6A733D7: ???
==76077==    by 0x8: ???
==76077==    by 0x3: ???
==76077==    by 0x6A7751F: ???
==76077==    by 0x8000000000000000: ???
==76077==    by 0x8: ???
==76077==    by 0x68: ???
==76077== 
==76077== 2 bytes in 1 blocks are definitely lost in loss record 64 of 850
==76077==    at 0x484D953: calloc (in /usr/libexec/valgrind/vgpreload_memcheck-amd64-linux.so)
==76077==    by 0x723DE9: __mn_alloc (in /mnt/c/Users/Juan/Documents/GitHub/Mapanare/mapanare/self/mnc-stage1)
==76077==    by 0x7245AB: __mn_str_from_parts (in /mnt/c/Users/Juan/Documents/GitHub/Mapanare/mapanare/self/mnc-stage1)
==76077==    by 0x41FA6B: lexer__scan_ident (in /mnt/c/Users/Juan/Documents/GitHub/Mapanare/mapanare/self/mnc-stage1)
==76077==    by 0x6A7D25F: ???
==76077==    by 0x8000000000000005: ???
==76077==    by 0x6A733D7: ???
==76077==    by 0x8: ???
==76077==    by 0x3: ???
==76077==    by 0x6A7751F: ???
==76077==    by 0x8000000000000000: ???
==76077==    by 0x8: ???
==76077==    by 0x68: ???
==76077== 
==76077== 2 bytes in 1 blocks are definitely lost in loss record 65 of 850
==76077==    at 0x484D953: calloc (in /usr/libexec/valgrind/vgpreload_memcheck-amd64-linux.so)
==76077==    by 0x723DE9: __mn_alloc (in /mnt/c/Users/Juan/Documents/GitHub/Mapanare/mapanare/self/mnc-stage1)
==76077==    by 0x7245AB: __mn_str_from_parts (in /mnt/c/Users/Juan/Documents/GitHub/Mapanare/mapanare/self/mnc-stage1)
==76077==    by 0x41FA6B: lexer__scan_ident (in /mnt/c/Users/Juan/Documents/GitHub/Mapanare/mapanare/self/mnc-stage1)
==76077==    by 0x6A7D57F: ???
==76077==    by 0x8000000000000000: ???
==76077==    by 0x6A733D7: ???
==76077==    by 0x11: ???
==76077==    by 0x3: ???
==76077==    by 0x6A7751F: ???
==76077==    by 0x8000000000000000: ???
==76077==    by 0x11: ???
==76077==    by 0x71: ???
==76077== 
==76077== 2 bytes in 1 blocks are definitely lost in loss record 66 of 850
==76077==    at 0x484D953: calloc (in /usr/libexec/valgrind/vgpreload_memcheck-amd64-linux.so)
==76077==    by 0x723DE9: __mn_alloc (in /mnt/c/Users/Juan/Documents/GitHub/Mapanare/mapanare/self/mnc-stage1)
==76077==    by 0x7245AB: __mn_str_from_parts (in /mnt/c/Users/Juan/Documents/GitHub/Mapanare/mapanare/self/mnc-stage1)
==76077==    by 0x41FA6B: lexer__scan_ident (in /mnt/c/Users/Juan/Documents/GitHub/Mapanare/mapanare/self/mnc-stage1)
==76077==    by 0x6A7D61F: ???
==76077==    by 0x8000000000000001: ???
==76077==    by 0x6A733D7: ???
==76077==    by 0x11: ???
==76077==    by 0x3: ???
==76077==    by 0x6A7751F: ???
==76077==    by 0x8000000000000000: ???
==76077==    by 0x11: ???
==76077==    by 0x71: ???
==76077== 
==76077== 2 bytes in 1 blocks are definitely lost in loss record 67 of 850
==76077==    at 0x484D953: calloc (in /usr/libexec/valgrind/vgpreload_memcheck-amd64-linux.so)
==76077==    by 0x723DE9: __mn_alloc (in /mnt/c/Users/Juan/Documents/GitHub/Mapanare/mapanare/self/mnc-stage1)
==76077==    by 0x7245AB: __mn_str_from_parts (in /mnt/c/Users/Juan/Documents/GitHub/Mapanare/mapanare/self/mnc-stage1)
==76077==    by 0x41FA6B: lexer__scan_ident (in /mnt/c/Users/Juan/Documents/GitHub/Mapanare/mapanare/self/mnc-stage1)
==76077==    by 0x6A7D6BF: ???
==76077==    by 0x8000000000000002: ???
==76077==    by 0x6A733D7: ???
==76077==    by 0x11: ???
==76077==    by 0x3: ???
==76077==    by 0x6A7751F: ???
==76077==    by 0x8000000000000000: ???
==76077==    by 0x11: ???
==76077==    by 0x71: ???
==76077== 
==76077== 2 bytes in 1 blocks are definitely lost in loss record 68 of 850
==76077==    at 0x484D953: calloc (in /usr/libexec/valgrind/vgpreload_memcheck-amd64-linux.so)
==76077==    by 0x723DE9: __mn_alloc (in /mnt/c/Users/Juan/Documents/GitHub/Mapanare/mapanare/self/mnc-stage1)
==76077==    by 0x7245AB: __mn_str_from_parts (in /mnt/c/Users/Juan/Documents/GitHub/Mapanare/mapanare/self/mnc-stage1)
==76077==    by 0x41FA6B: lexer__scan_ident (in /mnt/c/Users/Juan/Documents/GitHub/Mapanare/mapanare/self/mnc-stage1)
==76077==    by 0x6A7D75F: ???
==76077==    by 0x8000000000000003: ???
==76077==    by 0x6A733D7: ???
==76077==    by 0x11: ???
==76077==    by 0x3: ???
==76077==    by 0x6A7751F: ???
==76077==    by 0x8000000000000000: ???
==76077==    by 0x11: ???
==76077==    by 0x71: ???
==76077== 
==76077== 2 bytes in 1 blocks are definitely lost in loss record 69 of 850
==76077==    at 0x484D953: calloc (in /usr/libexec/valgrind/vgpreload_memcheck-amd64-linux.so)
==76077==    by 0x723DE9: __mn_alloc (in /mnt/c/Users/Juan/Documents/GitHub/Mapanare/mapanare/self/mnc-stage1)
==76077==    by 0x7245AB: __mn_str_from_parts (in /mnt/c/Users/Juan/Documents/GitHub/Mapanare/mapanare/self/mnc-stage1)
==76077==    by 0x41FA6B: lexer__scan_ident (in /mnt/c/Users/Juan/Documents/GitHub/Mapanare/mapanare/self/mnc-stage1)
==76077==    by 0x6A7D7FF: ???
==76077==    by 0x8000000000000004: ???
==76077==    by 0x6A733D7: ???
==76077==    by 0x11: ???
==76077==    by 0x3: ???
==76077==    by 0x6A7751F: ???
==76077==    by 0x8000000000000000: ???
==76077==    by 0x11: ???
==76077==    by 0x71: ???
==76077== 
==76077== 2 bytes in 1 blocks are definitely lost in loss record 70 of 850
==76077==    at 0x484D953: calloc (in /usr/libexec/valgrind/vgpreload_memcheck-amd64-linux.so)
==76077==    by 0x723DE9: __mn_alloc (in /mnt/c/Users/Juan/Documents/GitHub/Mapanare/mapanare/self/mnc-stage1)
==76077==    by 0x7245AB: __mn_str_from_parts (in /mnt/c/Users/Juan/Documents/GitHub/Mapanare/mapanare/self/mnc-stage1)
==76077==    by 0x41FA6B: lexer__scan_ident (in /mnt/c/Users/Juan/Documents/GitHub/Mapanare/mapanare/self/mnc-stage1)
==76077==    by 0x6A7D89F: ???
==76077==    by 0x8000000000000005: ???
==76077==    by 0x6A733D7: ???
==76077==    by 0x11: ???
==76077==    by 0x3: ???
==76077==    by 0x6A7751F: ???
==76077==    by 0x8000000000000000: ???
==76077==    by 0x11: ???
==76077==    by 0x71: ???
==76077== 
==76077== 2 bytes in 1 blocks are definitely lost in loss record 71 of 850
==76077==    at 0x484D953: calloc (in /usr/libexec/valgrind/vgpreload_memcheck-amd64-linux.so)
==76077==    by 0x723DE9: __mn_alloc (in /mnt/c/Users/Juan/Documents/GitHub/Mapanare/mapanare/self/mnc-stage1)
==76077==    by 0x7245AB: __mn_str_from_parts (in /mnt/c/Users/Juan/Documents/GitHub/Mapanare/mapanare/self/mnc-stage1)
==76077==    by 0x41FA6B: lexer__scan_ident (in /mnt/c/Users/Juan/Documents/GitHub/Mapanare/mapanare/self/mnc-stage1)
==76077==    by 0x6A7DBBF: ???
==76077==    by 0x8000000000000000: ???
==76077==    by 0x6A733D7: ???
==76077==    by 0x1A: ???
==76077==    by 0x3: ???
==76077==    by 0x6A7751F: ???
==76077==    by 0x8000000000000000: ???
==76077==    by 0x1A: ???
==76077==    by 0x7A: ???
==76077== 
==76077== 2 bytes in 1 blocks are definitely lost in loss record 72 of 850
==76077==    at 0x484D953: calloc (in /usr/libexec/valgrind/vgpreload_memcheck-amd64-linux.so)
==76077==    by 0x723DE9: __mn_alloc (in /mnt/c/Users/Juan/Documents/GitHub/Mapanare/mapanare/self/mnc-stage1)
==76077==    by 0x7245AB: __mn_str_from_parts (in /mnt/c/Users/Juan/Documents/GitHub/Mapanare/mapanare/self/mnc-stage1)
==76077==    by 0x41FA6B: lexer__scan_ident (in /mnt/c/Users/Juan/Documents/GitHub/Mapanare/mapanare/self/mnc-stage1)
==76077==    by 0x6A7F1AF: ???
==76077==    by 0x8000000000000000: ???
==76077==    by 0x6A733D7: ???
==76077==    by 0x4: ???
==76077==    by 0x5: ???
==76077==    by 0x6A7751F: ???
==76077==    by 0x8000000000000000: ???
==76077==    by 0x4: ???
==76077==    by 0x86: ???
==76077== 
==76077== 2 bytes in 1 blocks are definitely lost in loss record 73 of 850
==76077==    at 0x484D953: calloc (in /usr/libexec/valgrind/vgpreload_memcheck-amd64-linux.so)
==76077==    by 0x723DE9: __mn_alloc (in /mnt/c/Users/Juan/Documents/GitHub/Mapanare/mapanare/self/mnc-stage1)
==76077==    by 0x7245AB: __mn_str_from_parts (in /mnt/c/Users/Juan/Documents/GitHub/Mapanare/mapanare/self/mnc-stage1)
==76077==    by 0x41FA6B: lexer__scan_ident (in /mnt/c/Users/Juan/Documents/GitHub/Mapanare/mapanare/self/mnc-stage1)
==76077==    by 0x6A7F24F: ???
==76077==    by 0x8000000000000001: ???
==76077==    by 0x6A733D7: ???
==76077==    by 0x4: ???
==76077==    by 0x5: ???
==76077==    by 0x6A7751F: ???
==76077==    by 0x8000000000000000: ???
==76077==    by 0x4: ???
==76077==    by 0x86: ???
==76077== 
==76077== 2 bytes in 1 blocks are definitely lost in loss record 74 of 850
==76077==    at 0x484D953: calloc (in /usr/libexec/valgrind/vgpreload_memcheck-amd64-linux.so)
==76077==    by 0x723DE9: __mn_alloc (in /mnt/c/Users/Juan/Documents/GitHub/Mapanare/mapanare/self/mnc-stage1)
==76077==    by 0x7245AB: __mn_str_from_parts (in /mnt/c/Users/Juan/Documents/GitHub/Mapanare/mapanare/self/mnc-stage1)
==76077==    by 0x41FA6B: lexer__scan_ident (in /mnt/c/Users/Juan/Documents/GitHub/Mapanare/mapanare/self/mnc-stage1)
==76077==    by 0x6A7F2EF: ???
==76077==    by 0x8000000000000002: ???
==76077==    by 0x6A733D7: ???
==76077==    by 0x4: ???
==76077==    by 0x5: ???
==76077==    by 0x6A7751F: ???
==76077==    by 0x8000000000000000: ???
==76077==    by 0x4: ???
==76077==    by 0x86: ???
==76077== 
==76077== 2 bytes in 1 blocks are definitely lost in loss record 75 of 850
==76077==    at 0x484D953: calloc (in /usr/libexec/valgrind/vgpreload_memcheck-amd64-linux.so)
==76077==    by 0x723DE9: __mn_alloc (in /mnt/c/Users/Juan/Documents/GitHub/Mapanare/mapanare/self/mnc-stage1)
==76077==    by 0x7245AB: __mn_str_from_parts (in /mnt/c/Users/Juan/Documents/GitHub/Mapanare/mapanare/self/mnc-stage1)
==76077==    by 0x41FA6B: lexer__scan_ident (in /mnt/c/Users/Juan/Documents/GitHub/Mapanare/mapanare/self/mnc-stage1)
==76077==    by 0x6A7F38F: ???
==76077==    by 0x8000000000000003: ???
==76077==    by 0x6A733D7: ???
==76077==    by 0x4: ???
==76077==    by 0x5: ???
==76077==    by 0x6A7751F: ???
==76077==    by 0x8000000000000000: ???
==76077==    by 0x4: ???
==76077==    by 0x86: ???
==76077== 
==76077== 2 bytes in 1 blocks are definitely lost in loss record 76 of 850
==76077==    at 0x484D953: calloc (in /usr/libexec/valgrind/vgpreload_memcheck-amd64-linux.so)
==76077==    by 0x723DE9: __mn_alloc (in /mnt/c/Users/Juan/Documents/GitHub/Mapanare/mapanare/self/mnc-stage1)
==76077==    by 0x7245AB: __mn_str_from_parts (in /mnt/c/Users/Juan/Documents/GitHub/Mapanare/mapanare/self/mnc-stage1)
==76077==    by 0x41FA6B: lexer__scan_ident (in /mnt/c/Users/Juan/Documents/GitHub/Mapanare/mapanare/self/mnc-stage1)
==76077==    by 0x6A7F42F: ???
==76077==    by 0x8000000000000004: ???
==76077==    by 0x6A733D7: ???
==76077==    by 0x4: ???
==76077==    by 0x5: ???
==76077==    by 0x6A7751F: ???
==76077==    by 0x8000000000000000: ???
==76077==    by 0x4: ???
==76077==    by 0x86: ???
==76077== 
==76077== 2 bytes in 1 blocks are definitely lost in loss record 77 of 850
==76077==    at 0x484D953: calloc (in /usr/libexec/valgrind/vgpreload_memcheck-amd64-linux.so)
==76077==    by 0x723DE9: __mn_alloc (in /mnt/c/Users/Juan/Documents/GitHub/Mapanare/mapanare/self/mnc-stage1)
==76077==    by 0x7245AB: __mn_str_from_parts (in /mnt/c/Users/Juan/Documents/GitHub/Mapanare/mapanare/self/mnc-stage1)
==76077==    by 0x41FA6B: lexer__scan_ident (in /mnt/c/Users/Juan/Documents/GitHub/Mapanare/mapanare/self/mnc-stage1)
==76077==    by 0x6A7F4CF: ???
==76077==    by 0x8000000000000005: ???
==76077==    by 0x6A733D7: ???
==76077==    by 0x4: ???
==76077==    by 0x5: ???
==76077==    by 0x6A7751F: ???
==76077==    by 0x8000000000000000: ???
==76077==    by 0x4: ???
==76077==    by 0x86: ???
==76077== 
==76077== 2 bytes in 1 blocks are definitely lost in loss record 78 of 850
==76077==    at 0x484D953: calloc (in /usr/libexec/valgrind/vgpreload_memcheck-amd64-linux.so)
==76077==    by 0x723DE9: __mn_alloc (in /mnt/c/Users/Juan/Documents/GitHub/Mapanare/mapanare/self/mnc-stage1)
==76077==    by 0x7245AB: __mn_str_from_parts (in /mnt/c/Users/Juan/Documents/GitHub/Mapanare/mapanare/self/mnc-stage1)
==76077==    by 0x41FA6B: lexer__scan_ident (in /mnt/c/Users/Juan/Documents/GitHub/Mapanare/mapanare/self/mnc-stage1)
==76077==    by 0x6A7F6AF: ???
==76077==    by 0x8000000000000000: ???
==76077==    by 0x6A733D7: ???
==76077==    by 0xB: ???
==76077==    by 0x5: ???
==76077==    by 0x6A7751F: ???
==76077==    by 0x8000000000000000: ???
==76077==    by 0xB: ???
==76077==    by 0x8D: ???
==76077== 
==76077== 2 bytes in 1 blocks are definitely lost in loss record 79 of 850
==76077==    at 0x484D953: calloc (in /usr/libexec/valgrind/vgpreload_memcheck-amd64-linux.so)
==76077==    by 0x723DE9: __mn_alloc (in /mnt/c/Users/Juan/Documents/GitHub/Mapanare/mapanare/self/mnc-stage1)
==76077==    by 0x7245AB: __mn_str_from_parts (in /mnt/c/Users/Juan/Documents/GitHub/Mapanare/mapanare/self/mnc-stage1)
==76077==    by 0x41FA6B: lexer__scan_ident (in /mnt/c/Users/Juan/Documents/GitHub/Mapanare/mapanare/self/mnc-stage1)
==76077==    by 0x6A7F74F: ???
==76077==    by 0x8000000000000001: ???
==76077==    by 0x6A733D7: ???
==76077==    by 0xB: ???
==76077==    by 0x5: ???
==76077==    by 0x6A7751F: ???
==76077==    by 0x8000000000000000: ???
==76077==    by 0xB: ???
==76077==    by 0x8D: ???
==76077== 
==76077== 2 bytes in 1 blocks are definitely lost in loss record 80 of 850
==76077==    at 0x484D953: calloc (in /usr/libexec/valgrind/vgpreload_memcheck-amd64-linux.so)
==76077==    by 0x723DE9: __mn_alloc (in /mnt/c/Users/Juan/Documents/GitHub/Mapanare/mapanare/self/mnc-stage1)
==76077==    by 0x7245AB: __mn_str_from_parts (in /mnt/c/Users/Juan/Documents/GitHub/Mapanare/mapanare/self/mnc-stage1)
==76077==    by 0x41FA6B: lexer__scan_ident (in /mnt/c/Users/Juan/Documents/GitHub/Mapanare/mapanare/self/mnc-stage1)
==76077==    by 0x6A7F7EF: ???
==76077==    by 0x8000000000000002: ???
==76077==    by 0x6A733D7: ???
==76077==    by 0xB: ???
==76077==    by 0x5: ???
==76077==    by 0x6A7751F: ???
==76077==    by 0x8000000000000000: ???
==76077==    by 0xB: ???
==76077==    by 0x8D: ???
==76077== 
==76077== 2 bytes in 1 blocks are definitely lost in loss record 81 of 850
==76077==    at 0x484D953: calloc (in /usr/libexec/valgrind/vgpreload_memcheck-amd64-linux.so)
==76077==    by 0x723DE9: __mn_alloc (in /mnt/c/Users/Juan/Documents/GitHub/Mapanare/mapanare/self/mnc-stage1)
==76077==    by 0x7245AB: __mn_str_from_parts (in /mnt/c/Users/Juan/Documents/GitHub/Mapanare/mapanare/self/mnc-stage1)
==76077==    by 0x41FA6B: lexer__scan_ident (in /mnt/c/Users/Juan/Documents/GitHub/Mapanare/mapanare/self/mnc-stage1)
==76077==    by 0x6A7F88F: ???
==76077==    by 0x8000000000000003: ???
==76077==    by 0x6A733D7: ???
==76077==    by 0xB: ???
==76077==    by 0x5: ???
==76077==    by 0x6A7751F: ???
==76077==    by 0x8000000000000000: ???
==76077==    by 0xB: ???
==76077==    by 0x8D: ???
==76077== 
==76077== 2 bytes in 1 blocks are definitely lost in loss record 82 of 850
==76077==    at 0x484D953: calloc (in /usr/libexec/valgrind/vgpreload_memcheck-amd64-linux.so)
==76077==    by 0x723DE9: __mn_alloc (in /mnt/c/Users/Juan/Documents/GitHub/Mapanare/mapanare/self/mnc-stage1)
==76077==    by 0x7245AB: __mn_str_from_parts (in /mnt/c/Users/Juan/Documents/GitHub/Mapanare/mapanare/self/mnc-stage1)
==76077==    by 0x41FA6B: lexer__scan_ident (in /mnt/c/Users/Juan/Documents/GitHub/Mapanare/mapanare/self/mnc-stage1)
==76077==    by 0x6A7F92F: ???
==76077==    by 0x8000000000000004: ???
==76077==    by 0x6A733D7: ???
==76077==    by 0xB: ???
==76077==    by 0x5: ???
==76077==    by 0x6A7751F: ???
==76077==    by 0x8000000000000000: ???
==76077==    by 0xB: ???
==76077==    by 0x8D: ???
==76077== 
==76077== 2 bytes in 1 blocks are definitely lost in loss record 83 of 850
==76077==    at 0x484D953: calloc (in /usr/libexec/valgrind/vgpreload_memcheck-amd64-linux.so)
==76077==    by 0x723DE9: __mn_alloc (in /mnt/c/Users/Juan/Documents/GitHub/Mapanare/mapanare/self/mnc-stage1)
==76077==    by 0x7245AB: __mn_str_from_parts (in /mnt/c/Users/Juan/Documents/GitHub/Mapanare/mapanare/self/mnc-stage1)
==76077==    by 0x41FA6B: lexer__scan_ident (in /mnt/c/Users/Juan/Documents/GitHub/Mapanare/mapanare/self/mnc-stage1)
==76077==    by 0x6A7F9CF: ???
==76077==    by 0x8000000000000005: ???
==76077==    by 0x6A733D7: ???
==76077==    by 0xB: ???
==76077==    by 0x5: ???
==76077==    by 0x6A7751F: ???
==76077==    by 0x8000000000000000: ???
==76077==    by 0xB: ???
==76077==    by 0x8D: ???
==76077== 
==76077== 2 bytes in 1 blocks are definitely lost in loss record 84 of 850
==76077==    at 0x484D953: calloc (in /usr/libexec/valgrind/vgpreload_memcheck-amd64-linux.so)
==76077==    by 0x723DE9: __mn_alloc (in /mnt/c/Users/Juan/Documents/GitHub/Mapanare/mapanare/self/mnc-stage1)
==76077==    by 0x7245AB: __mn_str_from_parts (in /mnt/c/Users/Juan/Documents/GitHub/Mapanare/mapanare/self/mnc-stage1)
==76077==    by 0x41FA6B: lexer__scan_ident (in /mnt/c/Users/Juan/Documents/GitHub/Mapanare/mapanare/self/mnc-stage1)
==76077==    by 0x6A7FD3F: ???
==76077==    by 0x8000000000000000: ???
==76077==    by 0x6A733D7: ???
==76077== 
==76077== 2 bytes in 1 blocks are definitely lost in loss record 85 of 850
==76077==    at 0x484D953: calloc (in /usr/libexec/valgrind/vgpreload_memcheck-amd64-linux.so)
==76077==    by 0x723DE9: __mn_alloc (in /mnt/c/Users/Juan/Documents/GitHub/Mapanare/mapanare/self/mnc-stage1)
==76077==    by 0x7245AB: __mn_str_from_parts (in /mnt/c/Users/Juan/Documents/GitHub/Mapanare/mapanare/self/mnc-stage1)
==76077==    by 0x41FA6B: lexer__scan_ident (in /mnt/c/Users/Juan/Documents/GitHub/Mapanare/mapanare/self/mnc-stage1)
==76077==    by 0x6A7FDDF: ???
==76077==    by 0x8000000000000001: ???
==76077==    by 0x6A733D7: ???
==76077== 
==76077== 2 bytes in 1 blocks are definitely lost in loss record 86 of 850
==76077==    at 0x484D953: calloc (in /usr/libexec/valgrind/vgpreload_memcheck-amd64-linux.so)
==76077==    by 0x723DE9: __mn_alloc (in /mnt/c/Users/Juan/Documents/GitHub/Mapanare/mapanare/self/mnc-stage1)
==76077==    by 0x7245AB: __mn_str_from_parts (in /mnt/c/Users/Juan/Documents/GitHub/Mapanare/mapanare/self/mnc-stage1)
==76077==    by 0x41FA6B: lexer__scan_ident (in /mnt/c/Users/Juan/Documents/GitHub/Mapanare/mapanare/self/mnc-stage1)
==76077==    by 0x6A7FFBF: ???
==76077==    by 0x8000000000000000: ???
==76077==    by 0x6A733D7: ???
==76077==    by 0x3: ???
==76077==    by 0x8: ???
==76077==    by 0x6A7751F: ???
==76077==    by 0x8000000000000000: ???
==76077==    by 0x3: ???
==76077==    by 0x9A: ???
==76077== 
==76077== 2 bytes in 1 blocks are definitely lost in loss record 87 of 850
==76077==    at 0x484D953: calloc (in /usr/libexec/valgrind/vgpreload_memcheck-amd64-linux.so)
==76077==    by 0x723DE9: __mn_alloc (in /mnt/c/Users/Juan/Documents/GitHub/Mapanare/mapanare/self/mnc-stage1)
==76077==    by 0x7245AB: __mn_str_from_parts (in /mnt/c/Users/Juan/Documents/GitHub/Mapanare/mapanare/self/mnc-stage1)
==76077==    by 0x41FA6B: lexer__scan_ident (in /mnt/c/Users/Juan/Documents/GitHub/Mapanare/mapanare/self/mnc-stage1)
==76077==    by 0x6A8005F: ???
==76077==    by 0x8000000000000001: ???
==76077==    by 0x6A733D7: ???
==76077==    by 0x3: ???
==76077==    by 0x8: ???
==76077==    by 0x6A7751F: ???
==76077==    by 0x8000000000000000: ???
==76077==    by 0x3: ???
==76077==    by 0x9A: ???
==76077== 
==76077== 2 bytes in 1 blocks are definitely lost in loss record 88 of 850
==76077==    at 0x484D953: calloc (in /usr/libexec/valgrind/vgpreload_memcheck-amd64-linux.so)
==76077==    by 0x723DE9: __mn_alloc (in /mnt/c/Users/Juan/Documents/GitHub/Mapanare/mapanare/self/mnc-stage1)
==76077==    by 0x7245AB: __mn_str_from_parts (in /mnt/c/Users/Juan/Documents/GitHub/Mapanare/mapanare/self/mnc-stage1)
==76077==    by 0x41FA6B: lexer__scan_ident (in /mnt/c/Users/Juan/Documents/GitHub/Mapanare/mapanare/self/mnc-stage1)
==76077==    by 0x6A800FF: ???
==76077==    by 0x8000000000000002: ???
==76077==    by 0x6A733D7: ???
==76077==    by 0x3: ???
==76077==    by 0x8: ???
==76077==    by 0x6A7751F: ???
==76077==    by 0x8000000000000000: ???
==76077==    by 0x3: ???
==76077==    by 0x9A: ???
==76077== 
==76077== 2 bytes in 1 blocks are definitely lost in loss record 89 of 850
==76077==    at 0x484D953: calloc (in /usr/libexec/valgrind/vgpreload_memcheck-amd64-linux.so)
==76077==    by 0x723DE9: __mn_alloc (in /mnt/c/Users/Juan/Documents/GitHub/Mapanare/mapanare/self/mnc-stage1)
==76077==    by 0x7245AB: __mn_str_from_parts (in /mnt/c/Users/Juan/Documents/GitHub/Mapanare/mapanare/self/mnc-stage1)
==76077==    by 0x41FA6B: lexer__scan_ident (in /mnt/c/Users/Juan/Documents/GitHub/Mapanare/mapanare/self/mnc-stage1)
==76077==    by 0x6A8019F: ???
==76077==    by 0x8000000000000003: ???
==76077==    by 0x6A733D7: ???
==76077==    by 0x3: ???
==76077==    by 0x8: ???
==76077==    by 0x6A7751F: ???
==76077==    by 0x8000000000000000: ???
==76077==    by 0x3: ???
==76077==    by 0x9A: ???
==76077== 
==76077== 2 bytes in 1 blocks are definitely lost in loss record 90 of 850
==76077==    at 0x484D953: calloc (in /usr/libexec/valgrind/vgpreload_memcheck-amd64-linux.so)
==76077==    by 0x723DE9: __mn_alloc (in /mnt/c/Users/Juan/Documents/GitHub/Mapanare/mapanare/self/mnc-stage1)
==76077==    by 0x7245AB: __mn_str_from_parts (in /mnt/c/Users/Juan/Documents/GitHub/Mapanare/mapanare/self/mnc-stage1)
==76077==    by 0x41FA6B: lexer__scan_ident (in /mnt/c/Users/Juan/Documents/GitHub/Mapanare/mapanare/self/mnc-stage1)
==76077==    by 0x6A807DF: ???
==76077==    by 0x8000000000000000: ???
==76077==    by 0x6A733D7: ???
==76077==    by 0x4: ???
==76077==    by 0x9: ???
==76077==    by 0x6A7751F: ???
==76077==    by 0x8000000000000000: ???
==76077==    by 0x4: ???
==76077==    by 0xA7: ???
==76077== 
==76077== 2 bytes in 1 blocks are definitely lost in loss record 91 of 850
==76077==    at 0x484D953: calloc (in /usr/libexec/valgrind/vgpreload_memcheck-amd64-linux.so)
==76077==    by 0x723DE9: __mn_alloc (in /mnt/c/Users/Juan/Documents/GitHub/Mapanare/mapanare/self/mnc-stage1)
==76077==    by 0x7245AB: __mn_str_from_parts (in /mnt/c/Users/Juan/Documents/GitHub/Mapanare/mapanare/self/mnc-stage1)
==76077==    by 0x41FA6B: lexer__scan_ident (in /mnt/c/Users/Juan/Documents/GitHub/Mapanare/mapanare/self/mnc-stage1)
==76077==    by 0x6A8087F: ???
==76077==    by 0x8000000000000001: ???
==76077==    by 0x6A733D7: ???
==76077==    by 0x4: ???
==76077==    by 0x9: ???
==76077==    by 0x6A7751F: ???
==76077==    by 0x8000000000000000: ???
==76077==    by 0x4: ???
==76077==    by 0xA7: ???
==76077== 
==76077== 2 bytes in 1 blocks are definitely lost in loss record 92 of 850
==76077==    at 0x484D953: calloc (in /usr/libexec/valgrind/vgpreload_memcheck-amd64-linux.so)
==76077==    by 0x723DE9: __mn_alloc (in /mnt/c/Users/Juan/Documents/GitHub/Mapanare/mapanare/self/mnc-stage1)
==76077==    by 0x7245AB: __mn_str_from_parts (in /mnt/c/Users/Juan/Documents/GitHub/Mapanare/mapanare/self/mnc-stage1)
==76077==    by 0x41FA6B: lexer__scan_ident (in /mnt/c/Users/Juan/Documents/GitHub/Mapanare/mapanare/self/mnc-stage1)
==76077==    by 0x6A8091F: ???
==76077==    by 0x8000000000000002: ???
==76077==    by 0x6A733D7: ???
==76077==    by 0x4: ???
==76077==    by 0x9: ???
==76077==    by 0x6A7751F: ???
==76077==    by 0x8000000000000000: ???
==76077==    by 0x4: ???
==76077==    by 0xA7: ???
==76077== 
==76077== 2 bytes in 1 blocks are definitely lost in loss record 93 of 850
==76077==    at 0x484D953: calloc (in /usr/libexec/valgrind/vgpreload_memcheck-amd64-linux.so)
==76077==    by 0x723DE9: __mn_alloc (in /mnt/c/Users/Juan/Documents/GitHub/Mapanare/mapanare/self/mnc-stage1)
==76077==    by 0x7245AB: __mn_str_from_parts (in /mnt/c/Users/Juan/Documents/GitHub/Mapanare/mapanare/self/mnc-stage1)
==76077==    by 0x41FA6B: lexer__scan_ident (in /mnt/c/Users/Juan/Documents/GitHub/Mapanare/mapanare/self/mnc-stage1)
==76077==    by 0x6A80AFF: ???
==76077==    by 0x8000000000000000: ???
==76077==    by 0x6A733D7: ???
==76077==    by 0x8: ???
==76077==    by 0x9: ???
==76077==    by 0x6A7751F: ???
==76077==    by 0x8000000000000000: ???
==76077==    by 0x8: ???
==76077==    by 0xAB: ???
==76077== 
==76077== 2 bytes in 1 blocks are definitely lost in loss record 94 of 850
==76077==    at 0x484D953: calloc (in /usr/libexec/valgrind/vgpreload_memcheck-amd64-linux.so)
==76077==    by 0x723DE9: __mn_alloc (in /mnt/c/Users/Juan/Documents/GitHub/Mapanare/mapanare/self/mnc-stage1)
==76077==    by 0x7245AB: __mn_str_from_parts (in /mnt/c/Users/Juan/Documents/GitHub/Mapanare/mapanare/self/mnc-stage1)
==76077==    by 0x41FA6B: lexer__scan_ident (in /mnt/c/Users/Juan/Documents/GitHub/Mapanare/mapanare/self/mnc-stage1)
==76077==    by 0x6A80B9F: ???
==76077==    by 0x8000000000000001: ???
==76077==    by 0x6A733D7: ???
==76077==    by 0x8: ???
==76077==    by 0x9: ???
==76077==    by 0x6A7751F: ???
==76077==    by 0x8000000000000000: ???
==76077==    by 0x8: ???
==76077==    by 0xAB: ???
==76077== 
==76077== 2 bytes in 1 blocks are definitely lost in loss record 95 of 850
==76077==    at 0x484D953: calloc (in /usr/libexec/valgrind/vgpreload_memcheck-amd64-linux.so)
==76077==    by 0x723DE9: __mn_alloc (in /mnt/c/Users/Juan/Documents/GitHub/Mapanare/mapanare/self/mnc-stage1)
==76077==    by 0x7245AB: __mn_str_from_parts (in /mnt/c/Users/Juan/Documents/GitHub/Mapanare/mapanare/self/mnc-stage1)
==76077==    by 0x41FA6B: lexer__scan_ident (in /mnt/c/Users/Juan/Documents/GitHub/Mapanare/mapanare/self/mnc-stage1)
==76077==    by 0x6A80C3F: ???
==76077==    by 0x8000000000000002: ???
==76077==    by 0x6A733D7: ???
==76077==    by 0x8: ???
==76077==    by 0x9: ???
==76077==    by 0x6A7751F: ???
==76077==    by 0x8000000000000000: ???
==76077==    by 0x8: ???
==76077==    by 0xAB: ???
==76077== 
==76077== 2 bytes in 1 blocks are definitely lost in loss record 96 of 850
==76077==    at 0x484D953: calloc (in /usr/libexec/valgrind/vgpreload_memcheck-amd64-linux.so)
==76077==    by 0x723DE9: __mn_alloc (in /mnt/c/Users/Juan/Documents/GitHub/Mapanare/mapanare/self/mnc-stage1)
==76077==    by 0x7245AB: __mn_str_from_parts (in /mnt/c/Users/Juan/Documents/GitHub/Mapanare/mapanare/self/mnc-stage1)
==76077==    by 0x41FA6B: lexer__scan_ident (in /mnt/c/Users/Juan/Documents/GitHub/Mapanare/mapanare/self/mnc-stage1)
==76077==    by 0x6A80CDF: ???
==76077==    by 0x8000000000000003: ???
==76077==    by 0x6A733D7: ???
==76077==    by 0x8: ???
==76077==    by 0x9: ???
==76077==    by 0x6A7751F: ???
==76077==    by 0x8000000000000000: ???
==76077==    by 0x8: ???
==76077==    by 0xAB: ???
==76077== 
==76077== 2 bytes in 1 blocks are definitely lost in loss record 97 of 850
==76077==    at 0x484D953: calloc (in /usr/libexec/valgrind/vgpreload_memcheck-amd64-linux.so)
==76077==    by 0x723DE9: __mn_alloc (in /mnt/c/Users/Juan/Documents/GitHub/Mapanare/mapanare/self/mnc-stage1)
==76077==    by 0x7245AB: __mn_str_from_parts (in /mnt/c/Users/Juan/Documents/GitHub/Mapanare/mapanare/self/mnc-stage1)
==76077==    by 0x41FA6B: lexer__scan_ident (in /mnt/c/Users/Juan/Documents/GitHub/Mapanare/mapanare/self/mnc-stage1)
==76077==    by 0x6A80D7F: ???
==76077==    by 0x8000000000000004: ???
==76077==    by 0x6A733D7: ???
==76077==    by 0x8: ???
==76077==    by 0x9: ???
==76077==    by 0x6A7751F: ???
==76077==    by 0x8000000000000000: ???
==76077==    by 0x8: ???
==76077==    by 0xAB: ???
==76077== 
==76077== 2 bytes in 1 blocks are definitely lost in loss record 98 of 850
==76077==    at 0x484D953: calloc (in /usr/libexec/valgrind/vgpreload_memcheck-amd64-linux.so)
==76077==    by 0x723DE9: __mn_alloc (in /mnt/c/Users/Juan/Documents/GitHub/Mapanare/mapanare/self/mnc-stage1)
==76077==    by 0x7245AB: __mn_str_from_parts (in /mnt/c/Users/Juan/Documents/GitHub/Mapanare/mapanare/self/mnc-stage1)
==76077==    by 0x41FA6B: lexer__scan_ident (in /mnt/c/Users/Juan/Documents/GitHub/Mapanare/mapanare/self/mnc-stage1)
==76077==    by 0x6A8104F: ???
==76077==    by 0x8000000000000000: ???
==76077==    by 0x6A733D7: ???
==76077==    by 0xF: ???
==76077==    by 0x9: ???
==76077==    by 0x6A7751F: ???
==76077==    by 0x8000000000000000: ???
==76077==    by 0xF: ???
==76077==    by 0xB2: ???
==76077== 
==76077== 2 bytes in 1 blocks are definitely lost in loss record 99 of 850
==76077==    at 0x484D953: calloc (in /usr/libexec/valgrind/vgpreload_memcheck-amd64-linux.so)
==76077==    by 0x723DE9: __mn_alloc (in /mnt/c/Users/Juan/Documents/GitHub/Mapanare/mapanare/self/mnc-stage1)
==76077==    by 0x7245AB: __mn_str_from_parts (in /mnt/c/Users/Juan/Documents/GitHub/Mapanare/mapanare/self/mnc-stage1)
==76077==    by 0x41FA6B: lexer__scan_ident (in /mnt/c/Users/Juan/Documents/GitHub/Mapanare/mapanare/self/mnc-stage1)
==76077==    by 0x6A810EF: ???
==76077==    by 0x8000000000000001: ???
==76077==    by 0x6A733D7: ???
==76077==    by 0xF: ???
==76077==    by 0x9: ???
==76077==    by 0x6A7751F: ???
==76077==    by 0x8000000000000000: ???
==76077==    by 0xF: ???
==76077==    by 0xB2: ???
==76077== 
==76077== 2 bytes in 1 blocks are definitely lost in loss record 100 of 850
==76077==    at 0x484D953: calloc (in /usr/libexec/valgrind/vgpreload_memcheck-amd64-linux.so)
==76077==    by 0x723DE9: __mn_alloc (in /mnt/c/Users/Juan/Documents/GitHub/Mapanare/mapanare/self/mnc-stage1)
==76077==    by 0x7245AB: __mn_str_from_parts (in /mnt/c/Users/Juan/Documents/GitHub/Mapanare/mapanare/self/mnc-stage1)
==76077==    by 0x41FA6B: lexer__scan_ident (in /mnt/c/Users/Juan/Documents/GitHub/Mapanare/mapanare/self/mnc-stage1)
==76077==    by 0x6A8118F: ???
==76077==    by 0x8000000000000002: ???
==76077==    by 0x6A733D7: ???
==76077==    by 0xF: ???
==76077==    by 0x9: ???
==76077==    by 0x6A7751F: ???
==76077==    by 0x8000000000000000: ???
==76077==    by 0xF: ???
==76077==    by 0xB2: ???
==76077== 
==76077== 2 bytes in 1 blocks are definitely lost in loss record 101 of 850
==76077==    at 0x484D953: calloc (in /usr/libexec/valgrind/vgpreload_memcheck-amd64-linux.so)
==76077==    by 0x723DE9: __mn_alloc (in /mnt/c/Users/Juan/Documents/GitHub/Mapanare/mapanare/self/mnc-stage1)
==76077==    by 0x7245AB: __mn_str_from_parts (in /mnt/c/Users/Juan/Documents/GitHub/Mapanare/mapanare/self/mnc-stage1)
==76077==    by 0x41FA6B: lexer__scan_ident (in /mnt/c/Users/Juan/Documents/GitHub/Mapanare/mapanare/self/mnc-stage1)
==76077==    by 0x6A8122F: ???
==76077==    by 0x8000000000000003: ???
==76077==    by 0x6A733D7: ???
==76077==    by 0xF: ???
==76077==    by 0x9: ???
==76077==    by 0x6A7751F: ???
==76077==    by 0x8000000000000000: ???
==76077==    by 0xF: ???
==76077==    by 0xB2: ???
==76077== 
==76077== 2 bytes in 1 blocks are definitely lost in loss record 102 of 850
==76077==    at 0x484D953: calloc (in /usr/libexec/valgrind/vgpreload_memcheck-amd64-linux.so)
==76077==    by 0x723DE9: __mn_alloc (in /mnt/c/Users/Juan/Documents/GitHub/Mapanare/mapanare/self/mnc-stage1)
==76077==    by 0x7245AB: __mn_str_from_parts (in /mnt/c/Users/Juan/Documents/GitHub/Mapanare/mapanare/self/mnc-stage1)
==76077==    by 0x41FA6B: lexer__scan_ident (in /mnt/c/Users/Juan/Documents/GitHub/Mapanare/mapanare/self/mnc-stage1)
==76077==    by 0x6A812CF: ???
==76077==    by 0x8000000000000004: ???
==76077==    by 0x6A733D7: ???
==76077==    by 0xF: ???
==76077==    by 0x9: ???
==76077==    by 0x6A7751F: ???
==76077==    by 0x8000000000000000: ???
==76077==    by 0xF: ???
==76077==    by 0xB2: ???
==76077== 
==76077== 2 bytes in 1 blocks are definitely lost in loss record 103 of 850
==76077==    at 0x484D953: calloc (in /usr/libexec/valgrind/vgpreload_memcheck-amd64-linux.so)
==76077==    by 0x723DE9: __mn_alloc (in /mnt/c/Users/Juan/Documents/GitHub/Mapanare/mapanare/self/mnc-stage1)
==76077==    by 0x7245AB: __mn_str_from_parts (in /mnt/c/Users/Juan/Documents/GitHub/Mapanare/mapanare/self/mnc-stage1)
==76077==    by 0x41FA6B: lexer__scan_ident (in /mnt/c/Users/Juan/Documents/GitHub/Mapanare/mapanare/self/mnc-stage1)
==76077==    by 0x6A8136F: ???
==76077==    by 0x8000000000000005: ???
==76077==    by 0x6A733D7: ???
==76077==    by 0xF: ???
==76077==    by 0x9: ???
==76077==    by 0x6A7751F: ???
==76077==    by 0x8000000000000000: ???
==76077==    by 0xF: ???
==76077==    by 0xB2: ???
==76077== 
==76077== 2 bytes in 1 blocks are definitely lost in loss record 104 of 850
==76077==    at 0x484D953: calloc (in /usr/libexec/valgrind/vgpreload_memcheck-amd64-linux.so)
==76077==    by 0x723DE9: __mn_alloc (in /mnt/c/Users/Juan/Documents/GitHub/Mapanare/mapanare/self/mnc-stage1)
==76077==    by 0x7245AB: __mn_str_from_parts (in /mnt/c/Users/Juan/Documents/GitHub/Mapanare/mapanare/self/mnc-stage1)
==76077==    by 0x41FA6B: lexer__scan_ident (in /mnt/c/Users/Juan/Documents/GitHub/Mapanare/mapanare/self/mnc-stage1)
==76077==    by 0x6A8168F: ???
==76077==    by 0x8000000000000000: ???
==76077==    by 0x6A733D7: ???
==76077==    by 0x18: ???
==76077==    by 0x9: ???
==76077==    by 0x6A7751F: ???
==76077==    by 0x8000000000000000: ???
==76077==    by 0x18: ???
==76077==    by 0xBB: ???
==76077== 
==76077== 2 bytes in 1 blocks are definitely lost in loss record 105 of 850
==76077==    at 0x484D953: calloc (in /usr/libexec/valgrind/vgpreload_memcheck-amd64-linux.so)
==76077==    by 0x723DE9: __mn_alloc (in /mnt/c/Users/Juan/Documents/GitHub/Mapanare/mapanare/self/mnc-stage1)
==76077==    by 0x7245AB: __mn_str_from_parts (in /mnt/c/Users/Juan/Documents/GitHub/Mapanare/mapanare/self/mnc-stage1)
==76077==    by 0x41FA6B: lexer__scan_ident (in /mnt/c/Users/Juan/Documents/GitHub/Mapanare/mapanare/self/mnc-stage1)
==76077==    by 0x6A8172F: ???
==76077==    by 0x8000000000000001: ???
==76077==    by 0x6A733D7: ???
==76077==    by 0x18: ???
==76077==    by 0x9: ???
==76077==    by 0x6A7751F: ???
==76077==    by 0x8000000000000000: ???
==76077==    by 0x18: ???
==76077==    by 0xBB: ???
==76077== 
==76077== 2 bytes in 1 blocks are definitely lost in loss record 106 of 850
==76077==    at 0x484D953: calloc (in /usr/libexec/valgrind/vgpreload_memcheck-amd64-linux.so)
==76077==    by 0x723DE9: __mn_alloc (in /mnt/c/Users/Juan/Documents/GitHub/Mapanare/mapanare/self/mnc-stage1)
==76077==    by 0x7245AB: __mn_str_from_parts (in /mnt/c/Users/Juan/Documents/GitHub/Mapanare/mapanare/self/mnc-stage1)
==76077==    by 0x41FA6B: lexer__scan_ident (in /mnt/c/Users/Juan/Documents/GitHub/Mapanare/mapanare/self/mnc-stage1)
==76077==    by 0x6A817CF: ???
==76077==    by 0x8000000000000002: ???
==76077==    by 0x6A733D7: ???
==76077==    by 0x18: ???
==76077==    by 0x9: ???
==76077==    by 0x6A7751F: ???
==76077==    by 0x8000000000000000: ???
==76077==    by 0x18: ???
==76077==    by 0xBB: ???
==76077== 
==76077== 2 bytes in 1 blocks are definitely lost in loss record 107 of 850
==76077==    at 0x484D953: calloc (in /usr/libexec/valgrind/vgpreload_memcheck-amd64-linux.so)
==76077==    by 0x723DE9: __mn_alloc (in /mnt/c/Users/Juan/Documents/GitHub/Mapanare/mapanare/self/mnc-stage1)
==76077==    by 0x7245AB: __mn_str_from_parts (in /mnt/c/Users/Juan/Documents/GitHub/Mapanare/mapanare/self/mnc-stage1)
==76077==    by 0x41FA6B: lexer__scan_ident (in /mnt/c/Users/Juan/Documents/GitHub/Mapanare/mapanare/self/mnc-stage1)
==76077==    by 0x6A8186F: ???
==76077==    by 0x8000000000000003: ???
==76077==    by 0x6A733D7: ???
==76077==    by 0x18: ???
==76077==    by 0x9: ???
==76077==    by 0x6A7751F: ???
==76077==    by 0x8000000000000000: ???
==76077==    by 0x18: ???
==76077==    by 0xBB: ???
==76077== 
==76077== 2 bytes in 1 blocks are definitely lost in loss record 108 of 850
==76077==    at 0x484D953: calloc (in /usr/libexec/valgrind/vgpreload_memcheck-amd64-linux.so)
==76077==    by 0x723DE9: __mn_alloc (in /mnt/c/Users/Juan/Documents/GitHub/Mapanare/mapanare/self/mnc-stage1)
==76077==    by 0x7245AB: __mn_str_from_parts (in /mnt/c/Users/Juan/Documents/GitHub/Mapanare/mapanare/self/mnc-stage1)
==76077==    by 0x41FA6B: lexer__scan_ident (in /mnt/c/Users/Juan/Documents/GitHub/Mapanare/mapanare/self/mnc-stage1)
==76077==    by 0x6A8190F: ???
==76077==    by 0x8000000000000004: ???
==76077==    by 0x6A733D7: ???
==76077==    by 0x18: ???
==76077==    by 0x9: ???
==76077==    by 0x6A7751F: ???
==76077==    by 0x8000000000000000: ???
==76077==    by 0x18: ???
==76077==    by 0xBB: ???
==76077== 
==76077== 2 bytes in 1 blocks are definitely lost in loss record 109 of 850
==76077==    at 0x484D953: calloc (in /usr/libexec/valgrind/vgpreload_memcheck-amd64-linux.so)
==76077==    by 0x723DE9: __mn_alloc (in /mnt/c/Users/Juan/Documents/GitHub/Mapanare/mapanare/self/mnc-stage1)
==76077==    by 0x7245AB: __mn_str_from_parts (in /mnt/c/Users/Juan/Documents/GitHub/Mapanare/mapanare/self/mnc-stage1)
==76077==    by 0x41FA6B: lexer__scan_ident (in /mnt/c/Users/Juan/Documents/GitHub/Mapanare/mapanare/self/mnc-stage1)
==76077==    by 0x6A819AF: ???
==76077==    by 0x8000000000000005: ???
==76077==    by 0x6A733D7: ???
==76077==    by 0x18: ???
==76077==    by 0x9: ???
==76077==    by 0x6A7751F: ???
==76077==    by 0x8000000000000000: ???
==76077==    by 0x18: ???
==76077==    by 0xBB: ???
==76077== 
==76077== 2 bytes in 1 blocks are definitely lost in loss record 110 of 850
==76077==    at 0x484D953: calloc (in /usr/libexec/valgrind/vgpreload_memcheck-amd64-linux.so)
==76077==    by 0x723DE9: __mn_alloc (in /mnt/c/Users/Juan/Documents/GitHub/Mapanare/mapanare/self/mnc-stage1)
==76077==    by 0x7245AB: __mn_str_from_parts (in /mnt/c/Users/Juan/Documents/GitHub/Mapanare/mapanare/self/mnc-stage1)
==76077==    by 0x41FA6B: lexer__scan_ident (in /mnt/c/Users/Juan/Documents/GitHub/Mapanare/mapanare/self/mnc-stage1)
==76077==    by 0x6A81A4F: ???
==76077==    by 0x8000000000000006: ???
==76077==    by 0x6A733D7: ???
==76077==    by 0x18: ???
==76077==    by 0x9: ???
==76077==    by 0x6A7751F: ???
==76077==    by 0x8000000000000000: ???
==76077==    by 0x18: ???
==76077==    by 0xBB: ???
==76077== 
==76077== 2 bytes in 1 blocks are definitely lost in loss record 111 of 850
==76077==    at 0x484D953: calloc (in /usr/libexec/valgrind/vgpreload_memcheck-amd64-linux.so)
==76077==    by 0x723DE9: __mn_alloc (in /mnt/c/Users/Juan/Documents/GitHub/Mapanare/mapanare/self/mnc-stage1)
==76077==    by 0x7245AB: __mn_str_from_parts (in /mnt/c/Users/Juan/Documents/GitHub/Mapanare/mapanare/self/mnc-stage1)
==76077==    by 0x41FA6B: lexer__scan_ident (in /mnt/c/Users/Juan/Documents/GitHub/Mapanare/mapanare/self/mnc-stage1)
==76077==    by 0x6A81AEF: ???
==76077==    by 0x8000000000000007: ???
==76077==    by 0x6A733D7: ???
==76077==    by 0x18: ???
==76077==    by 0x9: ???
==76077==    by 0x6A7751F: ???
==76077==    by 0x8000000000000000: ???
==76077==    by 0x18: ???
==76077==    by 0xBB: ???
==76077== 
==76077== 2 bytes in 1 blocks are definitely lost in loss record 112 of 850
==76077==    at 0x484D953: calloc (in /usr/libexec/valgrind/vgpreload_memcheck-amd64-linux.so)
==76077==    by 0x723DE9: __mn_alloc (in /mnt/c/Users/Juan/Documents/GitHub/Mapanare/mapanare/self/mnc-stage1)
==76077==    by 0x7245AB: __mn_str_from_parts (in /mnt/c/Users/Juan/Documents/GitHub/Mapanare/mapanare/self/mnc-stage1)
==76077==    by 0x41FA6B: lexer__scan_ident (in /mnt/c/Users/Juan/Documents/GitHub/Mapanare/mapanare/self/mnc-stage1)
==76077==    by 0x6A81B8F: ???
==76077==    by 0x8000000000000008: ???
==76077==    by 0x6A733D7: ???
==76077==    by 0x18: ???
==76077==    by 0x9: ???
==76077==    by 0x6A7751F: ???
==76077==    by 0x8000000000000000: ???
==76077==    by 0x18: ???
==76077==    by 0xBB: ???
==76077== 
==76077== 2 bytes in 1 blocks are definitely lost in loss record 113 of 850
==76077==    at 0x484D953: calloc (in /usr/libexec/valgrind/vgpreload_memcheck-amd64-linux.so)
==76077==    by 0x723DE9: __mn_alloc (in /mnt/c/Users/Juan/Documents/GitHub/Mapanare/mapanare/self/mnc-stage1)
==76077==    by 0x7245AB: __mn_str_from_parts (in /mnt/c/Users/Juan/Documents/GitHub/Mapanare/mapanare/self/mnc-stage1)
==76077==    by 0x41FA6B: lexer__scan_ident (in /mnt/c/Users/Juan/Documents/GitHub/Mapanare/mapanare/self/mnc-stage1)
==76077==    by 0x6A81C2F: ???
==76077==    by 0x8000000000000009: ???
==76077==    by 0x6A733D7: ???
==76077==    by 0x18: ???
==76077==    by 0x9: ???
==76077==    by 0x6A7751F: ???
==76077==    by 0x8000000000000000: ???
==76077==    by 0x18: ???
==76077==    by 0xBB: ???
==76077== 
==76077== 2 bytes in 1 blocks are definitely lost in loss record 114 of 850
==76077==    at 0x484D953: calloc (in /usr/libexec/valgrind/vgpreload_memcheck-amd64-linux.so)
==76077==    by 0x723DE9: __mn_alloc (in /mnt/c/Users/Juan/Documents/GitHub/Mapanare/mapanare/self/mnc-stage1)
==76077==    by 0x7245AB: __mn_str_from_parts (in /mnt/c/Users/Juan/Documents/GitHub/Mapanare/mapanare/self/mnc-stage1)
==76077==    by 0x42002C: lexer__scan_number (in /mnt/c/Users/Juan/Documents/GitHub/Mapanare/mapanare/self/mnc-stage1)
==76077==    by 0x6A821CF: ???
==76077==    by 0x6A73257: ???
==76077==    by 0x8000000000000000: ???
==76077==    by 0x6A820DF: ???
==76077==    by 0x8000000000000000: ???
==76077== 
==76077== 2 bytes in 1 blocks are definitely lost in loss record 115 of 850
==76077==    at 0x484D953: calloc (in /usr/libexec/valgrind/vgpreload_memcheck-amd64-linux.so)
==76077==    by 0x723DE9: __mn_alloc (in /mnt/c/Users/Juan/Documents/GitHub/Mapanare/mapanare/self/mnc-stage1)
==76077==    by 0x7245AB: __mn_str_from_parts (in /mnt/c/Users/Juan/Documents/GitHub/Mapanare/mapanare/self/mnc-stage1)
==76077==    by 0x41FA6B: lexer__scan_ident (in /mnt/c/Users/Juan/Documents/GitHub/Mapanare/mapanare/self/mnc-stage1)
==76077==    by 0x6A825DF: ???
==76077==    by 0x8000000000000000: ???
==76077==    by 0x6A733D7: ???
==76077==    by 0x4: ???
==76077==    by 0xA: ???
==76077==    by 0x6A7751F: ???
==76077==    by 0x8000000000000000: ???
==76077==    by 0x4: ???
==76077==    by 0xD2: ???
==76077== 
==76077== 2 bytes in 1 blocks are definitely lost in loss record 116 of 850
==76077==    at 0x484D953: calloc (in /usr/libexec/valgrind/vgpreload_memcheck-amd64-linux.so)
==76077==    by 0x723DE9: __mn_alloc (in /mnt/c/Users/Juan/Documents/GitHub/Mapanare/mapanare/self/mnc-stage1)
==76077==    by 0x7245AB: __mn_str_from_parts (in /mnt/c/Users/Juan/Documents/GitHub/Mapanare/mapanare/self/mnc-stage1)
==76077==    by 0x41FA6B: lexer__scan_ident (in /mnt/c/Users/Juan/Documents/GitHub/Mapanare/mapanare/self/mnc-stage1)
==76077==    by 0x6A8267F: ???
==76077==    by 0x8000000000000001: ???
==76077==    by 0x6A733D7: ???
==76077==    by 0x4: ???
==76077==    by 0xA: ???
==76077==    by 0x6A7751F: ???
==76077==    by 0x8000000000000000: ???
==76077==    by 0x4: ???
==76077==    by 0xD2: ???
==76077== 
==76077== 2 bytes in 1 blocks are definitely lost in loss record 117 of 850
==76077==    at 0x484D953: calloc (in /usr/libexec/valgrind/vgpreload_memcheck-amd64-linux.so)
==76077==    by 0x723DE9: __mn_alloc (in /mnt/c/Users/Juan/Documents/GitHub/Mapanare/mapanare/self/mnc-stage1)
==76077==    by 0x7245AB: __mn_str_from_parts (in /mnt/c/Users/Juan/Documents/GitHub/Mapanare/mapanare/self/mnc-stage1)
==76077==    by 0x41FA6B: lexer__scan_ident (in /mnt/c/Users/Juan/Documents/GitHub/Mapanare/mapanare/self/mnc-stage1)
==76077==    by 0x6A8271F: ???
==76077==    by 0x8000000000000002: ???
==76077==    by 0x6A733D7: ???
==76077==    by 0x4: ???
==76077==    by 0xA: ???
==76077==    by 0x6A7751F: ???
==76077==    by 0x8000000000000000: ???
==76077==    by 0x4: ???
==76077==    by 0xD2: ???
==76077== 
==76077== 2 bytes in 1 blocks are definitely lost in loss record 118 of 850
==76077==    at 0x484D953: calloc (in /usr/libexec/valgrind/vgpreload_memcheck-amd64-linux.so)
==76077==    by 0x723DE9: __mn_alloc (in /mnt/c/Users/Juan/Documents/GitHub/Mapanare/mapanare/self/mnc-stage1)
==76077==    by 0x7245AB: __mn_str_from_parts (in /mnt/c/Users/Juan/Documents/GitHub/Mapanare/mapanare/self/mnc-stage1)
==76077==    by 0x41FA6B: lexer__scan_ident (in /mnt/c/Users/Juan/Documents/GitHub/Mapanare/mapanare/self/mnc-stage1)
==76077==    by 0x6A827BF: ???
==76077==    by 0x8000000000000003: ???
==76077==    by 0x6A733D7: ???
==76077==    by 0x4: ???
==76077==    by 0xA: ???
==76077==    by 0x6A7751F: ???
==76077==    by 0x8000000000000000: ???
==76077==    by 0x4: ???
==76077==    by 0xD2: ???
==76077== 
==76077== 2 bytes in 1 blocks are definitely lost in loss record 119 of 850
==76077==    at 0x484D953: calloc (in /usr/libexec/valgrind/vgpreload_memcheck-amd64-linux.so)
==76077==    by 0x723DE9: __mn_alloc (in /mnt/c/Users/Juan/Documents/GitHub/Mapanare/mapanare/self/mnc-stage1)
==76077==    by 0x7245AB: __mn_str_from_parts (in /mnt/c/Users/Juan/Documents/GitHub/Mapanare/mapanare/self/mnc-stage1)
==76077==    by 0x41FA6B: lexer__scan_ident (in /mnt/c/Users/Juan/Documents/GitHub/Mapanare/mapanare/self/mnc-stage1)
==76077==    by 0x6A8285F: ???
==76077==    by 0x8000000000000004: ???
==76077==    by 0x6A733D7: ???
==76077==    by 0x4: ???
==76077==    by 0xA: ???
==76077==    by 0x6A7751F: ???
==76077==    by 0x8000000000000000: ???
==76077==    by 0x4: ???
==76077==    by 0xD2: ???
==76077== 
==76077== 2 bytes in 1 blocks are definitely lost in loss record 120 of 850
==76077==    at 0x484D953: calloc (in /usr/libexec/valgrind/vgpreload_memcheck-amd64-linux.so)
==76077==    by 0x723DE9: __mn_alloc (in /mnt/c/Users/Juan/Documents/GitHub/Mapanare/mapanare/self/mnc-stage1)
==76077==    by 0x7245AB: __mn_str_from_parts (in /mnt/c/Users/Juan/Documents/GitHub/Mapanare/mapanare/self/mnc-stage1)
==76077==    by 0x41FA6B: lexer__scan_ident (in /mnt/c/Users/Juan/Documents/GitHub/Mapanare/mapanare/self/mnc-stage1)
==76077==    by 0x6A82ADF: ???
==76077==    by 0x8000000000000000: ???
==76077==    by 0x6A733D7: ???
==76077==    by 0xA: ???
==76077==    by 0xA: ???
==76077==    by 0x6A7751F: ???
==76077==    by 0x8000000000000000: ???
==76077==    by 0xA: ???
==76077==    by 0xD8: ???
==76077== 
==76077== 2 bytes in 1 blocks are definitely lost in loss record 121 of 850
==76077==    at 0x484D953: calloc (in /usr/libexec/valgrind/vgpreload_memcheck-amd64-linux.so)
==76077==    by 0x723DE9: __mn_alloc (in /mnt/c/Users/Juan/Documents/GitHub/Mapanare/mapanare/self/mnc-stage1)
==76077==    by 0x7245AB: __mn_str_from_parts (in /mnt/c/Users/Juan/Documents/GitHub/Mapanare/mapanare/self/mnc-stage1)
==76077==    by 0x41FA6B: lexer__scan_ident (in /mnt/c/Users/Juan/Documents/GitHub/Mapanare/mapanare/self/mnc-stage1)
==76077==    by 0x6A82B7F: ???
==76077==    by 0x8000000000000001: ???
==76077==    by 0x6A733D7: ???
==76077==    by 0xA: ???
==76077==    by 0xA: ???
==76077==    by 0x6A7751F: ???
==76077==    by 0x8000000000000000: ???
==76077==    by 0xA: ???
==76077==    by 0xD8: ???
==76077== 
==76077== 2 bytes in 1 blocks are definitely lost in loss record 122 of 850
==76077==    at 0x484D953: calloc (in /usr/libexec/valgrind/vgpreload_memcheck-amd64-linux.so)
==76077==    by 0x723DE9: __mn_alloc (in /mnt/c/Users/Juan/Documents/GitHub/Mapanare/mapanare/self/mnc-stage1)
==76077==    by 0x7245AB: __mn_str_from_parts (in /mnt/c/Users/Juan/Documents/GitHub/Mapanare/mapanare/self/mnc-stage1)
==76077==    by 0x41FA6B: lexer__scan_ident (in /mnt/c/Users/Juan/Documents/GitHub/Mapanare/mapanare/self/mnc-stage1)
==76077==    by 0x6A82C1F: ???
==76077==    by 0x8000000000000002: ???
==76077==    by 0x6A733D7: ???
==76077==    by 0xA: ???
==76077==    by 0xA: ???
==76077==    by 0x6A7751F: ???
==76077==    by 0x8000000000000000: ???
==76077==    by 0xA: ???
==76077==    by 0xD8: ???
==76077== 
==76077== 2 bytes in 1 blocks are definitely lost in loss record 123 of 850
==76077==    at 0x484D953: calloc (in /usr/libexec/valgrind/vgpreload_memcheck-amd64-linux.so)
==76077==    by 0x723DE9: __mn_alloc (in /mnt/c/Users/Juan/Documents/GitHub/Mapanare/mapanare/self/mnc-stage1)
==76077==    by 0x7245AB: __mn_str_from_parts (in /mnt/c/Users/Juan/Documents/GitHub/Mapanare/mapanare/self/mnc-stage1)
==76077==    by 0x41FA6B: lexer__scan_ident (in /mnt/c/Users/Juan/Documents/GitHub/Mapanare/mapanare/self/mnc-stage1)
==76077==    by 0x6A82CBF: ???
==76077==    by 0x8000000000000003: ???
==76077==    by 0x6A733D7: ???
==76077==    by 0xA: ???
==76077==    by 0xA: ???
==76077==    by 0x6A7751F: ???
==76077==    by 0x8000000000000000: ???
==76077==    by 0xA: ???
==76077==    by 0xD8: ???
==76077== 
==76077== 2 bytes in 1 blocks are definitely lost in loss record 124 of 850
==76077==    at 0x484D953: calloc (in /usr/libexec/valgrind/vgpreload_memcheck-amd64-linux.so)
==76077==    by 0x723DE9: __mn_alloc (in /mnt/c/Users/Juan/Documents/GitHub/Mapanare/mapanare/self/mnc-stage1)
==76077==    by 0x7245AB: __mn_str_from_parts (in /mnt/c/Users/Juan/Documents/GitHub/Mapanare/mapanare/self/mnc-stage1)
==76077==    by 0x41FA6B: lexer__scan_ident (in /mnt/c/Users/Juan/Documents/GitHub/Mapanare/mapanare/self/mnc-stage1)
==76077==    by 0x6A82D5F: ???
==76077==    by 0x8000000000000004: ???
==76077==    by 0x6A733D7: ???
==76077==    by 0xA: ???
==76077==    by 0xA: ???
==76077==    by 0x6A7751F: ???
==76077==    by 0x8000000000000000: ???
==76077==    by 0xA: ???
==76077==    by 0xD8: ???
==76077== 
==76077== 2 bytes in 1 blocks are definitely lost in loss record 125 of 850
==76077==    at 0x484D953: calloc (in /usr/libexec/valgrind/vgpreload_memcheck-amd64-linux.so)
==76077==    by 0x723DE9: __mn_alloc (in /mnt/c/Users/Juan/Documents/GitHub/Mapanare/mapanare/self/mnc-stage1)
==76077==    by 0x7245AB: __mn_str_from_parts (in /mnt/c/Users/Juan/Documents/GitHub/Mapanare/mapanare/self/mnc-stage1)
==76077==    by 0x41FA6B: lexer__scan_ident (in /mnt/c/Users/Juan/Documents/GitHub/Mapanare/mapanare/self/mnc-stage1)
==76077==    by 0x6A8316F: ???
==76077==    by 0x8000000000000000: ???
==76077==    by 0x6A733D7: ???
==76077==    by 0x4: ???
==76077==    by 0xB: ???
==76077==    by 0x6A7751F: ???
==76077==    by 0x8000000000000000: ???
==76077==    by 0x4: ???
==76077==    by 0xE3: ???
==76077== 
==76077== 2 bytes in 1 blocks are definitely lost in loss record 126 of 850
==76077==    at 0x484D953: calloc (in /usr/libexec/valgrind/vgpreload_memcheck-amd64-linux.so)
==76077==    by 0x723DE9: __mn_alloc (in /mnt/c/Users/Juan/Documents/GitHub/Mapanare/mapanare/self/mnc-stage1)
==76077==    by 0x7245AB: __mn_str_from_parts (in /mnt/c/Users/Juan/Documents/GitHub/Mapanare/mapanare/self/mnc-stage1)
==76077==    by 0x41FA6B: lexer__scan_ident (in /mnt/c/Users/Juan/Documents/GitHub/Mapanare/mapanare/self/mnc-stage1)
==76077==    by 0x6A8320F: ???
==76077==    by 0x8000000000000001: ???
==76077==    by 0x6A733D7: ???
==76077==    by 0x4: ???
==76077==    by 0xB: ???
==76077==    by 0x6A7751F: ???
==76077==    by 0x8000000000000000: ???
==76077==    by 0x4: ???
==76077==    by 0xE3: ???
==76077== 
==76077== 2 bytes in 1 blocks are definitely lost in loss record 127 of 850
==76077==    at 0x484D953: calloc (in /usr/libexec/valgrind/vgpreload_memcheck-amd64-linux.so)
==76077==    by 0x723DE9: __mn_alloc (in /mnt/c/Users/Juan/Documents/GitHub/Mapanare/mapanare/self/mnc-stage1)
==76077==    by 0x7245AB: __mn_str_from_parts (in /mnt/c/Users/Juan/Documents/GitHub/Mapanare/mapanare/self/mnc-stage1)
==76077==    by 0x41FA6B: lexer__scan_ident (in /mnt/c/Users/Juan/Documents/GitHub/Mapanare/mapanare/self/mnc-stage1)
==76077==    by 0x6A832AF: ???
==76077==    by 0x8000000000000002: ???
==76077==    by 0x6A733D7: ???
==76077==    by 0x4: ???
==76077==    by 0xB: ???
==76077==    by 0x6A7751F: ???
==76077==    by 0x8000000000000000: ???
==76077==    by 0x4: ???
==76077==    by 0xE3: ???
==76077== 
==76077== 2 bytes in 1 blocks are definitely lost in loss record 128 of 850
==76077==    at 0x484D953: calloc (in /usr/libexec/valgrind/vgpreload_memcheck-amd64-linux.so)
==76077==    by 0x723DE9: __mn_alloc (in /mnt/c/Users/Juan/Documents/GitHub/Mapanare/mapanare/self/mnc-stage1)
==76077==    by 0x7245AB: __mn_str_from_parts (in /mnt/c/Users/Juan/Documents/GitHub/Mapanare/mapanare/self/mnc-stage1)
==76077==    by 0x41FA6B: lexer__scan_ident (in /mnt/c/Users/Juan/Documents/GitHub/Mapanare/mapanare/self/mnc-stage1)
==76077==    by 0x6A8348F: ???
==76077==    by 0x8000000000000000: ???
==76077==    by 0x6A733D7: ???
==76077==    by 0x8: ???
==76077==    by 0xB: ???
==76077==    by 0x6A7751F: ???
==76077==    by 0x8000000000000000: ???
==76077==    by 0x8: ???
==76077==    by 0xE7: ???
==76077== 
==76077== 2 bytes in 1 blocks are definitely lost in loss record 129 of 850
==76077==    at 0x484D953: calloc (in /usr/libexec/valgrind/vgpreload_memcheck-amd64-linux.so)
==76077==    by 0x723DE9: __mn_alloc (in /mnt/c/Users/Juan/Documents/GitHub/Mapanare/mapanare/self/mnc-stage1)
==76077==    by 0x7245AB: __mn_str_from_parts (in /mnt/c/Users/Juan/Documents/GitHub/Mapanare/mapanare/self/mnc-stage1)
==76077==    by 0x41FA6B: lexer__scan_ident (in /mnt/c/Users/Juan/Documents/GitHub/Mapanare/mapanare/self/mnc-stage1)
==76077==    by 0x6A8352F: ???
==76077==    by 0x8000000000000001: ???
==76077==    by 0x6A733D7: ???
==76077==    by 0x8: ???
==76077==    by 0xB: ???
==76077==    by 0x6A7751F: ???
==76077==    by 0x8000000000000000: ???
==76077==    by 0x8: ???
==76077==    by 0xE7: ???
==76077== 
==76077== 2 bytes in 1 blocks are definitely lost in loss record 130 of 850
==76077==    at 0x484D953: calloc (in /usr/libexec/valgrind/vgpreload_memcheck-amd64-linux.so)
==76077==    by 0x723DE9: __mn_alloc (in /mnt/c/Users/Juan/Documents/GitHub/Mapanare/mapanare/self/mnc-stage1)
==76077==    by 0x7245AB: __mn_str_from_parts (in /mnt/c/Users/Juan/Documents/GitHub/Mapanare/mapanare/self/mnc-stage1)
==76077==    by 0x41FA6B: lexer__scan_ident (in /mnt/c/Users/Juan/Documents/GitHub/Mapanare/mapanare/self/mnc-stage1)
==76077==    by 0x6A835CF: ???
==76077==    by 0x8000000000000002: ???
==76077==    by 0x6A733D7: ???
==76077==    by 0x8: ???
==76077==    by 0xB: ???
==76077==    by 0x6A7751F: ???
==76077==    by 0x8000000000000000: ???
==76077==    by 0x8: ???
==76077==    by 0xE7: ???
==76077== 
==76077== 2 bytes in 1 blocks are definitely lost in loss record 131 of 850
==76077==    at 0x484D953: calloc (in /usr/libexec/valgrind/vgpreload_memcheck-amd64-linux.so)
==76077==    by 0x723DE9: __mn_alloc (in /mnt/c/Users/Juan/Documents/GitHub/Mapanare/mapanare/self/mnc-stage1)
==76077==    by 0x7245AB: __mn_str_from_parts (in /mnt/c/Users/Juan/Documents/GitHub/Mapanare/mapanare/self/mnc-stage1)
==76077==    by 0x41FA6B: lexer__scan_ident (in /mnt/c/Users/Juan/Documents/GitHub/Mapanare/mapanare/self/mnc-stage1)
==76077==    by 0x6A8366F: ???
==76077==    by 0x8000000000000003: ???
==76077==    by 0x6A733D7: ???
==76077==    by 0x8: ???
==76077==    by 0xB: ???
==76077==    by 0x6A7751F: ???
==76077==    by 0x8000000000000000: ???
==76077==    by 0x8: ???
==76077==    by 0xE7: ???
==76077== 
==76077== 2 bytes in 1 blocks are definitely lost in loss record 132 of 850
==76077==    at 0x484D953: calloc (in /usr/libexec/valgrind/vgpreload_memcheck-amd64-linux.so)
==76077==    by 0x723DE9: __mn_alloc (in /mnt/c/Users/Juan/Documents/GitHub/Mapanare/mapanare/self/mnc-stage1)
==76077==    by 0x7245AB: __mn_str_from_parts (in /mnt/c/Users/Juan/Documents/GitHub/Mapanare/mapanare/self/mnc-stage1)
==76077==    by 0x41FA6B: lexer__scan_ident (in /mnt/c/Users/Juan/Documents/GitHub/Mapanare/mapanare/self/mnc-stage1)
==76077==    by 0x6A8370F: ???
==76077==    by 0x8000000000000004: ???
==76077==    by 0x6A733D7: ???
==76077==    by 0x8: ???
==76077==    by 0xB: ???
==76077==    by 0x6A7751F: ???
==76077==    by 0x8000000000000000: ???
==76077==    by 0x8: ???
==76077==    by 0xE7: ???
==76077== 
==76077== 2 bytes in 1 blocks are definitely lost in loss record 133 of 850
==76077==    at 0x484D953: calloc (in /usr/libexec/valgrind/vgpreload_memcheck-amd64-linux.so)
==76077==    by 0x723DE9: __mn_alloc (in /mnt/c/Users/Juan/Documents/GitHub/Mapanare/mapanare/self/mnc-stage1)
==76077==    by 0x7245AB: __mn_str_from_parts (in /mnt/c/Users/Juan/Documents/GitHub/Mapanare/mapanare/self/mnc-stage1)
==76077==    by 0x41FA6B: lexer__scan_ident (in /mnt/c/Users/Juan/Documents/GitHub/Mapanare/mapanare/self/mnc-stage1)
==76077==    by 0x6A837AF: ???
==76077==    by 0x8000000000000005: ???
==76077==    by 0x6A733D7: ???
==76077==    by 0x8: ???
==76077==    by 0xB: ???
==76077==    by 0x6A7751F: ???
==76077==    by 0x8000000000000000: ???
==76077==    by 0x8: ???
==76077==    by 0xE7: ???
==76077== 
==76077== 2 bytes in 1 blocks are definitely lost in loss record 134 of 850
==76077==    at 0x484D953: calloc (in /usr/libexec/valgrind/vgpreload_memcheck-amd64-linux.so)
==76077==    by 0x723DE9: __mn_alloc (in /mnt/c/Users/Juan/Documents/GitHub/Mapanare/mapanare/self/mnc-stage1)
==76077==    by 0x7245AB: __mn_str_from_parts (in /mnt/c/Users/Juan/Documents/GitHub/Mapanare/mapanare/self/mnc-stage1)
==76077==    by 0x41FA6B: lexer__scan_ident (in /mnt/c/Users/Juan/Documents/GitHub/Mapanare/mapanare/self/mnc-stage1)
==76077==    by 0x6A83A7F: ???
==76077==    by 0x8000000000000000: ???
==76077==    by 0x6A733D7: ???
==76077==    by 0x10: ???
==76077==    by 0xB: ???
==76077==    by 0x6A7751F: ???
==76077==    by 0x8000000000000000: ???
==76077==    by 0x10: ???
==76077==    by 0xEF: ???
==76077== 
==76077== 2 bytes in 1 blocks are definitely lost in loss record 135 of 850
==76077==    at 0x484D953: calloc (in /usr/libexec/valgrind/vgpreload_memcheck-amd64-linux.so)
==76077==    by 0x723DE9: __mn_alloc (in /mnt/c/Users/Juan/Documents/GitHub/Mapanare/mapanare/self/mnc-stage1)
==76077==    by 0x7245AB: __mn_str_from_parts (in /mnt/c/Users/Juan/Documents/GitHub/Mapanare/mapanare/self/mnc-stage1)
==76077==    by 0x41FA6B: lexer__scan_ident (in /mnt/c/Users/Juan/Documents/GitHub/Mapanare/mapanare/self/mnc-stage1)
==76077==    by 0x6A83B1F: ???
==76077==    by 0x8000000000000001: ???
==76077==    by 0x6A733D7: ???
==76077==    by 0x10: ???
==76077==    by 0xB: ???
==76077==    by 0x6A7751F: ???
==76077==    by 0x8000000000000000: ???
==76077==    by 0x10: ???
==76077==    by 0xEF: ???
==76077== 
==76077== 2 bytes in 1 blocks are definitely lost in loss record 136 of 850
==76077==    at 0x484D953: calloc (in /usr/libexec/valgrind/vgpreload_memcheck-amd64-linux.so)
==76077==    by 0x723DE9: __mn_alloc (in /mnt/c/Users/Juan/Documents/GitHub/Mapanare/mapanare/self/mnc-stage1)
==76077==    by 0x7245AB: __mn_str_from_parts (in /mnt/c/Users/Juan/Documents/GitHub/Mapanare/mapanare/self/mnc-stage1)
==76077==    by 0x41FA6B: lexer__scan_ident (in /mnt/c/Users/Juan/Documents/GitHub/Mapanare/mapanare/self/mnc-stage1)
==76077==    by 0x6A83BBF: ???
==76077==    by 0x8000000000000002: ???
==76077==    by 0x6A733D7: ???
==76077==    by 0x10: ???
==76077==    by 0xB: ???
==76077==    by 0x6A7751F: ???
==76077==    by 0x8000000000000000: ???
==76077==    by 0x10: ???
==76077==    by 0xEF: ???
==76077== 
==76077== 2 bytes in 1 blocks are definitely lost in loss record 137 of 850
==76077==    at 0x484D953: calloc (in /usr/libexec/valgrind/vgpreload_memcheck-amd64-linux.so)
==76077==    by 0x723DE9: __mn_alloc (in /mnt/c/Users/Juan/Documents/GitHub/Mapanare/mapanare/self/mnc-stage1)
==76077==    by 0x7245AB: __mn_str_from_parts (in /mnt/c/Users/Juan/Documents/GitHub/Mapanare/mapanare/self/mnc-stage1)
==76077==    by 0x41FA6B: lexer__scan_ident (in /mnt/c/Users/Juan/Documents/GitHub/Mapanare/mapanare/self/mnc-stage1)
==76077==    by 0x6A83C5F: ???
==76077==    by 0x8000000000000003: ???
==76077==    by 0x6A733D7: ???
==76077==    by 0x10: ???
==76077==    by 0xB: ???
==76077==    by 0x6A7751F: ???
==76077==    by 0x8000000000000000: ???
==76077==    by 0x10: ???
==76077==    by 0xEF: ???
==76077== 
==76077== 2 bytes in 1 blocks are definitely lost in loss record 138 of 850
==76077==    at 0x484D953: calloc (in /usr/libexec/valgrind/vgpreload_memcheck-amd64-linux.so)
==76077==    by 0x723DE9: __mn_alloc (in /mnt/c/Users/Juan/Documents/GitHub/Mapanare/mapanare/self/mnc-stage1)
==76077==    by 0x7245AB: __mn_str_from_parts (in /mnt/c/Users/Juan/Documents/GitHub/Mapanare/mapanare/self/mnc-stage1)
==76077==    by 0x41FA6B: lexer__scan_ident (in /mnt/c/Users/Juan/Documents/GitHub/Mapanare/mapanare/self/mnc-stage1)
==76077==    by 0x6A83CFF: ???
==76077==    by 0x8000000000000004: ???
==76077==    by 0x6A733D7: ???
==76077==    by 0x10: ???
==76077==    by 0xB: ???
==76077==    by 0x6A7751F: ???
==76077==    by 0x8000000000000000: ???
==76077==    by 0x10: ???
==76077==    by 0xEF: ???
==76077== 
==76077== 2 bytes in 1 blocks are definitely lost in loss record 139 of 850
==76077==    at 0x484D953: calloc (in /usr/libexec/valgrind/vgpreload_memcheck-amd64-linux.so)
==76077==    by 0x723DE9: __mn_alloc (in /mnt/c/Users/Juan/Documents/GitHub/Mapanare/mapanare/self/mnc-stage1)
==76077==    by 0x7245AB: __mn_str_from_parts (in /mnt/c/Users/Juan/Documents/GitHub/Mapanare/mapanare/self/mnc-stage1)
==76077==    by 0x41FA6B: lexer__scan_ident (in /mnt/c/Users/Juan/Documents/GitHub/Mapanare/mapanare/self/mnc-stage1)
==76077==    by 0x6A83D9F: ???
==76077==    by 0x8000000000000005: ???
==76077==    by 0x6A733D7: ???
==76077==    by 0x10: ???
==76077==    by 0xB: ???
==76077==    by 0x6A7751F: ???
==76077==    by 0x8000000000000000: ???
==76077==    by 0x10: ???
==76077==    by 0xEF: ???
==76077== 
==76077== 2 bytes in 1 blocks are definitely lost in loss record 140 of 850
==76077==    at 0x484D953: calloc (in /usr/libexec/valgrind/vgpreload_memcheck-amd64-linux.so)
==76077==    by 0x723DE9: __mn_alloc (in /mnt/c/Users/Juan/Documents/GitHub/Mapanare/mapanare/self/mnc-stage1)
==76077==    by 0x7245AB: __mn_str_from_parts (in /mnt/c/Users/Juan/Documents/GitHub/Mapanare/mapanare/self/mnc-stage1)
==76077==    by 0x41FA6B: lexer__scan_ident (in /mnt/c/Users/Juan/Documents/GitHub/Mapanare/mapanare/self/mnc-stage1)
==76077==    by 0x6A840BF: ???
==76077==    by 0x8000000000000000: ???
==76077==    by 0x6A733D7: ???
==76077==    by 0x19: ???
==76077==    by 0xB: ???
==76077==    by 0x6A7751F: ???
==76077==    by 0x8000000000000000: ???
==76077==    by 0x19: ???
==76077==    by 0xF8: ???
==76077== 
==76077== 2 bytes in 1 blocks are definitely lost in loss record 141 of 850
==76077==    at 0x484D953: calloc (in /usr/libexec/valgrind/vgpreload_memcheck-amd64-linux.so)
==76077==    by 0x723DE9: __mn_alloc (in /mnt/c/Users/Juan/Documents/GitHub/Mapanare/mapanare/self/mnc-stage1)
==76077==    by 0x7245AB: __mn_str_from_parts (in /mnt/c/Users/Juan/Documents/GitHub/Mapanare/mapanare/self/mnc-stage1)
==76077==    by 0x41FA6B: lexer__scan_ident (in /mnt/c/Users/Juan/Documents/GitHub/Mapanare/mapanare/self/mnc-stage1)
==76077==    by 0x6A8415F: ???
==76077==    by 0x8000000000000001: ???
==76077==    by 0x6A733D7: ???
==76077==    by 0x19: ???
==76077==    by 0xB: ???
==76077==    by 0x6A7751F: ???
==76077==    by 0x8000000000000000: ???
==76077==    by 0x19: ???
==76077==    by 0xF8: ???
==76077== 
==76077== 2 bytes in 1 blocks are definitely lost in loss record 142 of 850
==76077==    at 0x484D953: calloc (in /usr/libexec/valgrind/vgpreload_memcheck-amd64-linux.so)
==76077==    by 0x723DE9: __mn_alloc (in /mnt/c/Users/Juan/Documents/GitHub/Mapanare/mapanare/self/mnc-stage1)
==76077==    by 0x7245AB: __mn_str_from_parts (in /mnt/c/Users/Juan/Documents/GitHub/Mapanare/mapanare/self/mnc-stage1)
==76077==    by 0x41FA6B: lexer__scan_ident (in /mnt/c/Users/Juan/Documents/GitHub/Mapanare/mapanare/self/mnc-stage1)
==76077==    by 0x6A841FF: ???
==76077==    by 0x8000000000000002: ???
==76077==    by 0x6A733D7: ???
==76077==    by 0x19: ???
==76077==    by 0xB: ???
==76077==    by 0x6A7751F: ???
==76077==    by 0x8000000000000000: ???
==76077==    by 0x19: ???
==76077==    by 0xF8: ???
==76077== 
==76077== 2 bytes in 1 blocks are definitely lost in loss record 143 of 850
==76077==    at 0x484D953: calloc (in /usr/libexec/valgrind/vgpreload_memcheck-amd64-linux.so)
==76077==    by 0x723DE9: __mn_alloc (in /mnt/c/Users/Juan/Documents/GitHub/Mapanare/mapanare/self/mnc-stage1)
==76077==    by 0x7245AB: __mn_str_from_parts (in /mnt/c/Users/Juan/Documents/GitHub/Mapanare/mapanare/self/mnc-stage1)
==76077==    by 0x41FA6B: lexer__scan_ident (in /mnt/c/Users/Juan/Documents/GitHub/Mapanare/mapanare/self/mnc-stage1)
==76077==    by 0x6A8429F: ???
==76077==    by 0x8000000000000003: ???
==76077==    by 0x6A733D7: ???
==76077==    by 0x19: ???
==76077==    by 0xB: ???
==76077==    by 0x6A7751F: ???
==76077==    by 0x8000000000000000: ???
==76077==    by 0x19: ???
==76077==    by 0xF8: ???
==76077== 
==76077== 2 bytes in 1 blocks are definitely lost in loss record 144 of 850
==76077==    at 0x484D953: calloc (in /usr/libexec/valgrind/vgpreload_memcheck-amd64-linux.so)
==76077==    by 0x723DE9: __mn_alloc (in /mnt/c/Users/Juan/Documents/GitHub/Mapanare/mapanare/self/mnc-stage1)
==76077==    by 0x7245AB: __mn_str_from_parts (in /mnt/c/Users/Juan/Documents/GitHub/Mapanare/mapanare/self/mnc-stage1)
==76077==    by 0x41FA6B: lexer__scan_ident (in /mnt/c/Users/Juan/Documents/GitHub/Mapanare/mapanare/self/mnc-stage1)
==76077==    by 0x6A8433F: ???
==76077==    by 0x8000000000000004: ???
==76077==    by 0x6A733D7: ???
==76077==    by 0x19: ???
==76077==    by 0xB: ???
==76077==    by 0x6A7751F: ???
==76077==    by 0x8000000000000000: ???
==76077==    by 0x19: ???
==76077==    by 0xF8: ???
==76077== 
==76077== 2 bytes in 1 blocks are definitely lost in loss record 145 of 850
==76077==    at 0x484D953: calloc (in /usr/libexec/valgrind/vgpreload_memcheck-amd64-linux.so)
==76077==    by 0x723DE9: __mn_alloc (in /mnt/c/Users/Juan/Documents/GitHub/Mapanare/mapanare/self/mnc-stage1)
==76077==    by 0x7245AB: __mn_str_from_parts (in /mnt/c/Users/Juan/Documents/GitHub/Mapanare/mapanare/self/mnc-stage1)
==76077==    by 0x41FA6B: lexer__scan_ident (in /mnt/c/Users/Juan/Documents/GitHub/Mapanare/mapanare/self/mnc-stage1)
==76077==    by 0x6A843DF: ???
==76077==    by 0x8000000000000005: ???
==76077==    by 0x6A733D7: ???
==76077==    by 0x19: ???
==76077==    by 0xB: ???
==76077==    by 0x6A7751F: ???
==76077==    by 0x8000000000000000: ???
==76077==    by 0x19: ???
==76077==    by 0xF8: ???
==76077== 
==76077== 2 bytes in 1 blocks are definitely lost in loss record 146 of 850
==76077==    at 0x484D953: calloc (in /usr/libexec/valgrind/vgpreload_memcheck-amd64-linux.so)
==76077==    by 0x723DE9: __mn_alloc (in /mnt/c/Users/Juan/Documents/GitHub/Mapanare/mapanare/self/mnc-stage1)
==76077==    by 0x7245AB: __mn_str_from_parts (in /mnt/c/Users/Juan/Documents/GitHub/Mapanare/mapanare/self/mnc-stage1)
==76077==    by 0x41FA6B: lexer__scan_ident (in /mnt/c/Users/Juan/Documents/GitHub/Mapanare/mapanare/self/mnc-stage1)
==76077==    by 0x6A8447F: ???
==76077==    by 0x8000000000000006: ???
==76077==    by 0x6A733D7: ???
==76077==    by 0x19: ???
==76077==    by 0xB: ???
==76077==    by 0x6A7751F: ???
==76077==    by 0x8000000000000000: ???
==76077==    by 0x19: ???
==76077==    by 0xF8: ???
==76077== 
==76077== 2 bytes in 1 blocks are definitely lost in loss record 147 of 850
==76077==    at 0x484D953: calloc (in /usr/libexec/valgrind/vgpreload_memcheck-amd64-linux.so)
==76077==    by 0x723DE9: __mn_alloc (in /mnt/c/Users/Juan/Documents/GitHub/Mapanare/mapanare/self/mnc-stage1)
==76077==    by 0x7245AB: __mn_str_from_parts (in /mnt/c/Users/Juan/Documents/GitHub/Mapanare/mapanare/self/mnc-stage1)
==76077==    by 0x41FA6B: lexer__scan_ident (in /mnt/c/Users/Juan/Documents/GitHub/Mapanare/mapanare/self/mnc-stage1)
==76077==    by 0x6A8451F: ???
==76077==    by 0x8000000000000007: ???
==76077==    by 0x6A733D7: ???
==76077==    by 0x19: ???
==76077==    by 0xB: ???
==76077==    by 0x6A7751F: ???
==76077==    by 0x8000000000000000: ???
==76077==    by 0x19: ???
==76077==    by 0xF8: ???
==76077== 
==76077== 2 bytes in 1 blocks are definitely lost in loss record 148 of 850
==76077==    at 0x484D953: calloc (in /usr/libexec/valgrind/vgpreload_memcheck-amd64-linux.so)
==76077==    by 0x723DE9: __mn_alloc (in /mnt/c/Users/Juan/Documents/GitHub/Mapanare/mapanare/self/mnc-stage1)
==76077==    by 0x7245AB: __mn_str_from_parts (in /mnt/c/Users/Juan/Documents/GitHub/Mapanare/mapanare/self/mnc-stage1)
==76077==    by 0x41FA6B: lexer__scan_ident (in /mnt/c/Users/Juan/Documents/GitHub/Mapanare/mapanare/self/mnc-stage1)
==76077==    by 0x6A845BF: ???
==76077==    by 0x8000000000000008: ???
==76077==    by 0x6A733D7: ???
==76077==    by 0x19: ???
==76077==    by 0xB: ???
==76077==    by 0x6A7751F: ???
==76077==    by 0x8000000000000000: ???
==76077==    by 0x19: ???
==76077==    by 0xF8: ???
==76077== 
==76077== 2 bytes in 1 blocks are definitely lost in loss record 149 of 850
==76077==    at 0x484D953: calloc (in /usr/libexec/valgrind/vgpreload_memcheck-amd64-linux.so)
==76077==    by 0x723DE9: __mn_alloc (in /mnt/c/Users/Juan/Documents/GitHub/Mapanare/mapanare/self/mnc-stage1)
==76077==    by 0x7245AB: __mn_str_from_parts (in /mnt/c/Users/Juan/Documents/GitHub/Mapanare/mapanare/self/mnc-stage1)
==76077==    by 0x41FA6B: lexer__scan_ident (in /mnt/c/Users/Juan/Documents/GitHub/Mapanare/mapanare/self/mnc-stage1)
==76077==    by 0x6A8465F: ???
==76077==    by 0x8000000000000009: ???
==76077==    by 0x6A733D7: ???
==76077==    by 0x19: ???
==76077==    by 0xB: ???
==76077==    by 0x6A7751F: ???
==76077==    by 0x8000000000000000: ???
==76077==    by 0x19: ???
==76077==    by 0xF8: ???
==76077== 
==76077== 2 bytes in 1 blocks are definitely lost in loss record 150 of 850
==76077==    at 0x484D953: calloc (in /usr/libexec/valgrind/vgpreload_memcheck-amd64-linux.so)
==76077==    by 0x723DE9: __mn_alloc (in /mnt/c/Users/Juan/Documents/GitHub/Mapanare/mapanare/self/mnc-stage1)
==76077==    by 0x7245AB: __mn_str_from_parts (in /mnt/c/Users/Juan/Documents/GitHub/Mapanare/mapanare/self/mnc-stage1)
==76077==    by 0x42002C: lexer__scan_number (in /mnt/c/Users/Juan/Documents/GitHub/Mapanare/mapanare/self/mnc-stage1)
==76077==    by 0x6A86C4F: ???
==76077==    by 0x6A73257: ???
==76077==    by 0x8000000000000000: ???
==76077==    by 0x6A86B5F: ???
==76077==    by 0x8000000000000000: ???
==76077== 
==76077== 2 bytes in 1 blocks are definitely lost in loss record 151 of 850
==76077==    at 0x484D953: calloc (in /usr/libexec/valgrind/vgpreload_memcheck-amd64-linux.so)
==76077==    by 0x723DE9: __mn_alloc (in /mnt/c/Users/Juan/Documents/GitHub/Mapanare/mapanare/self/mnc-stage1)
==76077==    by 0x7245AB: __mn_str_from_parts (in /mnt/c/Users/Juan/Documents/GitHub/Mapanare/mapanare/self/mnc-stage1)
==76077==    by 0x41FA6B: lexer__scan_ident (in /mnt/c/Users/Juan/Documents/GitHub/Mapanare/mapanare/self/mnc-stage1)
==76077==    by 0x6A8705F: ???
==76077==    by 0x8000000000000000: ???
==76077==    by 0x6A733D7: ???
==76077==    by 0x4: ???
==76077==    by 0xC: ???
==76077==    by 0x6A7751F: ???
==76077==    by 0x8000000000000000: ???
==76077==    by 0x4: ???
==76077==    by 0x10F: ???
==76077== 
==76077== 2 bytes in 1 blocks are definitely lost in loss record 152 of 850
==76077==    at 0x484D953: calloc (in /usr/libexec/valgrind/vgpreload_memcheck-amd64-linux.so)
==76077==    by 0x723DE9: __mn_alloc (in /mnt/c/Users/Juan/Documents/GitHub/Mapanare/mapanare/self/mnc-stage1)
==76077==    by 0x7245AB: __mn_str_from_parts (in /mnt/c/Users/Juan/Documents/GitHub/Mapanare/mapanare/self/mnc-stage1)
==76077==    by 0x41FA6B: lexer__scan_ident (in /mnt/c/Users/Juan/Documents/GitHub/Mapanare/mapanare/self/mnc-stage1)
==76077==    by 0x6A870FF: ???
==76077==    by 0x8000000000000001: ???
==76077==    by 0x6A733D7: ???
==76077==    by 0x4: ???
==76077==    by 0xC: ???
==76077==    by 0x6A7751F: ???
==76077==    by 0x8000000000000000: ???
==76077==    by 0x4: ???
==76077==    by 0x10F: ???
==76077== 
==76077== 2 bytes in 1 blocks are definitely lost in loss record 153 of 850
==76077==    at 0x484D953: calloc (in /usr/libexec/valgrind/vgpreload_memcheck-amd64-linux.so)
==76077==    by 0x723DE9: __mn_alloc (in /mnt/c/Users/Juan/Documents/GitHub/Mapanare/mapanare/self/mnc-stage1)
==76077==    by 0x7245AB: __mn_str_from_parts (in /mnt/c/Users/Juan/Documents/GitHub/Mapanare/mapanare/self/mnc-stage1)
==76077==    by 0x41FA6B: lexer__scan_ident (in /mnt/c/Users/Juan/Documents/GitHub/Mapanare/mapanare/self/mnc-stage1)
==76077==    by 0x6A8719F: ???
==76077==    by 0x8000000000000002: ???
==76077==    by 0x6A733D7: ???
==76077==    by 0x4: ???
==76077==    by 0xC: ???
==76077==    by 0x6A7751F: ???
==76077==    by 0x8000000000000000: ???
==76077==    by 0x4: ???
==76077==    by 0x10F: ???
==76077== 
==76077== 2 bytes in 1 blocks are definitely lost in loss record 154 of 850
==76077==    at 0x484D953: calloc (in /usr/libexec/valgrind/vgpreload_memcheck-amd64-linux.so)
==76077==    by 0x723DE9: __mn_alloc (in /mnt/c/Users/Juan/Documents/GitHub/Mapanare/mapanare/self/mnc-stage1)
==76077==    by 0x7245AB: __mn_str_from_parts (in /mnt/c/Users/Juan/Documents/GitHub/Mapanare/mapanare/self/mnc-stage1)
==76077==    by 0x41FA6B: lexer__scan_ident (in /mnt/c/Users/Juan/Documents/GitHub/Mapanare/mapanare/self/mnc-stage1)
==76077==    by 0x6A8723F: ???
==76077==    by 0x8000000000000003: ???
==76077==    by 0x6A733D7: ???
==76077==    by 0x4: ???
==76077==    by 0xC: ???
==76077==    by 0x6A7751F: ???
==76077==    by 0x8000000000000000: ???
==76077==    by 0x4: ???
==76077==    by 0x10F: ???
==76077== 
==76077== 2 bytes in 1 blocks are definitely lost in loss record 155 of 850
==76077==    at 0x484D953: calloc (in /usr/libexec/valgrind/vgpreload_memcheck-amd64-linux.so)
==76077==    by 0x723DE9: __mn_alloc (in /mnt/c/Users/Juan/Documents/GitHub/Mapanare/mapanare/self/mnc-stage1)
==76077==    by 0x7245AB: __mn_str_from_parts (in /mnt/c/Users/Juan/Documents/GitHub/Mapanare/mapanare/self/mnc-stage1)
==76077==    by 0x41FA6B: lexer__scan_ident (in /mnt/c/Users/Juan/Documents/GitHub/Mapanare/mapanare/self/mnc-stage1)
==76077==    by 0x6A872DF: ???
==76077==    by 0x8000000000000004: ???
==76077==    by 0x6A733D7: ???
==76077==    by 0x4: ???
==76077==    by 0xC: ???
==76077==    by 0x6A7751F: ???
==76077==    by 0x8000000000000000: ???
==76077==    by 0x4: ???
==76077==    by 0x10F: ???
==76077== 
==76077== 2 bytes in 1 blocks are definitely lost in loss record 156 of 850
==76077==    at 0x484D953: calloc (in /usr/libexec/valgrind/vgpreload_memcheck-amd64-linux.so)
==76077==    by 0x723DE9: __mn_alloc (in /mnt/c/Users/Juan/Documents/GitHub/Mapanare/mapanare/self/mnc-stage1)
==76077==    by 0x7245AB: __mn_str_from_parts (in /mnt/c/Users/Juan/Documents/GitHub/Mapanare/mapanare/self/mnc-stage1)
==76077==    by 0x41FA6B: lexer__scan_ident (in /mnt/c/Users/Juan/Documents/GitHub/Mapanare/mapanare/self/mnc-stage1)
==76077==    by 0x6A8755F: ???
==76077==    by 0x8000000000000000: ???
==76077==    by 0x6A733D7: ???
==76077==    by 0xA: ???
==76077==    by 0xC: ???
==76077==    by 0x6A7751F: ???
==76077==    by 0x8000000000000000: ???
==76077==    by 0xA: ???
==76077==    by 0x115: ???
==76077== 
==76077== 2 bytes in 1 blocks are definitely lost in loss record 157 of 850
==76077==    at 0x484D953: calloc (in /usr/libexec/valgrind/vgpreload_memcheck-amd64-linux.so)
==76077==    by 0x723DE9: __mn_alloc (in /mnt/c/Users/Juan/Documents/GitHub/Mapanare/mapanare/self/mnc-stage1)
==76077==    by 0x7245AB: __mn_str_from_parts (in /mnt/c/Users/Juan/Documents/GitHub/Mapanare/mapanare/self/mnc-stage1)
==76077==    by 0x41FA6B: lexer__scan_ident (in /mnt/c/Users/Juan/Documents/GitHub/Mapanare/mapanare/self/mnc-stage1)
==76077==    by 0x6A875FF: ???
==76077==    by 0x8000000000000001: ???
==76077==    by 0x6A733D7: ???
==76077==    by 0xA: ???
==76077==    by 0xC: ???
==76077==    by 0x6A7751F: ???
==76077==    by 0x8000000000000000: ???
==76077==    by 0xA: ???
==76077==    by 0x115: ???
==76077== 
==76077== 2 bytes in 1 blocks are definitely lost in loss record 158 of 850
==76077==    at 0x484D953: calloc (in /usr/libexec/valgrind/vgpreload_memcheck-amd64-linux.so)
==76077==    by 0x723DE9: __mn_alloc (in /mnt/c/Users/Juan/Documents/GitHub/Mapanare/mapanare/self/mnc-stage1)
==76077==    by 0x7245AB: __mn_str_from_parts (in /mnt/c/Users/Juan/Documents/GitHub/Mapanare/mapanare/self/mnc-stage1)
==76077==    by 0x41FA6B: lexer__scan_ident (in /mnt/c/Users/Juan/Documents/GitHub/Mapanare/mapanare/self/mnc-stage1)
==76077==    by 0x6A8769F: ???
==76077==    by 0x8000000000000002: ???
==76077==    by 0x6A733D7: ???
==76077==    by 0xA: ???
==76077==    by 0xC: ???
==76077==    by 0x6A7751F: ???
==76077==    by 0x8000000000000000: ???
==76077==    by 0xA: ???
==76077==    by 0x115: ???
==76077== 
==76077== 2 bytes in 1 blocks are definitely lost in loss record 159 of 850
==76077==    at 0x484D953: calloc (in /usr/libexec/valgrind/vgpreload_memcheck-amd64-linux.so)
==76077==    by 0x723DE9: __mn_alloc (in /mnt/c/Users/Juan/Documents/GitHub/Mapanare/mapanare/self/mnc-stage1)
==76077==    by 0x7245AB: __mn_str_from_parts (in /mnt/c/Users/Juan/Documents/GitHub/Mapanare/mapanare/self/mnc-stage1)
==76077==    by 0x41FA6B: lexer__scan_ident (in /mnt/c/Users/Juan/Documents/GitHub/Mapanare/mapanare/self/mnc-stage1)
==76077==    by 0x6A8773F: ???
==76077==    by 0x8000000000000003: ???
==76077==    by 0x6A733D7: ???
==76077==    by 0xA: ???
==76077==    by 0xC: ???
==76077==    by 0x6A7751F: ???
==76077==    by 0x8000000000000000: ???
==76077==    by 0xA: ???
==76077==    by 0x115: ???
==76077== 
==76077== 2 bytes in 1 blocks are definitely lost in loss record 160 of 850
==76077==    at 0x484D953: calloc (in /usr/libexec/valgrind/vgpreload_memcheck-amd64-linux.so)
==76077==    by 0x723DE9: __mn_alloc (in /mnt/c/Users/Juan/Documents/GitHub/Mapanare/mapanare/self/mnc-stage1)
==76077==    by 0x7245AB: __mn_str_from_parts (in /mnt/c/Users/Juan/Documents/GitHub/Mapanare/mapanare/self/mnc-stage1)
==76077==    by 0x41FA6B: lexer__scan_ident (in /mnt/c/Users/Juan/Documents/GitHub/Mapanare/mapanare/self/mnc-stage1)
==76077==    by 0x6A877DF: ???
==76077==    by 0x8000000000000004: ???
==76077==    by 0x6A733D7: ???
==76077==    by 0xA: ???
==76077==    by 0xC: ???
==76077==    by 0x6A7751F: ???
==76077==    by 0x8000000000000000: ???
==76077==    by 0xA: ???
==76077==    by 0x115: ???
==76077== 
==76077== 2 bytes in 1 blocks are definitely lost in loss record 161 of 850
==76077==    at 0x484D953: calloc (in /usr/libexec/valgrind/vgpreload_memcheck-amd64-linux.so)
==76077==    by 0x723DE9: __mn_alloc (in /mnt/c/Users/Juan/Documents/GitHub/Mapanare/mapanare/self/mnc-stage1)
==76077==    by 0x7245AB: __mn_str_from_parts (in /mnt/c/Users/Juan/Documents/GitHub/Mapanare/mapanare/self/mnc-stage1)
==76077==    by 0x41FA6B: lexer__scan_ident (in /mnt/c/Users/Juan/Documents/GitHub/Mapanare/mapanare/self/mnc-stage1)
==76077==    by 0x6A8787F: ???
==76077==    by 0x8000000000000005: ???
==76077==    by 0x6A733D7: ???
==76077==    by 0xA: ???
==76077==    by 0xC: ???
==76077==    by 0x6A7751F: ???
==76077==    by 0x8000000000000000: ???
==76077==    by 0xA: ???
==76077==    by 0x115: ???
==76077== 
==76077== 3 bytes in 1 blocks are indirectly lost in loss record 162 of 850
==76077==    at 0x484D953: calloc (in /usr/libexec/valgrind/vgpreload_memcheck-amd64-linux.so)
==76077==    by 0x723DE9: __mn_alloc (in /mnt/c/Users/Juan/Documents/GitHub/Mapanare/mapanare/self/mnc-stage1)
==76077==    by 0x7249CE: __mn_str_concat (in /mnt/c/Users/Juan/Documents/GitHub/Mapanare/mapanare/self/mnc-stage1)
==76077==    by 0x41FA94: lexer__scan_ident (in /mnt/c/Users/Juan/Documents/GitHub/Mapanare/mapanare/self/mnc-stage1)
==76077==    by 0x6A7777F: ???
==76077==    by 0x8000000000000000: ???
==76077==    by 0x6A733D7: ???
==76077== 
==76077== 3 bytes in 1 blocks are indirectly lost in loss record 163 of 850
==76077==    at 0x484D953: calloc (in /usr/libexec/valgrind/vgpreload_memcheck-amd64-linux.so)
==76077==    by 0x723DE9: __mn_alloc (in /mnt/c/Users/Juan/Documents/GitHub/Mapanare/mapanare/self/mnc-stage1)
==76077==    by 0x7249CE: __mn_str_concat (in /mnt/c/Users/Juan/Documents/GitHub/Mapanare/mapanare/self/mnc-stage1)
==76077==    by 0x41FA94: lexer__scan_ident (in /mnt/c/Users/Juan/Documents/GitHub/Mapanare/mapanare/self/mnc-stage1)
==76077==    by 0x6A7C35F: ???
==76077==    by 0x8000000000000000: ???
==76077==    by 0x6A733D7: ???
==76077==    by 0xA: ???
==76077==    by 0x2: ???
==76077==    by 0x6A7751F: ???
==76077==    by 0x8000000000000000: ???
==76077==    by 0xA: ???
==76077==    by 0x56: ???
==76077== 
==76077== 3 bytes in 1 blocks are indirectly lost in loss record 164 of 850
==76077==    at 0x484D953: calloc (in /usr/libexec/valgrind/vgpreload_memcheck-amd64-linux.so)
==76077==    by 0x723DE9: __mn_alloc (in /mnt/c/Users/Juan/Documents/GitHub/Mapanare/mapanare/self/mnc-stage1)
==76077==    by 0x7249CE: __mn_str_concat (in /mnt/c/Users/Juan/Documents/GitHub/Mapanare/mapanare/self/mnc-stage1)
==76077==    by 0x41FA94: lexer__scan_ident (in /mnt/c/Users/Juan/Documents/GitHub/Mapanare/mapanare/self/mnc-stage1)
==76077==    by 0x6A7FD3F: ???
==76077==    by 0x8000000000000000: ???
==76077==    by 0x6A733D7: ???
==76077== 
==76077== 3 bytes in 1 blocks are definitely lost in loss record 165 of 850
==76077==    at 0x484D953: calloc (in /usr/libexec/valgrind/vgpreload_memcheck-amd64-linux.so)
==76077==    by 0x723DE9: __mn_alloc (in /mnt/c/Users/Juan/Documents/GitHub/Mapanare/mapanare/self/mnc-stage1)
==76077==    by 0x7249CE: __mn_str_concat (in /mnt/c/Users/Juan/Documents/GitHub/Mapanare/mapanare/self/mnc-stage1)
==76077==    by 0x41FA94: lexer__scan_ident (in /mnt/c/Users/Juan/Documents/GitHub/Mapanare/mapanare/self/mnc-stage1)
==76077==    by 0x6A77C4F: ???
==76077==    by 0x8000000000000000: ???
==76077==    by 0x6A733D7: ???
==76077==    by 0x3: ???
==76077== 
==76077== 3 bytes in 1 blocks are definitely lost in loss record 166 of 850
==76077==    at 0x484D953: calloc (in /usr/libexec/valgrind/vgpreload_memcheck-amd64-linux.so)
==76077==    by 0x723DE9: __mn_alloc (in /mnt/c/Users/Juan/Documents/GitHub/Mapanare/mapanare/self/mnc-stage1)
==76077==    by 0x7249CE: __mn_str_concat (in /mnt/c/Users/Juan/Documents/GitHub/Mapanare/mapanare/self/mnc-stage1)
==76077==    by 0x41FA94: lexer__scan_ident (in /mnt/c/Users/Juan/Documents/GitHub/Mapanare/mapanare/self/mnc-stage1)
==76077==    by 0x6A7873F: ???
==76077==    by 0x8000000000000000: ???
==76077==    by 0x6A733D7: ???
==76077==    by 0x11: ???
==76077== 
==76077== 3 bytes in 1 blocks are definitely lost in loss record 167 of 850
==76077==    at 0x484D953: calloc (in /usr/libexec/valgrind/vgpreload_memcheck-amd64-linux.so)
==76077==    by 0x723DE9: __mn_alloc (in /mnt/c/Users/Juan/Documents/GitHub/Mapanare/mapanare/self/mnc-stage1)
==76077==    by 0x7249CE: __mn_str_concat (in /mnt/c/Users/Juan/Documents/GitHub/Mapanare/mapanare/self/mnc-stage1)
==76077==    by 0x41FA94: lexer__scan_ident (in /mnt/c/Users/Juan/Documents/GitHub/Mapanare/mapanare/self/mnc-stage1)
==76077==    by 0x6A7944F: ???
==76077==    by 0x8000000000000000: ???
==76077==    by 0x6A733D7: ???
==76077==    by 0x1C: ???
==76077== 
==76077== 3 bytes in 1 blocks are definitely lost in loss record 168 of 850
==76077==    at 0x484D953: calloc (in /usr/libexec/valgrind/vgpreload_memcheck-amd64-linux.so)
==76077==    by 0x723DE9: __mn_alloc (in /mnt/c/Users/Juan/Documents/GitHub/Mapanare/mapanare/self/mnc-stage1)
==76077==    by 0x7249CE: __mn_str_concat (in /mnt/c/Users/Juan/Documents/GitHub/Mapanare/mapanare/self/mnc-stage1)
==76077==    by 0x41FA94: lexer__scan_ident (in /mnt/c/Users/Juan/Documents/GitHub/Mapanare/mapanare/self/mnc-stage1)
==76077==    by 0x6A7999F: ???
==76077==    by 0x8000000000000000: ???
==76077==    by 0x6A733D7: ???
==76077==    by 0x24: ???
==76077== 
==76077== 3 bytes in 1 blocks are definitely lost in loss record 169 of 850
==76077==    at 0x484D953: calloc (in /usr/libexec/valgrind/vgpreload_memcheck-amd64-linux.so)
==76077==    by 0x723DE9: __mn_alloc (in /mnt/c/Users/Juan/Documents/GitHub/Mapanare/mapanare/self/mnc-stage1)
==76077==    by 0x7249CE: __mn_str_concat (in /mnt/c/Users/Juan/Documents/GitHub/Mapanare/mapanare/self/mnc-stage1)
==76077==    by 0x41FA94: lexer__scan_ident (in /mnt/c/Users/Juan/Documents/GitHub/Mapanare/mapanare/self/mnc-stage1)
==76077==    by 0x6A7A11F: ???
==76077==    by 0x8000000000000000: ???
==76077==    by 0x6A733D7: ???
==76077==    by 0x4: ???
==76077==    by 0x1: ???
==76077==    by 0x6A7751F: ???
==76077==    by 0x8000000000000000: ???
==76077==    by 0x4: ???
==76077==    by 0x30: ???
==76077== 
==76077== 3 bytes in 1 blocks are definitely lost in loss record 170 of 850
==76077==    at 0x484D953: calloc (in /usr/libexec/valgrind/vgpreload_memcheck-amd64-linux.so)
==76077==    by 0x723DE9: __mn_alloc (in /mnt/c/Users/Juan/Documents/GitHub/Mapanare/mapanare/self/mnc-stage1)
==76077==    by 0x7249CE: __mn_str_concat (in /mnt/c/Users/Juan/Documents/GitHub/Mapanare/mapanare/self/mnc-stage1)
==76077==    by 0x41FA94: lexer__scan_ident (in /mnt/c/Users/Juan/Documents/GitHub/Mapanare/mapanare/self/mnc-stage1)
==76077==    by 0x6A7A43F: ???
==76077==    by 0x8000000000000000: ???
==76077==    by 0x6A733D7: ???
==76077==    by 0x8: ???
==76077==    by 0x1: ???
==76077==    by 0x6A7751F: ???
==76077==    by 0x8000000000000000: ???
==76077==    by 0x8: ???
==76077==    by 0x34: ???
==76077== 
==76077== 3 bytes in 1 blocks are definitely lost in loss record 171 of 850
==76077==    at 0x484D953: calloc (in /usr/libexec/valgrind/vgpreload_memcheck-amd64-linux.so)
==76077==    by 0x723DE9: __mn_alloc (in /mnt/c/Users/Juan/Documents/GitHub/Mapanare/mapanare/self/mnc-stage1)
==76077==    by 0x7249CE: __mn_str_concat (in /mnt/c/Users/Juan/Documents/GitHub/Mapanare/mapanare/self/mnc-stage1)
==76077==    by 0x41FA94: lexer__scan_ident (in /mnt/c/Users/Juan/Documents/GitHub/Mapanare/mapanare/self/mnc-stage1)
==76077==    by 0x6A7A75F: ???
==76077==    by 0x8000000000000000: ???
==76077==    by 0x6A733D7: ???
==76077==    by 0xC: ???
==76077==    by 0x1: ???
==76077==    by 0x6A7751F: ???
==76077==    by 0x8000000000000000: ???
==76077==    by 0xC: ???
==76077==    by 0x38: ???
==76077== 
==76077== 3 bytes in 1 blocks are definitely lost in loss record 172 of 850
==76077==    at 0x484D953: calloc (in /usr/libexec/valgrind/vgpreload_memcheck-amd64-linux.so)
==76077==    by 0x723DE9: __mn_alloc (in /mnt/c/Users/Juan/Documents/GitHub/Mapanare/mapanare/self/mnc-stage1)
==76077==    by 0x7249CE: __mn_str_concat (in /mnt/c/Users/Juan/Documents/GitHub/Mapanare/mapanare/self/mnc-stage1)
==76077==    by 0x41FA94: lexer__scan_ident (in /mnt/c/Users/Juan/Documents/GitHub/Mapanare/mapanare/self/mnc-stage1)
==76077==    by 0x6A7B59F: ???
==76077==    by 0x8000000000000000: ???
==76077==    by 0x6A733D7: ???
==76077==    by 0x14: ???
==76077==    by 0x1: ???
==76077==    by 0x6A7751F: ???
==76077==    by 0x8000000000000000: ???
==76077==    by 0x14: ???
==76077==    by 0x40: ???
==76077== 
==76077== 3 bytes in 1 blocks are definitely lost in loss record 173 of 850
==76077==    at 0x484D953: calloc (in /usr/libexec/valgrind/vgpreload_memcheck-amd64-linux.so)
==76077==    by 0x723DE9: __mn_alloc (in /mnt/c/Users/Juan/Documents/GitHub/Mapanare/mapanare/self/mnc-stage1)
==76077==    by 0x7249CE: __mn_str_concat (in /mnt/c/Users/Juan/Documents/GitHub/Mapanare/mapanare/self/mnc-stage1)
==76077==    by 0x41FA94: lexer__scan_ident (in /mnt/c/Users/Juan/Documents/GitHub/Mapanare/mapanare/self/mnc-stage1)
==76077==    by 0x6A7BE5F: ???
==76077==    by 0x8000000000000000: ???
==76077==    by 0x6A733D7: ???
==76077==    by 0x4: ???
==76077==    by 0x2: ???
==76077==    by 0x6A7751F: ???
==76077==    by 0x8000000000000000: ???
==76077==    by 0x4: ???
==76077==    by 0x50: ???
==76077== 
==76077== 3 bytes in 1 blocks are definitely lost in loss record 174 of 850
==76077==    at 0x484D953: calloc (in /usr/libexec/valgrind/vgpreload_memcheck-amd64-linux.so)
==76077==    by 0x723DE9: __mn_alloc (in /mnt/c/Users/Juan/Documents/GitHub/Mapanare/mapanare/self/mnc-stage1)
==76077==    by 0x7249CE: __mn_str_concat (in /mnt/c/Users/Juan/Documents/GitHub/Mapanare/mapanare/self/mnc-stage1)
==76077==    by 0x41FA94: lexer__scan_ident (in /mnt/c/Users/Juan/Documents/GitHub/Mapanare/mapanare/self/mnc-stage1)
==76077==    by 0x6A7CF3F: ???
==76077==    by 0x8000000000000000: ???
==76077==    by 0x6A733D7: ???
==76077==    by 0x8: ???
==76077==    by 0x3: ???
==76077==    by 0x6A7751F: ???
==76077==    by 0x8000000000000000: ???
==76077==    by 0x8: ???
==76077==    by 0x68: ???
==76077== 
==76077== 3 bytes in 1 blocks are definitely lost in loss record 175 of 850
==76077==    at 0x484D953: calloc (in /usr/libexec/valgrind/vgpreload_memcheck-amd64-linux.so)
==76077==    by 0x723DE9: __mn_alloc (in /mnt/c/Users/Juan/Documents/GitHub/Mapanare/mapanare/self/mnc-stage1)
==76077==    by 0x7249CE: __mn_str_concat (in /mnt/c/Users/Juan/Documents/GitHub/Mapanare/mapanare/self/mnc-stage1)
==76077==    by 0x41FA94: lexer__scan_ident (in /mnt/c/Users/Juan/Documents/GitHub/Mapanare/mapanare/self/mnc-stage1)
==76077==    by 0x6A7D57F: ???
==76077==    by 0x8000000000000000: ???
==76077==    by 0x6A733D7: ???
==76077==    by 0x11: ???
==76077==    by 0x3: ???
==76077==    by 0x6A7751F: ???
==76077==    by 0x8000000000000000: ???
==76077==    by 0x11: ???
==76077==    by 0x71: ???
==76077== 
==76077== 3 bytes in 1 blocks are definitely lost in loss record 176 of 850
==76077==    at 0x484D953: calloc (in /usr/libexec/valgrind/vgpreload_memcheck-amd64-linux.so)
==76077==    by 0x723DE9: __mn_alloc (in /mnt/c/Users/Juan/Documents/GitHub/Mapanare/mapanare/self/mnc-stage1)
==76077==    by 0x7249CE: __mn_str_concat (in /mnt/c/Users/Juan/Documents/GitHub/Mapanare/mapanare/self/mnc-stage1)
==76077==    by 0x41FA94: lexer__scan_ident (in /mnt/c/Users/Juan/Documents/GitHub/Mapanare/mapanare/self/mnc-stage1)
==76077==    by 0x6A7F1AF: ???
==76077==    by 0x8000000000000000: ???
==76077==    by 0x6A733D7: ???
==76077==    by 0x4: ???
==76077==    by 0x5: ???
==76077==    by 0x6A7751F: ???
==76077==    by 0x8000000000000000: ???
==76077==    by 0x4: ???
==76077==    by 0x86: ???
==76077== 
==76077== 3 bytes in 1 blocks are definitely lost in loss record 177 of 850
==76077==    at 0x484D953: calloc (in /usr/libexec/valgrind/vgpreload_memcheck-amd64-linux.so)
==76077==    by 0x723DE9: __mn_alloc (in /mnt/c/Users/Juan/Documents/GitHub/Mapanare/mapanare/self/mnc-stage1)
==76077==    by 0x7249CE: __mn_str_concat (in /mnt/c/Users/Juan/Documents/GitHub/Mapanare/mapanare/self/mnc-stage1)
==76077==    by 0x41FA94: lexer__scan_ident (in /mnt/c/Users/Juan/Documents/GitHub/Mapanare/mapanare/self/mnc-stage1)
==76077==    by 0x6A7F6AF: ???
==76077==    by 0x8000000000000000: ???
==76077==    by 0x6A733D7: ???
==76077==    by 0xB: ???
==76077==    by 0x5: ???
==76077==    by 0x6A7751F: ???
==76077==    by 0x8000000000000000: ???
==76077==    by 0xB: ???
==76077==    by 0x8D: ???
==76077== 
==76077== 3 bytes in 1 blocks are definitely lost in loss record 178 of 850
==76077==    at 0x484D953: calloc (in /usr/libexec/valgrind/vgpreload_memcheck-amd64-linux.so)
==76077==    by 0x723DE9: __mn_alloc (in /mnt/c/Users/Juan/Documents/GitHub/Mapanare/mapanare/self/mnc-stage1)
==76077==    by 0x7249CE: __mn_str_concat (in /mnt/c/Users/Juan/Documents/GitHub/Mapanare/mapanare/self/mnc-stage1)
==76077==    by 0x41FA94: lexer__scan_ident (in /mnt/c/Users/Juan/Documents/GitHub/Mapanare/mapanare/self/mnc-stage1)
==76077==    by 0x6A7FFBF: ???
==76077==    by 0x8000000000000000: ???
==76077==    by 0x6A733D7: ???
==76077==    by 0x3: ???
==76077==    by 0x8: ???
==76077==    by 0x6A7751F: ???
==76077==    by 0x8000000000000000: ???
==76077==    by 0x3: ???
==76077==    by 0x9A: ???
==76077== 
==76077== 3 bytes in 1 blocks are definitely lost in loss record 179 of 850
==76077==    at 0x484D953: calloc (in /usr/libexec/valgrind/vgpreload_memcheck-amd64-linux.so)
==76077==    by 0x723DE9: __mn_alloc (in /mnt/c/Users/Juan/Documents/GitHub/Mapanare/mapanare/self/mnc-stage1)
==76077==    by 0x7249CE: __mn_str_concat (in /mnt/c/Users/Juan/Documents/GitHub/Mapanare/mapanare/self/mnc-stage1)
==76077==    by 0x41FA94: lexer__scan_ident (in /mnt/c/Users/Juan/Documents/GitHub/Mapanare/mapanare/self/mnc-stage1)
==76077==    by 0x6A807DF: ???
==76077==    by 0x8000000000000000: ???
==76077==    by 0x6A733D7: ???
==76077==    by 0x4: ???
==76077==    by 0x9: ???
==76077==    by 0x6A7751F: ???
==76077==    by 0x8000000000000000: ???
==76077==    by 0x4: ???
==76077==    by 0xA7: ???
==76077== 
==76077== 3 bytes in 1 blocks are definitely lost in loss record 180 of 850
==76077==    at 0x484D953: calloc (in /usr/libexec/valgrind/vgpreload_memcheck-amd64-linux.so)
==76077==    by 0x723DE9: __mn_alloc (in /mnt/c/Users/Juan/Documents/GitHub/Mapanare/mapanare/self/mnc-stage1)
==76077==    by 0x7249CE: __mn_str_concat (in /mnt/c/Users/Juan/Documents/GitHub/Mapanare/mapanare/self/mnc-stage1)
==76077==    by 0x41FA94: lexer__scan_ident (in /mnt/c/Users/Juan/Documents/GitHub/Mapanare/mapanare/self/mnc-stage1)
==76077==    by 0x6A80AFF: ???
==76077==    by 0x8000000000000000: ???
==76077==    by 0x6A733D7: ???
==76077==    by 0x8: ???
==76077==    by 0x9: ???
==76077==    by 0x6A7751F: ???
==76077==    by 0x8000000000000000: ???
==76077==    by 0x8: ???
==76077==    by 0xAB: ???
==76077== 
==76077== 3 bytes in 1 blocks are definitely lost in loss record 181 of 850
==76077==    at 0x484D953: calloc (in /usr/libexec/valgrind/vgpreload_memcheck-amd64-linux.so)
==76077==    by 0x723DE9: __mn_alloc (in /mnt/c/Users/Juan/Documents/GitHub/Mapanare/mapanare/self/mnc-stage1)
==76077==    by 0x7249CE: __mn_str_concat (in /mnt/c/Users/Juan/Documents/GitHub/Mapanare/mapanare/self/mnc-stage1)
==76077==    by 0x41FA94: lexer__scan_ident (in /mnt/c/Users/Juan/Documents/GitHub/Mapanare/mapanare/self/mnc-stage1)
==76077==    by 0x6A8104F: ???
==76077==    by 0x8000000000000000: ???
==76077==    by 0x6A733D7: ???
==76077==    by 0xF: ???
==76077==    by 0x9: ???
==76077==    by 0x6A7751F: ???
==76077==    by 0x8000000000000000: ???
==76077==    by 0xF: ???
==76077==    by 0xB2: ???
==76077== 
==76077== 3 bytes in 1 blocks are definitely lost in loss record 182 of 850
==76077==    at 0x484D953: calloc (in /usr/libexec/valgrind/vgpreload_memcheck-amd64-linux.so)
==76077==    by 0x723DE9: __mn_alloc (in /mnt/c/Users/Juan/Documents/GitHub/Mapanare/mapanare/self/mnc-stage1)
==76077==    by 0x7249CE: __mn_str_concat (in /mnt/c/Users/Juan/Documents/GitHub/Mapanare/mapanare/self/mnc-stage1)
==76077==    by 0x41FA94: lexer__scan_ident (in /mnt/c/Users/Juan/Documents/GitHub/Mapanare/mapanare/self/mnc-stage1)
==76077==    by 0x6A8168F: ???
==76077==    by 0x8000000000000000: ???
==76077==    by 0x6A733D7: ???
==76077==    by 0x18: ???
==76077==    by 0x9: ???
==76077==    by 0x6A7751F: ???
==76077==    by 0x8000000000000000: ???
==76077==    by 0x18: ???
==76077==    by 0xBB: ???
==76077== 
==76077== 3 bytes in 1 blocks are definitely lost in loss record 183 of 850
==76077==    at 0x484D953: calloc (in /usr/libexec/valgrind/vgpreload_memcheck-amd64-linux.so)
==76077==    by 0x723DE9: __mn_alloc (in /mnt/c/Users/Juan/Documents/GitHub/Mapanare/mapanare/self/mnc-stage1)
==76077==    by 0x7249CE: __mn_str_concat (in /mnt/c/Users/Juan/Documents/GitHub/Mapanare/mapanare/self/mnc-stage1)
==76077==    by 0x41FA94: lexer__scan_ident (in /mnt/c/Users/Juan/Documents/GitHub/Mapanare/mapanare/self/mnc-stage1)
==76077==    by 0x6A825DF: ???
==76077==    by 0x8000000000000000: ???
==76077==    by 0x6A733D7: ???
==76077==    by 0x4: ???
==76077==    by 0xA: ???
==76077==    by 0x6A7751F: ???
==76077==    by 0x8000000000000000: ???
==76077==    by 0x4: ???
==76077==    by 0xD2: ???
==76077== 
==76077== 3 bytes in 1 blocks are definitely lost in loss record 184 of 850
==76077==    at 0x484D953: calloc (in /usr/libexec/valgrind/vgpreload_memcheck-amd64-linux.so)
==76077==    by 0x723DE9: __mn_alloc (in /mnt/c/Users/Juan/Documents/GitHub/Mapanare/mapanare/self/mnc-stage1)
==76077==    by 0x7249CE: __mn_str_concat (in /mnt/c/Users/Juan/Documents/GitHub/Mapanare/mapanare/self/mnc-stage1)
==76077==    by 0x41FA94: lexer__scan_ident (in /mnt/c/Users/Juan/Documents/GitHub/Mapanare/mapanare/self/mnc-stage1)
==76077==    by 0x6A82ADF: ???
==76077==    by 0x8000000000000000: ???
==76077==    by 0x6A733D7: ???
==76077==    by 0xA: ???
==76077==    by 0xA: ???
==76077==    by 0x6A7751F: ???
==76077==    by 0x8000000000000000: ???
==76077==    by 0xA: ???
==76077==    by 0xD8: ???
==76077== 
==76077== 3 bytes in 1 blocks are definitely lost in loss record 185 of 850
==76077==    at 0x484D953: calloc (in /usr/libexec/valgrind/vgpreload_memcheck-amd64-linux.so)
==76077==    by 0x723DE9: __mn_alloc (in /mnt/c/Users/Juan/Documents/GitHub/Mapanare/mapanare/self/mnc-stage1)
==76077==    by 0x7249CE: __mn_str_concat (in /mnt/c/Users/Juan/Documents/GitHub/Mapanare/mapanare/self/mnc-stage1)
==76077==    by 0x41FA94: lexer__scan_ident (in /mnt/c/Users/Juan/Documents/GitHub/Mapanare/mapanare/self/mnc-stage1)
==76077==    by 0x6A8316F: ???
==76077==    by 0x8000000000000000: ???
==76077==    by 0x6A733D7: ???
==76077==    by 0x4: ???
==76077==    by 0xB: ???
==76077==    by 0x6A7751F: ???
==76077==    by 0x8000000000000000: ???
==76077==    by 0x4: ???
==76077==    by 0xE3: ???
==76077== 
==76077== 3 bytes in 1 blocks are definitely lost in loss record 186 of 850
==76077==    at 0x484D953: calloc (in /usr/libexec/valgrind/vgpreload_memcheck-amd64-linux.so)
==76077==    by 0x723DE9: __mn_alloc (in /mnt/c/Users/Juan/Documents/GitHub/Mapanare/mapanare/self/mnc-stage1)
==76077==    by 0x7249CE: __mn_str_concat (in /mnt/c/Users/Juan/Documents/GitHub/Mapanare/mapanare/self/mnc-stage1)
==76077==    by 0x41FA94: lexer__scan_ident (in /mnt/c/Users/Juan/Documents/GitHub/Mapanare/mapanare/self/mnc-stage1)
==76077==    by 0x6A8348F: ???
==76077==    by 0x8000000000000000: ???
==76077==    by 0x6A733D7: ???
==76077==    by 0x8: ???
==76077==    by 0xB: ???
==76077==    by 0x6A7751F: ???
==76077==    by 0x8000000000000000: ???
==76077==    by 0x8: ???
==76077==    by 0xE7: ???
==76077== 
==76077== 3 bytes in 1 blocks are definitely lost in loss record 187 of 850
==76077==    at 0x484D953: calloc (in /usr/libexec/valgrind/vgpreload_memcheck-amd64-linux.so)
==76077==    by 0x723DE9: __mn_alloc (in /mnt/c/Users/Juan/Documents/GitHub/Mapanare/mapanare/self/mnc-stage1)
==76077==    by 0x7249CE: __mn_str_concat (in /mnt/c/Users/Juan/Documents/GitHub/Mapanare/mapanare/self/mnc-stage1)
==76077==    by 0x41FA94: lexer__scan_ident (in /mnt/c/Users/Juan/Documents/GitHub/Mapanare/mapanare/self/mnc-stage1)
==76077==    by 0x6A83A7F: ???
==76077==    by 0x8000000000000000: ???
==76077==    by 0x6A733D7: ???
==76077==    by 0x10: ???
==76077==    by 0xB: ???
==76077==    by 0x6A7751F: ???
==76077==    by 0x8000000000000000: ???
==76077==    by 0x10: ???
==76077==    by 0xEF: ???
==76077== 
==76077== 3 bytes in 1 blocks are definitely lost in loss record 188 of 850
==76077==    at 0x484D953: calloc (in /usr/libexec/valgrind/vgpreload_memcheck-amd64-linux.so)
==76077==    by 0x723DE9: __mn_alloc (in /mnt/c/Users/Juan/Documents/GitHub/Mapanare/mapanare/self/mnc-stage1)
==76077==    by 0x7249CE: __mn_str_concat (in /mnt/c/Users/Juan/Documents/GitHub/Mapanare/mapanare/self/mnc-stage1)
==76077==    by 0x41FA94: lexer__scan_ident (in /mnt/c/Users/Juan/Documents/GitHub/Mapanare/mapanare/self/mnc-stage1)
==76077==    by 0x6A840BF: ???
==76077==    by 0x8000000000000000: ???
==76077==    by 0x6A733D7: ???
==76077==    by 0x19: ???
==76077==    by 0xB: ???
==76077==    by 0x6A7751F: ???
==76077==    by 0x8000000000000000: ???
==76077==    by 0x19: ???
==76077==    by 0xF8: ???
==76077== 
==76077== 3 bytes in 1 blocks are definitely lost in loss record 189 of 850
==76077==    at 0x484D953: calloc (in /usr/libexec/valgrind/vgpreload_memcheck-amd64-linux.so)
==76077==    by 0x723DE9: __mn_alloc (in /mnt/c/Users/Juan/Documents/GitHub/Mapanare/mapanare/self/mnc-stage1)
==76077==    by 0x7249CE: __mn_str_concat (in /mnt/c/Users/Juan/Documents/GitHub/Mapanare/mapanare/self/mnc-stage1)
==76077==    by 0x41FA94: lexer__scan_ident (in /mnt/c/Users/Juan/Documents/GitHub/Mapanare/mapanare/self/mnc-stage1)
==76077==    by 0x6A8705F: ???
==76077==    by 0x8000000000000000: ???
==76077==    by 0x6A733D7: ???
==76077==    by 0x4: ???
==76077==    by 0xC: ???
==76077==    by 0x6A7751F: ???
==76077==    by 0x8000000000000000: ???
==76077==    by 0x4: ???
==76077==    by 0x10F: ???
==76077== 
==76077== 3 bytes in 1 blocks are definitely lost in loss record 190 of 850
==76077==    at 0x484D953: calloc (in /usr/libexec/valgrind/vgpreload_memcheck-amd64-linux.so)
==76077==    by 0x723DE9: __mn_alloc (in /mnt/c/Users/Juan/Documents/GitHub/Mapanare/mapanare/self/mnc-stage1)
==76077==    by 0x7249CE: __mn_str_concat (in /mnt/c/Users/Juan/Documents/GitHub/Mapanare/mapanare/self/mnc-stage1)
==76077==    by 0x41FA94: lexer__scan_ident (in /mnt/c/Users/Juan/Documents/GitHub/Mapanare/mapanare/self/mnc-stage1)
==76077==    by 0x6A8755F: ???
==76077==    by 0x8000000000000000: ???
==76077==    by 0x6A733D7: ???
==76077==    by 0xA: ???
==76077==    by 0xC: ???
==76077==    by 0x6A7751F: ???
==76077==    by 0x8000000000000000: ???
==76077==    by 0xA: ???
==76077==    by 0x115: ???
==76077== 
==76077== 4 bytes in 1 blocks are indirectly lost in loss record 191 of 850
==76077==    at 0x484D953: calloc (in /usr/libexec/valgrind/vgpreload_memcheck-amd64-linux.so)
==76077==    by 0x723DE9: __mn_alloc (in /mnt/c/Users/Juan/Documents/GitHub/Mapanare/mapanare/self/mnc-stage1)
==76077==    by 0x7249CE: __mn_str_concat (in /mnt/c/Users/Juan/Documents/GitHub/Mapanare/mapanare/self/mnc-stage1)
==76077==    by 0x41FA94: lexer__scan_ident (in /mnt/c/Users/Juan/Documents/GitHub/Mapanare/mapanare/self/mnc-stage1)
==76077==    by 0x6A794EF: ???
==76077==    by 0x8000000000000001: ???
==76077==    by 0x6A733D7: ???
==76077==    by 0x1C: ???
==76077== 
==76077== 4 bytes in 1 blocks are indirectly lost in loss record 192 of 850
==76077==    at 0x484D953: calloc (in /usr/libexec/valgrind/vgpreload_memcheck-amd64-linux.so)
==76077==    by 0x723DE9: __mn_alloc (in /mnt/c/Users/Juan/Documents/GitHub/Mapanare/mapanare/self/mnc-stage1)
==76077==    by 0x7249CE: __mn_str_concat (in /mnt/c/Users/Juan/Documents/GitHub/Mapanare/mapanare/self/mnc-stage1)
==76077==    by 0x41FA94: lexer__scan_ident (in /mnt/c/Users/Juan/Documents/GitHub/Mapanare/mapanare/self/mnc-stage1)
==76077==    by 0x6A7A1BF: ???
==76077==    by 0x8000000000000001: ???
==76077==    by 0x6A733D7: ???
==76077==    by 0x4: ???
==76077==    by 0x1: ???
==76077==    by 0x6A7751F: ???
==76077==    by 0x8000000000000000: ???
==76077==    by 0x4: ???
==76077==    by 0x30: ???
==76077== 
==76077== 4 bytes in 1 blocks are indirectly lost in loss record 193 of 850
==76077==    at 0x484D953: calloc (in /usr/libexec/valgrind/vgpreload_memcheck-amd64-linux.so)
==76077==    by 0x723DE9: __mn_alloc (in /mnt/c/Users/Juan/Documents/GitHub/Mapanare/mapanare/self/mnc-stage1)
==76077==    by 0x7249CE: __mn_str_concat (in /mnt/c/Users/Juan/Documents/GitHub/Mapanare/mapanare/self/mnc-stage1)
==76077==    by 0x41FA94: lexer__scan_ident (in /mnt/c/Users/Juan/Documents/GitHub/Mapanare/mapanare/self/mnc-stage1)
==76077==    by 0x6A7A4DF: ???
==76077==    by 0x8000000000000001: ???
==76077==    by 0x6A733D7: ???
==76077==    by 0x8: ???
==76077==    by 0x1: ???
==76077==    by 0x6A7751F: ???
==76077==    by 0x8000000000000000: ???
==76077==    by 0x8: ???
==76077==    by 0x34: ???
==76077== 
==76077== 4 bytes in 1 blocks are indirectly lost in loss record 194 of 850
==76077==    at 0x484D953: calloc (in /usr/libexec/valgrind/vgpreload_memcheck-amd64-linux.so)
==76077==    by 0x723DE9: __mn_alloc (in /mnt/c/Users/Juan/Documents/GitHub/Mapanare/mapanare/self/mnc-stage1)
==76077==    by 0x7249CE: __mn_str_concat (in /mnt/c/Users/Juan/Documents/GitHub/Mapanare/mapanare/self/mnc-stage1)
==76077==    by 0x41FA94: lexer__scan_ident (in /mnt/c/Users/Juan/Documents/GitHub/Mapanare/mapanare/self/mnc-stage1)
==76077==    by 0x6A7BEFF: ???
==76077==    by 0x8000000000000001: ???
==76077==    by 0x6A733D7: ???
==76077==    by 0x4: ???
==76077==    by 0x2: ???
==76077==    by 0x6A7751F: ???
==76077==    by 0x8000000000000000: ???
==76077==    by 0x4: ???
==76077==    by 0x50: ???
==76077== 
==76077== 4 bytes in 1 blocks are indirectly lost in loss record 195 of 850
==76077==    at 0x484D953: calloc (in /usr/libexec/valgrind/vgpreload_memcheck-amd64-linux.so)
==76077==    by 0x723DE9: __mn_alloc (in /mnt/c/Users/Juan/Documents/GitHub/Mapanare/mapanare/self/mnc-stage1)
==76077==    by 0x7249CE: __mn_str_concat (in /mnt/c/Users/Juan/Documents/GitHub/Mapanare/mapanare/self/mnc-stage1)
==76077==    by 0x41FA94: lexer__scan_ident (in /mnt/c/Users/Juan/Documents/GitHub/Mapanare/mapanare/self/mnc-stage1)
==76077==    by 0x6A8087F: ???
==76077==    by 0x8000000000000001: ???
==76077==    by 0x6A733D7: ???
==76077==    by 0x4: ???
==76077==    by 0x9: ???
==76077==    by 0x6A7751F: ???
==76077==    by 0x8000000000000000: ???
==76077==    by 0x4: ???
==76077==    by 0xA7: ???
==76077== 
==76077== 4 bytes in 1 blocks are indirectly lost in loss record 196 of 850
==76077==    at 0x484D953: calloc (in /usr/libexec/valgrind/vgpreload_memcheck-amd64-linux.so)
==76077==    by 0x723DE9: __mn_alloc (in /mnt/c/Users/Juan/Documents/GitHub/Mapanare/mapanare/self/mnc-stage1)
==76077==    by 0x7249CE: __mn_str_concat (in /mnt/c/Users/Juan/Documents/GitHub/Mapanare/mapanare/self/mnc-stage1)
==76077==    by 0x41FA94: lexer__scan_ident (in /mnt/c/Users/Juan/Documents/GitHub/Mapanare/mapanare/self/mnc-stage1)
==76077==    by 0x6A8320F: ???
==76077==    by 0x8000000000000001: ???
==76077==    by 0x6A733D7: ???
==76077==    by 0x4: ???
==76077==    by 0xB: ???
==76077==    by 0x6A7751F: ???
==76077==    by 0x8000000000000000: ???
==76077==    by 0x4: ???
==76077==    by 0xE3: ???
==76077== 
==76077== 4 bytes in 2 blocks are indirectly lost in loss record 197 of 850
==76077==    at 0x484D953: calloc (in /usr/libexec/valgrind/vgpreload_memcheck-amd64-linux.so)
==76077==    by 0x723DE9: __mn_alloc (in /mnt/c/Users/Juan/Documents/GitHub/Mapanare/mapanare/self/mnc-stage1)
==76077==    by 0x7245AB: __mn_str_from_parts (in /mnt/c/Users/Juan/Documents/GitHub/Mapanare/mapanare/self/mnc-stage1)
==76077==    by 0x4208EB: lexer__scan_string (in /mnt/c/Users/Juan/Documents/GitHub/Mapanare/mapanare/self/mnc-stage1)
==76077== 
==76077== 4 bytes in 1 blocks are definitely lost in loss record 198 of 850
==76077==    at 0x484D953: calloc (in /usr/libexec/valgrind/vgpreload_memcheck-amd64-linux.so)
==76077==    by 0x723DE9: __mn_alloc (in /mnt/c/Users/Juan/Documents/GitHub/Mapanare/mapanare/self/mnc-stage1)
==76077==    by 0x7249CE: __mn_str_concat (in /mnt/c/Users/Juan/Documents/GitHub/Mapanare/mapanare/self/mnc-stage1)
==76077==    by 0x41FA94: lexer__scan_ident (in /mnt/c/Users/Juan/Documents/GitHub/Mapanare/mapanare/self/mnc-stage1)
==76077==    by 0x6A77CEF: ???
==76077==    by 0x8000000000000001: ???
==76077==    by 0x6A733D7: ???
==76077==    by 0x3: ???
==76077== 
==76077== 4 bytes in 1 blocks are definitely lost in loss record 199 of 850
==76077==    at 0x484D953: calloc (in /usr/libexec/valgrind/vgpreload_memcheck-amd64-linux.so)
==76077==    by 0x723DE9: __mn_alloc (in /mnt/c/Users/Juan/Documents/GitHub/Mapanare/mapanare/self/mnc-stage1)
==76077==    by 0x7249CE: __mn_str_concat (in /mnt/c/Users/Juan/Documents/GitHub/Mapanare/mapanare/self/mnc-stage1)
==76077==    by 0x41FA94: lexer__scan_ident (in /mnt/c/Users/Juan/Documents/GitHub/Mapanare/mapanare/self/mnc-stage1)
==76077==    by 0x6A787DF: ???
==76077==    by 0x8000000000000001: ???
==76077==    by 0x6A733D7: ???
==76077==    by 0x11: ???
==76077== 
==76077== 4 bytes in 1 blocks are definitely lost in loss record 200 of 850
==76077==    at 0x484D953: calloc (in /usr/libexec/valgrind/vgpreload_memcheck-amd64-linux.so)
==76077==    by 0x723DE9: __mn_alloc (in /mnt/c/Users/Juan/Documents/GitHub/Mapanare/mapanare/self/mnc-stage1)
==76077==    by 0x7249CE: __mn_str_concat (in /mnt/c/Users/Juan/Documents/GitHub/Mapanare/mapanare/self/mnc-stage1)
==76077==    by 0x41FA94: lexer__scan_ident (in /mnt/c/Users/Juan/Documents/GitHub/Mapanare/mapanare/self/mnc-stage1)
==76077==    by 0x6A79A3F: ???
==76077==    by 0x8000000000000001: ???
==76077==    by 0x6A733D7: ???
==76077==    by 0x24: ???
==76077== 
==76077== 4 bytes in 1 blocks are definitely lost in loss record 201 of 850
==76077==    at 0x484D953: calloc (in /usr/libexec/valgrind/vgpreload_memcheck-amd64-linux.so)
==76077==    by 0x723DE9: __mn_alloc (in /mnt/c/Users/Juan/Documents/GitHub/Mapanare/mapanare/self/mnc-stage1)
==76077==    by 0x7249CE: __mn_str_concat (in /mnt/c/Users/Juan/Documents/GitHub/Mapanare/mapanare/self/mnc-stage1)
==76077==    by 0x41FA94: lexer__scan_ident (in /mnt/c/Users/Juan/Documents/GitHub/Mapanare/mapanare/self/mnc-stage1)
==76077==    by 0x6A7A7FF: ???
==76077==    by 0x8000000000000001: ???
==76077==    by 0x6A733D7: ???
==76077==    by 0xC: ???
==76077==    by 0x1: ???
==76077==    by 0x6A7751F: ???
==76077==    by 0x8000000000000000: ???
==76077==    by 0xC: ???
==76077==    by 0x38: ???
==76077== 
==76077== 4 bytes in 1 blocks are definitely lost in loss record 202 of 850
==76077==    at 0x484D953: calloc (in /usr/libexec/valgrind/vgpreload_memcheck-amd64-linux.so)
==76077==    by 0x723DE9: __mn_alloc (in /mnt/c/Users/Juan/Documents/GitHub/Mapanare/mapanare/self/mnc-stage1)
==76077==    by 0x7249CE: __mn_str_concat (in /mnt/c/Users/Juan/Documents/GitHub/Mapanare/mapanare/self/mnc-stage1)
==76077==    by 0x41FA94: lexer__scan_ident (in /mnt/c/Users/Juan/Documents/GitHub/Mapanare/mapanare/self/mnc-stage1)
==76077==    by 0x6A7B63F: ???
==76077==    by 0x8000000000000001: ???
==76077==    by 0x6A733D7: ???
==76077==    by 0x14: ???
==76077==    by 0x1: ???
==76077==    by 0x6A7751F: ???
==76077==    by 0x8000000000000000: ???
==76077==    by 0x14: ???
==76077==    by 0x40: ???
==76077== 
==76077== 4 bytes in 1 blocks are definitely lost in loss record 203 of 850
==76077==    at 0x484D953: calloc (in /usr/libexec/valgrind/vgpreload_memcheck-amd64-linux.so)
==76077==    by 0x723DE9: __mn_alloc (in /mnt/c/Users/Juan/Documents/GitHub/Mapanare/mapanare/self/mnc-stage1)
==76077==    by 0x7249CE: __mn_str_concat (in /mnt/c/Users/Juan/Documents/GitHub/Mapanare/mapanare/self/mnc-stage1)
==76077==    by 0x41FA94: lexer__scan_ident (in /mnt/c/Users/Juan/Documents/GitHub/Mapanare/mapanare/self/mnc-stage1)
==76077==    by 0x6A7CFDF: ???
==76077==    by 0x8000000000000001: ???
==76077==    by 0x6A733D7: ???
==76077==    by 0x8: ???
==76077==    by 0x3: ???
==76077==    by 0x6A7751F: ???
==76077==    by 0x8000000000000000: ???
==76077==    by 0x8: ???
==76077==    by 0x68: ???
==76077== 
==76077== 4 bytes in 1 blocks are definitely lost in loss record 204 of 850
==76077==    at 0x484D953: calloc (in /usr/libexec/valgrind/vgpreload_memcheck-amd64-linux.so)
==76077==    by 0x723DE9: __mn_alloc (in /mnt/c/Users/Juan/Documents/GitHub/Mapanare/mapanare/self/mnc-stage1)
==76077==    by 0x7249CE: __mn_str_concat (in /mnt/c/Users/Juan/Documents/GitHub/Mapanare/mapanare/self/mnc-stage1)
==76077==    by 0x41FA94: lexer__scan_ident (in /mnt/c/Users/Juan/Documents/GitHub/Mapanare/mapanare/self/mnc-stage1)
==76077==    by 0x6A7D61F: ???
==76077==    by 0x8000000000000001: ???
==76077==    by 0x6A733D7: ???
==76077==    by 0x11: ???
==76077==    by 0x3: ???
==76077==    by 0x6A7751F: ???
==76077==    by 0x8000000000000000: ???
==76077==    by 0x11: ???
==76077==    by 0x71: ???
==76077== 
==76077== 4 bytes in 1 blocks are definitely lost in loss record 205 of 850
==76077==    at 0x484D953: calloc (in /usr/libexec/valgrind/vgpreload_memcheck-amd64-linux.so)
==76077==    by 0x723DE9: __mn_alloc (in /mnt/c/Users/Juan/Documents/GitHub/Mapanare/mapanare/self/mnc-stage1)
==76077==    by 0x7249CE: __mn_str_concat (in /mnt/c/Users/Juan/Documents/GitHub/Mapanare/mapanare/self/mnc-stage1)
==76077==    by 0x41FA94: lexer__scan_ident (in /mnt/c/Users/Juan/Documents/GitHub/Mapanare/mapanare/self/mnc-stage1)
==76077==    by 0x6A7F24F: ???
==76077==    by 0x8000000000000001: ???
==76077==    by 0x6A733D7: ???
==76077==    by 0x4: ???
==76077==    by 0x5: ???
==76077==    by 0x6A7751F: ???
==76077==    by 0x8000000000000000: ???
==76077==    by 0x4: ???
==76077==    by 0x86: ???
==76077== 
==76077== 4 bytes in 1 blocks are definitely lost in loss record 206 of 850
==76077==    at 0x484D953: calloc (in /usr/libexec/valgrind/vgpreload_memcheck-amd64-linux.so)
==76077==    by 0x723DE9: __mn_alloc (in /mnt/c/Users/Juan/Documents/GitHub/Mapanare/mapanare/self/mnc-stage1)
==76077==    by 0x7249CE: __mn_str_concat (in /mnt/c/Users/Juan/Documents/GitHub/Mapanare/mapanare/self/mnc-stage1)
==76077==    by 0x41FA94: lexer__scan_ident (in /mnt/c/Users/Juan/Documents/GitHub/Mapanare/mapanare/self/mnc-stage1)
==76077==    by 0x6A7F74F: ???
==76077==    by 0x8000000000000001: ???
==76077==    by 0x6A733D7: ???
==76077==    by 0xB: ???
==76077==    by 0x5: ???
==76077==    by 0x6A7751F: ???
==76077==    by 0x8000000000000000: ???
==76077==    by 0xB: ???
==76077==    by 0x8D: ???
==76077== 
==76077== 4 bytes in 1 blocks are definitely lost in loss record 207 of 850
==76077==    at 0x484D953: calloc (in /usr/libexec/valgrind/vgpreload_memcheck-amd64-linux.so)
==76077==    by 0x723DE9: __mn_alloc (in /mnt/c/Users/Juan/Documents/GitHub/Mapanare/mapanare/self/mnc-stage1)
==76077==    by 0x7249CE: __mn_str_concat (in /mnt/c/Users/Juan/Documents/GitHub/Mapanare/mapanare/self/mnc-stage1)
==76077==    by 0x41FA94: lexer__scan_ident (in /mnt/c/Users/Juan/Documents/GitHub/Mapanare/mapanare/self/mnc-stage1)
==76077==    by 0x6A8005F: ???
==76077==    by 0x8000000000000001: ???
==76077==    by 0x6A733D7: ???
==76077==    by 0x3: ???
==76077==    by 0x8: ???
==76077==    by 0x6A7751F: ???
==76077==    by 0x8000000000000000: ???
==76077==    by 0x3: ???
==76077==    by 0x9A: ???
==76077== 
==76077== 4 bytes in 1 blocks are definitely lost in loss record 208 of 850
==76077==    at 0x484D953: calloc (in /usr/libexec/valgrind/vgpreload_memcheck-amd64-linux.so)
==76077==    by 0x723DE9: __mn_alloc (in /mnt/c/Users/Juan/Documents/GitHub/Mapanare/mapanare/self/mnc-stage1)
==76077==    by 0x7249CE: __mn_str_concat (in /mnt/c/Users/Juan/Documents/GitHub/Mapanare/mapanare/self/mnc-stage1)
==76077==    by 0x41FA94: lexer__scan_ident (in /mnt/c/Users/Juan/Documents/GitHub/Mapanare/mapanare/self/mnc-stage1)
==76077==    by 0x6A80B9F: ???
==76077==    by 0x8000000000000001: ???
==76077==    by 0x6A733D7: ???
==76077==    by 0x8: ???
==76077==    by 0x9: ???
==76077==    by 0x6A7751F: ???
==76077==    by 0x8000000000000000: ???
==76077==    by 0x8: ???
==76077==    by 0xAB: ???
==76077== 
==76077== 4 bytes in 1 blocks are definitely lost in loss record 209 of 850
==76077==    at 0x484D953: calloc (in /usr/libexec/valgrind/vgpreload_memcheck-amd64-linux.so)
==76077==    by 0x723DE9: __mn_alloc (in /mnt/c/Users/Juan/Documents/GitHub/Mapanare/mapanare/self/mnc-stage1)
==76077==    by 0x7249CE: __mn_str_concat (in /mnt/c/Users/Juan/Documents/GitHub/Mapanare/mapanare/self/mnc-stage1)
==76077==    by 0x41FA94: lexer__scan_ident (in /mnt/c/Users/Juan/Documents/GitHub/Mapanare/mapanare/self/mnc-stage1)
==76077==    by 0x6A810EF: ???
==76077==    by 0x8000000000000001: ???
==76077==    by 0x6A733D7: ???
==76077==    by 0xF: ???
==76077==    by 0x9: ???
==76077==    by 0x6A7751F: ???
==76077==    by 0x8000000000000000: ???
==76077==    by 0xF: ???
==76077==    by 0xB2: ???
==76077== 
==76077== 4 bytes in 1 blocks are definitely lost in loss record 210 of 850
==76077==    at 0x484D953: calloc (in /usr/libexec/valgrind/vgpreload_memcheck-amd64-linux.so)
==76077==    by 0x723DE9: __mn_alloc (in /mnt/c/Users/Juan/Documents/GitHub/Mapanare/mapanare/self/mnc-stage1)
==76077==    by 0x7249CE: __mn_str_concat (in /mnt/c/Users/Juan/Documents/GitHub/Mapanare/mapanare/self/mnc-stage1)
==76077==    by 0x41FA94: lexer__scan_ident (in /mnt/c/Users/Juan/Documents/GitHub/Mapanare/mapanare/self/mnc-stage1)
==76077==    by 0x6A8172F: ???
==76077==    by 0x8000000000000001: ???
==76077==    by 0x6A733D7: ???
==76077==    by 0x18: ???
==76077==    by 0x9: ???
==76077==    by 0x6A7751F: ???
==76077==    by 0x8000000000000000: ???
==76077==    by 0x18: ???
==76077==    by 0xBB: ???
==76077== 
==76077== 4 bytes in 1 blocks are definitely lost in loss record 211 of 850
==76077==    at 0x484D953: calloc (in /usr/libexec/valgrind/vgpreload_memcheck-amd64-linux.so)
==76077==    by 0x723DE9: __mn_alloc (in /mnt/c/Users/Juan/Documents/GitHub/Mapanare/mapanare/self/mnc-stage1)
==76077==    by 0x7249CE: __mn_str_concat (in /mnt/c/Users/Juan/Documents/GitHub/Mapanare/mapanare/self/mnc-stage1)
==76077==    by 0x41FA94: lexer__scan_ident (in /mnt/c/Users/Juan/Documents/GitHub/Mapanare/mapanare/self/mnc-stage1)
==76077==    by 0x6A8267F: ???
==76077==    by 0x8000000000000001: ???
==76077==    by 0x6A733D7: ???
==76077==    by 0x4: ???
==76077==    by 0xA: ???
==76077==    by 0x6A7751F: ???
==76077==    by 0x8000000000000000: ???
==76077==    by 0x4: ???
==76077==    by 0xD2: ???
==76077== 
==76077== 4 bytes in 1 blocks are definitely lost in loss record 212 of 850
==76077==    at 0x484D953: calloc (in /usr/libexec/valgrind/vgpreload_memcheck-amd64-linux.so)
==76077==    by 0x723DE9: __mn_alloc (in /mnt/c/Users/Juan/Documents/GitHub/Mapanare/mapanare/self/mnc-stage1)
==76077==    by 0x7249CE: __mn_str_concat (in /mnt/c/Users/Juan/Documents/GitHub/Mapanare/mapanare/self/mnc-stage1)
==76077==    by 0x41FA94: lexer__scan_ident (in /mnt/c/Users/Juan/Documents/GitHub/Mapanare/mapanare/self/mnc-stage1)
==76077==    by 0x6A82B7F: ???
==76077==    by 0x8000000000000001: ???
==76077==    by 0x6A733D7: ???
==76077==    by 0xA: ???
==76077==    by 0xA: ???
==76077==    by 0x6A7751F: ???
==76077==    by 0x8000000000000000: ???
==76077==    by 0xA: ???
==76077==    by 0xD8: ???
==76077== 
==76077== 4 bytes in 1 blocks are definitely lost in loss record 213 of 850
==76077==    at 0x484D953: calloc (in /usr/libexec/valgrind/vgpreload_memcheck-amd64-linux.so)
==76077==    by 0x723DE9: __mn_alloc (in /mnt/c/Users/Juan/Documents/GitHub/Mapanare/mapanare/self/mnc-stage1)
==76077==    by 0x7249CE: __mn_str_concat (in /mnt/c/Users/Juan/Documents/GitHub/Mapanare/mapanare/self/mnc-stage1)
==76077==    by 0x41FA94: lexer__scan_ident (in /mnt/c/Users/Juan/Documents/GitHub/Mapanare/mapanare/self/mnc-stage1)
==76077==    by 0x6A8352F: ???
==76077==    by 0x8000000000000001: ???
==76077==    by 0x6A733D7: ???
==76077==    by 0x8: ???
==76077==    by 0xB: ???
==76077==    by 0x6A7751F: ???
==76077==    by 0x8000000000000000: ???
==76077==    by 0x8: ???
==76077==    by 0xE7: ???
==76077== 
==76077== 4 bytes in 1 blocks are definitely lost in loss record 214 of 850
==76077==    at 0x484D953: calloc (in /usr/libexec/valgrind/vgpreload_memcheck-amd64-linux.so)
==76077==    by 0x723DE9: __mn_alloc (in /mnt/c/Users/Juan/Documents/GitHub/Mapanare/mapanare/self/mnc-stage1)
==76077==    by 0x7249CE: __mn_str_concat (in /mnt/c/Users/Juan/Documents/GitHub/Mapanare/mapanare/self/mnc-stage1)
==76077==    by 0x41FA94: lexer__scan_ident (in /mnt/c/Users/Juan/Documents/GitHub/Mapanare/mapanare/self/mnc-stage1)
==76077==    by 0x6A83B1F: ???
==76077==    by 0x8000000000000001: ???
==76077==    by 0x6A733D7: ???
==76077==    by 0x10: ???
==76077==    by 0xB: ???
==76077==    by 0x6A7751F: ???
==76077==    by 0x8000000000000000: ???
==76077==    by 0x10: ???
==76077==    by 0xEF: ???
==76077== 
==76077== 4 bytes in 1 blocks are definitely lost in loss record 215 of 850
==76077==    at 0x484D953: calloc (in /usr/libexec/valgrind/vgpreload_memcheck-amd64-linux.so)
==76077==    by 0x723DE9: __mn_alloc (in /mnt/c/Users/Juan/Documents/GitHub/Mapanare/mapanare/self/mnc-stage1)
==76077==    by 0x7249CE: __mn_str_concat (in /mnt/c/Users/Juan/Documents/GitHub/Mapanare/mapanare/self/mnc-stage1)
==76077==    by 0x41FA94: lexer__scan_ident (in /mnt/c/Users/Juan/Documents/GitHub/Mapanare/mapanare/self/mnc-stage1)
==76077==    by 0x6A8415F: ???
==76077==    by 0x8000000000000001: ???
==76077==    by 0x6A733D7: ???
==76077==    by 0x19: ???
==76077==    by 0xB: ???
==76077==    by 0x6A7751F: ???
==76077==    by 0x8000000000000000: ???
==76077==    by 0x19: ???
==76077==    by 0xF8: ???
==76077== 
==76077== 4 bytes in 1 blocks are definitely lost in loss record 216 of 850
==76077==    at 0x484D953: calloc (in /usr/libexec/valgrind/vgpreload_memcheck-amd64-linux.so)
==76077==    by 0x723DE9: __mn_alloc (in /mnt/c/Users/Juan/Documents/GitHub/Mapanare/mapanare/self/mnc-stage1)
==76077==    by 0x7249CE: __mn_str_concat (in /mnt/c/Users/Juan/Documents/GitHub/Mapanare/mapanare/self/mnc-stage1)
==76077==    by 0x41FA94: lexer__scan_ident (in /mnt/c/Users/Juan/Documents/GitHub/Mapanare/mapanare/self/mnc-stage1)
==76077==    by 0x6A870FF: ???
==76077==    by 0x8000000000000001: ???
==76077==    by 0x6A733D7: ???
==76077==    by 0x4: ???
==76077==    by 0xC: ???
==76077==    by 0x6A7751F: ???
==76077==    by 0x8000000000000000: ???
==76077==    by 0x4: ???
==76077==    by 0x10F: ???
==76077== 
==76077== 4 bytes in 1 blocks are definitely lost in loss record 217 of 850
==76077==    at 0x484D953: calloc (in /usr/libexec/valgrind/vgpreload_memcheck-amd64-linux.so)
==76077==    by 0x723DE9: __mn_alloc (in /mnt/c/Users/Juan/Documents/GitHub/Mapanare/mapanare/self/mnc-stage1)
==76077==    by 0x7249CE: __mn_str_concat (in /mnt/c/Users/Juan/Documents/GitHub/Mapanare/mapanare/self/mnc-stage1)
==76077==    by 0x41FA94: lexer__scan_ident (in /mnt/c/Users/Juan/Documents/GitHub/Mapanare/mapanare/self/mnc-stage1)
==76077==    by 0x6A875FF: ???
==76077==    by 0x8000000000000001: ???
==76077==    by 0x6A733D7: ???
==76077==    by 0xA: ???
==76077==    by 0xC: ???
==76077==    by 0x6A7751F: ???
==76077==    by 0x8000000000000000: ???
==76077==    by 0xA: ???
==76077==    by 0x115: ???
==76077== 
==76077== 4 bytes in 1 blocks are definitely lost in loss record 218 of 850
==76077==    at 0x484D953: calloc (in /usr/libexec/valgrind/vgpreload_memcheck-amd64-linux.so)
==76077==    by 0x723DE9: __mn_alloc (in /mnt/c/Users/Juan/Documents/GitHub/Mapanare/mapanare/self/mnc-stage1)
==76077==    by 0x7245AB: __mn_str_from_parts (in /mnt/c/Users/Juan/Documents/GitHub/Mapanare/mapanare/self/mnc-stage1)
==76077==    by 0x413E5E: file_extension (in /mnt/c/Users/Juan/Documents/GitHub/Mapanare/mapanare/self/mnc-stage1)
==76077==    by 0x8000000000000013: ???
==76077== 
==76077== 4 bytes in 2 blocks are definitely lost in loss record 219 of 850
==76077==    at 0x484D953: calloc (in /usr/libexec/valgrind/vgpreload_memcheck-amd64-linux.so)
==76077==    by 0x723DE9: __mn_alloc (in /mnt/c/Users/Juan/Documents/GitHub/Mapanare/mapanare/self/mnc-stage1)
==76077==    by 0x7245AB: __mn_str_from_parts (in /mnt/c/Users/Juan/Documents/GitHub/Mapanare/mapanare/self/mnc-stage1)
==76077==    by 0x42094C: lexer__scan_string (in /mnt/c/Users/Juan/Documents/GitHub/Mapanare/mapanare/self/mnc-stage1)
==76077== 
==76077== 4 bytes in 2 blocks are definitely lost in loss record 220 of 850
==76077==    at 0x484D953: calloc (in /usr/libexec/valgrind/vgpreload_memcheck-amd64-linux.so)
==76077==    by 0x723DE9: __mn_alloc (in /mnt/c/Users/Juan/Documents/GitHub/Mapanare/mapanare/self/mnc-stage1)
==76077==    by 0x7245AB: __mn_str_from_parts (in /mnt/c/Users/Juan/Documents/GitHub/Mapanare/mapanare/self/mnc-stage1)
==76077==    by 0x413E27: file_extension (in /mnt/c/Users/Juan/Documents/GitHub/Mapanare/mapanare/self/mnc-stage1)
==76077==    by 0x8000000000000013: ???
==76077== 
==76077== 5 bytes in 1 blocks are indirectly lost in loss record 221 of 850
==76077==    at 0x484D953: calloc (in /usr/libexec/valgrind/vgpreload_memcheck-amd64-linux.so)
==76077==    by 0x723DE9: __mn_alloc (in /mnt/c/Users/Juan/Documents/GitHub/Mapanare/mapanare/self/mnc-stage1)
==76077==    by 0x7249CE: __mn_str_concat (in /mnt/c/Users/Juan/Documents/GitHub/Mapanare/mapanare/self/mnc-stage1)
==76077==    by 0x41FA94: lexer__scan_ident (in /mnt/c/Users/Juan/Documents/GitHub/Mapanare/mapanare/self/mnc-stage1)
==76077==    by 0x6A800FF: ???
==76077==    by 0x8000000000000002: ???
==76077==    by 0x6A733D7: ???
==76077==    by 0x3: ???
==76077==    by 0x8: ???
==76077==    by 0x6A7751F: ???
==76077==    by 0x8000000000000000: ???
==76077==    by 0x3: ???
==76077==    by 0x9A: ???
==76077== 
==76077== 5 bytes in 1 blocks are definitely lost in loss record 222 of 850
==76077==    at 0x484D953: calloc (in /usr/libexec/valgrind/vgpreload_memcheck-amd64-linux.so)
==76077==    by 0x723DE9: __mn_alloc (in /mnt/c/Users/Juan/Documents/GitHub/Mapanare/mapanare/self/mnc-stage1)
==76077==    by 0x7249CE: __mn_str_concat (in /mnt/c/Users/Juan/Documents/GitHub/Mapanare/mapanare/self/mnc-stage1)
==76077==    by 0x41FA94: lexer__scan_ident (in /mnt/c/Users/Juan/Documents/GitHub/Mapanare/mapanare/self/mnc-stage1)
==76077==    by 0x6A77D8F: ???
==76077==    by 0x8000000000000002: ???
==76077==    by 0x6A733D7: ???
==76077==    by 0x3: ???
==76077== 
==76077== 5 bytes in 1 blocks are definitely lost in loss record 223 of 850
==76077==    at 0x484D953: calloc (in /usr/libexec/valgrind/vgpreload_memcheck-amd64-linux.so)
==76077==    by 0x723DE9: __mn_alloc (in /mnt/c/Users/Juan/Documents/GitHub/Mapanare/mapanare/self/mnc-stage1)
==76077==    by 0x7249CE: __mn_str_concat (in /mnt/c/Users/Juan/Documents/GitHub/Mapanare/mapanare/self/mnc-stage1)
==76077==    by 0x41FA94: lexer__scan_ident (in /mnt/c/Users/Juan/Documents/GitHub/Mapanare/mapanare/self/mnc-stage1)
==76077==    by 0x6A7887F: ???
==76077==    by 0x8000000000000002: ???
==76077==    by 0x6A733D7: ???
==76077==    by 0x11: ???
==76077== 
==76077== 5 bytes in 1 blocks are definitely lost in loss record 224 of 850
==76077==    at 0x484D953: calloc (in /usr/libexec/valgrind/vgpreload_memcheck-amd64-linux.so)
==76077==    by 0x723DE9: __mn_alloc (in /mnt/c/Users/Juan/Documents/GitHub/Mapanare/mapanare/self/mnc-stage1)
==76077==    by 0x7249CE: __mn_str_concat (in /mnt/c/Users/Juan/Documents/GitHub/Mapanare/mapanare/self/mnc-stage1)
==76077==    by 0x41FA94: lexer__scan_ident (in /mnt/c/Users/Juan/Documents/GitHub/Mapanare/mapanare/self/mnc-stage1)
==76077==    by 0x6A79ADF: ???
==76077==    by 0x8000000000000002: ???
==76077==    by 0x6A733D7: ???
==76077==    by 0x24: ???
==76077== 
==76077== 5 bytes in 1 blocks are definitely lost in loss record 225 of 850
==76077==    at 0x484D953: calloc (in /usr/libexec/valgrind/vgpreload_memcheck-amd64-linux.so)
==76077==    by 0x723DE9: __mn_alloc (in /mnt/c/Users/Juan/Documents/GitHub/Mapanare/mapanare/self/mnc-stage1)
==76077==    by 0x7249CE: __mn_str_concat (in /mnt/c/Users/Juan/Documents/GitHub/Mapanare/mapanare/self/mnc-stage1)
==76077==    by 0x41FA94: lexer__scan_ident (in /mnt/c/Users/Juan/Documents/GitHub/Mapanare/mapanare/self/mnc-stage1)
==76077==    by 0x6A7A89F: ???
==76077==    by 0x8000000000000002: ???
==76077==    by 0x6A733D7: ???
==76077==    by 0xC: ???
==76077==    by 0x1: ???
==76077==    by 0x6A7751F: ???
==76077==    by 0x8000000000000000: ???
==76077==    by 0xC: ???
==76077==    by 0x38: ???
==76077== 
==76077== 5 bytes in 1 blocks are definitely lost in loss record 226 of 850
==76077==    at 0x484D953: calloc (in /usr/libexec/valgrind/vgpreload_memcheck-amd64-linux.so)
==76077==    by 0x723DE9: __mn_alloc (in /mnt/c/Users/Juan/Documents/GitHub/Mapanare/mapanare/self/mnc-stage1)
==76077==    by 0x7249CE: __mn_str_concat (in /mnt/c/Users/Juan/Documents/GitHub/Mapanare/mapanare/self/mnc-stage1)
==76077==    by 0x41FA94: lexer__scan_ident (in /mnt/c/Users/Juan/Documents/GitHub/Mapanare/mapanare/self/mnc-stage1)
==76077==    by 0x6A7B6DF: ???
==76077==    by 0x8000000000000002: ???
==76077==    by 0x6A733D7: ???
==76077==    by 0x14: ???
==76077==    by 0x1: ???
==76077==    by 0x6A7751F: ???
==76077==    by 0x8000000000000000: ???
==76077==    by 0x14: ???
==76077==    by 0x40: ???
==76077== 
==76077== 5 bytes in 1 blocks are definitely lost in loss record 227 of 850
==76077==    at 0x484D953: calloc (in /usr/libexec/valgrind/vgpreload_memcheck-amd64-linux.so)
==76077==    by 0x723DE9: __mn_alloc (in /mnt/c/Users/Juan/Documents/GitHub/Mapanare/mapanare/self/mnc-stage1)
==76077==    by 0x7249CE: __mn_str_concat (in /mnt/c/Users/Juan/Documents/GitHub/Mapanare/mapanare/self/mnc-stage1)
==76077==    by 0x41FA94: lexer__scan_ident (in /mnt/c/Users/Juan/Documents/GitHub/Mapanare/mapanare/self/mnc-stage1)
==76077==    by 0x6A7D07F: ???
==76077==    by 0x8000000000000002: ???
==76077==    by 0x6A733D7: ???
==76077==    by 0x8: ???
==76077==    by 0x3: ???
==76077==    by 0x6A7751F: ???
==76077==    by 0x8000000000000000: ???
==76077==    by 0x8: ???
==76077==    by 0x68: ???
==76077== 
==76077== 5 bytes in 1 blocks are definitely lost in loss record 228 of 850
==76077==    at 0x484D953: calloc (in /usr/libexec/valgrind/vgpreload_memcheck-amd64-linux.so)
==76077==    by 0x723DE9: __mn_alloc (in /mnt/c/Users/Juan/Documents/GitHub/Mapanare/mapanare/self/mnc-stage1)
==76077==    by 0x7249CE: __mn_str_concat (in /mnt/c/Users/Juan/Documents/GitHub/Mapanare/mapanare/self/mnc-stage1)
==76077==    by 0x41FA94: lexer__scan_ident (in /mnt/c/Users/Juan/Documents/GitHub/Mapanare/mapanare/self/mnc-stage1)
==76077==    by 0x6A7D6BF: ???
==76077==    by 0x8000000000000002: ???
==76077==    by 0x6A733D7: ???
==76077==    by 0x11: ???
==76077==    by 0x3: ???
==76077==    by 0x6A7751F: ???
==76077==    by 0x8000000000000000: ???
==76077==    by 0x11: ???
==76077==    by 0x71: ???
==76077== 
==76077== 5 bytes in 1 blocks are definitely lost in loss record 229 of 850
==76077==    at 0x484D953: calloc (in /usr/libexec/valgrind/vgpreload_memcheck-amd64-linux.so)
==76077==    by 0x723DE9: __mn_alloc (in /mnt/c/Users/Juan/Documents/GitHub/Mapanare/mapanare/self/mnc-stage1)
==76077==    by 0x7249CE: __mn_str_concat (in /mnt/c/Users/Juan/Documents/GitHub/Mapanare/mapanare/self/mnc-stage1)
==76077==    by 0x41FA94: lexer__scan_ident (in /mnt/c/Users/Juan/Documents/GitHub/Mapanare/mapanare/self/mnc-stage1)
==76077==    by 0x6A7F2EF: ???
==76077==    by 0x8000000000000002: ???
==76077==    by 0x6A733D7: ???
==76077==    by 0x4: ???
==76077==    by 0x5: ???
==76077==    by 0x6A7751F: ???
==76077==    by 0x8000000000000000: ???
==76077==    by 0x4: ???
==76077==    by 0x86: ???
==76077== 
==76077== 5 bytes in 1 blocks are definitely lost in loss record 230 of 850
==76077==    at 0x484D953: calloc (in /usr/libexec/valgrind/vgpreload_memcheck-amd64-linux.so)
==76077==    by 0x723DE9: __mn_alloc (in /mnt/c/Users/Juan/Documents/GitHub/Mapanare/mapanare/self/mnc-stage1)
==76077==    by 0x7249CE: __mn_str_concat (in /mnt/c/Users/Juan/Documents/GitHub/Mapanare/mapanare/self/mnc-stage1)
==76077==    by 0x41FA94: lexer__scan_ident (in /mnt/c/Users/Juan/Documents/GitHub/Mapanare/mapanare/self/mnc-stage1)
==76077==    by 0x6A7F7EF: ???
==76077==    by 0x8000000000000002: ???
==76077==    by 0x6A733D7: ???
==76077==    by 0xB: ???
==76077==    by 0x5: ???
==76077==    by 0x6A7751F: ???
==76077==    by 0x8000000000000000: ???
==76077==    by 0xB: ???
==76077==    by 0x8D: ???
==76077== 
==76077== 5 bytes in 1 blocks are definitely lost in loss record 231 of 850
==76077==    at 0x484D953: calloc (in /usr/libexec/valgrind/vgpreload_memcheck-amd64-linux.so)
==76077==    by 0x723DE9: __mn_alloc (in /mnt/c/Users/Juan/Documents/GitHub/Mapanare/mapanare/self/mnc-stage1)
==76077==    by 0x7249CE: __mn_str_concat (in /mnt/c/Users/Juan/Documents/GitHub/Mapanare/mapanare/self/mnc-stage1)
==76077==    by 0x41FA94: lexer__scan_ident (in /mnt/c/Users/Juan/Documents/GitHub/Mapanare/mapanare/self/mnc-stage1)
==76077==    by 0x6A80C3F: ???
==76077==    by 0x8000000000000002: ???
==76077==    by 0x6A733D7: ???
==76077==    by 0x8: ???
==76077==    by 0x9: ???
==76077==    by 0x6A7751F: ???
==76077==    by 0x8000000000000000: ???
==76077==    by 0x8: ???
==76077==    by 0xAB: ???
==76077== 
==76077== 5 bytes in 1 blocks are definitely lost in loss record 232 of 850
==76077==    at 0x484D953: calloc (in /usr/libexec/valgrind/vgpreload_memcheck-amd64-linux.so)
==76077==    by 0x723DE9: __mn_alloc (in /mnt/c/Users/Juan/Documents/GitHub/Mapanare/mapanare/self/mnc-stage1)
==76077==    by 0x7249CE: __mn_str_concat (in /mnt/c/Users/Juan/Documents/GitHub/Mapanare/mapanare/self/mnc-stage1)
==76077==    by 0x41FA94: lexer__scan_ident (in /mnt/c/Users/Juan/Documents/GitHub/Mapanare/mapanare/self/mnc-stage1)
==76077==    by 0x6A8118F: ???
==76077==    by 0x8000000000000002: ???
==76077==    by 0x6A733D7: ???
==76077==    by 0xF: ???
==76077==    by 0x9: ???
==76077==    by 0x6A7751F: ???
==76077==    by 0x8000000000000000: ???
==76077==    by 0xF: ???
==76077==    by 0xB2: ???
==76077== 
==76077== 5 bytes in 1 blocks are definitely lost in loss record 233 of 850
==76077==    at 0x484D953: calloc (in /usr/libexec/valgrind/vgpreload_memcheck-amd64-linux.so)
==76077==    by 0x723DE9: __mn_alloc (in /mnt/c/Users/Juan/Documents/GitHub/Mapanare/mapanare/self/mnc-stage1)
==76077==    by 0x7249CE: __mn_str_concat (in /mnt/c/Users/Juan/Documents/GitHub/Mapanare/mapanare/self/mnc-stage1)
==76077==    by 0x41FA94: lexer__scan_ident (in /mnt/c/Users/Juan/Documents/GitHub/Mapanare/mapanare/self/mnc-stage1)
==76077==    by 0x6A817CF: ???
==76077==    by 0x8000000000000002: ???
==76077==    by 0x6A733D7: ???
==76077==    by 0x18: ???
==76077==    by 0x9: ???
==76077==    by 0x6A7751F: ???
==76077==    by 0x8000000000000000: ???
==76077==    by 0x18: ???
==76077==    by 0xBB: ???
==76077== 
==76077== 5 bytes in 1 blocks are definitely lost in loss record 234 of 850
==76077==    at 0x484D953: calloc (in /usr/libexec/valgrind/vgpreload_memcheck-amd64-linux.so)
==76077==    by 0x723DE9: __mn_alloc (in /mnt/c/Users/Juan/Documents/GitHub/Mapanare/mapanare/self/mnc-stage1)
==76077==    by 0x7249CE: __mn_str_concat (in /mnt/c/Users/Juan/Documents/GitHub/Mapanare/mapanare/self/mnc-stage1)
==76077==    by 0x41FA94: lexer__scan_ident (in /mnt/c/Users/Juan/Documents/GitHub/Mapanare/mapanare/self/mnc-stage1)
==76077==    by 0x6A8271F: ???
==76077==    by 0x8000000000000002: ???
==76077==    by 0x6A733D7: ???
==76077==    by 0x4: ???
==76077==    by 0xA: ???
==76077==    by 0x6A7751F: ???
==76077==    by 0x8000000000000000: ???
==76077==    by 0x4: ???
==76077==    by 0xD2: ???
==76077== 
==76077== 5 bytes in 1 blocks are definitely lost in loss record 235 of 850
==76077==    at 0x484D953: calloc (in /usr/libexec/valgrind/vgpreload_memcheck-amd64-linux.so)
==76077==    by 0x723DE9: __mn_alloc (in /mnt/c/Users/Juan/Documents/GitHub/Mapanare/mapanare/self/mnc-stage1)
==76077==    by 0x7249CE: __mn_str_concat (in /mnt/c/Users/Juan/Documents/GitHub/Mapanare/mapanare/self/mnc-stage1)
==76077==    by 0x41FA94: lexer__scan_ident (in /mnt/c/Users/Juan/Documents/GitHub/Mapanare/mapanare/self/mnc-stage1)
==76077==    by 0x6A82C1F: ???
==76077==    by 0x8000000000000002: ???
==76077==    by 0x6A733D7: ???
==76077==    by 0xA: ???
==76077==    by 0xA: ???
==76077==    by 0x6A7751F: ???
==76077==    by 0x8000000000000000: ???
==76077==    by 0xA: ???
==76077==    by 0xD8: ???
==76077== 
==76077== 5 bytes in 1 blocks are definitely lost in loss record 236 of 850
==76077==    at 0x484D953: calloc (in /usr/libexec/valgrind/vgpreload_memcheck-amd64-linux.so)
==76077==    by 0x723DE9: __mn_alloc (in /mnt/c/Users/Juan/Documents/GitHub/Mapanare/mapanare/self/mnc-stage1)
==76077==    by 0x7249CE: __mn_str_concat (in /mnt/c/Users/Juan/Documents/GitHub/Mapanare/mapanare/self/mnc-stage1)
==76077==    by 0x41FA94: lexer__scan_ident (in /mnt/c/Users/Juan/Documents/GitHub/Mapanare/mapanare/self/mnc-stage1)
==76077==    by 0x6A835CF: ???
==76077==    by 0x8000000000000002: ???
==76077==    by 0x6A733D7: ???
==76077==    by 0x8: ???
==76077==    by 0xB: ???
==76077==    by 0x6A7751F: ???
==76077==    by 0x8000000000000000: ???
==76077==    by 0x8: ???
==76077==    by 0xE7: ???
==76077== 
==76077== 5 bytes in 1 blocks are definitely lost in loss record 237 of 850
==76077==    at 0x484D953: calloc (in /usr/libexec/valgrind/vgpreload_memcheck-amd64-linux.so)
==76077==    by 0x723DE9: __mn_alloc (in /mnt/c/Users/Juan/Documents/GitHub/Mapanare/mapanare/self/mnc-stage1)
==76077==    by 0x7249CE: __mn_str_concat (in /mnt/c/Users/Juan/Documents/GitHub/Mapanare/mapanare/self/mnc-stage1)
==76077==    by 0x41FA94: lexer__scan_ident (in /mnt/c/Users/Juan/Documents/GitHub/Mapanare/mapanare/self/mnc-stage1)
==76077==    by 0x6A83BBF: ???
==76077==    by 0x8000000000000002: ???
==76077==    by 0x6A733D7: ???
==76077==    by 0x10: ???
==76077==    by 0xB: ???
==76077==    by 0x6A7751F: ???
==76077==    by 0x8000000000000000: ???
==76077==    by 0x10: ???
==76077==    by 0xEF: ???
==76077== 
==76077== 5 bytes in 1 blocks are definitely lost in loss record 238 of 850
==76077==    at 0x484D953: calloc (in /usr/libexec/valgrind/vgpreload_memcheck-amd64-linux.so)
==76077==    by 0x723DE9: __mn_alloc (in /mnt/c/Users/Juan/Documents/GitHub/Mapanare/mapanare/self/mnc-stage1)
==76077==    by 0x7249CE: __mn_str_concat (in /mnt/c/Users/Juan/Documents/GitHub/Mapanare/mapanare/self/mnc-stage1)
==76077==    by 0x41FA94: lexer__scan_ident (in /mnt/c/Users/Juan/Documents/GitHub/Mapanare/mapanare/self/mnc-stage1)
==76077==    by 0x6A841FF: ???
==76077==    by 0x8000000000000002: ???
==76077==    by 0x6A733D7: ???
==76077==    by 0x19: ???
==76077==    by 0xB: ???
==76077==    by 0x6A7751F: ???
==76077==    by 0x8000000000000000: ???
==76077==    by 0x19: ???
==76077==    by 0xF8: ???
==76077== 
==76077== 5 bytes in 1 blocks are definitely lost in loss record 239 of 850
==76077==    at 0x484D953: calloc (in /usr/libexec/valgrind/vgpreload_memcheck-amd64-linux.so)
==76077==    by 0x723DE9: __mn_alloc (in /mnt/c/Users/Juan/Documents/GitHub/Mapanare/mapanare/self/mnc-stage1)
==76077==    by 0x7249CE: __mn_str_concat (in /mnt/c/Users/Juan/Documents/GitHub/Mapanare/mapanare/self/mnc-stage1)
==76077==    by 0x41FA94: lexer__scan_ident (in /mnt/c/Users/Juan/Documents/GitHub/Mapanare/mapanare/self/mnc-stage1)
==76077==    by 0x6A8719F: ???
==76077==    by 0x8000000000000002: ???
==76077==    by 0x6A733D7: ???
==76077==    by 0x4: ???
==76077==    by 0xC: ???
==76077==    by 0x6A7751F: ???
==76077==    by 0x8000000000000000: ???
==76077==    by 0x4: ???
==76077==    by 0x10F: ???
==76077== 
==76077== 5 bytes in 1 blocks are definitely lost in loss record 240 of 850
==76077==    at 0x484D953: calloc (in /usr/libexec/valgrind/vgpreload_memcheck-amd64-linux.so)
==76077==    by 0x723DE9: __mn_alloc (in /mnt/c/Users/Juan/Documents/GitHub/Mapanare/mapanare/self/mnc-stage1)
==76077==    by 0x7249CE: __mn_str_concat (in /mnt/c/Users/Juan/Documents/GitHub/Mapanare/mapanare/self/mnc-stage1)
==76077==    by 0x41FA94: lexer__scan_ident (in /mnt/c/Users/Juan/Documents/GitHub/Mapanare/mapanare/self/mnc-stage1)
==76077==    by 0x6A8769F: ???
==76077==    by 0x8000000000000002: ???
==76077==    by 0x6A733D7: ???
==76077==    by 0xA: ???
==76077==    by 0xC: ???
==76077==    by 0x6A7751F: ???
==76077==    by 0x8000000000000000: ???
==76077==    by 0xA: ???
==76077==    by 0x115: ???
==76077== 
==76077== 6 bytes in 1 blocks are indirectly lost in loss record 241 of 850
==76077==    at 0x484D953: calloc (in /usr/libexec/valgrind/vgpreload_memcheck-amd64-linux.so)
==76077==    by 0x723DE9: __mn_alloc (in /mnt/c/Users/Juan/Documents/GitHub/Mapanare/mapanare/self/mnc-stage1)
==76077==    by 0x7249CE: __mn_str_concat (in /mnt/c/Users/Juan/Documents/GitHub/Mapanare/mapanare/self/mnc-stage1)
==76077==    by 0x41FA94: lexer__scan_ident (in /mnt/c/Users/Juan/Documents/GitHub/Mapanare/mapanare/self/mnc-stage1)
==76077==    by 0x6A80CDF: ???
==76077==    by 0x8000000000000003: ???
==76077==    by 0x6A733D7: ???
==76077==    by 0x8: ???
==76077==    by 0x9: ???
==76077==    by 0x6A7751F: ???
==76077==    by 0x8000000000000000: ???
==76077==    by 0x8: ???
==76077==    by 0xAB: ???
==76077== 
==76077== 6 bytes in 1 blocks are indirectly lost in loss record 242 of 850
==76077==    at 0x484D953: calloc (in /usr/libexec/valgrind/vgpreload_memcheck-amd64-linux.so)
==76077==    by 0x723DE9: __mn_alloc (in /mnt/c/Users/Juan/Documents/GitHub/Mapanare/mapanare/self/mnc-stage1)
==76077==    by 0x7249CE: __mn_str_concat (in /mnt/c/Users/Juan/Documents/GitHub/Mapanare/mapanare/self/mnc-stage1)
==76077==    by 0x41FA94: lexer__scan_ident (in /mnt/c/Users/Juan/Documents/GitHub/Mapanare/mapanare/self/mnc-stage1)
==76077==    by 0x6A827BF: ???
==76077==    by 0x8000000000000003: ???
==76077==    by 0x6A733D7: ???
==76077==    by 0x4: ???
==76077==    by 0xA: ???
==76077==    by 0x6A7751F: ???
==76077==    by 0x8000000000000000: ???
==76077==    by 0x4: ???
==76077==    by 0xD2: ???
==76077== 
==76077== 6 bytes in 1 blocks are indirectly lost in loss record 243 of 850
==76077==    at 0x484D953: calloc (in /usr/libexec/valgrind/vgpreload_memcheck-amd64-linux.so)
==76077==    by 0x723DE9: __mn_alloc (in /mnt/c/Users/Juan/Documents/GitHub/Mapanare/mapanare/self/mnc-stage1)
==76077==    by 0x7249CE: __mn_str_concat (in /mnt/c/Users/Juan/Documents/GitHub/Mapanare/mapanare/self/mnc-stage1)
==76077==    by 0x41FA94: lexer__scan_ident (in /mnt/c/Users/Juan/Documents/GitHub/Mapanare/mapanare/self/mnc-stage1)
==76077==    by 0x6A82CBF: ???
==76077==    by 0x8000000000000003: ???
==76077==    by 0x6A733D7: ???
==76077==    by 0xA: ???
==76077==    by 0xA: ???
==76077==    by 0x6A7751F: ???
==76077==    by 0x8000000000000000: ???
==76077==    by 0xA: ???
==76077==    by 0xD8: ???
==76077== 
==76077== 6 bytes in 1 blocks are indirectly lost in loss record 244 of 850
==76077==    at 0x484D953: calloc (in /usr/libexec/valgrind/vgpreload_memcheck-amd64-linux.so)
==76077==    by 0x723DE9: __mn_alloc (in /mnt/c/Users/Juan/Documents/GitHub/Mapanare/mapanare/self/mnc-stage1)
==76077==    by 0x7249CE: __mn_str_concat (in /mnt/c/Users/Juan/Documents/GitHub/Mapanare/mapanare/self/mnc-stage1)
==76077==    by 0x41FA94: lexer__scan_ident (in /mnt/c/Users/Juan/Documents/GitHub/Mapanare/mapanare/self/mnc-stage1)
==76077==    by 0x6A8723F: ???
==76077==    by 0x8000000000000003: ???
==76077==    by 0x6A733D7: ???
==76077==    by 0x4: ???
==76077==    by 0xC: ???
==76077==    by 0x6A7751F: ???
==76077==    by 0x8000000000000000: ???
==76077==    by 0x4: ???
==76077==    by 0x10F: ???
==76077== 
==76077== 6 bytes in 2 blocks are indirectly lost in loss record 245 of 850
==76077==    at 0x484D953: calloc (in /usr/libexec/valgrind/vgpreload_memcheck-amd64-linux.so)
==76077==    by 0x723DE9: __mn_alloc (in /mnt/c/Users/Juan/Documents/GitHub/Mapanare/mapanare/self/mnc-stage1)
==76077==    by 0x7249CE: __mn_str_concat (in /mnt/c/Users/Juan/Documents/GitHub/Mapanare/mapanare/self/mnc-stage1)
==76077==    by 0x4CE559: lower__bind_fn_params (in /mnt/c/Users/Juan/Documents/GitHub/Mapanare/mapanare/self/mnc-stage1)
==76077== 
==76077== 6 bytes in 3 blocks are indirectly lost in loss record 246 of 850
==76077==    at 0x484D953: calloc (in /usr/libexec/valgrind/vgpreload_memcheck-amd64-linux.so)
==76077==    by 0x723DE9: __mn_alloc (in /mnt/c/Users/Juan/Documents/GitHub/Mapanare/mapanare/self/mnc-stage1)
==76077==    by 0x7245AB: __mn_str_from_parts (in /mnt/c/Users/Juan/Documents/GitHub/Mapanare/mapanare/self/mnc-stage1)
==76077==    by 0x420082: lexer__scan_number (in /mnt/c/Users/Juan/Documents/GitHub/Mapanare/mapanare/self/mnc-stage1)
==76077==    by 0x73C56F: ??? (in /mnt/c/Users/Juan/Documents/GitHub/Mapanare/mapanare/self/mnc-stage1)
==76077==    by 0x6A73257: ???
==76077== 
==76077== 6 bytes in 1 blocks are definitely lost in loss record 247 of 850
==76077==    at 0x484D953: calloc (in /usr/libexec/valgrind/vgpreload_memcheck-amd64-linux.so)
==76077==    by 0x723DE9: __mn_alloc (in /mnt/c/Users/Juan/Documents/GitHub/Mapanare/mapanare/self/mnc-stage1)
==76077==    by 0x7249CE: __mn_str_concat (in /mnt/c/Users/Juan/Documents/GitHub/Mapanare/mapanare/self/mnc-stage1)
==76077==    by 0x41FA94: lexer__scan_ident (in /mnt/c/Users/Juan/Documents/GitHub/Mapanare/mapanare/self/mnc-stage1)
==76077==    by 0x6A77E2F: ???
==76077==    by 0x8000000000000003: ???
==76077==    by 0x6A733D7: ???
==76077==    by 0x3: ???
==76077== 
==76077== 6 bytes in 1 blocks are definitely lost in loss record 248 of 850
==76077==    at 0x484D953: calloc (in /usr/libexec/valgrind/vgpreload_memcheck-amd64-linux.so)
==76077==    by 0x723DE9: __mn_alloc (in /mnt/c/Users/Juan/Documents/GitHub/Mapanare/mapanare/self/mnc-stage1)
==76077==    by 0x7249CE: __mn_str_concat (in /mnt/c/Users/Juan/Documents/GitHub/Mapanare/mapanare/self/mnc-stage1)
==76077==    by 0x41FA94: lexer__scan_ident (in /mnt/c/Users/Juan/Documents/GitHub/Mapanare/mapanare/self/mnc-stage1)
==76077==    by 0x6A7891F: ???
==76077==    by 0x8000000000000003: ???
==76077==    by 0x6A733D7: ???
==76077==    by 0x11: ???
==76077== 
==76077== 6 bytes in 1 blocks are definitely lost in loss record 249 of 850
==76077==    at 0x484D953: calloc (in /usr/libexec/valgrind/vgpreload_memcheck-amd64-linux.so)
==76077==    by 0x723DE9: __mn_alloc (in /mnt/c/Users/Juan/Documents/GitHub/Mapanare/mapanare/self/mnc-stage1)
==76077==    by 0x7249CE: __mn_str_concat (in /mnt/c/Users/Juan/Documents/GitHub/Mapanare/mapanare/self/mnc-stage1)
==76077==    by 0x41FA94: lexer__scan_ident (in /mnt/c/Users/Juan/Documents/GitHub/Mapanare/mapanare/self/mnc-stage1)
==76077==    by 0x6A79B7F: ???
==76077==    by 0x8000000000000003: ???
==76077==    by 0x6A733D7: ???
==76077==    by 0x24: ???
==76077== 
==76077== 6 bytes in 1 blocks are definitely lost in loss record 250 of 850
==76077==    at 0x484D953: calloc (in /usr/libexec/valgrind/vgpreload_memcheck-amd64-linux.so)
==76077==    by 0x723DE9: __mn_alloc (in /mnt/c/Users/Juan/Documents/GitHub/Mapanare/mapanare/self/mnc-stage1)
==76077==    by 0x7249CE: __mn_str_concat (in /mnt/c/Users/Juan/Documents/GitHub/Mapanare/mapanare/self/mnc-stage1)
==76077==    by 0x41FA94: lexer__scan_ident (in /mnt/c/Users/Juan/Documents/GitHub/Mapanare/mapanare/self/mnc-stage1)
==76077==    by 0x6A7A93F: ???
==76077==    by 0x8000000000000003: ???
==76077==    by 0x6A733D7: ???
==76077==    by 0xC: ???
==76077==    by 0x1: ???
==76077==    by 0x6A7751F: ???
==76077==    by 0x8000000000000000: ???
==76077==    by 0xC: ???
==76077==    by 0x38: ???
==76077== 
==76077== 6 bytes in 1 blocks are definitely lost in loss record 251 of 850
==76077==    at 0x484D953: calloc (in /usr/libexec/valgrind/vgpreload_memcheck-amd64-linux.so)
==76077==    by 0x723DE9: __mn_alloc (in /mnt/c/Users/Juan/Documents/GitHub/Mapanare/mapanare/self/mnc-stage1)
==76077==    by 0x7249CE: __mn_str_concat (in /mnt/c/Users/Juan/Documents/GitHub/Mapanare/mapanare/self/mnc-stage1)
==76077==    by 0x41FA94: lexer__scan_ident (in /mnt/c/Users/Juan/Documents/GitHub/Mapanare/mapanare/self/mnc-stage1)
==76077==    by 0x6A7B77F: ???
==76077==    by 0x8000000000000003: ???
==76077==    by 0x6A733D7: ???
==76077==    by 0x14: ???
==76077==    by 0x1: ???
==76077==    by 0x6A7751F: ???
==76077==    by 0x8000000000000000: ???
==76077==    by 0x14: ???
==76077==    by 0x40: ???
==76077== 
==76077== 6 bytes in 1 blocks are definitely lost in loss record 252 of 850
==76077==    at 0x484D953: calloc (in /usr/libexec/valgrind/vgpreload_memcheck-amd64-linux.so)
==76077==    by 0x723DE9: __mn_alloc (in /mnt/c/Users/Juan/Documents/GitHub/Mapanare/mapanare/self/mnc-stage1)
==76077==    by 0x7249CE: __mn_str_concat (in /mnt/c/Users/Juan/Documents/GitHub/Mapanare/mapanare/self/mnc-stage1)
==76077==    by 0x41FA94: lexer__scan_ident (in /mnt/c/Users/Juan/Documents/GitHub/Mapanare/mapanare/self/mnc-stage1)
==76077==    by 0x6A7D11F: ???
==76077==    by 0x8000000000000003: ???
==76077==    by 0x6A733D7: ???
==76077==    by 0x8: ???
==76077==    by 0x3: ???
==76077==    by 0x6A7751F: ???
==76077==    by 0x8000000000000000: ???
==76077==    by 0x8: ???
==76077==    by 0x68: ???
==76077== 
==76077== 6 bytes in 1 blocks are definitely lost in loss record 253 of 850
==76077==    at 0x484D953: calloc (in /usr/libexec/valgrind/vgpreload_memcheck-amd64-linux.so)
==76077==    by 0x723DE9: __mn_alloc (in /mnt/c/Users/Juan/Documents/GitHub/Mapanare/mapanare/self/mnc-stage1)
==76077==    by 0x7249CE: __mn_str_concat (in /mnt/c/Users/Juan/Documents/GitHub/Mapanare/mapanare/self/mnc-stage1)
==76077==    by 0x41FA94: lexer__scan_ident (in /mnt/c/Users/Juan/Documents/GitHub/Mapanare/mapanare/self/mnc-stage1)
==76077==    by 0x6A7D75F: ???
==76077==    by 0x8000000000000003: ???
==76077==    by 0x6A733D7: ???
==76077==    by 0x11: ???
==76077==    by 0x3: ???
==76077==    by 0x6A7751F: ???
==76077==    by 0x8000000000000000: ???
==76077==    by 0x11: ???
==76077==    by 0x71: ???
==76077== 
==76077== 6 bytes in 1 blocks are definitely lost in loss record 254 of 850
==76077==    at 0x484D953: calloc (in /usr/libexec/valgrind/vgpreload_memcheck-amd64-linux.so)
==76077==    by 0x723DE9: __mn_alloc (in /mnt/c/Users/Juan/Documents/GitHub/Mapanare/mapanare/self/mnc-stage1)
==76077==    by 0x7249CE: __mn_str_concat (in /mnt/c/Users/Juan/Documents/GitHub/Mapanare/mapanare/self/mnc-stage1)
==76077==    by 0x41FA94: lexer__scan_ident (in /mnt/c/Users/Juan/Documents/GitHub/Mapanare/mapanare/self/mnc-stage1)
==76077==    by 0x6A7F38F: ???
==76077==    by 0x8000000000000003: ???
==76077==    by 0x6A733D7: ???
==76077==    by 0x4: ???
==76077==    by 0x5: ???
==76077==    by 0x6A7751F: ???
==76077==    by 0x8000000000000000: ???
==76077==    by 0x4: ???
==76077==    by 0x86: ???
==76077== 
==76077== 6 bytes in 1 blocks are definitely lost in loss record 255 of 850
==76077==    at 0x484D953: calloc (in /usr/libexec/valgrind/vgpreload_memcheck-amd64-linux.so)
==76077==    by 0x723DE9: __mn_alloc (in /mnt/c/Users/Juan/Documents/GitHub/Mapanare/mapanare/self/mnc-stage1)
==76077==    by 0x7249CE: __mn_str_concat (in /mnt/c/Users/Juan/Documents/GitHub/Mapanare/mapanare/self/mnc-stage1)
==76077==    by 0x41FA94: lexer__scan_ident (in /mnt/c/Users/Juan/Documents/GitHub/Mapanare/mapanare/self/mnc-stage1)
==76077==    by 0x6A7F88F: ???
==76077==    by 0x8000000000000003: ???
==76077==    by 0x6A733D7: ???
==76077==    by 0xB: ???
==76077==    by 0x5: ???
==76077==    by 0x6A7751F: ???
==76077==    by 0x8000000000000000: ???
==76077==    by 0xB: ???
==76077==    by 0x8D: ???
==76077== 
==76077== 6 bytes in 1 blocks are definitely lost in loss record 256 of 850
==76077==    at 0x484D953: calloc (in /usr/libexec/valgrind/vgpreload_memcheck-amd64-linux.so)
==76077==    by 0x723DE9: __mn_alloc (in /mnt/c/Users/Juan/Documents/GitHub/Mapanare/mapanare/self/mnc-stage1)
==76077==    by 0x7249CE: __mn_str_concat (in /mnt/c/Users/Juan/Documents/GitHub/Mapanare/mapanare/self/mnc-stage1)
==76077==    by 0x41FA94: lexer__scan_ident (in /mnt/c/Users/Juan/Documents/GitHub/Mapanare/mapanare/self/mnc-stage1)
==76077==    by 0x6A8122F: ???
==76077==    by 0x8000000000000003: ???
==76077==    by 0x6A733D7: ???
==76077==    by 0xF: ???
==76077==    by 0x9: ???
==76077==    by 0x6A7751F: ???
==76077==    by 0x8000000000000000: ???
==76077==    by 0xF: ???
==76077==    by 0xB2: ???
==76077== 
==76077== 6 bytes in 1 blocks are definitely lost in loss record 257 of 850
==76077==    at 0x484D953: calloc (in /usr/libexec/valgrind/vgpreload_memcheck-amd64-linux.so)
==76077==    by 0x723DE9: __mn_alloc (in /mnt/c/Users/Juan/Documents/GitHub/Mapanare/mapanare/self/mnc-stage1)
==76077==    by 0x7249CE: __mn_str_concat (in /mnt/c/Users/Juan/Documents/GitHub/Mapanare/mapanare/self/mnc-stage1)
==76077==    by 0x41FA94: lexer__scan_ident (in /mnt/c/Users/Juan/Documents/GitHub/Mapanare/mapanare/self/mnc-stage1)
==76077==    by 0x6A8186F: ???
==76077==    by 0x8000000000000003: ???
==76077==    by 0x6A733D7: ???
==76077==    by 0x18: ???
==76077==    by 0x9: ???
==76077==    by 0x6A7751F: ???
==76077==    by 0x8000000000000000: ???
==76077==    by 0x18: ???
==76077==    by 0xBB: ???
==76077== 
==76077== 6 bytes in 1 blocks are definitely lost in loss record 258 of 850
==76077==    at 0x484D953: calloc (in /usr/libexec/valgrind/vgpreload_memcheck-amd64-linux.so)
==76077==    by 0x723DE9: __mn_alloc (in /mnt/c/Users/Juan/Documents/GitHub/Mapanare/mapanare/self/mnc-stage1)
==76077==    by 0x7249CE: __mn_str_concat (in /mnt/c/Users/Juan/Documents/GitHub/Mapanare/mapanare/self/mnc-stage1)
==76077==    by 0x41FA94: lexer__scan_ident (in /mnt/c/Users/Juan/Documents/GitHub/Mapanare/mapanare/self/mnc-stage1)
==76077==    by 0x6A8366F: ???
==76077==    by 0x8000000000000003: ???
==76077==    by 0x6A733D7: ???
==76077==    by 0x8: ???
==76077==    by 0xB: ???
==76077==    by 0x6A7751F: ???
==76077==    by 0x8000000000000000: ???
==76077==    by 0x8: ???
==76077==    by 0xE7: ???
==76077== 
==76077== 6 bytes in 1 blocks are definitely lost in loss record 259 of 850
==76077==    at 0x484D953: calloc (in /usr/libexec/valgrind/vgpreload_memcheck-amd64-linux.so)
==76077==    by 0x723DE9: __mn_alloc (in /mnt/c/Users/Juan/Documents/GitHub/Mapanare/mapanare/self/mnc-stage1)
==76077==    by 0x7249CE: __mn_str_concat (in /mnt/c/Users/Juan/Documents/GitHub/Mapanare/mapanare/self/mnc-stage1)
==76077==    by 0x41FA94: lexer__scan_ident (in /mnt/c/Users/Juan/Documents/GitHub/Mapanare/mapanare/self/mnc-stage1)
==76077==    by 0x6A83C5F: ???
==76077==    by 0x8000000000000003: ???
==76077==    by 0x6A733D7: ???
==76077==    by 0x10: ???
==76077==    by 0xB: ???
==76077==    by 0x6A7751F: ???
==76077==    by 0x8000000000000000: ???
==76077==    by 0x10: ???
==76077==    by 0xEF: ???
==76077== 
==76077== 6 bytes in 1 blocks are definitely lost in loss record 260 of 850
==76077==    at 0x484D953: calloc (in /usr/libexec/valgrind/vgpreload_memcheck-amd64-linux.so)
==76077==    by 0x723DE9: __mn_alloc (in /mnt/c/Users/Juan/Documents/GitHub/Mapanare/mapanare/self/mnc-stage1)
==76077==    by 0x7249CE: __mn_str_concat (in /mnt/c/Users/Juan/Documents/GitHub/Mapanare/mapanare/self/mnc-stage1)
==76077==    by 0x41FA94: lexer__scan_ident (in /mnt/c/Users/Juan/Documents/GitHub/Mapanare/mapanare/self/mnc-stage1)
==76077==    by 0x6A8429F: ???
==76077==    by 0x8000000000000003: ???
==76077==    by 0x6A733D7: ???
==76077==    by 0x19: ???
==76077==    by 0xB: ???
==76077==    by 0x6A7751F: ???
==76077==    by 0x8000000000000000: ???
==76077==    by 0x19: ???
==76077==    by 0xF8: ???
==76077== 
==76077== 6 bytes in 1 blocks are definitely lost in loss record 261 of 850
==76077==    at 0x484D953: calloc (in /usr/libexec/valgrind/vgpreload_memcheck-amd64-linux.so)
==76077==    by 0x723DE9: __mn_alloc (in /mnt/c/Users/Juan/Documents/GitHub/Mapanare/mapanare/self/mnc-stage1)
==76077==    by 0x7249CE: __mn_str_concat (in /mnt/c/Users/Juan/Documents/GitHub/Mapanare/mapanare/self/mnc-stage1)
==76077==    by 0x41FA94: lexer__scan_ident (in /mnt/c/Users/Juan/Documents/GitHub/Mapanare/mapanare/self/mnc-stage1)
==76077==    by 0x6A8773F: ???
==76077==    by 0x8000000000000003: ???
==76077==    by 0x6A733D7: ???
==76077==    by 0xA: ???
==76077==    by 0xC: ???
==76077==    by 0x6A7751F: ???
==76077==    by 0x8000000000000000: ???
==76077==    by 0xA: ???
==76077==    by 0x115: ???
==76077== 
==76077== 6 bytes in 2 blocks are definitely lost in loss record 262 of 850
==76077==    at 0x484D953: calloc (in /usr/libexec/valgrind/vgpreload_memcheck-amd64-linux.so)
==76077==    by 0x723DE9: __mn_alloc (in /mnt/c/Users/Juan/Documents/GitHub/Mapanare/mapanare/self/mnc-stage1)
==76077==    by 0x7249CE: __mn_str_concat (in /mnt/c/Users/Juan/Documents/GitHub/Mapanare/mapanare/self/mnc-stage1)
==76077==    by 0x4CE518: lower__bind_fn_params (in /mnt/c/Users/Juan/Documents/GitHub/Mapanare/mapanare/self/mnc-stage1)
==76077== 
==76077== 6 bytes in 3 blocks are definitely lost in loss record 263 of 850
==76077==    at 0x484D953: calloc (in /usr/libexec/valgrind/vgpreload_memcheck-amd64-linux.so)
==76077==    by 0x723DE9: __mn_alloc (in /mnt/c/Users/Juan/Documents/GitHub/Mapanare/mapanare/self/mnc-stage1)
==76077==    by 0x7245AB: __mn_str_from_parts (in /mnt/c/Users/Juan/Documents/GitHub/Mapanare/mapanare/self/mnc-stage1)
==76077==    by 0x42002C: lexer__scan_number (in /mnt/c/Users/Juan/Documents/GitHub/Mapanare/mapanare/self/mnc-stage1)
==76077==    by 0x73C56F: ??? (in /mnt/c/Users/Juan/Documents/GitHub/Mapanare/mapanare/self/mnc-stage1)
==76077==    by 0x6A73257: ???
==76077== 
==76077== 7 bytes in 1 blocks are indirectly lost in loss record 264 of 850
==76077==    at 0x484D953: calloc (in /usr/libexec/valgrind/vgpreload_memcheck-amd64-linux.so)
==76077==    by 0x723DE9: __mn_alloc (in /mnt/c/Users/Juan/Documents/GitHub/Mapanare/mapanare/self/mnc-stage1)
==76077==    by 0x7249CE: __mn_str_concat (in /mnt/c/Users/Juan/Documents/GitHub/Mapanare/mapanare/self/mnc-stage1)
==76077==    by 0x41FA94: lexer__scan_ident (in /mnt/c/Users/Juan/Documents/GitHub/Mapanare/mapanare/self/mnc-stage1)
==76077==    by 0x6A789BF: ???
==76077==    by 0x8000000000000004: ???
==76077==    by 0x6A733D7: ???
==76077==    by 0x11: ???
==76077== 
==76077== 7 bytes in 1 blocks are indirectly lost in loss record 265 of 850
==76077==    at 0x484D953: calloc (in /usr/libexec/valgrind/vgpreload_memcheck-amd64-linux.so)
==76077==    by 0x723DE9: __mn_alloc (in /mnt/c/Users/Juan/Documents/GitHub/Mapanare/mapanare/self/mnc-stage1)
==76077==    by 0x7249CE: __mn_str_concat (in /mnt/c/Users/Juan/Documents/GitHub/Mapanare/mapanare/self/mnc-stage1)
==76077==    by 0x41FA94: lexer__scan_ident (in /mnt/c/Users/Juan/Documents/GitHub/Mapanare/mapanare/self/mnc-stage1)
==76077==    by 0x6A79C1F: ???
==76077==    by 0x8000000000000004: ???
==76077==    by 0x6A733D7: ???
==76077==    by 0x24: ???
==76077== 
==76077== 7 bytes in 1 blocks are indirectly lost in loss record 266 of 850
==76077==    at 0x484D953: calloc (in /usr/libexec/valgrind/vgpreload_memcheck-amd64-linux.so)
==76077==    by 0x723DE9: __mn_alloc (in /mnt/c/Users/Juan/Documents/GitHub/Mapanare/mapanare/self/mnc-stage1)
==76077==    by 0x7249CE: __mn_str_concat (in /mnt/c/Users/Juan/Documents/GitHub/Mapanare/mapanare/self/mnc-stage1)
==76077==    by 0x41FA94: lexer__scan_ident (in /mnt/c/Users/Juan/Documents/GitHub/Mapanare/mapanare/self/mnc-stage1)
==76077==    by 0x6A7A9DF: ???
==76077==    by 0x8000000000000004: ???
==76077==    by 0x6A733D7: ???
==76077==    by 0xC: ???
==76077==    by 0x1: ???
==76077==    by 0x6A7751F: ???
==76077==    by 0x8000000000000000: ???
==76077==    by 0xC: ???
==76077==    by 0x38: ???
==76077== 
==76077== 7 bytes in 1 blocks are indirectly lost in loss record 267 of 850
==76077==    at 0x484D953: calloc (in /usr/libexec/valgrind/vgpreload_memcheck-amd64-linux.so)
==76077==    by 0x723DE9: __mn_alloc (in /mnt/c/Users/Juan/Documents/GitHub/Mapanare/mapanare/self/mnc-stage1)
==76077==    by 0x7249CE: __mn_str_concat (in /mnt/c/Users/Juan/Documents/GitHub/Mapanare/mapanare/self/mnc-stage1)
==76077==    by 0x41FA94: lexer__scan_ident (in /mnt/c/Users/Juan/Documents/GitHub/Mapanare/mapanare/self/mnc-stage1)
==76077==    by 0x6A7B81F: ???
==76077==    by 0x8000000000000004: ???
==76077==    by 0x6A733D7: ???
==76077==    by 0x14: ???
==76077==    by 0x1: ???
==76077==    by 0x6A7751F: ???
==76077==    by 0x8000000000000000: ???
==76077==    by 0x14: ???
==76077==    by 0x40: ???
==76077== 
==76077== 7 bytes in 1 blocks are indirectly lost in loss record 268 of 850
==76077==    at 0x484D953: calloc (in /usr/libexec/valgrind/vgpreload_memcheck-amd64-linux.so)
==76077==    by 0x723DE9: __mn_alloc (in /mnt/c/Users/Juan/Documents/GitHub/Mapanare/mapanare/self/mnc-stage1)
==76077==    by 0x7249CE: __mn_str_concat (in /mnt/c/Users/Juan/Documents/GitHub/Mapanare/mapanare/self/mnc-stage1)
==76077==    by 0x41FA94: lexer__scan_ident (in /mnt/c/Users/Juan/Documents/GitHub/Mapanare/mapanare/self/mnc-stage1)
==76077==    by 0x6A7D1BF: ???
==76077==    by 0x8000000000000004: ???
==76077==    by 0x6A733D7: ???
==76077==    by 0x8: ???
==76077==    by 0x3: ???
==76077==    by 0x6A7751F: ???
==76077==    by 0x8000000000000000: ???
==76077==    by 0x8: ???
==76077==    by 0x68: ???
==76077== 
==76077== 7 bytes in 1 blocks are indirectly lost in loss record 269 of 850
==76077==    at 0x484D953: calloc (in /usr/libexec/valgrind/vgpreload_memcheck-amd64-linux.so)
==76077==    by 0x723DE9: __mn_alloc (in /mnt/c/Users/Juan/Documents/GitHub/Mapanare/mapanare/self/mnc-stage1)
==76077==    by 0x7249CE: __mn_str_concat (in /mnt/c/Users/Juan/Documents/GitHub/Mapanare/mapanare/self/mnc-stage1)
==76077==    by 0x41FA94: lexer__scan_ident (in /mnt/c/Users/Juan/Documents/GitHub/Mapanare/mapanare/self/mnc-stage1)
==76077==    by 0x6A7D7FF: ???
==76077==    by 0x8000000000000004: ???
==76077==    by 0x6A733D7: ???
==76077==    by 0x11: ???
==76077==    by 0x3: ???
==76077==    by 0x6A7751F: ???
==76077==    by 0x8000000000000000: ???
==76077==    by 0x11: ???
==76077==    by 0x71: ???
==76077== 
==76077== 7 bytes in 1 blocks are indirectly lost in loss record 270 of 850
==76077==    at 0x484D953: calloc (in /usr/libexec/valgrind/vgpreload_memcheck-amd64-linux.so)
==76077==    by 0x723DE9: __mn_alloc (in /mnt/c/Users/Juan/Documents/GitHub/Mapanare/mapanare/self/mnc-stage1)
==76077==    by 0x7249CE: __mn_str_concat (in /mnt/c/Users/Juan/Documents/GitHub/Mapanare/mapanare/self/mnc-stage1)
==76077==    by 0x41FA94: lexer__scan_ident (in /mnt/c/Users/Juan/Documents/GitHub/Mapanare/mapanare/self/mnc-stage1)
==76077==    by 0x6A7F42F: ???
==76077==    by 0x8000000000000004: ???
==76077==    by 0x6A733D7: ???
==76077==    by 0x4: ???
==76077==    by 0x5: ???
==76077==    by 0x6A7751F: ???
==76077==    by 0x8000000000000000: ???
==76077==    by 0x4: ???
==76077==    by 0x86: ???
==76077== 
==76077== 7 bytes in 1 blocks are indirectly lost in loss record 271 of 850
==76077==    at 0x484D953: calloc (in /usr/libexec/valgrind/vgpreload_memcheck-amd64-linux.so)
==76077==    by 0x723DE9: __mn_alloc (in /mnt/c/Users/Juan/Documents/GitHub/Mapanare/mapanare/self/mnc-stage1)
==76077==    by 0x7249CE: __mn_str_concat (in /mnt/c/Users/Juan/Documents/GitHub/Mapanare/mapanare/self/mnc-stage1)
==76077==    by 0x41FA94: lexer__scan_ident (in /mnt/c/Users/Juan/Documents/GitHub/Mapanare/mapanare/self/mnc-stage1)
==76077==    by 0x6A7F92F: ???
==76077==    by 0x8000000000000004: ???
==76077==    by 0x6A733D7: ???
==76077==    by 0xB: ???
==76077==    by 0x5: ???
==76077==    by 0x6A7751F: ???
==76077==    by 0x8000000000000000: ???
==76077==    by 0xB: ???
==76077==    by 0x8D: ???
==76077== 
==76077== 7 bytes in 1 blocks are indirectly lost in loss record 272 of 850
==76077==    at 0x484D953: calloc (in /usr/libexec/valgrind/vgpreload_memcheck-amd64-linux.so)
==76077==    by 0x723DE9: __mn_alloc (in /mnt/c/Users/Juan/Documents/GitHub/Mapanare/mapanare/self/mnc-stage1)
==76077==    by 0x7249CE: __mn_str_concat (in /mnt/c/Users/Juan/Documents/GitHub/Mapanare/mapanare/self/mnc-stage1)
==76077==    by 0x41FA94: lexer__scan_ident (in /mnt/c/Users/Juan/Documents/GitHub/Mapanare/mapanare/self/mnc-stage1)
==76077==    by 0x6A812CF: ???
==76077==    by 0x8000000000000004: ???
==76077==    by 0x6A733D7: ???
==76077==    by 0xF: ???
==76077==    by 0x9: ???
==76077==    by 0x6A7751F: ???
==76077==    by 0x8000000000000000: ???
==76077==    by 0xF: ???
==76077==    by 0xB2: ???
==76077== 
==76077== 7 bytes in 1 blocks are indirectly lost in loss record 273 of 850
==76077==    at 0x484D953: calloc (in /usr/libexec/valgrind/vgpreload_memcheck-amd64-linux.so)
==76077==    by 0x723DE9: __mn_alloc (in /mnt/c/Users/Juan/Documents/GitHub/Mapanare/mapanare/self/mnc-stage1)
==76077==    by 0x7249CE: __mn_str_concat (in /mnt/c/Users/Juan/Documents/GitHub/Mapanare/mapanare/self/mnc-stage1)
==76077==    by 0x41FA94: lexer__scan_ident (in /mnt/c/Users/Juan/Documents/GitHub/Mapanare/mapanare/self/mnc-stage1)
==76077==    by 0x6A8370F: ???
==76077==    by 0x8000000000000004: ???
==76077==    by 0x6A733D7: ???
==76077==    by 0x8: ???
==76077==    by 0xB: ???
==76077==    by 0x6A7751F: ???
==76077==    by 0x8000000000000000: ???
==76077==    by 0x8: ???
==76077==    by 0xE7: ???
==76077== 
==76077== 7 bytes in 1 blocks are indirectly lost in loss record 274 of 850
==76077==    at 0x484D953: calloc (in /usr/libexec/valgrind/vgpreload_memcheck-amd64-linux.so)
==76077==    by 0x723DE9: __mn_alloc (in /mnt/c/Users/Juan/Documents/GitHub/Mapanare/mapanare/self/mnc-stage1)
==76077==    by 0x7249CE: __mn_str_concat (in /mnt/c/Users/Juan/Documents/GitHub/Mapanare/mapanare/self/mnc-stage1)
==76077==    by 0x41FA94: lexer__scan_ident (in /mnt/c/Users/Juan/Documents/GitHub/Mapanare/mapanare/self/mnc-stage1)
==76077==    by 0x6A83CFF: ???
==76077==    by 0x8000000000000004: ???
==76077==    by 0x6A733D7: ???
==76077==    by 0x10: ???
==76077==    by 0xB: ???
==76077==    by 0x6A7751F: ???
==76077==    by 0x8000000000000000: ???
==76077==    by 0x10: ???
==76077==    by 0xEF: ???
==76077== 
==76077== 7 bytes in 1 blocks are indirectly lost in loss record 275 of 850
==76077==    at 0x484D953: calloc (in /usr/libexec/valgrind/vgpreload_memcheck-amd64-linux.so)
==76077==    by 0x723DE9: __mn_alloc (in /mnt/c/Users/Juan/Documents/GitHub/Mapanare/mapanare/self/mnc-stage1)
==76077==    by 0x7249CE: __mn_str_concat (in /mnt/c/Users/Juan/Documents/GitHub/Mapanare/mapanare/self/mnc-stage1)
==76077==    by 0x41FA94: lexer__scan_ident (in /mnt/c/Users/Juan/Documents/GitHub/Mapanare/mapanare/self/mnc-stage1)
==76077==    by 0x6A877DF: ???
==76077==    by 0x8000000000000004: ???
==76077==    by 0x6A733D7: ???
==76077==    by 0xA: ???
==76077==    by 0xC: ???
==76077==    by 0x6A7751F: ???
==76077==    by 0x8000000000000000: ???
==76077==    by 0xA: ???
==76077==    by 0x115: ???
==76077== 
==76077== 7 bytes in 1 blocks are definitely lost in loss record 276 of 850
==76077==    at 0x484D953: calloc (in /usr/libexec/valgrind/vgpreload_memcheck-amd64-linux.so)
==76077==    by 0x723DE9: __mn_alloc (in /mnt/c/Users/Juan/Documents/GitHub/Mapanare/mapanare/self/mnc-stage1)
==76077==    by 0x7249CE: __mn_str_concat (in /mnt/c/Users/Juan/Documents/GitHub/Mapanare/mapanare/self/mnc-stage1)
==76077==    by 0x41FA94: lexer__scan_ident (in /mnt/c/Users/Juan/Documents/GitHub/Mapanare/mapanare/self/mnc-stage1)
==76077==    by 0x6A77ECF: ???
==76077==    by 0x8000000000000004: ???
==76077==    by 0x6A733D7: ???
==76077==    by 0x3: ???
==76077== 
==76077== 7 bytes in 1 blocks are definitely lost in loss record 277 of 850
==76077==    at 0x484D953: calloc (in /usr/libexec/valgrind/vgpreload_memcheck-amd64-linux.so)
==76077==    by 0x723DE9: __mn_alloc (in /mnt/c/Users/Juan/Documents/GitHub/Mapanare/mapanare/self/mnc-stage1)
==76077==    by 0x7249CE: __mn_str_concat (in /mnt/c/Users/Juan/Documents/GitHub/Mapanare/mapanare/self/mnc-stage1)
==76077==    by 0x41FA94: lexer__scan_ident (in /mnt/c/Users/Juan/Documents/GitHub/Mapanare/mapanare/self/mnc-stage1)
==76077==    by 0x6A8190F: ???
==76077==    by 0x8000000000000004: ???
==76077==    by 0x6A733D7: ???
==76077==    by 0x18: ???
==76077==    by 0x9: ???
==76077==    by 0x6A7751F: ???
==76077==    by 0x8000000000000000: ???
==76077==    by 0x18: ???
==76077==    by 0xBB: ???
==76077== 
==76077== 7 bytes in 1 blocks are definitely lost in loss record 278 of 850
==76077==    at 0x484D953: calloc (in /usr/libexec/valgrind/vgpreload_memcheck-amd64-linux.so)
==76077==    by 0x723DE9: __mn_alloc (in /mnt/c/Users/Juan/Documents/GitHub/Mapanare/mapanare/self/mnc-stage1)
==76077==    by 0x7249CE: __mn_str_concat (in /mnt/c/Users/Juan/Documents/GitHub/Mapanare/mapanare/self/mnc-stage1)
==76077==    by 0x41FA94: lexer__scan_ident (in /mnt/c/Users/Juan/Documents/GitHub/Mapanare/mapanare/self/mnc-stage1)
==76077==    by 0x6A8433F: ???
==76077==    by 0x8000000000000004: ???
==76077==    by 0x6A733D7: ???
==76077==    by 0x19: ???
==76077==    by 0xB: ???
==76077==    by 0x6A7751F: ???
==76077==    by 0x8000000000000000: ???
==76077==    by 0x19: ???
==76077==    by 0xF8: ???
==76077== 
==76077== 7 bytes in 1 blocks are definitely lost in loss record 279 of 850
==76077==    at 0x484D953: calloc (in /usr/libexec/valgrind/vgpreload_memcheck-amd64-linux.so)
==76077==    by 0x723DE9: __mn_alloc (in /mnt/c/Users/Juan/Documents/GitHub/Mapanare/mapanare/self/mnc-stage1)
==76077==    by 0x7249CE: __mn_str_concat (in /mnt/c/Users/Juan/Documents/GitHub/Mapanare/mapanare/self/mnc-stage1)
==76077==    by 0x51F0F0: lower__lower_for (in /mnt/c/Users/Juan/Documents/GitHub/Mapanare/mapanare/self/mnc-stage1)
==76077== 
==76077== 7 bytes in 1 blocks are definitely lost in loss record 280 of 850
==76077==    at 0x484D953: calloc (in /usr/libexec/valgrind/vgpreload_memcheck-amd64-linux.so)
==76077==    by 0x723DE9: __mn_alloc (in /mnt/c/Users/Juan/Documents/GitHub/Mapanare/mapanare/self/mnc-stage1)
==76077==    by 0x7249CE: __mn_str_concat (in /mnt/c/Users/Juan/Documents/GitHub/Mapanare/mapanare/self/mnc-stage1)
==76077==    by 0x6AB936: emit_llvm__emit_const (in /mnt/c/Users/Juan/Documents/GitHub/Mapanare/mapanare/self/mnc-stage1)
==76077== 
==76077== 7 bytes in 1 blocks are definitely lost in loss record 281 of 850
==76077==    at 0x484D953: calloc (in /usr/libexec/valgrind/vgpreload_memcheck-amd64-linux.so)
==76077==    by 0x723DE9: __mn_alloc (in /mnt/c/Users/Juan/Documents/GitHub/Mapanare/mapanare/self/mnc-stage1)
==76077==    by 0x7249CE: __mn_str_concat (in /mnt/c/Users/Juan/Documents/GitHub/Mapanare/mapanare/self/mnc-stage1)
==76077==    by 0x6AB936: emit_llvm__emit_const (in /mnt/c/Users/Juan/Documents/GitHub/Mapanare/mapanare/self/mnc-stage1)
==76077==    by 0xC: ???
==76077== 
==76077== 7 bytes in 1 blocks are definitely lost in loss record 282 of 850
==76077==    at 0x484D953: calloc (in /usr/libexec/valgrind/vgpreload_memcheck-amd64-linux.so)
==76077==    by 0x723DE9: __mn_alloc (in /mnt/c/Users/Juan/Documents/GitHub/Mapanare/mapanare/self/mnc-stage1)
==76077==    by 0x7249CE: __mn_str_concat (in /mnt/c/Users/Juan/Documents/GitHub/Mapanare/mapanare/self/mnc-stage1)
==76077==    by 0x6AB936: emit_llvm__emit_const (in /mnt/c/Users/Juan/Documents/GitHub/Mapanare/mapanare/self/mnc-stage1)
==76077==    by 0x9: ???
==76077== 
==76077== 8 bytes in 1 blocks are indirectly lost in loss record 283 of 850
==76077==    at 0x4846828: malloc (in /usr/libexec/valgrind/vgpreload_memcheck-amd64-linux.so)
==76077==    by 0x432B31: parser__parse_atom (in /mnt/c/Users/Juan/Documents/GitHub/Mapanare/mapanare/self/mnc-stage1)
==76077==    by 0x6A8498F: ???
==76077==    by 0x17: ???
==76077== 
==76077== 8 bytes in 1 blocks are indirectly lost in loss record 284 of 850
==76077==    at 0x4846828: malloc (in /usr/libexec/valgrind/vgpreload_memcheck-amd64-linux.so)
==76077==    by 0x432B31: parser__parse_atom (in /mnt/c/Users/Juan/Documents/GitHub/Mapanare/mapanare/self/mnc-stage1)
==76077==    by 0x6A71CEF: ???
==76077==    by 0x32: ???
==76077== 
==76077== 8 bytes in 1 blocks are indirectly lost in loss record 285 of 850
==76077==    at 0x4846828: malloc (in /usr/libexec/valgrind/vgpreload_memcheck-amd64-linux.so)
==76077==    by 0x432B31: parser__parse_atom (in /mnt/c/Users/Juan/Documents/GitHub/Mapanare/mapanare/self/mnc-stage1)
==76077==    by 0x6A71CEF: ???
==76077==    by 0x41: ???
==76077== 
==76077== 8 bytes in 1 blocks are definitely lost in loss record 286 of 850
==76077==    at 0x484D953: calloc (in /usr/libexec/valgrind/vgpreload_memcheck-amd64-linux.so)
==76077==    by 0x723DE9: __mn_alloc (in /mnt/c/Users/Juan/Documents/GitHub/Mapanare/mapanare/self/mnc-stage1)
==76077==    by 0x7249CE: __mn_str_concat (in /mnt/c/Users/Juan/Documents/GitHub/Mapanare/mapanare/self/mnc-stage1)
==76077==    by 0x41FA94: lexer__scan_ident (in /mnt/c/Users/Juan/Documents/GitHub/Mapanare/mapanare/self/mnc-stage1)
==76077==    by 0x6A77F6F: ???
==76077==    by 0x8000000000000005: ???
==76077==    by 0x6A733D7: ???
==76077==    by 0x3: ???
==76077== 
==76077== 8 bytes in 1 blocks are definitely lost in loss record 287 of 850
==76077==    at 0x484D953: calloc (in /usr/libexec/valgrind/vgpreload_memcheck-amd64-linux.so)
==76077==    by 0x723DE9: __mn_alloc (in /mnt/c/Users/Juan/Documents/GitHub/Mapanare/mapanare/self/mnc-stage1)
==76077==    by 0x7249CE: __mn_str_concat (in /mnt/c/Users/Juan/Documents/GitHub/Mapanare/mapanare/self/mnc-stage1)
==76077==    by 0x41FA94: lexer__scan_ident (in /mnt/c/Users/Juan/Documents/GitHub/Mapanare/mapanare/self/mnc-stage1)
==76077==    by 0x6A819AF: ???
==76077==    by 0x8000000000000005: ???
==76077==    by 0x6A733D7: ???
==76077==    by 0x18: ???
==76077==    by 0x9: ???
==76077==    by 0x6A7751F: ???
==76077==    by 0x8000000000000000: ???
==76077==    by 0x18: ???
==76077==    by 0xBB: ???
==76077== 
==76077== 8 bytes in 1 blocks are definitely lost in loss record 288 of 850
==76077==    at 0x484D953: calloc (in /usr/libexec/valgrind/vgpreload_memcheck-amd64-linux.so)
==76077==    by 0x723DE9: __mn_alloc (in /mnt/c/Users/Juan/Documents/GitHub/Mapanare/mapanare/self/mnc-stage1)
==76077==    by 0x7249CE: __mn_str_concat (in /mnt/c/Users/Juan/Documents/GitHub/Mapanare/mapanare/self/mnc-stage1)
==76077==    by 0x41FA94: lexer__scan_ident (in /mnt/c/Users/Juan/Documents/GitHub/Mapanare/mapanare/self/mnc-stage1)
==76077==    by 0x6A843DF: ???
==76077==    by 0x8000000000000005: ???
==76077==    by 0x6A733D7: ???
==76077==    by 0x19: ???
==76077==    by 0xB: ???
==76077==    by 0x6A7751F: ???
==76077==    by 0x8000000000000000: ???
==76077==    by 0x19: ???
==76077==    by 0xF8: ???
==76077== 
==76077== 8 bytes in 1 blocks are definitely lost in loss record 289 of 850
==76077==    at 0x484D953: calloc (in /usr/libexec/valgrind/vgpreload_memcheck-amd64-linux.so)
==76077==    by 0x723DE9: __mn_alloc (in /mnt/c/Users/Juan/Documents/GitHub/Mapanare/mapanare/self/mnc-stage1)
==76077==    by 0x7249CE: __mn_str_concat (in /mnt/c/Users/Juan/Documents/GitHub/Mapanare/mapanare/self/mnc-stage1)
==76077==    by 0x6AB780: emit_llvm__emit_const (in /mnt/c/Users/Juan/Documents/GitHub/Mapanare/mapanare/self/mnc-stage1)
==76077== 
==76077== 8 bytes in 1 blocks are definitely lost in loss record 290 of 850
==76077==    at 0x484D953: calloc (in /usr/libexec/valgrind/vgpreload_memcheck-amd64-linux.so)
==76077==    by 0x723DE9: __mn_alloc (in /mnt/c/Users/Juan/Documents/GitHub/Mapanare/mapanare/self/mnc-stage1)
==76077==    by 0x7249CE: __mn_str_concat (in /mnt/c/Users/Juan/Documents/GitHub/Mapanare/mapanare/self/mnc-stage1)
==76077==    by 0x6AB780: emit_llvm__emit_const (in /mnt/c/Users/Juan/Documents/GitHub/Mapanare/mapanare/self/mnc-stage1)
==76077==    by 0xC: ???
==76077== 
==76077== 8 bytes in 1 blocks are definitely lost in loss record 291 of 850
==76077==    at 0x484D953: calloc (in /usr/libexec/valgrind/vgpreload_memcheck-amd64-linux.so)
==76077==    by 0x723DE9: __mn_alloc (in /mnt/c/Users/Juan/Documents/GitHub/Mapanare/mapanare/self/mnc-stage1)
==76077==    by 0x7249CE: __mn_str_concat (in /mnt/c/Users/Juan/Documents/GitHub/Mapanare/mapanare/self/mnc-stage1)
==76077==    by 0x6AB780: emit_llvm__emit_const (in /mnt/c/Users/Juan/Documents/GitHub/Mapanare/mapanare/self/mnc-stage1)
==76077==    by 0x9: ???
==76077== 
==76077== 9 bytes in 1 blocks are definitely lost in loss record 292 of 850
==76077==    at 0x484D953: calloc (in /usr/libexec/valgrind/vgpreload_memcheck-amd64-linux.so)
==76077==    by 0x723DE9: __mn_alloc (in /mnt/c/Users/Juan/Documents/GitHub/Mapanare/mapanare/self/mnc-stage1)
==76077==    by 0x7249CE: __mn_str_concat (in /mnt/c/Users/Juan/Documents/GitHub/Mapanare/mapanare/self/mnc-stage1)
==76077==    by 0x41FA94: lexer__scan_ident (in /mnt/c/Users/Juan/Documents/GitHub/Mapanare/mapanare/self/mnc-stage1)
==76077==    by 0x6A7800F: ???
==76077==    by 0x8000000000000006: ???
==76077==    by 0x6A733D7: ???
==76077==    by 0x3: ???
==76077== 
==76077== 9 bytes in 1 blocks are definitely lost in loss record 293 of 850
==76077==    at 0x484D953: calloc (in /usr/libexec/valgrind/vgpreload_memcheck-amd64-linux.so)
==76077==    by 0x723DE9: __mn_alloc (in /mnt/c/Users/Juan/Documents/GitHub/Mapanare/mapanare/self/mnc-stage1)
==76077==    by 0x7249CE: __mn_str_concat (in /mnt/c/Users/Juan/Documents/GitHub/Mapanare/mapanare/self/mnc-stage1)
==76077==    by 0x41FA94: lexer__scan_ident (in /mnt/c/Users/Juan/Documents/GitHub/Mapanare/mapanare/self/mnc-stage1)
==76077==    by 0x6A81A4F: ???
==76077==    by 0x8000000000000006: ???
==76077==    by 0x6A733D7: ???
==76077==    by 0x18: ???
==76077==    by 0x9: ???
==76077==    by 0x6A7751F: ???
==76077==    by 0x8000000000000000: ???
==76077==    by 0x18: ???
==76077==    by 0xBB: ???
==76077== 
==76077== 9 bytes in 1 blocks are definitely lost in loss record 294 of 850
==76077==    at 0x484D953: calloc (in /usr/libexec/valgrind/vgpreload_memcheck-amd64-linux.so)
==76077==    by 0x723DE9: __mn_alloc (in /mnt/c/Users/Juan/Documents/GitHub/Mapanare/mapanare/self/mnc-stage1)
==76077==    by 0x7249CE: __mn_str_concat (in /mnt/c/Users/Juan/Documents/GitHub/Mapanare/mapanare/self/mnc-stage1)
==76077==    by 0x41FA94: lexer__scan_ident (in /mnt/c/Users/Juan/Documents/GitHub/Mapanare/mapanare/self/mnc-stage1)
==76077==    by 0x6A8447F: ???
==76077==    by 0x8000000000000006: ???
==76077==    by 0x6A733D7: ???
==76077==    by 0x19: ???
==76077==    by 0xB: ???
==76077==    by 0x6A7751F: ???
==76077==    by 0x8000000000000000: ???
==76077==    by 0x19: ???
==76077==    by 0xF8: ???
==76077== 
==76077== 10 bytes in 1 blocks are indirectly lost in loss record 295 of 850
==76077==    at 0x484D953: calloc (in /usr/libexec/valgrind/vgpreload_memcheck-amd64-linux.so)
==76077==    by 0x723DE9: __mn_alloc (in /mnt/c/Users/Juan/Documents/GitHub/Mapanare/mapanare/self/mnc-stage1)
==76077==    by 0x7249CE: __mn_str_concat (in /mnt/c/Users/Juan/Documents/GitHub/Mapanare/mapanare/self/mnc-stage1)
==76077==    by 0x49AB59: lower_state__fresh_block_label (in /mnt/c/Users/Juan/Documents/GitHub/Mapanare/mapanare/self/mnc-stage1)
==76077==    by 0x6A9F3AF: ???
==76077==    by 0x100000000000D: ???
==76077==    by 0x73F2CF: ??? (in /mnt/c/Users/Juan/Documents/GitHub/Mapanare/mapanare/self/mnc-stage1)
==76077== 
==76077== 10 bytes in 1 blocks are indirectly lost in loss record 296 of 850
==76077==    at 0x484D953: calloc (in /usr/libexec/valgrind/vgpreload_memcheck-amd64-linux.so)
==76077==    by 0x723DE9: __mn_alloc (in /mnt/c/Users/Juan/Documents/GitHub/Mapanare/mapanare/self/mnc-stage1)
==76077==    by 0x7249CE: __mn_str_concat (in /mnt/c/Users/Juan/Documents/GitHub/Mapanare/mapanare/self/mnc-stage1)
==76077==    by 0x49AB59: lower_state__fresh_block_label (in /mnt/c/Users/Juan/Documents/GitHub/Mapanare/mapanare/self/mnc-stage1)
==76077==    by 0x6A9F3AF: ???
==76077==    by 0x100000000000D: ???
==76077==    by 0x73F2D7: ??? (in /mnt/c/Users/Juan/Documents/GitHub/Mapanare/mapanare/self/mnc-stage1)
==76077== 
==76077== 10 bytes in 5 blocks are indirectly lost in loss record 297 of 850
==76077==    at 0x484D953: calloc (in /usr/libexec/valgrind/vgpreload_memcheck-amd64-linux.so)
==76077==    by 0x723DE9: __mn_alloc (in /mnt/c/Users/Juan/Documents/GitHub/Mapanare/mapanare/self/mnc-stage1)
==76077==    by 0x7245AB: __mn_str_from_parts (in /mnt/c/Users/Juan/Documents/GitHub/Mapanare/mapanare/self/mnc-stage1)
==76077==    by 0x41FA94: lexer__scan_ident (in /mnt/c/Users/Juan/Documents/GitHub/Mapanare/mapanare/self/mnc-stage1)
==76077==    by 0x73C56F: ??? (in /mnt/c/Users/Juan/Documents/GitHub/Mapanare/mapanare/self/mnc-stage1)
==76077== 
==76077== 10 bytes in 1 blocks are definitely lost in loss record 298 of 850
==76077==    at 0x484D953: calloc (in /usr/libexec/valgrind/vgpreload_memcheck-amd64-linux.so)
==76077==    by 0x723DE9: __mn_alloc (in /mnt/c/Users/Juan/Documents/GitHub/Mapanare/mapanare/self/mnc-stage1)
==76077==    by 0x7249CE: __mn_str_concat (in /mnt/c/Users/Juan/Documents/GitHub/Mapanare/mapanare/self/mnc-stage1)
==76077==    by 0x41FA94: lexer__scan_ident (in /mnt/c/Users/Juan/Documents/GitHub/Mapanare/mapanare/self/mnc-stage1)
==76077==    by 0x6A780AF: ???
==76077==    by 0x8000000000000007: ???
==76077==    by 0x6A733D7: ???
==76077==    by 0x3: ???
==76077== 
==76077== 10 bytes in 1 blocks are definitely lost in loss record 299 of 850
==76077==    at 0x484D953: calloc (in /usr/libexec/valgrind/vgpreload_memcheck-amd64-linux.so)
==76077==    by 0x723DE9: __mn_alloc (in /mnt/c/Users/Juan/Documents/GitHub/Mapanare/mapanare/self/mnc-stage1)
==76077==    by 0x7249CE: __mn_str_concat (in /mnt/c/Users/Juan/Documents/GitHub/Mapanare/mapanare/self/mnc-stage1)
==76077==    by 0x41FA94: lexer__scan_ident (in /mnt/c/Users/Juan/Documents/GitHub/Mapanare/mapanare/self/mnc-stage1)
==76077==    by 0x6A81AEF: ???
==76077==    by 0x8000000000000007: ???
==76077==    by 0x6A733D7: ???
==76077==    by 0x18: ???
==76077==    by 0x9: ???
==76077==    by 0x6A7751F: ???
==76077==    by 0x8000000000000000: ???
==76077==    by 0x18: ???
==76077==    by 0xBB: ???
==76077== 
==76077== 10 bytes in 1 blocks are definitely lost in loss record 300 of 850
==76077==    at 0x484D953: calloc (in /usr/libexec/valgrind/vgpreload_memcheck-amd64-linux.so)
==76077==    by 0x723DE9: __mn_alloc (in /mnt/c/Users/Juan/Documents/GitHub/Mapanare/mapanare/self/mnc-stage1)
==76077==    by 0x7249CE: __mn_str_concat (in /mnt/c/Users/Juan/Documents/GitHub/Mapanare/mapanare/self/mnc-stage1)
==76077==    by 0x41FA94: lexer__scan_ident (in /mnt/c/Users/Juan/Documents/GitHub/Mapanare/mapanare/self/mnc-stage1)
==76077==    by 0x6A8451F: ???
==76077==    by 0x8000000000000007: ???
==76077==    by 0x6A733D7: ???
==76077==    by 0x19: ???
==76077==    by 0xB: ???
==76077==    by 0x6A7751F: ???
==76077==    by 0x8000000000000000: ???
==76077==    by 0x19: ???
==76077==    by 0xF8: ???
==76077== 
==76077== 11 bytes in 1 blocks are indirectly lost in loss record 301 of 850
==76077==    at 0x484D953: calloc (in /usr/libexec/valgrind/vgpreload_memcheck-amd64-linux.so)
==76077==    by 0x723DE9: __mn_alloc (in /mnt/c/Users/Juan/Documents/GitHub/Mapanare/mapanare/self/mnc-stage1)
==76077==    by 0x7249CE: __mn_str_concat (in /mnt/c/Users/Juan/Documents/GitHub/Mapanare/mapanare/self/mnc-stage1)
==76077==    by 0x41FA94: lexer__scan_ident (in /mnt/c/Users/Juan/Documents/GitHub/Mapanare/mapanare/self/mnc-stage1)
==76077==    by 0x6A7814F: ???
==76077==    by 0x8000000000000008: ???
==76077==    by 0x6A733D7: ???
==76077==    by 0x3: ???
==76077== 
==76077== 11 bytes in 1 blocks are indirectly lost in loss record 302 of 850
==76077==    at 0x484D953: calloc (in /usr/libexec/valgrind/vgpreload_memcheck-amd64-linux.so)
==76077==    by 0x723DE9: __mn_alloc (in /mnt/c/Users/Juan/Documents/GitHub/Mapanare/mapanare/self/mnc-stage1)
==76077==    by 0x7249CE: __mn_str_concat (in /mnt/c/Users/Juan/Documents/GitHub/Mapanare/mapanare/self/mnc-stage1)
==76077==    by 0x41FA94: lexer__scan_ident (in /mnt/c/Users/Juan/Documents/GitHub/Mapanare/mapanare/self/mnc-stage1)
==76077==    by 0x6A81B8F: ???
==76077==    by 0x8000000000000008: ???
==76077==    by 0x6A733D7: ???
==76077==    by 0x18: ???
==76077==    by 0x9: ???
==76077==    by 0x6A7751F: ???
==76077==    by 0x8000000000000000: ???
==76077==    by 0x18: ???
==76077==    by 0xBB: ???
==76077== 
==76077== 11 bytes in 1 blocks are indirectly lost in loss record 303 of 850
==76077==    at 0x484D953: calloc (in /usr/libexec/valgrind/vgpreload_memcheck-amd64-linux.so)
==76077==    by 0x723DE9: __mn_alloc (in /mnt/c/Users/Juan/Documents/GitHub/Mapanare/mapanare/self/mnc-stage1)
==76077==    by 0x7249CE: __mn_str_concat (in /mnt/c/Users/Juan/Documents/GitHub/Mapanare/mapanare/self/mnc-stage1)
==76077==    by 0x41FA94: lexer__scan_ident (in /mnt/c/Users/Juan/Documents/GitHub/Mapanare/mapanare/self/mnc-stage1)
==76077==    by 0x6A845BF: ???
==76077==    by 0x8000000000000008: ???
==76077==    by 0x6A733D7: ???
==76077==    by 0x19: ???
==76077==    by 0xB: ???
==76077==    by 0x6A7751F: ???
==76077==    by 0x8000000000000000: ???
==76077==    by 0x19: ???
==76077==    by 0xF8: ???
==76077== 
==76077== 11 bytes in 1 blocks are definitely lost in loss record 304 of 850
==76077==    at 0x484D953: calloc (in /usr/libexec/valgrind/vgpreload_memcheck-amd64-linux.so)
==76077==    by 0x723DE9: __mn_alloc (in /mnt/c/Users/Juan/Documents/GitHub/Mapanare/mapanare/self/mnc-stage1)
==76077==    by 0x7249CE: __mn_str_concat (in /mnt/c/Users/Juan/Documents/GitHub/Mapanare/mapanare/self/mnc-stage1)
==76077==    by 0x414989: has_later_def (in /mnt/c/Users/Juan/Documents/GitHub/Mapanare/mapanare/self/mnc-stage1)
==76077== 
==76077== 11 bytes in 1 blocks are definitely lost in loss record 305 of 850
==76077==    at 0x484D953: calloc (in /usr/libexec/valgrind/vgpreload_memcheck-amd64-linux.so)
==76077==    by 0x723DE9: __mn_alloc (in /mnt/c/Users/Juan/Documents/GitHub/Mapanare/mapanare/self/mnc-stage1)
==76077==    by 0x7245AB: __mn_str_from_parts (in /mnt/c/Users/Juan/Documents/GitHub/Mapanare/mapanare/self/mnc-stage1)
==76077==    by 0x71C30F: emit_llvm__emit_mir_function (in /mnt/c/Users/Juan/Documents/GitHub/Mapanare/mapanare/self/mnc-stage1)
==76077==    by 0x3F: ???
==76077== 
==76077== 12 bytes in 1 blocks are indirectly lost in loss record 306 of 850
==76077==    at 0x484D953: calloc (in /usr/libexec/valgrind/vgpreload_memcheck-amd64-linux.so)
==76077==    by 0x723DE9: __mn_alloc (in /mnt/c/Users/Juan/Documents/GitHub/Mapanare/mapanare/self/mnc-stage1)
==76077==    by 0x7249CE: __mn_str_concat (in /mnt/c/Users/Juan/Documents/GitHub/Mapanare/mapanare/self/mnc-stage1)
==76077==    by 0x49AB59: lower_state__fresh_block_label (in /mnt/c/Users/Juan/Documents/GitHub/Mapanare/mapanare/self/mnc-stage1)
==76077==    by 0x6A9F3AF: ???
==76077==    by 0x100000000000D: ???
==76077==    by 0x73F2BF: ??? (in /mnt/c/Users/Juan/Documents/GitHub/Mapanare/mapanare/self/mnc-stage1)
==76077== 
==76077== 12 bytes in 1 blocks are definitely lost in loss record 307 of 850
==76077==    at 0x484D953: calloc (in /usr/libexec/valgrind/vgpreload_memcheck-amd64-linux.so)
==76077==    by 0x723DE9: __mn_alloc (in /mnt/c/Users/Juan/Documents/GitHub/Mapanare/mapanare/self/mnc-stage1)
==76077==    by 0x7249CE: __mn_str_concat (in /mnt/c/Users/Juan/Documents/GitHub/Mapanare/mapanare/self/mnc-stage1)
==76077==    by 0x6AFAAF: emit_llvm__emit_binop (in /mnt/c/Users/Juan/Documents/GitHub/Mapanare/mapanare/self/mnc-stage1)
==76077==    by 0x8000000000000003: ???
==76077==    by 0x6AAEDCF: ???
==76077==    by 0x6AC703F: ???
==76077==    by 0x6AA13FF: ???
==76077==    by 0x6AA105F: ???
==76077==    by 0x800000000000000C: ???
==76077==    by 0x8000000000000007: ???
==76077==    by 0x6AA127F: ???
==76077==    by 0x6ACA52F: ???
==76077==    by 0x8D: ???
==76077==    by 0xFF: ???
==76077== 
==76077== 13 bytes in 1 blocks are indirectly lost in loss record 308 of 850
==76077==    at 0x484D953: calloc (in /usr/libexec/valgrind/vgpreload_memcheck-amd64-linux.so)
==76077==    by 0x723DE9: __mn_alloc (in /mnt/c/Users/Juan/Documents/GitHub/Mapanare/mapanare/self/mnc-stage1)
==76077==    by 0x7249CE: __mn_str_concat (in /mnt/c/Users/Juan/Documents/GitHub/Mapanare/mapanare/self/mnc-stage1)
==76077==    by 0x71A8A3: emit_llvm__emit_mir_basic_block (in /mnt/c/Users/Juan/Documents/GitHub/Mapanare/mapanare/self/mnc-stage1)
==76077==    by 0x2: ???
==76077==    by 0x6AC703F: ???
==76077==    by 0x8000000000000010: ???
==76077== 
==76077== 13 bytes in 1 blocks are definitely lost in loss record 309 of 850
==76077==    at 0x484D953: calloc (in /usr/libexec/valgrind/vgpreload_memcheck-amd64-linux.so)
==76077==    by 0x723DE9: __mn_alloc (in /mnt/c/Users/Juan/Documents/GitHub/Mapanare/mapanare/self/mnc-stage1)
==76077==    by 0x7249CE: __mn_str_concat (in /mnt/c/Users/Juan/Documents/GitHub/Mapanare/mapanare/self/mnc-stage1)
==76077==    by 0x71C336: emit_llvm__emit_mir_function (in /mnt/c/Users/Juan/Documents/GitHub/Mapanare/mapanare/self/mnc-stage1)
==76077==    by 0x3F: ???
==76077== 
==76077== 14 bytes in 1 blocks are indirectly lost in loss record 310 of 850
==76077==    at 0x484D953: calloc (in /usr/libexec/valgrind/vgpreload_memcheck-amd64-linux.so)
==76077==    by 0x723DE9: __mn_alloc (in /mnt/c/Users/Juan/Documents/GitHub/Mapanare/mapanare/self/mnc-stage1)
==76077==    by 0x7249CE: __mn_str_concat (in /mnt/c/Users/Juan/Documents/GitHub/Mapanare/mapanare/self/mnc-stage1)
==76077==    by 0x68C32B: emit_llvm__build_internal_struct_list (in /mnt/c/Users/Juan/Documents/GitHub/Mapanare/mapanare/self/mnc-stage1)
==76077==    by 0x1: ???
==76077==    by 0x7: ???
==76077==    by 0x6AB00CF: ???
==76077==    by 0x7: ???
==76077==    by 0xF: ???
==76077== 
==76077== 14 bytes in 2 blocks are indirectly lost in loss record 311 of 850
==76077==    at 0x484D953: calloc (in /usr/libexec/valgrind/vgpreload_memcheck-amd64-linux.so)
==76077==    by 0x723DE9: __mn_alloc (in /mnt/c/Users/Juan/Documents/GitHub/Mapanare/mapanare/self/mnc-stage1)
==76077==    by 0x7249CE: __mn_str_concat (in /mnt/c/Users/Juan/Documents/GitHub/Mapanare/mapanare/self/mnc-stage1)
==76077==    by 0x71C957: emit_llvm__emit_mir_function (in /mnt/c/Users/Juan/Documents/GitHub/Mapanare/mapanare/self/mnc-stage1)
==76077==    by 0x3F: ???
==76077== 
==76077== 14 bytes in 1 blocks are definitely lost in loss record 312 of 850
==76077==    at 0x484D953: calloc (in /usr/libexec/valgrind/vgpreload_memcheck-amd64-linux.so)
==76077==    by 0x723DE9: __mn_alloc (in /mnt/c/Users/Juan/Documents/GitHub/Mapanare/mapanare/self/mnc-stage1)
==76077==    by 0x7249CE: __mn_str_concat (in /mnt/c/Users/Juan/Documents/GitHub/Mapanare/mapanare/self/mnc-stage1)
==76077==    by 0x71C361: emit_llvm__emit_mir_function (in /mnt/c/Users/Juan/Documents/GitHub/Mapanare/mapanare/self/mnc-stage1)
==76077==    by 0x3F: ???
==76077== 
==76077== 14 bytes in 2 blocks are definitely lost in loss record 313 of 850
==76077==    at 0x484D953: calloc (in /usr/libexec/valgrind/vgpreload_memcheck-amd64-linux.so)
==76077==    by 0x723DE9: __mn_alloc (in /mnt/c/Users/Juan/Documents/GitHub/Mapanare/mapanare/self/mnc-stage1)
==76077==    by 0x7245AB: __mn_str_from_parts (in /mnt/c/Users/Juan/Documents/GitHub/Mapanare/mapanare/self/mnc-stage1)
==76077==    by 0x5CCC51: lower__lower_call_by_name (in /mnt/c/Users/Juan/Documents/GitHub/Mapanare/mapanare/self/mnc-stage1)
==76077==    by 0x6A9DF0F: ???
==76077==    by 0x7: ???
==76077==    by 0x6AA351F: ???
==76077== 
==76077== 14 bytes in 2 blocks are definitely lost in loss record 314 of 850
==76077==    at 0x484D953: calloc (in /usr/libexec/valgrind/vgpreload_memcheck-amd64-linux.so)
==76077==    by 0x723DE9: __mn_alloc (in /mnt/c/Users/Juan/Documents/GitHub/Mapanare/mapanare/self/mnc-stage1)
==76077==    by 0x7245AB: __mn_str_from_parts (in /mnt/c/Users/Juan/Documents/GitHub/Mapanare/mapanare/self/mnc-stage1)
==76077==    by 0x5CCC76: lower__lower_call_by_name (in /mnt/c/Users/Juan/Documents/GitHub/Mapanare/mapanare/self/mnc-stage1)
==76077==    by 0x6A9DF0F: ???
==76077==    by 0x7: ???
==76077==    by 0x6AA351F: ???
==76077== 
==76077== 16 bytes in 1 blocks are indirectly lost in loss record 315 of 850
==76077==    at 0x4846828: malloc (in /usr/libexec/valgrind/vgpreload_memcheck-amd64-linux.so)
==76077==    by 0x432EAD: parser__parse_atom (in /mnt/c/Users/Juan/Documents/GitHub/Mapanare/mapanare/self/mnc-stage1)
==76077== 
==76077== 16 bytes in 1 blocks are indirectly lost in loss record 316 of 850
==76077==    at 0x4846828: malloc (in /usr/libexec/valgrind/vgpreload_memcheck-amd64-linux.so)
==76077==    by 0x42FCF8: parser__parse_expr (in /mnt/c/Users/Juan/Documents/GitHub/Mapanare/mapanare/self/mnc-stage1)
==76077== 
==76077== 16 bytes in 1 blocks are indirectly lost in loss record 317 of 850
==76077==    at 0x4846828: malloc (in /usr/libexec/valgrind/vgpreload_memcheck-amd64-linux.so)
==76077==    by 0x42FD12: parser__parse_expr (in /mnt/c/Users/Juan/Documents/GitHub/Mapanare/mapanare/self/mnc-stage1)
==76077== 
==76077== 16 bytes in 1 blocks are indirectly lost in loss record 318 of 850
==76077==    at 0x4846828: malloc (in /usr/libexec/valgrind/vgpreload_memcheck-amd64-linux.so)
==76077==    by 0x433542: parser__parse_atom (in /mnt/c/Users/Juan/Documents/GitHub/Mapanare/mapanare/self/mnc-stage1)
==76077==    by 0x6A71DAF: ???
==76077==    by 0x1D: ???
==76077== 
==76077== 16 bytes in 1 blocks are indirectly lost in loss record 319 of 850
==76077==    at 0x4846828: malloc (in /usr/libexec/valgrind/vgpreload_memcheck-amd64-linux.so)
==76077==    by 0x433542: parser__parse_atom (in /mnt/c/Users/Juan/Documents/GitHub/Mapanare/mapanare/self/mnc-stage1)
==76077==    by 0x483B0AF: ???
==76077==    by 0x1F: ???
==76077== 
==76077== 16 bytes in 1 blocks are indirectly lost in loss record 320 of 850
==76077==    at 0x4846828: malloc (in /usr/libexec/valgrind/vgpreload_memcheck-amd64-linux.so)
==76077==    by 0x42FDB5: parser__parse_expr (in /mnt/c/Users/Juan/Documents/GitHub/Mapanare/mapanare/self/mnc-stage1)
==76077==    by 0x1101: ???
==76077==    by 0x5: ???
==76077==    by 0x6A889DF: ???
==76077==    by 0x3F: ???
==76077==    by 0x48: ???
==76077==    by 0x7F: ???
==76077==    by 0x6A8498F: ???
==76077==    by 0x6A8498F: ???
==76077==    by 0x48: ???
==76077==    by 0x7F: ???
==76077==    by 0x3F: ???
==76077== 
==76077== 16 bytes in 1 blocks are indirectly lost in loss record 321 of 850
==76077==    at 0x4846828: malloc (in /usr/libexec/valgrind/vgpreload_memcheck-amd64-linux.so)
==76077==    by 0x42FDDE: parser__parse_expr (in /mnt/c/Users/Juan/Documents/GitHub/Mapanare/mapanare/self/mnc-stage1)
==76077==    by 0x1101: ???
==76077==    by 0x5: ???
==76077==    by 0x6A889DF: ???
==76077==    by 0x3F: ???
==76077==    by 0x48: ???
==76077==    by 0x7F: ???
==76077==    by 0x6A8498F: ???
==76077==    by 0x6A8498F: ???
==76077==    by 0x48: ???
==76077==    by 0x7F: ???
==76077==    by 0x3F: ???
==76077== 
==76077== 16 bytes in 1 blocks are indirectly lost in loss record 322 of 850
==76077==    at 0x4846828: malloc (in /usr/libexec/valgrind/vgpreload_memcheck-amd64-linux.so)
==76077==    by 0x42FEFB: parser__parse_expr (in /mnt/c/Users/Juan/Documents/GitHub/Mapanare/mapanare/self/mnc-stage1)
==76077==    by 0x7F: ???
==76077==    by 0x5: ???
==76077==    by 0x6A8875F: ???
==76077==    by 0x3F: ???
==76077==    by 0x48: ???
==76077==    by 0x7F: ???
==76077==    by 0x6A8498F: ???
==76077==    by 0x6A8498F: ???
==76077==    by 0x48: ???
==76077==    by 0x7F: ???
==76077==    by 0x3F: ???
==76077== 
==76077== 16 bytes in 1 blocks are indirectly lost in loss record 323 of 850
==76077==    at 0x4846828: malloc (in /usr/libexec/valgrind/vgpreload_memcheck-amd64-linux.so)
==76077==    by 0x4301C2: parser__parse_expr (in /mnt/c/Users/Juan/Documents/GitHub/Mapanare/mapanare/self/mnc-stage1)
==76077==    by 0x7F: ???
==76077==    by 0x5: ???
==76077==    by 0x6A8875F: ???
==76077==    by 0x3F: ???
==76077==    by 0x48: ???
==76077==    by 0x7F: ???
==76077==    by 0x6A8498F: ???
==76077==    by 0x6A8498F: ???
==76077==    by 0x48: ???
==76077==    by 0x7F: ???
==76077==    by 0x3F: ???
==76077== 
==76077== 16 bytes in 1 blocks are indirectly lost in loss record 324 of 850
==76077==    at 0x4846828: malloc (in /usr/libexec/valgrind/vgpreload_memcheck-amd64-linux.so)
==76077==    by 0x433542: parser__parse_atom (in /mnt/c/Users/Juan/Documents/GitHub/Mapanare/mapanare/self/mnc-stage1)
==76077==    by 0x6A8498F: ???
==76077==    by 0x22: ???
==76077== 
==76077== 16 bytes in 1 blocks are indirectly lost in loss record 325 of 850
==76077==    at 0x4846828: malloc (in /usr/libexec/valgrind/vgpreload_memcheck-amd64-linux.so)
==76077==    by 0x432EAD: parser__parse_atom (in /mnt/c/Users/Juan/Documents/GitHub/Mapanare/mapanare/self/mnc-stage1)
==76077==    by 0x6A71CEF: ???
==76077==    by 0x30: ???
==76077== 
==76077== 16 bytes in 1 blocks are indirectly lost in loss record 326 of 850
==76077==    at 0x4846828: malloc (in /usr/libexec/valgrind/vgpreload_memcheck-amd64-linux.so)
==76077==    by 0x433542: parser__parse_atom (in /mnt/c/Users/Juan/Documents/GitHub/Mapanare/mapanare/self/mnc-stage1)
==76077==    by 0x48: ???
==76077==    by 0x34: ???
==76077== 
==76077== 16 bytes in 1 blocks are indirectly lost in loss record 327 of 850
==76077==    at 0x4846828: malloc (in /usr/libexec/valgrind/vgpreload_memcheck-amd64-linux.so)
==76077==    by 0x433542: parser__parse_atom (in /mnt/c/Users/Juan/Documents/GitHub/Mapanare/mapanare/self/mnc-stage1)
==76077==    by 0x6A8498F: ???
==76077==    by 0x36: ???
==76077== 
==76077== 16 bytes in 1 blocks are indirectly lost in loss record 328 of 850
==76077==    at 0x4846828: malloc (in /usr/libexec/valgrind/vgpreload_memcheck-amd64-linux.so)
==76077==    by 0x432EAD: parser__parse_atom (in /mnt/c/Users/Juan/Documents/GitHub/Mapanare/mapanare/self/mnc-stage1)
==76077==    by 0x6A71CEF: ???
==76077==    by 0x3F: ???
==76077== 
==76077== 16 bytes in 1 blocks are indirectly lost in loss record 329 of 850
==76077==    at 0x4846828: malloc (in /usr/libexec/valgrind/vgpreload_memcheck-amd64-linux.so)
==76077==    by 0x433542: parser__parse_atom (in /mnt/c/Users/Juan/Documents/GitHub/Mapanare/mapanare/self/mnc-stage1)
==76077==    by 0x48: ???
==76077==    by 0x43: ???
==76077== 
==76077== 16 bytes in 1 blocks are indirectly lost in loss record 330 of 850
==76077==    at 0x4846828: malloc (in /usr/libexec/valgrind/vgpreload_memcheck-amd64-linux.so)
==76077==    by 0x433542: parser__parse_atom (in /mnt/c/Users/Juan/Documents/GitHub/Mapanare/mapanare/self/mnc-stage1)
==76077==    by 0x6A8498F: ???
==76077==    by 0x45: ???
==76077== 
==76077== 16 bytes in 1 blocks are indirectly lost in loss record 331 of 850
==76077==    at 0x4846828: malloc (in /usr/libexec/valgrind/vgpreload_memcheck-amd64-linux.so)
==76077==    by 0x51ABE8: lower__lower_for (in /mnt/c/Users/Juan/Documents/GitHub/Mapanare/mapanare/self/mnc-stage1)
==76077==    by 0x37: ???
==76077==    by 0x7: ???
==76077== 
==76077== 16 bytes in 1 blocks are indirectly lost in loss record 332 of 850
==76077==    at 0x4846828: malloc (in /usr/libexec/valgrind/vgpreload_memcheck-amd64-linux.so)
==76077==    by 0x52A8A7: lower__lower_for (in /mnt/c/Users/Juan/Documents/GitHub/Mapanare/mapanare/self/mnc-stage1)
==76077== 
==76077== 16 bytes in 1 blocks are indirectly lost in loss record 333 of 850
==76077==    at 0x484D953: calloc (in /usr/libexec/valgrind/vgpreload_memcheck-amd64-linux.so)
==76077==    by 0x723DE9: __mn_alloc (in /mnt/c/Users/Juan/Documents/GitHub/Mapanare/mapanare/self/mnc-stage1)
==76077==    by 0x7249CE: __mn_str_concat (in /mnt/c/Users/Juan/Documents/GitHub/Mapanare/mapanare/self/mnc-stage1)
==76077==    by 0x68A844: emit_llvm__build_internal_struct_list (in /mnt/c/Users/Juan/Documents/GitHub/Mapanare/mapanare/self/mnc-stage1)
==76077==    by 0x2: ???
==76077==    by 0x7: ???
==76077==    by 0x6AADABF: ???
==76077==    by 0x7: ???
==76077==    by 0xF: ???
==76077== 
==76077== 16 bytes in 1 blocks are indirectly lost in loss record 334 of 850
==76077==    at 0x484D953: calloc (in /usr/libexec/valgrind/vgpreload_memcheck-amd64-linux.so)
==76077==    by 0x723DE9: __mn_alloc (in /mnt/c/Users/Juan/Documents/GitHub/Mapanare/mapanare/self/mnc-stage1)
==76077==    by 0x7249CE: __mn_str_concat (in /mnt/c/Users/Juan/Documents/GitHub/Mapanare/mapanare/self/mnc-stage1)
==76077==    by 0x68AA33: emit_llvm__build_internal_struct_list (in /mnt/c/Users/Juan/Documents/GitHub/Mapanare/mapanare/self/mnc-stage1)
==76077==    by 0x2: ???
==76077==    by 0x7: ???
==76077==    by 0x6AADBDF: ???
==76077==    by 0x7: ???
==76077==    by 0xF: ???
==76077== 
==76077== 16 bytes in 1 blocks are indirectly lost in loss record 335 of 850
==76077==    at 0x484D953: calloc (in /usr/libexec/valgrind/vgpreload_memcheck-amd64-linux.so)
==76077==    by 0x723DE9: __mn_alloc (in /mnt/c/Users/Juan/Documents/GitHub/Mapanare/mapanare/self/mnc-stage1)
==76077==    by 0x7249CE: __mn_str_concat (in /mnt/c/Users/Juan/Documents/GitHub/Mapanare/mapanare/self/mnc-stage1)
==76077==    by 0x68C167: emit_llvm__build_internal_struct_list (in /mnt/c/Users/Juan/Documents/GitHub/Mapanare/mapanare/self/mnc-stage1)
==76077==    by 0x2: ???
==76077==    by 0x7: ???
==76077==    by 0x6AAFFAF: ???
==76077==    by 0x7: ???
==76077==    by 0xF: ???
==76077== 
==76077== 16 bytes in 2 blocks are indirectly lost in loss record 336 of 850
==76077==    at 0x484D953: calloc (in /usr/libexec/valgrind/vgpreload_memcheck-amd64-linux.so)
==76077==    by 0x723DE9: __mn_alloc (in /mnt/c/Users/Juan/Documents/GitHub/Mapanare/mapanare/self/mnc-stage1)
==76077==    by 0x7245AB: __mn_str_from_parts (in /mnt/c/Users/Juan/Documents/GitHub/Mapanare/mapanare/self/mnc-stage1)
==76077==    by 0x4D0FB5: lower__lower_fn (in /mnt/c/Users/Juan/Documents/GitHub/Mapanare/mapanare/self/mnc-stage1)
==76077== 
==76077== 16 bytes in 2 blocks are indirectly lost in loss record 337 of 850
==76077==    at 0x484D953: calloc (in /usr/libexec/valgrind/vgpreload_memcheck-amd64-linux.so)
==76077==    by 0x723DE9: __mn_alloc (in /mnt/c/Users/Juan/Documents/GitHub/Mapanare/mapanare/self/mnc-stage1)
==76077==    by 0x7249CE: __mn_str_concat (in /mnt/c/Users/Juan/Documents/GitHub/Mapanare/mapanare/self/mnc-stage1)
==76077==    by 0x4CE52F: lower__bind_fn_params (in /mnt/c/Users/Juan/Documents/GitHub/Mapanare/mapanare/self/mnc-stage1)
==76077== 
==76077== 16 bytes in 1 blocks are definitely lost in loss record 338 of 850
==76077==    at 0x4846828: malloc (in /usr/libexec/valgrind/vgpreload_memcheck-amd64-linux.so)
==76077==    by 0x728B99: __mn_range (in /mnt/c/Users/Juan/Documents/GitHub/Mapanare/mapanare/self/mnc-stage1)
==76077==    by 0x41FF75: lexer__scan_number (in /mnt/c/Users/Juan/Documents/GitHub/Mapanare/mapanare/self/mnc-stage1)
==76077==    by 0x6A77578: ???
==76077==    by 0x6A73257: ???
==76077== 
==76077== 16 bytes in 1 blocks are definitely lost in loss record 339 of 850
==76077==    at 0x4846828: malloc (in /usr/libexec/valgrind/vgpreload_memcheck-amd64-linux.so)
==76077==    by 0x728B99: __mn_range (in /mnt/c/Users/Juan/Documents/GitHub/Mapanare/mapanare/self/mnc-stage1)
==76077==    by 0x41FF75: lexer__scan_number (in /mnt/c/Users/Juan/Documents/GitHub/Mapanare/mapanare/self/mnc-stage1)
==76077==    by 0x6A81F9F: ???
==76077==    by 0x6A73257: ???
==76077== 
==76077== 16 bytes in 1 blocks are definitely lost in loss record 340 of 850
==76077==    at 0x4846828: malloc (in /usr/libexec/valgrind/vgpreload_memcheck-amd64-linux.so)
==76077==    by 0x728B99: __mn_range (in /mnt/c/Users/Juan/Documents/GitHub/Mapanare/mapanare/self/mnc-stage1)
==76077==    by 0x41FF75: lexer__scan_number (in /mnt/c/Users/Juan/Documents/GitHub/Mapanare/mapanare/self/mnc-stage1)
==76077==    by 0x6A86A1F: ???
==76077==    by 0x6A73257: ???
==76077== 
==76077== 16 bytes in 1 blocks are definitely lost in loss record 341 of 850
==76077==    at 0x4846828: malloc (in /usr/libexec/valgrind/vgpreload_memcheck-amd64-linux.so)
==76077==    by 0x728B99: __mn_range (in /mnt/c/Users/Juan/Documents/GitHub/Mapanare/mapanare/self/mnc-stage1)
==76077==    by 0x423BE0: parser__parse (in /mnt/c/Users/Juan/Documents/GitHub/Mapanare/mapanare/self/mnc-stage1)
==76077== 
==76077== 16 bytes in 1 blocks are definitely lost in loss record 342 of 850
==76077==    at 0x4846828: malloc (in /usr/libexec/valgrind/vgpreload_memcheck-amd64-linux.so)
==76077==    by 0x728B99: __mn_range (in /mnt/c/Users/Juan/Documents/GitHub/Mapanare/mapanare/self/mnc-stage1)
==76077==    by 0x42308E: parser__skip_semis (in /mnt/c/Users/Juan/Documents/GitHub/Mapanare/mapanare/self/mnc-stage1)
==76077==    by 0x1: ???
==76077==    by 0x73CAE7: ??? (in /mnt/c/Users/Juan/Documents/GitHub/Mapanare/mapanare/self/mnc-stage1)
==76077==    by 0x5: ???
==76077==    by 0x73CAEF: ??? (in /mnt/c/Users/Juan/Documents/GitHub/Mapanare/mapanare/self/mnc-stage1)
==76077== 
==76077== 16 bytes in 1 blocks are definitely lost in loss record 343 of 850
==76077==    at 0x4846828: malloc (in /usr/libexec/valgrind/vgpreload_memcheck-amd64-linux.so)
==76077==    by 0x728B99: __mn_range (in /mnt/c/Users/Juan/Documents/GitHub/Mapanare/mapanare/self/mnc-stage1)
==76077==    by 0x4272DB: parser__parse_fn_params (in /mnt/c/Users/Juan/Documents/GitHub/Mapanare/mapanare/self/mnc-stage1)
==76077==    by 0x3F: ???
==76077==    by 0x2: ???
==76077==    by 0x7521FF: ??? (in /mnt/c/Users/Juan/Documents/GitHub/Mapanare/mapanare/self/mnc-stage1)
==76077== 
==76077== 16 bytes in 1 blocks are definitely lost in loss record 344 of 850
==76077==    at 0x4846828: malloc (in /usr/libexec/valgrind/vgpreload_memcheck-amd64-linux.so)
==76077==    by 0x728B99: __mn_range (in /mnt/c/Users/Juan/Documents/GitHub/Mapanare/mapanare/self/mnc-stage1)
==76077==    by 0x42EB95: parser__parse_block (in /mnt/c/Users/Juan/Documents/GitHub/Mapanare/mapanare/self/mnc-stage1)
==76077== 
==76077== 16 bytes in 1 blocks are definitely lost in loss record 345 of 850
==76077==    at 0x4846828: malloc (in /usr/libexec/valgrind/vgpreload_memcheck-amd64-linux.so)
==76077==    by 0x728B99: __mn_range (in /mnt/c/Users/Juan/Documents/GitHub/Mapanare/mapanare/self/mnc-stage1)
==76077==    by 0x4306E0: parser__parse_postfix (in /mnt/c/Users/Juan/Documents/GitHub/Mapanare/mapanare/self/mnc-stage1)
==76077==    by 0x14: ???
==76077==    by 0x6A8814F: ???
==76077==    by 0x1: ???
==76077== 
==76077== 16 bytes in 1 blocks are definitely lost in loss record 346 of 850
==76077==    at 0x4846828: malloc (in /usr/libexec/valgrind/vgpreload_memcheck-amd64-linux.so)
==76077==    by 0x728B99: __mn_range (in /mnt/c/Users/Juan/Documents/GitHub/Mapanare/mapanare/self/mnc-stage1)
==76077==    by 0x42308E: parser__skip_semis (in /mnt/c/Users/Juan/Documents/GitHub/Mapanare/mapanare/self/mnc-stage1)
==76077==    by 0x6A8805F: ???
==76077== 
==76077== 16 bytes in 1 blocks are definitely lost in loss record 347 of 850
==76077==    at 0x4846828: malloc (in /usr/libexec/valgrind/vgpreload_memcheck-amd64-linux.so)
==76077==    by 0x728B99: __mn_range (in /mnt/c/Users/Juan/Documents/GitHub/Mapanare/mapanare/self/mnc-stage1)
==76077==    by 0x4306E0: parser__parse_postfix (in /mnt/c/Users/Juan/Documents/GitHub/Mapanare/mapanare/self/mnc-stage1)
==76077==    by 0x18: ???
==76077==    by 0x6A883DF: ???
==76077== 
==76077== 16 bytes in 1 blocks are definitely lost in loss record 348 of 850
==76077==    at 0x4846828: malloc (in /usr/libexec/valgrind/vgpreload_memcheck-amd64-linux.so)
==76077==    by 0x728B99: __mn_range (in /mnt/c/Users/Juan/Documents/GitHub/Mapanare/mapanare/self/mnc-stage1)
==76077==    by 0x4306E0: parser__parse_postfix (in /mnt/c/Users/Juan/Documents/GitHub/Mapanare/mapanare/self/mnc-stage1)
==76077==    by 0x1A: ???
==76077==    by 0x6A884CF: ???
==76077==    by 0x5: ???
==76077==    by 0x7F: ???
==76077==    by 0x3F: ???
==76077== 
==76077== 16 bytes in 1 blocks are definitely lost in loss record 349 of 850
==76077==    at 0x4846828: malloc (in /usr/libexec/valgrind/vgpreload_memcheck-amd64-linux.so)
==76077==    by 0x728B99: __mn_range (in /mnt/c/Users/Juan/Documents/GitHub/Mapanare/mapanare/self/mnc-stage1)
==76077==    by 0x42FA6B: parser__parse_expr (in /mnt/c/Users/Juan/Documents/GitHub/Mapanare/mapanare/self/mnc-stage1)
==76077==    by 0x1: ???
==76077==    by 0x5: ???
==76077==    by 0x6A884CF: ???
==76077==    by 0x3F: ???
==76077==    by 0x48: ???
==76077==    by 0x7F: ???
==76077==    by 0x6A8498F: ???
==76077==    by 0x3F: ???
==76077== 
==76077== 16 bytes in 1 blocks are definitely lost in loss record 350 of 850
==76077==    at 0x4846828: malloc (in /usr/libexec/valgrind/vgpreload_memcheck-amd64-linux.so)
==76077==    by 0x728B99: __mn_range (in /mnt/c/Users/Juan/Documents/GitHub/Mapanare/mapanare/self/mnc-stage1)
==76077==    by 0x42EB95: parser__parse_block (in /mnt/c/Users/Juan/Documents/GitHub/Mapanare/mapanare/self/mnc-stage1)
==76077==    by 0x48: ???
==76077==    by 0x1B: ???
==76077== 
==76077== 16 bytes in 1 blocks are definitely lost in loss record 351 of 850
==76077==    at 0x4846828: malloc (in /usr/libexec/valgrind/vgpreload_memcheck-amd64-linux.so)
==76077==    by 0x728B99: __mn_range (in /mnt/c/Users/Juan/Documents/GitHub/Mapanare/mapanare/self/mnc-stage1)
==76077==    by 0x4306E0: parser__parse_postfix (in /mnt/c/Users/Juan/Documents/GitHub/Mapanare/mapanare/self/mnc-stage1)
==76077==    by 0x1C: ???
==76077==    by 0x6A8875F: ???
==76077==    by 0x5: ???
==76077==    by 0x6A883DF: ???
==76077==    by 0x1101: ???
==76077==    by 0x580053FF: ??? (in /usr/libexec/valgrind/memcheck-amd64-linux)
==76077==    by 0x7: ???
==76077== 
==76077== 16 bytes in 1 blocks are definitely lost in loss record 352 of 850
==76077==    at 0x4846828: malloc (in /usr/libexec/valgrind/vgpreload_memcheck-amd64-linux.so)
==76077==    by 0x728B99: __mn_range (in /mnt/c/Users/Juan/Documents/GitHub/Mapanare/mapanare/self/mnc-stage1)
==76077==    by 0x4306E0: parser__parse_postfix (in /mnt/c/Users/Juan/Documents/GitHub/Mapanare/mapanare/self/mnc-stage1)
==76077==    by 0x1E: ???
==76077==    by 0x6A887FF: ???
==76077==    by 0x5: ???
==76077==    by 0x7F: ???
==76077==    by 0x3F: ???
==76077== 
==76077== 16 bytes in 1 blocks are definitely lost in loss record 353 of 850
==76077==    at 0x4846828: malloc (in /usr/libexec/valgrind/vgpreload_memcheck-amd64-linux.so)
==76077==    by 0x728B99: __mn_range (in /mnt/c/Users/Juan/Documents/GitHub/Mapanare/mapanare/self/mnc-stage1)
==76077==    by 0x42FA6B: parser__parse_expr (in /mnt/c/Users/Juan/Documents/GitHub/Mapanare/mapanare/self/mnc-stage1)
==76077==    by 0x1101: ???
==76077==    by 0x5: ???
==76077==    by 0x6A887FF: ???
==76077==    by 0x3F: ???
==76077==    by 0x48: ???
==76077==    by 0x7F: ???
==76077==    by 0x6A8498F: ???
==76077==    by 0x6A8498F: ???
==76077==    by 0x48: ???
==76077==    by 0x7F: ???
==76077==    by 0x3F: ???
==76077== 
==76077== 16 bytes in 1 blocks are definitely lost in loss record 354 of 850
==76077==    at 0x4846828: malloc (in /usr/libexec/valgrind/vgpreload_memcheck-amd64-linux.so)
==76077==    by 0x728B99: __mn_range (in /mnt/c/Users/Juan/Documents/GitHub/Mapanare/mapanare/self/mnc-stage1)
==76077==    by 0x4306E0: parser__parse_postfix (in /mnt/c/Users/Juan/Documents/GitHub/Mapanare/mapanare/self/mnc-stage1)
==76077==    by 0x20: ???
==76077==    by 0x6A888EF: ???
==76077==    by 0x5: ???
==76077==    by 0x7F: ???
==76077==    by 0x3F: ???
==76077== 
==76077== 16 bytes in 1 blocks are definitely lost in loss record 355 of 850
==76077==    at 0x4846828: malloc (in /usr/libexec/valgrind/vgpreload_memcheck-amd64-linux.so)
==76077==    by 0x728B99: __mn_range (in /mnt/c/Users/Juan/Documents/GitHub/Mapanare/mapanare/self/mnc-stage1)
==76077==    by 0x42FA6B: parser__parse_expr (in /mnt/c/Users/Juan/Documents/GitHub/Mapanare/mapanare/self/mnc-stage1)
==76077==    by 0x3F: ???
==76077==    by 0x5: ???
==76077==    by 0x6A888EF: ???
==76077==    by 0x3F: ???
==76077==    by 0x48: ???
==76077==    by 0x7F: ???
==76077==    by 0x6A8498F: ???
==76077==    by 0x3F: ???
==76077== 
==76077== 16 bytes in 1 blocks are definitely lost in loss record 356 of 850
==76077==    at 0x4846828: malloc (in /usr/libexec/valgrind/vgpreload_memcheck-amd64-linux.so)
==76077==    by 0x728B99: __mn_range (in /mnt/c/Users/Juan/Documents/GitHub/Mapanare/mapanare/self/mnc-stage1)
==76077==    by 0x42308E: parser__skip_semis (in /mnt/c/Users/Juan/Documents/GitHub/Mapanare/mapanare/self/mnc-stage1)
==76077==    by 0x6A8870F: ???
==76077== 
==76077== 16 bytes in 1 blocks are definitely lost in loss record 357 of 850
==76077==    at 0x4846828: malloc (in /usr/libexec/valgrind/vgpreload_memcheck-amd64-linux.so)
==76077==    by 0x728B99: __mn_range (in /mnt/c/Users/Juan/Documents/GitHub/Mapanare/mapanare/self/mnc-stage1)
==76077==    by 0x42308E: parser__skip_semis (in /mnt/c/Users/Juan/Documents/GitHub/Mapanare/mapanare/self/mnc-stage1)
==76077==    by 0x6A8838F: ???
==76077== 
==76077== 16 bytes in 1 blocks are definitely lost in loss record 358 of 850
==76077==    at 0x4846828: malloc (in /usr/libexec/valgrind/vgpreload_memcheck-amd64-linux.so)
==76077==    by 0x728B99: __mn_range (in /mnt/c/Users/Juan/Documents/GitHub/Mapanare/mapanare/self/mnc-stage1)
==76077==    by 0x4306E0: parser__parse_postfix (in /mnt/c/Users/Juan/Documents/GitHub/Mapanare/mapanare/self/mnc-stage1)
==76077==    by 0x23: ???
==76077==    by 0x6A88E4F: ???
==76077==    by 0x5: ???
==76077==    by 0x6A8498F: ???
==76077==    by 0x48: ???
==76077==    by 0x6A88BDF: ???
==76077==    by 0x1101: ???
==76077==    by 0x580053FF: ??? (in /usr/libexec/valgrind/memcheck-amd64-linux)
==76077==    by 0xF: ???
==76077== 
==76077== 16 bytes in 1 blocks are definitely lost in loss record 359 of 850
==76077==    at 0x4846828: malloc (in /usr/libexec/valgrind/vgpreload_memcheck-amd64-linux.so)
==76077==    by 0x728B99: __mn_range (in /mnt/c/Users/Juan/Documents/GitHub/Mapanare/mapanare/self/mnc-stage1)
==76077==    by 0x42FA6B: parser__parse_expr (in /mnt/c/Users/Juan/Documents/GitHub/Mapanare/mapanare/self/mnc-stage1)
==76077==    by 0x7: ???
==76077==    by 0x5: ???
==76077==    by 0x6A88E4F: ???
==76077==    by 0x3F: ???
==76077==    by 0x48: ???
==76077==    by 0x7F: ???
==76077==    by 0x6A8498F: ???
==76077==    by 0x6A8498F: ???
==76077==    by 0x48: ???
==76077==    by 0x7F: ???
==76077==    by 0x3F: ???
==76077== 
==76077== 16 bytes in 1 blocks are definitely lost in loss record 360 of 850
==76077==    at 0x4846828: malloc (in /usr/libexec/valgrind/vgpreload_memcheck-amd64-linux.so)
==76077==    by 0x728B99: __mn_range (in /mnt/c/Users/Juan/Documents/GitHub/Mapanare/mapanare/self/mnc-stage1)
==76077==    by 0x42308E: parser__skip_semis (in /mnt/c/Users/Juan/Documents/GitHub/Mapanare/mapanare/self/mnc-stage1)
==76077==    by 0x6A88DFF: ???
==76077== 
==76077== 16 bytes in 1 blocks are definitely lost in loss record 361 of 850
==76077==    at 0x4846828: malloc (in /usr/libexec/valgrind/vgpreload_memcheck-amd64-linux.so)
==76077==    by 0x728B99: __mn_range (in /mnt/c/Users/Juan/Documents/GitHub/Mapanare/mapanare/self/mnc-stage1)
==76077==    by 0x42308E: parser__skip_semis (in /mnt/c/Users/Juan/Documents/GitHub/Mapanare/mapanare/self/mnc-stage1)
==76077==    by 0x6A87BEF: ???
==76077== 
==76077== 16 bytes in 1 blocks are definitely lost in loss record 362 of 850
==76077==    at 0x4846828: malloc (in /usr/libexec/valgrind/vgpreload_memcheck-amd64-linux.so)
==76077==    by 0x728B99: __mn_range (in /mnt/c/Users/Juan/Documents/GitHub/Mapanare/mapanare/self/mnc-stage1)
==76077==    by 0x42EB95: parser__parse_block (in /mnt/c/Users/Juan/Documents/GitHub/Mapanare/mapanare/self/mnc-stage1)
==76077==    by 0x6A8800F: ???
==76077==    by 0x29: ???
==76077== 
==76077== 16 bytes in 1 blocks are definitely lost in loss record 363 of 850
==76077==    at 0x4846828: malloc (in /usr/libexec/valgrind/vgpreload_memcheck-amd64-linux.so)
==76077==    by 0x728B99: __mn_range (in /mnt/c/Users/Juan/Documents/GitHub/Mapanare/mapanare/self/mnc-stage1)
==76077==    by 0x42308E: parser__skip_semis (in /mnt/c/Users/Juan/Documents/GitHub/Mapanare/mapanare/self/mnc-stage1)
==76077==    by 0x6A88F9F: ???
==76077==    by 0x724D2C: __mn_str_eq (in /mnt/c/Users/Juan/Documents/GitHub/Mapanare/mapanare/self/mnc-stage1)
==76077==    by 0x422FF4: parser__expect (in /mnt/c/Users/Juan/Documents/GitHub/Mapanare/mapanare/self/mnc-stage1)
==76077==    by 0x7F: ???
==76077==    by 0x6A8498F: ???
==76077==    by 0x48: ???
==76077==    by 0x7F: ???
==76077==    by 0x3F: ???
==76077==    by 0x6A8925F: ???
==76077==    by 0x1101: ???
==76077==    by 0x580053FF: ??? (in /usr/libexec/valgrind/memcheck-amd64-linux)
==76077==    by 0xF: ???
==76077== 
==76077== 16 bytes in 1 blocks are definitely lost in loss record 364 of 850
==76077==    at 0x4846828: malloc (in /usr/libexec/valgrind/vgpreload_memcheck-amd64-linux.so)
==76077==    by 0x728B99: __mn_range (in /mnt/c/Users/Juan/Documents/GitHub/Mapanare/mapanare/self/mnc-stage1)
==76077==    by 0x4306E0: parser__parse_postfix (in /mnt/c/Users/Juan/Documents/GitHub/Mapanare/mapanare/self/mnc-stage1)
==76077==    by 0x2F: ???
==76077==    by 0x6A8934F: ???
==76077==    by 0x5: ???
==76077==    by 0x724D2C: __mn_str_eq (in /mnt/c/Users/Juan/Documents/GitHub/Mapanare/mapanare/self/mnc-stage1)
==76077==    by 0x430B69: parser__parse_postfix (in /mnt/c/Users/Juan/Documents/GitHub/Mapanare/mapanare/self/mnc-stage1)
==76077==    by 0x23: ???
==76077==    by 0x6A88E4F: ???
==76077==    by 0x5: ???
==76077== 
==76077== 16 bytes in 1 blocks are definitely lost in loss record 365 of 850
==76077==    at 0x4846828: malloc (in /usr/libexec/valgrind/vgpreload_memcheck-amd64-linux.so)
==76077==    by 0x728B99: __mn_range (in /mnt/c/Users/Juan/Documents/GitHub/Mapanare/mapanare/self/mnc-stage1)
==76077==    by 0x4306E0: parser__parse_postfix (in /mnt/c/Users/Juan/Documents/GitHub/Mapanare/mapanare/self/mnc-stage1)
==76077==    by 0x31: ???
==76077==    by 0x6A8948F: ???
==76077==    by 0x1: ???
==76077==    by 0x6A8498F: ???
==76077==    by 0x48: ???
==76077==    by 0x7F: ???
==76077==    by 0x3F: ???
==76077==    by 0x6A8898F: ???
==76077==    by 0x1101: ???
==76077==    by 0x580053FF: ??? (in /usr/libexec/valgrind/memcheck-amd64-linux)
==76077==    by 0xF: ???
==76077== 
==76077== 16 bytes in 1 blocks are definitely lost in loss record 366 of 850
==76077==    at 0x4846828: malloc (in /usr/libexec/valgrind/vgpreload_memcheck-amd64-linux.so)
==76077==    by 0x728B99: __mn_range (in /mnt/c/Users/Juan/Documents/GitHub/Mapanare/mapanare/self/mnc-stage1)
==76077==    by 0x42FA6B: parser__parse_expr (in /mnt/c/Users/Juan/Documents/GitHub/Mapanare/mapanare/self/mnc-stage1)
==76077==    by 0x48: ???
==76077==    by 0x1: ???
==76077==    by 0x6A8948F: ???
==76077==    by 0x3F: ???
==76077==    by 0x48: ???
==76077==    by 0x7F: ???
==76077==    by 0x6A8498F: ???
==76077==    by 0x6A8498F: ???
==76077==    by 0x48: ???
==76077==    by 0x7F: ???
==76077==    by 0x3F: ???
==76077== 
==76077== 16 bytes in 1 blocks are definitely lost in loss record 367 of 850
==76077==    at 0x4846828: malloc (in /usr/libexec/valgrind/vgpreload_memcheck-amd64-linux.so)
==76077==    by 0x728B99: __mn_range (in /mnt/c/Users/Juan/Documents/GitHub/Mapanare/mapanare/self/mnc-stage1)
==76077==    by 0x4306E0: parser__parse_postfix (in /mnt/c/Users/Juan/Documents/GitHub/Mapanare/mapanare/self/mnc-stage1)
==76077==    by 0x33: ???
==76077==    by 0x6A8969F: ???
==76077== 
==76077== 16 bytes in 1 blocks are definitely lost in loss record 368 of 850
==76077==    at 0x4846828: malloc (in /usr/libexec/valgrind/vgpreload_memcheck-amd64-linux.so)
==76077==    by 0x728B99: __mn_range (in /mnt/c/Users/Juan/Documents/GitHub/Mapanare/mapanare/self/mnc-stage1)
==76077==    by 0x42FA6B: parser__parse_expr (in /mnt/c/Users/Juan/Documents/GitHub/Mapanare/mapanare/self/mnc-stage1)
==76077==    by 0x48: ???
==76077== 
==76077== 16 bytes in 1 blocks are definitely lost in loss record 369 of 850
==76077==    at 0x4846828: malloc (in /usr/libexec/valgrind/vgpreload_memcheck-amd64-linux.so)
==76077==    by 0x728B99: __mn_range (in /mnt/c/Users/Juan/Documents/GitHub/Mapanare/mapanare/self/mnc-stage1)
==76077==    by 0x42308E: parser__skip_semis (in /mnt/c/Users/Juan/Documents/GitHub/Mapanare/mapanare/self/mnc-stage1)
==76077==    by 0x6A892AF: ???
==76077== 
==76077== 16 bytes in 1 blocks are definitely lost in loss record 370 of 850
==76077==    at 0x4846828: malloc (in /usr/libexec/valgrind/vgpreload_memcheck-amd64-linux.so)
==76077==    by 0x728B99: __mn_range (in /mnt/c/Users/Juan/Documents/GitHub/Mapanare/mapanare/self/mnc-stage1)
==76077==    by 0x4306E0: parser__parse_postfix (in /mnt/c/Users/Juan/Documents/GitHub/Mapanare/mapanare/self/mnc-stage1)
==76077==    by 0x35: ???
==76077==    by 0x6A89A3F: ???
==76077==    by 0x5: ???
==76077==    by 0x6A8498F: ???
==76077==    by 0x48: ???
==76077==    by 0x7F: ???
==76077==    by 0x3F: ???
==76077==    by 0x6A8984F: ???
==76077==    by 0x1101: ???
==76077==    by 0x580053FF: ??? (in /usr/libexec/valgrind/memcheck-amd64-linux)
==76077==    by 0xF: ???
==76077== 
==76077== 16 bytes in 1 blocks are definitely lost in loss record 371 of 850
==76077==    at 0x4846828: malloc (in /usr/libexec/valgrind/vgpreload_memcheck-amd64-linux.so)
==76077==    by 0x728B99: __mn_range (in /mnt/c/Users/Juan/Documents/GitHub/Mapanare/mapanare/self/mnc-stage1)
==76077==    by 0x4306E0: parser__parse_postfix (in /mnt/c/Users/Juan/Documents/GitHub/Mapanare/mapanare/self/mnc-stage1)
==76077==    by 0x37: ???
==76077==    by 0x6A89ADF: ???
==76077==    by 0x5: ???
==76077==    by 0x6A8498F: ???
==76077==    by 0x48: ???
==76077==    by 0x7F: ???
==76077==    by 0x3F: ???
==76077==    by 0x6A8973F: ???
==76077==    by 0x1101: ???
==76077==    by 0x580053FF: ??? (in /usr/libexec/valgrind/memcheck-amd64-linux)
==76077==    by 0xF: ???
==76077== 
==76077== 16 bytes in 1 blocks are definitely lost in loss record 372 of 850
==76077==    at 0x4846828: malloc (in /usr/libexec/valgrind/vgpreload_memcheck-amd64-linux.so)
==76077==    by 0x728B99: __mn_range (in /mnt/c/Users/Juan/Documents/GitHub/Mapanare/mapanare/self/mnc-stage1)
==76077==    by 0x42FA6B: parser__parse_expr (in /mnt/c/Users/Juan/Documents/GitHub/Mapanare/mapanare/self/mnc-stage1)
==76077==    by 0x48: ???
==76077==    by 0x5: ???
==76077==    by 0x6A89ADF: ???
==76077==    by 0x3F: ???
==76077==    by 0x48: ???
==76077==    by 0x7F: ???
==76077==    by 0x6A8498F: ???
==76077==    by 0x6A8498F: ???
==76077==    by 0x48: ???
==76077==    by 0x7F: ???
==76077==    by 0x3F: ???
==76077== 
==76077== 16 bytes in 1 blocks are definitely lost in loss record 373 of 850
==76077==    at 0x4846828: malloc (in /usr/libexec/valgrind/vgpreload_memcheck-amd64-linux.so)
==76077==    by 0x728B99: __mn_range (in /mnt/c/Users/Juan/Documents/GitHub/Mapanare/mapanare/self/mnc-stage1)
==76077==    by 0x42FA6B: parser__parse_expr (in /mnt/c/Users/Juan/Documents/GitHub/Mapanare/mapanare/self/mnc-stage1)
==76077==    by 0x48: ???
==76077==    by 0x8: ???
==76077==    by 0x6A89CEF: ???
==76077==    by 0x3F: ???
==76077==    by 0x48: ???
==76077==    by 0x7F: ???
==76077==    by 0x6A8498F: ???
==76077==    by 0x6A8498F: ???
==76077==    by 0x48: ???
==76077==    by 0x7F: ???
==76077==    by 0x3F: ???
==76077== 
==76077== 16 bytes in 1 blocks are definitely lost in loss record 374 of 850
==76077==    at 0x4846828: malloc (in /usr/libexec/valgrind/vgpreload_memcheck-amd64-linux.so)
==76077==    by 0x728B99: __mn_range (in /mnt/c/Users/Juan/Documents/GitHub/Mapanare/mapanare/self/mnc-stage1)
==76077==    by 0x42308E: parser__skip_semis (in /mnt/c/Users/Juan/Documents/GitHub/Mapanare/mapanare/self/mnc-stage1)
==76077==    by 0x6A899EF: ???
==76077== 
==76077== 16 bytes in 1 blocks are definitely lost in loss record 375 of 850
==76077==    at 0x4846828: malloc (in /usr/libexec/valgrind/vgpreload_memcheck-amd64-linux.so)
==76077==    by 0x728B99: __mn_range (in /mnt/c/Users/Juan/Documents/GitHub/Mapanare/mapanare/self/mnc-stage1)
==76077==    by 0x4306E0: parser__parse_postfix (in /mnt/c/Users/Juan/Documents/GitHub/Mapanare/mapanare/self/mnc-stage1)
==76077==    by 0x3E: ???
==76077==    by 0x6A89EEF: ???
==76077==    by 0x5: ???
==76077== 
==76077== 16 bytes in 1 blocks are definitely lost in loss record 376 of 850
==76077==    at 0x4846828: malloc (in /usr/libexec/valgrind/vgpreload_memcheck-amd64-linux.so)
==76077==    by 0x728B99: __mn_range (in /mnt/c/Users/Juan/Documents/GitHub/Mapanare/mapanare/self/mnc-stage1)
==76077==    by 0x4306E0: parser__parse_postfix (in /mnt/c/Users/Juan/Documents/GitHub/Mapanare/mapanare/self/mnc-stage1)
==76077==    by 0x40: ???
==76077==    by 0x6A8A02F: ???
==76077==    by 0x1: ???
==76077== 
==76077== 16 bytes in 1 blocks are definitely lost in loss record 377 of 850
==76077==    at 0x4846828: malloc (in /usr/libexec/valgrind/vgpreload_memcheck-amd64-linux.so)
==76077==    by 0x728B99: __mn_range (in /mnt/c/Users/Juan/Documents/GitHub/Mapanare/mapanare/self/mnc-stage1)
==76077==    by 0x4306E0: parser__parse_postfix (in /mnt/c/Users/Juan/Documents/GitHub/Mapanare/mapanare/self/mnc-stage1)
==76077==    by 0x42: ???
==76077==    by 0x6A8A23F: ???
==76077== 
==76077== 16 bytes in 1 blocks are definitely lost in loss record 378 of 850
==76077==    at 0x4846828: malloc (in /usr/libexec/valgrind/vgpreload_memcheck-amd64-linux.so)
==76077==    by 0x728B99: __mn_range (in /mnt/c/Users/Juan/Documents/GitHub/Mapanare/mapanare/self/mnc-stage1)
==76077==    by 0x42308E: parser__skip_semis (in /mnt/c/Users/Juan/Documents/GitHub/Mapanare/mapanare/self/mnc-stage1)
==76077==    by 0x6A89E4F: ???
==76077== 
==76077== 16 bytes in 1 blocks are definitely lost in loss record 379 of 850
==76077==    at 0x4846828: malloc (in /usr/libexec/valgrind/vgpreload_memcheck-amd64-linux.so)
==76077==    by 0x728B99: __mn_range (in /mnt/c/Users/Juan/Documents/GitHub/Mapanare/mapanare/self/mnc-stage1)
==76077==    by 0x4306E0: parser__parse_postfix (in /mnt/c/Users/Juan/Documents/GitHub/Mapanare/mapanare/self/mnc-stage1)
==76077==    by 0x44: ???
==76077==    by 0x6A8A50F: ???
==76077==    by 0x5: ???
==76077==    by 0x6A8498F: ???
==76077==    by 0x48: ???
==76077==    by 0x7F: ???
==76077==    by 0x3F: ???
==76077==    by 0x6A8A3EF: ???
==76077==    by 0x1101: ???
==76077==    by 0x580053FF: ??? (in /usr/libexec/valgrind/memcheck-amd64-linux)
==76077==    by 0xF: ???
==76077== 
==76077== 16 bytes in 1 blocks are definitely lost in loss record 380 of 850
==76077==    at 0x4846828: malloc (in /usr/libexec/valgrind/vgpreload_memcheck-amd64-linux.so)
==76077==    by 0x728B99: __mn_range (in /mnt/c/Users/Juan/Documents/GitHub/Mapanare/mapanare/self/mnc-stage1)
==76077==    by 0x4306E0: parser__parse_postfix (in /mnt/c/Users/Juan/Documents/GitHub/Mapanare/mapanare/self/mnc-stage1)
==76077==    by 0x46: ???
==76077==    by 0x6A8A5AF: ???
==76077==    by 0x5: ???
==76077==    by 0x6A8498F: ???
==76077==    by 0x48: ???
==76077==    by 0x7F: ???
==76077==    by 0x3F: ???
==76077==    by 0x6A8A2DF: ???
==76077==    by 0x1101: ???
==76077==    by 0x580053FF: ??? (in /usr/libexec/valgrind/memcheck-amd64-linux)
==76077==    by 0xF: ???
==76077== 
==76077== 16 bytes in 1 blocks are definitely lost in loss record 381 of 850
==76077==    at 0x4846828: malloc (in /usr/libexec/valgrind/vgpreload_memcheck-amd64-linux.so)
==76077==    by 0x728B99: __mn_range (in /mnt/c/Users/Juan/Documents/GitHub/Mapanare/mapanare/self/mnc-stage1)
==76077==    by 0x42FA6B: parser__parse_expr (in /mnt/c/Users/Juan/Documents/GitHub/Mapanare/mapanare/self/mnc-stage1)
==76077==    by 0x48: ???
==76077==    by 0x5: ???
==76077==    by 0x6A8A5AF: ???
==76077==    by 0x3F: ???
==76077==    by 0x48: ???
==76077==    by 0x7F: ???
==76077==    by 0x6A8498F: ???
==76077==    by 0x6A8498F: ???
==76077==    by 0x48: ???
==76077==    by 0x7F: ???
==76077==    by 0x3F: ???
==76077== 
==76077== 16 bytes in 1 blocks are definitely lost in loss record 382 of 850
==76077==    at 0x4846828: malloc (in /usr/libexec/valgrind/vgpreload_memcheck-amd64-linux.so)
==76077==    by 0x728B99: __mn_range (in /mnt/c/Users/Juan/Documents/GitHub/Mapanare/mapanare/self/mnc-stage1)
==76077==    by 0x42FA6B: parser__parse_expr (in /mnt/c/Users/Juan/Documents/GitHub/Mapanare/mapanare/self/mnc-stage1)
==76077==    by 0x48: ???
==76077==    by 0x8: ???
==76077==    by 0x6A8A7BF: ???
==76077==    by 0x3F: ???
==76077==    by 0x48: ???
==76077==    by 0x7F: ???
==76077==    by 0x6A8498F: ???
==76077==    by 0x6A8498F: ???
==76077==    by 0x48: ???
==76077==    by 0x7F: ???
==76077==    by 0x3F: ???
==76077== 
==76077== 16 bytes in 1 blocks are definitely lost in loss record 383 of 850
==76077==    at 0x4846828: malloc (in /usr/libexec/valgrind/vgpreload_memcheck-amd64-linux.so)
==76077==    by 0x728B99: __mn_range (in /mnt/c/Users/Juan/Documents/GitHub/Mapanare/mapanare/self/mnc-stage1)
==76077==    by 0x42308E: parser__skip_semis (in /mnt/c/Users/Juan/Documents/GitHub/Mapanare/mapanare/self/mnc-stage1)
==76077==    by 0x6A8A4BF: ???
==76077== 
==76077== 16 bytes in 1 blocks are definitely lost in loss record 384 of 850
==76077==    at 0x4846828: malloc (in /usr/libexec/valgrind/vgpreload_memcheck-amd64-linux.so)
==76077==    by 0x728B99: __mn_range (in /mnt/c/Users/Juan/Documents/GitHub/Mapanare/mapanare/self/mnc-stage1)
==76077==    by 0x42308E: parser__skip_semis (in /mnt/c/Users/Juan/Documents/GitHub/Mapanare/mapanare/self/mnc-stage1)
==76077==    by 0x6A8920F: ???
==76077== 
==76077== 16 bytes in 1 blocks are definitely lost in loss record 385 of 850
==76077==    at 0x4846828: malloc (in /usr/libexec/valgrind/vgpreload_memcheck-amd64-linux.so)
==76077==    by 0x728B99: __mn_range (in /mnt/c/Users/Juan/Documents/GitHub/Mapanare/mapanare/self/mnc-stage1)
==76077==    by 0x4139FD: dir_of_path (in /mnt/c/Users/Juan/Documents/GitHub/Mapanare/mapanare/self/mnc-stage1)
==76077== 
==76077== 16 bytes in 1 blocks are definitely lost in loss record 386 of 850
==76077==    at 0x4846828: malloc (in /usr/libexec/valgrind/vgpreload_memcheck-amd64-linux.so)
==76077==    by 0x728B99: __mn_range (in /mnt/c/Users/Juan/Documents/GitHub/Mapanare/mapanare/self/mnc-stage1)
==76077==    by 0x414E82: resolve_imports (in /mnt/c/Users/Juan/Documents/GitHub/Mapanare/mapanare/self/mnc-stage1)
==76077==    by 0x6A73667: ???
==76077==    by 0x48: ???
==76077== 
==76077== 16 bytes in 1 blocks are definitely lost in loss record 387 of 850
==76077==    at 0x4846828: malloc (in /usr/libexec/valgrind/vgpreload_memcheck-amd64-linux.so)
==76077==    by 0x728B99: __mn_range (in /mnt/c/Users/Juan/Documents/GitHub/Mapanare/mapanare/self/mnc-stage1)
==76077==    by 0x41550C: resolve_imports (in /mnt/c/Users/Juan/Documents/GitHub/Mapanare/mapanare/self/mnc-stage1)
==76077==    by 0x6A73667: ???
==76077==    by 0x48: ???
==76077== 
==76077== 16 bytes in 1 blocks are definitely lost in loss record 388 of 850
==76077==    at 0x4846828: malloc (in /usr/libexec/valgrind/vgpreload_memcheck-amd64-linux.so)
==76077==    by 0x728B99: __mn_range (in /mnt/c/Users/Juan/Documents/GitHub/Mapanare/mapanare/self/mnc-stage1)
==76077==    by 0x47679C: semantic__register_definitions (in /mnt/c/Users/Juan/Documents/GitHub/Mapanare/mapanare/self/mnc-stage1)
==76077== 
==76077== 16 bytes in 1 blocks are definitely lost in loss record 389 of 850
==76077==    at 0x4846828: malloc (in /usr/libexec/valgrind/vgpreload_memcheck-amd64-linux.so)
==76077==    by 0x728B99: __mn_range (in /mnt/c/Users/Juan/Documents/GitHub/Mapanare/mapanare/self/mnc-stage1)
==76077==    by 0x47E58C: semantic__check_definitions (in /mnt/c/Users/Juan/Documents/GitHub/Mapanare/mapanare/self/mnc-stage1)
==76077==    by 0x6A9895F: ???
==76077== 
==76077== 16 bytes in 1 blocks are definitely lost in loss record 390 of 850
==76077==    at 0x4846828: malloc (in /usr/libexec/valgrind/vgpreload_memcheck-amd64-linux.so)
==76077==    by 0x728B99: __mn_range (in /mnt/c/Users/Juan/Documents/GitHub/Mapanare/mapanare/self/mnc-stage1)
==76077==    by 0x437E86: semantic__scope_lookup (in /mnt/c/Users/Juan/Documents/GitHub/Mapanare/mapanare/self/mnc-stage1)
==76077==    by 0xFFFFFFFFFFFFFF: ???
==76077==    by 0x6A50C77: ???
==76077==    by 0x6A99E9F: ???
==76077==    by 0x8000000000000005: ???
==76077== 
==76077== 16 bytes in 1 blocks are definitely lost in loss record 391 of 850
==76077==    at 0x4846828: malloc (in /usr/libexec/valgrind/vgpreload_memcheck-amd64-linux.so)
==76077==    by 0x728B99: __mn_range (in /mnt/c/Users/Juan/Documents/GitHub/Mapanare/mapanare/self/mnc-stage1)
==76077==    by 0x46DF98: semantic__check_block (in /mnt/c/Users/Juan/Documents/GitHub/Mapanare/mapanare/self/mnc-stage1)
==76077==    by 0x6A99C6F: ???
==76077== 
==76077== 16 bytes in 1 blocks are definitely lost in loss record 392 of 850
==76077==    at 0x4846828: malloc (in /usr/libexec/valgrind/vgpreload_memcheck-amd64-linux.so)
==76077==    by 0x728B99: __mn_range (in /mnt/c/Users/Juan/Documents/GitHub/Mapanare/mapanare/self/mnc-stage1)
==76077==    by 0x437E86: semantic__scope_lookup (in /mnt/c/Users/Juan/Documents/GitHub/Mapanare/mapanare/self/mnc-stage1)
==76077==    by 0xFFFFFFFFFF: ???
==76077==    by 0x6A64FD7: ???
==76077==    by 0x6A9906F: ???
==76077==    by 0x3: ???
==76077== 
==76077== 16 bytes in 1 blocks are definitely lost in loss record 393 of 850
==76077==    at 0x4846828: malloc (in /usr/libexec/valgrind/vgpreload_memcheck-amd64-linux.so)
==76077==    by 0x728B99: __mn_range (in /mnt/c/Users/Juan/Documents/GitHub/Mapanare/mapanare/self/mnc-stage1)
==76077==    by 0x437E86: semantic__scope_lookup (in /mnt/c/Users/Juan/Documents/GitHub/Mapanare/mapanare/self/mnc-stage1)
==76077==    by 0xFFFFFFFFFF: ???
==76077==    by 0x6A65927: ???
==76077==    by 0x6A9906F: ???
==76077==    by 0x8: ???
==76077== 
==76077== 16 bytes in 1 blocks are definitely lost in loss record 394 of 850
==76077==    at 0x4846828: malloc (in /usr/libexec/valgrind/vgpreload_memcheck-amd64-linux.so)
==76077==    by 0x728B99: __mn_range (in /mnt/c/Users/Juan/Documents/GitHub/Mapanare/mapanare/self/mnc-stage1)
==76077==    by 0x4A7535: lower__register_declarations_pass1 (in /mnt/c/Users/Juan/Documents/GitHub/Mapanare/mapanare/self/mnc-stage1)
==76077== 
==76077== 16 bytes in 1 blocks are definitely lost in loss record 395 of 850
==76077==    at 0x4846828: malloc (in /usr/libexec/valgrind/vgpreload_memcheck-amd64-linux.so)
==76077==    by 0x728B99: __mn_range (in /mnt/c/Users/Juan/Documents/GitHub/Mapanare/mapanare/self/mnc-stage1)
==76077==    by 0x4ABBF5: lower__register_declarations_pass2 (in /mnt/c/Users/Juan/Documents/GitHub/Mapanare/mapanare/self/mnc-stage1)
==76077== 
==76077== 16 bytes in 1 blocks are definitely lost in loss record 396 of 850
==76077==    at 0x4846828: malloc (in /usr/libexec/valgrind/vgpreload_memcheck-amd64-linux.so)
==76077==    by 0x728B99: __mn_range (in /mnt/c/Users/Juan/Documents/GitHub/Mapanare/mapanare/self/mnc-stage1)
==76077==    by 0x4C4B65: lower__lower_definitions (in /mnt/c/Users/Juan/Documents/GitHub/Mapanare/mapanare/self/mnc-stage1)
==76077== 
==76077== 16 bytes in 1 blocks are definitely lost in loss record 397 of 850
==76077==    at 0x4846828: malloc (in /usr/libexec/valgrind/vgpreload_memcheck-amd64-linux.so)
==76077==    by 0x728B99: __mn_range (in /mnt/c/Users/Juan/Documents/GitHub/Mapanare/mapanare/self/mnc-stage1)
==76077==    by 0x4CD233: lower__collect_decorator_names (in /mnt/c/Users/Juan/Documents/GitHub/Mapanare/mapanare/self/mnc-stage1)
==76077==    by 0x6A9D8BF: ???
==76077== 
==76077== 16 bytes in 1 blocks are definitely lost in loss record 398 of 850
==76077==    at 0x4846828: malloc (in /usr/libexec/valgrind/vgpreload_memcheck-amd64-linux.so)
==76077==    by 0x728B99: __mn_range (in /mnt/c/Users/Juan/Documents/GitHub/Mapanare/mapanare/self/mnc-stage1)
==76077==    by 0x4CD233: lower__collect_decorator_names (in /mnt/c/Users/Juan/Documents/GitHub/Mapanare/mapanare/self/mnc-stage1)
==76077==    by 0x97: ???
==76077== 
==76077== 16 bytes in 1 blocks are definitely lost in loss record 399 of 850
==76077==    at 0x4846828: malloc (in /usr/libexec/valgrind/vgpreload_memcheck-amd64-linux.so)
==76077==    by 0x728B99: __mn_range (in /mnt/c/Users/Juan/Documents/GitHub/Mapanare/mapanare/self/mnc-stage1)
==76077==    by 0x4A026B: lower_state__is_struct_name (in /mnt/c/Users/Juan/Documents/GitHub/Mapanare/mapanare/self/mnc-stage1)
==76077==    by 0x7: ???
==76077== 
==76077== 16 bytes in 1 blocks are definitely lost in loss record 400 of 850
==76077==    at 0x4846828: malloc (in /usr/libexec/valgrind/vgpreload_memcheck-amd64-linux.so)
==76077==    by 0x728B99: __mn_range (in /mnt/c/Users/Juan/Documents/GitHub/Mapanare/mapanare/self/mnc-stage1)
==76077==    by 0x4A0CBA: lower_state__find_lambda (in /mnt/c/Users/Juan/Documents/GitHub/Mapanare/mapanare/self/mnc-stage1)
==76077==    by 0x1: ???
==76077==    by 0x6AA3F9F: ???
==76077==    by 0x6A81C2F: ???
==76077==    by 0x6A81C2F: ???
==76077==    by 0x8000000000000009: ???
==76077==    by 0x1F: ???
==76077== 
==76077== 16 bytes in 1 blocks are definitely lost in loss record 401 of 850
==76077==    at 0x4846828: malloc (in /usr/libexec/valgrind/vgpreload_memcheck-amd64-linux.so)
==76077==    by 0x728B99: __mn_range (in /mnt/c/Users/Juan/Documents/GitHub/Mapanare/mapanare/self/mnc-stage1)
==76077==    by 0x4A0CBA: lower_state__find_lambda (in /mnt/c/Users/Juan/Documents/GitHub/Mapanare/mapanare/self/mnc-stage1)
==76077==    by 0x1: ???
==76077==    by 0x6AA3FEF: ???
==76077==    by 0x6A9D8BF: ???
==76077==    by 0x6AA403F: ???
==76077==    by 0x8000000000000010: ???
==76077==    by 0x5800566F: ??? (in /usr/libexec/valgrind/memcheck-amd64-linux)
==76077== 
==76077== 16 bytes in 1 blocks are definitely lost in loss record 402 of 850
==76077==    at 0x4846828: malloc (in /usr/libexec/valgrind/vgpreload_memcheck-amd64-linux.so)
==76077==    by 0x728B99: __mn_range (in /mnt/c/Users/Juan/Documents/GitHub/Mapanare/mapanare/self/mnc-stage1)
==76077==    by 0x4A026B: lower_state__is_struct_name (in /mnt/c/Users/Juan/Documents/GitHub/Mapanare/mapanare/self/mnc-stage1)
==76077==    by 0x10F: ???
==76077== 
==76077== 16 bytes in 1 blocks are definitely lost in loss record 403 of 850
==76077==    at 0x4846828: malloc (in /usr/libexec/valgrind/vgpreload_memcheck-amd64-linux.so)
==76077==    by 0x728B99: __mn_range (in /mnt/c/Users/Juan/Documents/GitHub/Mapanare/mapanare/self/mnc-stage1)
==76077==    by 0x4A0CBA: lower_state__find_lambda (in /mnt/c/Users/Juan/Documents/GitHub/Mapanare/mapanare/self/mnc-stage1)
==76077==    by 0x1: ???
==76077==    by 0x6AA588F: ???
==76077==    by 0x6A8465F: ???
==76077==    by 0x6A8465F: ???
==76077==    by 0x8000000000000009: ???
==76077== 
==76077== 16 bytes in 1 blocks are definitely lost in loss record 404 of 850
==76077==    at 0x4846828: malloc (in /usr/libexec/valgrind/vgpreload_memcheck-amd64-linux.so)
==76077==    by 0x728B99: __mn_range (in /mnt/c/Users/Juan/Documents/GitHub/Mapanare/mapanare/self/mnc-stage1)
==76077==    by 0x4A0CBA: lower_state__find_lambda (in /mnt/c/Users/Juan/Documents/GitHub/Mapanare/mapanare/self/mnc-stage1)
==76077==    by 0x1: ???
==76077==    by 0x6AA58DF: ???
==76077==    by 0x6A9D8BF: ???
==76077==    by 0x6AA592F: ???
==76077==    by 0x8000000000000010: ???
==76077==    by 0x5800566F: ??? (in /usr/libexec/valgrind/memcheck-amd64-linux)
==76077== 
==76077== 16 bytes in 1 blocks are definitely lost in loss record 405 of 850
==76077==    at 0x4846828: malloc (in /usr/libexec/valgrind/vgpreload_memcheck-amd64-linux.so)
==76077==    by 0x728B99: __mn_range (in /mnt/c/Users/Juan/Documents/GitHub/Mapanare/mapanare/self/mnc-stage1)
==76077==    by 0x68652A: mir_opt__optimize_mir (in /mnt/c/Users/Juan/Documents/GitHub/Mapanare/mapanare/self/mnc-stage1)
==76077==    by 0x6AA2D5F: ???
==76077==    by 0x800000000000004C: ???
==76077==    by 0x6A74317: ???
==76077== 
==76077== 16 bytes in 1 blocks are definitely lost in loss record 406 of 850
==76077==    at 0x4846828: malloc (in /usr/libexec/valgrind/vgpreload_memcheck-amd64-linux.so)
==76077==    by 0x728B99: __mn_range (in /mnt/c/Users/Juan/Documents/GitHub/Mapanare/mapanare/self/mnc-stage1)
==76077==    by 0x679303: mir_opt__constant_fold_function (in /mnt/c/Users/Juan/Documents/GitHub/Mapanare/mapanare/self/mnc-stage1)
==76077==    by 0x87: ???
==76077== 
==76077== 16 bytes in 1 blocks are definitely lost in loss record 407 of 850
==76077==    at 0x4846828: malloc (in /usr/libexec/valgrind/vgpreload_memcheck-amd64-linux.so)
==76077==    by 0x728B99: __mn_range (in /mnt/c/Users/Juan/Documents/GitHub/Mapanare/mapanare/self/mnc-stage1)
==76077==    by 0x6797B2: mir_opt__find_const (in /mnt/c/Users/Juan/Documents/GitHub/Mapanare/mapanare/self/mnc-stage1)
==76077==    by 0x37: ???
==76077== 
==76077== 16 bytes in 1 blocks are definitely lost in loss record 408 of 850
==76077==    at 0x4846828: malloc (in /usr/libexec/valgrind/vgpreload_memcheck-amd64-linux.so)
==76077==    by 0x728B99: __mn_range (in /mnt/c/Users/Juan/Documents/GitHub/Mapanare/mapanare/self/mnc-stage1)
==76077==    by 0x679922: mir_opt__find_const_ty (in /mnt/c/Users/Juan/Documents/GitHub/Mapanare/mapanare/self/mnc-stage1)
==76077== 
==76077== 16 bytes in 1 blocks are definitely lost in loss record 409 of 850
==76077==    at 0x4846828: malloc (in /usr/libexec/valgrind/vgpreload_memcheck-amd64-linux.so)
==76077==    by 0x728B99: __mn_range (in /mnt/c/Users/Juan/Documents/GitHub/Mapanare/mapanare/self/mnc-stage1)
==76077==    by 0x67C16F: mir_opt__is_in_list (in /mnt/c/Users/Juan/Documents/GitHub/Mapanare/mapanare/self/mnc-stage1)
==76077== 
==76077== 16 bytes in 1 blocks are definitely lost in loss record 410 of 850
==76077==    at 0x4846828: malloc (in /usr/libexec/valgrind/vgpreload_memcheck-amd64-linux.so)
==76077==    by 0x728B99: __mn_range (in /mnt/c/Users/Juan/Documents/GitHub/Mapanare/mapanare/self/mnc-stage1)
==76077==    by 0x67C16F: mir_opt__is_in_list (in /mnt/c/Users/Juan/Documents/GitHub/Mapanare/mapanare/self/mnc-stage1)
==76077==    by 0x6AA7E4F: ???
==76077==    by 0xE: ???
==76077==    by 0xF: ???
==76077==    by 0x6AA040F: ???
==76077==    by 0x800000000000000A: ???
==76077==    by 0x6AA7E4F: ???
==76077==    by 0xE: ???
==76077==    by 0x6AA8ECF: ???
==76077==    by 0x1101: ???
==76077==    by 0x580053FF: ??? (in /usr/libexec/valgrind/memcheck-amd64-linux)
==76077==    by 0xF: ???
==76077== 
==76077== 16 bytes in 1 blocks are definitely lost in loss record 411 of 850
==76077==    at 0x4846828: malloc (in /usr/libexec/valgrind/vgpreload_memcheck-amd64-linux.so)
==76077==    by 0x728B99: __mn_range (in /mnt/c/Users/Juan/Documents/GitHub/Mapanare/mapanare/self/mnc-stage1)
==76077==    by 0x67C16F: mir_opt__is_in_list (in /mnt/c/Users/Juan/Documents/GitHub/Mapanare/mapanare/self/mnc-stage1)
==76077==    by 0x6AA7E4F: ???
==76077==    by 0x6A726000000000E: ???
==76077==    by 0x6AA8F1F: ???
==76077==    by 0x6AA040F: ???
==76077==    by 0x800000000000000A: ???
==76077==    by 0x6AA8C4F: ???
==76077== 
==76077== 16 bytes in 1 blocks are definitely lost in loss record 412 of 850
==76077==    at 0x4846828: malloc (in /usr/libexec/valgrind/vgpreload_memcheck-amd64-linux.so)
==76077==    by 0x728B99: __mn_range (in /mnt/c/Users/Juan/Documents/GitHub/Mapanare/mapanare/self/mnc-stage1)
==76077==    by 0x67C16F: mir_opt__is_in_list (in /mnt/c/Users/Juan/Documents/GitHub/Mapanare/mapanare/self/mnc-stage1)
==76077==    by 0x6AA81FF: ???
==76077==    by 0x2: ???
==76077==    by 0x7: ???
==76077==    by 0x6AA045F: ???
==76077==    by 0x8000000000000008: ???
==76077==    by 0x6AA81FF: ???
==76077==    by 0x2: ???
==76077==    by 0x6AA908F: ???
==76077==    by 0x1101: ???
==76077==    by 0x580053FF: ??? (in /usr/libexec/valgrind/memcheck-amd64-linux)
==76077==    by 0xF: ???
==76077== 
==76077== 16 bytes in 1 blocks are definitely lost in loss record 413 of 850
==76077==    at 0x4846828: malloc (in /usr/libexec/valgrind/vgpreload_memcheck-amd64-linux.so)
==76077==    by 0x728B99: __mn_range (in /mnt/c/Users/Juan/Documents/GitHub/Mapanare/mapanare/self/mnc-stage1)
==76077==    by 0x67C16F: mir_opt__is_in_list (in /mnt/c/Users/Juan/Documents/GitHub/Mapanare/mapanare/self/mnc-stage1)
==76077==    by 0x6AA81FF: ???
==76077==    by 0x6A7260000000002: ???
==76077==    by 0x6AA90DF: ???
==76077==    by 0x6AA04AF: ???
==76077==    by 0x8000000000000008: ???
==76077==    by 0x6AA8C4F: ???
==76077==    by 0x1: ???
==76077==    by 0x7: ???
==76077==    by 0xF: ???
==76077== 
==76077== 16 bytes in 1 blocks are definitely lost in loss record 414 of 850
==76077==    at 0x4846828: malloc (in /usr/libexec/valgrind/vgpreload_memcheck-amd64-linux.so)
==76077==    by 0x728B99: __mn_range (in /mnt/c/Users/Juan/Documents/GitHub/Mapanare/mapanare/self/mnc-stage1)
==76077==    by 0x67C16F: mir_opt__is_in_list (in /mnt/c/Users/Juan/Documents/GitHub/Mapanare/mapanare/self/mnc-stage1)
==76077==    by 0x6AA81FF: ???
==76077==    by 0x6A7260000000002: ???
==76077==    by 0x6AA912F: ???
==76077==    by 0x6AA045F: ???
==76077==    by 0x8000000000000008: ???
==76077==    by 0x6AA8C4F: ???
==76077==    by 0x2: ???
==76077==    by 0x7: ???
==76077==    by 0xF: ???
==76077== 
==76077== 16 bytes in 1 blocks are definitely lost in loss record 415 of 850
==76077==    at 0x4846828: malloc (in /usr/libexec/valgrind/vgpreload_memcheck-amd64-linux.so)
==76077==    by 0x728B99: __mn_range (in /mnt/c/Users/Juan/Documents/GitHub/Mapanare/mapanare/self/mnc-stage1)
==76077==    by 0x67C16F: mir_opt__is_in_list (in /mnt/c/Users/Juan/Documents/GitHub/Mapanare/mapanare/self/mnc-stage1)
==76077==    by 0x6AA87AF: ???
==76077==    by 0xB: ???
==76077==    by 0xF: ???
==76077==    by 0x6AA040F: ???
==76077==    by 0x800000000000000A: ???
==76077==    by 0x6AA87AF: ???
==76077==    by 0xB: ???
==76077==    by 0x6AA929F: ???
==76077==    by 0x1101: ???
==76077==    by 0x580053FF: ??? (in /usr/libexec/valgrind/memcheck-amd64-linux)
==76077==    by 0xF: ???
==76077== 
==76077== 16 bytes in 1 blocks are definitely lost in loss record 416 of 850
==76077==    at 0x4846828: malloc (in /usr/libexec/valgrind/vgpreload_memcheck-amd64-linux.so)
==76077==    by 0x728B99: __mn_range (in /mnt/c/Users/Juan/Documents/GitHub/Mapanare/mapanare/self/mnc-stage1)
==76077==    by 0x67C16F: mir_opt__is_in_list (in /mnt/c/Users/Juan/Documents/GitHub/Mapanare/mapanare/self/mnc-stage1)
==76077==    by 0x6AA87AF: ???
==76077==    by 0x6A726010000000B: ???
==76077==    by 0x6AA92EF: ???
==76077==    by 0x6AA04AF: ???
==76077==    by 0x8000000000000008: ???
==76077==    by 0x6AA8C4F: ???
==76077==    by 0x3: ???
==76077==    by 0x7: ???
==76077==    by 0xF: ???
==76077== 
==76077== 16 bytes in 1 blocks are definitely lost in loss record 417 of 850
==76077==    at 0x4846828: malloc (in /usr/libexec/valgrind/vgpreload_memcheck-amd64-linux.so)
==76077==    by 0x728B99: __mn_range (in /mnt/c/Users/Juan/Documents/GitHub/Mapanare/mapanare/self/mnc-stage1)
==76077==    by 0x67C16F: mir_opt__is_in_list (in /mnt/c/Users/Juan/Documents/GitHub/Mapanare/mapanare/self/mnc-stage1)
==76077==    by 0x6AA8B7F: ???
==76077==    by 0x1: ???
==76077==    by 0x7: ???
==76077==    by 0x73F0A7: ??? (in /mnt/c/Users/Juan/Documents/GitHub/Mapanare/mapanare/self/mnc-stage1)
==76077==    by 0x4: ???
==76077==    by 0x6AA8B7F: ???
==76077==    by 0x1: ???
==76077==    by 0x6AA93DF: ???
==76077==    by 0x1101: ???
==76077==    by 0x580053FF: ??? (in /usr/libexec/valgrind/memcheck-amd64-linux)
==76077==    by 0xF: ???
==76077== 
==76077== 16 bytes in 1 blocks are definitely lost in loss record 418 of 850
==76077==    at 0x4846828: malloc (in /usr/libexec/valgrind/vgpreload_memcheck-amd64-linux.so)
==76077==    by 0x728B99: __mn_range (in /mnt/c/Users/Juan/Documents/GitHub/Mapanare/mapanare/self/mnc-stage1)
==76077==    by 0x67C16F: mir_opt__is_in_list (in /mnt/c/Users/Juan/Documents/GitHub/Mapanare/mapanare/self/mnc-stage1)
==76077==    by 0x6AA7E4F: ???
==76077==    by 0xE: ???
==76077==    by 0xF: ???
==76077==    by 0x6AA040F: ???
==76077==    by 0x800000000000000A: ???
==76077==    by 0x6AA7E4F: ???
==76077==    by 0xE: ???
==76077==    by 0x6AA954F: ???
==76077==    by 0x1101: ???
==76077==    by 0x580053FF: ??? (in /usr/libexec/valgrind/memcheck-amd64-linux)
==76077==    by 0xF: ???
==76077== 
==76077== 16 bytes in 1 blocks are definitely lost in loss record 419 of 850
==76077==    at 0x4846828: malloc (in /usr/libexec/valgrind/vgpreload_memcheck-amd64-linux.so)
==76077==    by 0x728B99: __mn_range (in /mnt/c/Users/Juan/Documents/GitHub/Mapanare/mapanare/self/mnc-stage1)
==76077==    by 0x67C16F: mir_opt__is_in_list (in /mnt/c/Users/Juan/Documents/GitHub/Mapanare/mapanare/self/mnc-stage1)
==76077==    by 0x6AA7E4F: ???
==76077==    by 0x6A726010000000E: ???
==76077==    by 0x6AA959F: ???
==76077==    by 0x6AA040F: ???
==76077==    by 0x800000000000000A: ???
==76077==    by 0x6AA8C4F: ???
==76077==    by 0x3: ???
==76077==    by 0x7: ???
==76077==    by 0xF: ???
==76077== 
==76077== 16 bytes in 1 blocks are definitely lost in loss record 420 of 850
==76077==    at 0x4846828: malloc (in /usr/libexec/valgrind/vgpreload_memcheck-amd64-linux.so)
==76077==    by 0x728B99: __mn_range (in /mnt/c/Users/Juan/Documents/GitHub/Mapanare/mapanare/self/mnc-stage1)
==76077==    by 0x67C16F: mir_opt__is_in_list (in /mnt/c/Users/Juan/Documents/GitHub/Mapanare/mapanare/self/mnc-stage1)
==76077==    by 0x6AA81FF: ???
==76077==    by 0x2: ???
==76077==    by 0x7: ???
==76077==    by 0x6AA045F: ???
==76077==    by 0x8000000000000008: ???
==76077==    by 0x6AA81FF: ???
==76077==    by 0x2: ???
==76077==    by 0x6AA970F: ???
==76077==    by 0x1101: ???
==76077==    by 0x580053FF: ??? (in /usr/libexec/valgrind/memcheck-amd64-linux)
==76077==    by 0xF: ???
==76077== 
==76077== 16 bytes in 1 blocks are definitely lost in loss record 421 of 850
==76077==    at 0x4846828: malloc (in /usr/libexec/valgrind/vgpreload_memcheck-amd64-linux.so)
==76077==    by 0x728B99: __mn_range (in /mnt/c/Users/Juan/Documents/GitHub/Mapanare/mapanare/self/mnc-stage1)
==76077==    by 0x67C16F: mir_opt__is_in_list (in /mnt/c/Users/Juan/Documents/GitHub/Mapanare/mapanare/self/mnc-stage1)
==76077==    by 0x6AA81FF: ???
==76077==    by 0x6A7260100000002: ???
==76077==    by 0x6AA975F: ???
==76077==    by 0x6AA04AF: ???
==76077==    by 0x8000000000000008: ???
==76077==    by 0x6AA8C4F: ???
==76077==    by 0x3: ???
==76077==    by 0x7: ???
==76077==    by 0xF: ???
==76077== 
==76077== 16 bytes in 1 blocks are definitely lost in loss record 422 of 850
==76077==    at 0x4846828: malloc (in /usr/libexec/valgrind/vgpreload_memcheck-amd64-linux.so)
==76077==    by 0x728B99: __mn_range (in /mnt/c/Users/Juan/Documents/GitHub/Mapanare/mapanare/self/mnc-stage1)
==76077==    by 0x67C16F: mir_opt__is_in_list (in /mnt/c/Users/Juan/Documents/GitHub/Mapanare/mapanare/self/mnc-stage1)
==76077==    by 0x6AA81FF: ???
==76077==    by 0x6A7260100000002: ???
==76077==    by 0x6AA97AF: ???
==76077==    by 0x6AA045F: ???
==76077==    by 0x8000000000000008: ???
==76077==    by 0x6AA8C4F: ???
==76077==    by 0x3: ???
==76077==    by 0x7: ???
==76077==    by 0xF: ???
==76077== 
==76077== 16 bytes in 1 blocks are definitely lost in loss record 423 of 850
==76077==    at 0x4846828: malloc (in /usr/libexec/valgrind/vgpreload_memcheck-amd64-linux.so)
==76077==    by 0x728B99: __mn_range (in /mnt/c/Users/Juan/Documents/GitHub/Mapanare/mapanare/self/mnc-stage1)
==76077==    by 0x67C16F: mir_opt__is_in_list (in /mnt/c/Users/Juan/Documents/GitHub/Mapanare/mapanare/self/mnc-stage1)
==76077==    by 0x6AA87AF: ???
==76077==    by 0xB: ???
==76077==    by 0xF: ???
==76077==    by 0x6AA040F: ???
==76077==    by 0x800000000000000A: ???
==76077==    by 0x6AA87AF: ???
==76077==    by 0xB: ???
==76077==    by 0x6AA991F: ???
==76077==    by 0x1101: ???
==76077==    by 0x580053FF: ??? (in /usr/libexec/valgrind/memcheck-amd64-linux)
==76077==    by 0xF: ???
==76077== 
==76077== 16 bytes in 1 blocks are definitely lost in loss record 424 of 850
==76077==    at 0x4846828: malloc (in /usr/libexec/valgrind/vgpreload_memcheck-amd64-linux.so)
==76077==    by 0x728B99: __mn_range (in /mnt/c/Users/Juan/Documents/GitHub/Mapanare/mapanare/self/mnc-stage1)
==76077==    by 0x67C16F: mir_opt__is_in_list (in /mnt/c/Users/Juan/Documents/GitHub/Mapanare/mapanare/self/mnc-stage1)
==76077==    by 0x6AA87AF: ???
==76077==    by 0x6A726010000000B: ???
==76077==    by 0x6AA996F: ???
==76077==    by 0x6AA04AF: ???
==76077==    by 0x8000000000000008: ???
==76077==    by 0x6AA8C4F: ???
==76077==    by 0x3: ???
==76077==    by 0x7: ???
==76077==    by 0xF: ???
==76077== 
==76077== 16 bytes in 1 blocks are definitely lost in loss record 425 of 850
==76077==    at 0x4846828: malloc (in /usr/libexec/valgrind/vgpreload_memcheck-amd64-linux.so)
==76077==    by 0x728B99: __mn_range (in /mnt/c/Users/Juan/Documents/GitHub/Mapanare/mapanare/self/mnc-stage1)
==76077==    by 0x67C16F: mir_opt__is_in_list (in /mnt/c/Users/Juan/Documents/GitHub/Mapanare/mapanare/self/mnc-stage1)
==76077==    by 0x6AA8B7F: ???
==76077==    by 0x1: ???
==76077==    by 0x7: ???
==76077==    by 0x73F0A7: ??? (in /mnt/c/Users/Juan/Documents/GitHub/Mapanare/mapanare/self/mnc-stage1)
==76077==    by 0x4: ???
==76077==    by 0x6AA8B7F: ???
==76077==    by 0x1: ???
==76077==    by 0x6AA9C8F: ???
==76077==    by 0x1101: ???
==76077==    by 0x580053FF: ??? (in /usr/libexec/valgrind/memcheck-amd64-linux)
==76077==    by 0xF: ???
==76077== 
==76077== 16 bytes in 1 blocks are definitely lost in loss record 426 of 850
==76077==    at 0x4846828: malloc (in /usr/libexec/valgrind/vgpreload_memcheck-amd64-linux.so)
==76077==    by 0x728B99: __mn_range (in /mnt/c/Users/Juan/Documents/GitHub/Mapanare/mapanare/self/mnc-stage1)
==76077==    by 0x67C16F: mir_opt__is_in_list (in /mnt/c/Users/Juan/Documents/GitHub/Mapanare/mapanare/self/mnc-stage1)
==76077==    by 0x6AA7E4F: ???
==76077==    by 0xE: ???
==76077==    by 0xF: ???
==76077==    by 0x6AA040F: ???
==76077==    by 0x800000000000000A: ???
==76077==    by 0x6AA7E4F: ???
==76077==    by 0xE: ???
==76077==    by 0x6AA9DFF: ???
==76077==    by 0x1101: ???
==76077==    by 0x580053FF: ??? (in /usr/libexec/valgrind/memcheck-amd64-linux)
==76077==    by 0xF: ???
==76077== 
==76077== 16 bytes in 1 blocks are definitely lost in loss record 427 of 850
==76077==    at 0x4846828: malloc (in /usr/libexec/valgrind/vgpreload_memcheck-amd64-linux.so)
==76077==    by 0x728B99: __mn_range (in /mnt/c/Users/Juan/Documents/GitHub/Mapanare/mapanare/self/mnc-stage1)
==76077==    by 0x67C16F: mir_opt__is_in_list (in /mnt/c/Users/Juan/Documents/GitHub/Mapanare/mapanare/self/mnc-stage1)
==76077==    by 0x6AA7E4F: ???
==76077==    by 0x6A726010000000E: ???
==76077==    by 0x6AA9E4F: ???
==76077==    by 0x6AA040F: ???
==76077==    by 0x800000000000000A: ???
==76077==    by 0x6AA8C4F: ???
==76077==    by 0x3: ???
==76077==    by 0x7: ???
==76077==    by 0xF: ???
==76077== 
==76077== 16 bytes in 1 blocks are definitely lost in loss record 428 of 850
==76077==    at 0x4846828: malloc (in /usr/libexec/valgrind/vgpreload_memcheck-amd64-linux.so)
==76077==    by 0x728B99: __mn_range (in /mnt/c/Users/Juan/Documents/GitHub/Mapanare/mapanare/self/mnc-stage1)
==76077==    by 0x67C16F: mir_opt__is_in_list (in /mnt/c/Users/Juan/Documents/GitHub/Mapanare/mapanare/self/mnc-stage1)
==76077==    by 0x6AA81FF: ???
==76077==    by 0x2: ???
==76077==    by 0x7: ???
==76077==    by 0x6AA045F: ???
==76077==    by 0x8000000000000008: ???
==76077==    by 0x6AA81FF: ???
==76077==    by 0x2: ???
==76077==    by 0x6AA9FBF: ???
==76077==    by 0x1101: ???
==76077==    by 0x580053FF: ??? (in /usr/libexec/valgrind/memcheck-amd64-linux)
==76077==    by 0xF: ???
==76077== 
==76077== 16 bytes in 1 blocks are definitely lost in loss record 429 of 850
==76077==    at 0x4846828: malloc (in /usr/libexec/valgrind/vgpreload_memcheck-amd64-linux.so)
==76077==    by 0x728B99: __mn_range (in /mnt/c/Users/Juan/Documents/GitHub/Mapanare/mapanare/self/mnc-stage1)
==76077==    by 0x67C16F: mir_opt__is_in_list (in /mnt/c/Users/Juan/Documents/GitHub/Mapanare/mapanare/self/mnc-stage1)
==76077==    by 0x6AA81FF: ???
==76077==    by 0x6A7260100000002: ???
==76077==    by 0x6AAA00F: ???
==76077==    by 0x6AA04AF: ???
==76077==    by 0x8000000000000008: ???
==76077==    by 0x6AA8C4F: ???
==76077==    by 0x3: ???
==76077==    by 0x7: ???
==76077==    by 0xF: ???
==76077== 
==76077== 16 bytes in 1 blocks are definitely lost in loss record 430 of 850
==76077==    at 0x4846828: malloc (in /usr/libexec/valgrind/vgpreload_memcheck-amd64-linux.so)
==76077==    by 0x728B99: __mn_range (in /mnt/c/Users/Juan/Documents/GitHub/Mapanare/mapanare/self/mnc-stage1)
==76077==    by 0x67C16F: mir_opt__is_in_list (in /mnt/c/Users/Juan/Documents/GitHub/Mapanare/mapanare/self/mnc-stage1)
==76077==    by 0x6AA81FF: ???
==76077==    by 0x6A7260100000002: ???
==76077==    by 0x6AAA05F: ???
==76077==    by 0x6AA045F: ???
==76077==    by 0x8000000000000008: ???
==76077==    by 0x6AA8C4F: ???
==76077==    by 0x3: ???
==76077==    by 0x7: ???
==76077==    by 0xF: ???
==76077== 
==76077== 16 bytes in 1 blocks are definitely lost in loss record 431 of 850
==76077==    at 0x4846828: malloc (in /usr/libexec/valgrind/vgpreload_memcheck-amd64-linux.so)
==76077==    by 0x728B99: __mn_range (in /mnt/c/Users/Juan/Documents/GitHub/Mapanare/mapanare/self/mnc-stage1)
==76077==    by 0x67C16F: mir_opt__is_in_list (in /mnt/c/Users/Juan/Documents/GitHub/Mapanare/mapanare/self/mnc-stage1)
==76077==    by 0x6AA87AF: ???
==76077==    by 0xB: ???
==76077==    by 0xF: ???
==76077==    by 0x6AA040F: ???
==76077==    by 0x800000000000000A: ???
==76077==    by 0x6AA87AF: ???
==76077==    by 0xB: ???
==76077==    by 0x6AAA1CF: ???
==76077==    by 0x1101: ???
==76077==    by 0x580053FF: ??? (in /usr/libexec/valgrind/memcheck-amd64-linux)
==76077==    by 0xF: ???
==76077== 
==76077== 16 bytes in 1 blocks are definitely lost in loss record 432 of 850
==76077==    at 0x4846828: malloc (in /usr/libexec/valgrind/vgpreload_memcheck-amd64-linux.so)
==76077==    by 0x728B99: __mn_range (in /mnt/c/Users/Juan/Documents/GitHub/Mapanare/mapanare/self/mnc-stage1)
==76077==    by 0x67C16F: mir_opt__is_in_list (in /mnt/c/Users/Juan/Documents/GitHub/Mapanare/mapanare/self/mnc-stage1)
==76077==    by 0x6AA87AF: ???
==76077==    by 0x6A726010000000B: ???
==76077==    by 0x6AAA21F: ???
==76077==    by 0x6AA04AF: ???
==76077==    by 0x8000000000000008: ???
==76077==    by 0x6AA8C4F: ???
==76077==    by 0x3: ???
==76077==    by 0x7: ???
==76077==    by 0xF: ???
==76077== 
==76077== 16 bytes in 1 blocks are definitely lost in loss record 433 of 850
==76077==    at 0x4846828: malloc (in /usr/libexec/valgrind/vgpreload_memcheck-amd64-linux.so)
==76077==    by 0x728B99: __mn_range (in /mnt/c/Users/Juan/Documents/GitHub/Mapanare/mapanare/self/mnc-stage1)
==76077==    by 0x67C16F: mir_opt__is_in_list (in /mnt/c/Users/Juan/Documents/GitHub/Mapanare/mapanare/self/mnc-stage1)
==76077==    by 0x6AA8B7F: ???
==76077==    by 0x1: ???
==76077==    by 0x7: ???
==76077==    by 0x73F0A7: ??? (in /mnt/c/Users/Juan/Documents/GitHub/Mapanare/mapanare/self/mnc-stage1)
==76077==    by 0x4: ???
==76077==    by 0x6AA8B7F: ???
==76077==    by 0x1: ???
==76077==    by 0x6AAA30F: ???
==76077==    by 0x1101: ???
==76077==    by 0x580053FF: ??? (in /usr/libexec/valgrind/memcheck-amd64-linux)
==76077==    by 0xF: ???
==76077== 
==76077== 16 bytes in 1 blocks are definitely lost in loss record 434 of 850
==76077==    at 0x4846828: malloc (in /usr/libexec/valgrind/vgpreload_memcheck-amd64-linux.so)
==76077==    by 0x728B99: __mn_range (in /mnt/c/Users/Juan/Documents/GitHub/Mapanare/mapanare/self/mnc-stage1)
==76077==    by 0x67C16F: mir_opt__is_in_list (in /mnt/c/Users/Juan/Documents/GitHub/Mapanare/mapanare/self/mnc-stage1)
==76077==    by 0x6AA8B7F: ???
==76077==    by 0x6A7260100000001: ???
==76077==    by 0x6AAA35F: ???
==76077==    by 0x6AA040F: ???
==76077==    by 0x800000000000000A: ???
==76077==    by 0x6AAA3FF: ???
==76077==    by 0x1102: ???
==76077==    by 0x5800566F: ??? (in /usr/libexec/valgrind/memcheck-amd64-linux)
==76077== 
==76077== 16 bytes in 1 blocks are definitely lost in loss record 435 of 850
==76077==    at 0x4846828: malloc (in /usr/libexec/valgrind/vgpreload_memcheck-amd64-linux.so)
==76077==    by 0x728B99: __mn_range (in /mnt/c/Users/Juan/Documents/GitHub/Mapanare/mapanare/self/mnc-stage1)
==76077==    by 0x67C16F: mir_opt__is_in_list (in /mnt/c/Users/Juan/Documents/GitHub/Mapanare/mapanare/self/mnc-stage1)
==76077==    by 0x6AA8B7F: ???
==76077==    by 0x6A7260100000001: ???
==76077==    by 0x6AAA60F: ???
==76077==    by 0x6AA045F: ???
==76077==    by 0x8000000000000008: ???
==76077==    by 0x6AA8C4F: ???
==76077==    by 0x3: ???
==76077==    by 0x7: ???
==76077==    by 0xF: ???
==76077== 
==76077== 16 bytes in 1 blocks are definitely lost in loss record 436 of 850
==76077==    at 0x4846828: malloc (in /usr/libexec/valgrind/vgpreload_memcheck-amd64-linux.so)
==76077==    by 0x728B99: __mn_range (in /mnt/c/Users/Juan/Documents/GitHub/Mapanare/mapanare/self/mnc-stage1)
==76077==    by 0x67C16F: mir_opt__is_in_list (in /mnt/c/Users/Juan/Documents/GitHub/Mapanare/mapanare/self/mnc-stage1)
==76077==    by 0x6AA8B7F: ???
==76077==    by 0x6A7260100000001: ???
==76077==    by 0x6AAA6AF: ???
==76077==    by 0x6AA04AF: ???
==76077==    by 0x8000000000000008: ???
==76077==    by 0x6AA8C4F: ???
==76077==    by 0x3: ???
==76077==    by 0x7: ???
==76077==    by 0xF: ???
==76077== 
==76077== 16 bytes in 1 blocks are definitely lost in loss record 437 of 850
==76077==    at 0x4846828: malloc (in /usr/libexec/valgrind/vgpreload_memcheck-amd64-linux.so)
==76077==    by 0x728B99: __mn_range (in /mnt/c/Users/Juan/Documents/GitHub/Mapanare/mapanare/self/mnc-stage1)
==76077==    by 0x679303: mir_opt__constant_fold_function (in /mnt/c/Users/Juan/Documents/GitHub/Mapanare/mapanare/self/mnc-stage1)
==76077== 
==76077== 16 bytes in 1 blocks are definitely lost in loss record 438 of 850
==76077==    at 0x4846828: malloc (in /usr/libexec/valgrind/vgpreload_memcheck-amd64-linux.so)
==76077==    by 0x728B99: __mn_range (in /mnt/c/Users/Juan/Documents/GitHub/Mapanare/mapanare/self/mnc-stage1)
==76077==    by 0x6760E1: lower__verify_module (in /mnt/c/Users/Juan/Documents/GitHub/Mapanare/mapanare/self/mnc-stage1)
==76077==    by 0xF: ???
==76077== 
==76077== 16 bytes in 1 blocks are definitely lost in loss record 439 of 850
==76077==    at 0x4846828: malloc (in /usr/libexec/valgrind/vgpreload_memcheck-amd64-linux.so)
==76077==    by 0x728B99: __mn_range (in /mnt/c/Users/Juan/Documents/GitHub/Mapanare/mapanare/self/mnc-stage1)
==76077==    by 0x6765B5: lower__verify_function (in /mnt/c/Users/Juan/Documents/GitHub/Mapanare/mapanare/self/mnc-stage1)
==76077== 
==76077== 16 bytes in 1 blocks are definitely lost in loss record 440 of 850
==76077==    at 0x4846828: malloc (in /usr/libexec/valgrind/vgpreload_memcheck-amd64-linux.so)
==76077==    by 0x728B99: __mn_range (in /mnt/c/Users/Juan/Documents/GitHub/Mapanare/mapanare/self/mnc-stage1)
==76077==    by 0x6765B5: lower__verify_function (in /mnt/c/Users/Juan/Documents/GitHub/Mapanare/mapanare/self/mnc-stage1)
==76077==    by 0x1: ???
==76077==    by 0x7: ???
==76077==    by 0xF: ???
==76077== 
==76077== 16 bytes in 1 blocks are definitely lost in loss record 441 of 850
==76077==    at 0x4846828: malloc (in /usr/libexec/valgrind/vgpreload_memcheck-amd64-linux.so)
==76077==    by 0x728B99: __mn_range (in /mnt/c/Users/Juan/Documents/GitHub/Mapanare/mapanare/self/mnc-stage1)
==76077==    by 0x413CD8: basename_of (in /mnt/c/Users/Juan/Documents/GitHub/Mapanare/mapanare/self/mnc-stage1)
==76077==    by 0xF: ???
==76077==    by 0x6A7619F: ???
==76077== 
==76077== 16 bytes in 1 blocks are definitely lost in loss record 442 of 850
==76077==    at 0x4846828: malloc (in /usr/libexec/valgrind/vgpreload_memcheck-amd64-linux.so)
==76077==    by 0x728B99: __mn_range (in /mnt/c/Users/Juan/Documents/GitHub/Mapanare/mapanare/self/mnc-stage1)
==76077==    by 0x413DE5: file_extension (in /mnt/c/Users/Juan/Documents/GitHub/Mapanare/mapanare/self/mnc-stage1)
==76077==    by 0x8000000000000013: ???
==76077== 
==76077== 16 bytes in 1 blocks are definitely lost in loss record 443 of 850
==76077==    at 0x484D953: calloc (in /usr/libexec/valgrind/vgpreload_memcheck-amd64-linux.so)
==76077==    by 0x723DE9: __mn_alloc (in /mnt/c/Users/Juan/Documents/GitHub/Mapanare/mapanare/self/mnc-stage1)
==76077==    by 0x7249CE: __mn_str_concat (in /mnt/c/Users/Juan/Documents/GitHub/Mapanare/mapanare/self/mnc-stage1)
==76077==    by 0x68F6E5: emit_llvm__declare_all_runtime (in /mnt/c/Users/Juan/Documents/GitHub/Mapanare/mapanare/self/mnc-stage1)
==76077==    by 0x7470F7: ??? (in /mnt/c/Users/Juan/Documents/GitHub/Mapanare/mapanare/self/mnc-stage1)
==76077==    by 0x3: ???
==76077== 
==76077== 16 bytes in 1 blocks are definitely lost in loss record 444 of 850
==76077==    at 0x484D953: calloc (in /usr/libexec/valgrind/vgpreload_memcheck-amd64-linux.so)
==76077==    by 0x723DE9: __mn_alloc (in /mnt/c/Users/Juan/Documents/GitHub/Mapanare/mapanare/self/mnc-stage1)
==76077==    by 0x7249CE: __mn_str_concat (in /mnt/c/Users/Juan/Documents/GitHub/Mapanare/mapanare/self/mnc-stage1)
==76077==    by 0x68F8BF: emit_llvm__declare_all_runtime (in /mnt/c/Users/Juan/Documents/GitHub/Mapanare/mapanare/self/mnc-stage1)
==76077== 
==76077== 16 bytes in 1 blocks are definitely lost in loss record 445 of 850
==76077==    at 0x484D953: calloc (in /usr/libexec/valgrind/vgpreload_memcheck-amd64-linux.so)
==76077==    by 0x723DE9: __mn_alloc (in /mnt/c/Users/Juan/Documents/GitHub/Mapanare/mapanare/self/mnc-stage1)
==76077==    by 0x7249CE: __mn_str_concat (in /mnt/c/Users/Juan/Documents/GitHub/Mapanare/mapanare/self/mnc-stage1)
==76077==    by 0x690EFB: emit_llvm__declare_all_runtime (in /mnt/c/Users/Juan/Documents/GitHub/Mapanare/mapanare/self/mnc-stage1)
==76077==    by 0x7470F7: ??? (in /mnt/c/Users/Juan/Documents/GitHub/Mapanare/mapanare/self/mnc-stage1)
==76077== 
==76077== 16 bytes in 1 blocks are definitely lost in loss record 446 of 850
==76077==    at 0x4846828: malloc (in /usr/libexec/valgrind/vgpreload_memcheck-amd64-linux.so)
==76077==    by 0x728B99: __mn_range (in /mnt/c/Users/Juan/Documents/GitHub/Mapanare/mapanare/self/mnc-stage1)
==76077==    by 0x69C37B: emit_llvm__is_enum_type (in /mnt/c/Users/Juan/Documents/GitHub/Mapanare/mapanare/self/mnc-stage1)
==76077==    by 0x6ABC3FF: ???
==76077==    by 0x73: ???
==76077==    by 0x73BE5F: ??? (in /mnt/c/Users/Juan/Documents/GitHub/Mapanare/mapanare/self/mnc-stage1)
==76077==    by 0x2: ???
==76077== 
==76077== 16 bytes in 1 blocks are definitely lost in loss record 447 of 850
==76077==    at 0x4846828: malloc (in /usr/libexec/valgrind/vgpreload_memcheck-amd64-linux.so)
==76077==    by 0x728B99: __mn_range (in /mnt/c/Users/Juan/Documents/GitHub/Mapanare/mapanare/self/mnc-stage1)
==76077==    by 0x69C37B: emit_llvm__is_enum_type (in /mnt/c/Users/Juan/Documents/GitHub/Mapanare/mapanare/self/mnc-stage1)
==76077==    by 0x8000000000000024: ???
==76077==    by 0x8000000000000022: ???
==76077==    by 0x73BE77: ??? (in /mnt/c/Users/Juan/Documents/GitHub/Mapanare/mapanare/self/mnc-stage1)
==76077==    by 0x5: ???
==76077== 
==76077== 16 bytes in 1 blocks are definitely lost in loss record 448 of 850
==76077==    at 0x4846828: malloc (in /usr/libexec/valgrind/vgpreload_memcheck-amd64-linux.so)
==76077==    by 0x728B99: __mn_range (in /mnt/c/Users/Juan/Documents/GitHub/Mapanare/mapanare/self/mnc-stage1)
==76077==    by 0x69C37B: emit_llvm__is_enum_type (in /mnt/c/Users/Juan/Documents/GitHub/Mapanare/mapanare/self/mnc-stage1)
==76077==    by 0x6ABC3FF: ???
==76077==    by 0x8000000000000008: ???
==76077==    by 0x73BE5F: ??? (in /mnt/c/Users/Juan/Documents/GitHub/Mapanare/mapanare/self/mnc-stage1)
==76077==    by 0x2: ???
==76077== 
==76077== 16 bytes in 1 blocks are definitely lost in loss record 449 of 850
==76077==    at 0x4846828: malloc (in /usr/libexec/valgrind/vgpreload_memcheck-amd64-linux.so)
==76077==    by 0x728B99: __mn_range (in /mnt/c/Users/Juan/Documents/GitHub/Mapanare/mapanare/self/mnc-stage1)
==76077==    by 0x69C37B: emit_llvm__is_enum_type (in /mnt/c/Users/Juan/Documents/GitHub/Mapanare/mapanare/self/mnc-stage1)
==76077==    by 0x6ACA52F: ???
==76077==    by 0x8000000000000008: ???
==76077==    by 0x73BE5F: ??? (in /mnt/c/Users/Juan/Documents/GitHub/Mapanare/mapanare/self/mnc-stage1)
==76077==    by 0x2: ???
==76077== 
==76077== 16 bytes in 1 blocks are definitely lost in loss record 450 of 850
==76077==    at 0x4846828: malloc (in /usr/libexec/valgrind/vgpreload_memcheck-amd64-linux.so)
==76077==    by 0x728B99: __mn_range (in /mnt/c/Users/Juan/Documents/GitHub/Mapanare/mapanare/self/mnc-stage1)
==76077==    by 0x68CCAB: emit_llvm__find_function (in /mnt/c/Users/Juan/Documents/GitHub/Mapanare/mapanare/self/mnc-stage1)
==76077==    by 0x6A586E7: ???
==76077==    by 0x47: ???
==76077==    by 0x7: ???
==76077==    by 0x3: ???
==76077==    by 0x6AC703F: ???
==76077==    by 0x6A81C2F: ???
==76077==    by 0x8000000000000009: ???
==76077== 
==76077== 16 bytes in 1 blocks are definitely lost in loss record 451 of 850
==76077==    at 0x4846828: malloc (in /usr/libexec/valgrind/vgpreload_memcheck-amd64-linux.so)
==76077==    by 0x728B99: __mn_range (in /mnt/c/Users/Juan/Documents/GitHub/Mapanare/mapanare/self/mnc-stage1)
==76077==    by 0x68CCAB: emit_llvm__find_function (in /mnt/c/Users/Juan/Documents/GitHub/Mapanare/mapanare/self/mnc-stage1)
==76077==    by 0x6A5EB47: ???
==76077==    by 0x47: ???
==76077==    by 0x7: ???
==76077==    by 0x3: ???
==76077==    by 0x6AC703F: ???
==76077==    by 0x6A81C2F: ???
==76077==    by 0x8000000000000009: ???
==76077==    by 0x5800566F: ??? (in /usr/libexec/valgrind/memcheck-amd64-linux)
==76077== 
==76077== 16 bytes in 1 blocks are definitely lost in loss record 452 of 850
==76077==    at 0x4846828: malloc (in /usr/libexec/valgrind/vgpreload_memcheck-amd64-linux.so)
==76077==    by 0x728B99: __mn_range (in /mnt/c/Users/Juan/Documents/GitHub/Mapanare/mapanare/self/mnc-stage1)
==76077==    by 0x68CCAB: emit_llvm__find_function (in /mnt/c/Users/Juan/Documents/GitHub/Mapanare/mapanare/self/mnc-stage1)
==76077==    by 0x6A586E7: ???
==76077==    by 0x47: ???
==76077==    by 0x7: ???
==76077==    by 0x3: ???
==76077==    by 0x6AC703F: ???
==76077==    by 0x6A8465F: ???
==76077==    by 0x8000000000000009: ???
==76077== 
==76077== 16 bytes in 1 blocks are definitely lost in loss record 453 of 850
==76077==    at 0x4846828: malloc (in /usr/libexec/valgrind/vgpreload_memcheck-amd64-linux.so)
==76077==    by 0x728B99: __mn_range (in /mnt/c/Users/Juan/Documents/GitHub/Mapanare/mapanare/self/mnc-stage1)
==76077==    by 0x68CCAB: emit_llvm__find_function (in /mnt/c/Users/Juan/Documents/GitHub/Mapanare/mapanare/self/mnc-stage1)
==76077==    by 0x6A5EB47: ???
==76077==    by 0x47: ???
==76077==    by 0x7: ???
==76077==    by 0x3: ???
==76077==    by 0x6AC703F: ???
==76077==    by 0x6A8465F: ???
==76077==    by 0x8000000000000009: ???
==76077==    by 0x5800566F: ??? (in /usr/libexec/valgrind/memcheck-amd64-linux)
==76077== 
==76077== 17 bytes in 1 blocks are indirectly lost in loss record 454 of 850
==76077==    at 0x484D953: calloc (in /usr/libexec/valgrind/vgpreload_memcheck-amd64-linux.so)
==76077==    by 0x723DE9: __mn_alloc (in /mnt/c/Users/Juan/Documents/GitHub/Mapanare/mapanare/self/mnc-stage1)
==76077==    by 0x7249CE: __mn_str_concat (in /mnt/c/Users/Juan/Documents/GitHub/Mapanare/mapanare/self/mnc-stage1)
==76077==    by 0x68BB44: emit_llvm__build_internal_struct_list (in /mnt/c/Users/Juan/Documents/GitHub/Mapanare/mapanare/self/mnc-stage1)
==76077==    by 0x1: ???
==76077==    by 0x7: ???
==76077==    by 0x6AAFC1F: ???
==76077==    by 0x7: ???
==76077==    by 0xF: ???
==76077== 
==76077== 18 bytes in 1 blocks are indirectly lost in loss record 455 of 850
==76077==    at 0x484D953: calloc (in /usr/libexec/valgrind/vgpreload_memcheck-amd64-linux.so)
==76077==    by 0x723DE9: __mn_alloc (in /mnt/c/Users/Juan/Documents/GitHub/Mapanare/mapanare/self/mnc-stage1)
==76077==    by 0x7249CE: __mn_str_concat (in /mnt/c/Users/Juan/Documents/GitHub/Mapanare/mapanare/self/mnc-stage1)
==76077==    by 0x68A102: emit_llvm__build_internal_struct_list (in /mnt/c/Users/Juan/Documents/GitHub/Mapanare/mapanare/self/mnc-stage1)
==76077==    by 0xF: ???
==76077== 
==76077== 18 bytes in 1 blocks are indirectly lost in loss record 456 of 850
==76077==    at 0x484D953: calloc (in /usr/libexec/valgrind/vgpreload_memcheck-amd64-linux.so)
==76077==    by 0x723DE9: __mn_alloc (in /mnt/c/Users/Juan/Documents/GitHub/Mapanare/mapanare/self/mnc-stage1)
==76077==    by 0x7249CE: __mn_str_concat (in /mnt/c/Users/Juan/Documents/GitHub/Mapanare/mapanare/self/mnc-stage1)
==76077==    by 0x68B5A2: emit_llvm__build_internal_struct_list (in /mnt/c/Users/Juan/Documents/GitHub/Mapanare/mapanare/self/mnc-stage1)
==76077==    by 0x1: ???
==76077==    by 0x7: ???
==76077==    by 0x6AAEA3F: ???
==76077==    by 0x7: ???
==76077==    by 0xF: ???
==76077== 
==76077== 18 bytes in 1 blocks are indirectly lost in loss record 457 of 850
==76077==    at 0x484D953: calloc (in /usr/libexec/valgrind/vgpreload_memcheck-amd64-linux.so)
==76077==    by 0x723DE9: __mn_alloc (in /mnt/c/Users/Juan/Documents/GitHub/Mapanare/mapanare/self/mnc-stage1)
==76077==    by 0x7249CE: __mn_str_concat (in /mnt/c/Users/Juan/Documents/GitHub/Mapanare/mapanare/self/mnc-stage1)
==76077==    by 0x68B980: emit_llvm__build_internal_struct_list (in /mnt/c/Users/Juan/Documents/GitHub/Mapanare/mapanare/self/mnc-stage1)
==76077==    by 0x3: ???
==76077==    by 0x7: ???
==76077==    by 0x6AAEC9F: ???
==76077==    by 0x7: ???
==76077==    by 0xF: ???
==76077== 
==76077== 18 bytes in 1 blocks are definitely lost in loss record 458 of 850
==76077==    at 0x484D953: calloc (in /usr/libexec/valgrind/vgpreload_memcheck-amd64-linux.so)
==76077==    by 0x723DE9: __mn_alloc (in /mnt/c/Users/Juan/Documents/GitHub/Mapanare/mapanare/self/mnc-stage1)
==76077==    by 0x7245AB: __mn_str_from_parts (in /mnt/c/Users/Juan/Documents/GitHub/Mapanare/mapanare/self/mnc-stage1)
==76077==    by 0x416CF9: compile (in /mnt/c/Users/Juan/Documents/GitHub/Mapanare/mapanare/self/mnc-stage1)
==76077== 
==76077== 19 bytes in 1 blocks are indirectly lost in loss record 459 of 850
==76077==    at 0x484D953: calloc (in /usr/libexec/valgrind/vgpreload_memcheck-amd64-linux.so)
==76077==    by 0x723DE9: __mn_alloc (in /mnt/c/Users/Juan/Documents/GitHub/Mapanare/mapanare/self/mnc-stage1)
==76077==    by 0x7249CE: __mn_str_concat (in /mnt/c/Users/Juan/Documents/GitHub/Mapanare/mapanare/self/mnc-stage1)
==76077==    by 0x512F6D: lower__lower_for (in /mnt/c/Users/Juan/Documents/GitHub/Mapanare/mapanare/self/mnc-stage1)
==76077== 
==76077== 19 bytes in 1 blocks are indirectly lost in loss record 460 of 850
==76077==    at 0x484D953: calloc (in /usr/libexec/valgrind/vgpreload_memcheck-amd64-linux.so)
==76077==    by 0x723DE9: __mn_alloc (in /mnt/c/Users/Juan/Documents/GitHub/Mapanare/mapanare/self/mnc-stage1)
==76077==    by 0x7249CE: __mn_str_concat (in /mnt/c/Users/Juan/Documents/GitHub/Mapanare/mapanare/self/mnc-stage1)
==76077==    by 0x68B766: emit_llvm__build_internal_struct_list (in /mnt/c/Users/Juan/Documents/GitHub/Mapanare/mapanare/self/mnc-stage1)
==76077==    by 0x1: ???
==76077==    by 0x7: ???
==76077==    by 0x6AAEB6F: ???
==76077==    by 0x7: ???
==76077==    by 0xF: ???
==76077== 
==76077== 19 bytes in 1 blocks are indirectly lost in loss record 461 of 850
==76077==    at 0x484D953: calloc (in /usr/libexec/valgrind/vgpreload_memcheck-amd64-linux.so)
==76077==    by 0x723DE9: __mn_alloc (in /mnt/c/Users/Juan/Documents/GitHub/Mapanare/mapanare/self/mnc-stage1)
==76077==    by 0x7249CE: __mn_str_concat (in /mnt/c/Users/Juan/Documents/GitHub/Mapanare/mapanare/self/mnc-stage1)
==76077==    by 0x68BF78: emit_llvm__build_internal_struct_list (in /mnt/c/Users/Juan/Documents/GitHub/Mapanare/mapanare/self/mnc-stage1)
==76077==    by 0x1: ???
==76077==    by 0x7: ???
==76077==    by 0x6AAFE7F: ???
==76077==    by 0x7: ???
==76077==    by 0xF: ???
==76077== 
==76077== 20 bytes in 1 blocks are indirectly lost in loss record 462 of 850
==76077==    at 0x484D953: calloc (in /usr/libexec/valgrind/vgpreload_memcheck-amd64-linux.so)
==76077==    by 0x723DE9: __mn_alloc (in /mnt/c/Users/Juan/Documents/GitHub/Mapanare/mapanare/self/mnc-stage1)
==76077==    by 0x7249CE: __mn_str_concat (in /mnt/c/Users/Juan/Documents/GitHub/Mapanare/mapanare/self/mnc-stage1)
==76077==    by 0x68A28A: emit_llvm__build_internal_struct_list (in /mnt/c/Users/Juan/Documents/GitHub/Mapanare/mapanare/self/mnc-stage1)
==76077==    by 0xF: ???
==76077== 
==76077== 20 bytes in 1 blocks are indirectly lost in loss record 463 of 850
==76077==    at 0x484D953: calloc (in /usr/libexec/valgrind/vgpreload_memcheck-amd64-linux.so)
==76077==    by 0x723DE9: __mn_alloc (in /mnt/c/Users/Juan/Documents/GitHub/Mapanare/mapanare/self/mnc-stage1)
==76077==    by 0x7249CE: __mn_str_concat (in /mnt/c/Users/Juan/Documents/GitHub/Mapanare/mapanare/self/mnc-stage1)
==76077==    by 0x68AFAA: emit_llvm__build_internal_struct_list (in /mnt/c/Users/Juan/Documents/GitHub/Mapanare/mapanare/self/mnc-stage1)
==76077==    by 0x1: ???
==76077==    by 0x7: ???
==76077==    by 0x6AAE6AF: ???
==76077==    by 0x7: ???
==76077==    by 0xF: ???
==76077== 
==76077== 20 bytes in 1 blocks are indirectly lost in loss record 464 of 850
==76077==    at 0x484D953: calloc (in /usr/libexec/valgrind/vgpreload_memcheck-amd64-linux.so)
==76077==    by 0x723DE9: __mn_alloc (in /mnt/c/Users/Juan/Documents/GitHub/Mapanare/mapanare/self/mnc-stage1)
==76077==    by 0x7249CE: __mn_str_concat (in /mnt/c/Users/Juan/Documents/GitHub/Mapanare/mapanare/self/mnc-stage1)
==76077==    by 0x68B3DE: emit_llvm__build_internal_struct_list (in /mnt/c/Users/Juan/Documents/GitHub/Mapanare/mapanare/self/mnc-stage1)
==76077==    by 0x2: ???
==76077==    by 0x7: ???
==76077==    by 0x6AAE90F: ???
==76077==    by 0x7: ???
==76077==    by 0xF: ???
==76077== 
==76077== 20 bytes in 1 blocks are indirectly lost in loss record 465 of 850
==76077==    at 0x484D953: calloc (in /usr/libexec/valgrind/vgpreload_memcheck-amd64-linux.so)
==76077==    by 0x723DE9: __mn_alloc (in /mnt/c/Users/Juan/Documents/GitHub/Mapanare/mapanare/self/mnc-stage1)
==76077==    by 0x7249CE: __mn_str_concat (in /mnt/c/Users/Juan/Documents/GitHub/Mapanare/mapanare/self/mnc-stage1)
==76077==    by 0x68BDB4: emit_llvm__build_internal_struct_list (in /mnt/c/Users/Juan/Documents/GitHub/Mapanare/mapanare/self/mnc-stage1)
==76077==    by 0x5: ???
==76077==    by 0x7: ???
==76077==    by 0x6AAFD4F: ???
==76077==    by 0x7: ???
==76077==    by 0xF: ???
==76077== 
==76077== 21 bytes in 1 blocks are indirectly lost in loss record 466 of 850
==76077==    at 0x484D953: calloc (in /usr/libexec/valgrind/vgpreload_memcheck-amd64-linux.so)
==76077==    by 0x723DE9: __mn_alloc (in /mnt/c/Users/Juan/Documents/GitHub/Mapanare/mapanare/self/mnc-stage1)
==76077==    by 0x7249CE: __mn_str_concat (in /mnt/c/Users/Juan/Documents/GitHub/Mapanare/mapanare/self/mnc-stage1)
==76077==    by 0x68B1EF: emit_llvm__build_internal_struct_list (in /mnt/c/Users/Juan/Documents/GitHub/Mapanare/mapanare/self/mnc-stage1)
==76077==    by 0x4: ???
==76077==    by 0x7: ???
==76077==    by 0x6AAE7DF: ???
==76077==    by 0x7: ???
==76077==    by 0xF: ???
==76077== 
==76077== 21 bytes in 1 blocks are indirectly lost in loss record 467 of 850
==76077==    at 0x484D953: calloc (in /usr/libexec/valgrind/vgpreload_memcheck-amd64-linux.so)
==76077==    by 0x723DE9: __mn_alloc (in /mnt/c/Users/Juan/Documents/GitHub/Mapanare/mapanare/self/mnc-stage1)
==76077==    by 0x7249CE: __mn_str_concat (in /mnt/c/Users/Juan/Documents/GitHub/Mapanare/mapanare/self/mnc-stage1)
==76077==    by 0x6AA99A: emit_llvm__emit_const (in /mnt/c/Users/Juan/Documents/GitHub/Mapanare/mapanare/self/mnc-stage1)
==76077== 
==76077== 21 bytes in 1 blocks are indirectly lost in loss record 468 of 850
==76077==    at 0x484D953: calloc (in /usr/libexec/valgrind/vgpreload_memcheck-amd64-linux.so)
==76077==    by 0x723DE9: __mn_alloc (in /mnt/c/Users/Juan/Documents/GitHub/Mapanare/mapanare/self/mnc-stage1)
==76077==    by 0x7249CE: __mn_str_concat (in /mnt/c/Users/Juan/Documents/GitHub/Mapanare/mapanare/self/mnc-stage1)
==76077==    by 0x6AA99A: emit_llvm__emit_const (in /mnt/c/Users/Juan/Documents/GitHub/Mapanare/mapanare/self/mnc-stage1)
==76077==    by 0xC: ???
==76077== 
==76077== 21 bytes in 1 blocks are indirectly lost in loss record 469 of 850
==76077==    at 0x484D953: calloc (in /usr/libexec/valgrind/vgpreload_memcheck-amd64-linux.so)
==76077==    by 0x723DE9: __mn_alloc (in /mnt/c/Users/Juan/Documents/GitHub/Mapanare/mapanare/self/mnc-stage1)
==76077==    by 0x7249CE: __mn_str_concat (in /mnt/c/Users/Juan/Documents/GitHub/Mapanare/mapanare/self/mnc-stage1)
==76077==    by 0x6AA99A: emit_llvm__emit_const (in /mnt/c/Users/Juan/Documents/GitHub/Mapanare/mapanare/self/mnc-stage1)
==76077==    by 0x9: ???
==76077== 
==76077== 21 bytes in 1 blocks are definitely lost in loss record 470 of 850
==76077==    at 0x484D953: calloc (in /usr/libexec/valgrind/vgpreload_memcheck-amd64-linux.so)
==76077==    by 0x723DE9: __mn_alloc (in /mnt/c/Users/Juan/Documents/GitHub/Mapanare/mapanare/self/mnc-stage1)
==76077==    by 0x7245AB: __mn_str_from_parts (in /mnt/c/Users/Juan/Documents/GitHub/Mapanare/mapanare/self/mnc-stage1)
==76077==    by 0x413D6B: basename_of (in /mnt/c/Users/Juan/Documents/GitHub/Mapanare/mapanare/self/mnc-stage1)
==76077==    by 0xF: ???
==76077==    by 0x6A7619F: ???
==76077==    by 0x4C: ???
==76077== 
==76077== 21 bytes in 1 blocks are definitely lost in loss record 471 of 850
==76077==    at 0x484D953: calloc (in /usr/libexec/valgrind/vgpreload_memcheck-amd64-linux.so)
==76077==    by 0x723DE9: __mn_alloc (in /mnt/c/Users/Juan/Documents/GitHub/Mapanare/mapanare/self/mnc-stage1)
==76077==    by 0x7249CE: __mn_str_concat (in /mnt/c/Users/Juan/Documents/GitHub/Mapanare/mapanare/self/mnc-stage1)
==76077==    by 0x68FA94: emit_llvm__declare_all_runtime (in /mnt/c/Users/Juan/Documents/GitHub/Mapanare/mapanare/self/mnc-stage1)
==76077== 
==76077== 21 bytes in 1 blocks are definitely lost in loss record 472 of 850
==76077==    at 0x484D953: calloc (in /usr/libexec/valgrind/vgpreload_memcheck-amd64-linux.so)
==76077==    by 0x723DE9: __mn_alloc (in /mnt/c/Users/Juan/Documents/GitHub/Mapanare/mapanare/self/mnc-stage1)
==76077==    by 0x7249CE: __mn_str_concat (in /mnt/c/Users/Juan/Documents/GitHub/Mapanare/mapanare/self/mnc-stage1)
==76077==    by 0x697FD7: emit_llvm__declare_all_runtime (in /mnt/c/Users/Juan/Documents/GitHub/Mapanare/mapanare/self/mnc-stage1)
==76077==    by 0x7470F7: ??? (in /mnt/c/Users/Juan/Documents/GitHub/Mapanare/mapanare/self/mnc-stage1)
==76077== 
==76077== 22 bytes in 1 blocks are indirectly lost in loss record 473 of 850
==76077==    at 0x484D953: calloc (in /usr/libexec/valgrind/vgpreload_memcheck-amd64-linux.so)
==76077==    by 0x723DE9: __mn_alloc (in /mnt/c/Users/Juan/Documents/GitHub/Mapanare/mapanare/self/mnc-stage1)
==76077==    by 0x7249CE: __mn_str_concat (in /mnt/c/Users/Juan/Documents/GitHub/Mapanare/mapanare/self/mnc-stage1)
==76077==    by 0x68A43D: emit_llvm__build_internal_struct_list (in /mnt/c/Users/Juan/Documents/GitHub/Mapanare/mapanare/self/mnc-stage1)
==76077==    by 0xF: ???
==76077== 
==76077== 22 bytes in 2 blocks are indirectly lost in loss record 474 of 850
==76077==    at 0x484D953: calloc (in /usr/libexec/valgrind/vgpreload_memcheck-amd64-linux.so)
==76077==    by 0x723DE9: __mn_alloc (in /mnt/c/Users/Juan/Documents/GitHub/Mapanare/mapanare/self/mnc-stage1)
==76077==    by 0x7249CE: __mn_str_concat (in /mnt/c/Users/Juan/Documents/GitHub/Mapanare/mapanare/self/mnc-stage1)
==76077==    by 0x71A8A3: emit_llvm__emit_mir_basic_block (in /mnt/c/Users/Juan/Documents/GitHub/Mapanare/mapanare/self/mnc-stage1)
==76077==    by 0x2: ???
==76077==    by 0x6AC703F: ???
==76077== 
==76077== 23 bytes in 1 blocks are definitely lost in loss record 475 of 850
==76077==    at 0x484D953: calloc (in /usr/libexec/valgrind/vgpreload_memcheck-amd64-linux.so)
==76077==    by 0x723DE9: __mn_alloc (in /mnt/c/Users/Juan/Documents/GitHub/Mapanare/mapanare/self/mnc-stage1)
==76077==    by 0x7249CE: __mn_str_concat (in /mnt/c/Users/Juan/Documents/GitHub/Mapanare/mapanare/self/mnc-stage1)
==76077==    by 0x68F16B: emit_llvm__declare_all_runtime (in /mnt/c/Users/Juan/Documents/GitHub/Mapanare/mapanare/self/mnc-stage1)
==76077== 
==76077== 23 bytes in 1 blocks are definitely lost in loss record 476 of 850
==76077==    at 0x484D953: calloc (in /usr/libexec/valgrind/vgpreload_memcheck-amd64-linux.so)
==76077==    by 0x723DE9: __mn_alloc (in /mnt/c/Users/Juan/Documents/GitHub/Mapanare/mapanare/self/mnc-stage1)
==76077==    by 0x7249CE: __mn_str_concat (in /mnt/c/Users/Juan/Documents/GitHub/Mapanare/mapanare/self/mnc-stage1)
==76077==    by 0x68F36E: emit_llvm__declare_all_runtime (in /mnt/c/Users/Juan/Documents/GitHub/Mapanare/mapanare/self/mnc-stage1)
==76077==    by 0x7470F7: ??? (in /mnt/c/Users/Juan/Documents/GitHub/Mapanare/mapanare/self/mnc-stage1)
==76077==    by 0x3: ???
==76077== 
==76077== 23 bytes in 1 blocks are definitely lost in loss record 477 of 850
==76077==    at 0x484D953: calloc (in /usr/libexec/valgrind/vgpreload_memcheck-amd64-linux.so)
==76077==    by 0x723DE9: __mn_alloc (in /mnt/c/Users/Juan/Documents/GitHub/Mapanare/mapanare/self/mnc-stage1)
==76077==    by 0x7249CE: __mn_str_concat (in /mnt/c/Users/Juan/Documents/GitHub/Mapanare/mapanare/self/mnc-stage1)
==76077==    by 0x69087E: emit_llvm__declare_all_runtime (in /mnt/c/Users/Juan/Documents/GitHub/Mapanare/mapanare/self/mnc-stage1)
==76077==    by 0x3: ???
==76077== 
==76077== 23 bytes in 1 blocks are definitely lost in loss record 478 of 850
==76077==    at 0x484D953: calloc (in /usr/libexec/valgrind/vgpreload_memcheck-amd64-linux.so)
==76077==    by 0x723DE9: __mn_alloc (in /mnt/c/Users/Juan/Documents/GitHub/Mapanare/mapanare/self/mnc-stage1)
==76077==    by 0x7249CE: __mn_str_concat (in /mnt/c/Users/Juan/Documents/GitHub/Mapanare/mapanare/self/mnc-stage1)
==76077==    by 0x690ABC: emit_llvm__declare_all_runtime (in /mnt/c/Users/Juan/Documents/GitHub/Mapanare/mapanare/self/mnc-stage1)
==76077==    by 0x7470F7: ??? (in /mnt/c/Users/Juan/Documents/GitHub/Mapanare/mapanare/self/mnc-stage1)
==76077== 
==76077== 23 bytes in 1 blocks are definitely lost in loss record 479 of 850
==76077==    at 0x484D953: calloc (in /usr/libexec/valgrind/vgpreload_memcheck-amd64-linux.so)
==76077==    by 0x723DE9: __mn_alloc (in /mnt/c/Users/Juan/Documents/GitHub/Mapanare/mapanare/self/mnc-stage1)
==76077==    by 0x7249CE: __mn_str_concat (in /mnt/c/Users/Juan/Documents/GitHub/Mapanare/mapanare/self/mnc-stage1)
==76077==    by 0x690CF1: emit_llvm__declare_all_runtime (in /mnt/c/Users/Juan/Documents/GitHub/Mapanare/mapanare/self/mnc-stage1)
==76077==    by 0x3: ???
==76077== 
==76077== 23 bytes in 1 blocks are definitely lost in loss record 480 of 850
==76077==    at 0x484D953: calloc (in /usr/libexec/valgrind/vgpreload_memcheck-amd64-linux.so)
==76077==    by 0x723DE9: __mn_alloc (in /mnt/c/Users/Juan/Documents/GitHub/Mapanare/mapanare/self/mnc-stage1)
==76077==    by 0x7249CE: __mn_str_concat (in /mnt/c/Users/Juan/Documents/GitHub/Mapanare/mapanare/self/mnc-stage1)
==76077==    by 0x692891: emit_llvm__declare_all_runtime (in /mnt/c/Users/Juan/Documents/GitHub/Mapanare/mapanare/self/mnc-stage1)
==76077==    by 0x3: ???
==76077== 
==76077== 23 bytes in 1 blocks are definitely lost in loss record 481 of 850
==76077==    at 0x484D953: calloc (in /usr/libexec/valgrind/vgpreload_memcheck-amd64-linux.so)
==76077==    by 0x723DE9: __mn_alloc (in /mnt/c/Users/Juan/Documents/GitHub/Mapanare/mapanare/self/mnc-stage1)
==76077==    by 0x7249CE: __mn_str_concat (in /mnt/c/Users/Juan/Documents/GitHub/Mapanare/mapanare/self/mnc-stage1)
==76077==    by 0x692C80: emit_llvm__declare_all_runtime (in /mnt/c/Users/Juan/Documents/GitHub/Mapanare/mapanare/self/mnc-stage1)
==76077==    by 0x3: ???
==76077== 
==76077== 23 bytes in 1 blocks are definitely lost in loss record 482 of 850
==76077==    at 0x484D953: calloc (in /usr/libexec/valgrind/vgpreload_memcheck-amd64-linux.so)
==76077==    by 0x723DE9: __mn_alloc (in /mnt/c/Users/Juan/Documents/GitHub/Mapanare/mapanare/self/mnc-stage1)
==76077==    by 0x7249CE: __mn_str_concat (in /mnt/c/Users/Juan/Documents/GitHub/Mapanare/mapanare/self/mnc-stage1)
==76077==    by 0x69375D: emit_llvm__declare_all_runtime (in /mnt/c/Users/Juan/Documents/GitHub/Mapanare/mapanare/self/mnc-stage1)
==76077==    by 0x3: ???
==76077== 
==76077== 23 bytes in 1 blocks are definitely lost in loss record 483 of 850
==76077==    at 0x484D953: calloc (in /usr/libexec/valgrind/vgpreload_memcheck-amd64-linux.so)
==76077==    by 0x723DE9: __mn_alloc (in /mnt/c/Users/Juan/Documents/GitHub/Mapanare/mapanare/self/mnc-stage1)
==76077==    by 0x7249CE: __mn_str_concat (in /mnt/c/Users/Juan/Documents/GitHub/Mapanare/mapanare/self/mnc-stage1)
==76077==    by 0x696BFE: emit_llvm__declare_all_runtime (in /mnt/c/Users/Juan/Documents/GitHub/Mapanare/mapanare/self/mnc-stage1)
==76077==    by 0x3: ???
==76077== 
==76077== 23 bytes in 1 blocks are definitely lost in loss record 484 of 850
==76077==    at 0x484D953: calloc (in /usr/libexec/valgrind/vgpreload_memcheck-amd64-linux.so)
==76077==    by 0x723DE9: __mn_alloc (in /mnt/c/Users/Juan/Documents/GitHub/Mapanare/mapanare/self/mnc-stage1)
==76077==    by 0x7249CE: __mn_str_concat (in /mnt/c/Users/Juan/Documents/GitHub/Mapanare/mapanare/self/mnc-stage1)
==76077==    by 0x697876: emit_llvm__declare_all_runtime (in /mnt/c/Users/Juan/Documents/GitHub/Mapanare/mapanare/self/mnc-stage1)
==76077==    by 0x7470F7: ??? (in /mnt/c/Users/Juan/Documents/GitHub/Mapanare/mapanare/self/mnc-stage1)
==76077== 
==76077== 23 bytes in 1 blocks are definitely lost in loss record 485 of 850
==76077==    at 0x484D953: calloc (in /usr/libexec/valgrind/vgpreload_memcheck-amd64-linux.so)
==76077==    by 0x723DE9: __mn_alloc (in /mnt/c/Users/Juan/Documents/GitHub/Mapanare/mapanare/self/mnc-stage1)
==76077==    by 0x7249CE: __mn_str_concat (in /mnt/c/Users/Juan/Documents/GitHub/Mapanare/mapanare/self/mnc-stage1)
==76077==    by 0x698EEA: emit_llvm__declare_all_runtime (in /mnt/c/Users/Juan/Documents/GitHub/Mapanare/mapanare/self/mnc-stage1)
==76077==    by 0x3: ???
==76077== 
==76077== 23 bytes in 1 blocks are definitely lost in loss record 486 of 850
==76077==    at 0x484D953: calloc (in /usr/libexec/valgrind/vgpreload_memcheck-amd64-linux.so)
==76077==    by 0x723DE9: __mn_alloc (in /mnt/c/Users/Juan/Documents/GitHub/Mapanare/mapanare/self/mnc-stage1)
==76077==    by 0x7249CE: __mn_str_concat (in /mnt/c/Users/Juan/Documents/GitHub/Mapanare/mapanare/self/mnc-stage1)
==76077==    by 0x699122: emit_llvm__declare_all_runtime (in /mnt/c/Users/Juan/Documents/GitHub/Mapanare/mapanare/self/mnc-stage1)
==76077==    by 0x7470F7: ??? (in /mnt/c/Users/Juan/Documents/GitHub/Mapanare/mapanare/self/mnc-stage1)
==76077== 
==76077== 24 bytes in 1 blocks are indirectly lost in loss record 487 of 850
==76077==    at 0x4846828: malloc (in /usr/libexec/valgrind/vgpreload_memcheck-amd64-linux.so)
==76077==    by 0x42FCEB: parser__parse_expr (in /mnt/c/Users/Juan/Documents/GitHub/Mapanare/mapanare/self/mnc-stage1)
==76077== 
==76077== 24 bytes in 1 blocks are indirectly lost in loss record 488 of 850
==76077==    at 0x4846828: malloc (in /usr/libexec/valgrind/vgpreload_memcheck-amd64-linux.so)
==76077==    by 0x42F608: parser__parse_return_stmt (in /mnt/c/Users/Juan/Documents/GitHub/Mapanare/mapanare/self/mnc-stage1)
==76077==    by 0x3F: ???
==76077== 
==76077== 24 bytes in 1 blocks are indirectly lost in loss record 489 of 850
==76077==    at 0x484D953: calloc (in /usr/libexec/valgrind/vgpreload_memcheck-amd64-linux.so)
==76077==    by 0x723DE9: __mn_alloc (in /mnt/c/Users/Juan/Documents/GitHub/Mapanare/mapanare/self/mnc-stage1)
==76077==    by 0x7249CE: __mn_str_concat (in /mnt/c/Users/Juan/Documents/GitHub/Mapanare/mapanare/self/mnc-stage1)
==76077==    by 0x68AC22: emit_llvm__build_internal_struct_list (in /mnt/c/Users/Juan/Documents/GitHub/Mapanare/mapanare/self/mnc-stage1)
==76077==    by 0x2: ???
==76077==    by 0x7: ???
==76077==    by 0x6AAE44F: ???
==76077==    by 0x7: ???
==76077==    by 0xF: ???
==76077== 
==76077== 24 bytes in 1 blocks are indirectly lost in loss record 490 of 850
==76077==    at 0x484D953: calloc (in /usr/libexec/valgrind/vgpreload_memcheck-amd64-linux.so)
==76077==    by 0x723DE9: __mn_alloc (in /mnt/c/Users/Juan/Documents/GitHub/Mapanare/mapanare/self/mnc-stage1)
==76077==    by 0x7249CE: __mn_str_concat (in /mnt/c/Users/Juan/Documents/GitHub/Mapanare/mapanare/self/mnc-stage1)
==76077==    by 0x6AA99A: emit_llvm__emit_const (in /mnt/c/Users/Juan/Documents/GitHub/Mapanare/mapanare/self/mnc-stage1)
==76077==    by 0x2: ???
==76077== 
==76077== 24 bytes in 2 blocks are indirectly lost in loss record 491 of 850
==76077==    at 0x484D953: calloc (in /usr/libexec/valgrind/vgpreload_memcheck-amd64-linux.so)
==76077==    by 0x723DE9: __mn_alloc (in /mnt/c/Users/Juan/Documents/GitHub/Mapanare/mapanare/self/mnc-stage1)
==76077==    by 0x7249CE: __mn_str_concat (in /mnt/c/Users/Juan/Documents/GitHub/Mapanare/mapanare/self/mnc-stage1)
==76077==    by 0x4B783B: lower__register_definition (in /mnt/c/Users/Juan/Documents/GitHub/Mapanare/mapanare/self/mnc-stage1)
==76077== 
==76077== 25 bytes in 1 blocks are indirectly lost in loss record 492 of 850
==76077==    at 0x484D953: calloc (in /usr/libexec/valgrind/vgpreload_memcheck-amd64-linux.so)
==76077==    by 0x723DE9: __mn_alloc (in /mnt/c/Users/Juan/Documents/GitHub/Mapanare/mapanare/self/mnc-stage1)
==76077==    by 0x7249CE: __mn_str_concat (in /mnt/c/Users/Juan/Documents/GitHub/Mapanare/mapanare/self/mnc-stage1)
==76077==    by 0x68A655: emit_llvm__build_internal_struct_list (in /mnt/c/Users/Juan/Documents/GitHub/Mapanare/mapanare/self/mnc-stage1)
==76077==    by 0x4: ???
==76077==    by 0x7: ???
==76077==    by 0x6AAD98F: ???
==76077==    by 0x7: ???
==76077==    by 0xF: ???
==76077== 
==76077== 25 bytes in 1 blocks are indirectly lost in loss record 493 of 850
==76077==    at 0x484D953: calloc (in /usr/libexec/valgrind/vgpreload_memcheck-amd64-linux.so)
==76077==    by 0x723DE9: __mn_alloc (in /mnt/c/Users/Juan/Documents/GitHub/Mapanare/mapanare/self/mnc-stage1)
==76077==    by 0x7249CE: __mn_str_concat (in /mnt/c/Users/Juan/Documents/GitHub/Mapanare/mapanare/self/mnc-stage1)
==76077==    by 0x68ADE6: emit_llvm__build_internal_struct_list (in /mnt/c/Users/Juan/Documents/GitHub/Mapanare/mapanare/self/mnc-stage1)
==76077==    by 0x1: ???
==76077==    by 0x7: ???
==76077==    by 0x6AAE57F: ???
==76077==    by 0x7: ???
==76077==    by 0xF: ???
==76077== 
==76077== 25 bytes in 1 blocks are definitely lost in loss record 494 of 850
==76077==    at 0x484D953: calloc (in /usr/libexec/valgrind/vgpreload_memcheck-amd64-linux.so)
==76077==    by 0x723DE9: __mn_alloc (in /mnt/c/Users/Juan/Documents/GitHub/Mapanare/mapanare/self/mnc-stage1)
==76077==    by 0x7249CE: __mn_str_concat (in /mnt/c/Users/Juan/Documents/GitHub/Mapanare/mapanare/self/mnc-stage1)
==76077==    by 0x6AFAC4: emit_llvm__emit_binop (in /mnt/c/Users/Juan/Documents/GitHub/Mapanare/mapanare/self/mnc-stage1)
==76077==    by 0x8000000000000003: ???
==76077==    by 0x6AAEDCF: ???
==76077==    by 0x6AC703F: ???
==76077==    by 0x6AA13FF: ???
==76077==    by 0x6AA105F: ???
==76077==    by 0x800000000000000C: ???
==76077==    by 0x8000000000000007: ???
==76077==    by 0x6AA127F: ???
==76077==    by 0x6ACA52F: ???
==76077==    by 0x8D: ???
==76077==    by 0xFF: ???
==76077== 
==76077== 26 bytes in 1 blocks are indirectly lost in loss record 495 of 850
==76077==    at 0x484D953: calloc (in /usr/libexec/valgrind/vgpreload_memcheck-amd64-linux.so)
==76077==    by 0x723DE9: __mn_alloc (in /mnt/c/Users/Juan/Documents/GitHub/Mapanare/mapanare/self/mnc-stage1)
==76077==    by 0x7249CE: __mn_str_concat (in /mnt/c/Users/Juan/Documents/GitHub/Mapanare/mapanare/self/mnc-stage1)
==76077==    by 0x7132FD: emit_llvm__emit_mir_return (in /mnt/c/Users/Juan/Documents/GitHub/Mapanare/mapanare/self/mnc-stage1)
==76077== 
==76077== 27 bytes in 1 blocks are definitely lost in loss record 496 of 850
==76077==    at 0x484D953: calloc (in /usr/libexec/valgrind/vgpreload_memcheck-amd64-linux.so)
==76077==    by 0x723DE9: __mn_alloc (in /mnt/c/Users/Juan/Documents/GitHub/Mapanare/mapanare/self/mnc-stage1)
==76077==    by 0x7249CE: __mn_str_concat (in /mnt/c/Users/Juan/Documents/GitHub/Mapanare/mapanare/self/mnc-stage1)
==76077==    by 0x6AFADE: emit_llvm__emit_binop (in /mnt/c/Users/Juan/Documents/GitHub/Mapanare/mapanare/self/mnc-stage1)
==76077==    by 0x8000000000000003: ???
==76077==    by 0x6AAEDCF: ???
==76077==    by 0x6AC703F: ???
==76077==    by 0x6AA13FF: ???
==76077==    by 0x6AA105F: ???
==76077==    by 0x800000000000000C: ???
==76077==    by 0x8000000000000007: ???
==76077==    by 0x6AA127F: ???
==76077==    by 0x6ACA52F: ???
==76077==    by 0x8D: ???
==76077==    by 0xFF: ???
==76077== 
==76077== 28 bytes in 2 blocks are definitely lost in loss record 497 of 850
==76077==    at 0x484D953: calloc (in /usr/libexec/valgrind/vgpreload_memcheck-amd64-linux.so)
==76077==    by 0x723DE9: __mn_alloc (in /mnt/c/Users/Juan/Documents/GitHub/Mapanare/mapanare/self/mnc-stage1)
==76077==    by 0x7249CE: __mn_str_concat (in /mnt/c/Users/Juan/Documents/GitHub/Mapanare/mapanare/self/mnc-stage1)
==76077==    by 0x414BE5: dedup_definitions (in /mnt/c/Users/Juan/Documents/GitHub/Mapanare/mapanare/self/mnc-stage1)
==76077==    by 0x9: ???
==76077== 
==76077== 30 bytes in 2 blocks are indirectly lost in loss record 498 of 850
==76077==    at 0x484D953: calloc (in /usr/libexec/valgrind/vgpreload_memcheck-amd64-linux.so)
==76077==    by 0x723DE9: __mn_alloc (in /mnt/c/Users/Juan/Documents/GitHub/Mapanare/mapanare/self/mnc-stage1)
==76077==    by 0x7249CE: __mn_str_concat (in /mnt/c/Users/Juan/Documents/GitHub/Mapanare/mapanare/self/mnc-stage1)
==76077==    by 0x4B77F3: lower__register_definition (in /mnt/c/Users/Juan/Documents/GitHub/Mapanare/mapanare/self/mnc-stage1)
==76077== 
==76077== 31 bytes in 1 blocks are indirectly lost in loss record 499 of 850
==76077==    at 0x484D953: calloc (in /usr/libexec/valgrind/vgpreload_memcheck-amd64-linux.so)
==76077==    by 0x723DE9: __mn_alloc (in /mnt/c/Users/Juan/Documents/GitHub/Mapanare/mapanare/self/mnc-stage1)
==76077==    by 0x7249CE: __mn_str_concat (in /mnt/c/Users/Juan/Documents/GitHub/Mapanare/mapanare/self/mnc-stage1)
==76077==    by 0x713B9B: emit_llvm__emit_mir_return (in /mnt/c/Users/Juan/Documents/GitHub/Mapanare/mapanare/self/mnc-stage1)
==76077== 
==76077== 32 bytes in 1 blocks are indirectly lost in loss record 500 of 850
==76077==    at 0x4846828: malloc (in /usr/libexec/valgrind/vgpreload_memcheck-amd64-linux.so)
==76077==    by 0x42FDA6: parser__parse_expr (in /mnt/c/Users/Juan/Documents/GitHub/Mapanare/mapanare/self/mnc-stage1)
==76077==    by 0x1101: ???
==76077==    by 0x5: ???
==76077==    by 0x6A887FF: ???
==76077==    by 0x3F: ???
==76077==    by 0x48: ???
==76077==    by 0x7F: ???
==76077==    by 0x6A8498F: ???
==76077==    by 0x6A8498F: ???
==76077==    by 0x48: ???
==76077==    by 0x7F: ???
==76077==    by 0x3F: ???
==76077== 
==76077== 32 bytes in 1 blocks are indirectly lost in loss record 501 of 850
==76077==    at 0x4846828: malloc (in /usr/libexec/valgrind/vgpreload_memcheck-amd64-linux.so)
==76077==    by 0x42FEEE: parser__parse_expr (in /mnt/c/Users/Juan/Documents/GitHub/Mapanare/mapanare/self/mnc-stage1)
==76077==    by 0x7F: ???
==76077==    by 0x5: ???
==76077==    by 0x6A8875F: ???
==76077==    by 0x3F: ???
==76077==    by 0x48: ???
==76077==    by 0x7F: ???
==76077==    by 0x6A8498F: ???
==76077==    by 0x6A8498F: ???
==76077==    by 0x48: ???
==76077==    by 0x7F: ???
==76077==    by 0x3F: ???
==76077== 
==76077== 32 bytes in 2 blocks are definitely lost in loss record 502 of 850
==76077==    at 0x4846828: malloc (in /usr/libexec/valgrind/vgpreload_memcheck-amd64-linux.so)
==76077==    by 0x728B99: __mn_range (in /mnt/c/Users/Juan/Documents/GitHub/Mapanare/mapanare/self/mnc-stage1)
==76077==    by 0x42308E: parser__skip_semis (in /mnt/c/Users/Juan/Documents/GitHub/Mapanare/mapanare/self/mnc-stage1)
==76077== 
==76077== 32 bytes in 2 blocks are definitely lost in loss record 503 of 850
==76077==    at 0x4846828: malloc (in /usr/libexec/valgrind/vgpreload_memcheck-amd64-linux.so)
==76077==    by 0x728B99: __mn_range (in /mnt/c/Users/Juan/Documents/GitHub/Mapanare/mapanare/self/mnc-stage1)
==76077==    by 0x4779A0: semantic__register_def (in /mnt/c/Users/Juan/Documents/GitHub/Mapanare/mapanare/self/mnc-stage1)
==76077== 
==76077== 32 bytes in 2 blocks are definitely lost in loss record 504 of 850
==76077==    at 0x4846828: malloc (in /usr/libexec/valgrind/vgpreload_memcheck-amd64-linux.so)
==76077==    by 0x728B99: __mn_range (in /mnt/c/Users/Juan/Documents/GitHub/Mapanare/mapanare/self/mnc-stage1)
==76077==    by 0x481942: semantic__check_fn_body (in /mnt/c/Users/Juan/Documents/GitHub/Mapanare/mapanare/self/mnc-stage1)
==76077== 
==76077== 32 bytes in 2 blocks are definitely lost in loss record 505 of 850
==76077==    at 0x4846828: malloc (in /usr/libexec/valgrind/vgpreload_memcheck-amd64-linux.so)
==76077==    by 0x728B99: __mn_range (in /mnt/c/Users/Juan/Documents/GitHub/Mapanare/mapanare/self/mnc-stage1)
==76077==    by 0x46DF98: semantic__check_block (in /mnt/c/Users/Juan/Documents/GitHub/Mapanare/mapanare/self/mnc-stage1)
==76077== 
==76077== 32 bytes in 2 blocks are definitely lost in loss record 506 of 850
==76077==    at 0x4846828: malloc (in /usr/libexec/valgrind/vgpreload_memcheck-amd64-linux.so)
==76077==    by 0x728B99: __mn_range (in /mnt/c/Users/Juan/Documents/GitHub/Mapanare/mapanare/self/mnc-stage1)
==76077==    by 0x4CC9DE: lower__build_mir_params (in /mnt/c/Users/Juan/Documents/GitHub/Mapanare/mapanare/self/mnc-stage1)
==76077== 
==76077== 32 bytes in 2 blocks are definitely lost in loss record 507 of 850
==76077==    at 0x4846828: malloc (in /usr/libexec/valgrind/vgpreload_memcheck-amd64-linux.so)
==76077==    by 0x728B99: __mn_range (in /mnt/c/Users/Juan/Documents/GitHub/Mapanare/mapanare/self/mnc-stage1)
==76077==    by 0x4CDB49: lower__bind_fn_params (in /mnt/c/Users/Juan/Documents/GitHub/Mapanare/mapanare/self/mnc-stage1)
==76077== 
==76077== 32 bytes in 2 blocks are definitely lost in loss record 508 of 850
==76077==    at 0x4846828: malloc (in /usr/libexec/valgrind/vgpreload_memcheck-amd64-linux.so)
==76077==    by 0x728B99: __mn_range (in /mnt/c/Users/Juan/Documents/GitHub/Mapanare/mapanare/self/mnc-stage1)
==76077==    by 0x69C37B: emit_llvm__is_enum_type (in /mnt/c/Users/Juan/Documents/GitHub/Mapanare/mapanare/self/mnc-stage1)
==76077==    by 0x8000000000000025: ???
==76077==    by 0x8000000000000022: ???
==76077==    by 0x73BE77: ??? (in /mnt/c/Users/Juan/Documents/GitHub/Mapanare/mapanare/self/mnc-stage1)
==76077==    by 0x5: ???
==76077== 
==76077== 33 bytes in 1 blocks are indirectly lost in loss record 509 of 850
==76077==    at 0x484D953: calloc (in /usr/libexec/valgrind/vgpreload_memcheck-amd64-linux.so)
==76077==    by 0x723DE9: __mn_alloc (in /mnt/c/Users/Juan/Documents/GitHub/Mapanare/mapanare/self/mnc-stage1)
==76077==    by 0x7249CE: __mn_str_concat (in /mnt/c/Users/Juan/Documents/GitHub/Mapanare/mapanare/self/mnc-stage1)
==76077==    by 0x7202A7: emit_llvm__emit_mir_module (in /mnt/c/Users/Juan/Documents/GitHub/Mapanare/mapanare/self/mnc-stage1)
==76077== 
==76077== 33 bytes in 1 blocks are definitely lost in loss record 510 of 850
==76077==    at 0x484D953: calloc (in /usr/libexec/valgrind/vgpreload_memcheck-amd64-linux.so)
==76077==    by 0x723DE9: __mn_alloc (in /mnt/c/Users/Juan/Documents/GitHub/Mapanare/mapanare/self/mnc-stage1)
==76077==    by 0x7249CE: __mn_str_concat (in /mnt/c/Users/Juan/Documents/GitHub/Mapanare/mapanare/self/mnc-stage1)
==76077==    by 0x69825C: emit_llvm__declare_all_runtime (in /mnt/c/Users/Juan/Documents/GitHub/Mapanare/mapanare/self/mnc-stage1)
==76077== 
==76077== 35 bytes in 1 blocks are definitely lost in loss record 511 of 850
==76077==    at 0x484D953: calloc (in /usr/libexec/valgrind/vgpreload_memcheck-amd64-linux.so)
==76077==    by 0x723DE9: __mn_alloc (in /mnt/c/Users/Juan/Documents/GitHub/Mapanare/mapanare/self/mnc-stage1)
==76077==    by 0x7249CE: __mn_str_concat (in /mnt/c/Users/Juan/Documents/GitHub/Mapanare/mapanare/self/mnc-stage1)
==76077==    by 0x692658: emit_llvm__declare_all_runtime (in /mnt/c/Users/Juan/Documents/GitHub/Mapanare/mapanare/self/mnc-stage1)
==76077== 
==76077== 36 bytes in 2 blocks are definitely lost in loss record 512 of 850
==76077==    at 0x484D953: calloc (in /usr/libexec/valgrind/vgpreload_memcheck-amd64-linux.so)
==76077==    by 0x723DE9: __mn_alloc (in /mnt/c/Users/Juan/Documents/GitHub/Mapanare/mapanare/self/mnc-stage1)
==76077==    by 0x7249CE: __mn_str_concat (in /mnt/c/Users/Juan/Documents/GitHub/Mapanare/mapanare/self/mnc-stage1)
==76077==    by 0x5CC3D6: lower__lower_call_by_name (in /mnt/c/Users/Juan/Documents/GitHub/Mapanare/mapanare/self/mnc-stage1)
==76077==    by 0x6A9DF0F: ???
==76077==    by 0x7: ???
==76077==    by 0x6AA351F: ???
==76077== 
==76077== 37 bytes in 1 blocks are definitely lost in loss record 513 of 850
==76077==    at 0x484D953: calloc (in /usr/libexec/valgrind/vgpreload_memcheck-amd64-linux.so)
==76077==    by 0x723DE9: __mn_alloc (in /mnt/c/Users/Juan/Documents/GitHub/Mapanare/mapanare/self/mnc-stage1)
==76077==    by 0x7249CE: __mn_str_concat (in /mnt/c/Users/Juan/Documents/GitHub/Mapanare/mapanare/self/mnc-stage1)
==76077==    by 0x6AFAF1: emit_llvm__emit_binop (in /mnt/c/Users/Juan/Documents/GitHub/Mapanare/mapanare/self/mnc-stage1)
==76077==    by 0x8000000000000003: ???
==76077==    by 0x6AAEDCF: ???
==76077==    by 0x6AC703F: ???
==76077==    by 0x6AA13FF: ???
==76077==    by 0x6AA105F: ???
==76077==    by 0x800000000000000C: ???
==76077==    by 0x8000000000000007: ???
==76077==    by 0x6AA127F: ???
==76077==    by 0x6ACA52F: ???
==76077==    by 0x8D: ???
==76077==    by 0xFF: ???
==76077== 
==76077== 38 bytes in 1 blocks are indirectly lost in loss record 514 of 850
==76077==    at 0x484D953: calloc (in /usr/libexec/valgrind/vgpreload_memcheck-amd64-linux.so)
==76077==    by 0x723DE9: __mn_alloc (in /mnt/c/Users/Juan/Documents/GitHub/Mapanare/mapanare/self/mnc-stage1)
==76077==    by 0x7249CE: __mn_str_concat (in /mnt/c/Users/Juan/Documents/GitHub/Mapanare/mapanare/self/mnc-stage1)
==76077==    by 0x72035A: emit_llvm__emit_mir_module (in /mnt/c/Users/Juan/Documents/GitHub/Mapanare/mapanare/self/mnc-stage1)
==76077== 
==76077== 38 bytes in 1 blocks are indirectly lost in loss record 515 of 850
==76077==    at 0x484D953: calloc (in /usr/libexec/valgrind/vgpreload_memcheck-amd64-linux.so)
==76077==    by 0x723DE9: __mn_alloc (in /mnt/c/Users/Juan/Documents/GitHub/Mapanare/mapanare/self/mnc-stage1)
==76077==    by 0x7245AB: __mn_str_from_parts (in /mnt/c/Users/Juan/Documents/GitHub/Mapanare/mapanare/self/mnc-stage1)
==76077==    by 0x68D511: emit_llvm__declare_runtime_fn (in /mnt/c/Users/Juan/Documents/GitHub/Mapanare/mapanare/self/mnc-stage1)
==76077==    by 0x2: ???
==76077==    by 0x6ABC3FF: ???
==76077==    by 0xF: ???
==76077== 
==76077== 38 bytes in 1 blocks are definitely lost in loss record 516 of 850
==76077==    at 0x484D953: calloc (in /usr/libexec/valgrind/vgpreload_memcheck-amd64-linux.so)
==76077==    by 0x723DE9: __mn_alloc (in /mnt/c/Users/Juan/Documents/GitHub/Mapanare/mapanare/self/mnc-stage1)
==76077==    by 0x7249CE: __mn_str_concat (in /mnt/c/Users/Juan/Documents/GitHub/Mapanare/mapanare/self/mnc-stage1)
==76077==    by 0x6AFB0B: emit_llvm__emit_binop (in /mnt/c/Users/Juan/Documents/GitHub/Mapanare/mapanare/self/mnc-stage1)
==76077==    by 0x8000000000000003: ???
==76077==    by 0x6AAEDCF: ???
==76077==    by 0x6AC703F: ???
==76077==    by 0x6AA13FF: ???
==76077==    by 0x6AA105F: ???
==76077==    by 0x800000000000000C: ???
==76077==    by 0x8000000000000007: ???
==76077==    by 0x6AA127F: ???
==76077==    by 0x6ACA52F: ???
==76077==    by 0x8D: ???
==76077==    by 0xFF: ???
==76077== 
==76077== 40 bytes in 1 blocks are indirectly lost in loss record 517 of 850
==76077==    at 0x484D953: calloc (in /usr/libexec/valgrind/vgpreload_memcheck-amd64-linux.so)
==76077==    by 0x723DE9: __mn_alloc (in /mnt/c/Users/Juan/Documents/GitHub/Mapanare/mapanare/self/mnc-stage1)
==76077==    by 0x7249CE: __mn_str_concat (in /mnt/c/Users/Juan/Documents/GitHub/Mapanare/mapanare/self/mnc-stage1)
==76077==    by 0x687844: emit_llvm_ir__emit_add (in /mnt/c/Users/Juan/Documents/GitHub/Mapanare/mapanare/self/mnc-stage1)
==76077==    by 0x800000000000000D: ???
==76077==    by 0x800000000000000B: ???
==76077==    by 0x8000000000000016: ???
==76077==    by 0x8000000000000019: ???
==76077==    by 0x800000000000001A: ???
==76077==    by 0x8000000000000023: ???
==76077==    by 0x8000000000000025: ???
==76077==    by 0x8000000000000057: ???
==76077==    by 0x6ACDBBF: ???
==76077==    by 0x6A6FD37: ???
==76077==    by 0x73BED7: ??? (in /mnt/c/Users/Juan/Documents/GitHub/Mapanare/mapanare/self/mnc-stage1)
==76077== 
==76077== 40 bytes in 20 blocks are definitely lost in loss record 518 of 850
==76077==    at 0x484D953: calloc (in /usr/libexec/valgrind/vgpreload_memcheck-amd64-linux.so)
==76077==    by 0x723DE9: __mn_alloc (in /mnt/c/Users/Juan/Documents/GitHub/Mapanare/mapanare/self/mnc-stage1)
==76077==    by 0x7245AB: __mn_str_from_parts (in /mnt/c/Users/Juan/Documents/GitHub/Mapanare/mapanare/self/mnc-stage1)
==76077==    by 0x413A46: dir_of_path (in /mnt/c/Users/Juan/Documents/GitHub/Mapanare/mapanare/self/mnc-stage1)
==76077== 
==76077== 40 bytes in 20 blocks are definitely lost in loss record 519 of 850
==76077==    at 0x484D953: calloc (in /usr/libexec/valgrind/vgpreload_memcheck-amd64-linux.so)
==76077==    by 0x723DE9: __mn_alloc (in /mnt/c/Users/Juan/Documents/GitHub/Mapanare/mapanare/self/mnc-stage1)
==76077==    by 0x7245AB: __mn_str_from_parts (in /mnt/c/Users/Juan/Documents/GitHub/Mapanare/mapanare/self/mnc-stage1)
==76077==    by 0x413D28: basename_of (in /mnt/c/Users/Juan/Documents/GitHub/Mapanare/mapanare/self/mnc-stage1)
==76077==    by 0xF: ???
==76077==    by 0x6A7619F: ???
==76077==    by 0x4C: ???
==76077== 
==76077== 41 bytes in 3 blocks are indirectly lost in loss record 520 of 850
==76077==    at 0x484D953: calloc (in /usr/libexec/valgrind/vgpreload_memcheck-amd64-linux.so)
==76077==    by 0x723DE9: __mn_alloc (in /mnt/c/Users/Juan/Documents/GitHub/Mapanare/mapanare/self/mnc-stage1)
==76077==    by 0x7249CE: __mn_str_concat (in /mnt/c/Users/Juan/Documents/GitHub/Mapanare/mapanare/self/mnc-stage1)
==76077==    by 0x4EBE52: lower__lower_let (in /mnt/c/Users/Juan/Documents/GitHub/Mapanare/mapanare/self/mnc-stage1)
==76077==    by 0x5: ???
==76077== 
==76077== 45 bytes in 1 blocks are indirectly lost in loss record 521 of 850
==76077==    at 0x484D953: calloc (in /usr/libexec/valgrind/vgpreload_memcheck-amd64-linux.so)
==76077==    by 0x723DE9: __mn_alloc (in /mnt/c/Users/Juan/Documents/GitHub/Mapanare/mapanare/self/mnc-stage1)
==76077==    by 0x7249CE: __mn_str_concat (in /mnt/c/Users/Juan/Documents/GitHub/Mapanare/mapanare/self/mnc-stage1)
==76077==    by 0x6F7CD0: emit_llvm__emit_mir_call (in /mnt/c/Users/Juan/Documents/GitHub/Mapanare/mapanare/self/mnc-stage1)
==76077== 
==76077== 46 bytes in 1 blocks are indirectly lost in loss record 522 of 850
==76077==    at 0x484D953: calloc (in /usr/libexec/valgrind/vgpreload_memcheck-amd64-linux.so)
==76077==    by 0x723DE9: __mn_alloc (in /mnt/c/Users/Juan/Documents/GitHub/Mapanare/mapanare/self/mnc-stage1)
==76077==    by 0x7249CE: __mn_str_concat (in /mnt/c/Users/Juan/Documents/GitHub/Mapanare/mapanare/self/mnc-stage1)
==76077==    by 0x6886DA: emit_llvm_ir__emit_icmp (in /mnt/c/Users/Juan/Documents/GitHub/Mapanare/mapanare/self/mnc-stage1)
==76077== 
==76077== 46 bytes in 1 blocks are definitely lost in loss record 523 of 850
==76077==    at 0x484D953: calloc (in /usr/libexec/valgrind/vgpreload_memcheck-amd64-linux.so)
==76077==    by 0x723DE9: __mn_alloc (in /mnt/c/Users/Juan/Documents/GitHub/Mapanare/mapanare/self/mnc-stage1)
==76077==    by 0x7249CE: __mn_str_concat (in /mnt/c/Users/Juan/Documents/GitHub/Mapanare/mapanare/self/mnc-stage1)
==76077==    by 0x6AFB20: emit_llvm__emit_binop (in /mnt/c/Users/Juan/Documents/GitHub/Mapanare/mapanare/self/mnc-stage1)
==76077==    by 0x8000000000000003: ???
==76077==    by 0x6AAEDCF: ???
==76077==    by 0x6AC703F: ???
==76077==    by 0x6AA13FF: ???
==76077==    by 0x6AA105F: ???
==76077==    by 0x800000000000000C: ???
==76077==    by 0x8000000000000007: ???
==76077==    by 0x6AA127F: ???
==76077==    by 0x6ACA52F: ???
==76077==    by 0x8D: ???
==76077==    by 0xFF: ???
==76077== 
==76077== 47 bytes in 1 blocks are indirectly lost in loss record 524 of 850
==76077==    at 0x484D953: calloc (in /usr/libexec/valgrind/vgpreload_memcheck-amd64-linux.so)
==76077==    by 0x723DE9: __mn_alloc (in /mnt/c/Users/Juan/Documents/GitHub/Mapanare/mapanare/self/mnc-stage1)
==76077==    by 0x7249CE: __mn_str_concat (in /mnt/c/Users/Juan/Documents/GitHub/Mapanare/mapanare/self/mnc-stage1)
==76077==    by 0x6F72E7: emit_llvm__emit_mir_call (in /mnt/c/Users/Juan/Documents/GitHub/Mapanare/mapanare/self/mnc-stage1)
==76077== 
==76077== 48 bytes in 1 blocks are indirectly lost in loss record 525 of 850
==76077==    at 0x484D953: calloc (in /usr/libexec/valgrind/vgpreload_memcheck-amd64-linux.so)
==76077==    by 0x723DE9: __mn_alloc (in /mnt/c/Users/Juan/Documents/GitHub/Mapanare/mapanare/self/mnc-stage1)
==76077==    by 0x7249CE: __mn_str_concat (in /mnt/c/Users/Juan/Documents/GitHub/Mapanare/mapanare/self/mnc-stage1)
==76077==    by 0x6AB6E0: emit_llvm__emit_const (in /mnt/c/Users/Juan/Documents/GitHub/Mapanare/mapanare/self/mnc-stage1)
==76077== 
==76077== 48 bytes in 1 blocks are indirectly lost in loss record 526 of 850
==76077==    at 0x484D953: calloc (in /usr/libexec/valgrind/vgpreload_memcheck-amd64-linux.so)
==76077==    by 0x723DE9: __mn_alloc (in /mnt/c/Users/Juan/Documents/GitHub/Mapanare/mapanare/self/mnc-stage1)
==76077==    by 0x7249CE: __mn_str_concat (in /mnt/c/Users/Juan/Documents/GitHub/Mapanare/mapanare/self/mnc-stage1)
==76077==    by 0x689096: emit_llvm_ir__emit_insertvalue (in /mnt/c/Users/Juan/Documents/GitHub/Mapanare/mapanare/self/mnc-stage1)
==76077==    by 0x2: ???
==76077==    by 0x8000000000000004: ???
==76077==    by 0x8000000000000013: ???
==76077==    by 0x800000000000001D: ???
==76077==    by 0x800000000000001E: ???
==76077==    by 0x8000000000000024: ???
==76077==    by 0x8000000000000026: ???
==76077==    by 0x8000000000000029: ???
==76077==    by 0x800000000000002A: ???
==76077==    by 0x800000000000002B: ???
==76077==    by 0x800000000000002D: ???
==76077==    by 0x6AC928F: ???
==76077==    by 0x6AC92FF: ???
==76077==    by 0x6AC936F: ???
==76077==    by 0x6AC93DF: ???
==76077==    by 0x8000000000000036: ???
==76077== 
==76077== 48 bytes in 1 blocks are indirectly lost in loss record 527 of 850
==76077==    at 0x484D953: calloc (in /usr/libexec/valgrind/vgpreload_memcheck-amd64-linux.so)
==76077==    by 0x723DE9: __mn_alloc (in /mnt/c/Users/Juan/Documents/GitHub/Mapanare/mapanare/self/mnc-stage1)
==76077==    by 0x7249CE: __mn_str_concat (in /mnt/c/Users/Juan/Documents/GitHub/Mapanare/mapanare/self/mnc-stage1)
==76077==    by 0x689096: emit_llvm_ir__emit_insertvalue (in /mnt/c/Users/Juan/Documents/GitHub/Mapanare/mapanare/self/mnc-stage1)
==76077==    by 0xF: ???
==76077==    by 0x8000000000000004: ???
==76077==    by 0x8000000000000013: ???
==76077==    by 0x800000000000001D: ???
==76077==    by 0x800000000000001E: ???
==76077==    by 0x8000000000000024: ???
==76077==    by 0x8000000000000026: ???
==76077==    by 0x8000000000000029: ???
==76077==    by 0x800000000000002A: ???
==76077==    by 0x800000000000002B: ???
==76077==    by 0x800000000000002D: ???
==76077==    by 0x6ACF6CF: ???
==76077==    by 0x6ACF73F: ???
==76077==    by 0x6ACF7AF: ???
==76077==    by 0x6ACF81F: ???
==76077==    by 0x8000000000000036: ???
==76077== 
==76077== 48 bytes in 1 blocks are indirectly lost in loss record 528 of 850
==76077==    at 0x484D953: calloc (in /usr/libexec/valgrind/vgpreload_memcheck-amd64-linux.so)
==76077==    by 0x723DE9: __mn_alloc (in /mnt/c/Users/Juan/Documents/GitHub/Mapanare/mapanare/self/mnc-stage1)
==76077==    by 0x7249CE: __mn_str_concat (in /mnt/c/Users/Juan/Documents/GitHub/Mapanare/mapanare/self/mnc-stage1)
==76077==    by 0x689096: emit_llvm_ir__emit_insertvalue (in /mnt/c/Users/Juan/Documents/GitHub/Mapanare/mapanare/self/mnc-stage1)
==76077==    by 0x1101: ???
==76077==    by 0x8000000000000004: ???
==76077==    by 0x8000000000000013: ???
==76077==    by 0x800000000000001D: ???
==76077==    by 0x800000000000001E: ???
==76077==    by 0x8000000000000024: ???
==76077==    by 0x8000000000000026: ???
==76077==    by 0x8000000000000029: ???
==76077==    by 0x800000000000002A: ???
==76077==    by 0x800000000000002B: ???
==76077==    by 0x800000000000002D: ???
==76077==    by 0x6AD184F: ???
==76077==    by 0x6AD18BF: ???
==76077==    by 0x6AD192F: ???
==76077==    by 0x6AD199F: ???
==76077==    by 0x8000000000000036: ???
==76077== 
==76077== 48 bytes in 2 blocks are indirectly lost in loss record 529 of 850
==76077==    at 0x484D953: calloc (in /usr/libexec/valgrind/vgpreload_memcheck-amd64-linux.so)
==76077==    by 0x723DE9: __mn_alloc (in /mnt/c/Users/Juan/Documents/GitHub/Mapanare/mapanare/self/mnc-stage1)
==76077==    by 0x7249CE: __mn_str_concat (in /mnt/c/Users/Juan/Documents/GitHub/Mapanare/mapanare/self/mnc-stage1)
==76077==    by 0x6A6541: emit_llvm__emit_mir_by_kind (in /mnt/c/Users/Juan/Documents/GitHub/Mapanare/mapanare/self/mnc-stage1)
==76077== 
==76077== 48 bytes in 3 blocks are indirectly lost in loss record 530 of 850
==76077==    at 0x4846828: malloc (in /usr/libexec/valgrind/vgpreload_memcheck-amd64-linux.so)
==76077==    by 0x42F15E: parser__parse_stmt (in /mnt/c/Users/Juan/Documents/GitHub/Mapanare/mapanare/self/mnc-stage1)
==76077==    by 0x3F: ???
==76077== 
==76077== 48 bytes in 3 blocks are definitely lost in loss record 531 of 850
==76077==    at 0x4846828: malloc (in /usr/libexec/valgrind/vgpreload_memcheck-amd64-linux.so)
==76077==    by 0x728B99: __mn_range (in /mnt/c/Users/Juan/Documents/GitHub/Mapanare/mapanare/self/mnc-stage1)
==76077==    by 0x420865: lexer__scan_string (in /mnt/c/Users/Juan/Documents/GitHub/Mapanare/mapanare/self/mnc-stage1)
==76077== 
==76077== 48 bytes in 3 blocks are definitely lost in loss record 532 of 850
==76077==    at 0x4846828: malloc (in /usr/libexec/valgrind/vgpreload_memcheck-amd64-linux.so)
==76077==    by 0x728B99: __mn_range (in /mnt/c/Users/Juan/Documents/GitHub/Mapanare/mapanare/self/mnc-stage1)
==76077==    by 0x4DE613: lower__lower_block_stmts (in /mnt/c/Users/Juan/Documents/GitHub/Mapanare/mapanare/self/mnc-stage1)
==76077== 
==76077== 48 bytes in 3 blocks are definitely lost in loss record 533 of 850
==76077==    at 0x4846828: malloc (in /usr/libexec/valgrind/vgpreload_memcheck-amd64-linux.so)
==76077==    by 0x728B99: __mn_range (in /mnt/c/Users/Juan/Documents/GitHub/Mapanare/mapanare/self/mnc-stage1)
==76077==    by 0x71A93E: emit_llvm__emit_mir_basic_block (in /mnt/c/Users/Juan/Documents/GitHub/Mapanare/mapanare/self/mnc-stage1)
==76077==    by 0x2: ???
==76077==    by 0x6AC703F: ???
==76077== 
==76077== 49 bytes in 1 blocks are indirectly lost in loss record 534 of 850
==76077==    at 0x484D953: calloc (in /usr/libexec/valgrind/vgpreload_memcheck-amd64-linux.so)
==76077==    by 0x723DE9: __mn_alloc (in /mnt/c/Users/Juan/Documents/GitHub/Mapanare/mapanare/self/mnc-stage1)
==76077==    by 0x7249CE: __mn_str_concat (in /mnt/c/Users/Juan/Documents/GitHub/Mapanare/mapanare/self/mnc-stage1)
==76077==    by 0x6AB6E0: emit_llvm__emit_const (in /mnt/c/Users/Juan/Documents/GitHub/Mapanare/mapanare/self/mnc-stage1)
==76077==    by 0xC: ???
==76077== 
==76077== 49 bytes in 1 blocks are indirectly lost in loss record 535 of 850
==76077==    at 0x484D953: calloc (in /usr/libexec/valgrind/vgpreload_memcheck-amd64-linux.so)
==76077==    by 0x723DE9: __mn_alloc (in /mnt/c/Users/Juan/Documents/GitHub/Mapanare/mapanare/self/mnc-stage1)
==76077==    by 0x7249CE: __mn_str_concat (in /mnt/c/Users/Juan/Documents/GitHub/Mapanare/mapanare/self/mnc-stage1)
==76077==    by 0x6AB6E0: emit_llvm__emit_const (in /mnt/c/Users/Juan/Documents/GitHub/Mapanare/mapanare/self/mnc-stage1)
==76077==    by 0x9: ???
==76077== 
==76077== 53 bytes in 1 blocks are indirectly lost in loss record 536 of 850
==76077==    at 0x484D953: calloc (in /usr/libexec/valgrind/vgpreload_memcheck-amd64-linux.so)
==76077==    by 0x723DE9: __mn_alloc (in /mnt/c/Users/Juan/Documents/GitHub/Mapanare/mapanare/self/mnc-stage1)
==76077==    by 0x7249CE: __mn_str_concat (in /mnt/c/Users/Juan/Documents/GitHub/Mapanare/mapanare/self/mnc-stage1)
==76077==    by 0x6F4A73: emit_llvm__emit_mir_call (in /mnt/c/Users/Juan/Documents/GitHub/Mapanare/mapanare/self/mnc-stage1)
==76077== 
==76077== 54 bytes in 1 blocks are indirectly lost in loss record 537 of 850
==76077==    at 0x484D953: calloc (in /usr/libexec/valgrind/vgpreload_memcheck-amd64-linux.so)
==76077==    by 0x723DE9: __mn_alloc (in /mnt/c/Users/Juan/Documents/GitHub/Mapanare/mapanare/self/mnc-stage1)
==76077==    by 0x7245AB: __mn_str_from_parts (in /mnt/c/Users/Juan/Documents/GitHub/Mapanare/mapanare/self/mnc-stage1)
==76077==    by 0x68D511: emit_llvm__declare_runtime_fn (in /mnt/c/Users/Juan/Documents/GitHub/Mapanare/mapanare/self/mnc-stage1)
==76077==    by 0x9: ???
==76077==    by 0x6AB046F: ???
==76077==    by 0xF: ???
==76077== 
==76077== 54 bytes in 1 blocks are indirectly lost in loss record 538 of 850
==76077==    at 0x484D953: calloc (in /usr/libexec/valgrind/vgpreload_memcheck-amd64-linux.so)
==76077==    by 0x723DE9: __mn_alloc (in /mnt/c/Users/Juan/Documents/GitHub/Mapanare/mapanare/self/mnc-stage1)
==76077==    by 0x7249CE: __mn_str_concat (in /mnt/c/Users/Juan/Documents/GitHub/Mapanare/mapanare/self/mnc-stage1)
==76077==    by 0x6A8F0F: emit_llvm__emit_mir_branch (in /mnt/c/Users/Juan/Documents/GitHub/Mapanare/mapanare/self/mnc-stage1)
==76077==    by 0x8000000000000010: ???
==76077== 
==76077== 55 bytes in 1 blocks are indirectly lost in loss record 539 of 850
==76077==    at 0x484D953: calloc (in /usr/libexec/valgrind/vgpreload_memcheck-amd64-linux.so)
==76077==    by 0x723DE9: __mn_alloc (in /mnt/c/Users/Juan/Documents/GitHub/Mapanare/mapanare/self/mnc-stage1)
==76077==    by 0x7249CE: __mn_str_concat (in /mnt/c/Users/Juan/Documents/GitHub/Mapanare/mapanare/self/mnc-stage1)
==76077==    by 0x6F4E84: emit_llvm__emit_mir_call (in /mnt/c/Users/Juan/Documents/GitHub/Mapanare/mapanare/self/mnc-stage1)
==76077== 
==76077== 55 bytes in 6 blocks are definitely lost in loss record 540 of 850
==76077==    at 0x484D953: calloc (in /usr/libexec/valgrind/vgpreload_memcheck-amd64-linux.so)
==76077==    by 0x723DE9: __mn_alloc (in /mnt/c/Users/Juan/Documents/GitHub/Mapanare/mapanare/self/mnc-stage1)
==76077==    by 0x7249CE: __mn_str_concat (in /mnt/c/Users/Juan/Documents/GitHub/Mapanare/mapanare/self/mnc-stage1)
==76077==    by 0x56A289: lower__lower_identifier (in /mnt/c/Users/Juan/Documents/GitHub/Mapanare/mapanare/self/mnc-stage1)
==76077== 
==76077== 56 bytes in 1 blocks are indirectly lost in loss record 541 of 850
==76077==    at 0x4846828: malloc (in /usr/libexec/valgrind/vgpreload_memcheck-amd64-linux.so)
==76077==    by 0x4780C8: semantic__register_def (in /mnt/c/Users/Juan/Documents/GitHub/Mapanare/mapanare/self/mnc-stage1)
==76077== 
==76077== 56 bytes in 1 blocks are indirectly lost in loss record 542 of 850
==76077==    at 0x4846828: malloc (in /usr/libexec/valgrind/vgpreload_memcheck-amd64-linux.so)
==76077==    by 0x473787: semantic__check_let_stmt (in /mnt/c/Users/Juan/Documents/GitHub/Mapanare/mapanare/self/mnc-stage1)
==76077== 
==76077== 56 bytes in 1 blocks are indirectly lost in loss record 543 of 850
==76077==    at 0x484D953: calloc (in /usr/libexec/valgrind/vgpreload_memcheck-amd64-linux.so)
==76077==    by 0x723DE9: __mn_alloc (in /mnt/c/Users/Juan/Documents/GitHub/Mapanare/mapanare/self/mnc-stage1)
==76077==    by 0x7249CE: __mn_str_concat (in /mnt/c/Users/Juan/Documents/GitHub/Mapanare/mapanare/self/mnc-stage1)
==76077==    by 0x689096: emit_llvm_ir__emit_insertvalue (in /mnt/c/Users/Juan/Documents/GitHub/Mapanare/mapanare/self/mnc-stage1)
==76077==    by 0x2: ???
==76077==    by 0x8000000000000007: ???
==76077==    by 0x8000000000000016: ???
==76077==    by 0x8000000000000020: ???
==76077==    by 0x8000000000000021: ???
==76077==    by 0x8000000000000026: ???
==76077==    by 0x8000000000000028: ???
==76077==    by 0x800000000000002B: ???
==76077==    by 0x800000000000002C: ???
==76077==    by 0x8000000000000033: ???
==76077==    by 0x8000000000000035: ???
==76077==    by 0x6AC8DDF: ???
==76077==    by 0x6AC8E4F: ???
==76077==    by 0x6AC8EBF: ???
==76077==    by 0x6AC8F2F: ???
==76077==    by 0x6: ???
==76077== 
==76077== 56 bytes in 1 blocks are indirectly lost in loss record 544 of 850
==76077==    at 0x484D953: calloc (in /usr/libexec/valgrind/vgpreload_memcheck-amd64-linux.so)
==76077==    by 0x723DE9: __mn_alloc (in /mnt/c/Users/Juan/Documents/GitHub/Mapanare/mapanare/self/mnc-stage1)
==76077==    by 0x7249CE: __mn_str_concat (in /mnt/c/Users/Juan/Documents/GitHub/Mapanare/mapanare/self/mnc-stage1)
==76077==    by 0x689096: emit_llvm_ir__emit_insertvalue (in /mnt/c/Users/Juan/Documents/GitHub/Mapanare/mapanare/self/mnc-stage1)
==76077==    by 0xF: ???
==76077==    by 0x8000000000000007: ???
==76077==    by 0x8000000000000016: ???
==76077==    by 0x8000000000000020: ???
==76077==    by 0x8000000000000021: ???
==76077==    by 0x8000000000000026: ???
==76077==    by 0x8000000000000028: ???
==76077==    by 0x800000000000002B: ???
==76077==    by 0x800000000000002C: ???
==76077==    by 0x8000000000000033: ???
==76077==    by 0x8000000000000035: ???
==76077==    by 0x6ACF21F: ???
==76077==    by 0x6ACF28F: ???
==76077==    by 0x6ACF2FF: ???
==76077==    by 0x6ACF36F: ???
==76077==    by 0x6: ???
==76077== 
==76077== 56 bytes in 1 blocks are indirectly lost in loss record 545 of 850
==76077==    at 0x484D953: calloc (in /usr/libexec/valgrind/vgpreload_memcheck-amd64-linux.so)
==76077==    by 0x723DE9: __mn_alloc (in /mnt/c/Users/Juan/Documents/GitHub/Mapanare/mapanare/self/mnc-stage1)
==76077==    by 0x7249CE: __mn_str_concat (in /mnt/c/Users/Juan/Documents/GitHub/Mapanare/mapanare/self/mnc-stage1)
==76077==    by 0x689096: emit_llvm_ir__emit_insertvalue (in /mnt/c/Users/Juan/Documents/GitHub/Mapanare/mapanare/self/mnc-stage1)
==76077==    by 0x1101: ???
==76077==    by 0x8000000000000007: ???
==76077==    by 0x8000000000000016: ???
==76077==    by 0x8000000000000020: ???
==76077==    by 0x8000000000000021: ???
==76077==    by 0x8000000000000026: ???
==76077==    by 0x8000000000000028: ???
==76077==    by 0x800000000000002B: ???
==76077==    by 0x800000000000002C: ???
==76077==    by 0x8000000000000033: ???
==76077==    by 0x8000000000000035: ???
==76077==    by 0x6AD139F: ???
==76077==    by 0x6AD140F: ???
==76077==    by 0x6AD147F: ???
==76077==    by 0x6AD14EF: ???
==76077==    by 0x6: ???
==76077== 
==76077== 56 bytes in 1 blocks are definitely lost in loss record 546 of 850
==76077==    at 0x484D953: calloc (in /usr/libexec/valgrind/vgpreload_memcheck-amd64-linux.so)
==76077==    by 0x415B0F: compile (in /mnt/c/Users/Juan/Documents/GitHub/Mapanare/mapanare/self/mnc-stage1)
==76077== 
==76077== 56 bytes in 1 blocks are definitely lost in loss record 547 of 850
==76077==    at 0x4846828: malloc (in /usr/libexec/valgrind/vgpreload_memcheck-amd64-linux.so)
==76077==    by 0x48A513: semantic__register_builtins (in /mnt/c/Users/Juan/Documents/GitHub/Mapanare/mapanare/self/mnc-stage1)
==76077== 
==76077== 56 bytes in 1 blocks are definitely lost in loss record 548 of 850
==76077==    at 0x4846828: malloc (in /usr/libexec/valgrind/vgpreload_memcheck-amd64-linux.so)
==76077==    by 0x497D52: semantic__register_builtins (in /mnt/c/Users/Juan/Documents/GitHub/Mapanare/mapanare/self/mnc-stage1)
==76077== 
==76077== 56 bytes in 1 blocks are definitely lost in loss record 549 of 850
==76077==    at 0x4846828: malloc (in /usr/libexec/valgrind/vgpreload_memcheck-amd64-linux.so)
==76077==    by 0x4780C8: semantic__register_def (in /mnt/c/Users/Juan/Documents/GitHub/Mapanare/mapanare/self/mnc-stage1)
==76077== 
==76077== 56 bytes in 1 blocks are definitely lost in loss record 550 of 850
==76077==    at 0x4846828: malloc (in /usr/libexec/valgrind/vgpreload_memcheck-amd64-linux.so)
==76077==    by 0x474568: semantic__check_for_stmt (in /mnt/c/Users/Juan/Documents/GitHub/Mapanare/mapanare/self/mnc-stage1)
==76077== 
==76077== 58 bytes in 1 blocks are definitely lost in loss record 551 of 850
==76077==    at 0x484D953: calloc (in /usr/libexec/valgrind/vgpreload_memcheck-amd64-linux.so)
==76077==    by 0x723DE9: __mn_alloc (in /mnt/c/Users/Juan/Documents/GitHub/Mapanare/mapanare/self/mnc-stage1)
==76077==    by 0x7245AB: __mn_str_from_parts (in /mnt/c/Users/Juan/Documents/GitHub/Mapanare/mapanare/self/mnc-stage1)
==76077==    by 0x413A7B: dir_of_path (in /mnt/c/Users/Juan/Documents/GitHub/Mapanare/mapanare/self/mnc-stage1)
==76077== 
==76077== 58 bytes in 29 blocks are definitely lost in loss record 552 of 850
==76077==    at 0x484D953: calloc (in /usr/libexec/valgrind/vgpreload_memcheck-amd64-linux.so)
==76077==    by 0x723DE9: __mn_alloc (in /mnt/c/Users/Juan/Documents/GitHub/Mapanare/mapanare/self/mnc-stage1)
==76077==    by 0x7245AB: __mn_str_from_parts (in /mnt/c/Users/Juan/Documents/GitHub/Mapanare/mapanare/self/mnc-stage1)
==76077==    by 0x41FA94: lexer__scan_ident (in /mnt/c/Users/Juan/Documents/GitHub/Mapanare/mapanare/self/mnc-stage1)
==76077==    by 0x73C56F: ??? (in /mnt/c/Users/Juan/Documents/GitHub/Mapanare/mapanare/self/mnc-stage1)
==76077== 
==76077== 61 bytes in 1 blocks are indirectly lost in loss record 553 of 850
==76077==    at 0x484D953: calloc (in /usr/libexec/valgrind/vgpreload_memcheck-amd64-linux.so)
==76077==    by 0x723DE9: __mn_alloc (in /mnt/c/Users/Juan/Documents/GitHub/Mapanare/mapanare/self/mnc-stage1)
==76077==    by 0x7249CE: __mn_str_concat (in /mnt/c/Users/Juan/Documents/GitHub/Mapanare/mapanare/self/mnc-stage1)
==76077==    by 0x688CB5: emit_llvm_ir__emit_call_ir (in /mnt/c/Users/Juan/Documents/GitHub/Mapanare/mapanare/self/mnc-stage1)
==76077==    by 0x6AC703F: ???
==76077==    by 0x8000000000000004: ???
==76077==    by 0x800000000000000C: ???
==76077==    by 0x8000000000000016: ???
==76077==    by 0x8000000000000018: ???
==76077==    by 0x8000000000000022: ???
==76077==    by 0x8000000000000023: ???
==76077==    by 0x800000000000003A: ???
==76077==    by 0x6ACFF5F: ???
==76077==    by 0x3: ???
==76077==    by 0x6ACFFCF: ???
==76077==    by 0x2: ???
==76077==    by 0x7: ???
==76077==    by 0xF: ???
==76077==    by 0x7407FF: ??? (in /mnt/c/Users/Juan/Documents/GitHub/Mapanare/mapanare/self/mnc-stage1)
==76077== 
==76077== 61 bytes in 1 blocks are indirectly lost in loss record 554 of 850
==76077==    at 0x484D953: calloc (in /usr/libexec/valgrind/vgpreload_memcheck-amd64-linux.so)
==76077==    by 0x723DE9: __mn_alloc (in /mnt/c/Users/Juan/Documents/GitHub/Mapanare/mapanare/self/mnc-stage1)
==76077==    by 0x7249CE: __mn_str_concat (in /mnt/c/Users/Juan/Documents/GitHub/Mapanare/mapanare/self/mnc-stage1)
==76077==    by 0x688CB5: emit_llvm_ir__emit_call_ir (in /mnt/c/Users/Juan/Documents/GitHub/Mapanare/mapanare/self/mnc-stage1)
==76077==    by 0x6AC703F: ???
==76077==    by 0x8000000000000004: ???
==76077==    by 0x800000000000000C: ???
==76077==    by 0x8000000000000016: ???
==76077==    by 0x8000000000000018: ???
==76077==    by 0x8000000000000022: ???
==76077==    by 0x8000000000000023: ???
==76077==    by 0x800000000000003A: ???
==76077==    by 0x6AD20DF: ???
==76077==    by 0x3: ???
==76077==    by 0x6AD214F: ???
==76077==    by 0x2: ???
==76077==    by 0x7: ???
==76077==    by 0xF: ???
==76077==    by 0x7407FF: ??? (in /mnt/c/Users/Juan/Documents/GitHub/Mapanare/mapanare/self/mnc-stage1)
==76077== 
==76077== 64 bytes in 1 blocks are indirectly lost in loss record 555 of 850
==76077==    at 0x4846828: malloc (in /usr/libexec/valgrind/vgpreload_memcheck-amd64-linux.so)
==76077==    by 0x42F454: parser__parse_let_stmt (in /mnt/c/Users/Juan/Documents/GitHub/Mapanare/mapanare/self/mnc-stage1)
==76077==    by 0x6A8498F: ???
==76077==    by 0x6A89E9F: ???
==76077==    by 0x6A8498F: ???
==76077==    by 0x6A8498F: ???
==76077==    by 0x48: ???
==76077==    by 0x7F: ???
==76077==    by 0x3F: ???
==76077== 
==76077== 64 bytes in 4 blocks are indirectly lost in loss record 556 of 850
==76077==    at 0x4846828: malloc (in /usr/libexec/valgrind/vgpreload_memcheck-amd64-linux.so)
==76077==    by 0x433542: parser__parse_atom (in /mnt/c/Users/Juan/Documents/GitHub/Mapanare/mapanare/self/mnc-stage1)
==76077== 
==76077== 64 bytes in 4 blocks are indirectly lost in loss record 557 of 850
==76077==    at 0x4846828: malloc (in /usr/libexec/valgrind/vgpreload_memcheck-amd64-linux.so)
==76077==    by 0x431081: parser__parse_call_args (in /mnt/c/Users/Juan/Documents/GitHub/Mapanare/mapanare/self/mnc-stage1)
==76077==    by 0x6A8498F: ???
==76077==    by 0x48: ???
==76077==    by 0x7F: ???
==76077==    by 0x3F: ???
==76077== 
==76077== 64 bytes in 4 blocks are definitely lost in loss record 558 of 850
==76077==    at 0x4846828: malloc (in /usr/libexec/valgrind/vgpreload_memcheck-amd64-linux.so)
==76077==    by 0x728B99: __mn_range (in /mnt/c/Users/Juan/Documents/GitHub/Mapanare/mapanare/self/mnc-stage1)
==76077==    by 0x430E1A: parser__parse_call_args (in /mnt/c/Users/Juan/Documents/GitHub/Mapanare/mapanare/self/mnc-stage1)
==76077==    by 0x6A8498F: ???
==76077==    by 0x48: ???
==76077==    by 0x7F: ???
==76077==    by 0x3F: ???
==76077== 
==76077== 64 bytes in 4 blocks are definitely lost in loss record 559 of 850
==76077==    at 0x4846828: malloc (in /usr/libexec/valgrind/vgpreload_memcheck-amd64-linux.so)
==76077==    by 0x728B99: __mn_range (in /mnt/c/Users/Juan/Documents/GitHub/Mapanare/mapanare/self/mnc-stage1)
==76077==    by 0x458D45: semantic__check_call_expr (in /mnt/c/Users/Juan/Documents/GitHub/Mapanare/mapanare/self/mnc-stage1)
==76077== 
==76077== 66 bytes in 2 blocks are indirectly lost in loss record 560 of 850
==76077==    at 0x484D953: calloc (in /usr/libexec/valgrind/vgpreload_memcheck-amd64-linux.so)
==76077==    by 0x723DE9: __mn_alloc (in /mnt/c/Users/Juan/Documents/GitHub/Mapanare/mapanare/self/mnc-stage1)
==76077==    by 0x7245AB: __mn_str_from_parts (in /mnt/c/Users/Juan/Documents/GitHub/Mapanare/mapanare/self/mnc-stage1)
==76077==    by 0x68D511: emit_llvm__declare_runtime_fn (in /mnt/c/Users/Juan/Documents/GitHub/Mapanare/mapanare/self/mnc-stage1)
==76077==    by 0x3: ???
==76077==    by 0x6AB547F: ???
==76077==    by 0xF: ???
==76077== 
==76077== 66 bytes in 33 blocks are definitely lost in loss record 561 of 850
==76077==    at 0x484D953: calloc (in /usr/libexec/valgrind/vgpreload_memcheck-amd64-linux.so)
==76077==    by 0x723DE9: __mn_alloc (in /mnt/c/Users/Juan/Documents/GitHub/Mapanare/mapanare/self/mnc-stage1)
==76077==    by 0x7245AB: __mn_str_from_parts (in /mnt/c/Users/Juan/Documents/GitHub/Mapanare/mapanare/self/mnc-stage1)
==76077==    by 0x420FFD: lexer__scan_op (in /mnt/c/Users/Juan/Documents/GitHub/Mapanare/mapanare/self/mnc-stage1)
==76077==    by 0x1102: ???
==76077==    by 0x6A73417: ???
==76077== 
==76077== 68 bytes in 34 blocks are definitely lost in loss record 562 of 850
==76077==    at 0x484D953: calloc (in /usr/libexec/valgrind/vgpreload_memcheck-amd64-linux.so)
==76077==    by 0x723DE9: __mn_alloc (in /mnt/c/Users/Juan/Documents/GitHub/Mapanare/mapanare/self/mnc-stage1)
==76077==    by 0x7245AB: __mn_str_from_parts (in /mnt/c/Users/Juan/Documents/GitHub/Mapanare/mapanare/self/mnc-stage1)
==76077==    by 0x41FA6B: lexer__scan_ident (in /mnt/c/Users/Juan/Documents/GitHub/Mapanare/mapanare/self/mnc-stage1)
==76077==    by 0x73C56F: ??? (in /mnt/c/Users/Juan/Documents/GitHub/Mapanare/mapanare/self/mnc-stage1)
==76077== 
==76077== 70 bytes in 1 blocks are indirectly lost in loss record 563 of 850
==76077==    at 0x484D953: calloc (in /usr/libexec/valgrind/vgpreload_memcheck-amd64-linux.so)
==76077==    by 0x723DE9: __mn_alloc (in /mnt/c/Users/Juan/Documents/GitHub/Mapanare/mapanare/self/mnc-stage1)
==76077==    by 0x7249CE: __mn_str_concat (in /mnt/c/Users/Juan/Documents/GitHub/Mapanare/mapanare/self/mnc-stage1)
==76077==    by 0x6AB89F: emit_llvm__emit_const (in /mnt/c/Users/Juan/Documents/GitHub/Mapanare/mapanare/self/mnc-stage1)
==76077== 
==76077== 70 bytes in 1 blocks are indirectly lost in loss record 564 of 850
==76077==    at 0x484D953: calloc (in /usr/libexec/valgrind/vgpreload_memcheck-amd64-linux.so)
==76077==    by 0x723DE9: __mn_alloc (in /mnt/c/Users/Juan/Documents/GitHub/Mapanare/mapanare/self/mnc-stage1)
==76077==    by 0x7249CE: __mn_str_concat (in /mnt/c/Users/Juan/Documents/GitHub/Mapanare/mapanare/self/mnc-stage1)
==76077==    by 0x6AB89F: emit_llvm__emit_const (in /mnt/c/Users/Juan/Documents/GitHub/Mapanare/mapanare/self/mnc-stage1)
==76077==    by 0xC: ???
==76077== 
==76077== 70 bytes in 1 blocks are indirectly lost in loss record 565 of 850
==76077==    at 0x484D953: calloc (in /usr/libexec/valgrind/vgpreload_memcheck-amd64-linux.so)
==76077==    by 0x723DE9: __mn_alloc (in /mnt/c/Users/Juan/Documents/GitHub/Mapanare/mapanare/self/mnc-stage1)
==76077==    by 0x7249CE: __mn_str_concat (in /mnt/c/Users/Juan/Documents/GitHub/Mapanare/mapanare/self/mnc-stage1)
==76077==    by 0x6AB89F: emit_llvm__emit_const (in /mnt/c/Users/Juan/Documents/GitHub/Mapanare/mapanare/self/mnc-stage1)
==76077==    by 0x9: ???
==76077== 
==76077== 74 bytes in 1 blocks are indirectly lost in loss record 566 of 850
==76077==    at 0x484D953: calloc (in /usr/libexec/valgrind/vgpreload_memcheck-amd64-linux.so)
==76077==    by 0x723DE9: __mn_alloc (in /mnt/c/Users/Juan/Documents/GitHub/Mapanare/mapanare/self/mnc-stage1)
==76077==    by 0x7249CE: __mn_str_concat (in /mnt/c/Users/Juan/Documents/GitHub/Mapanare/mapanare/self/mnc-stage1)
==76077==    by 0x68D511: emit_llvm__declare_runtime_fn (in /mnt/c/Users/Juan/Documents/GitHub/Mapanare/mapanare/self/mnc-stage1)
==76077==    by 0x18: ???
==76077==    by 0x6AB1B0F: ???
==76077==    by 0xF: ???
==76077== 
==76077== 75 bytes in 1 blocks are indirectly lost in loss record 567 of 850
==76077==    at 0x484D953: calloc (in /usr/libexec/valgrind/vgpreload_memcheck-amd64-linux.so)
==76077==    by 0x723DE9: __mn_alloc (in /mnt/c/Users/Juan/Documents/GitHub/Mapanare/mapanare/self/mnc-stage1)
==76077==    by 0x7249CE: __mn_str_concat (in /mnt/c/Users/Juan/Documents/GitHub/Mapanare/mapanare/self/mnc-stage1)
==76077==    by 0x68D511: emit_llvm__declare_runtime_fn (in /mnt/c/Users/Juan/Documents/GitHub/Mapanare/mapanare/self/mnc-stage1)
==76077==    by 0x5: ???
==76077==    by 0x6AB1B0F: ???
==76077==    by 0xF: ???
==76077== 
==76077== 78 bytes in 1 blocks are indirectly lost in loss record 568 of 850
==76077==    at 0x484D953: calloc (in /usr/libexec/valgrind/vgpreload_memcheck-amd64-linux.so)
==76077==    by 0x723DE9: __mn_alloc (in /mnt/c/Users/Juan/Documents/GitHub/Mapanare/mapanare/self/mnc-stage1)
==76077==    by 0x7244D2: __mn_str_from_cstr (in /mnt/c/Users/Juan/Documents/GitHub/Mapanare/mapanare/self/mnc-stage1)
==76077==    by 0x418B0A: mn_main (in /mnt/c/Users/Juan/Documents/GitHub/Mapanare/mapanare/self/mnc-stage1)
==76077==    by 0x4989A63: clone (clone.S:100)
==76077== 
==76077== 78 bytes in 1 blocks are indirectly lost in loss record 569 of 850
==76077==    at 0x484D953: calloc (in /usr/libexec/valgrind/vgpreload_memcheck-amd64-linux.so)
==76077==    by 0x723DE9: __mn_alloc (in /mnt/c/Users/Juan/Documents/GitHub/Mapanare/mapanare/self/mnc-stage1)
==76077==    by 0x7249CE: __mn_str_concat (in /mnt/c/Users/Juan/Documents/GitHub/Mapanare/mapanare/self/mnc-stage1)
==76077==    by 0x68D511: emit_llvm__declare_runtime_fn (in /mnt/c/Users/Juan/Documents/GitHub/Mapanare/mapanare/self/mnc-stage1)
==76077==    by 0x1: ???
==76077==    by 0x6ABC3FF: ???
==76077==    by 0xF: ???
==76077== 
==76077== 80 bytes in 1 blocks are indirectly lost in loss record 570 of 850
==76077==    at 0x484D953: calloc (in /usr/libexec/valgrind/vgpreload_memcheck-amd64-linux.so)
==76077==    by 0x723DE9: __mn_alloc (in /mnt/c/Users/Juan/Documents/GitHub/Mapanare/mapanare/self/mnc-stage1)
==76077==    by 0x7249CE: __mn_str_concat (in /mnt/c/Users/Juan/Documents/GitHub/Mapanare/mapanare/self/mnc-stage1)
==76077==    by 0x68D511: emit_llvm__declare_runtime_fn (in /mnt/c/Users/Juan/Documents/GitHub/Mapanare/mapanare/self/mnc-stage1)
==76077==    by 0x9: ???
==76077== 
==76077== 80 bytes in 1 blocks are definitely lost in loss record 571 of 850
==76077==    at 0x484D953: calloc (in /usr/libexec/valgrind/vgpreload_memcheck-amd64-linux.so)
==76077==    by 0x723DE9: __mn_alloc (in /mnt/c/Users/Juan/Documents/GitHub/Mapanare/mapanare/self/mnc-stage1)
==76077==    by 0x725AFA: __mn_list_push (in /mnt/c/Users/Juan/Documents/GitHub/Mapanare/mapanare/self/mnc-stage1)
==76077==    by 0x4D333F: lower__lower_fn (in /mnt/c/Users/Juan/Documents/GitHub/Mapanare/mapanare/self/mnc-stage1)
==76077== 
==76077== 80 bytes in 5 blocks are definitely lost in loss record 572 of 850
==76077==    at 0x4846828: malloc (in /usr/libexec/valgrind/vgpreload_memcheck-amd64-linux.so)
==76077==    by 0x728B99: __mn_range (in /mnt/c/Users/Juan/Documents/GitHub/Mapanare/mapanare/self/mnc-stage1)
==76077==    by 0x678E3F: mir_opt__constant_fold_block (in /mnt/c/Users/Juan/Documents/GitHub/Mapanare/mapanare/self/mnc-stage1)
==76077== 
==76077== 80 bytes in 5 blocks are definitely lost in loss record 573 of 850
==76077==    at 0x4846828: malloc (in /usr/libexec/valgrind/vgpreload_memcheck-amd64-linux.so)
==76077==    by 0x728B99: __mn_range (in /mnt/c/Users/Juan/Documents/GitHub/Mapanare/mapanare/self/mnc-stage1)
==76077==    by 0x6797B2: mir_opt__find_const (in /mnt/c/Users/Juan/Documents/GitHub/Mapanare/mapanare/self/mnc-stage1)
==76077==    by 0x6AA789F: ???
==76077== 
==76077== 88 bytes in 1 blocks are indirectly lost in loss record 574 of 850
==76077==    at 0x4846828: malloc (in /usr/libexec/valgrind/vgpreload_memcheck-amd64-linux.so)
==76077==    by 0x4F1797: lower__lower_return (in /mnt/c/Users/Juan/Documents/GitHub/Mapanare/mapanare/self/mnc-stage1)
==76077==    by 0x10F: ???
==76077== 
==76077== 88 bytes in 1 blocks are indirectly lost in loss record 575 of 850
==76077==    at 0x484D953: calloc (in /usr/libexec/valgrind/vgpreload_memcheck-amd64-linux.so)
==76077==    by 0x4D4E42: lower__lower_fn (in /mnt/c/Users/Juan/Documents/GitHub/Mapanare/mapanare/self/mnc-stage1)
==76077== 
==76077== 89 bytes in 1 blocks are indirectly lost in loss record 576 of 850
==76077==    at 0x484D953: calloc (in /usr/libexec/valgrind/vgpreload_memcheck-amd64-linux.so)
==76077==    by 0x723DE9: __mn_alloc (in /mnt/c/Users/Juan/Documents/GitHub/Mapanare/mapanare/self/mnc-stage1)
==76077==    by 0x7249CE: __mn_str_concat (in /mnt/c/Users/Juan/Documents/GitHub/Mapanare/mapanare/self/mnc-stage1)
==76077==    by 0x688CB5: emit_llvm_ir__emit_call_ir (in /mnt/c/Users/Juan/Documents/GitHub/Mapanare/mapanare/self/mnc-stage1)
==76077==    by 0xF: ???
==76077==    by 0x8000000000000005: ???
==76077==    by 0x800000000000000D: ???
==76077==    by 0x8000000000000017: ???
==76077==    by 0x8000000000000019: ???
==76077==    by 0x8000000000000028: ???
==76077==    by 0x8000000000000029: ???
==76077==    by 0x8000000000000056: ???
==76077==    by 0x6ACD25F: ???
==76077==    by 0x24: ???
==76077==    by 0x6ACD2CF: ???
==76077==    by 0x6A6FD37: ???
==76077==    by 0x73BED7: ??? (in /mnt/c/Users/Juan/Documents/GitHub/Mapanare/mapanare/self/mnc-stage1)
==76077== 
==76077== 91 bytes in 2 blocks are indirectly lost in loss record 577 of 850
==76077==    at 0x484D953: calloc (in /usr/libexec/valgrind/vgpreload_memcheck-amd64-linux.so)
==76077==    by 0x723DE9: __mn_alloc (in /mnt/c/Users/Juan/Documents/GitHub/Mapanare/mapanare/self/mnc-stage1)
==76077==    by 0x7245AB: __mn_str_from_parts (in /mnt/c/Users/Juan/Documents/GitHub/Mapanare/mapanare/self/mnc-stage1)
==76077==    by 0x68D511: emit_llvm__declare_runtime_fn (in /mnt/c/Users/Juan/Documents/GitHub/Mapanare/mapanare/self/mnc-stage1)
==76077==    by 0x9: ???
==76077==    by 0x6AB547F: ???
==76077==    by 0xF: ???
==76077== 
==76077== 96 bytes in 6 blocks are indirectly lost in loss record 578 of 850
==76077==    at 0x4846828: malloc (in /usr/libexec/valgrind/vgpreload_memcheck-amd64-linux.so)
==76077==    by 0x436607: parser__parse_type_expr (in /mnt/c/Users/Juan/Documents/GitHub/Mapanare/mapanare/self/mnc-stage1)
==76077==    by 0x48: ???
==76077==    by 0x6A8498F: ???
==76077==    by 0x48: ???
==76077==    by 0x7F: ???
==76077==    by 0x3F: ???
==76077== 
==76077== 96 bytes in 6 blocks are definitely lost in loss record 579 of 850
==76077==    at 0x4846828: malloc (in /usr/libexec/valgrind/vgpreload_memcheck-amd64-linux.so)
==76077==    by 0x728B99: __mn_range (in /mnt/c/Users/Juan/Documents/GitHub/Mapanare/mapanare/self/mnc-stage1)
==76077==    by 0x42FA6B: parser__parse_expr (in /mnt/c/Users/Juan/Documents/GitHub/Mapanare/mapanare/self/mnc-stage1)
==76077== 
==76077== 104 bytes in 1 blocks are indirectly lost in loss record 580 of 850
==76077==    at 0x4846828: malloc (in /usr/libexec/valgrind/vgpreload_memcheck-amd64-linux.so)
==76077==    by 0x42F7D2: parser__parse_for_stmt (in /mnt/c/Users/Juan/Documents/GitHub/Mapanare/mapanare/self/mnc-stage1)
==76077==    by 0x8000000000000000: ???
==76077==    by 0x6A7C17F: ???
==76077== 
==76077== 110 bytes in 2 blocks are indirectly lost in loss record 581 of 850
==76077==    at 0x484D953: calloc (in /usr/libexec/valgrind/vgpreload_memcheck-amd64-linux.so)
==76077==    by 0x723DE9: __mn_alloc (in /mnt/c/Users/Juan/Documents/GitHub/Mapanare/mapanare/self/mnc-stage1)
==76077==    by 0x7249CE: __mn_str_concat (in /mnt/c/Users/Juan/Documents/GitHub/Mapanare/mapanare/self/mnc-stage1)
==76077==    by 0x70CC15: emit_llvm__emit_builtin_print (in /mnt/c/Users/Juan/Documents/GitHub/Mapanare/mapanare/self/mnc-stage1)
==76077== 
==76077== 112 bytes in 1 blocks are indirectly lost in loss record 582 of 850
==76077==    at 0x4846828: malloc (in /usr/libexec/valgrind/vgpreload_memcheck-amd64-linux.so)
==76077==    by 0x51E54F: lower__lower_for (in /mnt/c/Users/Juan/Documents/GitHub/Mapanare/mapanare/self/mnc-stage1)
==76077== 
==76077== 112 bytes in 2 blocks are definitely lost in loss record 583 of 850
==76077==    at 0x4846828: malloc (in /usr/libexec/valgrind/vgpreload_memcheck-amd64-linux.so)
==76077==    by 0x481C65: semantic__check_fn_body (in /mnt/c/Users/Juan/Documents/GitHub/Mapanare/mapanare/self/mnc-stage1)
==76077== 
==76077== 112 bytes in 2 blocks are definitely lost in loss record 584 of 850
==76077==    at 0x4846828: malloc (in /usr/libexec/valgrind/vgpreload_memcheck-amd64-linux.so)
==76077==    by 0x473787: semantic__check_let_stmt (in /mnt/c/Users/Juan/Documents/GitHub/Mapanare/mapanare/self/mnc-stage1)
==76077== 
==76077== 112 bytes in 7 blocks are definitely lost in loss record 585 of 850
==76077==    at 0x4846828: malloc (in /usr/libexec/valgrind/vgpreload_memcheck-amd64-linux.so)
==76077==    by 0x728B99: __mn_range (in /mnt/c/Users/Juan/Documents/GitHub/Mapanare/mapanare/self/mnc-stage1)
==76077==    by 0x4A008F: lower_state__lookup_var (in /mnt/c/Users/Juan/Documents/GitHub/Mapanare/mapanare/self/mnc-stage1)
==76077== 
==76077== 116 bytes in 2 blocks are indirectly lost in loss record 586 of 850
==76077==    at 0x484D953: calloc (in /usr/libexec/valgrind/vgpreload_memcheck-amd64-linux.so)
==76077==    by 0x723DE9: __mn_alloc (in /mnt/c/Users/Juan/Documents/GitHub/Mapanare/mapanare/self/mnc-stage1)
==76077==    by 0x7249CE: __mn_str_concat (in /mnt/c/Users/Juan/Documents/GitHub/Mapanare/mapanare/self/mnc-stage1)
==76077==    by 0x71C78C: emit_llvm__emit_mir_function (in /mnt/c/Users/Juan/Documents/GitHub/Mapanare/mapanare/self/mnc-stage1)
==76077==    by 0x3F: ???
==76077== 
==76077== 128 bytes in 2 blocks are indirectly lost in loss record 587 of 850
==76077==    at 0x4846828: malloc (in /usr/libexec/valgrind/vgpreload_memcheck-amd64-linux.so)
==76077==    by 0x42F454: parser__parse_let_stmt (in /mnt/c/Users/Juan/Documents/GitHub/Mapanare/mapanare/self/mnc-stage1)
==76077== 
==76077== 136 bytes in 1 blocks are indirectly lost in loss record 588 of 850
==76077==    at 0x4846828: malloc (in /usr/libexec/valgrind/vgpreload_memcheck-amd64-linux.so)
==76077==    by 0x5FDC01: lower__lower_range (in /mnt/c/Users/Juan/Documents/GitHub/Mapanare/mapanare/self/mnc-stage1)
==76077== 
==76077== 136 bytes in 1 blocks are indirectly lost in loss record 589 of 850
==76077==    at 0x4846828: malloc (in /usr/libexec/valgrind/vgpreload_memcheck-amd64-linux.so)
==76077==    by 0x514AFC: lower__lower_for (in /mnt/c/Users/Juan/Documents/GitHub/Mapanare/mapanare/self/mnc-stage1)
==76077==    by 0x800000000000004C: ???
==76077== 
==76077== 136 bytes in 1 blocks are indirectly lost in loss record 590 of 850
==76077==    at 0x4846828: malloc (in /usr/libexec/valgrind/vgpreload_memcheck-amd64-linux.so)
==76077==    by 0x516311: lower__lower_for (in /mnt/c/Users/Juan/Documents/GitHub/Mapanare/mapanare/self/mnc-stage1)
==76077==    by 0x800000000000004C: ???
==76077==    by 0x7: ???
==76077== 
==76077== 144 bytes in 1 blocks are indirectly lost in loss record 591 of 850
==76077==    at 0x484D953: calloc (in /usr/libexec/valgrind/vgpreload_memcheck-amd64-linux.so)
==76077==    by 0x723DE9: __mn_alloc (in /mnt/c/Users/Juan/Documents/GitHub/Mapanare/mapanare/self/mnc-stage1)
==76077==    by 0x725AFA: __mn_list_push (in /mnt/c/Users/Juan/Documents/GitHub/Mapanare/mapanare/self/mnc-stage1)
==76077==    by 0x42ED12: parser__parse_block (in /mnt/c/Users/Juan/Documents/GitHub/Mapanare/mapanare/self/mnc-stage1)
==76077==    by 0x6A8800F: ???
==76077==    by 0x14: ???
==76077== 
==76077== 144 bytes in 1 blocks are indirectly lost in loss record 592 of 850
==76077==    at 0x484D953: calloc (in /usr/libexec/valgrind/vgpreload_memcheck-amd64-linux.so)
==76077==    by 0x723DE9: __mn_alloc (in /mnt/c/Users/Juan/Documents/GitHub/Mapanare/mapanare/self/mnc-stage1)
==76077==    by 0x725AFA: __mn_list_push (in /mnt/c/Users/Juan/Documents/GitHub/Mapanare/mapanare/self/mnc-stage1)
==76077==    by 0x42ED12: parser__parse_block (in /mnt/c/Users/Juan/Documents/GitHub/Mapanare/mapanare/self/mnc-stage1)
==76077==    by 0x6A886BF: ???
==76077==    by 0x20: ???
==76077== 
==76077== 144 bytes in 1 blocks are indirectly lost in loss record 593 of 850
==76077==    at 0x484D953: calloc (in /usr/libexec/valgrind/vgpreload_memcheck-amd64-linux.so)
==76077==    by 0x723DE9: __mn_alloc (in /mnt/c/Users/Juan/Documents/GitHub/Mapanare/mapanare/self/mnc-stage1)
==76077==    by 0x725AFA: __mn_list_push (in /mnt/c/Users/Juan/Documents/GitHub/Mapanare/mapanare/self/mnc-stage1)
==76077==    by 0x42ED12: parser__parse_block (in /mnt/c/Users/Juan/Documents/GitHub/Mapanare/mapanare/self/mnc-stage1)
==76077==    by 0x6A8925F: ???
==76077==    by 0x34: ???
==76077== 
==76077== 144 bytes in 1 blocks are indirectly lost in loss record 594 of 850
==76077==    at 0x4846828: malloc (in /usr/libexec/valgrind/vgpreload_memcheck-amd64-linux.so)
==76077==    by 0x513061: lower__lower_for (in /mnt/c/Users/Juan/Documents/GitHub/Mapanare/mapanare/self/mnc-stage1)
==76077== 
==76077== 144 bytes in 1 blocks are indirectly lost in loss record 595 of 850
==76077==    at 0x4846828: malloc (in /usr/libexec/valgrind/vgpreload_memcheck-amd64-linux.so)
==76077==    by 0x51FCCC: lower__lower_for (in /mnt/c/Users/Juan/Documents/GitHub/Mapanare/mapanare/self/mnc-stage1)
==76077==    by 0x6A7619F: ???
==76077==    by 0x800000000000004C: ???
==76077==    by 0x1F: ???
==76077== 
==76077== 144 bytes in 1 blocks are indirectly lost in loss record 596 of 850
==76077==    at 0x484D953: calloc (in /usr/libexec/valgrind/vgpreload_memcheck-amd64-linux.so)
==76077==    by 0x723DE9: __mn_alloc (in /mnt/c/Users/Juan/Documents/GitHub/Mapanare/mapanare/self/mnc-stage1)
==76077==    by 0x725AFA: __mn_list_push (in /mnt/c/Users/Juan/Documents/GitHub/Mapanare/mapanare/self/mnc-stage1)
==76077==    by 0x689793: emit_llvm__build_internal_struct_list (in /mnt/c/Users/Juan/Documents/GitHub/Mapanare/mapanare/self/mnc-stage1)
==76077== 
==76077== 144 bytes in 1 blocks are indirectly lost in loss record 597 of 850
==76077==    at 0x484D953: calloc (in /usr/libexec/valgrind/vgpreload_memcheck-amd64-linux.so)
==76077==    by 0x723DE9: __mn_alloc (in /mnt/c/Users/Juan/Documents/GitHub/Mapanare/mapanare/self/mnc-stage1)
==76077==    by 0x725AFA: __mn_list_push (in /mnt/c/Users/Juan/Documents/GitHub/Mapanare/mapanare/self/mnc-stage1)
==76077==    by 0x68A1EE: emit_llvm__build_internal_struct_list (in /mnt/c/Users/Juan/Documents/GitHub/Mapanare/mapanare/self/mnc-stage1)
==76077==    by 0xF: ???
==76077== 
==76077== 144 bytes in 1 blocks are indirectly lost in loss record 598 of 850
==76077==    at 0x484D953: calloc (in /usr/libexec/valgrind/vgpreload_memcheck-amd64-linux.so)
==76077==    by 0x723DE9: __mn_alloc (in /mnt/c/Users/Juan/Documents/GitHub/Mapanare/mapanare/self/mnc-stage1)
==76077==    by 0x725AFA: __mn_list_push (in /mnt/c/Users/Juan/Documents/GitHub/Mapanare/mapanare/self/mnc-stage1)
==76077==    by 0x68A376: emit_llvm__build_internal_struct_list (in /mnt/c/Users/Juan/Documents/GitHub/Mapanare/mapanare/self/mnc-stage1)
==76077==    by 0xF: ???
==76077== 
==76077== 144 bytes in 1 blocks are indirectly lost in loss record 599 of 850
==76077==    at 0x484D953: calloc (in /usr/libexec/valgrind/vgpreload_memcheck-amd64-linux.so)
==76077==    by 0x723DE9: __mn_alloc (in /mnt/c/Users/Juan/Documents/GitHub/Mapanare/mapanare/self/mnc-stage1)
==76077==    by 0x725AFA: __mn_list_push (in /mnt/c/Users/Juan/Documents/GitHub/Mapanare/mapanare/self/mnc-stage1)
==76077==    by 0x68A529: emit_llvm__build_internal_struct_list (in /mnt/c/Users/Juan/Documents/GitHub/Mapanare/mapanare/self/mnc-stage1)
==76077==    by 0xF: ???
==76077== 
==76077== 144 bytes in 1 blocks are indirectly lost in loss record 600 of 850
==76077==    at 0x484D953: calloc (in /usr/libexec/valgrind/vgpreload_memcheck-amd64-linux.so)
==76077==    by 0x723DE9: __mn_alloc (in /mnt/c/Users/Juan/Documents/GitHub/Mapanare/mapanare/self/mnc-stage1)
==76077==    by 0x725AFA: __mn_list_push (in /mnt/c/Users/Juan/Documents/GitHub/Mapanare/mapanare/self/mnc-stage1)
==76077==    by 0x68A76E: emit_llvm__build_internal_struct_list (in /mnt/c/Users/Juan/Documents/GitHub/Mapanare/mapanare/self/mnc-stage1)
==76077==    by 0x4: ???
==76077==    by 0x7: ???
==76077==    by 0x6AAD98F: ???
==76077==    by 0x7: ???
==76077==    by 0xF: ???
==76077== 
==76077== 144 bytes in 1 blocks are indirectly lost in loss record 601 of 850
==76077==    at 0x484D953: calloc (in /usr/libexec/valgrind/vgpreload_memcheck-amd64-linux.so)
==76077==    by 0x723DE9: __mn_alloc (in /mnt/c/Users/Juan/Documents/GitHub/Mapanare/mapanare/self/mnc-stage1)
==76077==    by 0x725AFA: __mn_list_push (in /mnt/c/Users/Juan/Documents/GitHub/Mapanare/mapanare/self/mnc-stage1)
==76077==    by 0x68A95D: emit_llvm__build_internal_struct_list (in /mnt/c/Users/Juan/Documents/GitHub/Mapanare/mapanare/self/mnc-stage1)
==76077==    by 0x2: ???
==76077==    by 0x7: ???
==76077==    by 0x6AADABF: ???
==76077==    by 0x7: ???
==76077==    by 0xF: ???
==76077== 
==76077== 144 bytes in 1 blocks are indirectly lost in loss record 602 of 850
==76077==    at 0x484D953: calloc (in /usr/libexec/valgrind/vgpreload_memcheck-amd64-linux.so)
==76077==    by 0x723DE9: __mn_alloc (in /mnt/c/Users/Juan/Documents/GitHub/Mapanare/mapanare/self/mnc-stage1)
==76077==    by 0x725AFA: __mn_list_push (in /mnt/c/Users/Juan/Documents/GitHub/Mapanare/mapanare/self/mnc-stage1)
==76077==    by 0x68AB4C: emit_llvm__build_internal_struct_list (in /mnt/c/Users/Juan/Documents/GitHub/Mapanare/mapanare/self/mnc-stage1)
==76077==    by 0x2: ???
==76077==    by 0x7: ???
==76077==    by 0x6AADBDF: ???
==76077==    by 0x7: ???
==76077==    by 0xF: ???
==76077== 
==76077== 144 bytes in 1 blocks are indirectly lost in loss record 603 of 850
==76077==    at 0x484D953: calloc (in /usr/libexec/valgrind/vgpreload_memcheck-amd64-linux.so)
==76077==    by 0x723DE9: __mn_alloc (in /mnt/c/Users/Juan/Documents/GitHub/Mapanare/mapanare/self/mnc-stage1)
==76077==    by 0x725AFA: __mn_list_push (in /mnt/c/Users/Juan/Documents/GitHub/Mapanare/mapanare/self/mnc-stage1)
==76077==    by 0x68AD3B: emit_llvm__build_internal_struct_list (in /mnt/c/Users/Juan/Documents/GitHub/Mapanare/mapanare/self/mnc-stage1)
==76077==    by 0x2: ???
==76077==    by 0x7: ???
==76077==    by 0x6AAE44F: ???
==76077==    by 0x7: ???
==76077==    by 0xF: ???
==76077== 
==76077== 144 bytes in 1 blocks are indirectly lost in loss record 604 of 850
==76077==    at 0x484D953: calloc (in /usr/libexec/valgrind/vgpreload_memcheck-amd64-linux.so)
==76077==    by 0x723DE9: __mn_alloc (in /mnt/c/Users/Juan/Documents/GitHub/Mapanare/mapanare/self/mnc-stage1)
==76077==    by 0x725AFA: __mn_list_push (in /mnt/c/Users/Juan/Documents/GitHub/Mapanare/mapanare/self/mnc-stage1)
==76077==    by 0x68AEFF: emit_llvm__build_internal_struct_list (in /mnt/c/Users/Juan/Documents/GitHub/Mapanare/mapanare/self/mnc-stage1)
==76077==    by 0x1: ???
==76077==    by 0x7: ???
==76077==    by 0x6AAE57F: ???
==76077==    by 0x7: ???
==76077==    by 0xF: ???
==76077== 
==76077== 144 bytes in 1 blocks are indirectly lost in loss record 605 of 850
==76077==    at 0x484D953: calloc (in /usr/libexec/valgrind/vgpreload_memcheck-amd64-linux.so)
==76077==    by 0x723DE9: __mn_alloc (in /mnt/c/Users/Juan/Documents/GitHub/Mapanare/mapanare/self/mnc-stage1)
==76077==    by 0x725AFA: __mn_list_push (in /mnt/c/Users/Juan/Documents/GitHub/Mapanare/mapanare/self/mnc-stage1)
==76077==    by 0x68B0C3: emit_llvm__build_internal_struct_list (in /mnt/c/Users/Juan/Documents/GitHub/Mapanare/mapanare/self/mnc-stage1)
==76077==    by 0x1: ???
==76077==    by 0x7: ???
==76077==    by 0x6AAE6AF: ???
==76077==    by 0x7: ???
==76077==    by 0xF: ???
==76077== 
==76077== 144 bytes in 1 blocks are indirectly lost in loss record 606 of 850
==76077==    at 0x484D953: calloc (in /usr/libexec/valgrind/vgpreload_memcheck-amd64-linux.so)
==76077==    by 0x723DE9: __mn_alloc (in /mnt/c/Users/Juan/Documents/GitHub/Mapanare/mapanare/self/mnc-stage1)
==76077==    by 0x725AFA: __mn_list_push (in /mnt/c/Users/Juan/Documents/GitHub/Mapanare/mapanare/self/mnc-stage1)
==76077==    by 0x68B308: emit_llvm__build_internal_struct_list (in /mnt/c/Users/Juan/Documents/GitHub/Mapanare/mapanare/self/mnc-stage1)
==76077==    by 0x4: ???
==76077==    by 0x7: ???
==76077==    by 0x6AAE7DF: ???
==76077==    by 0x7: ???
==76077==    by 0xF: ???
==76077== 
==76077== 144 bytes in 1 blocks are indirectly lost in loss record 607 of 850
==76077==    at 0x484D953: calloc (in /usr/libexec/valgrind/vgpreload_memcheck-amd64-linux.so)
==76077==    by 0x723DE9: __mn_alloc (in /mnt/c/Users/Juan/Documents/GitHub/Mapanare/mapanare/self/mnc-stage1)
==76077==    by 0x725AFA: __mn_list_push (in /mnt/c/Users/Juan/Documents/GitHub/Mapanare/mapanare/self/mnc-stage1)
==76077==    by 0x68B4F7: emit_llvm__build_internal_struct_list (in /mnt/c/Users/Juan/Documents/GitHub/Mapanare/mapanare/self/mnc-stage1)
==76077==    by 0x2: ???
==76077==    by 0x7: ???
==76077==    by 0x6AAE90F: ???
==76077==    by 0x7: ???
==76077==    by 0xF: ???
==76077== 
==76077== 144 bytes in 1 blocks are indirectly lost in loss record 608 of 850
==76077==    at 0x484D953: calloc (in /usr/libexec/valgrind/vgpreload_memcheck-amd64-linux.so)
==76077==    by 0x723DE9: __mn_alloc (in /mnt/c/Users/Juan/Documents/GitHub/Mapanare/mapanare/self/mnc-stage1)
==76077==    by 0x725AFA: __mn_list_push (in /mnt/c/Users/Juan/Documents/GitHub/Mapanare/mapanare/self/mnc-stage1)
==76077==    by 0x68B6BB: emit_llvm__build_internal_struct_list (in /mnt/c/Users/Juan/Documents/GitHub/Mapanare/mapanare/self/mnc-stage1)
==76077==    by 0x1: ???
==76077==    by 0x7: ???
==76077==    by 0x6AAEA3F: ???
==76077==    by 0x7: ???
==76077==    by 0xF: ???
==76077== 
==76077== 144 bytes in 1 blocks are indirectly lost in loss record 609 of 850
==76077==    at 0x484D953: calloc (in /usr/libexec/valgrind/vgpreload_memcheck-amd64-linux.so)
==76077==    by 0x723DE9: __mn_alloc (in /mnt/c/Users/Juan/Documents/GitHub/Mapanare/mapanare/self/mnc-stage1)
==76077==    by 0x725AFA: __mn_list_push (in /mnt/c/Users/Juan/Documents/GitHub/Mapanare/mapanare/self/mnc-stage1)
==76077==    by 0x68B87F: emit_llvm__build_internal_struct_list (in /mnt/c/Users/Juan/Documents/GitHub/Mapanare/mapanare/self/mnc-stage1)
==76077==    by 0x1: ???
==76077==    by 0x7: ???
==76077==    by 0x6AAEB6F: ???
==76077==    by 0x7: ???
==76077==    by 0xF: ???
==76077== 
==76077== 144 bytes in 1 blocks are indirectly lost in loss record 610 of 850
==76077==    at 0x484D953: calloc (in /usr/libexec/valgrind/vgpreload_memcheck-amd64-linux.so)
==76077==    by 0x723DE9: __mn_alloc (in /mnt/c/Users/Juan/Documents/GitHub/Mapanare/mapanare/self/mnc-stage1)
==76077==    by 0x725AFA: __mn_list_push (in /mnt/c/Users/Juan/Documents/GitHub/Mapanare/mapanare/self/mnc-stage1)
==76077==    by 0x68BA99: emit_llvm__build_internal_struct_list (in /mnt/c/Users/Juan/Documents/GitHub/Mapanare/mapanare/self/mnc-stage1)
==76077==    by 0x3: ???
==76077==    by 0x7: ???
==76077==    by 0x6AAEC9F: ???
==76077==    by 0x7: ???
==76077==    by 0xF: ???
==76077== 
==76077== 144 bytes in 1 blocks are indirectly lost in loss record 611 of 850
==76077==    at 0x484D953: calloc (in /usr/libexec/valgrind/vgpreload_memcheck-amd64-linux.so)
==76077==    by 0x723DE9: __mn_alloc (in /mnt/c/Users/Juan/Documents/GitHub/Mapanare/mapanare/self/mnc-stage1)
==76077==    by 0x725AFA: __mn_list_push (in /mnt/c/Users/Juan/Documents/GitHub/Mapanare/mapanare/self/mnc-stage1)
==76077==    by 0x68BC5D: emit_llvm__build_internal_struct_list (in /mnt/c/Users/Juan/Documents/GitHub/Mapanare/mapanare/self/mnc-stage1)
==76077==    by 0x1: ???
==76077==    by 0x7: ???
==76077==    by 0x6AAFC1F: ???
==76077==    by 0x7: ???
==76077==    by 0xF: ???
==76077== 
==76077== 144 bytes in 1 blocks are indirectly lost in loss record 612 of 850
==76077==    at 0x484D953: calloc (in /usr/libexec/valgrind/vgpreload_memcheck-amd64-linux.so)
==76077==    by 0x723DE9: __mn_alloc (in /mnt/c/Users/Juan/Documents/GitHub/Mapanare/mapanare/self/mnc-stage1)
==76077==    by 0x725AFA: __mn_list_push (in /mnt/c/Users/Juan/Documents/GitHub/Mapanare/mapanare/self/mnc-stage1)
==76077==    by 0x68BECD: emit_llvm__build_internal_struct_list (in /mnt/c/Users/Juan/Documents/GitHub/Mapanare/mapanare/self/mnc-stage1)
==76077==    by 0x5: ???
==76077==    by 0x7: ???
==76077==    by 0x6AAFD4F: ???
==76077==    by 0x7: ???
==76077==    by 0xF: ???
==76077== 
==76077== 144 bytes in 1 blocks are indirectly lost in loss record 613 of 850
==76077==    at 0x484D953: calloc (in /usr/libexec/valgrind/vgpreload_memcheck-amd64-linux.so)
==76077==    by 0x723DE9: __mn_alloc (in /mnt/c/Users/Juan/Documents/GitHub/Mapanare/mapanare/self/mnc-stage1)
==76077==    by 0x725AFA: __mn_list_push (in /mnt/c/Users/Juan/Documents/GitHub/Mapanare/mapanare/self/mnc-stage1)
==76077==    by 0x68C091: emit_llvm__build_internal_struct_list (in /mnt/c/Users/Juan/Documents/GitHub/Mapanare/mapanare/self/mnc-stage1)
==76077==    by 0x1: ???
==76077==    by 0x7: ???
==76077==    by 0x6AAFE7F: ???
==76077==    by 0x7: ???
==76077==    by 0xF: ???
==76077== 
==76077== 144 bytes in 1 blocks are indirectly lost in loss record 614 of 850
==76077==    at 0x484D953: calloc (in /usr/libexec/valgrind/vgpreload_memcheck-amd64-linux.so)
==76077==    by 0x723DE9: __mn_alloc (in /mnt/c/Users/Juan/Documents/GitHub/Mapanare/mapanare/self/mnc-stage1)
==76077==    by 0x725AFA: __mn_list_push (in /mnt/c/Users/Juan/Documents/GitHub/Mapanare/mapanare/self/mnc-stage1)
==76077==    by 0x68C280: emit_llvm__build_internal_struct_list (in /mnt/c/Users/Juan/Documents/GitHub/Mapanare/mapanare/self/mnc-stage1)
==76077==    by 0x2: ???
==76077==    by 0x7: ???
==76077==    by 0x6AAFFAF: ???
==76077==    by 0x7: ???
==76077==    by 0xF: ???
==76077== 
==76077== 144 bytes in 1 blocks are indirectly lost in loss record 615 of 850
==76077==    at 0x484D953: calloc (in /usr/libexec/valgrind/vgpreload_memcheck-amd64-linux.so)
==76077==    by 0x723DE9: __mn_alloc (in /mnt/c/Users/Juan/Documents/GitHub/Mapanare/mapanare/self/mnc-stage1)
==76077==    by 0x725AFA: __mn_list_push (in /mnt/c/Users/Juan/Documents/GitHub/Mapanare/mapanare/self/mnc-stage1)
==76077==    by 0x722B68: emit_llvm__emit_mir_module (in /mnt/c/Users/Juan/Documents/GitHub/Mapanare/mapanare/self/mnc-stage1)
==76077==    by 0x3F: ???
==76077== 
==76077== 144 bytes in 1 blocks are indirectly lost in loss record 616 of 850
==76077==    at 0x484D953: calloc (in /usr/libexec/valgrind/vgpreload_memcheck-amd64-linux.so)
==76077==    by 0x723DE9: __mn_alloc (in /mnt/c/Users/Juan/Documents/GitHub/Mapanare/mapanare/self/mnc-stage1)
==76077==    by 0x725AFA: __mn_list_push (in /mnt/c/Users/Juan/Documents/GitHub/Mapanare/mapanare/self/mnc-stage1)
==76077==    by 0x71C01C: emit_llvm__emit_mir_function (in /mnt/c/Users/Juan/Documents/GitHub/Mapanare/mapanare/self/mnc-stage1)
==76077==    by 0x3F: ???
==76077== 
==76077== 144 bytes in 1 blocks are definitely lost in loss record 617 of 850
==76077==    at 0x484D953: calloc (in /usr/libexec/valgrind/vgpreload_memcheck-amd64-linux.so)
==76077==    by 0x723DE9: __mn_alloc (in /mnt/c/Users/Juan/Documents/GitHub/Mapanare/mapanare/self/mnc-stage1)
==76077==    by 0x725AFA: __mn_list_push (in /mnt/c/Users/Juan/Documents/GitHub/Mapanare/mapanare/self/mnc-stage1)
==76077==    by 0x415634: resolve_imports (in /mnt/c/Users/Juan/Documents/GitHub/Mapanare/mapanare/self/mnc-stage1)
==76077==    by 0x6A73667: ???
==76077==    by 0x48: ???
==76077== 
==76077== 144 bytes in 1 blocks are definitely lost in loss record 618 of 850
==76077==    at 0x484D953: calloc (in /usr/libexec/valgrind/vgpreload_memcheck-amd64-linux.so)
==76077==    by 0x723DE9: __mn_alloc (in /mnt/c/Users/Juan/Documents/GitHub/Mapanare/mapanare/self/mnc-stage1)
==76077==    by 0x725AFA: __mn_list_push (in /mnt/c/Users/Juan/Documents/GitHub/Mapanare/mapanare/self/mnc-stage1)
==76077==    by 0x414B11: dedup_definitions (in /mnt/c/Users/Juan/Documents/GitHub/Mapanare/mapanare/self/mnc-stage1)
==76077==    by 0x9: ???
==76077== 
==76077== 144 bytes in 1 blocks are definitely lost in loss record 619 of 850
==76077==    at 0x484D953: calloc (in /usr/libexec/valgrind/vgpreload_memcheck-amd64-linux.so)
==76077==    by 0x723DE9: __mn_alloc (in /mnt/c/Users/Juan/Documents/GitHub/Mapanare/mapanare/self/mnc-stage1)
==76077==    by 0x725AFA: __mn_list_push (in /mnt/c/Users/Juan/Documents/GitHub/Mapanare/mapanare/self/mnc-stage1)
==76077==    by 0x67DF48: mir_opt__dead_block_elim_function (in /mnt/c/Users/Juan/Documents/GitHub/Mapanare/mapanare/self/mnc-stage1)
==76077== 
==76077== 144 bytes in 1 blocks are definitely lost in loss record 620 of 850
==76077==    at 0x484D953: calloc (in /usr/libexec/valgrind/vgpreload_memcheck-amd64-linux.so)
==76077==    by 0x723DE9: __mn_alloc (in /mnt/c/Users/Juan/Documents/GitHub/Mapanare/mapanare/self/mnc-stage1)
==76077==    by 0x725AFA: __mn_list_push (in /mnt/c/Users/Juan/Documents/GitHub/Mapanare/mapanare/self/mnc-stage1)
==76077==    by 0x67BEE3: mir_opt__collect_targets (in /mnt/c/Users/Juan/Documents/GitHub/Mapanare/mapanare/self/mnc-stage1)
==76077== 
==76077== 145 bytes in 4 blocks are indirectly lost in loss record 621 of 850
==76077==    at 0x484D953: calloc (in /usr/libexec/valgrind/vgpreload_memcheck-amd64-linux.so)
==76077==    by 0x723DE9: __mn_alloc (in /mnt/c/Users/Juan/Documents/GitHub/Mapanare/mapanare/self/mnc-stage1)
==76077==    by 0x7245AB: __mn_str_from_parts (in /mnt/c/Users/Juan/Documents/GitHub/Mapanare/mapanare/self/mnc-stage1)
==76077==    by 0x68D511: emit_llvm__declare_runtime_fn (in /mnt/c/Users/Juan/Documents/GitHub/Mapanare/mapanare/self/mnc-stage1)
==76077==    by 0x2: ???
==76077==    by 0x6AB547F: ???
==76077==    by 0xF: ???
==76077== 
==76077== 152 bytes in 2 blocks are indirectly lost in loss record 622 of 850
==76077==    at 0x484D953: calloc (in /usr/libexec/valgrind/vgpreload_memcheck-amd64-linux.so)
==76077==    by 0x723DE9: __mn_alloc (in /mnt/c/Users/Juan/Documents/GitHub/Mapanare/mapanare/self/mnc-stage1)
==76077==    by 0x7249CE: __mn_str_concat (in /mnt/c/Users/Juan/Documents/GitHub/Mapanare/mapanare/self/mnc-stage1)
==76077==    by 0x68D511: emit_llvm__declare_runtime_fn (in /mnt/c/Users/Juan/Documents/GitHub/Mapanare/mapanare/self/mnc-stage1)
==76077==    by 0x1: ???
==76077==    by 0x6AB547F: ???
==76077==    by 0xF: ???
==76077== 
==76077== 160 bytes in 1 blocks are indirectly lost in loss record 623 of 850
==76077==    at 0x4846828: malloc (in /usr/libexec/valgrind/vgpreload_memcheck-amd64-linux.so)
==76077==    by 0x516B81: lower__lower_for (in /mnt/c/Users/Juan/Documents/GitHub/Mapanare/mapanare/self/mnc-stage1)
==76077== 
==76077== 160 bytes in 1 blocks are indirectly lost in loss record 624 of 850
==76077==    at 0x4846828: malloc (in /usr/libexec/valgrind/vgpreload_memcheck-amd64-linux.so)
==76077==    by 0x51C7F0: lower__lower_for (in /mnt/c/Users/Juan/Documents/GitHub/Mapanare/mapanare/self/mnc-stage1)
==76077==    by 0x6A7619F: ???
==76077==    by 0x800000000000004C: ???
==76077== 
==76077== 160 bytes in 1 blocks are indirectly lost in loss record 625 of 850
==76077==    at 0x4846828: malloc (in /usr/libexec/valgrind/vgpreload_memcheck-amd64-linux.so)
==76077==    by 0x5218EE: lower__lower_for (in /mnt/c/Users/Juan/Documents/GitHub/Mapanare/mapanare/self/mnc-stage1)
==76077== 
==76077== 160 bytes in 1 blocks are indirectly lost in loss record 626 of 850
==76077==    at 0x4846828: malloc (in /usr/libexec/valgrind/vgpreload_memcheck-amd64-linux.so)
==76077==    by 0x522A78: lower__lower_for (in /mnt/c/Users/Juan/Documents/GitHub/Mapanare/mapanare/self/mnc-stage1)
==76077== 
==76077== 160 bytes in 1 blocks are indirectly lost in loss record 627 of 850
==76077==    at 0x4846828: malloc (in /usr/libexec/valgrind/vgpreload_memcheck-amd64-linux.so)
==76077==    by 0x637208: lower__lower_assign (in /mnt/c/Users/Juan/Documents/GitHub/Mapanare/mapanare/self/mnc-stage1)
==76077== 
==76077== 160 bytes in 1 blocks are indirectly lost in loss record 628 of 850
==76077==    at 0x4846828: malloc (in /usr/libexec/valgrind/vgpreload_memcheck-amd64-linux.so)
==76077==    by 0x526D7E: lower__lower_for (in /mnt/c/Users/Juan/Documents/GitHub/Mapanare/mapanare/self/mnc-stage1)
==76077== 
==76077== 160 bytes in 1 blocks are indirectly lost in loss record 629 of 850
==76077==    at 0x4846828: malloc (in /usr/libexec/valgrind/vgpreload_memcheck-amd64-linux.so)
==76077==    by 0x5284D4: lower__lower_for (in /mnt/c/Users/Juan/Documents/GitHub/Mapanare/mapanare/self/mnc-stage1)
==76077==    by 0x2: ???
==76077==    by 0x7: ???
==76077==    by 0x1F: ???
==76077== 
==76077== 160 bytes in 1 blocks are indirectly lost in loss record 630 of 850
==76077==    at 0x4846828: malloc (in /usr/libexec/valgrind/vgpreload_memcheck-amd64-linux.so)
==76077==    by 0x5298ED: lower__lower_for (in /mnt/c/Users/Juan/Documents/GitHub/Mapanare/mapanare/self/mnc-stage1)
==76077==    by 0x6A9DB3F: ???
==76077==    by 0x7: ???
==76077==    by 0x2: ???
==76077== 
==76077== 168 bytes in 1 blocks are indirectly lost in loss record 631 of 850
==76077==    at 0x484D953: calloc (in /usr/libexec/valgrind/vgpreload_memcheck-amd64-linux.so)
==76077==    by 0x48A2CF: semantic__register_builtins (in /mnt/c/Users/Juan/Documents/GitHub/Mapanare/mapanare/self/mnc-stage1)
==76077== 
==76077== 168 bytes in 1 blocks are indirectly lost in loss record 632 of 850
==76077==    at 0x4846828: malloc (in /usr/libexec/valgrind/vgpreload_memcheck-amd64-linux.so)
==76077==    by 0x48A350: semantic__register_builtins (in /mnt/c/Users/Juan/Documents/GitHub/Mapanare/mapanare/self/mnc-stage1)
==76077== 
==76077== 168 bytes in 1 blocks are indirectly lost in loss record 633 of 850
==76077==    at 0x484D953: calloc (in /usr/libexec/valgrind/vgpreload_memcheck-amd64-linux.so)
==76077==    by 0x48A5D6: semantic__register_builtins (in /mnt/c/Users/Juan/Documents/GitHub/Mapanare/mapanare/self/mnc-stage1)
==76077== 
==76077== 168 bytes in 1 blocks are indirectly lost in loss record 634 of 850
==76077==    at 0x4846828: malloc (in /usr/libexec/valgrind/vgpreload_memcheck-amd64-linux.so)
==76077==    by 0x48A65F: semantic__register_builtins (in /mnt/c/Users/Juan/Documents/GitHub/Mapanare/mapanare/self/mnc-stage1)
==76077== 
==76077== 168 bytes in 1 blocks are indirectly lost in loss record 635 of 850
==76077==    at 0x484D953: calloc (in /usr/libexec/valgrind/vgpreload_memcheck-amd64-linux.so)
==76077==    by 0x48A8B4: semantic__register_builtins (in /mnt/c/Users/Juan/Documents/GitHub/Mapanare/mapanare/self/mnc-stage1)
==76077== 
==76077== 168 bytes in 1 blocks are indirectly lost in loss record 636 of 850
==76077==    at 0x4846828: malloc (in /usr/libexec/valgrind/vgpreload_memcheck-amd64-linux.so)
==76077==    by 0x48A93D: semantic__register_builtins (in /mnt/c/Users/Juan/Documents/GitHub/Mapanare/mapanare/self/mnc-stage1)
==76077== 
==76077== 168 bytes in 1 blocks are indirectly lost in loss record 637 of 850
==76077==    at 0x484D953: calloc (in /usr/libexec/valgrind/vgpreload_memcheck-amd64-linux.so)
==76077==    by 0x48AB92: semantic__register_builtins (in /mnt/c/Users/Juan/Documents/GitHub/Mapanare/mapanare/self/mnc-stage1)
==76077== 
==76077== 168 bytes in 1 blocks are indirectly lost in loss record 638 of 850
==76077==    at 0x4846828: malloc (in /usr/libexec/valgrind/vgpreload_memcheck-amd64-linux.so)
==76077==    by 0x48AC1B: semantic__register_builtins (in /mnt/c/Users/Juan/Documents/GitHub/Mapanare/mapanare/self/mnc-stage1)
==76077== 
==76077== 168 bytes in 1 blocks are indirectly lost in loss record 639 of 850
==76077==    at 0x484D953: calloc (in /usr/libexec/valgrind/vgpreload_memcheck-amd64-linux.so)
==76077==    by 0x48AE70: semantic__register_builtins (in /mnt/c/Users/Juan/Documents/GitHub/Mapanare/mapanare/self/mnc-stage1)
==76077== 
==76077== 168 bytes in 1 blocks are indirectly lost in loss record 640 of 850
==76077==    at 0x4846828: malloc (in /usr/libexec/valgrind/vgpreload_memcheck-amd64-linux.so)
==76077==    by 0x48AEF9: semantic__register_builtins (in /mnt/c/Users/Juan/Documents/GitHub/Mapanare/mapanare/self/mnc-stage1)
==76077== 
==76077== 168 bytes in 1 blocks are indirectly lost in loss record 641 of 850
==76077==    at 0x484D953: calloc (in /usr/libexec/valgrind/vgpreload_memcheck-amd64-linux.so)
==76077==    by 0x48B157: semantic__register_builtins (in /mnt/c/Users/Juan/Documents/GitHub/Mapanare/mapanare/self/mnc-stage1)
==76077== 
==76077== 168 bytes in 1 blocks are indirectly lost in loss record 642 of 850
==76077==    at 0x4846828: malloc (in /usr/libexec/valgrind/vgpreload_memcheck-amd64-linux.so)
==76077==    by 0x48B20C: semantic__register_builtins (in /mnt/c/Users/Juan/Documents/GitHub/Mapanare/mapanare/self/mnc-stage1)
==76077== 
==76077== 168 bytes in 1 blocks are indirectly lost in loss record 643 of 850
==76077==    at 0x484D953: calloc (in /usr/libexec/valgrind/vgpreload_memcheck-amd64-linux.so)
==76077==    by 0x48B4C2: semantic__register_builtins (in /mnt/c/Users/Juan/Documents/GitHub/Mapanare/mapanare/self/mnc-stage1)
==76077== 
==76077== 168 bytes in 1 blocks are indirectly lost in loss record 644 of 850
==76077==    at 0x4846828: malloc (in /usr/libexec/valgrind/vgpreload_memcheck-amd64-linux.so)
==76077==    by 0x48B587: semantic__register_builtins (in /mnt/c/Users/Juan/Documents/GitHub/Mapanare/mapanare/self/mnc-stage1)
==76077== 
==76077== 168 bytes in 1 blocks are indirectly lost in loss record 645 of 850
==76077==    at 0x484D953: calloc (in /usr/libexec/valgrind/vgpreload_memcheck-amd64-linux.so)
==76077==    by 0x48B87F: semantic__register_builtins (in /mnt/c/Users/Juan/Documents/GitHub/Mapanare/mapanare/self/mnc-stage1)
==76077== 
==76077== 168 bytes in 1 blocks are indirectly lost in loss record 646 of 850
==76077==    at 0x4846828: malloc (in /usr/libexec/valgrind/vgpreload_memcheck-amd64-linux.so)
==76077==    by 0x48B944: semantic__register_builtins (in /mnt/c/Users/Juan/Documents/GitHub/Mapanare/mapanare/self/mnc-stage1)
==76077== 
==76077== 168 bytes in 1 blocks are indirectly lost in loss record 647 of 850
==76077==    at 0x484D953: calloc (in /usr/libexec/valgrind/vgpreload_memcheck-amd64-linux.so)
==76077==    by 0x48BC3C: semantic__register_builtins (in /mnt/c/Users/Juan/Documents/GitHub/Mapanare/mapanare/self/mnc-stage1)
==76077== 
==76077== 168 bytes in 1 blocks are indirectly lost in loss record 648 of 850
==76077==    at 0x4846828: malloc (in /usr/libexec/valgrind/vgpreload_memcheck-amd64-linux.so)
==76077==    by 0x48BD01: semantic__register_builtins (in /mnt/c/Users/Juan/Documents/GitHub/Mapanare/mapanare/self/mnc-stage1)
==76077== 
==76077== 168 bytes in 1 blocks are indirectly lost in loss record 649 of 850
==76077==    at 0x484D953: calloc (in /usr/libexec/valgrind/vgpreload_memcheck-amd64-linux.so)
==76077==    by 0x48BFF9: semantic__register_builtins (in /mnt/c/Users/Juan/Documents/GitHub/Mapanare/mapanare/self/mnc-stage1)
==76077== 
==76077== 168 bytes in 1 blocks are indirectly lost in loss record 650 of 850
==76077==    at 0x4846828: malloc (in /usr/libexec/valgrind/vgpreload_memcheck-amd64-linux.so)
==76077==    by 0x48C0BE: semantic__register_builtins (in /mnt/c/Users/Juan/Documents/GitHub/Mapanare/mapanare/self/mnc-stage1)
==76077== 
==76077== 168 bytes in 1 blocks are indirectly lost in loss record 651 of 850
==76077==    at 0x484D953: calloc (in /usr/libexec/valgrind/vgpreload_memcheck-amd64-linux.so)
==76077==    by 0x48C3B6: semantic__register_builtins (in /mnt/c/Users/Juan/Documents/GitHub/Mapanare/mapanare/self/mnc-stage1)
==76077== 
==76077== 168 bytes in 1 blocks are indirectly lost in loss record 652 of 850
==76077==    at 0x4846828: malloc (in /usr/libexec/valgrind/vgpreload_memcheck-amd64-linux.so)
==76077==    by 0x48C47B: semantic__register_builtins (in /mnt/c/Users/Juan/Documents/GitHub/Mapanare/mapanare/self/mnc-stage1)
==76077== 
==76077== 168 bytes in 1 blocks are indirectly lost in loss record 653 of 850
==76077==    at 0x484D953: calloc (in /usr/libexec/valgrind/vgpreload_memcheck-amd64-linux.so)
==76077==    by 0x48C773: semantic__register_builtins (in /mnt/c/Users/Juan/Documents/GitHub/Mapanare/mapanare/self/mnc-stage1)
==76077== 
==76077== 168 bytes in 1 blocks are indirectly lost in loss record 654 of 850
==76077==    at 0x4846828: malloc (in /usr/libexec/valgrind/vgpreload_memcheck-amd64-linux.so)
==76077==    by 0x48C838: semantic__register_builtins (in /mnt/c/Users/Juan/Documents/GitHub/Mapanare/mapanare/self/mnc-stage1)
==76077== 
==76077== 168 bytes in 1 blocks are indirectly lost in loss record 655 of 850
==76077==    at 0x484D953: calloc (in /usr/libexec/valgrind/vgpreload_memcheck-amd64-linux.so)
==76077==    by 0x48CB2E: semantic__register_builtins (in /mnt/c/Users/Juan/Documents/GitHub/Mapanare/mapanare/self/mnc-stage1)
==76077== 
==76077== 168 bytes in 1 blocks are indirectly lost in loss record 656 of 850
==76077==    at 0x4846828: malloc (in /usr/libexec/valgrind/vgpreload_memcheck-amd64-linux.so)
==76077==    by 0x48CBF3: semantic__register_builtins (in /mnt/c/Users/Juan/Documents/GitHub/Mapanare/mapanare/self/mnc-stage1)
==76077== 
==76077== 168 bytes in 1 blocks are indirectly lost in loss record 657 of 850
==76077==    at 0x484D953: calloc (in /usr/libexec/valgrind/vgpreload_memcheck-amd64-linux.so)
==76077==    by 0x48CEE7: semantic__register_builtins (in /mnt/c/Users/Juan/Documents/GitHub/Mapanare/mapanare/self/mnc-stage1)
==76077== 
==76077== 168 bytes in 1 blocks are indirectly lost in loss record 658 of 850
==76077==    at 0x4846828: malloc (in /usr/libexec/valgrind/vgpreload_memcheck-amd64-linux.so)
==76077==    by 0x48CFAC: semantic__register_builtins (in /mnt/c/Users/Juan/Documents/GitHub/Mapanare/mapanare/self/mnc-stage1)
==76077== 
==76077== 168 bytes in 1 blocks are indirectly lost in loss record 659 of 850
==76077==    at 0x484D953: calloc (in /usr/libexec/valgrind/vgpreload_memcheck-amd64-linux.so)
==76077==    by 0x48D2A0: semantic__register_builtins (in /mnt/c/Users/Juan/Documents/GitHub/Mapanare/mapanare/self/mnc-stage1)
==76077== 
==76077== 168 bytes in 1 blocks are indirectly lost in loss record 660 of 850
==76077==    at 0x4846828: malloc (in /usr/libexec/valgrind/vgpreload_memcheck-amd64-linux.so)
==76077==    by 0x48D365: semantic__register_builtins (in /mnt/c/Users/Juan/Documents/GitHub/Mapanare/mapanare/self/mnc-stage1)
==76077== 
==76077== 168 bytes in 1 blocks are indirectly lost in loss record 661 of 850
==76077==    at 0x484D953: calloc (in /usr/libexec/valgrind/vgpreload_memcheck-amd64-linux.so)
==76077==    by 0x48D659: semantic__register_builtins (in /mnt/c/Users/Juan/Documents/GitHub/Mapanare/mapanare/self/mnc-stage1)
==76077== 
==76077== 168 bytes in 1 blocks are indirectly lost in loss record 662 of 850
==76077==    at 0x4846828: malloc (in /usr/libexec/valgrind/vgpreload_memcheck-amd64-linux.so)
==76077==    by 0x48D71E: semantic__register_builtins (in /mnt/c/Users/Juan/Documents/GitHub/Mapanare/mapanare/self/mnc-stage1)
==76077== 
==76077== 168 bytes in 1 blocks are indirectly lost in loss record 663 of 850
==76077==    at 0x484D953: calloc (in /usr/libexec/valgrind/vgpreload_memcheck-amd64-linux.so)
==76077==    by 0x48DA12: semantic__register_builtins (in /mnt/c/Users/Juan/Documents/GitHub/Mapanare/mapanare/self/mnc-stage1)
==76077== 
==76077== 168 bytes in 1 blocks are indirectly lost in loss record 664 of 850
==76077==    at 0x4846828: malloc (in /usr/libexec/valgrind/vgpreload_memcheck-amd64-linux.so)
==76077==    by 0x48DAD7: semantic__register_builtins (in /mnt/c/Users/Juan/Documents/GitHub/Mapanare/mapanare/self/mnc-stage1)
==76077== 
==76077== 168 bytes in 1 blocks are indirectly lost in loss record 665 of 850
==76077==    at 0x484D953: calloc (in /usr/libexec/valgrind/vgpreload_memcheck-amd64-linux.so)
==76077==    by 0x48DDCB: semantic__register_builtins (in /mnt/c/Users/Juan/Documents/GitHub/Mapanare/mapanare/self/mnc-stage1)
==76077== 
==76077== 168 bytes in 1 blocks are indirectly lost in loss record 666 of 850
==76077==    at 0x4846828: malloc (in /usr/libexec/valgrind/vgpreload_memcheck-amd64-linux.so)
==76077==    by 0x48DE90: semantic__register_builtins (in /mnt/c/Users/Juan/Documents/GitHub/Mapanare/mapanare/self/mnc-stage1)
==76077== 
==76077== 168 bytes in 1 blocks are indirectly lost in loss record 667 of 850
==76077==    at 0x484D953: calloc (in /usr/libexec/valgrind/vgpreload_memcheck-amd64-linux.so)
==76077==    by 0x48E184: semantic__register_builtins (in /mnt/c/Users/Juan/Documents/GitHub/Mapanare/mapanare/self/mnc-stage1)
==76077== 
==76077== 168 bytes in 1 blocks are indirectly lost in loss record 668 of 850
==76077==    at 0x4846828: malloc (in /usr/libexec/valgrind/vgpreload_memcheck-amd64-linux.so)
==76077==    by 0x48E249: semantic__register_builtins (in /mnt/c/Users/Juan/Documents/GitHub/Mapanare/mapanare/self/mnc-stage1)
==76077== 
==76077== 168 bytes in 1 blocks are indirectly lost in loss record 669 of 850
==76077==    at 0x484D953: calloc (in /usr/libexec/valgrind/vgpreload_memcheck-amd64-linux.so)
==76077==    by 0x48E53D: semantic__register_builtins (in /mnt/c/Users/Juan/Documents/GitHub/Mapanare/mapanare/self/mnc-stage1)
==76077== 
==76077== 168 bytes in 1 blocks are indirectly lost in loss record 670 of 850
==76077==    at 0x4846828: malloc (in /usr/libexec/valgrind/vgpreload_memcheck-amd64-linux.so)
==76077==    by 0x48E602: semantic__register_builtins (in /mnt/c/Users/Juan/Documents/GitHub/Mapanare/mapanare/self/mnc-stage1)
==76077== 
==76077== 168 bytes in 1 blocks are indirectly lost in loss record 671 of 850
==76077==    at 0x484D953: calloc (in /usr/libexec/valgrind/vgpreload_memcheck-amd64-linux.so)
==76077==    by 0x48E8F6: semantic__register_builtins (in /mnt/c/Users/Juan/Documents/GitHub/Mapanare/mapanare/self/mnc-stage1)
==76077== 
==76077== 168 bytes in 1 blocks are indirectly lost in loss record 672 of 850
==76077==    at 0x4846828: malloc (in /usr/libexec/valgrind/vgpreload_memcheck-amd64-linux.so)
==76077==    by 0x48E9BB: semantic__register_builtins (in /mnt/c/Users/Juan/Documents/GitHub/Mapanare/mapanare/self/mnc-stage1)
==76077== 
==76077== 168 bytes in 1 blocks are indirectly lost in loss record 673 of 850
==76077==    at 0x484D953: calloc (in /usr/libexec/valgrind/vgpreload_memcheck-amd64-linux.so)
==76077==    by 0x48ECAF: semantic__register_builtins (in /mnt/c/Users/Juan/Documents/GitHub/Mapanare/mapanare/self/mnc-stage1)
==76077== 
==76077== 168 bytes in 1 blocks are indirectly lost in loss record 674 of 850
==76077==    at 0x4846828: malloc (in /usr/libexec/valgrind/vgpreload_memcheck-amd64-linux.so)
==76077==    by 0x48ED74: semantic__register_builtins (in /mnt/c/Users/Juan/Documents/GitHub/Mapanare/mapanare/self/mnc-stage1)
==76077== 
==76077== 168 bytes in 1 blocks are indirectly lost in loss record 675 of 850
==76077==    at 0x484D953: calloc (in /usr/libexec/valgrind/vgpreload_memcheck-amd64-linux.so)
==76077==    by 0x48F068: semantic__register_builtins (in /mnt/c/Users/Juan/Documents/GitHub/Mapanare/mapanare/self/mnc-stage1)
==76077== 
==76077== 168 bytes in 1 blocks are indirectly lost in loss record 676 of 850
==76077==    at 0x4846828: malloc (in /usr/libexec/valgrind/vgpreload_memcheck-amd64-linux.so)
==76077==    by 0x48F12D: semantic__register_builtins (in /mnt/c/Users/Juan/Documents/GitHub/Mapanare/mapanare/self/mnc-stage1)
==76077== 
==76077== 168 bytes in 1 blocks are indirectly lost in loss record 677 of 850
==76077==    at 0x484D953: calloc (in /usr/libexec/valgrind/vgpreload_memcheck-amd64-linux.so)
==76077==    by 0x48F421: semantic__register_builtins (in /mnt/c/Users/Juan/Documents/GitHub/Mapanare/mapanare/self/mnc-stage1)
==76077== 
==76077== 168 bytes in 1 blocks are indirectly lost in loss record 678 of 850
==76077==    at 0x4846828: malloc (in /usr/libexec/valgrind/vgpreload_memcheck-amd64-linux.so)
==76077==    by 0x48F4E6: semantic__register_builtins (in /mnt/c/Users/Juan/Documents/GitHub/Mapanare/mapanare/self/mnc-stage1)
==76077== 
==76077== 168 bytes in 1 blocks are indirectly lost in loss record 679 of 850
==76077==    at 0x484D953: calloc (in /usr/libexec/valgrind/vgpreload_memcheck-amd64-linux.so)
==76077==    by 0x48F7DA: semantic__register_builtins (in /mnt/c/Users/Juan/Documents/GitHub/Mapanare/mapanare/self/mnc-stage1)
==76077== 
==76077== 168 bytes in 1 blocks are indirectly lost in loss record 680 of 850
==76077==    at 0x4846828: malloc (in /usr/libexec/valgrind/vgpreload_memcheck-amd64-linux.so)
==76077==    by 0x48F89F: semantic__register_builtins (in /mnt/c/Users/Juan/Documents/GitHub/Mapanare/mapanare/self/mnc-stage1)
==76077== 
==76077== 168 bytes in 1 blocks are indirectly lost in loss record 681 of 850
==76077==    at 0x484D953: calloc (in /usr/libexec/valgrind/vgpreload_memcheck-amd64-linux.so)
==76077==    by 0x48FB93: semantic__register_builtins (in /mnt/c/Users/Juan/Documents/GitHub/Mapanare/mapanare/self/mnc-stage1)
==76077== 
==76077== 168 bytes in 1 blocks are indirectly lost in loss record 682 of 850
==76077==    at 0x4846828: malloc (in /usr/libexec/valgrind/vgpreload_memcheck-amd64-linux.so)
==76077==    by 0x48FC58: semantic__register_builtins (in /mnt/c/Users/Juan/Documents/GitHub/Mapanare/mapanare/self/mnc-stage1)
==76077== 
==76077== 168 bytes in 1 blocks are indirectly lost in loss record 683 of 850
==76077==    at 0x484D953: calloc (in /usr/libexec/valgrind/vgpreload_memcheck-amd64-linux.so)
==76077==    by 0x48FF4C: semantic__register_builtins (in /mnt/c/Users/Juan/Documents/GitHub/Mapanare/mapanare/self/mnc-stage1)
==76077== 
==76077== 168 bytes in 1 blocks are indirectly lost in loss record 684 of 850
==76077==    at 0x4846828: malloc (in /usr/libexec/valgrind/vgpreload_memcheck-amd64-linux.so)
==76077==    by 0x490011: semantic__register_builtins (in /mnt/c/Users/Juan/Documents/GitHub/Mapanare/mapanare/self/mnc-stage1)
==76077== 
==76077== 168 bytes in 1 blocks are indirectly lost in loss record 685 of 850
==76077==    at 0x484D953: calloc (in /usr/libexec/valgrind/vgpreload_memcheck-amd64-linux.so)
==76077==    by 0x490305: semantic__register_builtins (in /mnt/c/Users/Juan/Documents/GitHub/Mapanare/mapanare/self/mnc-stage1)
==76077== 
==76077== 168 bytes in 1 blocks are indirectly lost in loss record 686 of 850
==76077==    at 0x4846828: malloc (in /usr/libexec/valgrind/vgpreload_memcheck-amd64-linux.so)
==76077==    by 0x4903CA: semantic__register_builtins (in /mnt/c/Users/Juan/Documents/GitHub/Mapanare/mapanare/self/mnc-stage1)
==76077== 
==76077== 168 bytes in 1 blocks are indirectly lost in loss record 687 of 850
==76077==    at 0x484D953: calloc (in /usr/libexec/valgrind/vgpreload_memcheck-amd64-linux.so)
==76077==    by 0x4906C0: semantic__register_builtins (in /mnt/c/Users/Juan/Documents/GitHub/Mapanare/mapanare/self/mnc-stage1)
==76077== 
==76077== 168 bytes in 1 blocks are indirectly lost in loss record 688 of 850
==76077==    at 0x4846828: malloc (in /usr/libexec/valgrind/vgpreload_memcheck-amd64-linux.so)
==76077==    by 0x490785: semantic__register_builtins (in /mnt/c/Users/Juan/Documents/GitHub/Mapanare/mapanare/self/mnc-stage1)
==76077== 
==76077== 168 bytes in 1 blocks are indirectly lost in loss record 689 of 850
==76077==    at 0x484D953: calloc (in /usr/libexec/valgrind/vgpreload_memcheck-amd64-linux.so)
==76077==    by 0x490A7D: semantic__register_builtins (in /mnt/c/Users/Juan/Documents/GitHub/Mapanare/mapanare/self/mnc-stage1)
==76077== 
==76077== 168 bytes in 1 blocks are indirectly lost in loss record 690 of 850
==76077==    at 0x4846828: malloc (in /usr/libexec/valgrind/vgpreload_memcheck-amd64-linux.so)
==76077==    by 0x490B42: semantic__register_builtins (in /mnt/c/Users/Juan/Documents/GitHub/Mapanare/mapanare/self/mnc-stage1)
==76077== 
==76077== 168 bytes in 1 blocks are indirectly lost in loss record 691 of 850
==76077==    at 0x484D953: calloc (in /usr/libexec/valgrind/vgpreload_memcheck-amd64-linux.so)
==76077==    by 0x490E38: semantic__register_builtins (in /mnt/c/Users/Juan/Documents/GitHub/Mapanare/mapanare/self/mnc-stage1)
==76077== 
==76077== 168 bytes in 1 blocks are indirectly lost in loss record 692 of 850
==76077==    at 0x4846828: malloc (in /usr/libexec/valgrind/vgpreload_memcheck-amd64-linux.so)
==76077==    by 0x490EFD: semantic__register_builtins (in /mnt/c/Users/Juan/Documents/GitHub/Mapanare/mapanare/self/mnc-stage1)
==76077== 
==76077== 168 bytes in 1 blocks are indirectly lost in loss record 693 of 850
==76077==    at 0x484D953: calloc (in /usr/libexec/valgrind/vgpreload_memcheck-amd64-linux.so)
==76077==    by 0x4911F1: semantic__register_builtins (in /mnt/c/Users/Juan/Documents/GitHub/Mapanare/mapanare/self/mnc-stage1)
==76077== 
==76077== 168 bytes in 1 blocks are indirectly lost in loss record 694 of 850
==76077==    at 0x4846828: malloc (in /usr/libexec/valgrind/vgpreload_memcheck-amd64-linux.so)
==76077==    by 0x4912B6: semantic__register_builtins (in /mnt/c/Users/Juan/Documents/GitHub/Mapanare/mapanare/self/mnc-stage1)
==76077== 
==76077== 168 bytes in 1 blocks are indirectly lost in loss record 695 of 850
==76077==    at 0x484D953: calloc (in /usr/libexec/valgrind/vgpreload_memcheck-amd64-linux.so)
==76077==    by 0x4915AA: semantic__register_builtins (in /mnt/c/Users/Juan/Documents/GitHub/Mapanare/mapanare/self/mnc-stage1)
==76077== 
==76077== 168 bytes in 1 blocks are indirectly lost in loss record 696 of 850
==76077==    at 0x4846828: malloc (in /usr/libexec/valgrind/vgpreload_memcheck-amd64-linux.so)
==76077==    by 0x49166F: semantic__register_builtins (in /mnt/c/Users/Juan/Documents/GitHub/Mapanare/mapanare/self/mnc-stage1)
==76077== 
==76077== 168 bytes in 1 blocks are indirectly lost in loss record 697 of 850
==76077==    at 0x484D953: calloc (in /usr/libexec/valgrind/vgpreload_memcheck-amd64-linux.so)
==76077==    by 0x491963: semantic__register_builtins (in /mnt/c/Users/Juan/Documents/GitHub/Mapanare/mapanare/self/mnc-stage1)
==76077== 
==76077== 168 bytes in 1 blocks are indirectly lost in loss record 698 of 850
==76077==    at 0x4846828: malloc (in /usr/libexec/valgrind/vgpreload_memcheck-amd64-linux.so)
==76077==    by 0x491A28: semantic__register_builtins (in /mnt/c/Users/Juan/Documents/GitHub/Mapanare/mapanare/self/mnc-stage1)
==76077== 
==76077== 168 bytes in 1 blocks are indirectly lost in loss record 699 of 850
==76077==    at 0x484D953: calloc (in /usr/libexec/valgrind/vgpreload_memcheck-amd64-linux.so)
==76077==    by 0x491D1C: semantic__register_builtins (in /mnt/c/Users/Juan/Documents/GitHub/Mapanare/mapanare/self/mnc-stage1)
==76077== 
==76077== 168 bytes in 1 blocks are indirectly lost in loss record 700 of 850
==76077==    at 0x4846828: malloc (in /usr/libexec/valgrind/vgpreload_memcheck-amd64-linux.so)
==76077==    by 0x491DE1: semantic__register_builtins (in /mnt/c/Users/Juan/Documents/GitHub/Mapanare/mapanare/self/mnc-stage1)
==76077== 
==76077== 168 bytes in 1 blocks are indirectly lost in loss record 701 of 850
==76077==    at 0x484D953: calloc (in /usr/libexec/valgrind/vgpreload_memcheck-amd64-linux.so)
==76077==    by 0x4920D5: semantic__register_builtins (in /mnt/c/Users/Juan/Documents/GitHub/Mapanare/mapanare/self/mnc-stage1)
==76077== 
==76077== 168 bytes in 1 blocks are indirectly lost in loss record 702 of 850
==76077==    at 0x4846828: malloc (in /usr/libexec/valgrind/vgpreload_memcheck-amd64-linux.so)
==76077==    by 0x49219A: semantic__register_builtins (in /mnt/c/Users/Juan/Documents/GitHub/Mapanare/mapanare/self/mnc-stage1)
==76077== 
==76077== 168 bytes in 1 blocks are indirectly lost in loss record 703 of 850
==76077==    at 0x484D953: calloc (in /usr/libexec/valgrind/vgpreload_memcheck-amd64-linux.so)
==76077==    by 0x49248E: semantic__register_builtins (in /mnt/c/Users/Juan/Documents/GitHub/Mapanare/mapanare/self/mnc-stage1)
==76077== 
==76077== 168 bytes in 1 blocks are indirectly lost in loss record 704 of 850
==76077==    at 0x4846828: malloc (in /usr/libexec/valgrind/vgpreload_memcheck-amd64-linux.so)
==76077==    by 0x492553: semantic__register_builtins (in /mnt/c/Users/Juan/Documents/GitHub/Mapanare/mapanare/self/mnc-stage1)
==76077== 
==76077== 168 bytes in 1 blocks are indirectly lost in loss record 705 of 850
==76077==    at 0x484D953: calloc (in /usr/libexec/valgrind/vgpreload_memcheck-amd64-linux.so)
==76077==    by 0x492849: semantic__register_builtins (in /mnt/c/Users/Juan/Documents/GitHub/Mapanare/mapanare/self/mnc-stage1)
==76077== 
==76077== 168 bytes in 1 blocks are indirectly lost in loss record 706 of 850
==76077==    at 0x4846828: malloc (in /usr/libexec/valgrind/vgpreload_memcheck-amd64-linux.so)
==76077==    by 0x49290E: semantic__register_builtins (in /mnt/c/Users/Juan/Documents/GitHub/Mapanare/mapanare/self/mnc-stage1)
==76077== 
==76077== 168 bytes in 1 blocks are indirectly lost in loss record 707 of 850
==76077==    at 0x484D953: calloc (in /usr/libexec/valgrind/vgpreload_memcheck-amd64-linux.so)
==76077==    by 0x492C04: semantic__register_builtins (in /mnt/c/Users/Juan/Documents/GitHub/Mapanare/mapanare/self/mnc-stage1)
==76077== 
==76077== 168 bytes in 1 blocks are indirectly lost in loss record 708 of 850
==76077==    at 0x4846828: malloc (in /usr/libexec/valgrind/vgpreload_memcheck-amd64-linux.so)
==76077==    by 0x492CC9: semantic__register_builtins (in /mnt/c/Users/Juan/Documents/GitHub/Mapanare/mapanare/self/mnc-stage1)
==76077== 
==76077== 168 bytes in 1 blocks are indirectly lost in loss record 709 of 850
==76077==    at 0x484D953: calloc (in /usr/libexec/valgrind/vgpreload_memcheck-amd64-linux.so)
==76077==    by 0x492FBF: semantic__register_builtins (in /mnt/c/Users/Juan/Documents/GitHub/Mapanare/mapanare/self/mnc-stage1)
==76077== 
==76077== 168 bytes in 1 blocks are indirectly lost in loss record 710 of 850
==76077==    at 0x4846828: malloc (in /usr/libexec/valgrind/vgpreload_memcheck-amd64-linux.so)
==76077==    by 0x493084: semantic__register_builtins (in /mnt/c/Users/Juan/Documents/GitHub/Mapanare/mapanare/self/mnc-stage1)
==76077== 
==76077== 168 bytes in 1 blocks are indirectly lost in loss record 711 of 850
==76077==    at 0x484D953: calloc (in /usr/libexec/valgrind/vgpreload_memcheck-amd64-linux.so)
==76077==    by 0x49337A: semantic__register_builtins (in /mnt/c/Users/Juan/Documents/GitHub/Mapanare/mapanare/self/mnc-stage1)
==76077== 
==76077== 168 bytes in 1 blocks are indirectly lost in loss record 712 of 850
==76077==    at 0x4846828: malloc (in /usr/libexec/valgrind/vgpreload_memcheck-amd64-linux.so)
==76077==    by 0x49343F: semantic__register_builtins (in /mnt/c/Users/Juan/Documents/GitHub/Mapanare/mapanare/self/mnc-stage1)
==76077== 
==76077== 168 bytes in 1 blocks are indirectly lost in loss record 713 of 850
==76077==    at 0x484D953: calloc (in /usr/libexec/valgrind/vgpreload_memcheck-amd64-linux.so)
==76077==    by 0x493735: semantic__register_builtins (in /mnt/c/Users/Juan/Documents/GitHub/Mapanare/mapanare/self/mnc-stage1)
==76077== 
==76077== 168 bytes in 1 blocks are indirectly lost in loss record 714 of 850
==76077==    at 0x4846828: malloc (in /usr/libexec/valgrind/vgpreload_memcheck-amd64-linux.so)
==76077==    by 0x4937FA: semantic__register_builtins (in /mnt/c/Users/Juan/Documents/GitHub/Mapanare/mapanare/self/mnc-stage1)
==76077== 
==76077== 168 bytes in 1 blocks are indirectly lost in loss record 715 of 850
==76077==    at 0x484D953: calloc (in /usr/libexec/valgrind/vgpreload_memcheck-amd64-linux.so)
==76077==    by 0x493AF2: semantic__register_builtins (in /mnt/c/Users/Juan/Documents/GitHub/Mapanare/mapanare/self/mnc-stage1)
==76077== 
==76077== 168 bytes in 1 blocks are indirectly lost in loss record 716 of 850
==76077==    at 0x4846828: malloc (in /usr/libexec/valgrind/vgpreload_memcheck-amd64-linux.so)
==76077==    by 0x493BB7: semantic__register_builtins (in /mnt/c/Users/Juan/Documents/GitHub/Mapanare/mapanare/self/mnc-stage1)
==76077== 
==76077== 168 bytes in 1 blocks are indirectly lost in loss record 717 of 850
==76077==    at 0x484D953: calloc (in /usr/libexec/valgrind/vgpreload_memcheck-amd64-linux.so)
==76077==    by 0x493EAF: semantic__register_builtins (in /mnt/c/Users/Juan/Documents/GitHub/Mapanare/mapanare/self/mnc-stage1)
==76077== 
==76077== 168 bytes in 1 blocks are indirectly lost in loss record 718 of 850
==76077==    at 0x4846828: malloc (in /usr/libexec/valgrind/vgpreload_memcheck-amd64-linux.so)
==76077==    by 0x493F74: semantic__register_builtins (in /mnt/c/Users/Juan/Documents/GitHub/Mapanare/mapanare/self/mnc-stage1)
==76077== 
==76077== 168 bytes in 1 blocks are indirectly lost in loss record 719 of 850
==76077==    at 0x484D953: calloc (in /usr/libexec/valgrind/vgpreload_memcheck-amd64-linux.so)
==76077==    by 0x49426C: semantic__register_builtins (in /mnt/c/Users/Juan/Documents/GitHub/Mapanare/mapanare/self/mnc-stage1)
==76077== 
==76077== 168 bytes in 1 blocks are indirectly lost in loss record 720 of 850
==76077==    at 0x4846828: malloc (in /usr/libexec/valgrind/vgpreload_memcheck-amd64-linux.so)
==76077==    by 0x494331: semantic__register_builtins (in /mnt/c/Users/Juan/Documents/GitHub/Mapanare/mapanare/self/mnc-stage1)
==76077== 
==76077== 168 bytes in 1 blocks are indirectly lost in loss record 721 of 850
==76077==    at 0x484D953: calloc (in /usr/libexec/valgrind/vgpreload_memcheck-amd64-linux.so)
==76077==    by 0x494629: semantic__register_builtins (in /mnt/c/Users/Juan/Documents/GitHub/Mapanare/mapanare/self/mnc-stage1)
==76077== 
==76077== 168 bytes in 1 blocks are indirectly lost in loss record 722 of 850
==76077==    at 0x4846828: malloc (in /usr/libexec/valgrind/vgpreload_memcheck-amd64-linux.so)
==76077==    by 0x4946EE: semantic__register_builtins (in /mnt/c/Users/Juan/Documents/GitHub/Mapanare/mapanare/self/mnc-stage1)
==76077== 
==76077== 168 bytes in 1 blocks are indirectly lost in loss record 723 of 850
==76077==    at 0x484D953: calloc (in /usr/libexec/valgrind/vgpreload_memcheck-amd64-linux.so)
==76077==    by 0x4949E6: semantic__register_builtins (in /mnt/c/Users/Juan/Documents/GitHub/Mapanare/mapanare/self/mnc-stage1)
==76077== 
==76077== 168 bytes in 1 blocks are indirectly lost in loss record 724 of 850
==76077==    at 0x4846828: malloc (in /usr/libexec/valgrind/vgpreload_memcheck-amd64-linux.so)
==76077==    by 0x494AAB: semantic__register_builtins (in /mnt/c/Users/Juan/Documents/GitHub/Mapanare/mapanare/self/mnc-stage1)
==76077== 
==76077== 168 bytes in 1 blocks are indirectly lost in loss record 725 of 850
==76077==    at 0x484D953: calloc (in /usr/libexec/valgrind/vgpreload_memcheck-amd64-linux.so)
==76077==    by 0x494DA3: semantic__register_builtins (in /mnt/c/Users/Juan/Documents/GitHub/Mapanare/mapanare/self/mnc-stage1)
==76077== 
==76077== 168 bytes in 1 blocks are indirectly lost in loss record 726 of 850
==76077==    at 0x4846828: malloc (in /usr/libexec/valgrind/vgpreload_memcheck-amd64-linux.so)
==76077==    by 0x494E68: semantic__register_builtins (in /mnt/c/Users/Juan/Documents/GitHub/Mapanare/mapanare/self/mnc-stage1)
==76077== 
==76077== 168 bytes in 1 blocks are indirectly lost in loss record 727 of 850
==76077==    at 0x484D953: calloc (in /usr/libexec/valgrind/vgpreload_memcheck-amd64-linux.so)
==76077==    by 0x495160: semantic__register_builtins (in /mnt/c/Users/Juan/Documents/GitHub/Mapanare/mapanare/self/mnc-stage1)
==76077== 
==76077== 168 bytes in 1 blocks are indirectly lost in loss record 728 of 850
==76077==    at 0x4846828: malloc (in /usr/libexec/valgrind/vgpreload_memcheck-amd64-linux.so)
==76077==    by 0x495225: semantic__register_builtins (in /mnt/c/Users/Juan/Documents/GitHub/Mapanare/mapanare/self/mnc-stage1)
==76077== 
==76077== 168 bytes in 1 blocks are indirectly lost in loss record 729 of 850
==76077==    at 0x484D953: calloc (in /usr/libexec/valgrind/vgpreload_memcheck-amd64-linux.so)
==76077==    by 0x49551B: semantic__register_builtins (in /mnt/c/Users/Juan/Documents/GitHub/Mapanare/mapanare/self/mnc-stage1)
==76077== 
==76077== 168 bytes in 1 blocks are indirectly lost in loss record 730 of 850
==76077==    at 0x4846828: malloc (in /usr/libexec/valgrind/vgpreload_memcheck-amd64-linux.so)
==76077==    by 0x4955E0: semantic__register_builtins (in /mnt/c/Users/Juan/Documents/GitHub/Mapanare/mapanare/self/mnc-stage1)
==76077== 
==76077== 168 bytes in 1 blocks are indirectly lost in loss record 731 of 850
==76077==    at 0x484D953: calloc (in /usr/libexec/valgrind/vgpreload_memcheck-amd64-linux.so)
==76077==    by 0x4958D6: semantic__register_builtins (in /mnt/c/Users/Juan/Documents/GitHub/Mapanare/mapanare/self/mnc-stage1)
==76077== 
==76077== 168 bytes in 1 blocks are indirectly lost in loss record 732 of 850
==76077==    at 0x4846828: malloc (in /usr/libexec/valgrind/vgpreload_memcheck-amd64-linux.so)
==76077==    by 0x49599B: semantic__register_builtins (in /mnt/c/Users/Juan/Documents/GitHub/Mapanare/mapanare/self/mnc-stage1)
==76077== 
==76077== 168 bytes in 1 blocks are indirectly lost in loss record 733 of 850
==76077==    at 0x484D953: calloc (in /usr/libexec/valgrind/vgpreload_memcheck-amd64-linux.so)
==76077==    by 0x495C91: semantic__register_builtins (in /mnt/c/Users/Juan/Documents/GitHub/Mapanare/mapanare/self/mnc-stage1)
==76077== 
==76077== 168 bytes in 1 blocks are indirectly lost in loss record 734 of 850
==76077==    at 0x4846828: malloc (in /usr/libexec/valgrind/vgpreload_memcheck-amd64-linux.so)
==76077==    by 0x495D56: semantic__register_builtins (in /mnt/c/Users/Juan/Documents/GitHub/Mapanare/mapanare/self/mnc-stage1)
==76077== 
==76077== 168 bytes in 1 blocks are indirectly lost in loss record 735 of 850
==76077==    at 0x484D953: calloc (in /usr/libexec/valgrind/vgpreload_memcheck-amd64-linux.so)
==76077==    by 0x49604A: semantic__register_builtins (in /mnt/c/Users/Juan/Documents/GitHub/Mapanare/mapanare/self/mnc-stage1)
==76077== 
==76077== 168 bytes in 1 blocks are indirectly lost in loss record 736 of 850
==76077==    at 0x4846828: malloc (in /usr/libexec/valgrind/vgpreload_memcheck-amd64-linux.so)
==76077==    by 0x49610F: semantic__register_builtins (in /mnt/c/Users/Juan/Documents/GitHub/Mapanare/mapanare/self/mnc-stage1)
==76077== 
==76077== 168 bytes in 1 blocks are indirectly lost in loss record 737 of 850
==76077==    at 0x484D953: calloc (in /usr/libexec/valgrind/vgpreload_memcheck-amd64-linux.so)
==76077==    by 0x496403: semantic__register_builtins (in /mnt/c/Users/Juan/Documents/GitHub/Mapanare/mapanare/self/mnc-stage1)
==76077== 
==76077== 168 bytes in 1 blocks are indirectly lost in loss record 738 of 850
==76077==    at 0x4846828: malloc (in /usr/libexec/valgrind/vgpreload_memcheck-amd64-linux.so)
==76077==    by 0x4964C8: semantic__register_builtins (in /mnt/c/Users/Juan/Documents/GitHub/Mapanare/mapanare/self/mnc-stage1)
==76077== 
==76077== 168 bytes in 1 blocks are indirectly lost in loss record 739 of 850
==76077==    at 0x484D953: calloc (in /usr/libexec/valgrind/vgpreload_memcheck-amd64-linux.so)
==76077==    by 0x4967BC: semantic__register_builtins (in /mnt/c/Users/Juan/Documents/GitHub/Mapanare/mapanare/self/mnc-stage1)
==76077== 
==76077== 168 bytes in 1 blocks are indirectly lost in loss record 740 of 850
==76077==    at 0x4846828: malloc (in /usr/libexec/valgrind/vgpreload_memcheck-amd64-linux.so)
==76077==    by 0x496881: semantic__register_builtins (in /mnt/c/Users/Juan/Documents/GitHub/Mapanare/mapanare/self/mnc-stage1)
==76077== 
==76077== 168 bytes in 1 blocks are indirectly lost in loss record 741 of 850
==76077==    at 0x484D953: calloc (in /usr/libexec/valgrind/vgpreload_memcheck-amd64-linux.so)
==76077==    by 0x496B75: semantic__register_builtins (in /mnt/c/Users/Juan/Documents/GitHub/Mapanare/mapanare/self/mnc-stage1)
==76077== 
==76077== 168 bytes in 1 blocks are indirectly lost in loss record 742 of 850
==76077==    at 0x4846828: malloc (in /usr/libexec/valgrind/vgpreload_memcheck-amd64-linux.so)
==76077==    by 0x496C3A: semantic__register_builtins (in /mnt/c/Users/Juan/Documents/GitHub/Mapanare/mapanare/self/mnc-stage1)
==76077== 
==76077== 168 bytes in 1 blocks are indirectly lost in loss record 743 of 850
==76077==    at 0x484D953: calloc (in /usr/libexec/valgrind/vgpreload_memcheck-amd64-linux.so)
==76077==    by 0x496F2E: semantic__register_builtins (in /mnt/c/Users/Juan/Documents/GitHub/Mapanare/mapanare/self/mnc-stage1)
==76077== 
==76077== 168 bytes in 1 blocks are indirectly lost in loss record 744 of 850
==76077==    at 0x4846828: malloc (in /usr/libexec/valgrind/vgpreload_memcheck-amd64-linux.so)
==76077==    by 0x496FF3: semantic__register_builtins (in /mnt/c/Users/Juan/Documents/GitHub/Mapanare/mapanare/self/mnc-stage1)
==76077== 
==76077== 168 bytes in 1 blocks are indirectly lost in loss record 745 of 850
==76077==    at 0x484D953: calloc (in /usr/libexec/valgrind/vgpreload_memcheck-amd64-linux.so)
==76077==    by 0x4972E7: semantic__register_builtins (in /mnt/c/Users/Juan/Documents/GitHub/Mapanare/mapanare/self/mnc-stage1)
==76077== 
==76077== 168 bytes in 1 blocks are indirectly lost in loss record 746 of 850
==76077==    at 0x4846828: malloc (in /usr/libexec/valgrind/vgpreload_memcheck-amd64-linux.so)
==76077==    by 0x4973AC: semantic__register_builtins (in /mnt/c/Users/Juan/Documents/GitHub/Mapanare/mapanare/self/mnc-stage1)
==76077== 
==76077== 168 bytes in 1 blocks are indirectly lost in loss record 747 of 850
==76077==    at 0x484D953: calloc (in /usr/libexec/valgrind/vgpreload_memcheck-amd64-linux.so)
==76077==    by 0x4976A1: semantic__register_builtins (in /mnt/c/Users/Juan/Documents/GitHub/Mapanare/mapanare/self/mnc-stage1)
==76077== 
==76077== 168 bytes in 1 blocks are indirectly lost in loss record 748 of 850
==76077==    at 0x4846828: malloc (in /usr/libexec/valgrind/vgpreload_memcheck-amd64-linux.so)
==76077==    by 0x497766: semantic__register_builtins (in /mnt/c/Users/Juan/Documents/GitHub/Mapanare/mapanare/self/mnc-stage1)
==76077== 
==76077== 168 bytes in 1 blocks are indirectly lost in loss record 749 of 850
==76077==    at 0x484D953: calloc (in /usr/libexec/valgrind/vgpreload_memcheck-amd64-linux.so)
==76077==    by 0x497A5C: semantic__register_builtins (in /mnt/c/Users/Juan/Documents/GitHub/Mapanare/mapanare/self/mnc-stage1)
==76077== 
==76077== 168 bytes in 1 blocks are indirectly lost in loss record 750 of 850
==76077==    at 0x4846828: malloc (in /usr/libexec/valgrind/vgpreload_memcheck-amd64-linux.so)
==76077==    by 0x497B21: semantic__register_builtins (in /mnt/c/Users/Juan/Documents/GitHub/Mapanare/mapanare/self/mnc-stage1)
==76077== 
==76077== 168 bytes in 1 blocks are indirectly lost in loss record 751 of 850
==76077==    at 0x484D953: calloc (in /usr/libexec/valgrind/vgpreload_memcheck-amd64-linux.so)
==76077==    by 0x43AEBD: semantic__resolve_type_opt (in /mnt/c/Users/Juan/Documents/GitHub/Mapanare/mapanare/self/mnc-stage1)
==76077==    by 0x6A79CBF: ???
==76077== 
==76077== 168 bytes in 1 blocks are indirectly lost in loss record 752 of 850
==76077==    at 0x484D953: calloc (in /usr/libexec/valgrind/vgpreload_memcheck-amd64-linux.so)
==76077==    by 0x4740C5: semantic__check_for_stmt (in /mnt/c/Users/Juan/Documents/GitHub/Mapanare/mapanare/self/mnc-stage1)
==76077== 
==76077== 168 bytes in 1 blocks are definitely lost in loss record 753 of 850
==76077==    at 0x484D953: calloc (in /usr/libexec/valgrind/vgpreload_memcheck-amd64-linux.so)
==76077==    by 0x415BCF: compile (in /mnt/c/Users/Juan/Documents/GitHub/Mapanare/mapanare/self/mnc-stage1)
==76077== 
==76077== 168 bytes in 1 blocks are definitely lost in loss record 754 of 850
==76077==    at 0x484D953: calloc (in /usr/libexec/valgrind/vgpreload_memcheck-amd64-linux.so)
==76077==    by 0x43B78D: semantic__infer_expr (in /mnt/c/Users/Juan/Documents/GitHub/Mapanare/mapanare/self/mnc-stage1)
==76077== 
==76077== 168 bytes in 1 blocks are definitely lost in loss record 755 of 850
==76077==    at 0x484D953: calloc (in /usr/libexec/valgrind/vgpreload_memcheck-amd64-linux.so)
==76077==    by 0x43B478: semantic__infer_expr (in /mnt/c/Users/Juan/Documents/GitHub/Mapanare/mapanare/self/mnc-stage1)
==76077== 
==76077== 168 bytes in 1 blocks are definitely lost in loss record 756 of 850
==76077==    at 0x484D953: calloc (in /usr/libexec/valgrind/vgpreload_memcheck-amd64-linux.so)
==76077==    by 0x437669: semantic__make_type (in /mnt/c/Users/Juan/Documents/GitHub/Mapanare/mapanare/self/mnc-stage1)
==76077== 
==76077== 168 bytes in 1 blocks are definitely lost in loss record 757 of 850
==76077==    at 0x484D953: calloc (in /usr/libexec/valgrind/vgpreload_memcheck-amd64-linux.so)
==76077==    by 0x4525DC: semantic__check_arithmetic_binary (in /mnt/c/Users/Juan/Documents/GitHub/Mapanare/mapanare/self/mnc-stage1)
==76077== 
==76077== 168 bytes in 1 blocks are definitely lost in loss record 758 of 850
==76077==    at 0x484D953: calloc (in /usr/libexec/valgrind/vgpreload_memcheck-amd64-linux.so)
==76077==    by 0x45EA4D: semantic__check_assign_expr (in /mnt/c/Users/Juan/Documents/GitHub/Mapanare/mapanare/self/mnc-stage1)
==76077== 
==76077== 168 bytes in 1 blocks are definitely lost in loss record 759 of 850
==76077==    at 0x484D953: calloc (in /usr/libexec/valgrind/vgpreload_memcheck-amd64-linux.so)
==76077==    by 0x43AEBD: semantic__resolve_type_opt (in /mnt/c/Users/Juan/Documents/GitHub/Mapanare/mapanare/self/mnc-stage1)
==76077== 
==76077== 170 bytes in 2 blocks are indirectly lost in loss record 760 of 850
==76077==    at 0x484D953: calloc (in /usr/libexec/valgrind/vgpreload_memcheck-amd64-linux.so)
==76077==    by 0x723DE9: __mn_alloc (in /mnt/c/Users/Juan/Documents/GitHub/Mapanare/mapanare/self/mnc-stage1)
==76077==    by 0x7249CE: __mn_str_concat (in /mnt/c/Users/Juan/Documents/GitHub/Mapanare/mapanare/self/mnc-stage1)
==76077==    by 0x68D511: emit_llvm__declare_runtime_fn (in /mnt/c/Users/Juan/Documents/GitHub/Mapanare/mapanare/self/mnc-stage1)
==76077==    by 0x1: ???
==76077==    by 0x6AB1B0F: ???
==76077==    by 0xF: ???
==76077== 
==76077== 172 bytes in 3 blocks are indirectly lost in loss record 761 of 850
==76077==    at 0x484D953: calloc (in /usr/libexec/valgrind/vgpreload_memcheck-amd64-linux.so)
==76077==    by 0x723DE9: __mn_alloc (in /mnt/c/Users/Juan/Documents/GitHub/Mapanare/mapanare/self/mnc-stage1)
==76077==    by 0x7249CE: __mn_str_concat (in /mnt/c/Users/Juan/Documents/GitHub/Mapanare/mapanare/self/mnc-stage1)
==76077==    by 0x68D511: emit_llvm__declare_runtime_fn (in /mnt/c/Users/Juan/Documents/GitHub/Mapanare/mapanare/self/mnc-stage1)
==76077==    by 0x3: ???
==76077==    by 0x6AB1B0F: ???
==76077==    by 0xF: ???
==76077== 
==76077== 187 bytes in 3 blocks are indirectly lost in loss record 762 of 850
==76077==    at 0x484D953: calloc (in /usr/libexec/valgrind/vgpreload_memcheck-amd64-linux.so)
==76077==    by 0x723DE9: __mn_alloc (in /mnt/c/Users/Juan/Documents/GitHub/Mapanare/mapanare/self/mnc-stage1)
==76077==    by 0x7249CE: __mn_str_concat (in /mnt/c/Users/Juan/Documents/GitHub/Mapanare/mapanare/self/mnc-stage1)
==76077==    by 0x68D511: emit_llvm__declare_runtime_fn (in /mnt/c/Users/Juan/Documents/GitHub/Mapanare/mapanare/self/mnc-stage1)
==76077==    by 0x3: ???
==76077==    by 0x6ABC3FF: ???
==76077==    by 0xF: ???
==76077== 
==76077== 192 bytes in 4 blocks are indirectly lost in loss record 763 of 850
==76077==    at 0x4846828: malloc (in /usr/libexec/valgrind/vgpreload_memcheck-amd64-linux.so)
==76077==    by 0x431074: parser__parse_call_args (in /mnt/c/Users/Juan/Documents/GitHub/Mapanare/mapanare/self/mnc-stage1)
==76077==    by 0x6A8498F: ???
==76077==    by 0x48: ???
==76077==    by 0x7F: ???
==76077==    by 0x3F: ???
==76077== 
==76077== 192 bytes in 12 blocks are definitely lost in loss record 764 of 850
==76077==    at 0x4846828: malloc (in /usr/libexec/valgrind/vgpreload_memcheck-amd64-linux.so)
==76077==    by 0x728B99: __mn_range (in /mnt/c/Users/Juan/Documents/GitHub/Mapanare/mapanare/self/mnc-stage1)
==76077==    by 0x6BFBE1: emit_llvm__is_name_in_byref (in /mnt/c/Users/Juan/Documents/GitHub/Mapanare/mapanare/self/mnc-stage1)
==76077== 
==76077== 208 bytes in 27 blocks are indirectly lost in loss record 765 of 850
==76077==    at 0x484D953: calloc (in /usr/libexec/valgrind/vgpreload_memcheck-amd64-linux.so)
==76077==    by 0x723DE9: __mn_alloc (in /mnt/c/Users/Juan/Documents/GitHub/Mapanare/mapanare/self/mnc-stage1)
==76077==    by 0x7249CE: __mn_str_concat (in /mnt/c/Users/Juan/Documents/GitHub/Mapanare/mapanare/self/mnc-stage1)
==76077==    by 0x499B12: lower_state__fresh_tmp (in /mnt/c/Users/Juan/Documents/GitHub/Mapanare/mapanare/self/mnc-stage1)
==76077==    by 0xFFFFFFFFFFFF: ???
==76077== 
==76077== 219 bytes in 7 blocks are indirectly lost in loss record 766 of 850
==76077==    at 0x484D953: calloc (in /usr/libexec/valgrind/vgpreload_memcheck-amd64-linux.so)
==76077==    by 0x723DE9: __mn_alloc (in /mnt/c/Users/Juan/Documents/GitHub/Mapanare/mapanare/self/mnc-stage1)
==76077==    by 0x7249CE: __mn_str_concat (in /mnt/c/Users/Juan/Documents/GitHub/Mapanare/mapanare/self/mnc-stage1)
==76077==    by 0x6A2C1D: emit_llvm__emit_mir_by_kind (in /mnt/c/Users/Juan/Documents/GitHub/Mapanare/mapanare/self/mnc-stage1)
==76077== 
==76077== 222 (144 direct, 78 indirect) bytes in 1 blocks are definitely lost in loss record 767 of 850
==76077==    at 0x484D953: calloc (in /usr/libexec/valgrind/vgpreload_memcheck-amd64-linux.so)
==76077==    by 0x723DE9: __mn_alloc (in /mnt/c/Users/Juan/Documents/GitHub/Mapanare/mapanare/self/mnc-stage1)
==76077==    by 0x725AFA: __mn_list_push (in /mnt/c/Users/Juan/Documents/GitHub/Mapanare/mapanare/self/mnc-stage1)
==76077==    by 0x414DD2: resolve_imports (in /mnt/c/Users/Juan/Documents/GitHub/Mapanare/mapanare/self/mnc-stage1)
==76077==    by 0x6A73667: ???
==76077==    by 0x48: ???
==76077== 
==76077== 240 bytes in 15 blocks are definitely lost in loss record 768 of 850
==76077==    at 0x4846828: malloc (in /usr/libexec/valgrind/vgpreload_memcheck-amd64-linux.so)
==76077==    by 0x728B99: __mn_range (in /mnt/c/Users/Juan/Documents/GitHub/Mapanare/mapanare/self/mnc-stage1)
==76077==    by 0x437E86: semantic__scope_lookup (in /mnt/c/Users/Juan/Documents/GitHub/Mapanare/mapanare/self/mnc-stage1)
==76077== 
==76077== 250 bytes in 3 blocks are indirectly lost in loss record 769 of 850
==76077==    at 0x484D953: calloc (in /usr/libexec/valgrind/vgpreload_memcheck-amd64-linux.so)
==76077==    by 0x723DE9: __mn_alloc (in /mnt/c/Users/Juan/Documents/GitHub/Mapanare/mapanare/self/mnc-stage1)
==76077==    by 0x7249CE: __mn_str_concat (in /mnt/c/Users/Juan/Documents/GitHub/Mapanare/mapanare/self/mnc-stage1)
==76077==    by 0x68D511: emit_llvm__declare_runtime_fn (in /mnt/c/Users/Juan/Documents/GitHub/Mapanare/mapanare/self/mnc-stage1)
==76077==    by 0x18: ???
==76077==    by 0x6AB547F: ???
==76077==    by 0xF: ???
==76077== 
==76077== 256 bytes in 1 blocks are indirectly lost in loss record 770 of 850
==76077==    at 0x4846828: malloc (in /usr/libexec/valgrind/vgpreload_memcheck-amd64-linux.so)
==76077==    by 0x51DC0F: lower__lower_for (in /mnt/c/Users/Juan/Documents/GitHub/Mapanare/mapanare/self/mnc-stage1)
==76077==    by 0x8000000000000008: ???
==76077==    by 0x73BE6F: ??? (in /mnt/c/Users/Juan/Documents/GitHub/Mapanare/mapanare/self/mnc-stage1)
==76077==    by 0x3: ???
==76077==    by 0x1: ???
==76077== 
==76077== 256 bytes in 1 blocks are indirectly lost in loss record 771 of 850
==76077==    at 0x4846828: malloc (in /usr/libexec/valgrind/vgpreload_memcheck-amd64-linux.so)
==76077==    by 0x579534: lower__lower_binary (in /mnt/c/Users/Juan/Documents/GitHub/Mapanare/mapanare/self/mnc-stage1)
==76077== 
==76077== 256 bytes in 1 blocks are indirectly lost in loss record 772 of 850
==76077==    at 0x4846828: malloc (in /usr/libexec/valgrind/vgpreload_memcheck-amd64-linux.so)
==76077==    by 0x528D56: lower__lower_for (in /mnt/c/Users/Juan/Documents/GitHub/Mapanare/mapanare/self/mnc-stage1)
==76077== 
==76077== 272 bytes in 1 blocks are indirectly lost in loss record 773 of 850
==76077==    at 0x484D953: calloc (in /usr/libexec/valgrind/vgpreload_memcheck-amd64-linux.so)
==76077==    by 0x723DE9: __mn_alloc (in /mnt/c/Users/Juan/Documents/GitHub/Mapanare/mapanare/self/mnc-stage1)
==76077==    by 0x725BBF: __mn_list_push (in /mnt/c/Users/Juan/Documents/GitHub/Mapanare/mapanare/self/mnc-stage1)
==76077==    by 0x49D5DD: lower_state__emit_instr (in /mnt/c/Users/Juan/Documents/GitHub/Mapanare/mapanare/self/mnc-stage1)
==76077==    by 0x1: ???
==76077==    by 0x7: ???
==76077== 
==76077== 272 bytes in 1 blocks are indirectly lost in loss record 774 of 850
==76077==    at 0x484D953: calloc (in /usr/libexec/valgrind/vgpreload_memcheck-amd64-linux.so)
==76077==    by 0x723DE9: __mn_alloc (in /mnt/c/Users/Juan/Documents/GitHub/Mapanare/mapanare/self/mnc-stage1)
==76077==    by 0x725BBF: __mn_list_push (in /mnt/c/Users/Juan/Documents/GitHub/Mapanare/mapanare/self/mnc-stage1)
==76077==    by 0x689AB0: emit_llvm__build_internal_struct_list (in /mnt/c/Users/Juan/Documents/GitHub/Mapanare/mapanare/self/mnc-stage1)
==76077==    by 0xF: ???
==76077== 
==76077== 272 bytes in 1 blocks are indirectly lost in loss record 775 of 850
==76077==    at 0x484D953: calloc (in /usr/libexec/valgrind/vgpreload_memcheck-amd64-linux.so)
==76077==    by 0x723DE9: __mn_alloc (in /mnt/c/Users/Juan/Documents/GitHub/Mapanare/mapanare/self/mnc-stage1)
==76077==    by 0x725BBF: __mn_list_push (in /mnt/c/Users/Juan/Documents/GitHub/Mapanare/mapanare/self/mnc-stage1)
==76077==    by 0x689D47: emit_llvm__build_internal_struct_list (in /mnt/c/Users/Juan/Documents/GitHub/Mapanare/mapanare/self/mnc-stage1)
==76077==    by 0xF: ???
==76077== 
==76077== 272 bytes in 1 blocks are indirectly lost in loss record 776 of 850
==76077==    at 0x484D953: calloc (in /usr/libexec/valgrind/vgpreload_memcheck-amd64-linux.so)
==76077==    by 0x723DE9: __mn_alloc (in /mnt/c/Users/Juan/Documents/GitHub/Mapanare/mapanare/self/mnc-stage1)
==76077==    by 0x725BBF: __mn_list_push (in /mnt/c/Users/Juan/Documents/GitHub/Mapanare/mapanare/self/mnc-stage1)
==76077==    by 0x68A05F: emit_llvm__build_internal_struct_list (in /mnt/c/Users/Juan/Documents/GitHub/Mapanare/mapanare/self/mnc-stage1)
==76077==    by 0xF: ???
==76077== 
==76077== 272 bytes in 2 blocks are indirectly lost in loss record 777 of 850
==76077==    at 0x4846828: malloc (in /usr/libexec/valgrind/vgpreload_memcheck-amd64-linux.so)
==76077==    by 0x5CE1E5: lower__lower_call_by_name (in /mnt/c/Users/Juan/Documents/GitHub/Mapanare/mapanare/self/mnc-stage1)
==76077==    by 0x6A9DF0F: ???
==76077== 
==76077== 272 bytes in 2 blocks are indirectly lost in loss record 778 of 850
==76077==    at 0x4846828: malloc (in /usr/libexec/valgrind/vgpreload_memcheck-amd64-linux.so)
==76077==    by 0x5A9239: lower__lower_call_by_name (in /mnt/c/Users/Juan/Documents/GitHub/Mapanare/mapanare/self/mnc-stage1)
==76077== 
==76077== 277 bytes in 4 blocks are indirectly lost in loss record 779 of 850
==76077==    at 0x484D953: calloc (in /usr/libexec/valgrind/vgpreload_memcheck-amd64-linux.so)
==76077==    by 0x723DE9: __mn_alloc (in /mnt/c/Users/Juan/Documents/GitHub/Mapanare/mapanare/self/mnc-stage1)
==76077==    by 0x7249CE: __mn_str_concat (in /mnt/c/Users/Juan/Documents/GitHub/Mapanare/mapanare/self/mnc-stage1)
==76077==    by 0x68D511: emit_llvm__declare_runtime_fn (in /mnt/c/Users/Juan/Documents/GitHub/Mapanare/mapanare/self/mnc-stage1)
==76077==    by 0x2: ???
==76077==    by 0x6AB1B0F: ???
==76077==    by 0xF: ???
==76077== 
==76077== 284 bytes in 5 blocks are indirectly lost in loss record 780 of 850
==76077==    at 0x484D953: calloc (in /usr/libexec/valgrind/vgpreload_memcheck-amd64-linux.so)
==76077==    by 0x723DE9: __mn_alloc (in /mnt/c/Users/Juan/Documents/GitHub/Mapanare/mapanare/self/mnc-stage1)
==76077==    by 0x7249CE: __mn_str_concat (in /mnt/c/Users/Juan/Documents/GitHub/Mapanare/mapanare/self/mnc-stage1)
==76077==    by 0x68D511: emit_llvm__declare_runtime_fn (in /mnt/c/Users/Juan/Documents/GitHub/Mapanare/mapanare/self/mnc-stage1)
==76077==    by 0x3: ???
==76077==    by 0x6AB547F: ???
==76077==    by 0xF: ???
==76077== 
==76077== 288 bytes in 2 blocks are indirectly lost in loss record 781 of 850
==76077==    at 0x4846828: malloc (in /usr/libexec/valgrind/vgpreload_memcheck-amd64-linux.so)
==76077==    by 0x4CE573: lower__bind_fn_params (in /mnt/c/Users/Juan/Documents/GitHub/Mapanare/mapanare/self/mnc-stage1)
==76077== 
==76077== 288 bytes in 2 blocks are indirectly lost in loss record 782 of 850
==76077==    at 0x484D953: calloc (in /usr/libexec/valgrind/vgpreload_memcheck-amd64-linux.so)
==76077==    by 0x723DE9: __mn_alloc (in /mnt/c/Users/Juan/Documents/GitHub/Mapanare/mapanare/self/mnc-stage1)
==76077==    by 0x725AFA: __mn_list_push (in /mnt/c/Users/Juan/Documents/GitHub/Mapanare/mapanare/self/mnc-stage1)
==76077==    by 0x49D5DD: lower_state__emit_instr (in /mnt/c/Users/Juan/Documents/GitHub/Mapanare/mapanare/self/mnc-stage1)
==76077==    by 0x7: ???
==76077==    by 0x37: ???
==76077== 
==76077== 288 bytes in 2 blocks are indirectly lost in loss record 783 of 850
==76077==    at 0x484D953: calloc (in /usr/libexec/valgrind/vgpreload_memcheck-amd64-linux.so)
==76077==    by 0x723DE9: __mn_alloc (in /mnt/c/Users/Juan/Documents/GitHub/Mapanare/mapanare/self/mnc-stage1)
==76077==    by 0x725AFA: __mn_list_push (in /mnt/c/Users/Juan/Documents/GitHub/Mapanare/mapanare/self/mnc-stage1)
==76077==    by 0x67B6A8: mir_opt__const_prop_function (in /mnt/c/Users/Juan/Documents/GitHub/Mapanare/mapanare/self/mnc-stage1)
==76077== 
==76077== 288 bytes in 2 blocks are definitely lost in loss record 784 of 850
==76077==    at 0x484D953: calloc (in /usr/libexec/valgrind/vgpreload_memcheck-amd64-linux.so)
==76077==    by 0x723DE9: __mn_alloc (in /mnt/c/Users/Juan/Documents/GitHub/Mapanare/mapanare/self/mnc-stage1)
==76077==    by 0x725AFA: __mn_list_push (in /mnt/c/Users/Juan/Documents/GitHub/Mapanare/mapanare/self/mnc-stage1)
==76077==    by 0x678F74: mir_opt__constant_fold_block (in /mnt/c/Users/Juan/Documents/GitHub/Mapanare/mapanare/self/mnc-stage1)
==76077== 
==76077== 288 bytes in 2 blocks are definitely lost in loss record 785 of 850
==76077==    at 0x484D953: calloc (in /usr/libexec/valgrind/vgpreload_memcheck-amd64-linux.so)
==76077==    by 0x723DE9: __mn_alloc (in /mnt/c/Users/Juan/Documents/GitHub/Mapanare/mapanare/self/mnc-stage1)
==76077==    by 0x725AFA: __mn_list_push (in /mnt/c/Users/Juan/Documents/GitHub/Mapanare/mapanare/self/mnc-stage1)
==76077==    by 0x67BEE3: mir_opt__collect_targets (in /mnt/c/Users/Juan/Documents/GitHub/Mapanare/mapanare/self/mnc-stage1)
==76077==    by 0x1101: ???
==76077==    by 0x5: ???
==76077==    by 0x73C0AF: ??? (in /mnt/c/Users/Juan/Documents/GitHub/Mapanare/mapanare/self/mnc-stage1)
==76077== 
==76077== 288 bytes in 2 blocks are definitely lost in loss record 786 of 850
==76077==    at 0x484D953: calloc (in /usr/libexec/valgrind/vgpreload_memcheck-amd64-linux.so)
==76077==    by 0x723DE9: __mn_alloc (in /mnt/c/Users/Juan/Documents/GitHub/Mapanare/mapanare/self/mnc-stage1)
==76077==    by 0x725AFA: __mn_list_push (in /mnt/c/Users/Juan/Documents/GitHub/Mapanare/mapanare/self/mnc-stage1)
==76077==    by 0x67BE83: mir_opt__collect_targets (in /mnt/c/Users/Juan/Documents/GitHub/Mapanare/mapanare/self/mnc-stage1)
==76077== 
==76077== 289 bytes in 1 blocks are definitely lost in loss record 787 of 850
==76077==    at 0x484D953: calloc (in /usr/libexec/valgrind/vgpreload_memcheck-amd64-linux.so)
==76077==    by 0x723DE9: __mn_alloc (in /mnt/c/Users/Juan/Documents/GitHub/Mapanare/mapanare/self/mnc-stage1)
==76077==    by 0x7266C3: __mn_file_read (in /mnt/c/Users/Juan/Documents/GitHub/Mapanare/mapanare/self/mnc-stage1)
==76077==    by 0x728A47: __mn_file_read_or_empty (in /mnt/c/Users/Juan/Documents/GitHub/Mapanare/mapanare/self/mnc-stage1)
==76077==    by 0x418E28: mn_main (in /mnt/c/Users/Juan/Documents/GitHub/Mapanare/mapanare/self/mnc-stage1)
==76077==    by 0x4989A63: clone (clone.S:100)
==76077== 
==76077== 290 (144 direct, 146 indirect) bytes in 1 blocks are definitely lost in loss record 788 of 850
==76077==    at 0x484D953: calloc (in /usr/libexec/valgrind/vgpreload_memcheck-amd64-linux.so)
==76077==    by 0x723DE9: __mn_alloc (in /mnt/c/Users/Juan/Documents/GitHub/Mapanare/mapanare/self/mnc-stage1)
==76077==    by 0x725AFA: __mn_list_push (in /mnt/c/Users/Juan/Documents/GitHub/Mapanare/mapanare/self/mnc-stage1)
==76077==    by 0x6AB732: emit_llvm__emit_const (in /mnt/c/Users/Juan/Documents/GitHub/Mapanare/mapanare/self/mnc-stage1)
==76077== 
==76077== 300 bytes in 4 blocks are indirectly lost in loss record 789 of 850
==76077==    at 0x484D953: calloc (in /usr/libexec/valgrind/vgpreload_memcheck-amd64-linux.so)
==76077==    by 0x723DE9: __mn_alloc (in /mnt/c/Users/Juan/Documents/GitHub/Mapanare/mapanare/self/mnc-stage1)
==76077==    by 0x7249CE: __mn_str_concat (in /mnt/c/Users/Juan/Documents/GitHub/Mapanare/mapanare/self/mnc-stage1)
==76077==    by 0x68D511: emit_llvm__declare_runtime_fn (in /mnt/c/Users/Juan/Documents/GitHub/Mapanare/mapanare/self/mnc-stage1)
==76077==    by 0x2: ???
==76077==    by 0x6AB046F: ???
==76077==    by 0xF: ???
==76077== 
==76077== 318 bytes in 159 blocks are definitely lost in loss record 790 of 850
==76077==    at 0x484D953: calloc (in /usr/libexec/valgrind/vgpreload_memcheck-amd64-linux.so)
==76077==    by 0x723DE9: __mn_alloc (in /mnt/c/Users/Juan/Documents/GitHub/Mapanare/mapanare/self/mnc-stage1)
==76077==    by 0x7245AB: __mn_str_from_parts (in /mnt/c/Users/Juan/Documents/GitHub/Mapanare/mapanare/self/mnc-stage1)
==76077==    by 0x42244E: lexer__tokenize (in /mnt/c/Users/Juan/Documents/GitHub/Mapanare/mapanare/self/mnc-stage1)
==76077== 
==76077== 320 bytes in 2 blocks are indirectly lost in loss record 791 of 850
==76077==    at 0x4846828: malloc (in /usr/libexec/valgrind/vgpreload_memcheck-amd64-linux.so)
==76077==    by 0x4CF084: lower__bind_fn_params (in /mnt/c/Users/Juan/Documents/GitHub/Mapanare/mapanare/self/mnc-stage1)
==76077== 
==76077== 326 (272 direct, 54 indirect) bytes in 1 blocks are definitely lost in loss record 792 of 850
==76077==    at 0x484D953: calloc (in /usr/libexec/valgrind/vgpreload_memcheck-amd64-linux.so)
==76077==    by 0x723DE9: __mn_alloc (in /mnt/c/Users/Juan/Documents/GitHub/Mapanare/mapanare/self/mnc-stage1)
==76077==    by 0x725AFA: __mn_list_push (in /mnt/c/Users/Juan/Documents/GitHub/Mapanare/mapanare/self/mnc-stage1)
==76077==    by 0x4B78AD: lower__register_definition (in /mnt/c/Users/Juan/Documents/GitHub/Mapanare/mapanare/self/mnc-stage1)
==76077== 
==76077== 336 bytes in 2 blocks are indirectly lost in loss record 793 of 850
==76077==    at 0x4846828: malloc (in /usr/libexec/valgrind/vgpreload_memcheck-amd64-linux.so)
==76077==    by 0x477EA4: semantic__register_def (in /mnt/c/Users/Juan/Documents/GitHub/Mapanare/mapanare/self/mnc-stage1)
==76077== 
==76077== 336 bytes in 2 blocks are indirectly lost in loss record 794 of 850
==76077==    at 0x484D953: calloc (in /usr/libexec/valgrind/vgpreload_memcheck-amd64-linux.so)
==76077==    by 0x43B78D: semantic__infer_expr (in /mnt/c/Users/Juan/Documents/GitHub/Mapanare/mapanare/self/mnc-stage1)
==76077== 
==76077== 336 bytes in 2 blocks are indirectly lost in loss record 795 of 850
==76077==    at 0x484D953: calloc (in /usr/libexec/valgrind/vgpreload_memcheck-amd64-linux.so)
==76077==    by 0x43B478: semantic__infer_expr (in /mnt/c/Users/Juan/Documents/GitHub/Mapanare/mapanare/self/mnc-stage1)
==76077== 
==76077== 344 bytes in 5 blocks are indirectly lost in loss record 796 of 850
==76077==    at 0x484D953: calloc (in /usr/libexec/valgrind/vgpreload_memcheck-amd64-linux.so)
==76077==    by 0x723DE9: __mn_alloc (in /mnt/c/Users/Juan/Documents/GitHub/Mapanare/mapanare/self/mnc-stage1)
==76077==    by 0x7249CE: __mn_str_concat (in /mnt/c/Users/Juan/Documents/GitHub/Mapanare/mapanare/self/mnc-stage1)
==76077==    by 0x68D511: emit_llvm__declare_runtime_fn (in /mnt/c/Users/Juan/Documents/GitHub/Mapanare/mapanare/self/mnc-stage1)
==76077==    by 0x9: ???
==76077==    by 0x6AB1B0F: ???
==76077==    by 0xF: ???
==76077== 
==76077== 362 bytes in 9 blocks are indirectly lost in loss record 797 of 850
==76077==    at 0x484D953: calloc (in /usr/libexec/valgrind/vgpreload_memcheck-amd64-linux.so)
==76077==    by 0x723DE9: __mn_alloc (in /mnt/c/Users/Juan/Documents/GitHub/Mapanare/mapanare/self/mnc-stage1)
==76077==    by 0x7249CE: __mn_str_concat (in /mnt/c/Users/Juan/Documents/GitHub/Mapanare/mapanare/self/mnc-stage1)
==76077==    by 0x6CF7C4: emit_llvm__emit_store (in /mnt/c/Users/Juan/Documents/GitHub/Mapanare/mapanare/self/mnc-stage1)
==76077== 
==76077== 423 bytes in 9 blocks are indirectly lost in loss record 798 of 850
==76077==    at 0x484D953: calloc (in /usr/libexec/valgrind/vgpreload_memcheck-amd64-linux.so)
==76077==    by 0x723DE9: __mn_alloc (in /mnt/c/Users/Juan/Documents/GitHub/Mapanare/mapanare/self/mnc-stage1)
==76077==    by 0x7249CE: __mn_str_concat (in /mnt/c/Users/Juan/Documents/GitHub/Mapanare/mapanare/self/mnc-stage1)
==76077==    by 0x6CE754: emit_llvm__emit_load (in /mnt/c/Users/Juan/Documents/GitHub/Mapanare/mapanare/self/mnc-stage1)
==76077== 
==76077== 427 bytes in 6 blocks are indirectly lost in loss record 799 of 850
==76077==    at 0x484D953: calloc (in /usr/libexec/valgrind/vgpreload_memcheck-amd64-linux.so)
==76077==    by 0x723DE9: __mn_alloc (in /mnt/c/Users/Juan/Documents/GitHub/Mapanare/mapanare/self/mnc-stage1)
==76077==    by 0x7249CE: __mn_str_concat (in /mnt/c/Users/Juan/Documents/GitHub/Mapanare/mapanare/self/mnc-stage1)
==76077==    by 0x68D511: emit_llvm__declare_runtime_fn (in /mnt/c/Users/Juan/Documents/GitHub/Mapanare/mapanare/self/mnc-stage1)
==76077==    by 0x9: ???
==76077==    by 0x6AB547F: ???
==76077==    by 0xF: ???
==76077== 
==76077== 432 bytes in 3 blocks are indirectly lost in loss record 800 of 850
==76077==    at 0x4846828: malloc (in /usr/libexec/valgrind/vgpreload_memcheck-amd64-linux.so)
==76077==    by 0x4EBE65: lower__lower_let (in /mnt/c/Users/Juan/Documents/GitHub/Mapanare/mapanare/self/mnc-stage1)
==76077==    by 0x5: ???
==76077== 
==76077== 448 bytes in 28 blocks are definitely lost in loss record 801 of 850
==76077==    at 0x4846828: malloc (in /usr/libexec/valgrind/vgpreload_memcheck-amd64-linux.so)
==76077==    by 0x728B99: __mn_range (in /mnt/c/Users/Juan/Documents/GitHub/Mapanare/mapanare/self/mnc-stage1)
==76077==    by 0x69C37B: emit_llvm__is_enum_type (in /mnt/c/Users/Juan/Documents/GitHub/Mapanare/mapanare/self/mnc-stage1)
==76077== 
==76077== 464 bytes in 1 blocks are indirectly lost in loss record 802 of 850
==76077==    at 0x484D953: calloc (in /usr/libexec/valgrind/vgpreload_memcheck-amd64-linux.so)
==76077==    by 0x723DE9: __mn_alloc (in /mnt/c/Users/Juan/Documents/GitHub/Mapanare/mapanare/self/mnc-stage1)
==76077==    by 0x725AFA: __mn_list_push (in /mnt/c/Users/Juan/Documents/GitHub/Mapanare/mapanare/self/mnc-stage1)
==76077==    by 0x67B7BB: mir_opt__const_prop_function (in /mnt/c/Users/Juan/Documents/GitHub/Mapanare/mapanare/self/mnc-stage1)
==76077== 
==76077== 464 bytes in 1 blocks are indirectly lost in loss record 803 of 850
==76077==    at 0x484D953: calloc (in /usr/libexec/valgrind/vgpreload_memcheck-amd64-linux.so)
==76077==    by 0x723DE9: __mn_alloc (in /mnt/c/Users/Juan/Documents/GitHub/Mapanare/mapanare/self/mnc-stage1)
==76077==    by 0x725AFA: __mn_list_push (in /mnt/c/Users/Juan/Documents/GitHub/Mapanare/mapanare/self/mnc-stage1)
==76077==    by 0x67EE51: mir_opt__dead_block_elim_function (in /mnt/c/Users/Juan/Documents/GitHub/Mapanare/mapanare/self/mnc-stage1)
==76077==    by 0xF: ???
==76077== 
==76077== 480 bytes in 3 blocks are indirectly lost in loss record 804 of 850
==76077==    at 0x4846828: malloc (in /usr/libexec/valgrind/vgpreload_memcheck-amd64-linux.so)
==76077==    by 0x546678: lower__lower_expr (in /mnt/c/Users/Juan/Documents/GitHub/Mapanare/mapanare/self/mnc-stage1)
==76077== 
==76077== 480 bytes in 3 blocks are indirectly lost in loss record 805 of 850
==76077==    at 0x4846828: malloc (in /usr/libexec/valgrind/vgpreload_memcheck-amd64-linux.so)
==76077==    by 0x4EEA49: lower__lower_let (in /mnt/c/Users/Juan/Documents/GitHub/Mapanare/mapanare/self/mnc-stage1)
==76077==    by 0x5: ???
==76077== 
==76077== 480 bytes in 3 blocks are indirectly lost in loss record 806 of 850
==76077==    at 0x4846828: malloc (in /usr/libexec/valgrind/vgpreload_memcheck-amd64-linux.so)
==76077==    by 0x542D4C: lower__lower_expr (in /mnt/c/Users/Juan/Documents/GitHub/Mapanare/mapanare/self/mnc-stage1)
==76077== 
==76077== 488 bytes in 8 blocks are indirectly lost in loss record 807 of 850
==76077==    at 0x484D953: calloc (in /usr/libexec/valgrind/vgpreload_memcheck-amd64-linux.so)
==76077==    by 0x723DE9: __mn_alloc (in /mnt/c/Users/Juan/Documents/GitHub/Mapanare/mapanare/self/mnc-stage1)
==76077==    by 0x7249CE: __mn_str_concat (in /mnt/c/Users/Juan/Documents/GitHub/Mapanare/mapanare/self/mnc-stage1)
==76077==    by 0x68D511: emit_llvm__declare_runtime_fn (in /mnt/c/Users/Juan/Documents/GitHub/Mapanare/mapanare/self/mnc-stage1)
==76077==    by 0x2: ???
==76077==    by 0x6AB547F: ???
==76077==    by 0xF: ???
==76077== 
==76077== 504 bytes in 3 blocks are definitely lost in loss record 808 of 850
==76077==    at 0x484D953: calloc (in /usr/libexec/valgrind/vgpreload_memcheck-amd64-linux.so)
==76077==    by 0x439E73: semantic__resolve_type_expr (in /mnt/c/Users/Juan/Documents/GitHub/Mapanare/mapanare/self/mnc-stage1)
==76077== 
==76077== 532 bytes in 6 blocks are indirectly lost in loss record 809 of 850
==76077==    at 0x484D953: calloc (in /usr/libexec/valgrind/vgpreload_memcheck-amd64-linux.so)
==76077==    by 0x723DE9: __mn_alloc (in /mnt/c/Users/Juan/Documents/GitHub/Mapanare/mapanare/self/mnc-stage1)
==76077==    by 0x7249CE: __mn_str_concat (in /mnt/c/Users/Juan/Documents/GitHub/Mapanare/mapanare/self/mnc-stage1)
==76077==    by 0x68D511: emit_llvm__declare_runtime_fn (in /mnt/c/Users/Juan/Documents/GitHub/Mapanare/mapanare/self/mnc-stage1)
==76077==    by 0x18: ???
==76077==    by 0x6ABC3FF: ???
==76077==    by 0xF: ???
==76077== 
==76077== 544 bytes in 2 blocks are indirectly lost in loss record 810 of 850
==76077==    at 0x4846828: malloc (in /usr/libexec/valgrind/vgpreload_memcheck-amd64-linux.so)
==76077==    by 0x42797A: parser__parse_fn_body (in /mnt/c/Users/Juan/Documents/GitHub/Mapanare/mapanare/self/mnc-stage1)
==76077== 
==76077== 544 bytes in 2 blocks are indirectly lost in loss record 811 of 850
==76077==    at 0x484D953: calloc (in /usr/libexec/valgrind/vgpreload_memcheck-amd64-linux.so)
==76077==    by 0x723DE9: __mn_alloc (in /mnt/c/Users/Juan/Documents/GitHub/Mapanare/mapanare/self/mnc-stage1)
==76077==    by 0x725BBF: __mn_list_push (in /mnt/c/Users/Juan/Documents/GitHub/Mapanare/mapanare/self/mnc-stage1)
==76077==    by 0x49D5DD: lower_state__emit_instr (in /mnt/c/Users/Juan/Documents/GitHub/Mapanare/mapanare/self/mnc-stage1)
==76077==    by 0x7: ???
==76077==    by 0x37: ???
==76077== 
==76077== 544 bytes in 34 blocks are definitely lost in loss record 812 of 850
==76077==    at 0x4846828: malloc (in /usr/libexec/valgrind/vgpreload_memcheck-amd64-linux.so)
==76077==    by 0x728B99: __mn_range (in /mnt/c/Users/Juan/Documents/GitHub/Mapanare/mapanare/self/mnc-stage1)
==76077==    by 0x41FA11: lexer__scan_ident (in /mnt/c/Users/Juan/Documents/GitHub/Mapanare/mapanare/self/mnc-stage1)
==76077== 
==76077== 576 bytes in 4 blocks are indirectly lost in loss record 813 of 850
==76077==    at 0x484D953: calloc (in /usr/libexec/valgrind/vgpreload_memcheck-amd64-linux.so)
==76077==    by 0x723DE9: __mn_alloc (in /mnt/c/Users/Juan/Documents/GitHub/Mapanare/mapanare/self/mnc-stage1)
==76077==    by 0x725AFA: __mn_list_push (in /mnt/c/Users/Juan/Documents/GitHub/Mapanare/mapanare/self/mnc-stage1)
==76077==    by 0x430E0E: parser__parse_call_args (in /mnt/c/Users/Juan/Documents/GitHub/Mapanare/mapanare/self/mnc-stage1)
==76077==    by 0x6A8498F: ???
==76077==    by 0x48: ???
==76077==    by 0x7F: ???
==76077==    by 0x3F: ???
==76077== 
==76077== 576 bytes in 4 blocks are definitely lost in loss record 814 of 850
==76077==    at 0x484D953: calloc (in /usr/libexec/valgrind/vgpreload_memcheck-amd64-linux.so)
==76077==    by 0x723DE9: __mn_alloc (in /mnt/c/Users/Juan/Documents/GitHub/Mapanare/mapanare/self/mnc-stage1)
==76077==    by 0x725AFA: __mn_list_push (in /mnt/c/Users/Juan/Documents/GitHub/Mapanare/mapanare/self/mnc-stage1)
==76077==    by 0x67BE83: mir_opt__collect_targets (in /mnt/c/Users/Juan/Documents/GitHub/Mapanare/mapanare/self/mnc-stage1)
==76077==    by 0x1101: ???
==76077==    by 0x3: ???
==76077==    by 0x73C0A7: ??? (in /mnt/c/Users/Juan/Documents/GitHub/Mapanare/mapanare/self/mnc-stage1)
==76077== 
==76077== 592 bytes in 1 blocks are indirectly lost in loss record 815 of 850
==76077==    at 0x484D953: calloc (in /usr/libexec/valgrind/vgpreload_memcheck-amd64-linux.so)
==76077==    by 0x723DE9: __mn_alloc (in /mnt/c/Users/Juan/Documents/GitHub/Mapanare/mapanare/self/mnc-stage1)
==76077==    by 0x725AFA: __mn_list_push (in /mnt/c/Users/Juan/Documents/GitHub/Mapanare/mapanare/self/mnc-stage1)
==76077==    by 0x42728E: parser__parse_fn_params (in /mnt/c/Users/Juan/Documents/GitHub/Mapanare/mapanare/self/mnc-stage1)
==76077==    by 0x3F: ???
==76077==    by 0x2: ???
==76077==    by 0x7521FF: ??? (in /mnt/c/Users/Juan/Documents/GitHub/Mapanare/mapanare/self/mnc-stage1)
==76077== 
==76077== 656 bytes in 1 blocks are indirectly lost in loss record 816 of 850
==76077==    at 0x484D953: calloc (in /usr/libexec/valgrind/vgpreload_memcheck-amd64-linux.so)
==76077==    by 0x723DE9: __mn_alloc (in /mnt/c/Users/Juan/Documents/GitHub/Mapanare/mapanare/self/mnc-stage1)
==76077==    by 0x725AFA: __mn_list_push (in /mnt/c/Users/Juan/Documents/GitHub/Mapanare/mapanare/self/mnc-stage1)
==76077==    by 0x4CD0DE: lower__build_mir_params (in /mnt/c/Users/Juan/Documents/GitHub/Mapanare/mapanare/self/mnc-stage1)
==76077== 
==76077== 656 bytes in 1 blocks are indirectly lost in loss record 817 of 850
==76077==    at 0x484D953: calloc (in /usr/libexec/valgrind/vgpreload_memcheck-amd64-linux.so)
==76077==    by 0x723DE9: __mn_alloc (in /mnt/c/Users/Juan/Documents/GitHub/Mapanare/mapanare/self/mnc-stage1)
==76077==    by 0x725AFA: __mn_list_push (in /mnt/c/Users/Juan/Documents/GitHub/Mapanare/mapanare/self/mnc-stage1)
==76077==    by 0x5FDB77: lower__lower_range (in /mnt/c/Users/Juan/Documents/GitHub/Mapanare/mapanare/self/mnc-stage1)
==76077== 
==76077== 656 bytes in 1 blocks are indirectly lost in loss record 818 of 850
==76077==    at 0x484D953: calloc (in /usr/libexec/valgrind/vgpreload_memcheck-amd64-linux.so)
==76077==    by 0x723DE9: __mn_alloc (in /mnt/c/Users/Juan/Documents/GitHub/Mapanare/mapanare/self/mnc-stage1)
==76077==    by 0x725AFA: __mn_list_push (in /mnt/c/Users/Juan/Documents/GitHub/Mapanare/mapanare/self/mnc-stage1)
==76077==    by 0x514AF2: lower__lower_for (in /mnt/c/Users/Juan/Documents/GitHub/Mapanare/mapanare/self/mnc-stage1)
==76077==    by 0x800000000000004C: ???
==76077== 
==76077== 656 bytes in 1 blocks are indirectly lost in loss record 819 of 850
==76077==    at 0x484D953: calloc (in /usr/libexec/valgrind/vgpreload_memcheck-amd64-linux.so)
==76077==    by 0x723DE9: __mn_alloc (in /mnt/c/Users/Juan/Documents/GitHub/Mapanare/mapanare/self/mnc-stage1)
==76077==    by 0x725AFA: __mn_list_push (in /mnt/c/Users/Juan/Documents/GitHub/Mapanare/mapanare/self/mnc-stage1)
==76077==    by 0x516307: lower__lower_for (in /mnt/c/Users/Juan/Documents/GitHub/Mapanare/mapanare/self/mnc-stage1)
==76077==    by 0x800000000000004C: ???
==76077==    by 0x7: ???
==76077== 
==76077== 768 bytes in 3 blocks are indirectly lost in loss record 820 of 850
==76077==    at 0x4846828: malloc (in /usr/libexec/valgrind/vgpreload_memcheck-amd64-linux.so)
==76077==    by 0x67A5D8: mir_opt__propagate_in_instruction (in /mnt/c/Users/Juan/Documents/GitHub/Mapanare/mapanare/self/mnc-stage1)
==76077== 
==76077== 816 bytes in 3 blocks are indirectly lost in loss record 821 of 850
==76077==    at 0x484D953: calloc (in /usr/libexec/valgrind/vgpreload_memcheck-amd64-linux.so)
==76077==    by 0x723DE9: __mn_alloc (in /mnt/c/Users/Juan/Documents/GitHub/Mapanare/mapanare/self/mnc-stage1)
==76077==    by 0x725BBF: __mn_list_push (in /mnt/c/Users/Juan/Documents/GitHub/Mapanare/mapanare/self/mnc-stage1)
==76077==    by 0x67B6A8: mir_opt__const_prop_function (in /mnt/c/Users/Juan/Documents/GitHub/Mapanare/mapanare/self/mnc-stage1)
==76077== 
==76077== 816 bytes in 3 blocks are definitely lost in loss record 822 of 850
==76077==    at 0x484D953: calloc (in /usr/libexec/valgrind/vgpreload_memcheck-amd64-linux.so)
==76077==    by 0x723DE9: __mn_alloc (in /mnt/c/Users/Juan/Documents/GitHub/Mapanare/mapanare/self/mnc-stage1)
==76077==    by 0x725BBF: __mn_list_push (in /mnt/c/Users/Juan/Documents/GitHub/Mapanare/mapanare/self/mnc-stage1)
==76077==    by 0x678F74: mir_opt__constant_fold_block (in /mnt/c/Users/Juan/Documents/GitHub/Mapanare/mapanare/self/mnc-stage1)
==76077== 
==76077== 848 bytes in 1 blocks are definitely lost in loss record 823 of 850
==76077==    at 0x484D953: calloc (in /usr/libexec/valgrind/vgpreload_memcheck-amd64-linux.so)
==76077==    by 0x723DE9: __mn_alloc (in /mnt/c/Users/Juan/Documents/GitHub/Mapanare/mapanare/self/mnc-stage1)
==76077==    by 0x725AFA: __mn_list_push (in /mnt/c/Users/Juan/Documents/GitHub/Mapanare/mapanare/self/mnc-stage1)
==76077==    by 0x4CFF4F: lower__bind_fn_params (in /mnt/c/Users/Juan/Documents/GitHub/Mapanare/mapanare/self/mnc-stage1)
==76077== 
==76077== 848 bytes in 1 blocks are definitely lost in loss record 824 of 850
==76077==    at 0x484D953: calloc (in /usr/libexec/valgrind/vgpreload_memcheck-amd64-linux.so)
==76077==    by 0x723DE9: __mn_alloc (in /mnt/c/Users/Juan/Documents/GitHub/Mapanare/mapanare/self/mnc-stage1)
==76077==    by 0x725AFA: __mn_list_push (in /mnt/c/Users/Juan/Documents/GitHub/Mapanare/mapanare/self/mnc-stage1)
==76077==    by 0x49EEB4: lower_state__lower_pop_scope (in /mnt/c/Users/Juan/Documents/GitHub/Mapanare/mapanare/self/mnc-stage1)
==76077==    by 0xB: ???
==76077==    by 0x1000000000002: ???
==76077==    by 0x6A9E4DF: ???
==76077==    by 0x3: ???
==76077==    by 0x7: ???
==76077==    by 0x67: ???
==76077== 
==76077== 848 bytes in 1 blocks are definitely lost in loss record 825 of 850
==76077==    at 0x484D953: calloc (in /usr/libexec/valgrind/vgpreload_memcheck-amd64-linux.so)
==76077==    by 0x723DE9: __mn_alloc (in /mnt/c/Users/Juan/Documents/GitHub/Mapanare/mapanare/self/mnc-stage1)
==76077==    by 0x725AFA: __mn_list_push (in /mnt/c/Users/Juan/Documents/GitHub/Mapanare/mapanare/self/mnc-stage1)
==76077==    by 0x49EEB4: lower_state__lower_pop_scope (in /mnt/c/Users/Juan/Documents/GitHub/Mapanare/mapanare/self/mnc-stage1)
==76077==    by 0xB: ???
==76077==    by 0x1000000000002: ???
==76077==    by 0x6AA171F: ???
==76077==    by 0x3: ???
==76077==    by 0x7: ???
==76077==    by 0x67: ???
==76077== 
==76077== 848 bytes in 1 blocks are definitely lost in loss record 826 of 850
==76077==    at 0x484D953: calloc (in /usr/libexec/valgrind/vgpreload_memcheck-amd64-linux.so)
==76077==    by 0x723DE9: __mn_alloc (in /mnt/c/Users/Juan/Documents/GitHub/Mapanare/mapanare/self/mnc-stage1)
==76077==    by 0x725AFA: __mn_list_push (in /mnt/c/Users/Juan/Documents/GitHub/Mapanare/mapanare/self/mnc-stage1)
==76077==    by 0x49EEB4: lower_state__lower_pop_scope (in /mnt/c/Users/Juan/Documents/GitHub/Mapanare/mapanare/self/mnc-stage1)
==76077==    by 0x11: ???
==76077==    by 0x1000000000002: ???
==76077==    by 0x6AA1AFF: ???
==76077==    by 0x3: ???
==76077==    by 0x7: ???
==76077==    by 0x67: ???
==76077== 
==76077== 848 bytes in 1 blocks are definitely lost in loss record 827 of 850
==76077==    at 0x484D953: calloc (in /usr/libexec/valgrind/vgpreload_memcheck-amd64-linux.so)
==76077==    by 0x723DE9: __mn_alloc (in /mnt/c/Users/Juan/Documents/GitHub/Mapanare/mapanare/self/mnc-stage1)
==76077==    by 0x725AFA: __mn_list_push (in /mnt/c/Users/Juan/Documents/GitHub/Mapanare/mapanare/self/mnc-stage1)
==76077==    by 0x4EFA15: lower__lower_let (in /mnt/c/Users/Juan/Documents/GitHub/Mapanare/mapanare/self/mnc-stage1)
==76077== 
==76077== 851 bytes in 12 blocks are indirectly lost in loss record 828 of 850
==76077==    at 0x484D953: calloc (in /usr/libexec/valgrind/vgpreload_memcheck-amd64-linux.so)
==76077==    by 0x723DE9: __mn_alloc (in /mnt/c/Users/Juan/Documents/GitHub/Mapanare/mapanare/self/mnc-stage1)
==76077==    by 0x7249CE: __mn_str_concat (in /mnt/c/Users/Juan/Documents/GitHub/Mapanare/mapanare/self/mnc-stage1)
==76077==    by 0x68D511: emit_llvm__declare_runtime_fn (in /mnt/c/Users/Juan/Documents/GitHub/Mapanare/mapanare/self/mnc-stage1)
==76077==    by 0x9: ???
==76077==    by 0x6ABC3FF: ???
==76077==    by 0xF: ???
==76077== 
==76077== 880 (592 direct, 288 indirect) bytes in 1 blocks are definitely lost in loss record 829 of 850
==76077==    at 0x484D953: calloc (in /usr/libexec/valgrind/vgpreload_memcheck-amd64-linux.so)
==76077==    by 0x723DE9: __mn_alloc (in /mnt/c/Users/Juan/Documents/GitHub/Mapanare/mapanare/self/mnc-stage1)
==76077==    by 0x725AFA: __mn_list_push (in /mnt/c/Users/Juan/Documents/GitHub/Mapanare/mapanare/self/mnc-stage1)
==76077==    by 0x7226FC: emit_llvm__emit_mir_module (in /mnt/c/Users/Juan/Documents/GitHub/Mapanare/mapanare/self/mnc-stage1)
==76077==    by 0x3F: ???
==76077== 
==76077== 928 bytes in 2 blocks are indirectly lost in loss record 830 of 850
==76077==    at 0x484D953: calloc (in /usr/libexec/valgrind/vgpreload_memcheck-amd64-linux.so)
==76077==    by 0x723DE9: __mn_alloc (in /mnt/c/Users/Juan/Documents/GitHub/Mapanare/mapanare/self/mnc-stage1)
==76077==    by 0x725AFA: __mn_list_push (in /mnt/c/Users/Juan/Documents/GitHub/Mapanare/mapanare/self/mnc-stage1)
==76077==    by 0x4D2313: lower__lower_fn (in /mnt/c/Users/Juan/Documents/GitHub/Mapanare/mapanare/self/mnc-stage1)
==76077== 
==76077== 928 bytes in 2 blocks are definitely lost in loss record 831 of 850
==76077==    at 0x484D953: calloc (in /usr/libexec/valgrind/vgpreload_memcheck-amd64-linux.so)
==76077==    by 0x723DE9: __mn_alloc (in /mnt/c/Users/Juan/Documents/GitHub/Mapanare/mapanare/self/mnc-stage1)
==76077==    by 0x725AFA: __mn_list_push (in /mnt/c/Users/Juan/Documents/GitHub/Mapanare/mapanare/self/mnc-stage1)
==76077==    by 0x679476: mir_opt__constant_fold_function (in /mnt/c/Users/Juan/Documents/GitHub/Mapanare/mapanare/self/mnc-stage1)
==76077==    by 0xF: ???
==76077== 
==76077== 960 bytes in 6 blocks are indirectly lost in loss record 832 of 850
==76077==    at 0x4846828: malloc (in /usr/libexec/valgrind/vgpreload_memcheck-amd64-linux.so)
==76077==    by 0x56ADD0: lower__lower_identifier (in /mnt/c/Users/Juan/Documents/GitHub/Mapanare/mapanare/self/mnc-stage1)
==76077== 
==76077== 1,008 bytes in 6 blocks are indirectly lost in loss record 833 of 850
==76077==    at 0x484D953: calloc (in /usr/libexec/valgrind/vgpreload_memcheck-amd64-linux.so)
==76077==    by 0x439E73: semantic__resolve_type_expr (in /mnt/c/Users/Juan/Documents/GitHub/Mapanare/mapanare/self/mnc-stage1)
==76077== 
==76077== 1,534 bytes in 23 blocks are indirectly lost in loss record 834 of 850
==76077==    at 0x484D953: calloc (in /usr/libexec/valgrind/vgpreload_memcheck-amd64-linux.so)
==76077==    by 0x723DE9: __mn_alloc (in /mnt/c/Users/Juan/Documents/GitHub/Mapanare/mapanare/self/mnc-stage1)
==76077==    by 0x7249CE: __mn_str_concat (in /mnt/c/Users/Juan/Documents/GitHub/Mapanare/mapanare/self/mnc-stage1)
==76077==    by 0x68D511: emit_llvm__declare_runtime_fn (in /mnt/c/Users/Juan/Documents/GitHub/Mapanare/mapanare/self/mnc-stage1)
==76077==    by 0x2: ???
==76077==    by 0x6ABC3FF: ???
==76077==    by 0xF: ???
==76077== 
==76077== 1,616 bytes in 1 blocks are indirectly lost in loss record 835 of 850
==76077==    at 0x484D953: calloc (in /usr/libexec/valgrind/vgpreload_memcheck-amd64-linux.so)
==76077==    by 0x723DE9: __mn_alloc (in /mnt/c/Users/Juan/Documents/GitHub/Mapanare/mapanare/self/mnc-stage1)
==76077==    by 0x725AFA: __mn_list_push (in /mnt/c/Users/Juan/Documents/GitHub/Mapanare/mapanare/self/mnc-stage1)
==76077==    by 0x481C1A: semantic__check_fn_body (in /mnt/c/Users/Juan/Documents/GitHub/Mapanare/mapanare/self/mnc-stage1)
==76077== 
==76077== 1,784 (1,616 direct, 168 indirect) bytes in 1 blocks are definitely lost in loss record 836 of 850
==76077==    at 0x484D953: calloc (in /usr/libexec/valgrind/vgpreload_memcheck-amd64-linux.so)
==76077==    by 0x723DE9: __mn_alloc (in /mnt/c/Users/Juan/Documents/GitHub/Mapanare/mapanare/self/mnc-stage1)
==76077==    by 0x725AFA: __mn_list_push (in /mnt/c/Users/Juan/Documents/GitHub/Mapanare/mapanare/self/mnc-stage1)
==76077==    by 0x474556: semantic__check_for_stmt (in /mnt/c/Users/Juan/Documents/GitHub/Mapanare/mapanare/self/mnc-stage1)
==76077== 
==76077== 1,952 (1,616 direct, 336 indirect) bytes in 1 blocks are definitely lost in loss record 837 of 850
==76077==    at 0x484D953: calloc (in /usr/libexec/valgrind/vgpreload_memcheck-amd64-linux.so)
==76077==    by 0x723DE9: __mn_alloc (in /mnt/c/Users/Juan/Documents/GitHub/Mapanare/mapanare/self/mnc-stage1)
==76077==    by 0x725AFA: __mn_list_push (in /mnt/c/Users/Juan/Documents/GitHub/Mapanare/mapanare/self/mnc-stage1)
==76077==    by 0x473755: semantic__check_let_stmt (in /mnt/c/Users/Juan/Documents/GitHub/Mapanare/mapanare/self/mnc-stage1)
==76077== 
==76077== 2,064 (464 direct, 1,600 indirect) bytes in 1 blocks are definitely lost in loss record 838 of 850
==76077==    at 0x484D953: calloc (in /usr/libexec/valgrind/vgpreload_memcheck-amd64-linux.so)
==76077==    by 0x723DE9: __mn_alloc (in /mnt/c/Users/Juan/Documents/GitHub/Mapanare/mapanare/self/mnc-stage1)
==76077==    by 0x725AFA: __mn_list_push (in /mnt/c/Users/Juan/Documents/GitHub/Mapanare/mapanare/self/mnc-stage1)
==76077==    by 0x67B7BB: mir_opt__const_prop_function (in /mnt/c/Users/Juan/Documents/GitHub/Mapanare/mapanare/self/mnc-stage1)
==76077== 
==76077== 2,232 (56 direct, 2,176 indirect) bytes in 1 blocks are definitely lost in loss record 839 of 850
==76077==    at 0x4846828: malloc (in /usr/libexec/valgrind/vgpreload_memcheck-amd64-linux.so)
==76077==    by 0x473FED: semantic__check_for_stmt (in /mnt/c/Users/Juan/Documents/GitHub/Mapanare/mapanare/self/mnc-stage1)
==76077== 
==76077== 2,624 bytes in 4 blocks are indirectly lost in loss record 840 of 850
==76077==    at 0x484D953: calloc (in /usr/libexec/valgrind/vgpreload_memcheck-amd64-linux.so)
==76077==    by 0x723DE9: __mn_alloc (in /mnt/c/Users/Juan/Documents/GitHub/Mapanare/mapanare/self/mnc-stage1)
==76077==    by 0x725AFA: __mn_list_push (in /mnt/c/Users/Juan/Documents/GitHub/Mapanare/mapanare/self/mnc-stage1)
==76077==    by 0x58198E: lower__lower_call (in /mnt/c/Users/Juan/Documents/GitHub/Mapanare/mapanare/self/mnc-stage1)
==76077== 
==76077== 2,880 (1,680 direct, 1,200 indirect) bytes in 1 blocks are definitely lost in loss record 841 of 850
==76077==    at 0x484D953: calloc (in /usr/libexec/valgrind/vgpreload_memcheck-amd64-linux.so)
==76077==    by 0x723DE9: __mn_alloc (in /mnt/c/Users/Juan/Documents/GitHub/Mapanare/mapanare/self/mnc-stage1)
==76077==    by 0x725AFA: __mn_list_push (in /mnt/c/Users/Juan/Documents/GitHub/Mapanare/mapanare/self/mnc-stage1)
==76077==    by 0x686B39: mir_opt__optimize_mir (in /mnt/c/Users/Juan/Documents/GitHub/Mapanare/mapanare/self/mnc-stage1)
==76077==    by 0x6AA2D5F: ???
==76077==    by 0x800000000000004C: ???
==76077==    by 0x6A74317: ???
==76077== 
==76077== 3,440 (144 direct, 3,296 indirect) bytes in 1 blocks are definitely lost in loss record 842 of 850
==76077==    at 0x484D953: calloc (in /usr/libexec/valgrind/vgpreload_memcheck-amd64-linux.so)
==76077==    by 0x723DE9: __mn_alloc (in /mnt/c/Users/Juan/Documents/GitHub/Mapanare/mapanare/self/mnc-stage1)
==76077==    by 0x725AFA: __mn_list_push (in /mnt/c/Users/Juan/Documents/GitHub/Mapanare/mapanare/self/mnc-stage1)
==76077==    by 0x423E21: parser__parse (in /mnt/c/Users/Juan/Documents/GitHub/Mapanare/mapanare/self/mnc-stage1)
==76077== 
==76077== 5,856 (5,184 direct, 672 indirect) bytes in 4 blocks are definitely lost in loss record 843 of 850
==76077==    at 0x484D953: calloc (in /usr/libexec/valgrind/vgpreload_memcheck-amd64-linux.so)
==76077==    by 0x723DE9: __mn_alloc (in /mnt/c/Users/Juan/Documents/GitHub/Mapanare/mapanare/self/mnc-stage1)
==76077==    by 0x725AFA: __mn_list_push (in /mnt/c/Users/Juan/Documents/GitHub/Mapanare/mapanare/self/mnc-stage1)
==76077==    by 0x459466: semantic__check_call_expr (in /mnt/c/Users/Juan/Documents/GitHub/Mapanare/mapanare/self/mnc-stage1)
==76077== 
==76077== 7,520 (3,600 direct, 3,920 indirect) bytes in 1 blocks are definitely lost in loss record 844 of 850
==76077==    at 0x484D953: calloc (in /usr/libexec/valgrind/vgpreload_memcheck-amd64-linux.so)
==76077==    by 0x723DE9: __mn_alloc (in /mnt/c/Users/Juan/Documents/GitHub/Mapanare/mapanare/self/mnc-stage1)
==76077==    by 0x725BBF: __mn_list_push (in /mnt/c/Users/Juan/Documents/GitHub/Mapanare/mapanare/self/mnc-stage1)
==76077==    by 0x68BA04: emit_llvm__build_internal_struct_list (in /mnt/c/Users/Juan/Documents/GitHub/Mapanare/mapanare/self/mnc-stage1)
==76077==    by 0x3: ???
==76077==    by 0x7: ???
==76077==    by 0x6AAEC9F: ???
==76077==    by 0x7: ???
==76077==    by 0xF: ???
==76077== 
==76077== 8,407 (8,208 direct, 199 indirect) bytes in 1 blocks are definitely lost in loss record 845 of 850
==76077==    at 0x484D953: calloc (in /usr/libexec/valgrind/vgpreload_memcheck-amd64-linux.so)
==76077==    by 0x723DE9: __mn_alloc (in /mnt/c/Users/Juan/Documents/GitHub/Mapanare/mapanare/self/mnc-stage1)
==76077==    by 0x725BBF: __mn_list_push (in /mnt/c/Users/Juan/Documents/GitHub/Mapanare/mapanare/self/mnc-stage1)
==76077==    by 0x4229EF: lexer__tokenize (in /mnt/c/Users/Juan/Documents/GitHub/Mapanare/mapanare/self/mnc-stage1)
==76077== 
==76077== 9,931 bytes in 1 blocks are definitely lost in loss record 846 of 850
==76077==    at 0x484D953: calloc (in /usr/libexec/valgrind/vgpreload_memcheck-amd64-linux.so)
==76077==    by 0x723DE9: __mn_alloc (in /mnt/c/Users/Juan/Documents/GitHub/Mapanare/mapanare/self/mnc-stage1)
==76077==    by 0x725918: __mn_str_join (in /mnt/c/Users/Juan/Documents/GitHub/Mapanare/mapanare/self/mnc-stage1)
==76077==    by 0x72373A: emit_llvm__emit_mir_module (in /mnt/c/Users/Juan/Documents/GitHub/Mapanare/mapanare/self/mnc-stage1)
==76077==    by 0x11: ???
==76077== 
==76077== 12,816 bytes in 1 blocks are indirectly lost in loss record 847 of 850
==76077==    at 0x484D953: calloc (in /usr/libexec/valgrind/vgpreload_memcheck-amd64-linux.so)
==76077==    by 0x723DE9: __mn_alloc (in /mnt/c/Users/Juan/Documents/GitHub/Mapanare/mapanare/self/mnc-stage1)
==76077==    by 0x725BBF: __mn_list_push (in /mnt/c/Users/Juan/Documents/GitHub/Mapanare/mapanare/self/mnc-stage1)
==76077==    by 0x491898: semantic__register_builtins (in /mnt/c/Users/Juan/Documents/GitHub/Mapanare/mapanare/self/mnc-stage1)
==76077== 
==76077== 13,396 (4,112 direct, 9,284 indirect) bytes in 1 blocks are definitely lost in loss record 848 of 850
==76077==    at 0x484D953: calloc (in /usr/libexec/valgrind/vgpreload_memcheck-amd64-linux.so)
==76077==    by 0x723DE9: __mn_alloc (in /mnt/c/Users/Juan/Documents/GitHub/Mapanare/mapanare/self/mnc-stage1)
==76077==    by 0x725BBF: __mn_list_push (in /mnt/c/Users/Juan/Documents/GitHub/Mapanare/mapanare/self/mnc-stage1)
==76077==    by 0x68C90E: emit_llvm__emit_line (in /mnt/c/Users/Juan/Documents/GitHub/Mapanare/mapanare/self/mnc-stage1)
==76077== 
==76077== 16,346 (1,680 direct, 14,666 indirect) bytes in 1 blocks are definitely lost in loss record 849 of 850
==76077==    at 0x484D953: calloc (in /usr/libexec/valgrind/vgpreload_memcheck-amd64-linux.so)
==76077==    by 0x723DE9: __mn_alloc (in /mnt/c/Users/Juan/Documents/GitHub/Mapanare/mapanare/self/mnc-stage1)
==76077==    by 0x725AFA: __mn_list_push (in /mnt/c/Users/Juan/Documents/GitHub/Mapanare/mapanare/self/mnc-stage1)
==76077==    by 0x4D6372: lower__lower_fn (in /mnt/c/Users/Juan/Documents/GitHub/Mapanare/mapanare/self/mnc-stage1)
==76077== 
==76077== 33,816 (112 direct, 33,704 indirect) bytes in 2 blocks are definitely lost in loss record 850 of 850
==76077==    at 0x4846828: malloc (in /usr/libexec/valgrind/vgpreload_memcheck-amd64-linux.so)
==76077==    by 0x48175A: semantic__check_fn_body (in /mnt/c/Users/Juan/Documents/GitHub/Mapanare/mapanare/self/mnc-stage1)
==76077== 
==76077== LEAK SUMMARY:
==76077==    definitely lost: 56,549 bytes in 933 blocks
==76077==    indirectly lost: 71,787 bytes in 561 blocks
==76077==      possibly lost: 0 bytes in 0 blocks
==76077==    still reachable: 0 bytes in 0 blocks
==76077==         suppressed: 0 bytes in 0 blocks
==76077== 
==76077== For lists of detected and suppressed errors, rerun with: -s
==76077== ERROR SUMMARY: 0 errors from 0 contexts (suppressed: 0 from 0)
