==76769== Memcheck, a memory error detector
==76769== Copyright (C) 2002-2022, and GNU GPL'd, by Julian Seward et al.
==76769== Using Valgrind-3.22.0 and LibVEX; rerun with -h for copyright info
==76769== Command: /mnt/c/Users/Juan/Documents/GitHub/Mapanare/mapanare/self/mnc-stage1 /mnt/c/Users/Juan/Documents/GitHub/Mapanare/tests/golden/26_generics.mn -o /tmp/v4_135_valgrind/26_generics.ll
==76769== 
==76769== Thread 2:
==76769== Conditional jump or move depends on uninitialised value(s)
==76769==    at 0x59F518: lower__monomorphize_impl_methods (in /mnt/c/Users/Juan/Documents/GitHub/Mapanare/mapanare/self/mnc-stage1)
==76769==  Uninitialised value was created by a stack allocation
==76769==    at 0x595CEA: lower__try_monomorphize_struct (in /mnt/c/Users/Juan/Documents/GitHub/Mapanare/mapanare/self/mnc-stage1)
==76769== 
==76769== Conditional jump or move depends on uninitialised value(s)
==76769==    at 0x499D5C: lower_state__fresh_tmp (in /mnt/c/Users/Juan/Documents/GitHub/Mapanare/mapanare/self/mnc-stage1)
==76769==    by 0x1000000000003: ???
==76769==    by 0x6AB581F: ???
==76769==    by 0x73ECC7: ??? (in /mnt/c/Users/Juan/Documents/GitHub/Mapanare/mapanare/self/mnc-stage1)
==76769==  Uninitialised value was created by a stack allocation
==76769==    at 0x595CEA: lower__try_monomorphize_struct (in /mnt/c/Users/Juan/Documents/GitHub/Mapanare/mapanare/self/mnc-stage1)
==76769== 
==76769== Conditional jump or move depends on uninitialised value(s)
==76769==    at 0x499FDA: lower_state__fresh_tmp (in /mnt/c/Users/Juan/Documents/GitHub/Mapanare/mapanare/self/mnc-stage1)
==76769==    by 0x1000000000003: ???
==76769==    by 0x6AB581F: ???
==76769==    by 0x73ECC7: ??? (in /mnt/c/Users/Juan/Documents/GitHub/Mapanare/mapanare/self/mnc-stage1)
==76769==  Uninitialised value was created by a stack allocation
==76769==    at 0x595CEA: lower__try_monomorphize_struct (in /mnt/c/Users/Juan/Documents/GitHub/Mapanare/mapanare/self/mnc-stage1)
==76769== 
==76769== Conditional jump or move depends on uninitialised value(s)
==76769==    at 0x4EFCD4: lower__lower_let (in /mnt/c/Users/Juan/Documents/GitHub/Mapanare/mapanare/self/mnc-stage1)
==76769==  Uninitialised value was created by a stack allocation
==76769==    at 0x595CEA: lower__try_monomorphize_struct (in /mnt/c/Users/Juan/Documents/GitHub/Mapanare/mapanare/self/mnc-stage1)
==76769== 
==76769== Conditional jump or move depends on uninitialised value(s)
==76769==    at 0x4EFEB7: lower__lower_let (in /mnt/c/Users/Juan/Documents/GitHub/Mapanare/mapanare/self/mnc-stage1)
==76769==  Uninitialised value was created by a stack allocation
==76769==    at 0x595CEA: lower__try_monomorphize_struct (in /mnt/c/Users/Juan/Documents/GitHub/Mapanare/mapanare/self/mnc-stage1)
==76769== 
==76769== Conditional jump or move depends on uninitialised value(s)
==76769==    at 0x4F0088: lower__lower_let (in /mnt/c/Users/Juan/Documents/GitHub/Mapanare/mapanare/self/mnc-stage1)
==76769==  Uninitialised value was created by a stack allocation
==76769==    at 0x595CEA: lower__try_monomorphize_struct (in /mnt/c/Users/Juan/Documents/GitHub/Mapanare/mapanare/self/mnc-stage1)
==76769== 
==76769== Conditional jump or move depends on uninitialised value(s)
==76769==    at 0x499D5C: lower_state__fresh_tmp (in /mnt/c/Users/Juan/Documents/GitHub/Mapanare/mapanare/self/mnc-stage1)
==76769==    by 0xFFFFFFFFFFFF: ???
==76769==    by 0x6AB581F: ???
==76769==    by 0x73ECC7: ??? (in /mnt/c/Users/Juan/Documents/GitHub/Mapanare/mapanare/self/mnc-stage1)
==76769==  Uninitialised value was created by a stack allocation
==76769==    at 0x595CEA: lower__try_monomorphize_struct (in /mnt/c/Users/Juan/Documents/GitHub/Mapanare/mapanare/self/mnc-stage1)
==76769== 
==76769== Conditional jump or move depends on uninitialised value(s)
==76769==    at 0x499FDA: lower_state__fresh_tmp (in /mnt/c/Users/Juan/Documents/GitHub/Mapanare/mapanare/self/mnc-stage1)
==76769==    by 0xFFFFFFFFFFFF: ???
==76769==    by 0x6AB581F: ???
==76769==    by 0x73ECC7: ??? (in /mnt/c/Users/Juan/Documents/GitHub/Mapanare/mapanare/self/mnc-stage1)
==76769==  Uninitialised value was created by a stack allocation
==76769==    at 0x595CEA: lower__try_monomorphize_struct (in /mnt/c/Users/Juan/Documents/GitHub/Mapanare/mapanare/self/mnc-stage1)
==76769== 
==76769== 
==76769== HEAP SUMMARY:
==76769==     in use at exit: 191,012 bytes in 2,127 blocks
==76769==   total heap usage: 3,423 allocs, 1,296 frees, 283,666 bytes allocated
==76769== 
==76769== Thread 1:
==76769== 2 bytes in 1 blocks are definitely lost in loss record 1 of 950
==76769==    at 0x484D953: calloc (in /usr/libexec/valgrind/vgpreload_memcheck-amd64-linux.so)
==76769==    by 0x723DE9: __mn_alloc (in /mnt/c/Users/Juan/Documents/GitHub/Mapanare/mapanare/self/mnc-stage1)
==76769==    by 0x7245AB: __mn_str_from_parts (in /mnt/c/Users/Juan/Documents/GitHub/Mapanare/mapanare/self/mnc-stage1)
==76769==    by 0x41FA6B: lexer__scan_ident (in /mnt/c/Users/Juan/Documents/GitHub/Mapanare/mapanare/self/mnc-stage1)
==76769==    by 0x6A7915F: ???
==76769==    by 0x8000000000000000: ???
==76769==    by 0x6A733D7: ???
==76769== 
==76769== 2 bytes in 1 blocks are definitely lost in loss record 2 of 950
==76769==    at 0x484D953: calloc (in /usr/libexec/valgrind/vgpreload_memcheck-amd64-linux.so)
==76769==    by 0x723DE9: __mn_alloc (in /mnt/c/Users/Juan/Documents/GitHub/Mapanare/mapanare/self/mnc-stage1)
==76769==    by 0x7245AB: __mn_str_from_parts (in /mnt/c/Users/Juan/Documents/GitHub/Mapanare/mapanare/self/mnc-stage1)
==76769==    by 0x41FA6B: lexer__scan_ident (in /mnt/c/Users/Juan/Documents/GitHub/Mapanare/mapanare/self/mnc-stage1)
==76769==    by 0x6A791FF: ???
==76769==    by 0x8000000000000001: ???
==76769==    by 0x6A733D7: ???
==76769== 
==76769== 2 bytes in 1 blocks are definitely lost in loss record 3 of 950
==76769==    at 0x484D953: calloc (in /usr/libexec/valgrind/vgpreload_memcheck-amd64-linux.so)
==76769==    by 0x723DE9: __mn_alloc (in /mnt/c/Users/Juan/Documents/GitHub/Mapanare/mapanare/self/mnc-stage1)
==76769==    by 0x7245AB: __mn_str_from_parts (in /mnt/c/Users/Juan/Documents/GitHub/Mapanare/mapanare/self/mnc-stage1)
==76769==    by 0x41FA6B: lexer__scan_ident (in /mnt/c/Users/Juan/Documents/GitHub/Mapanare/mapanare/self/mnc-stage1)
==76769==    by 0x6A7962F: ???
==76769==    by 0x8000000000000000: ???
==76769==    by 0x6A733D7: ???
==76769==    by 0x3: ???
==76769==    by 0x2: ???
==76769==    by 0x6A7751F: ???
==76769==    by 0x8000000000000000: ???
==76769==    by 0x3: ???
==76769==    by 0x51: ???
==76769== 
==76769== 2 bytes in 1 blocks are definitely lost in loss record 4 of 950
==76769==    at 0x484D953: calloc (in /usr/libexec/valgrind/vgpreload_memcheck-amd64-linux.so)
==76769==    by 0x723DE9: __mn_alloc (in /mnt/c/Users/Juan/Documents/GitHub/Mapanare/mapanare/self/mnc-stage1)
==76769==    by 0x7245AB: __mn_str_from_parts (in /mnt/c/Users/Juan/Documents/GitHub/Mapanare/mapanare/self/mnc-stage1)
==76769==    by 0x41FA6B: lexer__scan_ident (in /mnt/c/Users/Juan/Documents/GitHub/Mapanare/mapanare/self/mnc-stage1)
==76769==    by 0x6A796CF: ???
==76769==    by 0x8000000000000001: ???
==76769==    by 0x6A733D7: ???
==76769==    by 0x3: ???
==76769==    by 0x2: ???
==76769==    by 0x6A7751F: ???
==76769==    by 0x8000000000000000: ???
==76769==    by 0x3: ???
==76769==    by 0x51: ???
==76769== 
==76769== 2 bytes in 1 blocks are definitely lost in loss record 5 of 950
==76769==    at 0x484D953: calloc (in /usr/libexec/valgrind/vgpreload_memcheck-amd64-linux.so)
==76769==    by 0x723DE9: __mn_alloc (in /mnt/c/Users/Juan/Documents/GitHub/Mapanare/mapanare/self/mnc-stage1)
==76769==    by 0x7245AB: __mn_str_from_parts (in /mnt/c/Users/Juan/Documents/GitHub/Mapanare/mapanare/self/mnc-stage1)
==76769==    by 0x41FA6B: lexer__scan_ident (in /mnt/c/Users/Juan/Documents/GitHub/Mapanare/mapanare/self/mnc-stage1)
==76769==    by 0x6A7976F: ???
==76769==    by 0x8000000000000002: ???
==76769==    by 0x6A733D7: ???
==76769==    by 0x3: ???
==76769==    by 0x2: ???
==76769==    by 0x6A7751F: ???
==76769==    by 0x8000000000000000: ???
==76769==    by 0x3: ???
==76769==    by 0x51: ???
==76769== 
==76769== 2 bytes in 1 blocks are definitely lost in loss record 6 of 950
==76769==    at 0x484D953: calloc (in /usr/libexec/valgrind/vgpreload_memcheck-amd64-linux.so)
==76769==    by 0x723DE9: __mn_alloc (in /mnt/c/Users/Juan/Documents/GitHub/Mapanare/mapanare/self/mnc-stage1)
==76769==    by 0x7245AB: __mn_str_from_parts (in /mnt/c/Users/Juan/Documents/GitHub/Mapanare/mapanare/self/mnc-stage1)
==76769==    by 0x41FA6B: lexer__scan_ident (in /mnt/c/Users/Juan/Documents/GitHub/Mapanare/mapanare/self/mnc-stage1)
==76769==    by 0x6A7980F: ???
==76769==    by 0x8000000000000003: ???
==76769==    by 0x6A733D7: ???
==76769==    by 0x3: ???
==76769==    by 0x2: ???
==76769==    by 0x6A7751F: ???
==76769==    by 0x8000000000000000: ???
==76769==    by 0x3: ???
==76769==    by 0x51: ???
==76769== 
==76769== 2 bytes in 1 blocks are definitely lost in loss record 7 of 950
==76769==    at 0x484D953: calloc (in /usr/libexec/valgrind/vgpreload_memcheck-amd64-linux.so)
==76769==    by 0x723DE9: __mn_alloc (in /mnt/c/Users/Juan/Documents/GitHub/Mapanare/mapanare/self/mnc-stage1)
==76769==    by 0x7245AB: __mn_str_from_parts (in /mnt/c/Users/Juan/Documents/GitHub/Mapanare/mapanare/self/mnc-stage1)
==76769==    by 0x41FA6B: lexer__scan_ident (in /mnt/c/Users/Juan/Documents/GitHub/Mapanare/mapanare/self/mnc-stage1)
==76769==    by 0x6A798AF: ???
==76769==    by 0x8000000000000004: ???
==76769==    by 0x6A733D7: ???
==76769==    by 0x3: ???
==76769==    by 0x2: ???
==76769==    by 0x6A7751F: ???
==76769==    by 0x8000000000000000: ???
==76769==    by 0x3: ???
==76769==    by 0x51: ???
==76769== 
==76769== 2 bytes in 1 blocks are definitely lost in loss record 8 of 950
==76769==    at 0x484D953: calloc (in /usr/libexec/valgrind/vgpreload_memcheck-amd64-linux.so)
==76769==    by 0x723DE9: __mn_alloc (in /mnt/c/Users/Juan/Documents/GitHub/Mapanare/mapanare/self/mnc-stage1)
==76769==    by 0x7245AB: __mn_str_from_parts (in /mnt/c/Users/Juan/Documents/GitHub/Mapanare/mapanare/self/mnc-stage1)
==76769==    by 0x41FA6B: lexer__scan_ident (in /mnt/c/Users/Juan/Documents/GitHub/Mapanare/mapanare/self/mnc-stage1)
==76769==    by 0x6A7994F: ???
==76769==    by 0x8000000000000005: ???
==76769==    by 0x6A733D7: ???
==76769==    by 0x3: ???
==76769==    by 0x2: ???
==76769==    by 0x6A7751F: ???
==76769==    by 0x8000000000000000: ???
==76769==    by 0x3: ???
==76769==    by 0x51: ???
==76769== 
==76769== 2 bytes in 1 blocks are definitely lost in loss record 9 of 950
==76769==    at 0x484D953: calloc (in /usr/libexec/valgrind/vgpreload_memcheck-amd64-linux.so)
==76769==    by 0x723DE9: __mn_alloc (in /mnt/c/Users/Juan/Documents/GitHub/Mapanare/mapanare/self/mnc-stage1)
==76769==    by 0x7245AB: __mn_str_from_parts (in /mnt/c/Users/Juan/Documents/GitHub/Mapanare/mapanare/self/mnc-stage1)
==76769==    by 0x41FA6B: lexer__scan_ident (in /mnt/c/Users/Juan/Documents/GitHub/Mapanare/mapanare/self/mnc-stage1)
==76769==    by 0x6A799EF: ???
==76769==    by 0x8000000000000006: ???
==76769==    by 0x6A733D7: ???
==76769==    by 0x3: ???
==76769==    by 0x2: ???
==76769==    by 0x6A7751F: ???
==76769==    by 0x8000000000000000: ???
==76769==    by 0x3: ???
==76769==    by 0x51: ???
==76769== 
==76769== 2 bytes in 1 blocks are definitely lost in loss record 10 of 950
==76769==    at 0x484D953: calloc (in /usr/libexec/valgrind/vgpreload_memcheck-amd64-linux.so)
==76769==    by 0x723DE9: __mn_alloc (in /mnt/c/Users/Juan/Documents/GitHub/Mapanare/mapanare/self/mnc-stage1)
==76769==    by 0x7245AB: __mn_str_from_parts (in /mnt/c/Users/Juan/Documents/GitHub/Mapanare/mapanare/self/mnc-stage1)
==76769==    by 0x41FA6B: lexer__scan_ident (in /mnt/c/Users/Juan/Documents/GitHub/Mapanare/mapanare/self/mnc-stage1)
==76769==    by 0x6A79A8F: ???
==76769==    by 0x8000000000000007: ???
==76769==    by 0x6A733D7: ???
==76769==    by 0x3: ???
==76769==    by 0x2: ???
==76769==    by 0x6A7751F: ???
==76769==    by 0x8000000000000000: ???
==76769==    by 0x3: ???
==76769==    by 0x51: ???
==76769== 
==76769== 2 bytes in 1 blocks are definitely lost in loss record 11 of 950
==76769==    at 0x484D953: calloc (in /usr/libexec/valgrind/vgpreload_memcheck-amd64-linux.so)
==76769==    by 0x723DE9: __mn_alloc (in /mnt/c/Users/Juan/Documents/GitHub/Mapanare/mapanare/self/mnc-stage1)
==76769==    by 0x7245AB: __mn_str_from_parts (in /mnt/c/Users/Juan/Documents/GitHub/Mapanare/mapanare/self/mnc-stage1)
==76769==    by 0x41FA6B: lexer__scan_ident (in /mnt/c/Users/Juan/Documents/GitHub/Mapanare/mapanare/self/mnc-stage1)
==76769==    by 0x6A79D0F: ???
==76769==    by 0x8000000000000000: ???
==76769==    by 0x6A733D7: ???
==76769==    by 0xC: ???
==76769==    by 0x2: ???
==76769==    by 0x6A7751F: ???
==76769==    by 0x8000000000000000: ???
==76769==    by 0xC: ???
==76769==    by 0x5A: ???
==76769== 
==76769== 2 bytes in 1 blocks are definitely lost in loss record 12 of 950
==76769==    at 0x484D953: calloc (in /usr/libexec/valgrind/vgpreload_memcheck-amd64-linux.so)
==76769==    by 0x723DE9: __mn_alloc (in /mnt/c/Users/Juan/Documents/GitHub/Mapanare/mapanare/self/mnc-stage1)
==76769==    by 0x7245AB: __mn_str_from_parts (in /mnt/c/Users/Juan/Documents/GitHub/Mapanare/mapanare/self/mnc-stage1)
==76769==    by 0x41FA6B: lexer__scan_ident (in /mnt/c/Users/Juan/Documents/GitHub/Mapanare/mapanare/self/mnc-stage1)
==76769==    by 0x6A7A07F: ???
==76769==    by 0x8000000000000000: ???
==76769==    by 0x6A733D7: ???
==76769==    by 0xF: ???
==76769==    by 0x2: ???
==76769==    by 0x6A7751F: ???
==76769==    by 0x8000000000000000: ???
==76769==    by 0xF: ???
==76769==    by 0x5D: ???
==76769== 
==76769== 2 bytes in 1 blocks are definitely lost in loss record 13 of 950
==76769==    at 0x484D953: calloc (in /usr/libexec/valgrind/vgpreload_memcheck-amd64-linux.so)
==76769==    by 0x723DE9: __mn_alloc (in /mnt/c/Users/Juan/Documents/GitHub/Mapanare/mapanare/self/mnc-stage1)
==76769==    by 0x7245AB: __mn_str_from_parts (in /mnt/c/Users/Juan/Documents/GitHub/Mapanare/mapanare/self/mnc-stage1)
==76769==    by 0x41FA6B: lexer__scan_ident (in /mnt/c/Users/Juan/Documents/GitHub/Mapanare/mapanare/self/mnc-stage1)
==76769==    by 0x6A7A34F: ???
==76769==    by 0x8000000000000000: ???
==76769==    by 0x6A733D7: ???
==76769==    by 0x12: ???
==76769==    by 0x2: ???
==76769==    by 0x6A7751F: ???
==76769==    by 0x8000000000000000: ???
==76769==    by 0x12: ???
==76769==    by 0x60: ???
==76769== 
==76769== 2 bytes in 1 blocks are definitely lost in loss record 14 of 950
==76769==    at 0x484D953: calloc (in /usr/libexec/valgrind/vgpreload_memcheck-amd64-linux.so)
==76769==    by 0x723DE9: __mn_alloc (in /mnt/c/Users/Juan/Documents/GitHub/Mapanare/mapanare/self/mnc-stage1)
==76769==    by 0x7245AB: __mn_str_from_parts (in /mnt/c/Users/Juan/Documents/GitHub/Mapanare/mapanare/self/mnc-stage1)
==76769==    by 0x41FA6B: lexer__scan_ident (in /mnt/c/Users/Juan/Documents/GitHub/Mapanare/mapanare/self/mnc-stage1)
==76769==    by 0x6A7ABAF: ???
==76769==    by 0x8000000000000000: ???
==76769==    by 0x6A733D7: ???
==76769==    by 0x18: ???
==76769==    by 0x2: ???
==76769==    by 0x6A7751F: ???
==76769==    by 0x8000000000000000: ???
==76769==    by 0x18: ???
==76769==    by 0x66: ???
==76769== 
==76769== 2 bytes in 1 blocks are definitely lost in loss record 15 of 950
==76769==    at 0x484D953: calloc (in /usr/libexec/valgrind/vgpreload_memcheck-amd64-linux.so)
==76769==    by 0x723DE9: __mn_alloc (in /mnt/c/Users/Juan/Documents/GitHub/Mapanare/mapanare/self/mnc-stage1)
==76769==    by 0x7245AB: __mn_str_from_parts (in /mnt/c/Users/Juan/Documents/GitHub/Mapanare/mapanare/self/mnc-stage1)
==76769==    by 0x41FA6B: lexer__scan_ident (in /mnt/c/Users/Juan/Documents/GitHub/Mapanare/mapanare/self/mnc-stage1)
==76769==    by 0x6A7B00F: ???
==76769==    by 0x8000000000000000: ???
==76769==    by 0x6A733D7: ???
==76769==    by 0x4: ???
==76769==    by 0x3: ???
==76769==    by 0x6A7751F: ???
==76769==    by 0x8000000000000000: ???
==76769==    by 0x4: ???
==76769==    by 0x6E: ???
==76769== 
==76769== 2 bytes in 1 blocks are definitely lost in loss record 16 of 950
==76769==    at 0x484D953: calloc (in /usr/libexec/valgrind/vgpreload_memcheck-amd64-linux.so)
==76769==    by 0x723DE9: __mn_alloc (in /mnt/c/Users/Juan/Documents/GitHub/Mapanare/mapanare/self/mnc-stage1)
==76769==    by 0x7245AB: __mn_str_from_parts (in /mnt/c/Users/Juan/Documents/GitHub/Mapanare/mapanare/self/mnc-stage1)
==76769==    by 0x41FA6B: lexer__scan_ident (in /mnt/c/Users/Juan/Documents/GitHub/Mapanare/mapanare/self/mnc-stage1)
==76769==    by 0x6A7B0AF: ???
==76769==    by 0x8000000000000001: ???
==76769==    by 0x6A733D7: ???
==76769==    by 0x4: ???
==76769==    by 0x3: ???
==76769==    by 0x6A7751F: ???
==76769==    by 0x8000000000000000: ???
==76769==    by 0x4: ???
==76769==    by 0x6E: ???
==76769== 
==76769== 2 bytes in 1 blocks are definitely lost in loss record 17 of 950
==76769==    at 0x484D953: calloc (in /usr/libexec/valgrind/vgpreload_memcheck-amd64-linux.so)
==76769==    by 0x723DE9: __mn_alloc (in /mnt/c/Users/Juan/Documents/GitHub/Mapanare/mapanare/self/mnc-stage1)
==76769==    by 0x7245AB: __mn_str_from_parts (in /mnt/c/Users/Juan/Documents/GitHub/Mapanare/mapanare/self/mnc-stage1)
==76769==    by 0x41FA6B: lexer__scan_ident (in /mnt/c/Users/Juan/Documents/GitHub/Mapanare/mapanare/self/mnc-stage1)
==76769==    by 0x6A7B14F: ???
==76769==    by 0x8000000000000002: ???
==76769==    by 0x6A733D7: ???
==76769==    by 0x4: ???
==76769==    by 0x3: ???
==76769==    by 0x6A7751F: ???
==76769==    by 0x8000000000000000: ???
==76769==    by 0x4: ???
==76769==    by 0x6E: ???
==76769== 
==76769== 2 bytes in 1 blocks are definitely lost in loss record 18 of 950
==76769==    at 0x484D953: calloc (in /usr/libexec/valgrind/vgpreload_memcheck-amd64-linux.so)
==76769==    by 0x723DE9: __mn_alloc (in /mnt/c/Users/Juan/Documents/GitHub/Mapanare/mapanare/self/mnc-stage1)
==76769==    by 0x7245AB: __mn_str_from_parts (in /mnt/c/Users/Juan/Documents/GitHub/Mapanare/mapanare/self/mnc-stage1)
==76769==    by 0x41FA6B: lexer__scan_ident (in /mnt/c/Users/Juan/Documents/GitHub/Mapanare/mapanare/self/mnc-stage1)
==76769==    by 0x6A7B1EF: ???
==76769==    by 0x8000000000000003: ???
==76769==    by 0x6A733D7: ???
==76769==    by 0x4: ???
==76769==    by 0x3: ???
==76769==    by 0x6A7751F: ???
==76769==    by 0x8000000000000000: ???
==76769==    by 0x4: ???
==76769==    by 0x6E: ???
==76769== 
==76769== 2 bytes in 1 blocks are definitely lost in loss record 19 of 950
==76769==    at 0x484D953: calloc (in /usr/libexec/valgrind/vgpreload_memcheck-amd64-linux.so)
==76769==    by 0x723DE9: __mn_alloc (in /mnt/c/Users/Juan/Documents/GitHub/Mapanare/mapanare/self/mnc-stage1)
==76769==    by 0x7245AB: __mn_str_from_parts (in /mnt/c/Users/Juan/Documents/GitHub/Mapanare/mapanare/self/mnc-stage1)
==76769==    by 0x41FA6B: lexer__scan_ident (in /mnt/c/Users/Juan/Documents/GitHub/Mapanare/mapanare/self/mnc-stage1)
==76769==    by 0x6A7B28F: ???
==76769==    by 0x8000000000000004: ???
==76769==    by 0x6A733D7: ???
==76769==    by 0x4: ???
==76769==    by 0x3: ???
==76769==    by 0x6A7751F: ???
==76769==    by 0x8000000000000000: ???
==76769==    by 0x4: ???
==76769==    by 0x6E: ???
==76769== 
==76769== 2 bytes in 1 blocks are definitely lost in loss record 20 of 950
==76769==    at 0x484D953: calloc (in /usr/libexec/valgrind/vgpreload_memcheck-amd64-linux.so)
==76769==    by 0x723DE9: __mn_alloc (in /mnt/c/Users/Juan/Documents/GitHub/Mapanare/mapanare/self/mnc-stage1)
==76769==    by 0x7245AB: __mn_str_from_parts (in /mnt/c/Users/Juan/Documents/GitHub/Mapanare/mapanare/self/mnc-stage1)
==76769==    by 0x41FA6B: lexer__scan_ident (in /mnt/c/Users/Juan/Documents/GitHub/Mapanare/mapanare/self/mnc-stage1)
==76769==    by 0x6A7B32F: ???
==76769==    by 0x8000000000000005: ???
==76769==    by 0x6A733D7: ???
==76769==    by 0x4: ???
==76769==    by 0x3: ???
==76769==    by 0x6A7751F: ???
==76769==    by 0x8000000000000000: ???
==76769==    by 0x4: ???
==76769==    by 0x6E: ???
==76769== 
==76769== 2 bytes in 1 blocks are definitely lost in loss record 21 of 950
==76769==    at 0x484D953: calloc (in /usr/libexec/valgrind/vgpreload_memcheck-amd64-linux.so)
==76769==    by 0x723DE9: __mn_alloc (in /mnt/c/Users/Juan/Documents/GitHub/Mapanare/mapanare/self/mnc-stage1)
==76769==    by 0x7245AB: __mn_str_from_parts (in /mnt/c/Users/Juan/Documents/GitHub/Mapanare/mapanare/self/mnc-stage1)
==76769==    by 0x41FA6B: lexer__scan_ident (in /mnt/c/Users/Juan/Documents/GitHub/Mapanare/mapanare/self/mnc-stage1)
==76769==    by 0x6A7B50F: ???
==76769==    by 0x8000000000000000: ???
==76769==    by 0x6A733D7: ???
==76769==    by 0xB: ???
==76769==    by 0x3: ???
==76769==    by 0x6A7751F: ???
==76769==    by 0x8000000000000000: ???
==76769==    by 0xB: ???
==76769==    by 0x75: ???
==76769== 
==76769== 2 bytes in 1 blocks are definitely lost in loss record 22 of 950
==76769==    at 0x484D953: calloc (in /usr/libexec/valgrind/vgpreload_memcheck-amd64-linux.so)
==76769==    by 0x723DE9: __mn_alloc (in /mnt/c/Users/Juan/Documents/GitHub/Mapanare/mapanare/self/mnc-stage1)
==76769==    by 0x7245AB: __mn_str_from_parts (in /mnt/c/Users/Juan/Documents/GitHub/Mapanare/mapanare/self/mnc-stage1)
==76769==    by 0x41FA6B: lexer__scan_ident (in /mnt/c/Users/Juan/Documents/GitHub/Mapanare/mapanare/self/mnc-stage1)
==76769==    by 0x6A7B87F: ???
==76769==    by 0x8000000000000000: ???
==76769==    by 0x6A733D7: ???
==76769== 
==76769== 2 bytes in 1 blocks are definitely lost in loss record 23 of 950
==76769==    at 0x484D953: calloc (in /usr/libexec/valgrind/vgpreload_memcheck-amd64-linux.so)
==76769==    by 0x723DE9: __mn_alloc (in /mnt/c/Users/Juan/Documents/GitHub/Mapanare/mapanare/self/mnc-stage1)
==76769==    by 0x7245AB: __mn_str_from_parts (in /mnt/c/Users/Juan/Documents/GitHub/Mapanare/mapanare/self/mnc-stage1)
==76769==    by 0x41FA6B: lexer__scan_ident (in /mnt/c/Users/Juan/Documents/GitHub/Mapanare/mapanare/self/mnc-stage1)
==76769==    by 0x6A7B91F: ???
==76769==    by 0x8000000000000001: ???
==76769==    by 0x6A733D7: ???
==76769== 
==76769== 2 bytes in 1 blocks are definitely lost in loss record 24 of 950
==76769==    at 0x484D953: calloc (in /usr/libexec/valgrind/vgpreload_memcheck-amd64-linux.so)
==76769==    by 0x723DE9: __mn_alloc (in /mnt/c/Users/Juan/Documents/GitHub/Mapanare/mapanare/self/mnc-stage1)
==76769==    by 0x7245AB: __mn_str_from_parts (in /mnt/c/Users/Juan/Documents/GitHub/Mapanare/mapanare/self/mnc-stage1)
==76769==    by 0x41FA6B: lexer__scan_ident (in /mnt/c/Users/Juan/Documents/GitHub/Mapanare/mapanare/self/mnc-stage1)
==76769==    by 0x6A7C34F: ???
==76769==    by 0x8000000000000000: ???
==76769==    by 0x6A733D7: ???
==76769==    by 0x3: ???
==76769==    by 0x6: ???
==76769==    by 0x6A7751F: ???
==76769==    by 0x8000000000000000: ???
==76769==    by 0x3: ???
==76769==    by 0x7D: ???
==76769== 
==76769== 2 bytes in 1 blocks are definitely lost in loss record 25 of 950
==76769==    at 0x484D953: calloc (in /usr/libexec/valgrind/vgpreload_memcheck-amd64-linux.so)
==76769==    by 0x723DE9: __mn_alloc (in /mnt/c/Users/Juan/Documents/GitHub/Mapanare/mapanare/self/mnc-stage1)
==76769==    by 0x7245AB: __mn_str_from_parts (in /mnt/c/Users/Juan/Documents/GitHub/Mapanare/mapanare/self/mnc-stage1)
==76769==    by 0x41FA6B: lexer__scan_ident (in /mnt/c/Users/Juan/Documents/GitHub/Mapanare/mapanare/self/mnc-stage1)
==76769==    by 0x6A7C3EF: ???
==76769==    by 0x8000000000000001: ???
==76769==    by 0x6A733D7: ???
==76769==    by 0x3: ???
==76769==    by 0x6: ???
==76769==    by 0x6A7751F: ???
==76769==    by 0x8000000000000000: ???
==76769==    by 0x3: ???
==76769==    by 0x7D: ???
==76769== 
==76769== 2 bytes in 1 blocks are definitely lost in loss record 26 of 950
==76769==    at 0x484D953: calloc (in /usr/libexec/valgrind/vgpreload_memcheck-amd64-linux.so)
==76769==    by 0x723DE9: __mn_alloc (in /mnt/c/Users/Juan/Documents/GitHub/Mapanare/mapanare/self/mnc-stage1)
==76769==    by 0x7245AB: __mn_str_from_parts (in /mnt/c/Users/Juan/Documents/GitHub/Mapanare/mapanare/self/mnc-stage1)
==76769==    by 0x41FA6B: lexer__scan_ident (in /mnt/c/Users/Juan/Documents/GitHub/Mapanare/mapanare/self/mnc-stage1)
==76769==    by 0x6A7C48F: ???
==76769==    by 0x8000000000000002: ???
==76769==    by 0x6A733D7: ???
==76769==    by 0x3: ???
==76769==    by 0x6: ???
==76769==    by 0x6A7751F: ???
==76769==    by 0x8000000000000000: ???
==76769==    by 0x3: ???
==76769==    by 0x7D: ???
==76769== 
==76769== 2 bytes in 1 blocks are definitely lost in loss record 27 of 950
==76769==    at 0x484D953: calloc (in /usr/libexec/valgrind/vgpreload_memcheck-amd64-linux.so)
==76769==    by 0x723DE9: __mn_alloc (in /mnt/c/Users/Juan/Documents/GitHub/Mapanare/mapanare/self/mnc-stage1)
==76769==    by 0x7245AB: __mn_str_from_parts (in /mnt/c/Users/Juan/Documents/GitHub/Mapanare/mapanare/self/mnc-stage1)
==76769==    by 0x41FA6B: lexer__scan_ident (in /mnt/c/Users/Juan/Documents/GitHub/Mapanare/mapanare/self/mnc-stage1)
==76769==    by 0x6A7C52F: ???
==76769==    by 0x8000000000000003: ???
==76769==    by 0x6A733D7: ???
==76769==    by 0x3: ???
==76769==    by 0x6: ???
==76769==    by 0x6A7751F: ???
==76769==    by 0x8000000000000000: ???
==76769==    by 0x3: ???
==76769==    by 0x7D: ???
==76769== 
==76769== 2 bytes in 1 blocks are definitely lost in loss record 28 of 950
==76769==    at 0x484D953: calloc (in /usr/libexec/valgrind/vgpreload_memcheck-amd64-linux.so)
==76769==    by 0x723DE9: __mn_alloc (in /mnt/c/Users/Juan/Documents/GitHub/Mapanare/mapanare/self/mnc-stage1)
==76769==    by 0x7245AB: __mn_str_from_parts (in /mnt/c/Users/Juan/Documents/GitHub/Mapanare/mapanare/self/mnc-stage1)
==76769==    by 0x41FA6B: lexer__scan_ident (in /mnt/c/Users/Juan/Documents/GitHub/Mapanare/mapanare/self/mnc-stage1)
==76769==    by 0x6A7C5CF: ???
==76769==    by 0x8000000000000004: ???
==76769==    by 0x6A733D7: ???
==76769==    by 0x3: ???
==76769==    by 0x6: ???
==76769==    by 0x6A7751F: ???
==76769==    by 0x8000000000000000: ???
==76769==    by 0x3: ???
==76769==    by 0x7D: ???
==76769== 
==76769== 2 bytes in 1 blocks are definitely lost in loss record 29 of 950
==76769==    at 0x484D953: calloc (in /usr/libexec/valgrind/vgpreload_memcheck-amd64-linux.so)
==76769==    by 0x723DE9: __mn_alloc (in /mnt/c/Users/Juan/Documents/GitHub/Mapanare/mapanare/self/mnc-stage1)
==76769==    by 0x7245AB: __mn_str_from_parts (in /mnt/c/Users/Juan/Documents/GitHub/Mapanare/mapanare/self/mnc-stage1)
==76769==    by 0x41FA6B: lexer__scan_ident (in /mnt/c/Users/Juan/Documents/GitHub/Mapanare/mapanare/self/mnc-stage1)
==76769==    by 0x6A7C84F: ???
==76769==    by 0x8000000000000000: ???
==76769==    by 0x6A733D7: ???
==76769==    by 0x9: ???
==76769==    by 0x6: ???
==76769==    by 0x6A7751F: ???
==76769==    by 0x8000000000000000: ???
==76769==    by 0x9: ???
==76769==    by 0x83: ???
==76769== 
==76769== 2 bytes in 1 blocks are definitely lost in loss record 30 of 950
==76769==    at 0x484D953: calloc (in /usr/libexec/valgrind/vgpreload_memcheck-amd64-linux.so)
==76769==    by 0x723DE9: __mn_alloc (in /mnt/c/Users/Juan/Documents/GitHub/Mapanare/mapanare/self/mnc-stage1)
==76769==    by 0x7245AB: __mn_str_from_parts (in /mnt/c/Users/Juan/Documents/GitHub/Mapanare/mapanare/self/mnc-stage1)
==76769==    by 0x41FA6B: lexer__scan_ident (in /mnt/c/Users/Juan/Documents/GitHub/Mapanare/mapanare/self/mnc-stage1)
==76769==    by 0x6A7CB1F: ???
==76769==    by 0x8000000000000000: ???
==76769==    by 0x6A733D7: ???
==76769==    by 0xC: ???
==76769==    by 0x6: ???
==76769==    by 0x6A7751F: ???
==76769==    by 0x8000000000000000: ???
==76769==    by 0xC: ???
==76769==    by 0x86: ???
==76769== 
==76769== 2 bytes in 1 blocks are definitely lost in loss record 31 of 950
==76769==    at 0x484D953: calloc (in /usr/libexec/valgrind/vgpreload_memcheck-amd64-linux.so)
==76769==    by 0x723DE9: __mn_alloc (in /mnt/c/Users/Juan/Documents/GitHub/Mapanare/mapanare/self/mnc-stage1)
==76769==    by 0x7245AB: __mn_str_from_parts (in /mnt/c/Users/Juan/Documents/GitHub/Mapanare/mapanare/self/mnc-stage1)
==76769==    by 0x41FA6B: lexer__scan_ident (in /mnt/c/Users/Juan/Documents/GitHub/Mapanare/mapanare/self/mnc-stage1)
==76769==    by 0x6A7CE8F: ???
==76769==    by 0x8000000000000000: ???
==76769==    by 0x6A733D7: ???
==76769==    by 0xF: ???
==76769==    by 0x6: ???
==76769==    by 0x6A7751F: ???
==76769==    by 0x8000000000000000: ???
==76769==    by 0xF: ???
==76769==    by 0x89: ???
==76769== 
==76769== 2 bytes in 1 blocks are definitely lost in loss record 32 of 950
==76769==    at 0x484D953: calloc (in /usr/libexec/valgrind/vgpreload_memcheck-amd64-linux.so)
==76769==    by 0x723DE9: __mn_alloc (in /mnt/c/Users/Juan/Documents/GitHub/Mapanare/mapanare/self/mnc-stage1)
==76769==    by 0x7245AB: __mn_str_from_parts (in /mnt/c/Users/Juan/Documents/GitHub/Mapanare/mapanare/self/mnc-stage1)
==76769==    by 0x41FA6B: lexer__scan_ident (in /mnt/c/Users/Juan/Documents/GitHub/Mapanare/mapanare/self/mnc-stage1)
==76769==    by 0x6A7D15F: ???
==76769==    by 0x8000000000000000: ???
==76769==    by 0x6A733D7: ???
==76769==    by 0x12: ???
==76769==    by 0x6: ???
==76769==    by 0x6A7751F: ???
==76769==    by 0x8000000000000000: ???
==76769==    by 0x12: ???
==76769==    by 0x8C: ???
==76769== 
==76769== 2 bytes in 1 blocks are definitely lost in loss record 33 of 950
==76769==    at 0x484D953: calloc (in /usr/libexec/valgrind/vgpreload_memcheck-amd64-linux.so)
==76769==    by 0x723DE9: __mn_alloc (in /mnt/c/Users/Juan/Documents/GitHub/Mapanare/mapanare/self/mnc-stage1)
==76769==    by 0x7245AB: __mn_str_from_parts (in /mnt/c/Users/Juan/Documents/GitHub/Mapanare/mapanare/self/mnc-stage1)
==76769==    by 0x41FA6B: lexer__scan_ident (in /mnt/c/Users/Juan/Documents/GitHub/Mapanare/mapanare/self/mnc-stage1)
==76769==    by 0x6A7D42F: ???
==76769==    by 0x8000000000000000: ???
==76769==    by 0x6A733D7: ???
==76769==    by 0x15: ???
==76769==    by 0x6: ???
==76769==    by 0x6A7751F: ???
==76769==    by 0x8000000000000000: ???
==76769==    by 0x15: ???
==76769==    by 0x8F: ???
==76769== 
==76769== 2 bytes in 1 blocks are definitely lost in loss record 34 of 950
==76769==    at 0x484D953: calloc (in /usr/libexec/valgrind/vgpreload_memcheck-amd64-linux.so)
==76769==    by 0x723DE9: __mn_alloc (in /mnt/c/Users/Juan/Documents/GitHub/Mapanare/mapanare/self/mnc-stage1)
==76769==    by 0x7245AB: __mn_str_from_parts (in /mnt/c/Users/Juan/Documents/GitHub/Mapanare/mapanare/self/mnc-stage1)
==76769==    by 0x41FA6B: lexer__scan_ident (in /mnt/c/Users/Juan/Documents/GitHub/Mapanare/mapanare/self/mnc-stage1)
==76769==    by 0x6A7D6FF: ???
==76769==    by 0x8000000000000000: ???
==76769==    by 0x6A733D7: ???
==76769==    by 0x18: ???
==76769==    by 0x6: ???
==76769==    by 0x6A7751F: ???
==76769==    by 0x8000000000000000: ???
==76769==    by 0x18: ???
==76769==    by 0x92: ???
==76769== 
==76769== 2 bytes in 1 blocks are definitely lost in loss record 35 of 950
==76769==    at 0x484D953: calloc (in /usr/libexec/valgrind/vgpreload_memcheck-amd64-linux.so)
==76769==    by 0x723DE9: __mn_alloc (in /mnt/c/Users/Juan/Documents/GitHub/Mapanare/mapanare/self/mnc-stage1)
==76769==    by 0x7245AB: __mn_str_from_parts (in /mnt/c/Users/Juan/Documents/GitHub/Mapanare/mapanare/self/mnc-stage1)
==76769==    by 0x41FA6B: lexer__scan_ident (in /mnt/c/Users/Juan/Documents/GitHub/Mapanare/mapanare/self/mnc-stage1)
==76769==    by 0x6A7EB5F: ???
==76769==    by 0x8000000000000000: ???
==76769==    by 0x6A733D7: ???
==76769==    by 0x1E: ???
==76769==    by 0x6: ???
==76769==    by 0x6A7751F: ???
==76769==    by 0x8000000000000000: ???
==76769==    by 0x1E: ???
==76769==    by 0x98: ???
==76769== 
==76769== 2 bytes in 1 blocks are definitely lost in loss record 36 of 950
==76769==    at 0x484D953: calloc (in /usr/libexec/valgrind/vgpreload_memcheck-amd64-linux.so)
==76769==    by 0x723DE9: __mn_alloc (in /mnt/c/Users/Juan/Documents/GitHub/Mapanare/mapanare/self/mnc-stage1)
==76769==    by 0x7245AB: __mn_str_from_parts (in /mnt/c/Users/Juan/Documents/GitHub/Mapanare/mapanare/self/mnc-stage1)
==76769==    by 0x41FA6B: lexer__scan_ident (in /mnt/c/Users/Juan/Documents/GitHub/Mapanare/mapanare/self/mnc-stage1)
==76769==    by 0x6A7EFBF: ???
==76769==    by 0x8000000000000000: ???
==76769==    by 0x6A733D7: ???
==76769==    by 0x4: ???
==76769==    by 0x7: ???
==76769==    by 0x6A7751F: ???
==76769==    by 0x8000000000000000: ???
==76769==    by 0x4: ???
==76769==    by 0xA0: ???
==76769== 
==76769== 2 bytes in 1 blocks are definitely lost in loss record 37 of 950
==76769==    at 0x484D953: calloc (in /usr/libexec/valgrind/vgpreload_memcheck-amd64-linux.so)
==76769==    by 0x723DE9: __mn_alloc (in /mnt/c/Users/Juan/Documents/GitHub/Mapanare/mapanare/self/mnc-stage1)
==76769==    by 0x7245AB: __mn_str_from_parts (in /mnt/c/Users/Juan/Documents/GitHub/Mapanare/mapanare/self/mnc-stage1)
==76769==    by 0x41FA6B: lexer__scan_ident (in /mnt/c/Users/Juan/Documents/GitHub/Mapanare/mapanare/self/mnc-stage1)
==76769==    by 0x6A7F05F: ???
==76769==    by 0x8000000000000001: ???
==76769==    by 0x6A733D7: ???
==76769==    by 0x4: ???
==76769==    by 0x7: ???
==76769==    by 0x6A7751F: ???
==76769==    by 0x8000000000000000: ???
==76769==    by 0x4: ???
==76769==    by 0xA0: ???
==76769== 
==76769== 2 bytes in 1 blocks are definitely lost in loss record 38 of 950
==76769==    at 0x484D953: calloc (in /usr/libexec/valgrind/vgpreload_memcheck-amd64-linux.so)
==76769==    by 0x723DE9: __mn_alloc (in /mnt/c/Users/Juan/Documents/GitHub/Mapanare/mapanare/self/mnc-stage1)
==76769==    by 0x7245AB: __mn_str_from_parts (in /mnt/c/Users/Juan/Documents/GitHub/Mapanare/mapanare/self/mnc-stage1)
==76769==    by 0x41FA6B: lexer__scan_ident (in /mnt/c/Users/Juan/Documents/GitHub/Mapanare/mapanare/self/mnc-stage1)
==76769==    by 0x6A7F0FF: ???
==76769==    by 0x8000000000000002: ???
==76769==    by 0x6A733D7: ???
==76769==    by 0x4: ???
==76769==    by 0x7: ???
==76769==    by 0x6A7751F: ???
==76769==    by 0x8000000000000000: ???
==76769==    by 0x4: ???
==76769==    by 0xA0: ???
==76769== 
==76769== 2 bytes in 1 blocks are definitely lost in loss record 39 of 950
==76769==    at 0x484D953: calloc (in /usr/libexec/valgrind/vgpreload_memcheck-amd64-linux.so)
==76769==    by 0x723DE9: __mn_alloc (in /mnt/c/Users/Juan/Documents/GitHub/Mapanare/mapanare/self/mnc-stage1)
==76769==    by 0x7245AB: __mn_str_from_parts (in /mnt/c/Users/Juan/Documents/GitHub/Mapanare/mapanare/self/mnc-stage1)
==76769==    by 0x41FA6B: lexer__scan_ident (in /mnt/c/Users/Juan/Documents/GitHub/Mapanare/mapanare/self/mnc-stage1)
==76769==    by 0x6A7F19F: ???
==76769==    by 0x8000000000000003: ???
==76769==    by 0x6A733D7: ???
==76769==    by 0x4: ???
==76769==    by 0x7: ???
==76769==    by 0x6A7751F: ???
==76769==    by 0x8000000000000000: ???
==76769==    by 0x4: ???
==76769==    by 0xA0: ???
==76769== 
==76769== 2 bytes in 1 blocks are definitely lost in loss record 40 of 950
==76769==    at 0x484D953: calloc (in /usr/libexec/valgrind/vgpreload_memcheck-amd64-linux.so)
==76769==    by 0x723DE9: __mn_alloc (in /mnt/c/Users/Juan/Documents/GitHub/Mapanare/mapanare/self/mnc-stage1)
==76769==    by 0x7245AB: __mn_str_from_parts (in /mnt/c/Users/Juan/Documents/GitHub/Mapanare/mapanare/self/mnc-stage1)
==76769==    by 0x41FA6B: lexer__scan_ident (in /mnt/c/Users/Juan/Documents/GitHub/Mapanare/mapanare/self/mnc-stage1)
==76769==    by 0x6A7F23F: ???
==76769==    by 0x8000000000000004: ???
==76769==    by 0x6A733D7: ???
==76769==    by 0x4: ???
==76769==    by 0x7: ???
==76769==    by 0x6A7751F: ???
==76769==    by 0x8000000000000000: ???
==76769==    by 0x4: ???
==76769==    by 0xA0: ???
==76769== 
==76769== 2 bytes in 1 blocks are definitely lost in loss record 41 of 950
==76769==    at 0x484D953: calloc (in /usr/libexec/valgrind/vgpreload_memcheck-amd64-linux.so)
==76769==    by 0x723DE9: __mn_alloc (in /mnt/c/Users/Juan/Documents/GitHub/Mapanare/mapanare/self/mnc-stage1)
==76769==    by 0x7245AB: __mn_str_from_parts (in /mnt/c/Users/Juan/Documents/GitHub/Mapanare/mapanare/self/mnc-stage1)
==76769==    by 0x41FA6B: lexer__scan_ident (in /mnt/c/Users/Juan/Documents/GitHub/Mapanare/mapanare/self/mnc-stage1)
==76769==    by 0x6A7F2DF: ???
==76769==    by 0x8000000000000005: ???
==76769==    by 0x6A733D7: ???
==76769==    by 0x4: ???
==76769==    by 0x7: ???
==76769==    by 0x6A7751F: ???
==76769==    by 0x8000000000000000: ???
==76769==    by 0x4: ???
==76769==    by 0xA0: ???
==76769== 
==76769== 2 bytes in 1 blocks are definitely lost in loss record 42 of 950
==76769==    at 0x484D953: calloc (in /usr/libexec/valgrind/vgpreload_memcheck-amd64-linux.so)
==76769==    by 0x723DE9: __mn_alloc (in /mnt/c/Users/Juan/Documents/GitHub/Mapanare/mapanare/self/mnc-stage1)
==76769==    by 0x7245AB: __mn_str_from_parts (in /mnt/c/Users/Juan/Documents/GitHub/Mapanare/mapanare/self/mnc-stage1)
==76769==    by 0x41FA6B: lexer__scan_ident (in /mnt/c/Users/Juan/Documents/GitHub/Mapanare/mapanare/self/mnc-stage1)
==76769==    by 0x6A7F4BF: ???
==76769==    by 0x8000000000000000: ???
==76769==    by 0x6A733D7: ???
==76769==    by 0xB: ???
==76769==    by 0x7: ???
==76769==    by 0x6A7751F: ???
==76769==    by 0x8000000000000000: ???
==76769==    by 0xB: ???
==76769==    by 0xA7: ???
==76769== 
==76769== 2 bytes in 1 blocks are definitely lost in loss record 43 of 950
==76769==    at 0x484D953: calloc (in /usr/libexec/valgrind/vgpreload_memcheck-amd64-linux.so)
==76769==    by 0x723DE9: __mn_alloc (in /mnt/c/Users/Juan/Documents/GitHub/Mapanare/mapanare/self/mnc-stage1)
==76769==    by 0x7245AB: __mn_str_from_parts (in /mnt/c/Users/Juan/Documents/GitHub/Mapanare/mapanare/self/mnc-stage1)
==76769==    by 0x41FA6B: lexer__scan_ident (in /mnt/c/Users/Juan/Documents/GitHub/Mapanare/mapanare/self/mnc-stage1)
==76769==    by 0x6A7F82F: ???
==76769==    by 0x8000000000000000: ???
==76769==    by 0x6A733D7: ???
==76769== 
==76769== 2 bytes in 1 blocks are definitely lost in loss record 44 of 950
==76769==    at 0x484D953: calloc (in /usr/libexec/valgrind/vgpreload_memcheck-amd64-linux.so)
==76769==    by 0x723DE9: __mn_alloc (in /mnt/c/Users/Juan/Documents/GitHub/Mapanare/mapanare/self/mnc-stage1)
==76769==    by 0x7245AB: __mn_str_from_parts (in /mnt/c/Users/Juan/Documents/GitHub/Mapanare/mapanare/self/mnc-stage1)
==76769==    by 0x41FA6B: lexer__scan_ident (in /mnt/c/Users/Juan/Documents/GitHub/Mapanare/mapanare/self/mnc-stage1)
==76769==    by 0x6A7F8CF: ???
==76769==    by 0x8000000000000001: ???
==76769==    by 0x6A733D7: ???
==76769== 
==76769== 2 bytes in 1 blocks are definitely lost in loss record 45 of 950
==76769==    at 0x484D953: calloc (in /usr/libexec/valgrind/vgpreload_memcheck-amd64-linux.so)
==76769==    by 0x723DE9: __mn_alloc (in /mnt/c/Users/Juan/Documents/GitHub/Mapanare/mapanare/self/mnc-stage1)
==76769==    by 0x7245AB: __mn_str_from_parts (in /mnt/c/Users/Juan/Documents/GitHub/Mapanare/mapanare/self/mnc-stage1)
==76769==    by 0x41FA6B: lexer__scan_ident (in /mnt/c/Users/Juan/Documents/GitHub/Mapanare/mapanare/self/mnc-stage1)
==76769==    by 0x6A7F96F: ???
==76769==    by 0x8000000000000002: ???
==76769==    by 0x6A733D7: ???
==76769== 
==76769== 2 bytes in 1 blocks are definitely lost in loss record 46 of 950
==76769==    at 0x484D953: calloc (in /usr/libexec/valgrind/vgpreload_memcheck-amd64-linux.so)
==76769==    by 0x723DE9: __mn_alloc (in /mnt/c/Users/Juan/Documents/GitHub/Mapanare/mapanare/self/mnc-stage1)
==76769==    by 0x7245AB: __mn_str_from_parts (in /mnt/c/Users/Juan/Documents/GitHub/Mapanare/mapanare/self/mnc-stage1)
==76769==    by 0x41FA6B: lexer__scan_ident (in /mnt/c/Users/Juan/Documents/GitHub/Mapanare/mapanare/self/mnc-stage1)
==76769==    by 0x6A7FA0F: ???
==76769==    by 0x8000000000000003: ???
==76769==    by 0x6A733D7: ???
==76769== 
==76769== 2 bytes in 1 blocks are definitely lost in loss record 47 of 950
==76769==    at 0x484D953: calloc (in /usr/libexec/valgrind/vgpreload_memcheck-amd64-linux.so)
==76769==    by 0x723DE9: __mn_alloc (in /mnt/c/Users/Juan/Documents/GitHub/Mapanare/mapanare/self/mnc-stage1)
==76769==    by 0x7245AB: __mn_str_from_parts (in /mnt/c/Users/Juan/Documents/GitHub/Mapanare/mapanare/self/mnc-stage1)
==76769==    by 0x41FA6B: lexer__scan_ident (in /mnt/c/Users/Juan/Documents/GitHub/Mapanare/mapanare/self/mnc-stage1)
==76769==    by 0x6A7FAAF: ???
==76769==    by 0x8000000000000004: ???
==76769==    by 0x6A733D7: ???
==76769== 
==76769== 2 bytes in 1 blocks are definitely lost in loss record 48 of 950
==76769==    at 0x484D953: calloc (in /usr/libexec/valgrind/vgpreload_memcheck-amd64-linux.so)
==76769==    by 0x723DE9: __mn_alloc (in /mnt/c/Users/Juan/Documents/GitHub/Mapanare/mapanare/self/mnc-stage1)
==76769==    by 0x7245AB: __mn_str_from_parts (in /mnt/c/Users/Juan/Documents/GitHub/Mapanare/mapanare/self/mnc-stage1)
==76769==    by 0x41FA6B: lexer__scan_ident (in /mnt/c/Users/Juan/Documents/GitHub/Mapanare/mapanare/self/mnc-stage1)
==76769==    by 0x6A7FB4F: ???
==76769==    by 0x8000000000000005: ???
==76769==    by 0x6A733D7: ???
==76769== 
==76769== 2 bytes in 1 blocks are definitely lost in loss record 49 of 950
==76769==    at 0x484D953: calloc (in /usr/libexec/valgrind/vgpreload_memcheck-amd64-linux.so)
==76769==    by 0x723DE9: __mn_alloc (in /mnt/c/Users/Juan/Documents/GitHub/Mapanare/mapanare/self/mnc-stage1)
==76769==    by 0x7245AB: __mn_str_from_parts (in /mnt/c/Users/Juan/Documents/GitHub/Mapanare/mapanare/self/mnc-stage1)
==76769==    by 0x41FA6B: lexer__scan_ident (in /mnt/c/Users/Juan/Documents/GitHub/Mapanare/mapanare/self/mnc-stage1)
==76769==    by 0x6A7FD2F: ???
==76769==    by 0x8000000000000000: ???
==76769==    by 0x6A733D7: ???
==76769==    by 0x7: ???
==76769==    by 0xA: ???
==76769==    by 0x6A7751F: ???
==76769==    by 0x8000000000000000: ???
==76769==    by 0x7: ???
==76769==    by 0xB3: ???
==76769== 
==76769== 2 bytes in 1 blocks are definitely lost in loss record 50 of 950
==76769==    at 0x484D953: calloc (in /usr/libexec/valgrind/vgpreload_memcheck-amd64-linux.so)
==76769==    by 0x723DE9: __mn_alloc (in /mnt/c/Users/Juan/Documents/GitHub/Mapanare/mapanare/self/mnc-stage1)
==76769==    by 0x7245AB: __mn_str_from_parts (in /mnt/c/Users/Juan/Documents/GitHub/Mapanare/mapanare/self/mnc-stage1)
==76769==    by 0x41FA6B: lexer__scan_ident (in /mnt/c/Users/Juan/Documents/GitHub/Mapanare/mapanare/self/mnc-stage1)
==76769==    by 0x6A7FDCF: ???
==76769==    by 0x8000000000000001: ???
==76769==    by 0x6A733D7: ???
==76769==    by 0x7: ???
==76769==    by 0xA: ???
==76769==    by 0x6A7751F: ???
==76769==    by 0x8000000000000000: ???
==76769==    by 0x7: ???
==76769==    by 0xB3: ???
==76769== 
==76769== 2 bytes in 1 blocks are definitely lost in loss record 51 of 950
==76769==    at 0x484D953: calloc (in /usr/libexec/valgrind/vgpreload_memcheck-amd64-linux.so)
==76769==    by 0x723DE9: __mn_alloc (in /mnt/c/Users/Juan/Documents/GitHub/Mapanare/mapanare/self/mnc-stage1)
==76769==    by 0x7245AB: __mn_str_from_parts (in /mnt/c/Users/Juan/Documents/GitHub/Mapanare/mapanare/self/mnc-stage1)
==76769==    by 0x41FA6B: lexer__scan_ident (in /mnt/c/Users/Juan/Documents/GitHub/Mapanare/mapanare/self/mnc-stage1)
==76769==    by 0x6A7FE6F: ???
==76769==    by 0x8000000000000002: ???
==76769==    by 0x6A733D7: ???
==76769==    by 0x7: ???
==76769==    by 0xA: ???
==76769==    by 0x6A7751F: ???
==76769==    by 0x8000000000000000: ???
==76769==    by 0x7: ???
==76769==    by 0xB3: ???
==76769== 
==76769== 2 bytes in 1 blocks are definitely lost in loss record 52 of 950
==76769==    at 0x484D953: calloc (in /usr/libexec/valgrind/vgpreload_memcheck-amd64-linux.so)
==76769==    by 0x723DE9: __mn_alloc (in /mnt/c/Users/Juan/Documents/GitHub/Mapanare/mapanare/self/mnc-stage1)
==76769==    by 0x7245AB: __mn_str_from_parts (in /mnt/c/Users/Juan/Documents/GitHub/Mapanare/mapanare/self/mnc-stage1)
==76769==    by 0x41FA6B: lexer__scan_ident (in /mnt/c/Users/Juan/Documents/GitHub/Mapanare/mapanare/self/mnc-stage1)
==76769==    by 0x6A7FF0F: ???
==76769==    by 0x8000000000000003: ???
==76769==    by 0x6A733D7: ???
==76769==    by 0x7: ???
==76769==    by 0xA: ???
==76769==    by 0x6A7751F: ???
==76769==    by 0x8000000000000000: ???
==76769==    by 0x7: ???
==76769==    by 0xB3: ???
==76769== 
==76769== 2 bytes in 1 blocks are definitely lost in loss record 53 of 950
==76769==    at 0x484D953: calloc (in /usr/libexec/valgrind/vgpreload_memcheck-amd64-linux.so)
==76769==    by 0x723DE9: __mn_alloc (in /mnt/c/Users/Juan/Documents/GitHub/Mapanare/mapanare/self/mnc-stage1)
==76769==    by 0x7245AB: __mn_str_from_parts (in /mnt/c/Users/Juan/Documents/GitHub/Mapanare/mapanare/self/mnc-stage1)
==76769==    by 0x41FA6B: lexer__scan_ident (in /mnt/c/Users/Juan/Documents/GitHub/Mapanare/mapanare/self/mnc-stage1)
==76769==    by 0x6A8018F: ???
==76769==    by 0x8000000000000000: ???
==76769==    by 0x6A733D7: ???
==76769==    by 0xC: ???
==76769==    by 0xA: ???
==76769==    by 0x6A7751F: ???
==76769==    by 0x8000000000000000: ???
==76769==    by 0xC: ???
==76769==    by 0xB8: ???
==76769== 
==76769== 2 bytes in 1 blocks are definitely lost in loss record 54 of 950
==76769==    at 0x484D953: calloc (in /usr/libexec/valgrind/vgpreload_memcheck-amd64-linux.so)
==76769==    by 0x723DE9: __mn_alloc (in /mnt/c/Users/Juan/Documents/GitHub/Mapanare/mapanare/self/mnc-stage1)
==76769==    by 0x7245AB: __mn_str_from_parts (in /mnt/c/Users/Juan/Documents/GitHub/Mapanare/mapanare/self/mnc-stage1)
==76769==    by 0x41FA6B: lexer__scan_ident (in /mnt/c/Users/Juan/Documents/GitHub/Mapanare/mapanare/self/mnc-stage1)
==76769==    by 0x6A8045F: ???
==76769==    by 0x8000000000000000: ???
==76769==    by 0x6A733D7: ???
==76769==    by 0xF: ???
==76769==    by 0xA: ???
==76769==    by 0x6A7751F: ???
==76769==    by 0x8000000000000000: ???
==76769==    by 0xF: ???
==76769==    by 0xBB: ???
==76769== 
==76769== 2 bytes in 1 blocks are definitely lost in loss record 55 of 950
==76769==    at 0x484D953: calloc (in /usr/libexec/valgrind/vgpreload_memcheck-amd64-linux.so)
==76769==    by 0x723DE9: __mn_alloc (in /mnt/c/Users/Juan/Documents/GitHub/Mapanare/mapanare/self/mnc-stage1)
==76769==    by 0x7245AB: __mn_str_from_parts (in /mnt/c/Users/Juan/Documents/GitHub/Mapanare/mapanare/self/mnc-stage1)
==76769==    by 0x41FA6B: lexer__scan_ident (in /mnt/c/Users/Juan/Documents/GitHub/Mapanare/mapanare/self/mnc-stage1)
==76769==    by 0x6A809AF: ???
==76769==    by 0x8000000000000000: ???
==76769==    by 0x6A733D7: ???
==76769==    by 0x4: ???
==76769==    by 0xB: ???
==76769==    by 0x6A7751F: ???
==76769==    by 0x8000000000000000: ???
==76769==    by 0x4: ???
==76769==    by 0xC4: ???
==76769== 
==76769== 2 bytes in 1 blocks are definitely lost in loss record 56 of 950
==76769==    at 0x484D953: calloc (in /usr/libexec/valgrind/vgpreload_memcheck-amd64-linux.so)
==76769==    by 0x723DE9: __mn_alloc (in /mnt/c/Users/Juan/Documents/GitHub/Mapanare/mapanare/self/mnc-stage1)
==76769==    by 0x7245AB: __mn_str_from_parts (in /mnt/c/Users/Juan/Documents/GitHub/Mapanare/mapanare/self/mnc-stage1)
==76769==    by 0x41FA6B: lexer__scan_ident (in /mnt/c/Users/Juan/Documents/GitHub/Mapanare/mapanare/self/mnc-stage1)
==76769==    by 0x6A80A4F: ???
==76769==    by 0x8000000000000001: ???
==76769==    by 0x6A733D7: ???
==76769==    by 0x4: ???
==76769==    by 0xB: ???
==76769==    by 0x6A7751F: ???
==76769==    by 0x8000000000000000: ???
==76769==    by 0x4: ???
==76769==    by 0xC4: ???
==76769== 
==76769== 2 bytes in 1 blocks are definitely lost in loss record 57 of 950
==76769==    at 0x484D953: calloc (in /usr/libexec/valgrind/vgpreload_memcheck-amd64-linux.so)
==76769==    by 0x723DE9: __mn_alloc (in /mnt/c/Users/Juan/Documents/GitHub/Mapanare/mapanare/self/mnc-stage1)
==76769==    by 0x7245AB: __mn_str_from_parts (in /mnt/c/Users/Juan/Documents/GitHub/Mapanare/mapanare/self/mnc-stage1)
==76769==    by 0x41FA6B: lexer__scan_ident (in /mnt/c/Users/Juan/Documents/GitHub/Mapanare/mapanare/self/mnc-stage1)
==76769==    by 0x6A80AEF: ???
==76769==    by 0x8000000000000002: ???
==76769==    by 0x6A733D7: ???
==76769==    by 0x4: ???
==76769==    by 0xB: ???
==76769==    by 0x6A7751F: ???
==76769==    by 0x8000000000000000: ???
==76769==    by 0x4: ???
==76769==    by 0xC4: ???
==76769== 
==76769== 2 bytes in 1 blocks are definitely lost in loss record 58 of 950
==76769==    at 0x484D953: calloc (in /usr/libexec/valgrind/vgpreload_memcheck-amd64-linux.so)
==76769==    by 0x723DE9: __mn_alloc (in /mnt/c/Users/Juan/Documents/GitHub/Mapanare/mapanare/self/mnc-stage1)
==76769==    by 0x7245AB: __mn_str_from_parts (in /mnt/c/Users/Juan/Documents/GitHub/Mapanare/mapanare/self/mnc-stage1)
==76769==    by 0x41FA6B: lexer__scan_ident (in /mnt/c/Users/Juan/Documents/GitHub/Mapanare/mapanare/self/mnc-stage1)
==76769==    by 0x6A80B8F: ???
==76769==    by 0x8000000000000003: ???
==76769==    by 0x6A733D7: ???
==76769==    by 0x4: ???
==76769==    by 0xB: ???
==76769==    by 0x6A7751F: ???
==76769==    by 0x8000000000000000: ???
==76769==    by 0x4: ???
==76769==    by 0xC4: ???
==76769== 
==76769== 2 bytes in 1 blocks are definitely lost in loss record 59 of 950
==76769==    at 0x484D953: calloc (in /usr/libexec/valgrind/vgpreload_memcheck-amd64-linux.so)
==76769==    by 0x723DE9: __mn_alloc (in /mnt/c/Users/Juan/Documents/GitHub/Mapanare/mapanare/self/mnc-stage1)
==76769==    by 0x7245AB: __mn_str_from_parts (in /mnt/c/Users/Juan/Documents/GitHub/Mapanare/mapanare/self/mnc-stage1)
==76769==    by 0x41FA6B: lexer__scan_ident (in /mnt/c/Users/Juan/Documents/GitHub/Mapanare/mapanare/self/mnc-stage1)
==76769==    by 0x6A80C2F: ???
==76769==    by 0x8000000000000004: ???
==76769==    by 0x6A733D7: ???
==76769==    by 0x4: ???
==76769==    by 0xB: ???
==76769==    by 0x6A7751F: ???
==76769==    by 0x8000000000000000: ???
==76769==    by 0x4: ???
==76769==    by 0xC4: ???
==76769== 
==76769== 2 bytes in 1 blocks are definitely lost in loss record 60 of 950
==76769==    at 0x484D953: calloc (in /usr/libexec/valgrind/vgpreload_memcheck-amd64-linux.so)
==76769==    by 0x723DE9: __mn_alloc (in /mnt/c/Users/Juan/Documents/GitHub/Mapanare/mapanare/self/mnc-stage1)
==76769==    by 0x7245AB: __mn_str_from_parts (in /mnt/c/Users/Juan/Documents/GitHub/Mapanare/mapanare/self/mnc-stage1)
==76769==    by 0x41FA6B: lexer__scan_ident (in /mnt/c/Users/Juan/Documents/GitHub/Mapanare/mapanare/self/mnc-stage1)
==76769==    by 0x6A80EFF: ???
==76769==    by 0x8000000000000000: ???
==76769==    by 0x6A733D7: ???
==76769==    by 0xB: ???
==76769==    by 0xB: ???
==76769==    by 0x6A7751F: ???
==76769==    by 0x8000000000000000: ???
==76769==    by 0xB: ???
==76769==    by 0xCB: ???
==76769== 
==76769== 2 bytes in 1 blocks are definitely lost in loss record 61 of 950
==76769==    at 0x484D953: calloc (in /usr/libexec/valgrind/vgpreload_memcheck-amd64-linux.so)
==76769==    by 0x723DE9: __mn_alloc (in /mnt/c/Users/Juan/Documents/GitHub/Mapanare/mapanare/self/mnc-stage1)
==76769==    by 0x7245AB: __mn_str_from_parts (in /mnt/c/Users/Juan/Documents/GitHub/Mapanare/mapanare/self/mnc-stage1)
==76769==    by 0x41FA6B: lexer__scan_ident (in /mnt/c/Users/Juan/Documents/GitHub/Mapanare/mapanare/self/mnc-stage1)
==76769==    by 0x6A8130F: ???
==76769==    by 0x8000000000000000: ???
==76769==    by 0x6A733D7: ???
==76769==    by 0x4: ???
==76769==    by 0xC: ???
==76769==    by 0x6A7751F: ???
==76769==    by 0x8000000000000000: ???
==76769==    by 0x4: ???
==76769==    by 0xD2: ???
==76769== 
==76769== 2 bytes in 1 blocks are definitely lost in loss record 62 of 950
==76769==    at 0x484D953: calloc (in /usr/libexec/valgrind/vgpreload_memcheck-amd64-linux.so)
==76769==    by 0x723DE9: __mn_alloc (in /mnt/c/Users/Juan/Documents/GitHub/Mapanare/mapanare/self/mnc-stage1)
==76769==    by 0x7245AB: __mn_str_from_parts (in /mnt/c/Users/Juan/Documents/GitHub/Mapanare/mapanare/self/mnc-stage1)
==76769==    by 0x41FA6B: lexer__scan_ident (in /mnt/c/Users/Juan/Documents/GitHub/Mapanare/mapanare/self/mnc-stage1)
==76769==    by 0x6A813AF: ???
==76769==    by 0x8000000000000001: ???
==76769==    by 0x6A733D7: ???
==76769==    by 0x4: ???
==76769==    by 0xC: ???
==76769==    by 0x6A7751F: ???
==76769==    by 0x8000000000000000: ???
==76769==    by 0x4: ???
==76769==    by 0xD2: ???
==76769== 
==76769== 2 bytes in 1 blocks are definitely lost in loss record 63 of 950
==76769==    at 0x484D953: calloc (in /usr/libexec/valgrind/vgpreload_memcheck-amd64-linux.so)
==76769==    by 0x723DE9: __mn_alloc (in /mnt/c/Users/Juan/Documents/GitHub/Mapanare/mapanare/self/mnc-stage1)
==76769==    by 0x7245AB: __mn_str_from_parts (in /mnt/c/Users/Juan/Documents/GitHub/Mapanare/mapanare/self/mnc-stage1)
==76769==    by 0x41FA6B: lexer__scan_ident (in /mnt/c/Users/Juan/Documents/GitHub/Mapanare/mapanare/self/mnc-stage1)
==76769==    by 0x6A8144F: ???
==76769==    by 0x8000000000000002: ???
==76769==    by 0x6A733D7: ???
==76769==    by 0x4: ???
==76769==    by 0xC: ???
==76769==    by 0x6A7751F: ???
==76769==    by 0x8000000000000000: ???
==76769==    by 0x4: ???
==76769==    by 0xD2: ???
==76769== 
==76769== 2 bytes in 1 blocks are definitely lost in loss record 64 of 950
==76769==    at 0x484D953: calloc (in /usr/libexec/valgrind/vgpreload_memcheck-amd64-linux.so)
==76769==    by 0x723DE9: __mn_alloc (in /mnt/c/Users/Juan/Documents/GitHub/Mapanare/mapanare/self/mnc-stage1)
==76769==    by 0x7245AB: __mn_str_from_parts (in /mnt/c/Users/Juan/Documents/GitHub/Mapanare/mapanare/self/mnc-stage1)
==76769==    by 0x41FA6B: lexer__scan_ident (in /mnt/c/Users/Juan/Documents/GitHub/Mapanare/mapanare/self/mnc-stage1)
==76769==    by 0x6A814EF: ???
==76769==    by 0x8000000000000003: ???
==76769==    by 0x6A733D7: ???
==76769==    by 0x4: ???
==76769==    by 0xC: ???
==76769==    by 0x6A7751F: ???
==76769==    by 0x8000000000000000: ???
==76769==    by 0x4: ???
==76769==    by 0xD2: ???
==76769== 
==76769== 2 bytes in 1 blocks are definitely lost in loss record 65 of 950
==76769==    at 0x484D953: calloc (in /usr/libexec/valgrind/vgpreload_memcheck-amd64-linux.so)
==76769==    by 0x723DE9: __mn_alloc (in /mnt/c/Users/Juan/Documents/GitHub/Mapanare/mapanare/self/mnc-stage1)
==76769==    by 0x7245AB: __mn_str_from_parts (in /mnt/c/Users/Juan/Documents/GitHub/Mapanare/mapanare/self/mnc-stage1)
==76769==    by 0x41FA6B: lexer__scan_ident (in /mnt/c/Users/Juan/Documents/GitHub/Mapanare/mapanare/self/mnc-stage1)
==76769==    by 0x6A8158F: ???
==76769==    by 0x8000000000000004: ???
==76769==    by 0x6A733D7: ???
==76769==    by 0x4: ???
==76769==    by 0xC: ???
==76769==    by 0x6A7751F: ???
==76769==    by 0x8000000000000000: ???
==76769==    by 0x4: ???
==76769==    by 0xD2: ???
==76769== 
==76769== 2 bytes in 1 blocks are definitely lost in loss record 66 of 950
==76769==    at 0x484D953: calloc (in /usr/libexec/valgrind/vgpreload_memcheck-amd64-linux.so)
==76769==    by 0x723DE9: __mn_alloc (in /mnt/c/Users/Juan/Documents/GitHub/Mapanare/mapanare/self/mnc-stage1)
==76769==    by 0x7245AB: __mn_str_from_parts (in /mnt/c/Users/Juan/Documents/GitHub/Mapanare/mapanare/self/mnc-stage1)
==76769==    by 0x41FA6B: lexer__scan_ident (in /mnt/c/Users/Juan/Documents/GitHub/Mapanare/mapanare/self/mnc-stage1)
==76769==    by 0x6A8162F: ???
==76769==    by 0x8000000000000005: ???
==76769==    by 0x6A733D7: ???
==76769==    by 0x4: ???
==76769==    by 0xC: ???
==76769==    by 0x6A7751F: ???
==76769==    by 0x8000000000000000: ???
==76769==    by 0x4: ???
==76769==    by 0xD2: ???
==76769== 
==76769== 2 bytes in 1 blocks are definitely lost in loss record 67 of 950
==76769==    at 0x484D953: calloc (in /usr/libexec/valgrind/vgpreload_memcheck-amd64-linux.so)
==76769==    by 0x723DE9: __mn_alloc (in /mnt/c/Users/Juan/Documents/GitHub/Mapanare/mapanare/self/mnc-stage1)
==76769==    by 0x7245AB: __mn_str_from_parts (in /mnt/c/Users/Juan/Documents/GitHub/Mapanare/mapanare/self/mnc-stage1)
==76769==    by 0x41FA6B: lexer__scan_ident (in /mnt/c/Users/Juan/Documents/GitHub/Mapanare/mapanare/self/mnc-stage1)
==76769==    by 0x6A818FF: ???
==76769==    by 0x8000000000000000: ???
==76769==    by 0x6A733D7: ???
==76769==    by 0xC: ???
==76769==    by 0xC: ???
==76769==    by 0x6A7751F: ???
==76769==    by 0x8000000000000000: ???
==76769==    by 0xC: ???
==76769==    by 0xDA: ???
==76769== 
==76769== 2 bytes in 1 blocks are definitely lost in loss record 68 of 950
==76769==    at 0x484D953: calloc (in /usr/libexec/valgrind/vgpreload_memcheck-amd64-linux.so)
==76769==    by 0x723DE9: __mn_alloc (in /mnt/c/Users/Juan/Documents/GitHub/Mapanare/mapanare/self/mnc-stage1)
==76769==    by 0x7245AB: __mn_str_from_parts (in /mnt/c/Users/Juan/Documents/GitHub/Mapanare/mapanare/self/mnc-stage1)
==76769==    by 0x41FA6B: lexer__scan_ident (in /mnt/c/Users/Juan/Documents/GitHub/Mapanare/mapanare/self/mnc-stage1)
==76769==    by 0x6A81C6F: ???
==76769==    by 0x8000000000000000: ???
==76769==    by 0x6A733D7: ???
==76769== 
==76769== 2 bytes in 1 blocks are definitely lost in loss record 69 of 950
==76769==    at 0x484D953: calloc (in /usr/libexec/valgrind/vgpreload_memcheck-amd64-linux.so)
==76769==    by 0x723DE9: __mn_alloc (in /mnt/c/Users/Juan/Documents/GitHub/Mapanare/mapanare/self/mnc-stage1)
==76769==    by 0x7245AB: __mn_str_from_parts (in /mnt/c/Users/Juan/Documents/GitHub/Mapanare/mapanare/self/mnc-stage1)
==76769==    by 0x41FA6B: lexer__scan_ident (in /mnt/c/Users/Juan/Documents/GitHub/Mapanare/mapanare/self/mnc-stage1)
==76769==    by 0x6A81D0F: ???
==76769==    by 0x8000000000000001: ???
==76769==    by 0x6A733D7: ???
==76769== 
==76769== 2 bytes in 1 blocks are definitely lost in loss record 70 of 950
==76769==    at 0x484D953: calloc (in /usr/libexec/valgrind/vgpreload_memcheck-amd64-linux.so)
==76769==    by 0x723DE9: __mn_alloc (in /mnt/c/Users/Juan/Documents/GitHub/Mapanare/mapanare/self/mnc-stage1)
==76769==    by 0x7245AB: __mn_str_from_parts (in /mnt/c/Users/Juan/Documents/GitHub/Mapanare/mapanare/self/mnc-stage1)
==76769==    by 0x41FA6B: lexer__scan_ident (in /mnt/c/Users/Juan/Documents/GitHub/Mapanare/mapanare/self/mnc-stage1)
==76769==    by 0x6A81EEF: ???
==76769==    by 0x8000000000000000: ???
==76769==    by 0x6A733D7: ???
==76769==    by 0x3: ???
==76769==    by 0xF: ???
==76769==    by 0x6A7751F: ???
==76769==    by 0x8000000000000000: ???
==76769==    by 0x3: ???
==76769==    by 0xE2: ???
==76769== 
==76769== 2 bytes in 1 blocks are definitely lost in loss record 71 of 950
==76769==    at 0x484D953: calloc (in /usr/libexec/valgrind/vgpreload_memcheck-amd64-linux.so)
==76769==    by 0x723DE9: __mn_alloc (in /mnt/c/Users/Juan/Documents/GitHub/Mapanare/mapanare/self/mnc-stage1)
==76769==    by 0x7245AB: __mn_str_from_parts (in /mnt/c/Users/Juan/Documents/GitHub/Mapanare/mapanare/self/mnc-stage1)
==76769==    by 0x41FA6B: lexer__scan_ident (in /mnt/c/Users/Juan/Documents/GitHub/Mapanare/mapanare/self/mnc-stage1)
==76769==    by 0x6A81F8F: ???
==76769==    by 0x8000000000000001: ???
==76769==    by 0x6A733D7: ???
==76769==    by 0x3: ???
==76769==    by 0xF: ???
==76769==    by 0x6A7751F: ???
==76769==    by 0x8000000000000000: ???
==76769==    by 0x3: ???
==76769==    by 0xE2: ???
==76769== 
==76769== 2 bytes in 1 blocks are definitely lost in loss record 72 of 950
==76769==    at 0x484D953: calloc (in /usr/libexec/valgrind/vgpreload_memcheck-amd64-linux.so)
==76769==    by 0x723DE9: __mn_alloc (in /mnt/c/Users/Juan/Documents/GitHub/Mapanare/mapanare/self/mnc-stage1)
==76769==    by 0x7245AB: __mn_str_from_parts (in /mnt/c/Users/Juan/Documents/GitHub/Mapanare/mapanare/self/mnc-stage1)
==76769==    by 0x41FA6B: lexer__scan_ident (in /mnt/c/Users/Juan/Documents/GitHub/Mapanare/mapanare/self/mnc-stage1)
==76769==    by 0x6A8202F: ???
==76769==    by 0x8000000000000002: ???
==76769==    by 0x6A733D7: ???
==76769==    by 0x3: ???
==76769==    by 0xF: ???
==76769==    by 0x6A7751F: ???
==76769==    by 0x8000000000000000: ???
==76769==    by 0x3: ???
==76769==    by 0xE2: ???
==76769== 
==76769== 2 bytes in 1 blocks are definitely lost in loss record 73 of 950
==76769==    at 0x484D953: calloc (in /usr/libexec/valgrind/vgpreload_memcheck-amd64-linux.so)
==76769==    by 0x723DE9: __mn_alloc (in /mnt/c/Users/Juan/Documents/GitHub/Mapanare/mapanare/self/mnc-stage1)
==76769==    by 0x7245AB: __mn_str_from_parts (in /mnt/c/Users/Juan/Documents/GitHub/Mapanare/mapanare/self/mnc-stage1)
==76769==    by 0x41FA6B: lexer__scan_ident (in /mnt/c/Users/Juan/Documents/GitHub/Mapanare/mapanare/self/mnc-stage1)
==76769==    by 0x6A820CF: ???
==76769==    by 0x8000000000000003: ???
==76769==    by 0x6A733D7: ???
==76769==    by 0x3: ???
==76769==    by 0xF: ???
==76769==    by 0x6A7751F: ???
==76769==    by 0x8000000000000000: ???
==76769==    by 0x3: ???
==76769==    by 0xE2: ???
==76769== 
==76769== 2 bytes in 1 blocks are definitely lost in loss record 74 of 950
==76769==    at 0x484D953: calloc (in /usr/libexec/valgrind/vgpreload_memcheck-amd64-linux.so)
==76769==    by 0x723DE9: __mn_alloc (in /mnt/c/Users/Juan/Documents/GitHub/Mapanare/mapanare/self/mnc-stage1)
==76769==    by 0x7245AB: __mn_str_from_parts (in /mnt/c/Users/Juan/Documents/GitHub/Mapanare/mapanare/self/mnc-stage1)
==76769==    by 0x41FA6B: lexer__scan_ident (in /mnt/c/Users/Juan/Documents/GitHub/Mapanare/mapanare/self/mnc-stage1)
==76769==    by 0x6A8270F: ???
==76769==    by 0x8000000000000000: ???
==76769==    by 0x6A733D7: ???
==76769==    by 0x4: ???
==76769==    by 0x10: ???
==76769==    by 0x6A7751F: ???
==76769==    by 0x8000000000000000: ???
==76769==    by 0x4: ???
==76769==    by 0xEF: ???
==76769== 
==76769== 2 bytes in 1 blocks are definitely lost in loss record 75 of 950
==76769==    at 0x484D953: calloc (in /usr/libexec/valgrind/vgpreload_memcheck-amd64-linux.so)
==76769==    by 0x723DE9: __mn_alloc (in /mnt/c/Users/Juan/Documents/GitHub/Mapanare/mapanare/self/mnc-stage1)
==76769==    by 0x7245AB: __mn_str_from_parts (in /mnt/c/Users/Juan/Documents/GitHub/Mapanare/mapanare/self/mnc-stage1)
==76769==    by 0x41FA6B: lexer__scan_ident (in /mnt/c/Users/Juan/Documents/GitHub/Mapanare/mapanare/self/mnc-stage1)
==76769==    by 0x6A827AF: ???
==76769==    by 0x8000000000000001: ???
==76769==    by 0x6A733D7: ???
==76769==    by 0x4: ???
==76769==    by 0x10: ???
==76769==    by 0x6A7751F: ???
==76769==    by 0x8000000000000000: ???
==76769==    by 0x4: ???
==76769==    by 0xEF: ???
==76769== 
==76769== 2 bytes in 1 blocks are definitely lost in loss record 76 of 950
==76769==    at 0x484D953: calloc (in /usr/libexec/valgrind/vgpreload_memcheck-amd64-linux.so)
==76769==    by 0x723DE9: __mn_alloc (in /mnt/c/Users/Juan/Documents/GitHub/Mapanare/mapanare/self/mnc-stage1)
==76769==    by 0x7245AB: __mn_str_from_parts (in /mnt/c/Users/Juan/Documents/GitHub/Mapanare/mapanare/self/mnc-stage1)
==76769==    by 0x41FA6B: lexer__scan_ident (in /mnt/c/Users/Juan/Documents/GitHub/Mapanare/mapanare/self/mnc-stage1)
==76769==    by 0x6A8284F: ???
==76769==    by 0x8000000000000002: ???
==76769==    by 0x6A733D7: ???
==76769==    by 0x4: ???
==76769==    by 0x10: ???
==76769==    by 0x6A7751F: ???
==76769==    by 0x8000000000000000: ???
==76769==    by 0x4: ???
==76769==    by 0xEF: ???
==76769== 
==76769== 2 bytes in 1 blocks are definitely lost in loss record 77 of 950
==76769==    at 0x484D953: calloc (in /usr/libexec/valgrind/vgpreload_memcheck-amd64-linux.so)
==76769==    by 0x723DE9: __mn_alloc (in /mnt/c/Users/Juan/Documents/GitHub/Mapanare/mapanare/self/mnc-stage1)
==76769==    by 0x7245AB: __mn_str_from_parts (in /mnt/c/Users/Juan/Documents/GitHub/Mapanare/mapanare/self/mnc-stage1)
==76769==    by 0x41FA6B: lexer__scan_ident (in /mnt/c/Users/Juan/Documents/GitHub/Mapanare/mapanare/self/mnc-stage1)
==76769==    by 0x6A82A2F: ???
==76769==    by 0x8000000000000000: ???
==76769==    by 0x6A733D7: ???
==76769==    by 0x8: ???
==76769==    by 0x10: ???
==76769==    by 0x6A7751F: ???
==76769==    by 0x8000000000000000: ???
==76769==    by 0x8: ???
==76769==    by 0xF3: ???
==76769== 
==76769== 2 bytes in 1 blocks are definitely lost in loss record 78 of 950
==76769==    at 0x484D953: calloc (in /usr/libexec/valgrind/vgpreload_memcheck-amd64-linux.so)
==76769==    by 0x723DE9: __mn_alloc (in /mnt/c/Users/Juan/Documents/GitHub/Mapanare/mapanare/self/mnc-stage1)
==76769==    by 0x7245AB: __mn_str_from_parts (in /mnt/c/Users/Juan/Documents/GitHub/Mapanare/mapanare/self/mnc-stage1)
==76769==    by 0x41FA6B: lexer__scan_ident (in /mnt/c/Users/Juan/Documents/GitHub/Mapanare/mapanare/self/mnc-stage1)
==76769==    by 0x6A82CFF: ???
==76769==    by 0x8000000000000000: ???
==76769==    by 0x6A733D7: ???
==76769==    by 0xB: ???
==76769==    by 0x10: ???
==76769==    by 0x6A7751F: ???
==76769==    by 0x8000000000000000: ???
==76769==    by 0xB: ???
==76769==    by 0xF6: ???
==76769== 
==76769== 2 bytes in 1 blocks are definitely lost in loss record 79 of 950
==76769==    at 0x484D953: calloc (in /usr/libexec/valgrind/vgpreload_memcheck-amd64-linux.so)
==76769==    by 0x723DE9: __mn_alloc (in /mnt/c/Users/Juan/Documents/GitHub/Mapanare/mapanare/self/mnc-stage1)
==76769==    by 0x7245AB: __mn_str_from_parts (in /mnt/c/Users/Juan/Documents/GitHub/Mapanare/mapanare/self/mnc-stage1)
==76769==    by 0x41FA6B: lexer__scan_ident (in /mnt/c/Users/Juan/Documents/GitHub/Mapanare/mapanare/self/mnc-stage1)
==76769==    by 0x6A82D9F: ???
==76769==    by 0x8000000000000001: ???
==76769==    by 0x6A733D7: ???
==76769==    by 0xB: ???
==76769==    by 0x10: ???
==76769==    by 0x6A7751F: ???
==76769==    by 0x8000000000000000: ???
==76769==    by 0xB: ???
==76769==    by 0xF6: ???
==76769== 
==76769== 2 bytes in 1 blocks are definitely lost in loss record 80 of 950
==76769==    at 0x484D953: calloc (in /usr/libexec/valgrind/vgpreload_memcheck-amd64-linux.so)
==76769==    by 0x723DE9: __mn_alloc (in /mnt/c/Users/Juan/Documents/GitHub/Mapanare/mapanare/self/mnc-stage1)
==76769==    by 0x7245AB: __mn_str_from_parts (in /mnt/c/Users/Juan/Documents/GitHub/Mapanare/mapanare/self/mnc-stage1)
==76769==    by 0x41FA6B: lexer__scan_ident (in /mnt/c/Users/Juan/Documents/GitHub/Mapanare/mapanare/self/mnc-stage1)
==76769==    by 0x6A82E3F: ???
==76769==    by 0x8000000000000002: ???
==76769==    by 0x6A733D7: ???
==76769==    by 0xB: ???
==76769==    by 0x10: ???
==76769==    by 0x6A7751F: ???
==76769==    by 0x8000000000000000: ???
==76769==    by 0xB: ???
==76769==    by 0xF6: ???
==76769== 
==76769== 2 bytes in 1 blocks are definitely lost in loss record 81 of 950
==76769==    at 0x484D953: calloc (in /usr/libexec/valgrind/vgpreload_memcheck-amd64-linux.so)
==76769==    by 0x723DE9: __mn_alloc (in /mnt/c/Users/Juan/Documents/GitHub/Mapanare/mapanare/self/mnc-stage1)
==76769==    by 0x7245AB: __mn_str_from_parts (in /mnt/c/Users/Juan/Documents/GitHub/Mapanare/mapanare/self/mnc-stage1)
==76769==    by 0x41FA6B: lexer__scan_ident (in /mnt/c/Users/Juan/Documents/GitHub/Mapanare/mapanare/self/mnc-stage1)
==76769==    by 0x6A8315F: ???
==76769==    by 0x8000000000000000: ???
==76769==    by 0x6A733D7: ???
==76769==    by 0x11: ???
==76769==    by 0x10: ???
==76769==    by 0x6A7751F: ???
==76769==    by 0x8000000000000000: ???
==76769==    by 0x11: ???
==76769==    by 0xFC: ???
==76769== 
==76769== 2 bytes in 1 blocks are definitely lost in loss record 82 of 950
==76769==    at 0x484D953: calloc (in /usr/libexec/valgrind/vgpreload_memcheck-amd64-linux.so)
==76769==    by 0x723DE9: __mn_alloc (in /mnt/c/Users/Juan/Documents/GitHub/Mapanare/mapanare/self/mnc-stage1)
==76769==    by 0x7245AB: __mn_str_from_parts (in /mnt/c/Users/Juan/Documents/GitHub/Mapanare/mapanare/self/mnc-stage1)
==76769==    by 0x41FA6B: lexer__scan_ident (in /mnt/c/Users/Juan/Documents/GitHub/Mapanare/mapanare/self/mnc-stage1)
==76769==    by 0x6A831FF: ???
==76769==    by 0x8000000000000001: ???
==76769==    by 0x6A733D7: ???
==76769==    by 0x11: ???
==76769==    by 0x10: ???
==76769==    by 0x6A7751F: ???
==76769==    by 0x8000000000000000: ???
==76769==    by 0x11: ???
==76769==    by 0xFC: ???
==76769== 
==76769== 2 bytes in 1 blocks are definitely lost in loss record 83 of 950
==76769==    at 0x484D953: calloc (in /usr/libexec/valgrind/vgpreload_memcheck-amd64-linux.so)
==76769==    by 0x723DE9: __mn_alloc (in /mnt/c/Users/Juan/Documents/GitHub/Mapanare/mapanare/self/mnc-stage1)
==76769==    by 0x7245AB: __mn_str_from_parts (in /mnt/c/Users/Juan/Documents/GitHub/Mapanare/mapanare/self/mnc-stage1)
==76769==    by 0x41FA6B: lexer__scan_ident (in /mnt/c/Users/Juan/Documents/GitHub/Mapanare/mapanare/self/mnc-stage1)
==76769==    by 0x6A8329F: ???
==76769==    by 0x8000000000000002: ???
==76769==    by 0x6A733D7: ???
==76769==    by 0x11: ???
==76769==    by 0x10: ???
==76769==    by 0x6A7751F: ???
==76769==    by 0x8000000000000000: ???
==76769==    by 0x11: ???
==76769==    by 0xFC: ???
==76769== 
==76769== 2 bytes in 1 blocks are definitely lost in loss record 84 of 950
==76769==    at 0x484D953: calloc (in /usr/libexec/valgrind/vgpreload_memcheck-amd64-linux.so)
==76769==    by 0x723DE9: __mn_alloc (in /mnt/c/Users/Juan/Documents/GitHub/Mapanare/mapanare/self/mnc-stage1)
==76769==    by 0x7245AB: __mn_str_from_parts (in /mnt/c/Users/Juan/Documents/GitHub/Mapanare/mapanare/self/mnc-stage1)
==76769==    by 0x41FA6B: lexer__scan_ident (in /mnt/c/Users/Juan/Documents/GitHub/Mapanare/mapanare/self/mnc-stage1)
==76769==    by 0x6A8333F: ???
==76769==    by 0x8000000000000003: ???
==76769==    by 0x6A733D7: ???
==76769==    by 0x11: ???
==76769==    by 0x10: ???
==76769==    by 0x6A7751F: ???
==76769==    by 0x8000000000000000: ???
==76769==    by 0x11: ???
==76769==    by 0xFC: ???
==76769== 
==76769== 2 bytes in 1 blocks are definitely lost in loss record 85 of 950
==76769==    at 0x484D953: calloc (in /usr/libexec/valgrind/vgpreload_memcheck-amd64-linux.so)
==76769==    by 0x723DE9: __mn_alloc (in /mnt/c/Users/Juan/Documents/GitHub/Mapanare/mapanare/self/mnc-stage1)
==76769==    by 0x7245AB: __mn_str_from_parts (in /mnt/c/Users/Juan/Documents/GitHub/Mapanare/mapanare/self/mnc-stage1)
==76769==    by 0x41FA6B: lexer__scan_ident (in /mnt/c/Users/Juan/Documents/GitHub/Mapanare/mapanare/self/mnc-stage1)
==76769==    by 0x6A833DF: ???
==76769==    by 0x8000000000000004: ???
==76769==    by 0x6A733D7: ???
==76769==    by 0x11: ???
==76769==    by 0x10: ???
==76769==    by 0x6A7751F: ???
==76769==    by 0x8000000000000000: ???
==76769==    by 0x11: ???
==76769==    by 0xFC: ???
==76769== 
==76769== 2 bytes in 1 blocks are definitely lost in loss record 86 of 950
==76769==    at 0x484D953: calloc (in /usr/libexec/valgrind/vgpreload_memcheck-amd64-linux.so)
==76769==    by 0x723DE9: __mn_alloc (in /mnt/c/Users/Juan/Documents/GitHub/Mapanare/mapanare/self/mnc-stage1)
==76769==    by 0x7245AB: __mn_str_from_parts (in /mnt/c/Users/Juan/Documents/GitHub/Mapanare/mapanare/self/mnc-stage1)
==76769==    by 0x41FA6B: lexer__scan_ident (in /mnt/c/Users/Juan/Documents/GitHub/Mapanare/mapanare/self/mnc-stage1)
==76769==    by 0x6A8347F: ???
==76769==    by 0x8000000000000005: ???
==76769==    by 0x6A733D7: ???
==76769==    by 0x11: ???
==76769==    by 0x10: ???
==76769==    by 0x6A7751F: ???
==76769==    by 0x8000000000000000: ???
==76769==    by 0x11: ???
==76769==    by 0xFC: ???
==76769== 
==76769== 2 bytes in 1 blocks are definitely lost in loss record 87 of 950
==76769==    at 0x484D953: calloc (in /usr/libexec/valgrind/vgpreload_memcheck-amd64-linux.so)
==76769==    by 0x723DE9: __mn_alloc (in /mnt/c/Users/Juan/Documents/GitHub/Mapanare/mapanare/self/mnc-stage1)
==76769==    by 0x7245AB: __mn_str_from_parts (in /mnt/c/Users/Juan/Documents/GitHub/Mapanare/mapanare/self/mnc-stage1)
==76769==    by 0x41FA6B: lexer__scan_ident (in /mnt/c/Users/Juan/Documents/GitHub/Mapanare/mapanare/self/mnc-stage1)
==76769==    by 0x6A8351F: ???
==76769==    by 0x8000000000000006: ???
==76769==    by 0x6A733D7: ???
==76769==    by 0x11: ???
==76769==    by 0x10: ???
==76769==    by 0x6A7751F: ???
==76769==    by 0x8000000000000000: ???
==76769==    by 0x11: ???
==76769==    by 0xFC: ???
==76769== 
==76769== 2 bytes in 1 blocks are definitely lost in loss record 88 of 950
==76769==    at 0x484D953: calloc (in /usr/libexec/valgrind/vgpreload_memcheck-amd64-linux.so)
==76769==    by 0x723DE9: __mn_alloc (in /mnt/c/Users/Juan/Documents/GitHub/Mapanare/mapanare/self/mnc-stage1)
==76769==    by 0x7245AB: __mn_str_from_parts (in /mnt/c/Users/Juan/Documents/GitHub/Mapanare/mapanare/self/mnc-stage1)
==76769==    by 0x41FA6B: lexer__scan_ident (in /mnt/c/Users/Juan/Documents/GitHub/Mapanare/mapanare/self/mnc-stage1)
==76769==    by 0x6A835BF: ???
==76769==    by 0x8000000000000007: ???
==76769==    by 0x6A733D7: ???
==76769==    by 0x11: ???
==76769==    by 0x10: ???
==76769==    by 0x6A7751F: ???
==76769==    by 0x8000000000000000: ???
==76769==    by 0x11: ???
==76769==    by 0xFC: ???
==76769== 
==76769== 2 bytes in 1 blocks are definitely lost in loss record 89 of 950
==76769==    at 0x484D953: calloc (in /usr/libexec/valgrind/vgpreload_memcheck-amd64-linux.so)
==76769==    by 0x723DE9: __mn_alloc (in /mnt/c/Users/Juan/Documents/GitHub/Mapanare/mapanare/self/mnc-stage1)
==76769==    by 0x7245AB: __mn_str_from_parts (in /mnt/c/Users/Juan/Documents/GitHub/Mapanare/mapanare/self/mnc-stage1)
==76769==    by 0x42002C: lexer__scan_number (in /mnt/c/Users/Juan/Documents/GitHub/Mapanare/mapanare/self/mnc-stage1)
==76769==    by 0x6A858DF: ???
==76769==    by 0x6A73257: ???
==76769==    by 0x8000000000000000: ???
==76769==    by 0x6A857EF: ???
==76769==    by 0x8000000000000000: ???
==76769== 
==76769== 2 bytes in 1 blocks are definitely lost in loss record 90 of 950
==76769==    at 0x484D953: calloc (in /usr/libexec/valgrind/vgpreload_memcheck-amd64-linux.so)
==76769==    by 0x723DE9: __mn_alloc (in /mnt/c/Users/Juan/Documents/GitHub/Mapanare/mapanare/self/mnc-stage1)
==76769==    by 0x7245AB: __mn_str_from_parts (in /mnt/c/Users/Juan/Documents/GitHub/Mapanare/mapanare/self/mnc-stage1)
==76769==    by 0x42002C: lexer__scan_number (in /mnt/c/Users/Juan/Documents/GitHub/Mapanare/mapanare/self/mnc-stage1)
==76769==    by 0x6A8597F: ???
==76769==    by 0x6A73257: ???
==76769==    by 0x8000000000000001: ???
==76769==    by 0x6A857EF: ???
==76769==    by 0x8000000000000000: ???
==76769== 
==76769== 2 bytes in 1 blocks are definitely lost in loss record 91 of 950
==76769==    at 0x484D953: calloc (in /usr/libexec/valgrind/vgpreload_memcheck-amd64-linux.so)
==76769==    by 0x723DE9: __mn_alloc (in /mnt/c/Users/Juan/Documents/GitHub/Mapanare/mapanare/self/mnc-stage1)
==76769==    by 0x7245AB: __mn_str_from_parts (in /mnt/c/Users/Juan/Documents/GitHub/Mapanare/mapanare/self/mnc-stage1)
==76769==    by 0x41FA6B: lexer__scan_ident (in /mnt/c/Users/Juan/Documents/GitHub/Mapanare/mapanare/self/mnc-stage1)
==76769==    by 0x6A85D8F: ???
==76769==    by 0x8000000000000000: ???
==76769==    by 0x6A733D7: ???
==76769==    by 0x4: ???
==76769==    by 0x11: ???
==76769==    by 0x6A7751F: ???
==76769==    by 0x8000000000000000: ???
==76769==    by 0x4: ???
==76769==    by 0x10D: ???
==76769== 
==76769== 2 bytes in 1 blocks are definitely lost in loss record 92 of 950
==76769==    at 0x484D953: calloc (in /usr/libexec/valgrind/vgpreload_memcheck-amd64-linux.so)
==76769==    by 0x723DE9: __mn_alloc (in /mnt/c/Users/Juan/Documents/GitHub/Mapanare/mapanare/self/mnc-stage1)
==76769==    by 0x7245AB: __mn_str_from_parts (in /mnt/c/Users/Juan/Documents/GitHub/Mapanare/mapanare/self/mnc-stage1)
==76769==    by 0x41FA6B: lexer__scan_ident (in /mnt/c/Users/Juan/Documents/GitHub/Mapanare/mapanare/self/mnc-stage1)
==76769==    by 0x6A85E2F: ???
==76769==    by 0x8000000000000001: ???
==76769==    by 0x6A733D7: ???
==76769==    by 0x4: ???
==76769==    by 0x11: ???
==76769==    by 0x6A7751F: ???
==76769==    by 0x8000000000000000: ???
==76769==    by 0x4: ???
==76769==    by 0x10D: ???
==76769== 
==76769== 2 bytes in 1 blocks are definitely lost in loss record 93 of 950
==76769==    at 0x484D953: calloc (in /usr/libexec/valgrind/vgpreload_memcheck-amd64-linux.so)
==76769==    by 0x723DE9: __mn_alloc (in /mnt/c/Users/Juan/Documents/GitHub/Mapanare/mapanare/self/mnc-stage1)
==76769==    by 0x7245AB: __mn_str_from_parts (in /mnt/c/Users/Juan/Documents/GitHub/Mapanare/mapanare/self/mnc-stage1)
==76769==    by 0x41FA6B: lexer__scan_ident (in /mnt/c/Users/Juan/Documents/GitHub/Mapanare/mapanare/self/mnc-stage1)
==76769==    by 0x6A85ECF: ???
==76769==    by 0x8000000000000002: ???
==76769==    by 0x6A733D7: ???
==76769==    by 0x4: ???
==76769==    by 0x11: ???
==76769==    by 0x6A7751F: ???
==76769==    by 0x8000000000000000: ???
==76769==    by 0x4: ???
==76769==    by 0x10D: ???
==76769== 
==76769== 2 bytes in 1 blocks are definitely lost in loss record 94 of 950
==76769==    at 0x484D953: calloc (in /usr/libexec/valgrind/vgpreload_memcheck-amd64-linux.so)
==76769==    by 0x723DE9: __mn_alloc (in /mnt/c/Users/Juan/Documents/GitHub/Mapanare/mapanare/self/mnc-stage1)
==76769==    by 0x7245AB: __mn_str_from_parts (in /mnt/c/Users/Juan/Documents/GitHub/Mapanare/mapanare/self/mnc-stage1)
==76769==    by 0x41FA6B: lexer__scan_ident (in /mnt/c/Users/Juan/Documents/GitHub/Mapanare/mapanare/self/mnc-stage1)
==76769==    by 0x6A85F6F: ???
==76769==    by 0x8000000000000003: ???
==76769==    by 0x6A733D7: ???
==76769==    by 0x4: ???
==76769==    by 0x11: ???
==76769==    by 0x6A7751F: ???
==76769==    by 0x8000000000000000: ???
==76769==    by 0x4: ???
==76769==    by 0x10D: ???
==76769== 
==76769== 2 bytes in 1 blocks are definitely lost in loss record 95 of 950
==76769==    at 0x484D953: calloc (in /usr/libexec/valgrind/vgpreload_memcheck-amd64-linux.so)
==76769==    by 0x723DE9: __mn_alloc (in /mnt/c/Users/Juan/Documents/GitHub/Mapanare/mapanare/self/mnc-stage1)
==76769==    by 0x7245AB: __mn_str_from_parts (in /mnt/c/Users/Juan/Documents/GitHub/Mapanare/mapanare/self/mnc-stage1)
==76769==    by 0x41FA6B: lexer__scan_ident (in /mnt/c/Users/Juan/Documents/GitHub/Mapanare/mapanare/self/mnc-stage1)
==76769==    by 0x6A8600F: ???
==76769==    by 0x8000000000000004: ???
==76769==    by 0x6A733D7: ???
==76769==    by 0x4: ???
==76769==    by 0x11: ???
==76769==    by 0x6A7751F: ???
==76769==    by 0x8000000000000000: ???
==76769==    by 0x4: ???
==76769==    by 0x10D: ???
==76769== 
==76769== 2 bytes in 1 blocks are definitely lost in loss record 96 of 950
==76769==    at 0x484D953: calloc (in /usr/libexec/valgrind/vgpreload_memcheck-amd64-linux.so)
==76769==    by 0x723DE9: __mn_alloc (in /mnt/c/Users/Juan/Documents/GitHub/Mapanare/mapanare/self/mnc-stage1)
==76769==    by 0x7245AB: __mn_str_from_parts (in /mnt/c/Users/Juan/Documents/GitHub/Mapanare/mapanare/self/mnc-stage1)
==76769==    by 0x41FA6B: lexer__scan_ident (in /mnt/c/Users/Juan/Documents/GitHub/Mapanare/mapanare/self/mnc-stage1)
==76769==    by 0x6A8628F: ???
==76769==    by 0x8000000000000000: ???
==76769==    by 0x6A733D7: ???
==76769==    by 0xA: ???
==76769==    by 0x11: ???
==76769==    by 0x6A7751F: ???
==76769==    by 0x8000000000000000: ???
==76769==    by 0xA: ???
==76769==    by 0x113: ???
==76769== 
==76769== 2 bytes in 1 blocks are definitely lost in loss record 97 of 950
==76769==    at 0x484D953: calloc (in /usr/libexec/valgrind/vgpreload_memcheck-amd64-linux.so)
==76769==    by 0x723DE9: __mn_alloc (in /mnt/c/Users/Juan/Documents/GitHub/Mapanare/mapanare/self/mnc-stage1)
==76769==    by 0x7245AB: __mn_str_from_parts (in /mnt/c/Users/Juan/Documents/GitHub/Mapanare/mapanare/self/mnc-stage1)
==76769==    by 0x41FA6B: lexer__scan_ident (in /mnt/c/Users/Juan/Documents/GitHub/Mapanare/mapanare/self/mnc-stage1)
==76769==    by 0x6A8669F: ???
==76769==    by 0x8000000000000000: ???
==76769==    by 0x6A733D7: ???
==76769==    by 0x4: ???
==76769==    by 0x12: ???
==76769==    by 0x6A7751F: ???
==76769==    by 0x8000000000000000: ???
==76769==    by 0x4: ???
==76769==    by 0x11A: ???
==76769== 
==76769== 2 bytes in 1 blocks are definitely lost in loss record 98 of 950
==76769==    at 0x484D953: calloc (in /usr/libexec/valgrind/vgpreload_memcheck-amd64-linux.so)
==76769==    by 0x723DE9: __mn_alloc (in /mnt/c/Users/Juan/Documents/GitHub/Mapanare/mapanare/self/mnc-stage1)
==76769==    by 0x7245AB: __mn_str_from_parts (in /mnt/c/Users/Juan/Documents/GitHub/Mapanare/mapanare/self/mnc-stage1)
==76769==    by 0x41FA6B: lexer__scan_ident (in /mnt/c/Users/Juan/Documents/GitHub/Mapanare/mapanare/self/mnc-stage1)
==76769==    by 0x6A8673F: ???
==76769==    by 0x8000000000000001: ???
==76769==    by 0x6A733D7: ???
==76769==    by 0x4: ???
==76769==    by 0x12: ???
==76769==    by 0x6A7751F: ???
==76769==    by 0x8000000000000000: ???
==76769==    by 0x4: ???
==76769==    by 0x11A: ???
==76769== 
==76769== 2 bytes in 1 blocks are definitely lost in loss record 99 of 950
==76769==    at 0x484D953: calloc (in /usr/libexec/valgrind/vgpreload_memcheck-amd64-linux.so)
==76769==    by 0x723DE9: __mn_alloc (in /mnt/c/Users/Juan/Documents/GitHub/Mapanare/mapanare/self/mnc-stage1)
==76769==    by 0x7245AB: __mn_str_from_parts (in /mnt/c/Users/Juan/Documents/GitHub/Mapanare/mapanare/self/mnc-stage1)
==76769==    by 0x41FA6B: lexer__scan_ident (in /mnt/c/Users/Juan/Documents/GitHub/Mapanare/mapanare/self/mnc-stage1)
==76769==    by 0x6A867DF: ???
==76769==    by 0x8000000000000002: ???
==76769==    by 0x6A733D7: ???
==76769==    by 0x4: ???
==76769==    by 0x12: ???
==76769==    by 0x6A7751F: ???
==76769==    by 0x8000000000000000: ???
==76769==    by 0x4: ???
==76769==    by 0x11A: ???
==76769== 
==76769== 2 bytes in 1 blocks are definitely lost in loss record 100 of 950
==76769==    at 0x484D953: calloc (in /usr/libexec/valgrind/vgpreload_memcheck-amd64-linux.so)
==76769==    by 0x723DE9: __mn_alloc (in /mnt/c/Users/Juan/Documents/GitHub/Mapanare/mapanare/self/mnc-stage1)
==76769==    by 0x7245AB: __mn_str_from_parts (in /mnt/c/Users/Juan/Documents/GitHub/Mapanare/mapanare/self/mnc-stage1)
==76769==    by 0x41FA6B: lexer__scan_ident (in /mnt/c/Users/Juan/Documents/GitHub/Mapanare/mapanare/self/mnc-stage1)
==76769==    by 0x6A869BF: ???
==76769==    by 0x8000000000000000: ???
==76769==    by 0x6A733D7: ???
==76769==    by 0x8: ???
==76769==    by 0x12: ???
==76769==    by 0x6A7751F: ???
==76769==    by 0x8000000000000000: ???
==76769==    by 0x8: ???
==76769==    by 0x11E: ???
==76769== 
==76769== 2 bytes in 1 blocks are definitely lost in loss record 101 of 950
==76769==    at 0x484D953: calloc (in /usr/libexec/valgrind/vgpreload_memcheck-amd64-linux.so)
==76769==    by 0x723DE9: __mn_alloc (in /mnt/c/Users/Juan/Documents/GitHub/Mapanare/mapanare/self/mnc-stage1)
==76769==    by 0x7245AB: __mn_str_from_parts (in /mnt/c/Users/Juan/Documents/GitHub/Mapanare/mapanare/self/mnc-stage1)
==76769==    by 0x41FA6B: lexer__scan_ident (in /mnt/c/Users/Juan/Documents/GitHub/Mapanare/mapanare/self/mnc-stage1)
==76769==    by 0x6A86C8F: ???
==76769==    by 0x8000000000000000: ???
==76769==    by 0x6A733D7: ???
==76769==    by 0xB: ???
==76769==    by 0x12: ???
==76769==    by 0x6A7751F: ???
==76769==    by 0x8000000000000000: ???
==76769==    by 0xB: ???
==76769==    by 0x121: ???
==76769== 
==76769== 2 bytes in 1 blocks are definitely lost in loss record 102 of 950
==76769==    at 0x484D953: calloc (in /usr/libexec/valgrind/vgpreload_memcheck-amd64-linux.so)
==76769==    by 0x723DE9: __mn_alloc (in /mnt/c/Users/Juan/Documents/GitHub/Mapanare/mapanare/self/mnc-stage1)
==76769==    by 0x7245AB: __mn_str_from_parts (in /mnt/c/Users/Juan/Documents/GitHub/Mapanare/mapanare/self/mnc-stage1)
==76769==    by 0x41FA6B: lexer__scan_ident (in /mnt/c/Users/Juan/Documents/GitHub/Mapanare/mapanare/self/mnc-stage1)
==76769==    by 0x6A86D2F: ???
==76769==    by 0x8000000000000001: ???
==76769==    by 0x6A733D7: ???
==76769==    by 0xB: ???
==76769==    by 0x12: ???
==76769==    by 0x6A7751F: ???
==76769==    by 0x8000000000000000: ???
==76769==    by 0xB: ???
==76769==    by 0x121: ???
==76769== 
==76769== 2 bytes in 1 blocks are definitely lost in loss record 103 of 950
==76769==    at 0x484D953: calloc (in /usr/libexec/valgrind/vgpreload_memcheck-amd64-linux.so)
==76769==    by 0x723DE9: __mn_alloc (in /mnt/c/Users/Juan/Documents/GitHub/Mapanare/mapanare/self/mnc-stage1)
==76769==    by 0x7245AB: __mn_str_from_parts (in /mnt/c/Users/Juan/Documents/GitHub/Mapanare/mapanare/self/mnc-stage1)
==76769==    by 0x41FA6B: lexer__scan_ident (in /mnt/c/Users/Juan/Documents/GitHub/Mapanare/mapanare/self/mnc-stage1)
==76769==    by 0x6A86DCF: ???
==76769==    by 0x8000000000000002: ???
==76769==    by 0x6A733D7: ???
==76769==    by 0xB: ???
==76769==    by 0x12: ???
==76769==    by 0x6A7751F: ???
==76769==    by 0x8000000000000000: ???
==76769==    by 0xB: ???
==76769==    by 0x121: ???
==76769== 
==76769== 2 bytes in 1 blocks are definitely lost in loss record 104 of 950
==76769==    at 0x484D953: calloc (in /usr/libexec/valgrind/vgpreload_memcheck-amd64-linux.so)
==76769==    by 0x723DE9: __mn_alloc (in /mnt/c/Users/Juan/Documents/GitHub/Mapanare/mapanare/self/mnc-stage1)
==76769==    by 0x7245AB: __mn_str_from_parts (in /mnt/c/Users/Juan/Documents/GitHub/Mapanare/mapanare/self/mnc-stage1)
==76769==    by 0x41FA6B: lexer__scan_ident (in /mnt/c/Users/Juan/Documents/GitHub/Mapanare/mapanare/self/mnc-stage1)
==76769==    by 0x6A86E6F: ???
==76769==    by 0x8000000000000003: ???
==76769==    by 0x6A733D7: ???
==76769==    by 0xB: ???
==76769==    by 0x12: ???
==76769==    by 0x6A7751F: ???
==76769==    by 0x8000000000000000: ???
==76769==    by 0xB: ???
==76769==    by 0x121: ???
==76769== 
==76769== 2 bytes in 1 blocks are definitely lost in loss record 105 of 950
==76769==    at 0x484D953: calloc (in /usr/libexec/valgrind/vgpreload_memcheck-amd64-linux.so)
==76769==    by 0x723DE9: __mn_alloc (in /mnt/c/Users/Juan/Documents/GitHub/Mapanare/mapanare/self/mnc-stage1)
==76769==    by 0x7245AB: __mn_str_from_parts (in /mnt/c/Users/Juan/Documents/GitHub/Mapanare/mapanare/self/mnc-stage1)
==76769==    by 0x41FA6B: lexer__scan_ident (in /mnt/c/Users/Juan/Documents/GitHub/Mapanare/mapanare/self/mnc-stage1)
==76769==    by 0x6A8718F: ???
==76769==    by 0x8000000000000000: ???
==76769==    by 0x6A733D7: ???
==76769==    by 0x12: ???
==76769==    by 0x12: ???
==76769==    by 0x6A7751F: ???
==76769==    by 0x8000000000000000: ???
==76769==    by 0x12: ???
==76769==    by 0x128: ???
==76769== 
==76769== 2 bytes in 1 blocks are definitely lost in loss record 106 of 950
==76769==    at 0x484D953: calloc (in /usr/libexec/valgrind/vgpreload_memcheck-amd64-linux.so)
==76769==    by 0x723DE9: __mn_alloc (in /mnt/c/Users/Juan/Documents/GitHub/Mapanare/mapanare/self/mnc-stage1)
==76769==    by 0x7245AB: __mn_str_from_parts (in /mnt/c/Users/Juan/Documents/GitHub/Mapanare/mapanare/self/mnc-stage1)
==76769==    by 0x41FA6B: lexer__scan_ident (in /mnt/c/Users/Juan/Documents/GitHub/Mapanare/mapanare/self/mnc-stage1)
==76769==    by 0x6A8722F: ???
==76769==    by 0x8000000000000001: ???
==76769==    by 0x6A733D7: ???
==76769==    by 0x12: ???
==76769==    by 0x12: ???
==76769==    by 0x6A7751F: ???
==76769==    by 0x8000000000000000: ???
==76769==    by 0x12: ???
==76769==    by 0x128: ???
==76769== 
==76769== 2 bytes in 1 blocks are definitely lost in loss record 107 of 950
==76769==    at 0x484D953: calloc (in /usr/libexec/valgrind/vgpreload_memcheck-amd64-linux.so)
==76769==    by 0x723DE9: __mn_alloc (in /mnt/c/Users/Juan/Documents/GitHub/Mapanare/mapanare/self/mnc-stage1)
==76769==    by 0x7245AB: __mn_str_from_parts (in /mnt/c/Users/Juan/Documents/GitHub/Mapanare/mapanare/self/mnc-stage1)
==76769==    by 0x41FA6B: lexer__scan_ident (in /mnt/c/Users/Juan/Documents/GitHub/Mapanare/mapanare/self/mnc-stage1)
==76769==    by 0x6A872CF: ???
==76769==    by 0x8000000000000002: ???
==76769==    by 0x6A733D7: ???
==76769==    by 0x12: ???
==76769==    by 0x12: ???
==76769==    by 0x6A7751F: ???
==76769==    by 0x8000000000000000: ???
==76769==    by 0x12: ???
==76769==    by 0x128: ???
==76769== 
==76769== 2 bytes in 1 blocks are definitely lost in loss record 108 of 950
==76769==    at 0x484D953: calloc (in /usr/libexec/valgrind/vgpreload_memcheck-amd64-linux.so)
==76769==    by 0x723DE9: __mn_alloc (in /mnt/c/Users/Juan/Documents/GitHub/Mapanare/mapanare/self/mnc-stage1)
==76769==    by 0x7245AB: __mn_str_from_parts (in /mnt/c/Users/Juan/Documents/GitHub/Mapanare/mapanare/self/mnc-stage1)
==76769==    by 0x41FA6B: lexer__scan_ident (in /mnt/c/Users/Juan/Documents/GitHub/Mapanare/mapanare/self/mnc-stage1)
==76769==    by 0x6A8736F: ???
==76769==    by 0x8000000000000003: ???
==76769==    by 0x6A733D7: ???
==76769==    by 0x12: ???
==76769==    by 0x12: ???
==76769==    by 0x6A7751F: ???
==76769==    by 0x8000000000000000: ???
==76769==    by 0x12: ???
==76769==    by 0x128: ???
==76769== 
==76769== 2 bytes in 1 blocks are definitely lost in loss record 109 of 950
==76769==    at 0x484D953: calloc (in /usr/libexec/valgrind/vgpreload_memcheck-amd64-linux.so)
==76769==    by 0x723DE9: __mn_alloc (in /mnt/c/Users/Juan/Documents/GitHub/Mapanare/mapanare/self/mnc-stage1)
==76769==    by 0x7245AB: __mn_str_from_parts (in /mnt/c/Users/Juan/Documents/GitHub/Mapanare/mapanare/self/mnc-stage1)
==76769==    by 0x41FA6B: lexer__scan_ident (in /mnt/c/Users/Juan/Documents/GitHub/Mapanare/mapanare/self/mnc-stage1)
==76769==    by 0x6A8740F: ???
==76769==    by 0x8000000000000004: ???
==76769==    by 0x6A733D7: ???
==76769==    by 0x12: ???
==76769==    by 0x12: ???
==76769==    by 0x6A7751F: ???
==76769==    by 0x8000000000000000: ???
==76769==    by 0x12: ???
==76769==    by 0x128: ???
==76769== 
==76769== 2 bytes in 1 blocks are definitely lost in loss record 110 of 950
==76769==    at 0x484D953: calloc (in /usr/libexec/valgrind/vgpreload_memcheck-amd64-linux.so)
==76769==    by 0x723DE9: __mn_alloc (in /mnt/c/Users/Juan/Documents/GitHub/Mapanare/mapanare/self/mnc-stage1)
==76769==    by 0x7245AB: __mn_str_from_parts (in /mnt/c/Users/Juan/Documents/GitHub/Mapanare/mapanare/self/mnc-stage1)
==76769==    by 0x41FA6B: lexer__scan_ident (in /mnt/c/Users/Juan/Documents/GitHub/Mapanare/mapanare/self/mnc-stage1)
==76769==    by 0x6A874AF: ???
==76769==    by 0x8000000000000005: ???
==76769==    by 0x6A733D7: ???
==76769==    by 0x12: ???
==76769==    by 0x12: ???
==76769==    by 0x6A7751F: ???
==76769==    by 0x8000000000000000: ???
==76769==    by 0x12: ???
==76769==    by 0x128: ???
==76769== 
==76769== 2 bytes in 1 blocks are definitely lost in loss record 111 of 950
==76769==    at 0x484D953: calloc (in /usr/libexec/valgrind/vgpreload_memcheck-amd64-linux.so)
==76769==    by 0x723DE9: __mn_alloc (in /mnt/c/Users/Juan/Documents/GitHub/Mapanare/mapanare/self/mnc-stage1)
==76769==    by 0x7245AB: __mn_str_from_parts (in /mnt/c/Users/Juan/Documents/GitHub/Mapanare/mapanare/self/mnc-stage1)
==76769==    by 0x41FA6B: lexer__scan_ident (in /mnt/c/Users/Juan/Documents/GitHub/Mapanare/mapanare/self/mnc-stage1)
==76769==    by 0x6A8754F: ???
==76769==    by 0x8000000000000006: ???
==76769==    by 0x6A733D7: ???
==76769==    by 0x12: ???
==76769==    by 0x12: ???
==76769==    by 0x6A7751F: ???
==76769==    by 0x8000000000000000: ???
==76769==    by 0x12: ???
==76769==    by 0x128: ???
==76769== 
==76769== 2 bytes in 1 blocks are definitely lost in loss record 112 of 950
==76769==    at 0x484D953: calloc (in /usr/libexec/valgrind/vgpreload_memcheck-amd64-linux.so)
==76769==    by 0x723DE9: __mn_alloc (in /mnt/c/Users/Juan/Documents/GitHub/Mapanare/mapanare/self/mnc-stage1)
==76769==    by 0x7245AB: __mn_str_from_parts (in /mnt/c/Users/Juan/Documents/GitHub/Mapanare/mapanare/self/mnc-stage1)
==76769==    by 0x41FA6B: lexer__scan_ident (in /mnt/c/Users/Juan/Documents/GitHub/Mapanare/mapanare/self/mnc-stage1)
==76769==    by 0x6A875EF: ???
==76769==    by 0x8000000000000007: ???
==76769==    by 0x6A733D7: ???
==76769==    by 0x12: ???
==76769==    by 0x12: ???
==76769==    by 0x6A7751F: ???
==76769==    by 0x8000000000000000: ???
==76769==    by 0x12: ???
==76769==    by 0x128: ???
==76769== 
==76769== 2 bytes in 1 blocks are definitely lost in loss record 113 of 950
==76769==    at 0x484D953: calloc (in /usr/libexec/valgrind/vgpreload_memcheck-amd64-linux.so)
==76769==    by 0x723DE9: __mn_alloc (in /mnt/c/Users/Juan/Documents/GitHub/Mapanare/mapanare/self/mnc-stage1)
==76769==    by 0x7245AB: __mn_str_from_parts (in /mnt/c/Users/Juan/Documents/GitHub/Mapanare/mapanare/self/mnc-stage1)
==76769==    by 0x41FA6B: lexer__scan_ident (in /mnt/c/Users/Juan/Documents/GitHub/Mapanare/mapanare/self/mnc-stage1)
==76769==    by 0x6A8786F: ???
==76769==    by 0x8000000000000000: ???
==76769==    by 0x6A733D7: ???
==76769==    by 0x1B: ???
==76769==    by 0x12: ???
==76769==    by 0x6A7751F: ???
==76769==    by 0x8000000000000000: ???
==76769==    by 0x1B: ???
==76769==    by 0x131: ???
==76769== 
==76769== 2 bytes in 1 blocks are definitely lost in loss record 114 of 950
==76769==    at 0x484D953: calloc (in /usr/libexec/valgrind/vgpreload_memcheck-amd64-linux.so)
==76769==    by 0x723DE9: __mn_alloc (in /mnt/c/Users/Juan/Documents/GitHub/Mapanare/mapanare/self/mnc-stage1)
==76769==    by 0x7245AB: __mn_str_from_parts (in /mnt/c/Users/Juan/Documents/GitHub/Mapanare/mapanare/self/mnc-stage1)
==76769==    by 0x41FA6B: lexer__scan_ident (in /mnt/c/Users/Juan/Documents/GitHub/Mapanare/mapanare/self/mnc-stage1)
==76769==    by 0x6A8790F: ???
==76769==    by 0x8000000000000001: ???
==76769==    by 0x6A733D7: ???
==76769==    by 0x1B: ???
==76769==    by 0x12: ???
==76769==    by 0x6A7751F: ???
==76769==    by 0x8000000000000000: ???
==76769==    by 0x1B: ???
==76769==    by 0x131: ???
==76769== 
==76769== 2 bytes in 1 blocks are definitely lost in loss record 115 of 950
==76769==    at 0x484D953: calloc (in /usr/libexec/valgrind/vgpreload_memcheck-amd64-linux.so)
==76769==    by 0x723DE9: __mn_alloc (in /mnt/c/Users/Juan/Documents/GitHub/Mapanare/mapanare/self/mnc-stage1)
==76769==    by 0x7245AB: __mn_str_from_parts (in /mnt/c/Users/Juan/Documents/GitHub/Mapanare/mapanare/self/mnc-stage1)
==76769==    by 0x41FA6B: lexer__scan_ident (in /mnt/c/Users/Juan/Documents/GitHub/Mapanare/mapanare/self/mnc-stage1)
==76769==    by 0x6A879AF: ???
==76769==    by 0x8000000000000002: ???
==76769==    by 0x6A733D7: ???
==76769==    by 0x1B: ???
==76769==    by 0x12: ???
==76769==    by 0x6A7751F: ???
==76769==    by 0x8000000000000000: ???
==76769==    by 0x1B: ???
==76769==    by 0x131: ???
==76769== 
==76769== 2 bytes in 1 blocks are definitely lost in loss record 116 of 950
==76769==    at 0x484D953: calloc (in /usr/libexec/valgrind/vgpreload_memcheck-amd64-linux.so)
==76769==    by 0x723DE9: __mn_alloc (in /mnt/c/Users/Juan/Documents/GitHub/Mapanare/mapanare/self/mnc-stage1)
==76769==    by 0x7245AB: __mn_str_from_parts (in /mnt/c/Users/Juan/Documents/GitHub/Mapanare/mapanare/self/mnc-stage1)
==76769==    by 0x41FA6B: lexer__scan_ident (in /mnt/c/Users/Juan/Documents/GitHub/Mapanare/mapanare/self/mnc-stage1)
==76769==    by 0x6A87A4F: ???
==76769==    by 0x8000000000000003: ???
==76769==    by 0x6A733D7: ???
==76769==    by 0x1B: ???
==76769==    by 0x12: ???
==76769==    by 0x6A7751F: ???
==76769==    by 0x8000000000000000: ???
==76769==    by 0x1B: ???
==76769==    by 0x131: ???
==76769== 
==76769== 2 bytes in 1 blocks are definitely lost in loss record 117 of 950
==76769==    at 0x484D953: calloc (in /usr/libexec/valgrind/vgpreload_memcheck-amd64-linux.so)
==76769==    by 0x723DE9: __mn_alloc (in /mnt/c/Users/Juan/Documents/GitHub/Mapanare/mapanare/self/mnc-stage1)
==76769==    by 0x7245AB: __mn_str_from_parts (in /mnt/c/Users/Juan/Documents/GitHub/Mapanare/mapanare/self/mnc-stage1)
==76769==    by 0x41FA6B: lexer__scan_ident (in /mnt/c/Users/Juan/Documents/GitHub/Mapanare/mapanare/self/mnc-stage1)
==76769==    by 0x6A87E5F: ???
==76769==    by 0x8000000000000000: ???
==76769==    by 0x6A733D7: ???
==76769==    by 0x4: ???
==76769==    by 0x13: ???
==76769==    by 0x6A7751F: ???
==76769==    by 0x8000000000000000: ???
==76769==    by 0x4: ???
==76769==    by 0x13B: ???
==76769== 
==76769== 2 bytes in 1 blocks are definitely lost in loss record 118 of 950
==76769==    at 0x484D953: calloc (in /usr/libexec/valgrind/vgpreload_memcheck-amd64-linux.so)
==76769==    by 0x723DE9: __mn_alloc (in /mnt/c/Users/Juan/Documents/GitHub/Mapanare/mapanare/self/mnc-stage1)
==76769==    by 0x7245AB: __mn_str_from_parts (in /mnt/c/Users/Juan/Documents/GitHub/Mapanare/mapanare/self/mnc-stage1)
==76769==    by 0x41FA6B: lexer__scan_ident (in /mnt/c/Users/Juan/Documents/GitHub/Mapanare/mapanare/self/mnc-stage1)
==76769==    by 0x6A87EFF: ???
==76769==    by 0x8000000000000001: ???
==76769==    by 0x6A733D7: ???
==76769==    by 0x4: ???
==76769==    by 0x13: ???
==76769==    by 0x6A7751F: ???
==76769==    by 0x8000000000000000: ???
==76769==    by 0x4: ???
==76769==    by 0x13B: ???
==76769== 
==76769== 2 bytes in 1 blocks are definitely lost in loss record 119 of 950
==76769==    at 0x484D953: calloc (in /usr/libexec/valgrind/vgpreload_memcheck-amd64-linux.so)
==76769==    by 0x723DE9: __mn_alloc (in /mnt/c/Users/Juan/Documents/GitHub/Mapanare/mapanare/self/mnc-stage1)
==76769==    by 0x7245AB: __mn_str_from_parts (in /mnt/c/Users/Juan/Documents/GitHub/Mapanare/mapanare/self/mnc-stage1)
==76769==    by 0x41FA6B: lexer__scan_ident (in /mnt/c/Users/Juan/Documents/GitHub/Mapanare/mapanare/self/mnc-stage1)
==76769==    by 0x6A87F9F: ???
==76769==    by 0x8000000000000002: ???
==76769==    by 0x6A733D7: ???
==76769==    by 0x4: ???
==76769==    by 0x13: ???
==76769==    by 0x6A7751F: ???
==76769==    by 0x8000000000000000: ???
==76769==    by 0x4: ???
==76769==    by 0x13B: ???
==76769== 
==76769== 2 bytes in 1 blocks are definitely lost in loss record 120 of 950
==76769==    at 0x484D953: calloc (in /usr/libexec/valgrind/vgpreload_memcheck-amd64-linux.so)
==76769==    by 0x723DE9: __mn_alloc (in /mnt/c/Users/Juan/Documents/GitHub/Mapanare/mapanare/self/mnc-stage1)
==76769==    by 0x7245AB: __mn_str_from_parts (in /mnt/c/Users/Juan/Documents/GitHub/Mapanare/mapanare/self/mnc-stage1)
==76769==    by 0x41FA6B: lexer__scan_ident (in /mnt/c/Users/Juan/Documents/GitHub/Mapanare/mapanare/self/mnc-stage1)
==76769==    by 0x6A8803F: ???
==76769==    by 0x8000000000000003: ???
==76769==    by 0x6A733D7: ???
==76769==    by 0x4: ???
==76769==    by 0x13: ???
==76769==    by 0x6A7751F: ???
==76769==    by 0x8000000000000000: ???
==76769==    by 0x4: ???
==76769==    by 0x13B: ???
==76769== 
==76769== 2 bytes in 1 blocks are definitely lost in loss record 121 of 950
==76769==    at 0x484D953: calloc (in /usr/libexec/valgrind/vgpreload_memcheck-amd64-linux.so)
==76769==    by 0x723DE9: __mn_alloc (in /mnt/c/Users/Juan/Documents/GitHub/Mapanare/mapanare/self/mnc-stage1)
==76769==    by 0x7245AB: __mn_str_from_parts (in /mnt/c/Users/Juan/Documents/GitHub/Mapanare/mapanare/self/mnc-stage1)
==76769==    by 0x41FA6B: lexer__scan_ident (in /mnt/c/Users/Juan/Documents/GitHub/Mapanare/mapanare/self/mnc-stage1)
==76769==    by 0x6A880DF: ???
==76769==    by 0x8000000000000004: ???
==76769==    by 0x6A733D7: ???
==76769==    by 0x4: ???
==76769==    by 0x13: ???
==76769==    by 0x6A7751F: ???
==76769==    by 0x8000000000000000: ???
==76769==    by 0x4: ???
==76769==    by 0x13B: ???
==76769== 
==76769== 2 bytes in 1 blocks are definitely lost in loss record 122 of 950
==76769==    at 0x484D953: calloc (in /usr/libexec/valgrind/vgpreload_memcheck-amd64-linux.so)
==76769==    by 0x723DE9: __mn_alloc (in /mnt/c/Users/Juan/Documents/GitHub/Mapanare/mapanare/self/mnc-stage1)
==76769==    by 0x7245AB: __mn_str_from_parts (in /mnt/c/Users/Juan/Documents/GitHub/Mapanare/mapanare/self/mnc-stage1)
==76769==    by 0x41FA6B: lexer__scan_ident (in /mnt/c/Users/Juan/Documents/GitHub/Mapanare/mapanare/self/mnc-stage1)
==76769==    by 0x6A8835F: ???
==76769==    by 0x8000000000000000: ???
==76769==    by 0x6A733D7: ???
==76769==    by 0xA: ???
==76769==    by 0x13: ???
==76769==    by 0x6A7751F: ???
==76769==    by 0x8000000000000000: ???
==76769==    by 0xA: ???
==76769==    by 0x141: ???
==76769== 
==76769== 2 bytes in 1 blocks are definitely lost in loss record 123 of 950
==76769==    at 0x484D953: calloc (in /usr/libexec/valgrind/vgpreload_memcheck-amd64-linux.so)
==76769==    by 0x723DE9: __mn_alloc (in /mnt/c/Users/Juan/Documents/GitHub/Mapanare/mapanare/self/mnc-stage1)
==76769==    by 0x7245AB: __mn_str_from_parts (in /mnt/c/Users/Juan/Documents/GitHub/Mapanare/mapanare/self/mnc-stage1)
==76769==    by 0x41FA6B: lexer__scan_ident (in /mnt/c/Users/Juan/Documents/GitHub/Mapanare/mapanare/self/mnc-stage1)
==76769==    by 0x6A8876F: ???
==76769==    by 0x8000000000000000: ???
==76769==    by 0x6A733D7: ???
==76769==    by 0x4: ???
==76769==    by 0x14: ???
==76769==    by 0x6A7751F: ???
==76769==    by 0x8000000000000000: ???
==76769==    by 0x4: ???
==76769==    by 0x148: ???
==76769== 
==76769== 2 bytes in 1 blocks are definitely lost in loss record 124 of 950
==76769==    at 0x484D953: calloc (in /usr/libexec/valgrind/vgpreload_memcheck-amd64-linux.so)
==76769==    by 0x723DE9: __mn_alloc (in /mnt/c/Users/Juan/Documents/GitHub/Mapanare/mapanare/self/mnc-stage1)
==76769==    by 0x7245AB: __mn_str_from_parts (in /mnt/c/Users/Juan/Documents/GitHub/Mapanare/mapanare/self/mnc-stage1)
==76769==    by 0x41FA6B: lexer__scan_ident (in /mnt/c/Users/Juan/Documents/GitHub/Mapanare/mapanare/self/mnc-stage1)
==76769==    by 0x6A8880F: ???
==76769==    by 0x8000000000000001: ???
==76769==    by 0x6A733D7: ???
==76769==    by 0x4: ???
==76769==    by 0x14: ???
==76769==    by 0x6A7751F: ???
==76769==    by 0x8000000000000000: ???
==76769==    by 0x4: ???
==76769==    by 0x148: ???
==76769== 
==76769== 2 bytes in 1 blocks are definitely lost in loss record 125 of 950
==76769==    at 0x484D953: calloc (in /usr/libexec/valgrind/vgpreload_memcheck-amd64-linux.so)
==76769==    by 0x723DE9: __mn_alloc (in /mnt/c/Users/Juan/Documents/GitHub/Mapanare/mapanare/self/mnc-stage1)
==76769==    by 0x7245AB: __mn_str_from_parts (in /mnt/c/Users/Juan/Documents/GitHub/Mapanare/mapanare/self/mnc-stage1)
==76769==    by 0x41FA6B: lexer__scan_ident (in /mnt/c/Users/Juan/Documents/GitHub/Mapanare/mapanare/self/mnc-stage1)
==76769==    by 0x6A888AF: ???
==76769==    by 0x8000000000000002: ???
==76769==    by 0x6A733D7: ???
==76769==    by 0x4: ???
==76769==    by 0x14: ???
==76769==    by 0x6A7751F: ???
==76769==    by 0x8000000000000000: ???
==76769==    by 0x4: ???
==76769==    by 0x148: ???
==76769== 
==76769== 2 bytes in 1 blocks are definitely lost in loss record 126 of 950
==76769==    at 0x484D953: calloc (in /usr/libexec/valgrind/vgpreload_memcheck-amd64-linux.so)
==76769==    by 0x723DE9: __mn_alloc (in /mnt/c/Users/Juan/Documents/GitHub/Mapanare/mapanare/self/mnc-stage1)
==76769==    by 0x7245AB: __mn_str_from_parts (in /mnt/c/Users/Juan/Documents/GitHub/Mapanare/mapanare/self/mnc-stage1)
==76769==    by 0x41FA6B: lexer__scan_ident (in /mnt/c/Users/Juan/Documents/GitHub/Mapanare/mapanare/self/mnc-stage1)
==76769==    by 0x6A88A8F: ???
==76769==    by 0x8000000000000000: ???
==76769==    by 0x6A733D7: ???
==76769==    by 0x8: ???
==76769==    by 0x14: ???
==76769==    by 0x6A7751F: ???
==76769==    by 0x8000000000000000: ???
==76769==    by 0x8: ???
==76769==    by 0x14C: ???
==76769== 
==76769== 2 bytes in 1 blocks are definitely lost in loss record 127 of 950
==76769==    at 0x484D953: calloc (in /usr/libexec/valgrind/vgpreload_memcheck-amd64-linux.so)
==76769==    by 0x723DE9: __mn_alloc (in /mnt/c/Users/Juan/Documents/GitHub/Mapanare/mapanare/self/mnc-stage1)
==76769==    by 0x7245AB: __mn_str_from_parts (in /mnt/c/Users/Juan/Documents/GitHub/Mapanare/mapanare/self/mnc-stage1)
==76769==    by 0x41FA6B: lexer__scan_ident (in /mnt/c/Users/Juan/Documents/GitHub/Mapanare/mapanare/self/mnc-stage1)
==76769==    by 0x6A88D5F: ???
==76769==    by 0x8000000000000000: ???
==76769==    by 0x6A733D7: ???
==76769==    by 0xB: ???
==76769==    by 0x14: ???
==76769==    by 0x6A7751F: ???
==76769==    by 0x8000000000000000: ???
==76769==    by 0xB: ???
==76769==    by 0x14F: ???
==76769== 
==76769== 2 bytes in 1 blocks are definitely lost in loss record 128 of 950
==76769==    at 0x484D953: calloc (in /usr/libexec/valgrind/vgpreload_memcheck-amd64-linux.so)
==76769==    by 0x723DE9: __mn_alloc (in /mnt/c/Users/Juan/Documents/GitHub/Mapanare/mapanare/self/mnc-stage1)
==76769==    by 0x7245AB: __mn_str_from_parts (in /mnt/c/Users/Juan/Documents/GitHub/Mapanare/mapanare/self/mnc-stage1)
==76769==    by 0x41FA6B: lexer__scan_ident (in /mnt/c/Users/Juan/Documents/GitHub/Mapanare/mapanare/self/mnc-stage1)
==76769==    by 0x6A88DFF: ???
==76769==    by 0x8000000000000001: ???
==76769==    by 0x6A733D7: ???
==76769==    by 0xB: ???
==76769==    by 0x14: ???
==76769==    by 0x6A7751F: ???
==76769==    by 0x8000000000000000: ???
==76769==    by 0xB: ???
==76769==    by 0x14F: ???
==76769== 
==76769== 2 bytes in 1 blocks are definitely lost in loss record 129 of 950
==76769==    at 0x484D953: calloc (in /usr/libexec/valgrind/vgpreload_memcheck-amd64-linux.so)
==76769==    by 0x723DE9: __mn_alloc (in /mnt/c/Users/Juan/Documents/GitHub/Mapanare/mapanare/self/mnc-stage1)
==76769==    by 0x7245AB: __mn_str_from_parts (in /mnt/c/Users/Juan/Documents/GitHub/Mapanare/mapanare/self/mnc-stage1)
==76769==    by 0x41FA6B: lexer__scan_ident (in /mnt/c/Users/Juan/Documents/GitHub/Mapanare/mapanare/self/mnc-stage1)
==76769==    by 0x6A88E9F: ???
==76769==    by 0x8000000000000002: ???
==76769==    by 0x6A733D7: ???
==76769==    by 0xB: ???
==76769==    by 0x14: ???
==76769==    by 0x6A7751F: ???
==76769==    by 0x8000000000000000: ???
==76769==    by 0xB: ???
==76769==    by 0x14F: ???
==76769== 
==76769== 2 bytes in 1 blocks are definitely lost in loss record 130 of 950
==76769==    at 0x484D953: calloc (in /usr/libexec/valgrind/vgpreload_memcheck-amd64-linux.so)
==76769==    by 0x723DE9: __mn_alloc (in /mnt/c/Users/Juan/Documents/GitHub/Mapanare/mapanare/self/mnc-stage1)
==76769==    by 0x7245AB: __mn_str_from_parts (in /mnt/c/Users/Juan/Documents/GitHub/Mapanare/mapanare/self/mnc-stage1)
==76769==    by 0x41FA6B: lexer__scan_ident (in /mnt/c/Users/Juan/Documents/GitHub/Mapanare/mapanare/self/mnc-stage1)
==76769==    by 0x6A88F3F: ???
==76769==    by 0x8000000000000003: ???
==76769==    by 0x6A733D7: ???
==76769==    by 0xB: ???
==76769==    by 0x14: ???
==76769==    by 0x6A7751F: ???
==76769==    by 0x8000000000000000: ???
==76769==    by 0xB: ???
==76769==    by 0x14F: ???
==76769== 
==76769== 2 bytes in 1 blocks are definitely lost in loss record 131 of 950
==76769==    at 0x484D953: calloc (in /usr/libexec/valgrind/vgpreload_memcheck-amd64-linux.so)
==76769==    by 0x723DE9: __mn_alloc (in /mnt/c/Users/Juan/Documents/GitHub/Mapanare/mapanare/self/mnc-stage1)
==76769==    by 0x7245AB: __mn_str_from_parts (in /mnt/c/Users/Juan/Documents/GitHub/Mapanare/mapanare/self/mnc-stage1)
==76769==    by 0x41FA6B: lexer__scan_ident (in /mnt/c/Users/Juan/Documents/GitHub/Mapanare/mapanare/self/mnc-stage1)
==76769==    by 0x6A88FDF: ???
==76769==    by 0x8000000000000004: ???
==76769==    by 0x6A733D7: ???
==76769==    by 0xB: ???
==76769==    by 0x14: ???
==76769==    by 0x6A7751F: ???
==76769==    by 0x8000000000000000: ???
==76769==    by 0xB: ???
==76769==    by 0x14F: ???
==76769== 
==76769== 2 bytes in 1 blocks are definitely lost in loss record 132 of 950
==76769==    at 0x484D953: calloc (in /usr/libexec/valgrind/vgpreload_memcheck-amd64-linux.so)
==76769==    by 0x723DE9: __mn_alloc (in /mnt/c/Users/Juan/Documents/GitHub/Mapanare/mapanare/self/mnc-stage1)
==76769==    by 0x7245AB: __mn_str_from_parts (in /mnt/c/Users/Juan/Documents/GitHub/Mapanare/mapanare/self/mnc-stage1)
==76769==    by 0x41FA6B: lexer__scan_ident (in /mnt/c/Users/Juan/Documents/GitHub/Mapanare/mapanare/self/mnc-stage1)
==76769==    by 0x6A8907F: ???
==76769==    by 0x8000000000000005: ???
==76769==    by 0x6A733D7: ???
==76769==    by 0xB: ???
==76769==    by 0x14: ???
==76769==    by 0x6A7751F: ???
==76769==    by 0x8000000000000000: ???
==76769==    by 0xB: ???
==76769==    by 0x14F: ???
==76769== 
==76769== 2 bytes in 1 blocks are definitely lost in loss record 133 of 950
==76769==    at 0x484D953: calloc (in /usr/libexec/valgrind/vgpreload_memcheck-amd64-linux.so)
==76769==    by 0x723DE9: __mn_alloc (in /mnt/c/Users/Juan/Documents/GitHub/Mapanare/mapanare/self/mnc-stage1)
==76769==    by 0x7245AB: __mn_str_from_parts (in /mnt/c/Users/Juan/Documents/GitHub/Mapanare/mapanare/self/mnc-stage1)
==76769==    by 0x41FA6B: lexer__scan_ident (in /mnt/c/Users/Juan/Documents/GitHub/Mapanare/mapanare/self/mnc-stage1)
==76769==    by 0x6A8939F: ???
==76769==    by 0x8000000000000000: ???
==76769==    by 0x6A733D7: ???
==76769==    by 0x14: ???
==76769==    by 0x14: ???
==76769==    by 0x6A7751F: ???
==76769==    by 0x8000000000000000: ???
==76769==    by 0x14: ???
==76769==    by 0x158: ???
==76769== 
==76769== 2 bytes in 1 blocks are definitely lost in loss record 134 of 950
==76769==    at 0x484D953: calloc (in /usr/libexec/valgrind/vgpreload_memcheck-amd64-linux.so)
==76769==    by 0x723DE9: __mn_alloc (in /mnt/c/Users/Juan/Documents/GitHub/Mapanare/mapanare/self/mnc-stage1)
==76769==    by 0x7245AB: __mn_str_from_parts (in /mnt/c/Users/Juan/Documents/GitHub/Mapanare/mapanare/self/mnc-stage1)
==76769==    by 0x41FA6B: lexer__scan_ident (in /mnt/c/Users/Juan/Documents/GitHub/Mapanare/mapanare/self/mnc-stage1)
==76769==    by 0x6A8943F: ???
==76769==    by 0x8000000000000001: ???
==76769==    by 0x6A733D7: ???
==76769==    by 0x14: ???
==76769==    by 0x14: ???
==76769==    by 0x6A7751F: ???
==76769==    by 0x8000000000000000: ???
==76769==    by 0x14: ???
==76769==    by 0x158: ???
==76769== 
==76769== 2 bytes in 1 blocks are definitely lost in loss record 135 of 950
==76769==    at 0x484D953: calloc (in /usr/libexec/valgrind/vgpreload_memcheck-amd64-linux.so)
==76769==    by 0x723DE9: __mn_alloc (in /mnt/c/Users/Juan/Documents/GitHub/Mapanare/mapanare/self/mnc-stage1)
==76769==    by 0x7245AB: __mn_str_from_parts (in /mnt/c/Users/Juan/Documents/GitHub/Mapanare/mapanare/self/mnc-stage1)
==76769==    by 0x41FA6B: lexer__scan_ident (in /mnt/c/Users/Juan/Documents/GitHub/Mapanare/mapanare/self/mnc-stage1)
==76769==    by 0x6A894DF: ???
==76769==    by 0x8000000000000002: ???
==76769==    by 0x6A733D7: ???
==76769==    by 0x14: ???
==76769==    by 0x14: ???
==76769==    by 0x6A7751F: ???
==76769==    by 0x8000000000000000: ???
==76769==    by 0x14: ???
==76769==    by 0x158: ???
==76769== 
==76769== 2 bytes in 1 blocks are definitely lost in loss record 136 of 950
==76769==    at 0x484D953: calloc (in /usr/libexec/valgrind/vgpreload_memcheck-amd64-linux.so)
==76769==    by 0x723DE9: __mn_alloc (in /mnt/c/Users/Juan/Documents/GitHub/Mapanare/mapanare/self/mnc-stage1)
==76769==    by 0x7245AB: __mn_str_from_parts (in /mnt/c/Users/Juan/Documents/GitHub/Mapanare/mapanare/self/mnc-stage1)
==76769==    by 0x41FA6B: lexer__scan_ident (in /mnt/c/Users/Juan/Documents/GitHub/Mapanare/mapanare/self/mnc-stage1)
==76769==    by 0x6A8957F: ???
==76769==    by 0x8000000000000003: ???
==76769==    by 0x6A733D7: ???
==76769==    by 0x14: ???
==76769==    by 0x14: ???
==76769==    by 0x6A7751F: ???
==76769==    by 0x8000000000000000: ???
==76769==    by 0x14: ???
==76769==    by 0x158: ???
==76769== 
==76769== 2 bytes in 1 blocks are definitely lost in loss record 137 of 950
==76769==    at 0x484D953: calloc (in /usr/libexec/valgrind/vgpreload_memcheck-amd64-linux.so)
==76769==    by 0x723DE9: __mn_alloc (in /mnt/c/Users/Juan/Documents/GitHub/Mapanare/mapanare/self/mnc-stage1)
==76769==    by 0x7245AB: __mn_str_from_parts (in /mnt/c/Users/Juan/Documents/GitHub/Mapanare/mapanare/self/mnc-stage1)
==76769==    by 0x41FA6B: lexer__scan_ident (in /mnt/c/Users/Juan/Documents/GitHub/Mapanare/mapanare/self/mnc-stage1)
==76769==    by 0x6A8961F: ???
==76769==    by 0x8000000000000004: ???
==76769==    by 0x6A733D7: ???
==76769==    by 0x14: ???
==76769==    by 0x14: ???
==76769==    by 0x6A7751F: ???
==76769==    by 0x8000000000000000: ???
==76769==    by 0x14: ???
==76769==    by 0x158: ???
==76769== 
==76769== 2 bytes in 1 blocks are definitely lost in loss record 138 of 950
==76769==    at 0x484D953: calloc (in /usr/libexec/valgrind/vgpreload_memcheck-amd64-linux.so)
==76769==    by 0x723DE9: __mn_alloc (in /mnt/c/Users/Juan/Documents/GitHub/Mapanare/mapanare/self/mnc-stage1)
==76769==    by 0x7245AB: __mn_str_from_parts (in /mnt/c/Users/Juan/Documents/GitHub/Mapanare/mapanare/self/mnc-stage1)
==76769==    by 0x41FA6B: lexer__scan_ident (in /mnt/c/Users/Juan/Documents/GitHub/Mapanare/mapanare/self/mnc-stage1)
==76769==    by 0x6A896BF: ???
==76769==    by 0x8000000000000005: ???
==76769==    by 0x6A733D7: ???
==76769==    by 0x14: ???
==76769==    by 0x14: ???
==76769==    by 0x6A7751F: ???
==76769==    by 0x8000000000000000: ???
==76769==    by 0x14: ???
==76769==    by 0x158: ???
==76769== 
==76769== 2 bytes in 1 blocks are definitely lost in loss record 139 of 950
==76769==    at 0x484D953: calloc (in /usr/libexec/valgrind/vgpreload_memcheck-amd64-linux.so)
==76769==    by 0x723DE9: __mn_alloc (in /mnt/c/Users/Juan/Documents/GitHub/Mapanare/mapanare/self/mnc-stage1)
==76769==    by 0x7245AB: __mn_str_from_parts (in /mnt/c/Users/Juan/Documents/GitHub/Mapanare/mapanare/self/mnc-stage1)
==76769==    by 0x41FA6B: lexer__scan_ident (in /mnt/c/Users/Juan/Documents/GitHub/Mapanare/mapanare/self/mnc-stage1)
==76769==    by 0x6A8975F: ???
==76769==    by 0x8000000000000006: ???
==76769==    by 0x6A733D7: ???
==76769==    by 0x14: ???
==76769==    by 0x14: ???
==76769==    by 0x6A7751F: ???
==76769==    by 0x8000000000000000: ???
==76769==    by 0x14: ???
==76769==    by 0x158: ???
==76769== 
==76769== 2 bytes in 1 blocks are definitely lost in loss record 140 of 950
==76769==    at 0x484D953: calloc (in /usr/libexec/valgrind/vgpreload_memcheck-amd64-linux.so)
==76769==    by 0x723DE9: __mn_alloc (in /mnt/c/Users/Juan/Documents/GitHub/Mapanare/mapanare/self/mnc-stage1)
==76769==    by 0x7245AB: __mn_str_from_parts (in /mnt/c/Users/Juan/Documents/GitHub/Mapanare/mapanare/self/mnc-stage1)
==76769==    by 0x41FA6B: lexer__scan_ident (in /mnt/c/Users/Juan/Documents/GitHub/Mapanare/mapanare/self/mnc-stage1)
==76769==    by 0x6A897FF: ???
==76769==    by 0x8000000000000007: ???
==76769==    by 0x6A733D7: ???
==76769==    by 0x14: ???
==76769==    by 0x14: ???
==76769==    by 0x6A7751F: ???
==76769==    by 0x8000000000000000: ???
==76769==    by 0x14: ???
==76769==    by 0x158: ???
==76769== 
==76769== 2 bytes in 1 blocks are definitely lost in loss record 141 of 950
==76769==    at 0x484D953: calloc (in /usr/libexec/valgrind/vgpreload_memcheck-amd64-linux.so)
==76769==    by 0x723DE9: __mn_alloc (in /mnt/c/Users/Juan/Documents/GitHub/Mapanare/mapanare/self/mnc-stage1)
==76769==    by 0x7245AB: __mn_str_from_parts (in /mnt/c/Users/Juan/Documents/GitHub/Mapanare/mapanare/self/mnc-stage1)
==76769==    by 0x4208EB: lexer__scan_string (in /mnt/c/Users/Juan/Documents/GitHub/Mapanare/mapanare/self/mnc-stage1)
==76769== 
==76769== 2 bytes in 1 blocks are definitely lost in loss record 142 of 950
==76769==    at 0x484D953: calloc (in /usr/libexec/valgrind/vgpreload_memcheck-amd64-linux.so)
==76769==    by 0x723DE9: __mn_alloc (in /mnt/c/Users/Juan/Documents/GitHub/Mapanare/mapanare/self/mnc-stage1)
==76769==    by 0x7245AB: __mn_str_from_parts (in /mnt/c/Users/Juan/Documents/GitHub/Mapanare/mapanare/self/mnc-stage1)
==76769==    by 0x41FA6B: lexer__scan_ident (in /mnt/c/Users/Juan/Documents/GitHub/Mapanare/mapanare/self/mnc-stage1)
==76769==    by 0x6A8A10F: ???
==76769==    by 0x8000000000000000: ???
==76769==    by 0x6A733D7: ???
==76769==    by 0x4: ???
==76769==    by 0x15: ???
==76769==    by 0x6A7751F: ???
==76769==    by 0x8000000000000000: ???
==76769==    by 0x4: ???
==76769==    by 0x16E: ???
==76769== 
==76769== 2 bytes in 1 blocks are definitely lost in loss record 143 of 950
==76769==    at 0x484D953: calloc (in /usr/libexec/valgrind/vgpreload_memcheck-amd64-linux.so)
==76769==    by 0x723DE9: __mn_alloc (in /mnt/c/Users/Juan/Documents/GitHub/Mapanare/mapanare/self/mnc-stage1)
==76769==    by 0x7245AB: __mn_str_from_parts (in /mnt/c/Users/Juan/Documents/GitHub/Mapanare/mapanare/self/mnc-stage1)
==76769==    by 0x41FA6B: lexer__scan_ident (in /mnt/c/Users/Juan/Documents/GitHub/Mapanare/mapanare/self/mnc-stage1)
==76769==    by 0x6A8A1AF: ???
==76769==    by 0x8000000000000001: ???
==76769==    by 0x6A733D7: ???
==76769==    by 0x4: ???
==76769==    by 0x15: ???
==76769==    by 0x6A7751F: ???
==76769==    by 0x8000000000000000: ???
==76769==    by 0x4: ???
==76769==    by 0x16E: ???
==76769== 
==76769== 2 bytes in 1 blocks are definitely lost in loss record 144 of 950
==76769==    at 0x484D953: calloc (in /usr/libexec/valgrind/vgpreload_memcheck-amd64-linux.so)
==76769==    by 0x723DE9: __mn_alloc (in /mnt/c/Users/Juan/Documents/GitHub/Mapanare/mapanare/self/mnc-stage1)
==76769==    by 0x7245AB: __mn_str_from_parts (in /mnt/c/Users/Juan/Documents/GitHub/Mapanare/mapanare/self/mnc-stage1)
==76769==    by 0x41FA6B: lexer__scan_ident (in /mnt/c/Users/Juan/Documents/GitHub/Mapanare/mapanare/self/mnc-stage1)
==76769==    by 0x6A8A24F: ???
==76769==    by 0x8000000000000002: ???
==76769==    by 0x6A733D7: ???
==76769==    by 0x4: ???
==76769==    by 0x15: ???
==76769==    by 0x6A7751F: ???
==76769==    by 0x8000000000000000: ???
==76769==    by 0x4: ???
==76769==    by 0x16E: ???
==76769== 
==76769== 2 bytes in 1 blocks are definitely lost in loss record 145 of 950
==76769==    at 0x484D953: calloc (in /usr/libexec/valgrind/vgpreload_memcheck-amd64-linux.so)
==76769==    by 0x723DE9: __mn_alloc (in /mnt/c/Users/Juan/Documents/GitHub/Mapanare/mapanare/self/mnc-stage1)
==76769==    by 0x7245AB: __mn_str_from_parts (in /mnt/c/Users/Juan/Documents/GitHub/Mapanare/mapanare/self/mnc-stage1)
==76769==    by 0x41FA6B: lexer__scan_ident (in /mnt/c/Users/Juan/Documents/GitHub/Mapanare/mapanare/self/mnc-stage1)
==76769==    by 0x6A8A2EF: ???
==76769==    by 0x8000000000000003: ???
==76769==    by 0x6A733D7: ???
==76769==    by 0x4: ???
==76769==    by 0x15: ???
==76769==    by 0x6A7751F: ???
==76769==    by 0x8000000000000000: ???
==76769==    by 0x4: ???
==76769==    by 0x16E: ???
==76769== 
==76769== 2 bytes in 1 blocks are definitely lost in loss record 146 of 950
==76769==    at 0x484D953: calloc (in /usr/libexec/valgrind/vgpreload_memcheck-amd64-linux.so)
==76769==    by 0x723DE9: __mn_alloc (in /mnt/c/Users/Juan/Documents/GitHub/Mapanare/mapanare/self/mnc-stage1)
==76769==    by 0x7245AB: __mn_str_from_parts (in /mnt/c/Users/Juan/Documents/GitHub/Mapanare/mapanare/self/mnc-stage1)
==76769==    by 0x41FA6B: lexer__scan_ident (in /mnt/c/Users/Juan/Documents/GitHub/Mapanare/mapanare/self/mnc-stage1)
==76769==    by 0x6A8A38F: ???
==76769==    by 0x8000000000000004: ???
==76769==    by 0x6A733D7: ???
==76769==    by 0x4: ???
==76769==    by 0x15: ???
==76769==    by 0x6A7751F: ???
==76769==    by 0x8000000000000000: ???
==76769==    by 0x4: ???
==76769==    by 0x16E: ???
==76769== 
==76769== 2 bytes in 1 blocks are definitely lost in loss record 147 of 950
==76769==    at 0x484D953: calloc (in /usr/libexec/valgrind/vgpreload_memcheck-amd64-linux.so)
==76769==    by 0x723DE9: __mn_alloc (in /mnt/c/Users/Juan/Documents/GitHub/Mapanare/mapanare/self/mnc-stage1)
==76769==    by 0x7245AB: __mn_str_from_parts (in /mnt/c/Users/Juan/Documents/GitHub/Mapanare/mapanare/self/mnc-stage1)
==76769==    by 0x41FA6B: lexer__scan_ident (in /mnt/c/Users/Juan/Documents/GitHub/Mapanare/mapanare/self/mnc-stage1)
==76769==    by 0x6A8A60F: ???
==76769==    by 0x8000000000000000: ???
==76769==    by 0x6A733D7: ???
==76769==    by 0xA: ???
==76769==    by 0x15: ???
==76769==    by 0x6A7751F: ???
==76769==    by 0x8000000000000000: ???
==76769==    by 0xA: ???
==76769==    by 0x174: ???
==76769== 
==76769== 2 bytes in 1 blocks are definitely lost in loss record 148 of 950
==76769==    at 0x484D953: calloc (in /usr/libexec/valgrind/vgpreload_memcheck-amd64-linux.so)
==76769==    by 0x723DE9: __mn_alloc (in /mnt/c/Users/Juan/Documents/GitHub/Mapanare/mapanare/self/mnc-stage1)
==76769==    by 0x7245AB: __mn_str_from_parts (in /mnt/c/Users/Juan/Documents/GitHub/Mapanare/mapanare/self/mnc-stage1)
==76769==    by 0x41FA6B: lexer__scan_ident (in /mnt/c/Users/Juan/Documents/GitHub/Mapanare/mapanare/self/mnc-stage1)
==76769==    by 0x6A8AA1F: ???
==76769==    by 0x8000000000000000: ???
==76769==    by 0x6A733D7: ???
==76769==    by 0x4: ???
==76769==    by 0x16: ???
==76769==    by 0x6A7751F: ???
==76769==    by 0x8000000000000000: ???
==76769==    by 0x4: ???
==76769==    by 0x17B: ???
==76769== 
==76769== 2 bytes in 1 blocks are definitely lost in loss record 149 of 950
==76769==    at 0x484D953: calloc (in /usr/libexec/valgrind/vgpreload_memcheck-amd64-linux.so)
==76769==    by 0x723DE9: __mn_alloc (in /mnt/c/Users/Juan/Documents/GitHub/Mapanare/mapanare/self/mnc-stage1)
==76769==    by 0x7245AB: __mn_str_from_parts (in /mnt/c/Users/Juan/Documents/GitHub/Mapanare/mapanare/self/mnc-stage1)
==76769==    by 0x41FA6B: lexer__scan_ident (in /mnt/c/Users/Juan/Documents/GitHub/Mapanare/mapanare/self/mnc-stage1)
==76769==    by 0x6A8AABF: ???
==76769==    by 0x8000000000000001: ???
==76769==    by 0x6A733D7: ???
==76769==    by 0x4: ???
==76769==    by 0x16: ???
==76769==    by 0x6A7751F: ???
==76769==    by 0x8000000000000000: ???
==76769==    by 0x4: ???
==76769==    by 0x17B: ???
==76769== 
==76769== 2 bytes in 1 blocks are definitely lost in loss record 150 of 950
==76769==    at 0x484D953: calloc (in /usr/libexec/valgrind/vgpreload_memcheck-amd64-linux.so)
==76769==    by 0x723DE9: __mn_alloc (in /mnt/c/Users/Juan/Documents/GitHub/Mapanare/mapanare/self/mnc-stage1)
==76769==    by 0x7245AB: __mn_str_from_parts (in /mnt/c/Users/Juan/Documents/GitHub/Mapanare/mapanare/self/mnc-stage1)
==76769==    by 0x41FA6B: lexer__scan_ident (in /mnt/c/Users/Juan/Documents/GitHub/Mapanare/mapanare/self/mnc-stage1)
==76769==    by 0x6A8AB5F: ???
==76769==    by 0x8000000000000002: ???
==76769==    by 0x6A733D7: ???
==76769==    by 0x4: ???
==76769==    by 0x16: ???
==76769==    by 0x6A7751F: ???
==76769==    by 0x8000000000000000: ???
==76769==    by 0x4: ???
==76769==    by 0x17B: ???
==76769== 
==76769== 2 bytes in 1 blocks are definitely lost in loss record 151 of 950
==76769==    at 0x484D953: calloc (in /usr/libexec/valgrind/vgpreload_memcheck-amd64-linux.so)
==76769==    by 0x723DE9: __mn_alloc (in /mnt/c/Users/Juan/Documents/GitHub/Mapanare/mapanare/self/mnc-stage1)
==76769==    by 0x7245AB: __mn_str_from_parts (in /mnt/c/Users/Juan/Documents/GitHub/Mapanare/mapanare/self/mnc-stage1)
==76769==    by 0x41FA6B: lexer__scan_ident (in /mnt/c/Users/Juan/Documents/GitHub/Mapanare/mapanare/self/mnc-stage1)
==76769==    by 0x6A8AD3F: ???
==76769==    by 0x8000000000000000: ???
==76769==    by 0x6A733D7: ???
==76769==    by 0x8: ???
==76769==    by 0x16: ???
==76769==    by 0x6A7751F: ???
==76769==    by 0x8000000000000000: ???
==76769==    by 0x8: ???
==76769==    by 0x17F: ???
==76769== 
==76769== 2 bytes in 1 blocks are definitely lost in loss record 152 of 950
==76769==    at 0x484D953: calloc (in /usr/libexec/valgrind/vgpreload_memcheck-amd64-linux.so)
==76769==    by 0x723DE9: __mn_alloc (in /mnt/c/Users/Juan/Documents/GitHub/Mapanare/mapanare/self/mnc-stage1)
==76769==    by 0x7245AB: __mn_str_from_parts (in /mnt/c/Users/Juan/Documents/GitHub/Mapanare/mapanare/self/mnc-stage1)
==76769==    by 0x41FA6B: lexer__scan_ident (in /mnt/c/Users/Juan/Documents/GitHub/Mapanare/mapanare/self/mnc-stage1)
==76769==    by 0x6A8B00F: ???
==76769==    by 0x8000000000000000: ???
==76769==    by 0x6A733D7: ???
==76769==    by 0xB: ???
==76769==    by 0x16: ???
==76769==    by 0x6A7751F: ???
==76769==    by 0x8000000000000000: ???
==76769==    by 0xB: ???
==76769==    by 0x182: ???
==76769== 
==76769== 2 bytes in 1 blocks are definitely lost in loss record 153 of 950
==76769==    at 0x484D953: calloc (in /usr/libexec/valgrind/vgpreload_memcheck-amd64-linux.so)
==76769==    by 0x723DE9: __mn_alloc (in /mnt/c/Users/Juan/Documents/GitHub/Mapanare/mapanare/self/mnc-stage1)
==76769==    by 0x7245AB: __mn_str_from_parts (in /mnt/c/Users/Juan/Documents/GitHub/Mapanare/mapanare/self/mnc-stage1)
==76769==    by 0x41FA6B: lexer__scan_ident (in /mnt/c/Users/Juan/Documents/GitHub/Mapanare/mapanare/self/mnc-stage1)
==76769==    by 0x6A8B0AF: ???
==76769==    by 0x8000000000000001: ???
==76769==    by 0x6A733D7: ???
==76769==    by 0xB: ???
==76769==    by 0x16: ???
==76769==    by 0x6A7751F: ???
==76769==    by 0x8000000000000000: ???
==76769==    by 0xB: ???
==76769==    by 0x182: ???
==76769== 
==76769== 2 bytes in 1 blocks are definitely lost in loss record 154 of 950
==76769==    at 0x484D953: calloc (in /usr/libexec/valgrind/vgpreload_memcheck-amd64-linux.so)
==76769==    by 0x723DE9: __mn_alloc (in /mnt/c/Users/Juan/Documents/GitHub/Mapanare/mapanare/self/mnc-stage1)
==76769==    by 0x7245AB: __mn_str_from_parts (in /mnt/c/Users/Juan/Documents/GitHub/Mapanare/mapanare/self/mnc-stage1)
==76769==    by 0x41FA6B: lexer__scan_ident (in /mnt/c/Users/Juan/Documents/GitHub/Mapanare/mapanare/self/mnc-stage1)
==76769==    by 0x6A8B14F: ???
==76769==    by 0x8000000000000002: ???
==76769==    by 0x6A733D7: ???
==76769==    by 0xB: ???
==76769==    by 0x16: ???
==76769==    by 0x6A7751F: ???
==76769==    by 0x8000000000000000: ???
==76769==    by 0xB: ???
==76769==    by 0x182: ???
==76769== 
==76769== 2 bytes in 1 blocks are definitely lost in loss record 155 of 950
==76769==    at 0x484D953: calloc (in /usr/libexec/valgrind/vgpreload_memcheck-amd64-linux.so)
==76769==    by 0x723DE9: __mn_alloc (in /mnt/c/Users/Juan/Documents/GitHub/Mapanare/mapanare/self/mnc-stage1)
==76769==    by 0x7245AB: __mn_str_from_parts (in /mnt/c/Users/Juan/Documents/GitHub/Mapanare/mapanare/self/mnc-stage1)
==76769==    by 0x41FA6B: lexer__scan_ident (in /mnt/c/Users/Juan/Documents/GitHub/Mapanare/mapanare/self/mnc-stage1)
==76769==    by 0x6A8B46F: ???
==76769==    by 0x8000000000000000: ???
==76769==    by 0x6A733D7: ???
==76769==    by 0x11: ???
==76769==    by 0x16: ???
==76769==    by 0x6A7751F: ???
==76769==    by 0x8000000000000000: ???
==76769==    by 0x11: ???
==76769==    by 0x188: ???
==76769== 
==76769== 2 bytes in 1 blocks are definitely lost in loss record 156 of 950
==76769==    at 0x484D953: calloc (in /usr/libexec/valgrind/vgpreload_memcheck-amd64-linux.so)
==76769==    by 0x723DE9: __mn_alloc (in /mnt/c/Users/Juan/Documents/GitHub/Mapanare/mapanare/self/mnc-stage1)
==76769==    by 0x7245AB: __mn_str_from_parts (in /mnt/c/Users/Juan/Documents/GitHub/Mapanare/mapanare/self/mnc-stage1)
==76769==    by 0x41FA6B: lexer__scan_ident (in /mnt/c/Users/Juan/Documents/GitHub/Mapanare/mapanare/self/mnc-stage1)
==76769==    by 0x6A8B50F: ???
==76769==    by 0x8000000000000001: ???
==76769==    by 0x6A733D7: ???
==76769==    by 0x11: ???
==76769==    by 0x16: ???
==76769==    by 0x6A7751F: ???
==76769==    by 0x8000000000000000: ???
==76769==    by 0x11: ???
==76769==    by 0x188: ???
==76769== 
==76769== 2 bytes in 1 blocks are definitely lost in loss record 157 of 950
==76769==    at 0x484D953: calloc (in /usr/libexec/valgrind/vgpreload_memcheck-amd64-linux.so)
==76769==    by 0x723DE9: __mn_alloc (in /mnt/c/Users/Juan/Documents/GitHub/Mapanare/mapanare/self/mnc-stage1)
==76769==    by 0x7245AB: __mn_str_from_parts (in /mnt/c/Users/Juan/Documents/GitHub/Mapanare/mapanare/self/mnc-stage1)
==76769==    by 0x41FA6B: lexer__scan_ident (in /mnt/c/Users/Juan/Documents/GitHub/Mapanare/mapanare/self/mnc-stage1)
==76769==    by 0x6A8B5AF: ???
==76769==    by 0x8000000000000002: ???
==76769==    by 0x6A733D7: ???
==76769==    by 0x11: ???
==76769==    by 0x16: ???
==76769==    by 0x6A7751F: ???
==76769==    by 0x8000000000000000: ???
==76769==    by 0x11: ???
==76769==    by 0x188: ???
==76769== 
==76769== 2 bytes in 1 blocks are definitely lost in loss record 158 of 950
==76769==    at 0x484D953: calloc (in /usr/libexec/valgrind/vgpreload_memcheck-amd64-linux.so)
==76769==    by 0x723DE9: __mn_alloc (in /mnt/c/Users/Juan/Documents/GitHub/Mapanare/mapanare/self/mnc-stage1)
==76769==    by 0x7245AB: __mn_str_from_parts (in /mnt/c/Users/Juan/Documents/GitHub/Mapanare/mapanare/self/mnc-stage1)
==76769==    by 0x41FA6B: lexer__scan_ident (in /mnt/c/Users/Juan/Documents/GitHub/Mapanare/mapanare/self/mnc-stage1)
==76769==    by 0x6A8B64F: ???
==76769==    by 0x8000000000000003: ???
==76769==    by 0x6A733D7: ???
==76769==    by 0x11: ???
==76769==    by 0x16: ???
==76769==    by 0x6A7751F: ???
==76769==    by 0x8000000000000000: ???
==76769==    by 0x11: ???
==76769==    by 0x188: ???
==76769== 
==76769== 2 bytes in 1 blocks are definitely lost in loss record 159 of 950
==76769==    at 0x484D953: calloc (in /usr/libexec/valgrind/vgpreload_memcheck-amd64-linux.so)
==76769==    by 0x723DE9: __mn_alloc (in /mnt/c/Users/Juan/Documents/GitHub/Mapanare/mapanare/self/mnc-stage1)
==76769==    by 0x7245AB: __mn_str_from_parts (in /mnt/c/Users/Juan/Documents/GitHub/Mapanare/mapanare/self/mnc-stage1)
==76769==    by 0x41FA6B: lexer__scan_ident (in /mnt/c/Users/Juan/Documents/GitHub/Mapanare/mapanare/self/mnc-stage1)
==76769==    by 0x6A8B6EF: ???
==76769==    by 0x8000000000000004: ???
==76769==    by 0x6A733D7: ???
==76769==    by 0x11: ???
==76769==    by 0x16: ???
==76769==    by 0x6A7751F: ???
==76769==    by 0x8000000000000000: ???
==76769==    by 0x11: ???
==76769==    by 0x188: ???
==76769== 
==76769== 2 bytes in 1 blocks are definitely lost in loss record 160 of 950
==76769==    at 0x484D953: calloc (in /usr/libexec/valgrind/vgpreload_memcheck-amd64-linux.so)
==76769==    by 0x723DE9: __mn_alloc (in /mnt/c/Users/Juan/Documents/GitHub/Mapanare/mapanare/self/mnc-stage1)
==76769==    by 0x7245AB: __mn_str_from_parts (in /mnt/c/Users/Juan/Documents/GitHub/Mapanare/mapanare/self/mnc-stage1)
==76769==    by 0x42002C: lexer__scan_number (in /mnt/c/Users/Juan/Documents/GitHub/Mapanare/mapanare/self/mnc-stage1)
==76769==    by 0x6A8B9BF: ???
==76769==    by 0x6A73257: ???
==76769==    by 0x8000000000000000: ???
==76769==    by 0x6A8B8CF: ???
==76769==    by 0x8000000000000000: ???
==76769== 
==76769== 2 bytes in 1 blocks are definitely lost in loss record 161 of 950
==76769==    at 0x484D953: calloc (in /usr/libexec/valgrind/vgpreload_memcheck-amd64-linux.so)
==76769==    by 0x723DE9: __mn_alloc (in /mnt/c/Users/Juan/Documents/GitHub/Mapanare/mapanare/self/mnc-stage1)
==76769==    by 0x7245AB: __mn_str_from_parts (in /mnt/c/Users/Juan/Documents/GitHub/Mapanare/mapanare/self/mnc-stage1)
==76769==    by 0x42002C: lexer__scan_number (in /mnt/c/Users/Juan/Documents/GitHub/Mapanare/mapanare/self/mnc-stage1)
==76769==    by 0x6A8BA5F: ???
==76769==    by 0x6A73257: ???
==76769==    by 0x8000000000000001: ???
==76769==    by 0x6A8B8CF: ???
==76769==    by 0x8000000000000000: ???
==76769== 
==76769== 2 bytes in 1 blocks are definitely lost in loss record 162 of 950
==76769==    at 0x484D953: calloc (in /usr/libexec/valgrind/vgpreload_memcheck-amd64-linux.so)
==76769==    by 0x723DE9: __mn_alloc (in /mnt/c/Users/Juan/Documents/GitHub/Mapanare/mapanare/self/mnc-stage1)
==76769==    by 0x7245AB: __mn_str_from_parts (in /mnt/c/Users/Juan/Documents/GitHub/Mapanare/mapanare/self/mnc-stage1)
==76769==    by 0x42002C: lexer__scan_number (in /mnt/c/Users/Juan/Documents/GitHub/Mapanare/mapanare/self/mnc-stage1)
==76769==    by 0x6A8BD7F: ???
==76769==    by 0x6A73257: ???
==76769==    by 0x8000000000000000: ???
==76769==    by 0x6A8BC8F: ???
==76769==    by 0x8000000000000000: ???
==76769== 
==76769== 2 bytes in 1 blocks are definitely lost in loss record 163 of 950
==76769==    at 0x484D953: calloc (in /usr/libexec/valgrind/vgpreload_memcheck-amd64-linux.so)
==76769==    by 0x723DE9: __mn_alloc (in /mnt/c/Users/Juan/Documents/GitHub/Mapanare/mapanare/self/mnc-stage1)
==76769==    by 0x7245AB: __mn_str_from_parts (in /mnt/c/Users/Juan/Documents/GitHub/Mapanare/mapanare/self/mnc-stage1)
==76769==    by 0x42002C: lexer__scan_number (in /mnt/c/Users/Juan/Documents/GitHub/Mapanare/mapanare/self/mnc-stage1)
==76769==    by 0x6A8BE1F: ???
==76769==    by 0x6A73257: ???
==76769==    by 0x8000000000000001: ???
==76769==    by 0x6A8BC8F: ???
==76769==    by 0x8000000000000000: ???
==76769== 
==76769== 2 bytes in 1 blocks are definitely lost in loss record 164 of 950
==76769==    at 0x484D953: calloc (in /usr/libexec/valgrind/vgpreload_memcheck-amd64-linux.so)
==76769==    by 0x723DE9: __mn_alloc (in /mnt/c/Users/Juan/Documents/GitHub/Mapanare/mapanare/self/mnc-stage1)
==76769==    by 0x7245AB: __mn_str_from_parts (in /mnt/c/Users/Juan/Documents/GitHub/Mapanare/mapanare/self/mnc-stage1)
==76769==    by 0x41FA6B: lexer__scan_ident (in /mnt/c/Users/Juan/Documents/GitHub/Mapanare/mapanare/self/mnc-stage1)
==76769==    by 0x6A8C22F: ???
==76769==    by 0x8000000000000000: ???
==76769==    by 0x6A733D7: ???
==76769==    by 0x4: ???
==76769==    by 0x17: ???
==76769==    by 0x6A7751F: ???
==76769==    by 0x8000000000000000: ???
==76769==    by 0x4: ???
==76769==    by 0x19A: ???
==76769== 
==76769== 2 bytes in 1 blocks are definitely lost in loss record 165 of 950
==76769==    at 0x484D953: calloc (in /usr/libexec/valgrind/vgpreload_memcheck-amd64-linux.so)
==76769==    by 0x723DE9: __mn_alloc (in /mnt/c/Users/Juan/Documents/GitHub/Mapanare/mapanare/self/mnc-stage1)
==76769==    by 0x7245AB: __mn_str_from_parts (in /mnt/c/Users/Juan/Documents/GitHub/Mapanare/mapanare/self/mnc-stage1)
==76769==    by 0x41FA6B: lexer__scan_ident (in /mnt/c/Users/Juan/Documents/GitHub/Mapanare/mapanare/self/mnc-stage1)
==76769==    by 0x6A8C2CF: ???
==76769==    by 0x8000000000000001: ???
==76769==    by 0x6A733D7: ???
==76769==    by 0x4: ???
==76769==    by 0x17: ???
==76769==    by 0x6A7751F: ???
==76769==    by 0x8000000000000000: ???
==76769==    by 0x4: ???
==76769==    by 0x19A: ???
==76769== 
==76769== 2 bytes in 1 blocks are definitely lost in loss record 166 of 950
==76769==    at 0x484D953: calloc (in /usr/libexec/valgrind/vgpreload_memcheck-amd64-linux.so)
==76769==    by 0x723DE9: __mn_alloc (in /mnt/c/Users/Juan/Documents/GitHub/Mapanare/mapanare/self/mnc-stage1)
==76769==    by 0x7245AB: __mn_str_from_parts (in /mnt/c/Users/Juan/Documents/GitHub/Mapanare/mapanare/self/mnc-stage1)
==76769==    by 0x41FA6B: lexer__scan_ident (in /mnt/c/Users/Juan/Documents/GitHub/Mapanare/mapanare/self/mnc-stage1)
==76769==    by 0x6A8C36F: ???
==76769==    by 0x8000000000000002: ???
==76769==    by 0x6A733D7: ???
==76769==    by 0x4: ???
==76769==    by 0x17: ???
==76769==    by 0x6A7751F: ???
==76769==    by 0x8000000000000000: ???
==76769==    by 0x4: ???
==76769==    by 0x19A: ???
==76769== 
==76769== 2 bytes in 1 blocks are definitely lost in loss record 167 of 950
==76769==    at 0x484D953: calloc (in /usr/libexec/valgrind/vgpreload_memcheck-amd64-linux.so)
==76769==    by 0x723DE9: __mn_alloc (in /mnt/c/Users/Juan/Documents/GitHub/Mapanare/mapanare/self/mnc-stage1)
==76769==    by 0x7245AB: __mn_str_from_parts (in /mnt/c/Users/Juan/Documents/GitHub/Mapanare/mapanare/self/mnc-stage1)
==76769==    by 0x41FA6B: lexer__scan_ident (in /mnt/c/Users/Juan/Documents/GitHub/Mapanare/mapanare/self/mnc-stage1)
==76769==    by 0x6A8C40F: ???
==76769==    by 0x8000000000000003: ???
==76769==    by 0x6A733D7: ???
==76769==    by 0x4: ???
==76769==    by 0x17: ???
==76769==    by 0x6A7751F: ???
==76769==    by 0x8000000000000000: ???
==76769==    by 0x4: ???
==76769==    by 0x19A: ???
==76769== 
==76769== 2 bytes in 1 blocks are definitely lost in loss record 168 of 950
==76769==    at 0x484D953: calloc (in /usr/libexec/valgrind/vgpreload_memcheck-amd64-linux.so)
==76769==    by 0x723DE9: __mn_alloc (in /mnt/c/Users/Juan/Documents/GitHub/Mapanare/mapanare/self/mnc-stage1)
==76769==    by 0x7245AB: __mn_str_from_parts (in /mnt/c/Users/Juan/Documents/GitHub/Mapanare/mapanare/self/mnc-stage1)
==76769==    by 0x41FA6B: lexer__scan_ident (in /mnt/c/Users/Juan/Documents/GitHub/Mapanare/mapanare/self/mnc-stage1)
==76769==    by 0x6A8C4AF: ???
==76769==    by 0x8000000000000004: ???
==76769==    by 0x6A733D7: ???
==76769==    by 0x4: ???
==76769==    by 0x17: ???
==76769==    by 0x6A7751F: ???
==76769==    by 0x8000000000000000: ???
==76769==    by 0x4: ???
==76769==    by 0x19A: ???
==76769== 
==76769== 2 bytes in 1 blocks are definitely lost in loss record 169 of 950
==76769==    at 0x484D953: calloc (in /usr/libexec/valgrind/vgpreload_memcheck-amd64-linux.so)
==76769==    by 0x723DE9: __mn_alloc (in /mnt/c/Users/Juan/Documents/GitHub/Mapanare/mapanare/self/mnc-stage1)
==76769==    by 0x7245AB: __mn_str_from_parts (in /mnt/c/Users/Juan/Documents/GitHub/Mapanare/mapanare/self/mnc-stage1)
==76769==    by 0x41FA6B: lexer__scan_ident (in /mnt/c/Users/Juan/Documents/GitHub/Mapanare/mapanare/self/mnc-stage1)
==76769==    by 0x6A8C72F: ???
==76769==    by 0x8000000000000000: ???
==76769==    by 0x6A733D7: ???
==76769==    by 0xA: ???
==76769==    by 0x17: ???
==76769==    by 0x6A7751F: ???
==76769==    by 0x8000000000000000: ???
==76769==    by 0xA: ???
==76769==    by 0x1A0: ???
==76769== 
==76769== 2 bytes in 1 blocks are definitely lost in loss record 170 of 950
==76769==    at 0x484D953: calloc (in /usr/libexec/valgrind/vgpreload_memcheck-amd64-linux.so)
==76769==    by 0x723DE9: __mn_alloc (in /mnt/c/Users/Juan/Documents/GitHub/Mapanare/mapanare/self/mnc-stage1)
==76769==    by 0x7245AB: __mn_str_from_parts (in /mnt/c/Users/Juan/Documents/GitHub/Mapanare/mapanare/self/mnc-stage1)
==76769==    by 0x41FA6B: lexer__scan_ident (in /mnt/c/Users/Juan/Documents/GitHub/Mapanare/mapanare/self/mnc-stage1)
==76769==    by 0x6A8D2BF: ???
==76769==    by 0x8000000000000000: ???
==76769==    by 0x6A733D7: ???
==76769==    by 0x4: ???
==76769==    by 0x1A: ???
==76769==    by 0x6A7751F: ???
==76769==    by 0x8000000000000000: ???
==76769==    by 0x4: ???
==76769==    by 0x1BE: ???
==76769== 
==76769== 2 bytes in 1 blocks are definitely lost in loss record 171 of 950
==76769==    at 0x484D953: calloc (in /usr/libexec/valgrind/vgpreload_memcheck-amd64-linux.so)
==76769==    by 0x723DE9: __mn_alloc (in /mnt/c/Users/Juan/Documents/GitHub/Mapanare/mapanare/self/mnc-stage1)
==76769==    by 0x7245AB: __mn_str_from_parts (in /mnt/c/Users/Juan/Documents/GitHub/Mapanare/mapanare/self/mnc-stage1)
==76769==    by 0x41FA6B: lexer__scan_ident (in /mnt/c/Users/Juan/Documents/GitHub/Mapanare/mapanare/self/mnc-stage1)
==76769==    by 0x6A8D35F: ???
==76769==    by 0x8000000000000001: ???
==76769==    by 0x6A733D7: ???
==76769==    by 0x4: ???
==76769==    by 0x1A: ???
==76769==    by 0x6A7751F: ???
==76769==    by 0x8000000000000000: ???
==76769==    by 0x4: ???
==76769==    by 0x1BE: ???
==76769== 
==76769== 2 bytes in 1 blocks are definitely lost in loss record 172 of 950
==76769==    at 0x484D953: calloc (in /usr/libexec/valgrind/vgpreload_memcheck-amd64-linux.so)
==76769==    by 0x723DE9: __mn_alloc (in /mnt/c/Users/Juan/Documents/GitHub/Mapanare/mapanare/self/mnc-stage1)
==76769==    by 0x7245AB: __mn_str_from_parts (in /mnt/c/Users/Juan/Documents/GitHub/Mapanare/mapanare/self/mnc-stage1)
==76769==    by 0x41FA6B: lexer__scan_ident (in /mnt/c/Users/Juan/Documents/GitHub/Mapanare/mapanare/self/mnc-stage1)
==76769==    by 0x6A8D3FF: ???
==76769==    by 0x8000000000000002: ???
==76769==    by 0x6A733D7: ???
==76769==    by 0x4: ???
==76769==    by 0x1A: ???
==76769==    by 0x6A7751F: ???
==76769==    by 0x8000000000000000: ???
==76769==    by 0x4: ???
==76769==    by 0x1BE: ???
==76769== 
==76769== 2 bytes in 1 blocks are definitely lost in loss record 173 of 950
==76769==    at 0x484D953: calloc (in /usr/libexec/valgrind/vgpreload_memcheck-amd64-linux.so)
==76769==    by 0x723DE9: __mn_alloc (in /mnt/c/Users/Juan/Documents/GitHub/Mapanare/mapanare/self/mnc-stage1)
==76769==    by 0x7245AB: __mn_str_from_parts (in /mnt/c/Users/Juan/Documents/GitHub/Mapanare/mapanare/self/mnc-stage1)
==76769==    by 0x41FA6B: lexer__scan_ident (in /mnt/c/Users/Juan/Documents/GitHub/Mapanare/mapanare/self/mnc-stage1)
==76769==    by 0x6A8D5DF: ???
==76769==    by 0x8000000000000000: ???
==76769==    by 0x6A733D7: ???
==76769==    by 0x8: ???
==76769==    by 0x1A: ???
==76769==    by 0x6A7751F: ???
==76769==    by 0x8000000000000000: ???
==76769==    by 0x8: ???
==76769==    by 0x1C2: ???
==76769== 
==76769== 2 bytes in 1 blocks are definitely lost in loss record 174 of 950
==76769==    at 0x484D953: calloc (in /usr/libexec/valgrind/vgpreload_memcheck-amd64-linux.so)
==76769==    by 0x723DE9: __mn_alloc (in /mnt/c/Users/Juan/Documents/GitHub/Mapanare/mapanare/self/mnc-stage1)
==76769==    by 0x7245AB: __mn_str_from_parts (in /mnt/c/Users/Juan/Documents/GitHub/Mapanare/mapanare/self/mnc-stage1)
==76769==    by 0x41FA6B: lexer__scan_ident (in /mnt/c/Users/Juan/Documents/GitHub/Mapanare/mapanare/self/mnc-stage1)
==76769==    by 0x6A8D8FF: ???
==76769==    by 0x8000000000000000: ???
==76769==    by 0x6A733D7: ???
==76769==    by 0xC: ???
==76769==    by 0x1A: ???
==76769==    by 0x6A7751F: ???
==76769==    by 0x8000000000000000: ???
==76769==    by 0xC: ???
==76769==    by 0x1C6: ???
==76769== 
==76769== 2 bytes in 1 blocks are definitely lost in loss record 175 of 950
==76769==    at 0x484D953: calloc (in /usr/libexec/valgrind/vgpreload_memcheck-amd64-linux.so)
==76769==    by 0x723DE9: __mn_alloc (in /mnt/c/Users/Juan/Documents/GitHub/Mapanare/mapanare/self/mnc-stage1)
==76769==    by 0x7245AB: __mn_str_from_parts (in /mnt/c/Users/Juan/Documents/GitHub/Mapanare/mapanare/self/mnc-stage1)
==76769==    by 0x41FA6B: lexer__scan_ident (in /mnt/c/Users/Juan/Documents/GitHub/Mapanare/mapanare/self/mnc-stage1)
==76769==    by 0x6A8D99F: ???
==76769==    by 0x8000000000000001: ???
==76769==    by 0x6A733D7: ???
==76769==    by 0xC: ???
==76769==    by 0x1A: ???
==76769==    by 0x6A7751F: ???
==76769==    by 0x8000000000000000: ???
==76769==    by 0xC: ???
==76769==    by 0x1C6: ???
==76769== 
==76769== 2 bytes in 1 blocks are definitely lost in loss record 176 of 950
==76769==    at 0x484D953: calloc (in /usr/libexec/valgrind/vgpreload_memcheck-amd64-linux.so)
==76769==    by 0x723DE9: __mn_alloc (in /mnt/c/Users/Juan/Documents/GitHub/Mapanare/mapanare/self/mnc-stage1)
==76769==    by 0x7245AB: __mn_str_from_parts (in /mnt/c/Users/Juan/Documents/GitHub/Mapanare/mapanare/self/mnc-stage1)
==76769==    by 0x41FA6B: lexer__scan_ident (in /mnt/c/Users/Juan/Documents/GitHub/Mapanare/mapanare/self/mnc-stage1)
==76769==    by 0x6A8DA3F: ???
==76769==    by 0x8000000000000002: ???
==76769==    by 0x6A733D7: ???
==76769==    by 0xC: ???
==76769==    by 0x1A: ???
==76769==    by 0x6A7751F: ???
==76769==    by 0x8000000000000000: ???
==76769==    by 0xC: ???
==76769==    by 0x1C6: ???
==76769== 
==76769== 2 bytes in 1 blocks are definitely lost in loss record 177 of 950
==76769==    at 0x484D953: calloc (in /usr/libexec/valgrind/vgpreload_memcheck-amd64-linux.so)
==76769==    by 0x723DE9: __mn_alloc (in /mnt/c/Users/Juan/Documents/GitHub/Mapanare/mapanare/self/mnc-stage1)
==76769==    by 0x7245AB: __mn_str_from_parts (in /mnt/c/Users/Juan/Documents/GitHub/Mapanare/mapanare/self/mnc-stage1)
==76769==    by 0x41FA6B: lexer__scan_ident (in /mnt/c/Users/Juan/Documents/GitHub/Mapanare/mapanare/self/mnc-stage1)
==76769==    by 0x6A8DC1F: ???
==76769==    by 0x8000000000000000: ???
==76769==    by 0x6A733D7: ???
==76769==    by 0x10: ???
==76769==    by 0x1A: ???
==76769==    by 0x6A7751F: ???
==76769==    by 0x8000000000000000: ???
==76769==    by 0x10: ???
==76769==    by 0x1CA: ???
==76769== 
==76769== 2 bytes in 1 blocks are definitely lost in loss record 178 of 950
==76769==    at 0x484D953: calloc (in /usr/libexec/valgrind/vgpreload_memcheck-amd64-linux.so)
==76769==    by 0x723DE9: __mn_alloc (in /mnt/c/Users/Juan/Documents/GitHub/Mapanare/mapanare/self/mnc-stage1)
==76769==    by 0x7245AB: __mn_str_from_parts (in /mnt/c/Users/Juan/Documents/GitHub/Mapanare/mapanare/self/mnc-stage1)
==76769==    by 0x41FA6B: lexer__scan_ident (in /mnt/c/Users/Juan/Documents/GitHub/Mapanare/mapanare/self/mnc-stage1)
==76769==    by 0x6A8DCBF: ???
==76769==    by 0x8000000000000001: ???
==76769==    by 0x6A733D7: ???
==76769==    by 0x10: ???
==76769==    by 0x1A: ???
==76769==    by 0x6A7751F: ???
==76769==    by 0x8000000000000000: ???
==76769==    by 0x10: ???
==76769==    by 0x1CA: ???
==76769== 
==76769== 2 bytes in 1 blocks are definitely lost in loss record 179 of 950
==76769==    at 0x484D953: calloc (in /usr/libexec/valgrind/vgpreload_memcheck-amd64-linux.so)
==76769==    by 0x723DE9: __mn_alloc (in /mnt/c/Users/Juan/Documents/GitHub/Mapanare/mapanare/self/mnc-stage1)
==76769==    by 0x7245AB: __mn_str_from_parts (in /mnt/c/Users/Juan/Documents/GitHub/Mapanare/mapanare/self/mnc-stage1)
==76769==    by 0x41FA6B: lexer__scan_ident (in /mnt/c/Users/Juan/Documents/GitHub/Mapanare/mapanare/self/mnc-stage1)
==76769==    by 0x6A8DD5F: ???
==76769==    by 0x8000000000000002: ???
==76769==    by 0x6A733D7: ???
==76769==    by 0x10: ???
==76769==    by 0x1A: ???
==76769==    by 0x6A7751F: ???
==76769==    by 0x8000000000000000: ???
==76769==    by 0x10: ???
==76769==    by 0x1CA: ???
==76769== 
==76769== 2 bytes in 1 blocks are definitely lost in loss record 180 of 950
==76769==    at 0x484D953: calloc (in /usr/libexec/valgrind/vgpreload_memcheck-amd64-linux.so)
==76769==    by 0x723DE9: __mn_alloc (in /mnt/c/Users/Juan/Documents/GitHub/Mapanare/mapanare/self/mnc-stage1)
==76769==    by 0x7245AB: __mn_str_from_parts (in /mnt/c/Users/Juan/Documents/GitHub/Mapanare/mapanare/self/mnc-stage1)
==76769==    by 0x41FA6B: lexer__scan_ident (in /mnt/c/Users/Juan/Documents/GitHub/Mapanare/mapanare/self/mnc-stage1)
==76769==    by 0x6A8DDFF: ???
==76769==    by 0x8000000000000003: ???
==76769==    by 0x6A733D7: ???
==76769==    by 0x10: ???
==76769==    by 0x1A: ???
==76769==    by 0x6A7751F: ???
==76769==    by 0x8000000000000000: ???
==76769==    by 0x10: ???
==76769==    by 0x1CA: ???
==76769== 
==76769== 2 bytes in 1 blocks are definitely lost in loss record 181 of 950
==76769==    at 0x484D953: calloc (in /usr/libexec/valgrind/vgpreload_memcheck-amd64-linux.so)
==76769==    by 0x723DE9: __mn_alloc (in /mnt/c/Users/Juan/Documents/GitHub/Mapanare/mapanare/self/mnc-stage1)
==76769==    by 0x7245AB: __mn_str_from_parts (in /mnt/c/Users/Juan/Documents/GitHub/Mapanare/mapanare/self/mnc-stage1)
==76769==    by 0x41FA6B: lexer__scan_ident (in /mnt/c/Users/Juan/Documents/GitHub/Mapanare/mapanare/self/mnc-stage1)
==76769==    by 0x6A8E11F: ???
==76769==    by 0x8000000000000000: ???
==76769==    by 0x6A733D7: ???
==76769==    by 0x17: ???
==76769==    by 0x1A: ???
==76769==    by 0x6A7751F: ???
==76769==    by 0x8000000000000000: ???
==76769==    by 0x17: ???
==76769==    by 0x1D1: ???
==76769== 
==76769== 2 bytes in 1 blocks are definitely lost in loss record 182 of 950
==76769==    at 0x484D953: calloc (in /usr/libexec/valgrind/vgpreload_memcheck-amd64-linux.so)
==76769==    by 0x723DE9: __mn_alloc (in /mnt/c/Users/Juan/Documents/GitHub/Mapanare/mapanare/self/mnc-stage1)
==76769==    by 0x7245AB: __mn_str_from_parts (in /mnt/c/Users/Juan/Documents/GitHub/Mapanare/mapanare/self/mnc-stage1)
==76769==    by 0x41FA6B: lexer__scan_ident (in /mnt/c/Users/Juan/Documents/GitHub/Mapanare/mapanare/self/mnc-stage1)
==76769==    by 0x6A8E1BF: ???
==76769==    by 0x8000000000000001: ???
==76769==    by 0x6A733D7: ???
==76769==    by 0x17: ???
==76769==    by 0x1A: ???
==76769==    by 0x6A7751F: ???
==76769==    by 0x8000000000000000: ???
==76769==    by 0x17: ???
==76769==    by 0x1D1: ???
==76769== 
==76769== 2 bytes in 1 blocks are definitely lost in loss record 183 of 950
==76769==    at 0x484D953: calloc (in /usr/libexec/valgrind/vgpreload_memcheck-amd64-linux.so)
==76769==    by 0x723DE9: __mn_alloc (in /mnt/c/Users/Juan/Documents/GitHub/Mapanare/mapanare/self/mnc-stage1)
==76769==    by 0x7245AB: __mn_str_from_parts (in /mnt/c/Users/Juan/Documents/GitHub/Mapanare/mapanare/self/mnc-stage1)
==76769==    by 0x41FA6B: lexer__scan_ident (in /mnt/c/Users/Juan/Documents/GitHub/Mapanare/mapanare/self/mnc-stage1)
==76769==    by 0x6A8E25F: ???
==76769==    by 0x8000000000000002: ???
==76769==    by 0x6A733D7: ???
==76769==    by 0x17: ???
==76769==    by 0x1A: ???
==76769==    by 0x6A7751F: ???
==76769==    by 0x8000000000000000: ???
==76769==    by 0x17: ???
==76769==    by 0x1D1: ???
==76769== 
==76769== 2 bytes in 1 blocks are definitely lost in loss record 184 of 950
==76769==    at 0x484D953: calloc (in /usr/libexec/valgrind/vgpreload_memcheck-amd64-linux.so)
==76769==    by 0x723DE9: __mn_alloc (in /mnt/c/Users/Juan/Documents/GitHub/Mapanare/mapanare/self/mnc-stage1)
==76769==    by 0x7245AB: __mn_str_from_parts (in /mnt/c/Users/Juan/Documents/GitHub/Mapanare/mapanare/self/mnc-stage1)
==76769==    by 0x41FA6B: lexer__scan_ident (in /mnt/c/Users/Juan/Documents/GitHub/Mapanare/mapanare/self/mnc-stage1)
==76769==    by 0x6A8E2FF: ???
==76769==    by 0x8000000000000003: ???
==76769==    by 0x6A733D7: ???
==76769==    by 0x17: ???
==76769==    by 0x1A: ???
==76769==    by 0x6A7751F: ???
==76769==    by 0x8000000000000000: ???
==76769==    by 0x17: ???
==76769==    by 0x1D1: ???
==76769== 
==76769== 2 bytes in 1 blocks are definitely lost in loss record 185 of 950
==76769==    at 0x484D953: calloc (in /usr/libexec/valgrind/vgpreload_memcheck-amd64-linux.so)
==76769==    by 0x723DE9: __mn_alloc (in /mnt/c/Users/Juan/Documents/GitHub/Mapanare/mapanare/self/mnc-stage1)
==76769==    by 0x7245AB: __mn_str_from_parts (in /mnt/c/Users/Juan/Documents/GitHub/Mapanare/mapanare/self/mnc-stage1)
==76769==    by 0x41FA6B: lexer__scan_ident (in /mnt/c/Users/Juan/Documents/GitHub/Mapanare/mapanare/self/mnc-stage1)
==76769==    by 0x6A8E39F: ???
==76769==    by 0x8000000000000004: ???
==76769==    by 0x6A733D7: ???
==76769==    by 0x17: ???
==76769==    by 0x1A: ???
==76769==    by 0x6A7751F: ???
==76769==    by 0x8000000000000000: ???
==76769==    by 0x17: ???
==76769==    by 0x1D1: ???
==76769== 
==76769== 2 bytes in 1 blocks are definitely lost in loss record 186 of 950
==76769==    at 0x484D953: calloc (in /usr/libexec/valgrind/vgpreload_memcheck-amd64-linux.so)
==76769==    by 0x723DE9: __mn_alloc (in /mnt/c/Users/Juan/Documents/GitHub/Mapanare/mapanare/self/mnc-stage1)
==76769==    by 0x7245AB: __mn_str_from_parts (in /mnt/c/Users/Juan/Documents/GitHub/Mapanare/mapanare/self/mnc-stage1)
==76769==    by 0x42002C: lexer__scan_number (in /mnt/c/Users/Juan/Documents/GitHub/Mapanare/mapanare/self/mnc-stage1)
==76769==    by 0x6A8E6BF: ???
==76769==    by 0x6A73257: ???
==76769==    by 0x8000000000000000: ???
==76769==    by 0x6A8E5CF: ???
==76769==    by 0x8000000000000000: ???
==76769== 
==76769== 2 bytes in 1 blocks are definitely lost in loss record 187 of 950
==76769==    at 0x484D953: calloc (in /usr/libexec/valgrind/vgpreload_memcheck-amd64-linux.so)
==76769==    by 0x723DE9: __mn_alloc (in /mnt/c/Users/Juan/Documents/GitHub/Mapanare/mapanare/self/mnc-stage1)
==76769==    by 0x7245AB: __mn_str_from_parts (in /mnt/c/Users/Juan/Documents/GitHub/Mapanare/mapanare/self/mnc-stage1)
==76769==    by 0x42002C: lexer__scan_number (in /mnt/c/Users/Juan/Documents/GitHub/Mapanare/mapanare/self/mnc-stage1)
==76769==    by 0x6A8E75F: ???
==76769==    by 0x6A73257: ???
==76769==    by 0x8000000000000001: ???
==76769==    by 0x6A8E5CF: ???
==76769==    by 0x8000000000000000: ???
==76769== 
==76769== 2 bytes in 1 blocks are definitely lost in loss record 188 of 950
==76769==    at 0x484D953: calloc (in /usr/libexec/valgrind/vgpreload_memcheck-amd64-linux.so)
==76769==    by 0x723DE9: __mn_alloc (in /mnt/c/Users/Juan/Documents/GitHub/Mapanare/mapanare/self/mnc-stage1)
==76769==    by 0x7245AB: __mn_str_from_parts (in /mnt/c/Users/Juan/Documents/GitHub/Mapanare/mapanare/self/mnc-stage1)
==76769==    by 0x42002C: lexer__scan_number (in /mnt/c/Users/Juan/Documents/GitHub/Mapanare/mapanare/self/mnc-stage1)
==76769==    by 0x6A8E7FF: ???
==76769==    by 0x6A73257: ???
==76769==    by 0x8000000000000002: ???
==76769==    by 0x6A8E5CF: ???
==76769==    by 0x8000000000000000: ???
==76769== 
==76769== 2 bytes in 1 blocks are definitely lost in loss record 189 of 950
==76769==    at 0x484D953: calloc (in /usr/libexec/valgrind/vgpreload_memcheck-amd64-linux.so)
==76769==    by 0x723DE9: __mn_alloc (in /mnt/c/Users/Juan/Documents/GitHub/Mapanare/mapanare/self/mnc-stage1)
==76769==    by 0x7245AB: __mn_str_from_parts (in /mnt/c/Users/Juan/Documents/GitHub/Mapanare/mapanare/self/mnc-stage1)
==76769==    by 0x41FA6B: lexer__scan_ident (in /mnt/c/Users/Juan/Documents/GitHub/Mapanare/mapanare/self/mnc-stage1)
==76769==    by 0x6A8EACF: ???
==76769==    by 0x8000000000000000: ???
==76769==    by 0x6A733D7: ???
==76769==    by 0x23: ???
==76769==    by 0x1A: ???
==76769==    by 0x6A7751F: ???
==76769==    by 0x8000000000000000: ???
==76769==    by 0x23: ???
==76769==    by 0x1DD: ???
==76769== 
==76769== 2 bytes in 1 blocks are definitely lost in loss record 190 of 950
==76769==    at 0x484D953: calloc (in /usr/libexec/valgrind/vgpreload_memcheck-amd64-linux.so)
==76769==    by 0x723DE9: __mn_alloc (in /mnt/c/Users/Juan/Documents/GitHub/Mapanare/mapanare/self/mnc-stage1)
==76769==    by 0x7245AB: __mn_str_from_parts (in /mnt/c/Users/Juan/Documents/GitHub/Mapanare/mapanare/self/mnc-stage1)
==76769==    by 0x41FA6B: lexer__scan_ident (in /mnt/c/Users/Juan/Documents/GitHub/Mapanare/mapanare/self/mnc-stage1)
==76769==    by 0x6A8EB6F: ???
==76769==    by 0x8000000000000001: ???
==76769==    by 0x6A733D7: ???
==76769==    by 0x23: ???
==76769==    by 0x1A: ???
==76769==    by 0x6A7751F: ???
==76769==    by 0x8000000000000000: ???
==76769==    by 0x23: ???
==76769==    by 0x1DD: ???
==76769== 
==76769== 2 bytes in 1 blocks are definitely lost in loss record 191 of 950
==76769==    at 0x484D953: calloc (in /usr/libexec/valgrind/vgpreload_memcheck-amd64-linux.so)
==76769==    by 0x723DE9: __mn_alloc (in /mnt/c/Users/Juan/Documents/GitHub/Mapanare/mapanare/self/mnc-stage1)
==76769==    by 0x7245AB: __mn_str_from_parts (in /mnt/c/Users/Juan/Documents/GitHub/Mapanare/mapanare/self/mnc-stage1)
==76769==    by 0x41FA6B: lexer__scan_ident (in /mnt/c/Users/Juan/Documents/GitHub/Mapanare/mapanare/self/mnc-stage1)
==76769==    by 0x6A8EC0F: ???
==76769==    by 0x8000000000000002: ???
==76769==    by 0x6A733D7: ???
==76769==    by 0x23: ???
==76769==    by 0x1A: ???
==76769==    by 0x6A7751F: ???
==76769==    by 0x8000000000000000: ???
==76769==    by 0x23: ???
==76769==    by 0x1DD: ???
==76769== 
==76769== 2 bytes in 1 blocks are definitely lost in loss record 192 of 950
==76769==    at 0x484D953: calloc (in /usr/libexec/valgrind/vgpreload_memcheck-amd64-linux.so)
==76769==    by 0x723DE9: __mn_alloc (in /mnt/c/Users/Juan/Documents/GitHub/Mapanare/mapanare/self/mnc-stage1)
==76769==    by 0x7245AB: __mn_str_from_parts (in /mnt/c/Users/Juan/Documents/GitHub/Mapanare/mapanare/self/mnc-stage1)
==76769==    by 0x41FA6B: lexer__scan_ident (in /mnt/c/Users/Juan/Documents/GitHub/Mapanare/mapanare/self/mnc-stage1)
==76769==    by 0x6A8ECAF: ???
==76769==    by 0x8000000000000003: ???
==76769==    by 0x6A733D7: ???
==76769==    by 0x23: ???
==76769==    by 0x1A: ???
==76769==    by 0x6A7751F: ???
==76769==    by 0x8000000000000000: ???
==76769==    by 0x23: ???
==76769==    by 0x1DD: ???
==76769== 
==76769== 2 bytes in 1 blocks are definitely lost in loss record 193 of 950
==76769==    at 0x484D953: calloc (in /usr/libexec/valgrind/vgpreload_memcheck-amd64-linux.so)
==76769==    by 0x723DE9: __mn_alloc (in /mnt/c/Users/Juan/Documents/GitHub/Mapanare/mapanare/self/mnc-stage1)
==76769==    by 0x7245AB: __mn_str_from_parts (in /mnt/c/Users/Juan/Documents/GitHub/Mapanare/mapanare/self/mnc-stage1)
==76769==    by 0x41FA6B: lexer__scan_ident (in /mnt/c/Users/Juan/Documents/GitHub/Mapanare/mapanare/self/mnc-stage1)
==76769==    by 0x6A8ED4F: ???
==76769==    by 0x8000000000000004: ???
==76769==    by 0x6A733D7: ???
==76769==    by 0x23: ???
==76769==    by 0x1A: ???
==76769==    by 0x6A7751F: ???
==76769==    by 0x8000000000000000: ???
==76769==    by 0x23: ???
==76769==    by 0x1DD: ???
==76769== 
==76769== 2 bytes in 1 blocks are definitely lost in loss record 194 of 950
==76769==    at 0x484D953: calloc (in /usr/libexec/valgrind/vgpreload_memcheck-amd64-linux.so)
==76769==    by 0x723DE9: __mn_alloc (in /mnt/c/Users/Juan/Documents/GitHub/Mapanare/mapanare/self/mnc-stage1)
==76769==    by 0x7245AB: __mn_str_from_parts (in /mnt/c/Users/Juan/Documents/GitHub/Mapanare/mapanare/self/mnc-stage1)
==76769==    by 0x41FA6B: lexer__scan_ident (in /mnt/c/Users/Juan/Documents/GitHub/Mapanare/mapanare/self/mnc-stage1)
==76769==    by 0x6A8EDEF: ???
==76769==    by 0x8000000000000005: ???
==76769==    by 0x6A733D7: ???
==76769==    by 0x23: ???
==76769==    by 0x1A: ???
==76769==    by 0x6A7751F: ???
==76769==    by 0x8000000000000000: ???
==76769==    by 0x23: ???
==76769==    by 0x1DD: ???
==76769== 
==76769== 2 bytes in 1 blocks are definitely lost in loss record 195 of 950
==76769==    at 0x484D953: calloc (in /usr/libexec/valgrind/vgpreload_memcheck-amd64-linux.so)
==76769==    by 0x723DE9: __mn_alloc (in /mnt/c/Users/Juan/Documents/GitHub/Mapanare/mapanare/self/mnc-stage1)
==76769==    by 0x7245AB: __mn_str_from_parts (in /mnt/c/Users/Juan/Documents/GitHub/Mapanare/mapanare/self/mnc-stage1)
==76769==    by 0x41FA6B: lexer__scan_ident (in /mnt/c/Users/Juan/Documents/GitHub/Mapanare/mapanare/self/mnc-stage1)
==76769==    by 0x6A8F0BF: ???
==76769==    by 0x8000000000000000: ???
==76769==    by 0x6A733D7: ???
==76769==    by 0x2B: ???
==76769==    by 0x1A: ???
==76769==    by 0x6A7751F: ???
==76769==    by 0x8000000000000000: ???
==76769==    by 0x2B: ???
==76769==    by 0x1E5: ???
==76769== 
==76769== 2 bytes in 1 blocks are definitely lost in loss record 196 of 950
==76769==    at 0x484D953: calloc (in /usr/libexec/valgrind/vgpreload_memcheck-amd64-linux.so)
==76769==    by 0x723DE9: __mn_alloc (in /mnt/c/Users/Juan/Documents/GitHub/Mapanare/mapanare/self/mnc-stage1)
==76769==    by 0x7245AB: __mn_str_from_parts (in /mnt/c/Users/Juan/Documents/GitHub/Mapanare/mapanare/self/mnc-stage1)
==76769==    by 0x41FA6B: lexer__scan_ident (in /mnt/c/Users/Juan/Documents/GitHub/Mapanare/mapanare/self/mnc-stage1)
==76769==    by 0x6A8F15F: ???
==76769==    by 0x8000000000000001: ???
==76769==    by 0x6A733D7: ???
==76769==    by 0x2B: ???
==76769==    by 0x1A: ???
==76769==    by 0x6A7751F: ???
==76769==    by 0x8000000000000000: ???
==76769==    by 0x2B: ???
==76769==    by 0x1E5: ???
==76769== 
==76769== 2 bytes in 1 blocks are definitely lost in loss record 197 of 950
==76769==    at 0x484D953: calloc (in /usr/libexec/valgrind/vgpreload_memcheck-amd64-linux.so)
==76769==    by 0x723DE9: __mn_alloc (in /mnt/c/Users/Juan/Documents/GitHub/Mapanare/mapanare/self/mnc-stage1)
==76769==    by 0x7245AB: __mn_str_from_parts (in /mnt/c/Users/Juan/Documents/GitHub/Mapanare/mapanare/self/mnc-stage1)
==76769==    by 0x41FA6B: lexer__scan_ident (in /mnt/c/Users/Juan/Documents/GitHub/Mapanare/mapanare/self/mnc-stage1)
==76769==    by 0x6A8F1FF: ???
==76769==    by 0x8000000000000002: ???
==76769==    by 0x6A733D7: ???
==76769==    by 0x2B: ???
==76769==    by 0x1A: ???
==76769==    by 0x6A7751F: ???
==76769==    by 0x8000000000000000: ???
==76769==    by 0x2B: ???
==76769==    by 0x1E5: ???
==76769== 
==76769== 2 bytes in 1 blocks are definitely lost in loss record 198 of 950
==76769==    at 0x484D953: calloc (in /usr/libexec/valgrind/vgpreload_memcheck-amd64-linux.so)
==76769==    by 0x723DE9: __mn_alloc (in /mnt/c/Users/Juan/Documents/GitHub/Mapanare/mapanare/self/mnc-stage1)
==76769==    by 0x7245AB: __mn_str_from_parts (in /mnt/c/Users/Juan/Documents/GitHub/Mapanare/mapanare/self/mnc-stage1)
==76769==    by 0x41FA6B: lexer__scan_ident (in /mnt/c/Users/Juan/Documents/GitHub/Mapanare/mapanare/self/mnc-stage1)
==76769==    by 0x6A8F29F: ???
==76769==    by 0x8000000000000003: ???
==76769==    by 0x6A733D7: ???
==76769==    by 0x2B: ???
==76769==    by 0x1A: ???
==76769==    by 0x6A7751F: ???
==76769==    by 0x8000000000000000: ???
==76769==    by 0x2B: ???
==76769==    by 0x1E5: ???
==76769== 
==76769== 2 bytes in 1 blocks are definitely lost in loss record 199 of 950
==76769==    at 0x484D953: calloc (in /usr/libexec/valgrind/vgpreload_memcheck-amd64-linux.so)
==76769==    by 0x723DE9: __mn_alloc (in /mnt/c/Users/Juan/Documents/GitHub/Mapanare/mapanare/self/mnc-stage1)
==76769==    by 0x7245AB: __mn_str_from_parts (in /mnt/c/Users/Juan/Documents/GitHub/Mapanare/mapanare/self/mnc-stage1)
==76769==    by 0x41FA6B: lexer__scan_ident (in /mnt/c/Users/Juan/Documents/GitHub/Mapanare/mapanare/self/mnc-stage1)
==76769==    by 0x6A8F6FF: ???
==76769==    by 0x8000000000000000: ???
==76769==    by 0x6A733D7: ???
==76769==    by 0x4: ???
==76769==    by 0x1B: ???
==76769==    by 0x6A7751F: ???
==76769==    by 0x8000000000000000: ???
==76769==    by 0x4: ???
==76769==    by 0x1F0: ???
==76769== 
==76769== 2 bytes in 1 blocks are definitely lost in loss record 200 of 950
==76769==    at 0x484D953: calloc (in /usr/libexec/valgrind/vgpreload_memcheck-amd64-linux.so)
==76769==    by 0x723DE9: __mn_alloc (in /mnt/c/Users/Juan/Documents/GitHub/Mapanare/mapanare/self/mnc-stage1)
==76769==    by 0x7245AB: __mn_str_from_parts (in /mnt/c/Users/Juan/Documents/GitHub/Mapanare/mapanare/self/mnc-stage1)
==76769==    by 0x41FA6B: lexer__scan_ident (in /mnt/c/Users/Juan/Documents/GitHub/Mapanare/mapanare/self/mnc-stage1)
==76769==    by 0x6A8F79F: ???
==76769==    by 0x8000000000000001: ???
==76769==    by 0x6A733D7: ???
==76769==    by 0x4: ???
==76769==    by 0x1B: ???
==76769==    by 0x6A7751F: ???
==76769==    by 0x8000000000000000: ???
==76769==    by 0x4: ???
==76769==    by 0x1F0: ???
==76769== 
==76769== 2 bytes in 1 blocks are definitely lost in loss record 201 of 950
==76769==    at 0x484D953: calloc (in /usr/libexec/valgrind/vgpreload_memcheck-amd64-linux.so)
==76769==    by 0x723DE9: __mn_alloc (in /mnt/c/Users/Juan/Documents/GitHub/Mapanare/mapanare/self/mnc-stage1)
==76769==    by 0x7245AB: __mn_str_from_parts (in /mnt/c/Users/Juan/Documents/GitHub/Mapanare/mapanare/self/mnc-stage1)
==76769==    by 0x41FA6B: lexer__scan_ident (in /mnt/c/Users/Juan/Documents/GitHub/Mapanare/mapanare/self/mnc-stage1)
==76769==    by 0x6A8F83F: ???
==76769==    by 0x8000000000000002: ???
==76769==    by 0x6A733D7: ???
==76769==    by 0x4: ???
==76769==    by 0x1B: ???
==76769==    by 0x6A7751F: ???
==76769==    by 0x8000000000000000: ???
==76769==    by 0x4: ???
==76769==    by 0x1F0: ???
==76769== 
==76769== 2 bytes in 1 blocks are definitely lost in loss record 202 of 950
==76769==    at 0x484D953: calloc (in /usr/libexec/valgrind/vgpreload_memcheck-amd64-linux.so)
==76769==    by 0x723DE9: __mn_alloc (in /mnt/c/Users/Juan/Documents/GitHub/Mapanare/mapanare/self/mnc-stage1)
==76769==    by 0x7245AB: __mn_str_from_parts (in /mnt/c/Users/Juan/Documents/GitHub/Mapanare/mapanare/self/mnc-stage1)
==76769==    by 0x41FA6B: lexer__scan_ident (in /mnt/c/Users/Juan/Documents/GitHub/Mapanare/mapanare/self/mnc-stage1)
==76769==    by 0x6A8F8DF: ???
==76769==    by 0x8000000000000003: ???
==76769==    by 0x6A733D7: ???
==76769==    by 0x4: ???
==76769==    by 0x1B: ???
==76769==    by 0x6A7751F: ???
==76769==    by 0x8000000000000000: ???
==76769==    by 0x4: ???
==76769==    by 0x1F0: ???
==76769== 
==76769== 2 bytes in 1 blocks are definitely lost in loss record 203 of 950
==76769==    at 0x484D953: calloc (in /usr/libexec/valgrind/vgpreload_memcheck-amd64-linux.so)
==76769==    by 0x723DE9: __mn_alloc (in /mnt/c/Users/Juan/Documents/GitHub/Mapanare/mapanare/self/mnc-stage1)
==76769==    by 0x7245AB: __mn_str_from_parts (in /mnt/c/Users/Juan/Documents/GitHub/Mapanare/mapanare/self/mnc-stage1)
==76769==    by 0x41FA6B: lexer__scan_ident (in /mnt/c/Users/Juan/Documents/GitHub/Mapanare/mapanare/self/mnc-stage1)
==76769==    by 0x6A8F97F: ???
==76769==    by 0x8000000000000004: ???
==76769==    by 0x6A733D7: ???
==76769==    by 0x4: ???
==76769==    by 0x1B: ???
==76769==    by 0x6A7751F: ???
==76769==    by 0x8000000000000000: ???
==76769==    by 0x4: ???
==76769==    by 0x1F0: ???
==76769== 
==76769== 2 bytes in 1 blocks are definitely lost in loss record 204 of 950
==76769==    at 0x484D953: calloc (in /usr/libexec/valgrind/vgpreload_memcheck-amd64-linux.so)
==76769==    by 0x723DE9: __mn_alloc (in /mnt/c/Users/Juan/Documents/GitHub/Mapanare/mapanare/self/mnc-stage1)
==76769==    by 0x7245AB: __mn_str_from_parts (in /mnt/c/Users/Juan/Documents/GitHub/Mapanare/mapanare/self/mnc-stage1)
==76769==    by 0x41FA6B: lexer__scan_ident (in /mnt/c/Users/Juan/Documents/GitHub/Mapanare/mapanare/self/mnc-stage1)
==76769==    by 0x6A93C4F: ???
==76769==    by 0x8000000000000000: ???
==76769==    by 0x6A733D7: ???
==76769==    by 0xA: ???
==76769==    by 0x1B: ???
==76769==    by 0x6A7751F: ???
==76769==    by 0x8000000000000000: ???
==76769==    by 0xA: ???
==76769==    by 0x1F6: ???
==76769== 
==76769== 2 bytes in 1 blocks are definitely lost in loss record 205 of 950
==76769==    at 0x484D953: calloc (in /usr/libexec/valgrind/vgpreload_memcheck-amd64-linux.so)
==76769==    by 0x723DE9: __mn_alloc (in /mnt/c/Users/Juan/Documents/GitHub/Mapanare/mapanare/self/mnc-stage1)
==76769==    by 0x7245AB: __mn_str_from_parts (in /mnt/c/Users/Juan/Documents/GitHub/Mapanare/mapanare/self/mnc-stage1)
==76769==    by 0x41FA6B: lexer__scan_ident (in /mnt/c/Users/Juan/Documents/GitHub/Mapanare/mapanare/self/mnc-stage1)
==76769==    by 0x6A93ECF: ???
==76769==    by 0x8000000000000000: ???
==76769==    by 0x6A733D7: ???
==76769==    by 0xC: ???
==76769==    by 0x1B: ???
==76769==    by 0x6A7751F: ???
==76769==    by 0x8000000000000000: ???
==76769==    by 0xC: ???
==76769==    by 0x1F8: ???
==76769== 
==76769== 2 bytes in 1 blocks are definitely lost in loss record 206 of 950
==76769==    at 0x484D953: calloc (in /usr/libexec/valgrind/vgpreload_memcheck-amd64-linux.so)
==76769==    by 0x723DE9: __mn_alloc (in /mnt/c/Users/Juan/Documents/GitHub/Mapanare/mapanare/self/mnc-stage1)
==76769==    by 0x7245AB: __mn_str_from_parts (in /mnt/c/Users/Juan/Documents/GitHub/Mapanare/mapanare/self/mnc-stage1)
==76769==    by 0x41FA6B: lexer__scan_ident (in /mnt/c/Users/Juan/Documents/GitHub/Mapanare/mapanare/self/mnc-stage1)
==76769==    by 0x6A93F6F: ???
==76769==    by 0x8000000000000001: ???
==76769==    by 0x6A733D7: ???
==76769==    by 0xC: ???
==76769==    by 0x1B: ???
==76769==    by 0x6A7751F: ???
==76769==    by 0x8000000000000000: ???
==76769==    by 0xC: ???
==76769==    by 0x1F8: ???
==76769== 
==76769== 2 bytes in 1 blocks are definitely lost in loss record 207 of 950
==76769==    at 0x484D953: calloc (in /usr/libexec/valgrind/vgpreload_memcheck-amd64-linux.so)
==76769==    by 0x723DE9: __mn_alloc (in /mnt/c/Users/Juan/Documents/GitHub/Mapanare/mapanare/self/mnc-stage1)
==76769==    by 0x7245AB: __mn_str_from_parts (in /mnt/c/Users/Juan/Documents/GitHub/Mapanare/mapanare/self/mnc-stage1)
==76769==    by 0x41FA6B: lexer__scan_ident (in /mnt/c/Users/Juan/Documents/GitHub/Mapanare/mapanare/self/mnc-stage1)
==76769==    by 0x6A9400F: ???
==76769==    by 0x8000000000000002: ???
==76769==    by 0x6A733D7: ???
==76769==    by 0xC: ???
==76769==    by 0x1B: ???
==76769==    by 0x6A7751F: ???
==76769==    by 0x8000000000000000: ???
==76769==    by 0xC: ???
==76769==    by 0x1F8: ???
==76769== 
==76769== 2 bytes in 1 blocks are definitely lost in loss record 208 of 950
==76769==    at 0x484D953: calloc (in /usr/libexec/valgrind/vgpreload_memcheck-amd64-linux.so)
==76769==    by 0x723DE9: __mn_alloc (in /mnt/c/Users/Juan/Documents/GitHub/Mapanare/mapanare/self/mnc-stage1)
==76769==    by 0x7245AB: __mn_str_from_parts (in /mnt/c/Users/Juan/Documents/GitHub/Mapanare/mapanare/self/mnc-stage1)
==76769==    by 0x41FA6B: lexer__scan_ident (in /mnt/c/Users/Juan/Documents/GitHub/Mapanare/mapanare/self/mnc-stage1)
==76769==    by 0x6A940AF: ???
==76769==    by 0x8000000000000003: ???
==76769==    by 0x6A733D7: ???
==76769==    by 0xC: ???
==76769==    by 0x1B: ???
==76769==    by 0x6A7751F: ???
==76769==    by 0x8000000000000000: ???
==76769==    by 0xC: ???
==76769==    by 0x1F8: ???
==76769== 
==76769== 2 bytes in 1 blocks are definitely lost in loss record 209 of 950
==76769==    at 0x484D953: calloc (in /usr/libexec/valgrind/vgpreload_memcheck-amd64-linux.so)
==76769==    by 0x723DE9: __mn_alloc (in /mnt/c/Users/Juan/Documents/GitHub/Mapanare/mapanare/self/mnc-stage1)
==76769==    by 0x7245AB: __mn_str_from_parts (in /mnt/c/Users/Juan/Documents/GitHub/Mapanare/mapanare/self/mnc-stage1)
==76769==    by 0x41FA6B: lexer__scan_ident (in /mnt/c/Users/Juan/Documents/GitHub/Mapanare/mapanare/self/mnc-stage1)
==76769==    by 0x6A9414F: ???
==76769==    by 0x8000000000000004: ???
==76769==    by 0x6A733D7: ???
==76769==    by 0xC: ???
==76769==    by 0x1B: ???
==76769==    by 0x6A7751F: ???
==76769==    by 0x8000000000000000: ???
==76769==    by 0xC: ???
==76769==    by 0x1F8: ???
==76769== 
==76769== 2 bytes in 1 blocks are definitely lost in loss record 210 of 950
==76769==    at 0x484D953: calloc (in /usr/libexec/valgrind/vgpreload_memcheck-amd64-linux.so)
==76769==    by 0x723DE9: __mn_alloc (in /mnt/c/Users/Juan/Documents/GitHub/Mapanare/mapanare/self/mnc-stage1)
==76769==    by 0x7245AB: __mn_str_from_parts (in /mnt/c/Users/Juan/Documents/GitHub/Mapanare/mapanare/self/mnc-stage1)
==76769==    by 0x431688: parser__has_interpolation (in /mnt/c/Users/Juan/Documents/GitHub/Mapanare/mapanare/self/mnc-stage1)
==76769==    by 0x1101: ???
==76769==    by 0x580053FF: ??? (in /usr/libexec/valgrind/memcheck-amd64-linux)
==76769==    by 0x7: ???
==76769==    by 0x9: ???
==76769==    by 0xFF: ???
==76769==    by 0x85: ???
==76769==    by 0x8000000000000004: ???
==76769==    by 0x6A89CFF: ???
==76769==    by 0x6A8FB1F: ???
==76769==    by 0x432BDF: parser__parse_atom (in /mnt/c/Users/Juan/Documents/GitHub/Mapanare/mapanare/self/mnc-stage1)
==76769== 
==76769== 3 bytes in 1 blocks are indirectly lost in loss record 211 of 950
==76769==    at 0x484D953: calloc (in /usr/libexec/valgrind/vgpreload_memcheck-amd64-linux.so)
==76769==    by 0x723DE9: __mn_alloc (in /mnt/c/Users/Juan/Documents/GitHub/Mapanare/mapanare/self/mnc-stage1)
==76769==    by 0x7249CE: __mn_str_concat (in /mnt/c/Users/Juan/Documents/GitHub/Mapanare/mapanare/self/mnc-stage1)
==76769==    by 0x41FA94: lexer__scan_ident (in /mnt/c/Users/Juan/Documents/GitHub/Mapanare/mapanare/self/mnc-stage1)
==76769==    by 0x6A7915F: ???
==76769==    by 0x8000000000000000: ???
==76769==    by 0x6A733D7: ???
==76769== 
==76769== 3 bytes in 1 blocks are indirectly lost in loss record 212 of 950
==76769==    at 0x484D953: calloc (in /usr/libexec/valgrind/vgpreload_memcheck-amd64-linux.so)
==76769==    by 0x723DE9: __mn_alloc (in /mnt/c/Users/Juan/Documents/GitHub/Mapanare/mapanare/self/mnc-stage1)
==76769==    by 0x7249CE: __mn_str_concat (in /mnt/c/Users/Juan/Documents/GitHub/Mapanare/mapanare/self/mnc-stage1)
==76769==    by 0x41FA94: lexer__scan_ident (in /mnt/c/Users/Juan/Documents/GitHub/Mapanare/mapanare/self/mnc-stage1)
==76769==    by 0x6A7B87F: ???
==76769==    by 0x8000000000000000: ???
==76769==    by 0x6A733D7: ???
==76769== 
==76769== 3 bytes in 1 blocks are indirectly lost in loss record 213 of 950
==76769==    at 0x484D953: calloc (in /usr/libexec/valgrind/vgpreload_memcheck-amd64-linux.so)
==76769==    by 0x723DE9: __mn_alloc (in /mnt/c/Users/Juan/Documents/GitHub/Mapanare/mapanare/self/mnc-stage1)
==76769==    by 0x7249CE: __mn_str_concat (in /mnt/c/Users/Juan/Documents/GitHub/Mapanare/mapanare/self/mnc-stage1)
==76769==    by 0x41FA94: lexer__scan_ident (in /mnt/c/Users/Juan/Documents/GitHub/Mapanare/mapanare/self/mnc-stage1)
==76769==    by 0x6A81C6F: ???
==76769==    by 0x8000000000000000: ???
==76769==    by 0x6A733D7: ???
==76769== 
==76769== 3 bytes in 1 blocks are indirectly lost in loss record 214 of 950
==76769==    at 0x484D953: calloc (in /usr/libexec/valgrind/vgpreload_memcheck-amd64-linux.so)
==76769==    by 0x723DE9: __mn_alloc (in /mnt/c/Users/Juan/Documents/GitHub/Mapanare/mapanare/self/mnc-stage1)
==76769==    by 0x7249CE: __mn_str_concat (in /mnt/c/Users/Juan/Documents/GitHub/Mapanare/mapanare/self/mnc-stage1)
==76769==    by 0x420082: lexer__scan_number (in /mnt/c/Users/Juan/Documents/GitHub/Mapanare/mapanare/self/mnc-stage1)
==76769==    by 0x6A858DF: ???
==76769==    by 0x6A73257: ???
==76769==    by 0x8000000000000000: ???
==76769==    by 0x6A857EF: ???
==76769==    by 0x8000000000000000: ???
==76769== 
==76769== 3 bytes in 1 blocks are indirectly lost in loss record 215 of 950
==76769==    at 0x484D953: calloc (in /usr/libexec/valgrind/vgpreload_memcheck-amd64-linux.so)
==76769==    by 0x723DE9: __mn_alloc (in /mnt/c/Users/Juan/Documents/GitHub/Mapanare/mapanare/self/mnc-stage1)
==76769==    by 0x7249CE: __mn_str_concat (in /mnt/c/Users/Juan/Documents/GitHub/Mapanare/mapanare/self/mnc-stage1)
==76769==    by 0x420082: lexer__scan_number (in /mnt/c/Users/Juan/Documents/GitHub/Mapanare/mapanare/self/mnc-stage1)
==76769==    by 0x6A8B9BF: ???
==76769==    by 0x6A73257: ???
==76769==    by 0x8000000000000000: ???
==76769==    by 0x6A8B8CF: ???
==76769==    by 0x8000000000000000: ???
==76769== 
==76769== 3 bytes in 1 blocks are indirectly lost in loss record 216 of 950
==76769==    at 0x484D953: calloc (in /usr/libexec/valgrind/vgpreload_memcheck-amd64-linux.so)
==76769==    by 0x723DE9: __mn_alloc (in /mnt/c/Users/Juan/Documents/GitHub/Mapanare/mapanare/self/mnc-stage1)
==76769==    by 0x7249CE: __mn_str_concat (in /mnt/c/Users/Juan/Documents/GitHub/Mapanare/mapanare/self/mnc-stage1)
==76769==    by 0x420082: lexer__scan_number (in /mnt/c/Users/Juan/Documents/GitHub/Mapanare/mapanare/self/mnc-stage1)
==76769==    by 0x6A8BD7F: ???
==76769==    by 0x6A73257: ???
==76769==    by 0x8000000000000000: ???
==76769==    by 0x6A8BC8F: ???
==76769==    by 0x8000000000000000: ???
==76769== 
==76769== 3 bytes in 1 blocks are definitely lost in loss record 217 of 950
==76769==    at 0x484D953: calloc (in /usr/libexec/valgrind/vgpreload_memcheck-amd64-linux.so)
==76769==    by 0x723DE9: __mn_alloc (in /mnt/c/Users/Juan/Documents/GitHub/Mapanare/mapanare/self/mnc-stage1)
==76769==    by 0x7249CE: __mn_str_concat (in /mnt/c/Users/Juan/Documents/GitHub/Mapanare/mapanare/self/mnc-stage1)
==76769==    by 0x41FA94: lexer__scan_ident (in /mnt/c/Users/Juan/Documents/GitHub/Mapanare/mapanare/self/mnc-stage1)
==76769==    by 0x6A7962F: ???
==76769==    by 0x8000000000000000: ???
==76769==    by 0x6A733D7: ???
==76769==    by 0x3: ???
==76769==    by 0x2: ???
==76769==    by 0x6A7751F: ???
==76769==    by 0x8000000000000000: ???
==76769==    by 0x3: ???
==76769==    by 0x51: ???
==76769== 
==76769== 3 bytes in 1 blocks are definitely lost in loss record 218 of 950
==76769==    at 0x484D953: calloc (in /usr/libexec/valgrind/vgpreload_memcheck-amd64-linux.so)
==76769==    by 0x723DE9: __mn_alloc (in /mnt/c/Users/Juan/Documents/GitHub/Mapanare/mapanare/self/mnc-stage1)
==76769==    by 0x7249CE: __mn_str_concat (in /mnt/c/Users/Juan/Documents/GitHub/Mapanare/mapanare/self/mnc-stage1)
==76769==    by 0x41FA94: lexer__scan_ident (in /mnt/c/Users/Juan/Documents/GitHub/Mapanare/mapanare/self/mnc-stage1)
==76769==    by 0x6A7B00F: ???
==76769==    by 0x8000000000000000: ???
==76769==    by 0x6A733D7: ???
==76769==    by 0x4: ???
==76769==    by 0x3: ???
==76769==    by 0x6A7751F: ???
==76769==    by 0x8000000000000000: ???
==76769==    by 0x4: ???
==76769==    by 0x6E: ???
==76769== 
==76769== 3 bytes in 1 blocks are definitely lost in loss record 219 of 950
==76769==    at 0x484D953: calloc (in /usr/libexec/valgrind/vgpreload_memcheck-amd64-linux.so)
==76769==    by 0x723DE9: __mn_alloc (in /mnt/c/Users/Juan/Documents/GitHub/Mapanare/mapanare/self/mnc-stage1)
==76769==    by 0x7249CE: __mn_str_concat (in /mnt/c/Users/Juan/Documents/GitHub/Mapanare/mapanare/self/mnc-stage1)
==76769==    by 0x41FA94: lexer__scan_ident (in /mnt/c/Users/Juan/Documents/GitHub/Mapanare/mapanare/self/mnc-stage1)
==76769==    by 0x6A7C34F: ???
==76769==    by 0x8000000000000000: ???
==76769==    by 0x6A733D7: ???
==76769==    by 0x3: ???
==76769==    by 0x6: ???
==76769==    by 0x6A7751F: ???
==76769==    by 0x8000000000000000: ???
==76769==    by 0x3: ???
==76769==    by 0x7D: ???
==76769== 
==76769== 3 bytes in 1 blocks are definitely lost in loss record 220 of 950
==76769==    at 0x484D953: calloc (in /usr/libexec/valgrind/vgpreload_memcheck-amd64-linux.so)
==76769==    by 0x723DE9: __mn_alloc (in /mnt/c/Users/Juan/Documents/GitHub/Mapanare/mapanare/self/mnc-stage1)
==76769==    by 0x7249CE: __mn_str_concat (in /mnt/c/Users/Juan/Documents/GitHub/Mapanare/mapanare/self/mnc-stage1)
==76769==    by 0x41FA94: lexer__scan_ident (in /mnt/c/Users/Juan/Documents/GitHub/Mapanare/mapanare/self/mnc-stage1)
==76769==    by 0x6A7EFBF: ???
==76769==    by 0x8000000000000000: ???
==76769==    by 0x6A733D7: ???
==76769==    by 0x4: ???
==76769==    by 0x7: ???
==76769==    by 0x6A7751F: ???
==76769==    by 0x8000000000000000: ???
==76769==    by 0x4: ???
==76769==    by 0xA0: ???
==76769== 
==76769== 3 bytes in 1 blocks are definitely lost in loss record 221 of 950
==76769==    at 0x484D953: calloc (in /usr/libexec/valgrind/vgpreload_memcheck-amd64-linux.so)
==76769==    by 0x723DE9: __mn_alloc (in /mnt/c/Users/Juan/Documents/GitHub/Mapanare/mapanare/self/mnc-stage1)
==76769==    by 0x7249CE: __mn_str_concat (in /mnt/c/Users/Juan/Documents/GitHub/Mapanare/mapanare/self/mnc-stage1)
==76769==    by 0x41FA94: lexer__scan_ident (in /mnt/c/Users/Juan/Documents/GitHub/Mapanare/mapanare/self/mnc-stage1)
==76769==    by 0x6A7F82F: ???
==76769==    by 0x8000000000000000: ???
==76769==    by 0x6A733D7: ???
==76769== 
==76769== 3 bytes in 1 blocks are definitely lost in loss record 222 of 950
==76769==    at 0x484D953: calloc (in /usr/libexec/valgrind/vgpreload_memcheck-amd64-linux.so)
==76769==    by 0x723DE9: __mn_alloc (in /mnt/c/Users/Juan/Documents/GitHub/Mapanare/mapanare/self/mnc-stage1)
==76769==    by 0x7249CE: __mn_str_concat (in /mnt/c/Users/Juan/Documents/GitHub/Mapanare/mapanare/self/mnc-stage1)
==76769==    by 0x41FA94: lexer__scan_ident (in /mnt/c/Users/Juan/Documents/GitHub/Mapanare/mapanare/self/mnc-stage1)
==76769==    by 0x6A7FD2F: ???
==76769==    by 0x8000000000000000: ???
==76769==    by 0x6A733D7: ???
==76769==    by 0x7: ???
==76769==    by 0xA: ???
==76769==    by 0x6A7751F: ???
==76769==    by 0x8000000000000000: ???
==76769==    by 0x7: ???
==76769==    by 0xB3: ???
==76769== 
==76769== 3 bytes in 1 blocks are definitely lost in loss record 223 of 950
==76769==    at 0x484D953: calloc (in /usr/libexec/valgrind/vgpreload_memcheck-amd64-linux.so)
==76769==    by 0x723DE9: __mn_alloc (in /mnt/c/Users/Juan/Documents/GitHub/Mapanare/mapanare/self/mnc-stage1)
==76769==    by 0x7249CE: __mn_str_concat (in /mnt/c/Users/Juan/Documents/GitHub/Mapanare/mapanare/self/mnc-stage1)
==76769==    by 0x41FA94: lexer__scan_ident (in /mnt/c/Users/Juan/Documents/GitHub/Mapanare/mapanare/self/mnc-stage1)
==76769==    by 0x6A809AF: ???
==76769==    by 0x8000000000000000: ???
==76769==    by 0x6A733D7: ???
==76769==    by 0x4: ???
==76769==    by 0xB: ???
==76769==    by 0x6A7751F: ???
==76769==    by 0x8000000000000000: ???
==76769==    by 0x4: ???
==76769==    by 0xC4: ???
==76769== 
==76769== 3 bytes in 1 blocks are definitely lost in loss record 224 of 950
==76769==    at 0x484D953: calloc (in /usr/libexec/valgrind/vgpreload_memcheck-amd64-linux.so)
==76769==    by 0x723DE9: __mn_alloc (in /mnt/c/Users/Juan/Documents/GitHub/Mapanare/mapanare/self/mnc-stage1)
==76769==    by 0x7249CE: __mn_str_concat (in /mnt/c/Users/Juan/Documents/GitHub/Mapanare/mapanare/self/mnc-stage1)
==76769==    by 0x41FA94: lexer__scan_ident (in /mnt/c/Users/Juan/Documents/GitHub/Mapanare/mapanare/self/mnc-stage1)
==76769==    by 0x6A8130F: ???
==76769==    by 0x8000000000000000: ???
==76769==    by 0x6A733D7: ???
==76769==    by 0x4: ???
==76769==    by 0xC: ???
==76769==    by 0x6A7751F: ???
==76769==    by 0x8000000000000000: ???
==76769==    by 0x4: ???
==76769==    by 0xD2: ???
==76769== 
==76769== 3 bytes in 1 blocks are definitely lost in loss record 225 of 950
==76769==    at 0x484D953: calloc (in /usr/libexec/valgrind/vgpreload_memcheck-amd64-linux.so)
==76769==    by 0x723DE9: __mn_alloc (in /mnt/c/Users/Juan/Documents/GitHub/Mapanare/mapanare/self/mnc-stage1)
==76769==    by 0x7249CE: __mn_str_concat (in /mnt/c/Users/Juan/Documents/GitHub/Mapanare/mapanare/self/mnc-stage1)
==76769==    by 0x41FA94: lexer__scan_ident (in /mnt/c/Users/Juan/Documents/GitHub/Mapanare/mapanare/self/mnc-stage1)
==76769==    by 0x6A81EEF: ???
==76769==    by 0x8000000000000000: ???
==76769==    by 0x6A733D7: ???
==76769==    by 0x3: ???
==76769==    by 0xF: ???
==76769==    by 0x6A7751F: ???
==76769==    by 0x8000000000000000: ???
==76769==    by 0x3: ???
==76769==    by 0xE2: ???
==76769== 
==76769== 3 bytes in 1 blocks are definitely lost in loss record 226 of 950
==76769==    at 0x484D953: calloc (in /usr/libexec/valgrind/vgpreload_memcheck-amd64-linux.so)
==76769==    by 0x723DE9: __mn_alloc (in /mnt/c/Users/Juan/Documents/GitHub/Mapanare/mapanare/self/mnc-stage1)
==76769==    by 0x7249CE: __mn_str_concat (in /mnt/c/Users/Juan/Documents/GitHub/Mapanare/mapanare/self/mnc-stage1)
==76769==    by 0x41FA94: lexer__scan_ident (in /mnt/c/Users/Juan/Documents/GitHub/Mapanare/mapanare/self/mnc-stage1)
==76769==    by 0x6A8270F: ???
==76769==    by 0x8000000000000000: ???
==76769==    by 0x6A733D7: ???
==76769==    by 0x4: ???
==76769==    by 0x10: ???
==76769==    by 0x6A7751F: ???
==76769==    by 0x8000000000000000: ???
==76769==    by 0x4: ???
==76769==    by 0xEF: ???
==76769== 
==76769== 3 bytes in 1 blocks are definitely lost in loss record 227 of 950
==76769==    at 0x484D953: calloc (in /usr/libexec/valgrind/vgpreload_memcheck-amd64-linux.so)
==76769==    by 0x723DE9: __mn_alloc (in /mnt/c/Users/Juan/Documents/GitHub/Mapanare/mapanare/self/mnc-stage1)
==76769==    by 0x7249CE: __mn_str_concat (in /mnt/c/Users/Juan/Documents/GitHub/Mapanare/mapanare/self/mnc-stage1)
==76769==    by 0x41FA94: lexer__scan_ident (in /mnt/c/Users/Juan/Documents/GitHub/Mapanare/mapanare/self/mnc-stage1)
==76769==    by 0x6A82CFF: ???
==76769==    by 0x8000000000000000: ???
==76769==    by 0x6A733D7: ???
==76769==    by 0xB: ???
==76769==    by 0x10: ???
==76769==    by 0x6A7751F: ???
==76769==    by 0x8000000000000000: ???
==76769==    by 0xB: ???
==76769==    by 0xF6: ???
==76769== 
==76769== 3 bytes in 1 blocks are definitely lost in loss record 228 of 950
==76769==    at 0x484D953: calloc (in /usr/libexec/valgrind/vgpreload_memcheck-amd64-linux.so)
==76769==    by 0x723DE9: __mn_alloc (in /mnt/c/Users/Juan/Documents/GitHub/Mapanare/mapanare/self/mnc-stage1)
==76769==    by 0x7249CE: __mn_str_concat (in /mnt/c/Users/Juan/Documents/GitHub/Mapanare/mapanare/self/mnc-stage1)
==76769==    by 0x41FA94: lexer__scan_ident (in /mnt/c/Users/Juan/Documents/GitHub/Mapanare/mapanare/self/mnc-stage1)
==76769==    by 0x6A8315F: ???
==76769==    by 0x8000000000000000: ???
==76769==    by 0x6A733D7: ???
==76769==    by 0x11: ???
==76769==    by 0x10: ???
==76769==    by 0x6A7751F: ???
==76769==    by 0x8000000000000000: ???
==76769==    by 0x11: ???
==76769==    by 0xFC: ???
==76769== 
==76769== 3 bytes in 1 blocks are definitely lost in loss record 229 of 950
==76769==    at 0x484D953: calloc (in /usr/libexec/valgrind/vgpreload_memcheck-amd64-linux.so)
==76769==    by 0x723DE9: __mn_alloc (in /mnt/c/Users/Juan/Documents/GitHub/Mapanare/mapanare/self/mnc-stage1)
==76769==    by 0x7249CE: __mn_str_concat (in /mnt/c/Users/Juan/Documents/GitHub/Mapanare/mapanare/self/mnc-stage1)
==76769==    by 0x41FA94: lexer__scan_ident (in /mnt/c/Users/Juan/Documents/GitHub/Mapanare/mapanare/self/mnc-stage1)
==76769==    by 0x6A85D8F: ???
==76769==    by 0x8000000000000000: ???
==76769==    by 0x6A733D7: ???
==76769==    by 0x4: ???
==76769==    by 0x11: ???
==76769==    by 0x6A7751F: ???
==76769==    by 0x8000000000000000: ???
==76769==    by 0x4: ???
==76769==    by 0x10D: ???
==76769== 
==76769== 3 bytes in 1 blocks are definitely lost in loss record 230 of 950
==76769==    at 0x484D953: calloc (in /usr/libexec/valgrind/vgpreload_memcheck-amd64-linux.so)
==76769==    by 0x723DE9: __mn_alloc (in /mnt/c/Users/Juan/Documents/GitHub/Mapanare/mapanare/self/mnc-stage1)
==76769==    by 0x7249CE: __mn_str_concat (in /mnt/c/Users/Juan/Documents/GitHub/Mapanare/mapanare/self/mnc-stage1)
==76769==    by 0x41FA94: lexer__scan_ident (in /mnt/c/Users/Juan/Documents/GitHub/Mapanare/mapanare/self/mnc-stage1)
==76769==    by 0x6A8669F: ???
==76769==    by 0x8000000000000000: ???
==76769==    by 0x6A733D7: ???
==76769==    by 0x4: ???
==76769==    by 0x12: ???
==76769==    by 0x6A7751F: ???
==76769==    by 0x8000000000000000: ???
==76769==    by 0x4: ???
==76769==    by 0x11A: ???
==76769== 
==76769== 3 bytes in 1 blocks are definitely lost in loss record 231 of 950
==76769==    at 0x484D953: calloc (in /usr/libexec/valgrind/vgpreload_memcheck-amd64-linux.so)
==76769==    by 0x723DE9: __mn_alloc (in /mnt/c/Users/Juan/Documents/GitHub/Mapanare/mapanare/self/mnc-stage1)
==76769==    by 0x7249CE: __mn_str_concat (in /mnt/c/Users/Juan/Documents/GitHub/Mapanare/mapanare/self/mnc-stage1)
==76769==    by 0x41FA94: lexer__scan_ident (in /mnt/c/Users/Juan/Documents/GitHub/Mapanare/mapanare/self/mnc-stage1)
==76769==    by 0x6A86C8F: ???
==76769==    by 0x8000000000000000: ???
==76769==    by 0x6A733D7: ???
==76769==    by 0xB: ???
==76769==    by 0x12: ???
==76769==    by 0x6A7751F: ???
==76769==    by 0x8000000000000000: ???
==76769==    by 0xB: ???
==76769==    by 0x121: ???
==76769== 
==76769== 3 bytes in 1 blocks are definitely lost in loss record 232 of 950
==76769==    at 0x484D953: calloc (in /usr/libexec/valgrind/vgpreload_memcheck-amd64-linux.so)
==76769==    by 0x723DE9: __mn_alloc (in /mnt/c/Users/Juan/Documents/GitHub/Mapanare/mapanare/self/mnc-stage1)
==76769==    by 0x7249CE: __mn_str_concat (in /mnt/c/Users/Juan/Documents/GitHub/Mapanare/mapanare/self/mnc-stage1)
==76769==    by 0x41FA94: lexer__scan_ident (in /mnt/c/Users/Juan/Documents/GitHub/Mapanare/mapanare/self/mnc-stage1)
==76769==    by 0x6A8718F: ???
==76769==    by 0x8000000000000000: ???
==76769==    by 0x6A733D7: ???
==76769==    by 0x12: ???
==76769==    by 0x12: ???
==76769==    by 0x6A7751F: ???
==76769==    by 0x8000000000000000: ???
==76769==    by 0x12: ???
==76769==    by 0x128: ???
==76769== 
==76769== 3 bytes in 1 blocks are definitely lost in loss record 233 of 950
==76769==    at 0x484D953: calloc (in /usr/libexec/valgrind/vgpreload_memcheck-amd64-linux.so)
==76769==    by 0x723DE9: __mn_alloc (in /mnt/c/Users/Juan/Documents/GitHub/Mapanare/mapanare/self/mnc-stage1)
==76769==    by 0x7249CE: __mn_str_concat (in /mnt/c/Users/Juan/Documents/GitHub/Mapanare/mapanare/self/mnc-stage1)
==76769==    by 0x41FA94: lexer__scan_ident (in /mnt/c/Users/Juan/Documents/GitHub/Mapanare/mapanare/self/mnc-stage1)
==76769==    by 0x6A8786F: ???
==76769==    by 0x8000000000000000: ???
==76769==    by 0x6A733D7: ???
==76769==    by 0x1B: ???
==76769==    by 0x12: ???
==76769==    by 0x6A7751F: ???
==76769==    by 0x8000000000000000: ???
==76769==    by 0x1B: ???
==76769==    by 0x131: ???
==76769== 
==76769== 3 bytes in 1 blocks are definitely lost in loss record 234 of 950
==76769==    at 0x484D953: calloc (in /usr/libexec/valgrind/vgpreload_memcheck-amd64-linux.so)
==76769==    by 0x723DE9: __mn_alloc (in /mnt/c/Users/Juan/Documents/GitHub/Mapanare/mapanare/self/mnc-stage1)
==76769==    by 0x7249CE: __mn_str_concat (in /mnt/c/Users/Juan/Documents/GitHub/Mapanare/mapanare/self/mnc-stage1)
==76769==    by 0x41FA94: lexer__scan_ident (in /mnt/c/Users/Juan/Documents/GitHub/Mapanare/mapanare/self/mnc-stage1)
==76769==    by 0x6A87E5F: ???
==76769==    by 0x8000000000000000: ???
==76769==    by 0x6A733D7: ???
==76769==    by 0x4: ???
==76769==    by 0x13: ???
==76769==    by 0x6A7751F: ???
==76769==    by 0x8000000000000000: ???
==76769==    by 0x4: ???
==76769==    by 0x13B: ???
==76769== 
==76769== 3 bytes in 1 blocks are definitely lost in loss record 235 of 950
==76769==    at 0x484D953: calloc (in /usr/libexec/valgrind/vgpreload_memcheck-amd64-linux.so)
==76769==    by 0x723DE9: __mn_alloc (in /mnt/c/Users/Juan/Documents/GitHub/Mapanare/mapanare/self/mnc-stage1)
==76769==    by 0x7249CE: __mn_str_concat (in /mnt/c/Users/Juan/Documents/GitHub/Mapanare/mapanare/self/mnc-stage1)
==76769==    by 0x41FA94: lexer__scan_ident (in /mnt/c/Users/Juan/Documents/GitHub/Mapanare/mapanare/self/mnc-stage1)
==76769==    by 0x6A8876F: ???
==76769==    by 0x8000000000000000: ???
==76769==    by 0x6A733D7: ???
==76769==    by 0x4: ???
==76769==    by 0x14: ???
==76769==    by 0x6A7751F: ???
==76769==    by 0x8000000000000000: ???
==76769==    by 0x4: ???
==76769==    by 0x148: ???
==76769== 
==76769== 3 bytes in 1 blocks are definitely lost in loss record 236 of 950
==76769==    at 0x484D953: calloc (in /usr/libexec/valgrind/vgpreload_memcheck-amd64-linux.so)
==76769==    by 0x723DE9: __mn_alloc (in /mnt/c/Users/Juan/Documents/GitHub/Mapanare/mapanare/self/mnc-stage1)
==76769==    by 0x7249CE: __mn_str_concat (in /mnt/c/Users/Juan/Documents/GitHub/Mapanare/mapanare/self/mnc-stage1)
==76769==    by 0x41FA94: lexer__scan_ident (in /mnt/c/Users/Juan/Documents/GitHub/Mapanare/mapanare/self/mnc-stage1)
==76769==    by 0x6A88D5F: ???
==76769==    by 0x8000000000000000: ???
==76769==    by 0x6A733D7: ???
==76769==    by 0xB: ???
==76769==    by 0x14: ???
==76769==    by 0x6A7751F: ???
==76769==    by 0x8000000000000000: ???
==76769==    by 0xB: ???
==76769==    by 0x14F: ???
==76769== 
==76769== 3 bytes in 1 blocks are definitely lost in loss record 237 of 950
==76769==    at 0x484D953: calloc (in /usr/libexec/valgrind/vgpreload_memcheck-amd64-linux.so)
==76769==    by 0x723DE9: __mn_alloc (in /mnt/c/Users/Juan/Documents/GitHub/Mapanare/mapanare/self/mnc-stage1)
==76769==    by 0x7249CE: __mn_str_concat (in /mnt/c/Users/Juan/Documents/GitHub/Mapanare/mapanare/self/mnc-stage1)
==76769==    by 0x41FA94: lexer__scan_ident (in /mnt/c/Users/Juan/Documents/GitHub/Mapanare/mapanare/self/mnc-stage1)
==76769==    by 0x6A8939F: ???
==76769==    by 0x8000000000000000: ???
==76769==    by 0x6A733D7: ???
==76769==    by 0x14: ???
==76769==    by 0x14: ???
==76769==    by 0x6A7751F: ???
==76769==    by 0x8000000000000000: ???
==76769==    by 0x14: ???
==76769==    by 0x158: ???
==76769== 
==76769== 3 bytes in 1 blocks are definitely lost in loss record 238 of 950
==76769==    at 0x484D953: calloc (in /usr/libexec/valgrind/vgpreload_memcheck-amd64-linux.so)
==76769==    by 0x723DE9: __mn_alloc (in /mnt/c/Users/Juan/Documents/GitHub/Mapanare/mapanare/self/mnc-stage1)
==76769==    by 0x7249CE: __mn_str_concat (in /mnt/c/Users/Juan/Documents/GitHub/Mapanare/mapanare/self/mnc-stage1)
==76769==    by 0x41FA94: lexer__scan_ident (in /mnt/c/Users/Juan/Documents/GitHub/Mapanare/mapanare/self/mnc-stage1)
==76769==    by 0x6A8A10F: ???
==76769==    by 0x8000000000000000: ???
==76769==    by 0x6A733D7: ???
==76769==    by 0x4: ???
==76769==    by 0x15: ???
==76769==    by 0x6A7751F: ???
==76769==    by 0x8000000000000000: ???
==76769==    by 0x4: ???
==76769==    by 0x16E: ???
==76769== 
==76769== 3 bytes in 1 blocks are definitely lost in loss record 239 of 950
==76769==    at 0x484D953: calloc (in /usr/libexec/valgrind/vgpreload_memcheck-amd64-linux.so)
==76769==    by 0x723DE9: __mn_alloc (in /mnt/c/Users/Juan/Documents/GitHub/Mapanare/mapanare/self/mnc-stage1)
==76769==    by 0x7249CE: __mn_str_concat (in /mnt/c/Users/Juan/Documents/GitHub/Mapanare/mapanare/self/mnc-stage1)
==76769==    by 0x41FA94: lexer__scan_ident (in /mnt/c/Users/Juan/Documents/GitHub/Mapanare/mapanare/self/mnc-stage1)
==76769==    by 0x6A8AA1F: ???
==76769==    by 0x8000000000000000: ???
==76769==    by 0x6A733D7: ???
==76769==    by 0x4: ???
==76769==    by 0x16: ???
==76769==    by 0x6A7751F: ???
==76769==    by 0x8000000000000000: ???
==76769==    by 0x4: ???
==76769==    by 0x17B: ???
==76769== 
==76769== 3 bytes in 1 blocks are definitely lost in loss record 240 of 950
==76769==    at 0x484D953: calloc (in /usr/libexec/valgrind/vgpreload_memcheck-amd64-linux.so)
==76769==    by 0x723DE9: __mn_alloc (in /mnt/c/Users/Juan/Documents/GitHub/Mapanare/mapanare/self/mnc-stage1)
==76769==    by 0x7249CE: __mn_str_concat (in /mnt/c/Users/Juan/Documents/GitHub/Mapanare/mapanare/self/mnc-stage1)
==76769==    by 0x41FA94: lexer__scan_ident (in /mnt/c/Users/Juan/Documents/GitHub/Mapanare/mapanare/self/mnc-stage1)
==76769==    by 0x6A8B00F: ???
==76769==    by 0x8000000000000000: ???
==76769==    by 0x6A733D7: ???
==76769==    by 0xB: ???
==76769==    by 0x16: ???
==76769==    by 0x6A7751F: ???
==76769==    by 0x8000000000000000: ???
==76769==    by 0xB: ???
==76769==    by 0x182: ???
==76769== 
==76769== 3 bytes in 1 blocks are definitely lost in loss record 241 of 950
==76769==    at 0x484D953: calloc (in /usr/libexec/valgrind/vgpreload_memcheck-amd64-linux.so)
==76769==    by 0x723DE9: __mn_alloc (in /mnt/c/Users/Juan/Documents/GitHub/Mapanare/mapanare/self/mnc-stage1)
==76769==    by 0x7249CE: __mn_str_concat (in /mnt/c/Users/Juan/Documents/GitHub/Mapanare/mapanare/self/mnc-stage1)
==76769==    by 0x41FA94: lexer__scan_ident (in /mnt/c/Users/Juan/Documents/GitHub/Mapanare/mapanare/self/mnc-stage1)
==76769==    by 0x6A8B46F: ???
==76769==    by 0x8000000000000000: ???
==76769==    by 0x6A733D7: ???
==76769==    by 0x11: ???
==76769==    by 0x16: ???
==76769==    by 0x6A7751F: ???
==76769==    by 0x8000000000000000: ???
==76769==    by 0x11: ???
==76769==    by 0x188: ???
==76769== 
==76769== 3 bytes in 1 blocks are definitely lost in loss record 242 of 950
==76769==    at 0x484D953: calloc (in /usr/libexec/valgrind/vgpreload_memcheck-amd64-linux.so)
==76769==    by 0x723DE9: __mn_alloc (in /mnt/c/Users/Juan/Documents/GitHub/Mapanare/mapanare/self/mnc-stage1)
==76769==    by 0x7249CE: __mn_str_concat (in /mnt/c/Users/Juan/Documents/GitHub/Mapanare/mapanare/self/mnc-stage1)
==76769==    by 0x41FA94: lexer__scan_ident (in /mnt/c/Users/Juan/Documents/GitHub/Mapanare/mapanare/self/mnc-stage1)
==76769==    by 0x6A8C22F: ???
==76769==    by 0x8000000000000000: ???
==76769==    by 0x6A733D7: ???
==76769==    by 0x4: ???
==76769==    by 0x17: ???
==76769==    by 0x6A7751F: ???
==76769==    by 0x8000000000000000: ???
==76769==    by 0x4: ???
==76769==    by 0x19A: ???
==76769== 
==76769== 3 bytes in 1 blocks are definitely lost in loss record 243 of 950
==76769==    at 0x484D953: calloc (in /usr/libexec/valgrind/vgpreload_memcheck-amd64-linux.so)
==76769==    by 0x723DE9: __mn_alloc (in /mnt/c/Users/Juan/Documents/GitHub/Mapanare/mapanare/self/mnc-stage1)
==76769==    by 0x7249CE: __mn_str_concat (in /mnt/c/Users/Juan/Documents/GitHub/Mapanare/mapanare/self/mnc-stage1)
==76769==    by 0x41FA94: lexer__scan_ident (in /mnt/c/Users/Juan/Documents/GitHub/Mapanare/mapanare/self/mnc-stage1)
==76769==    by 0x6A8D2BF: ???
==76769==    by 0x8000000000000000: ???
==76769==    by 0x6A733D7: ???
==76769==    by 0x4: ???
==76769==    by 0x1A: ???
==76769==    by 0x6A7751F: ???
==76769==    by 0x8000000000000000: ???
==76769==    by 0x4: ???
==76769==    by 0x1BE: ???
==76769== 
==76769== 3 bytes in 1 blocks are definitely lost in loss record 244 of 950
==76769==    at 0x484D953: calloc (in /usr/libexec/valgrind/vgpreload_memcheck-amd64-linux.so)
==76769==    by 0x723DE9: __mn_alloc (in /mnt/c/Users/Juan/Documents/GitHub/Mapanare/mapanare/self/mnc-stage1)
==76769==    by 0x7249CE: __mn_str_concat (in /mnt/c/Users/Juan/Documents/GitHub/Mapanare/mapanare/self/mnc-stage1)
==76769==    by 0x41FA94: lexer__scan_ident (in /mnt/c/Users/Juan/Documents/GitHub/Mapanare/mapanare/self/mnc-stage1)
==76769==    by 0x6A8D8FF: ???
==76769==    by 0x8000000000000000: ???
==76769==    by 0x6A733D7: ???
==76769==    by 0xC: ???
==76769==    by 0x1A: ???
==76769==    by 0x6A7751F: ???
==76769==    by 0x8000000000000000: ???
==76769==    by 0xC: ???
==76769==    by 0x1C6: ???
==76769== 
==76769== 3 bytes in 1 blocks are definitely lost in loss record 245 of 950
==76769==    at 0x484D953: calloc (in /usr/libexec/valgrind/vgpreload_memcheck-amd64-linux.so)
==76769==    by 0x723DE9: __mn_alloc (in /mnt/c/Users/Juan/Documents/GitHub/Mapanare/mapanare/self/mnc-stage1)
==76769==    by 0x7249CE: __mn_str_concat (in /mnt/c/Users/Juan/Documents/GitHub/Mapanare/mapanare/self/mnc-stage1)
==76769==    by 0x41FA94: lexer__scan_ident (in /mnt/c/Users/Juan/Documents/GitHub/Mapanare/mapanare/self/mnc-stage1)
==76769==    by 0x6A8DC1F: ???
==76769==    by 0x8000000000000000: ???
==76769==    by 0x6A733D7: ???
==76769==    by 0x10: ???
==76769==    by 0x1A: ???
==76769==    by 0x6A7751F: ???
==76769==    by 0x8000000000000000: ???
==76769==    by 0x10: ???
==76769==    by 0x1CA: ???
==76769== 
==76769== 3 bytes in 1 blocks are definitely lost in loss record 246 of 950
==76769==    at 0x484D953: calloc (in /usr/libexec/valgrind/vgpreload_memcheck-amd64-linux.so)
==76769==    by 0x723DE9: __mn_alloc (in /mnt/c/Users/Juan/Documents/GitHub/Mapanare/mapanare/self/mnc-stage1)
==76769==    by 0x7249CE: __mn_str_concat (in /mnt/c/Users/Juan/Documents/GitHub/Mapanare/mapanare/self/mnc-stage1)
==76769==    by 0x41FA94: lexer__scan_ident (in /mnt/c/Users/Juan/Documents/GitHub/Mapanare/mapanare/self/mnc-stage1)
==76769==    by 0x6A8E11F: ???
==76769==    by 0x8000000000000000: ???
==76769==    by 0x6A733D7: ???
==76769==    by 0x17: ???
==76769==    by 0x1A: ???
==76769==    by 0x6A7751F: ???
==76769==    by 0x8000000000000000: ???
==76769==    by 0x17: ???
==76769==    by 0x1D1: ???
==76769== 
==76769== 3 bytes in 1 blocks are definitely lost in loss record 247 of 950
==76769==    at 0x484D953: calloc (in /usr/libexec/valgrind/vgpreload_memcheck-amd64-linux.so)
==76769==    by 0x723DE9: __mn_alloc (in /mnt/c/Users/Juan/Documents/GitHub/Mapanare/mapanare/self/mnc-stage1)
==76769==    by 0x7249CE: __mn_str_concat (in /mnt/c/Users/Juan/Documents/GitHub/Mapanare/mapanare/self/mnc-stage1)
==76769==    by 0x420082: lexer__scan_number (in /mnt/c/Users/Juan/Documents/GitHub/Mapanare/mapanare/self/mnc-stage1)
==76769==    by 0x6A8E6BF: ???
==76769==    by 0x6A73257: ???
==76769==    by 0x8000000000000000: ???
==76769==    by 0x6A8E5CF: ???
==76769==    by 0x8000000000000000: ???
==76769== 
==76769== 3 bytes in 1 blocks are definitely lost in loss record 248 of 950
==76769==    at 0x484D953: calloc (in /usr/libexec/valgrind/vgpreload_memcheck-amd64-linux.so)
==76769==    by 0x723DE9: __mn_alloc (in /mnt/c/Users/Juan/Documents/GitHub/Mapanare/mapanare/self/mnc-stage1)
==76769==    by 0x7249CE: __mn_str_concat (in /mnt/c/Users/Juan/Documents/GitHub/Mapanare/mapanare/self/mnc-stage1)
==76769==    by 0x41FA94: lexer__scan_ident (in /mnt/c/Users/Juan/Documents/GitHub/Mapanare/mapanare/self/mnc-stage1)
==76769==    by 0x6A8EACF: ???
==76769==    by 0x8000000000000000: ???
==76769==    by 0x6A733D7: ???
==76769==    by 0x23: ???
==76769==    by 0x1A: ???
==76769==    by 0x6A7751F: ???
==76769==    by 0x8000000000000000: ???
==76769==    by 0x23: ???
==76769==    by 0x1DD: ???
==76769== 
==76769== 3 bytes in 1 blocks are definitely lost in loss record 249 of 950
==76769==    at 0x484D953: calloc (in /usr/libexec/valgrind/vgpreload_memcheck-amd64-linux.so)
==76769==    by 0x723DE9: __mn_alloc (in /mnt/c/Users/Juan/Documents/GitHub/Mapanare/mapanare/self/mnc-stage1)
==76769==    by 0x7249CE: __mn_str_concat (in /mnt/c/Users/Juan/Documents/GitHub/Mapanare/mapanare/self/mnc-stage1)
==76769==    by 0x41FA94: lexer__scan_ident (in /mnt/c/Users/Juan/Documents/GitHub/Mapanare/mapanare/self/mnc-stage1)
==76769==    by 0x6A8F0BF: ???
==76769==    by 0x8000000000000000: ???
==76769==    by 0x6A733D7: ???
==76769==    by 0x2B: ???
==76769==    by 0x1A: ???
==76769==    by 0x6A7751F: ???
==76769==    by 0x8000000000000000: ???
==76769==    by 0x2B: ???
==76769==    by 0x1E5: ???
==76769== 
==76769== 3 bytes in 1 blocks are definitely lost in loss record 250 of 950
==76769==    at 0x484D953: calloc (in /usr/libexec/valgrind/vgpreload_memcheck-amd64-linux.so)
==76769==    by 0x723DE9: __mn_alloc (in /mnt/c/Users/Juan/Documents/GitHub/Mapanare/mapanare/self/mnc-stage1)
==76769==    by 0x7249CE: __mn_str_concat (in /mnt/c/Users/Juan/Documents/GitHub/Mapanare/mapanare/self/mnc-stage1)
==76769==    by 0x41FA94: lexer__scan_ident (in /mnt/c/Users/Juan/Documents/GitHub/Mapanare/mapanare/self/mnc-stage1)
==76769==    by 0x6A8F6FF: ???
==76769==    by 0x8000000000000000: ???
==76769==    by 0x6A733D7: ???
==76769==    by 0x4: ???
==76769==    by 0x1B: ???
==76769==    by 0x6A7751F: ???
==76769==    by 0x8000000000000000: ???
==76769==    by 0x4: ???
==76769==    by 0x1F0: ???
==76769== 
==76769== 3 bytes in 1 blocks are definitely lost in loss record 251 of 950
==76769==    at 0x484D953: calloc (in /usr/libexec/valgrind/vgpreload_memcheck-amd64-linux.so)
==76769==    by 0x723DE9: __mn_alloc (in /mnt/c/Users/Juan/Documents/GitHub/Mapanare/mapanare/self/mnc-stage1)
==76769==    by 0x7249CE: __mn_str_concat (in /mnt/c/Users/Juan/Documents/GitHub/Mapanare/mapanare/self/mnc-stage1)
==76769==    by 0x41FA94: lexer__scan_ident (in /mnt/c/Users/Juan/Documents/GitHub/Mapanare/mapanare/self/mnc-stage1)
==76769==    by 0x6A93ECF: ???
==76769==    by 0x8000000000000000: ???
==76769==    by 0x6A733D7: ???
==76769==    by 0xC: ???
==76769==    by 0x1B: ???
==76769==    by 0x6A7751F: ???
==76769==    by 0x8000000000000000: ???
==76769==    by 0xC: ???
==76769==    by 0x1F8: ???
==76769== 
==76769== 4 bytes in 1 blocks are indirectly lost in loss record 252 of 950
==76769==    at 0x484D953: calloc (in /usr/libexec/valgrind/vgpreload_memcheck-amd64-linux.so)
==76769==    by 0x723DE9: __mn_alloc (in /mnt/c/Users/Juan/Documents/GitHub/Mapanare/mapanare/self/mnc-stage1)
==76769==    by 0x7249CE: __mn_str_concat (in /mnt/c/Users/Juan/Documents/GitHub/Mapanare/mapanare/self/mnc-stage1)
==76769==    by 0x41FA94: lexer__scan_ident (in /mnt/c/Users/Juan/Documents/GitHub/Mapanare/mapanare/self/mnc-stage1)
==76769==    by 0x6A827AF: ???
==76769==    by 0x8000000000000001: ???
==76769==    by 0x6A733D7: ???
==76769==    by 0x4: ???
==76769==    by 0x10: ???
==76769==    by 0x6A7751F: ???
==76769==    by 0x8000000000000000: ???
==76769==    by 0x4: ???
==76769==    by 0xEF: ???
==76769== 
==76769== 4 bytes in 1 blocks are indirectly lost in loss record 253 of 950
==76769==    at 0x484D953: calloc (in /usr/libexec/valgrind/vgpreload_memcheck-amd64-linux.so)
==76769==    by 0x723DE9: __mn_alloc (in /mnt/c/Users/Juan/Documents/GitHub/Mapanare/mapanare/self/mnc-stage1)
==76769==    by 0x7249CE: __mn_str_concat (in /mnt/c/Users/Juan/Documents/GitHub/Mapanare/mapanare/self/mnc-stage1)
==76769==    by 0x41FA94: lexer__scan_ident (in /mnt/c/Users/Juan/Documents/GitHub/Mapanare/mapanare/self/mnc-stage1)
==76769==    by 0x6A82D9F: ???
==76769==    by 0x8000000000000001: ???
==76769==    by 0x6A733D7: ???
==76769==    by 0xB: ???
==76769==    by 0x10: ???
==76769==    by 0x6A7751F: ???
==76769==    by 0x8000000000000000: ???
==76769==    by 0xB: ???
==76769==    by 0xF6: ???
==76769== 
==76769== 4 bytes in 1 blocks are indirectly lost in loss record 254 of 950
==76769==    at 0x484D953: calloc (in /usr/libexec/valgrind/vgpreload_memcheck-amd64-linux.so)
==76769==    by 0x723DE9: __mn_alloc (in /mnt/c/Users/Juan/Documents/GitHub/Mapanare/mapanare/self/mnc-stage1)
==76769==    by 0x7249CE: __mn_str_concat (in /mnt/c/Users/Juan/Documents/GitHub/Mapanare/mapanare/self/mnc-stage1)
==76769==    by 0x41FA94: lexer__scan_ident (in /mnt/c/Users/Juan/Documents/GitHub/Mapanare/mapanare/self/mnc-stage1)
==76769==    by 0x6A8673F: ???
==76769==    by 0x8000000000000001: ???
==76769==    by 0x6A733D7: ???
==76769==    by 0x4: ???
==76769==    by 0x12: ???
==76769==    by 0x6A7751F: ???
==76769==    by 0x8000000000000000: ???
==76769==    by 0x4: ???
==76769==    by 0x11A: ???
==76769== 
==76769== 4 bytes in 1 blocks are indirectly lost in loss record 255 of 950
==76769==    at 0x484D953: calloc (in /usr/libexec/valgrind/vgpreload_memcheck-amd64-linux.so)
==76769==    by 0x723DE9: __mn_alloc (in /mnt/c/Users/Juan/Documents/GitHub/Mapanare/mapanare/self/mnc-stage1)
==76769==    by 0x7249CE: __mn_str_concat (in /mnt/c/Users/Juan/Documents/GitHub/Mapanare/mapanare/self/mnc-stage1)
==76769==    by 0x41FA94: lexer__scan_ident (in /mnt/c/Users/Juan/Documents/GitHub/Mapanare/mapanare/self/mnc-stage1)
==76769==    by 0x6A8880F: ???
==76769==    by 0x8000000000000001: ???
==76769==    by 0x6A733D7: ???
==76769==    by 0x4: ???
==76769==    by 0x14: ???
==76769==    by 0x6A7751F: ???
==76769==    by 0x8000000000000000: ???
==76769==    by 0x4: ???
==76769==    by 0x148: ???
==76769== 
==76769== 4 bytes in 1 blocks are indirectly lost in loss record 256 of 950
==76769==    at 0x484D953: calloc (in /usr/libexec/valgrind/vgpreload_memcheck-amd64-linux.so)
==76769==    by 0x723DE9: __mn_alloc (in /mnt/c/Users/Juan/Documents/GitHub/Mapanare/mapanare/self/mnc-stage1)
==76769==    by 0x7249CE: __mn_str_concat (in /mnt/c/Users/Juan/Documents/GitHub/Mapanare/mapanare/self/mnc-stage1)
==76769==    by 0x41FA94: lexer__scan_ident (in /mnt/c/Users/Juan/Documents/GitHub/Mapanare/mapanare/self/mnc-stage1)
==76769==    by 0x6A8AABF: ???
==76769==    by 0x8000000000000001: ???
==76769==    by 0x6A733D7: ???
==76769==    by 0x4: ???
==76769==    by 0x16: ???
==76769==    by 0x6A7751F: ???
==76769==    by 0x8000000000000000: ???
==76769==    by 0x4: ???
==76769==    by 0x17B: ???
==76769== 
==76769== 4 bytes in 1 blocks are indirectly lost in loss record 257 of 950
==76769==    at 0x484D953: calloc (in /usr/libexec/valgrind/vgpreload_memcheck-amd64-linux.so)
==76769==    by 0x723DE9: __mn_alloc (in /mnt/c/Users/Juan/Documents/GitHub/Mapanare/mapanare/self/mnc-stage1)
==76769==    by 0x7249CE: __mn_str_concat (in /mnt/c/Users/Juan/Documents/GitHub/Mapanare/mapanare/self/mnc-stage1)
==76769==    by 0x41FA94: lexer__scan_ident (in /mnt/c/Users/Juan/Documents/GitHub/Mapanare/mapanare/self/mnc-stage1)
==76769==    by 0x6A8B0AF: ???
==76769==    by 0x8000000000000001: ???
==76769==    by 0x6A733D7: ???
==76769==    by 0xB: ???
==76769==    by 0x16: ???
==76769==    by 0x6A7751F: ???
==76769==    by 0x8000000000000000: ???
==76769==    by 0xB: ???
==76769==    by 0x182: ???
==76769== 
==76769== 4 bytes in 1 blocks are indirectly lost in loss record 258 of 950
==76769==    at 0x484D953: calloc (in /usr/libexec/valgrind/vgpreload_memcheck-amd64-linux.so)
==76769==    by 0x723DE9: __mn_alloc (in /mnt/c/Users/Juan/Documents/GitHub/Mapanare/mapanare/self/mnc-stage1)
==76769==    by 0x7249CE: __mn_str_concat (in /mnt/c/Users/Juan/Documents/GitHub/Mapanare/mapanare/self/mnc-stage1)
==76769==    by 0x41FA94: lexer__scan_ident (in /mnt/c/Users/Juan/Documents/GitHub/Mapanare/mapanare/self/mnc-stage1)
==76769==    by 0x6A8D35F: ???
==76769==    by 0x8000000000000001: ???
==76769==    by 0x6A733D7: ???
==76769==    by 0x4: ???
==76769==    by 0x1A: ???
==76769==    by 0x6A7751F: ???
==76769==    by 0x8000000000000000: ???
==76769==    by 0x4: ???
==76769==    by 0x1BE: ???
==76769== 
==76769== 4 bytes in 1 blocks are indirectly lost in loss record 259 of 950
==76769==    at 0x484D953: calloc (in /usr/libexec/valgrind/vgpreload_memcheck-amd64-linux.so)
==76769==    by 0x723DE9: __mn_alloc (in /mnt/c/Users/Juan/Documents/GitHub/Mapanare/mapanare/self/mnc-stage1)
==76769==    by 0x7249CE: __mn_str_concat (in /mnt/c/Users/Juan/Documents/GitHub/Mapanare/mapanare/self/mnc-stage1)
==76769==    by 0x41FA94: lexer__scan_ident (in /mnt/c/Users/Juan/Documents/GitHub/Mapanare/mapanare/self/mnc-stage1)
==76769==    by 0x6A8D99F: ???
==76769==    by 0x8000000000000001: ???
==76769==    by 0x6A733D7: ???
==76769==    by 0xC: ???
==76769==    by 0x1A: ???
==76769==    by 0x6A7751F: ???
==76769==    by 0x8000000000000000: ???
==76769==    by 0xC: ???
==76769==    by 0x1C6: ???
==76769== 
==76769== 4 bytes in 1 blocks are indirectly lost in loss record 260 of 950
==76769==    at 0x484D953: calloc (in /usr/libexec/valgrind/vgpreload_memcheck-amd64-linux.so)
==76769==    by 0x723DE9: __mn_alloc (in /mnt/c/Users/Juan/Documents/GitHub/Mapanare/mapanare/self/mnc-stage1)
==76769==    by 0x7249CE: __mn_str_concat (in /mnt/c/Users/Juan/Documents/GitHub/Mapanare/mapanare/self/mnc-stage1)
==76769==    by 0x420082: lexer__scan_number (in /mnt/c/Users/Juan/Documents/GitHub/Mapanare/mapanare/self/mnc-stage1)
==76769==    by 0x6A8E75F: ???
==76769==    by 0x6A73257: ???
==76769==    by 0x8000000000000001: ???
==76769==    by 0x6A8E5CF: ???
==76769==    by 0x8000000000000000: ???
==76769== 
==76769== 4 bytes in 1 blocks are definitely lost in loss record 261 of 950
==76769==    at 0x484D953: calloc (in /usr/libexec/valgrind/vgpreload_memcheck-amd64-linux.so)
==76769==    by 0x723DE9: __mn_alloc (in /mnt/c/Users/Juan/Documents/GitHub/Mapanare/mapanare/self/mnc-stage1)
==76769==    by 0x7249CE: __mn_str_concat (in /mnt/c/Users/Juan/Documents/GitHub/Mapanare/mapanare/self/mnc-stage1)
==76769==    by 0x41FA94: lexer__scan_ident (in /mnt/c/Users/Juan/Documents/GitHub/Mapanare/mapanare/self/mnc-stage1)
==76769==    by 0x6A796CF: ???
==76769==    by 0x8000000000000001: ???
==76769==    by 0x6A733D7: ???
==76769==    by 0x3: ???
==76769==    by 0x2: ???
==76769==    by 0x6A7751F: ???
==76769==    by 0x8000000000000000: ???
==76769==    by 0x3: ???
==76769==    by 0x51: ???
==76769== 
==76769== 4 bytes in 1 blocks are definitely lost in loss record 262 of 950
==76769==    at 0x484D953: calloc (in /usr/libexec/valgrind/vgpreload_memcheck-amd64-linux.so)
==76769==    by 0x723DE9: __mn_alloc (in /mnt/c/Users/Juan/Documents/GitHub/Mapanare/mapanare/self/mnc-stage1)
==76769==    by 0x7249CE: __mn_str_concat (in /mnt/c/Users/Juan/Documents/GitHub/Mapanare/mapanare/self/mnc-stage1)
==76769==    by 0x41FA94: lexer__scan_ident (in /mnt/c/Users/Juan/Documents/GitHub/Mapanare/mapanare/self/mnc-stage1)
==76769==    by 0x6A7B0AF: ???
==76769==    by 0x8000000000000001: ???
==76769==    by 0x6A733D7: ???
==76769==    by 0x4: ???
==76769==    by 0x3: ???
==76769==    by 0x6A7751F: ???
==76769==    by 0x8000000000000000: ???
==76769==    by 0x4: ???
==76769==    by 0x6E: ???
==76769== 
==76769== 4 bytes in 1 blocks are definitely lost in loss record 263 of 950
==76769==    at 0x484D953: calloc (in /usr/libexec/valgrind/vgpreload_memcheck-amd64-linux.so)
==76769==    by 0x723DE9: __mn_alloc (in /mnt/c/Users/Juan/Documents/GitHub/Mapanare/mapanare/self/mnc-stage1)
==76769==    by 0x7249CE: __mn_str_concat (in /mnt/c/Users/Juan/Documents/GitHub/Mapanare/mapanare/self/mnc-stage1)
==76769==    by 0x41FA94: lexer__scan_ident (in /mnt/c/Users/Juan/Documents/GitHub/Mapanare/mapanare/self/mnc-stage1)
==76769==    by 0x6A7C3EF: ???
==76769==    by 0x8000000000000001: ???
==76769==    by 0x6A733D7: ???
==76769==    by 0x3: ???
==76769==    by 0x6: ???
==76769==    by 0x6A7751F: ???
==76769==    by 0x8000000000000000: ???
==76769==    by 0x3: ???
==76769==    by 0x7D: ???
==76769== 
==76769== 4 bytes in 1 blocks are definitely lost in loss record 264 of 950
==76769==    at 0x484D953: calloc (in /usr/libexec/valgrind/vgpreload_memcheck-amd64-linux.so)
==76769==    by 0x723DE9: __mn_alloc (in /mnt/c/Users/Juan/Documents/GitHub/Mapanare/mapanare/self/mnc-stage1)
==76769==    by 0x7249CE: __mn_str_concat (in /mnt/c/Users/Juan/Documents/GitHub/Mapanare/mapanare/self/mnc-stage1)
==76769==    by 0x41FA94: lexer__scan_ident (in /mnt/c/Users/Juan/Documents/GitHub/Mapanare/mapanare/self/mnc-stage1)
==76769==    by 0x6A7F05F: ???
==76769==    by 0x8000000000000001: ???
==76769==    by 0x6A733D7: ???
==76769==    by 0x4: ???
==76769==    by 0x7: ???
==76769==    by 0x6A7751F: ???
==76769==    by 0x8000000000000000: ???
==76769==    by 0x4: ???
==76769==    by 0xA0: ???
==76769== 
==76769== 4 bytes in 1 blocks are definitely lost in loss record 265 of 950
==76769==    at 0x484D953: calloc (in /usr/libexec/valgrind/vgpreload_memcheck-amd64-linux.so)
==76769==    by 0x723DE9: __mn_alloc (in /mnt/c/Users/Juan/Documents/GitHub/Mapanare/mapanare/self/mnc-stage1)
==76769==    by 0x7249CE: __mn_str_concat (in /mnt/c/Users/Juan/Documents/GitHub/Mapanare/mapanare/self/mnc-stage1)
==76769==    by 0x41FA94: lexer__scan_ident (in /mnt/c/Users/Juan/Documents/GitHub/Mapanare/mapanare/self/mnc-stage1)
==76769==    by 0x6A7F8CF: ???
==76769==    by 0x8000000000000001: ???
==76769==    by 0x6A733D7: ???
==76769== 
==76769== 4 bytes in 1 blocks are definitely lost in loss record 266 of 950
==76769==    at 0x484D953: calloc (in /usr/libexec/valgrind/vgpreload_memcheck-amd64-linux.so)
==76769==    by 0x723DE9: __mn_alloc (in /mnt/c/Users/Juan/Documents/GitHub/Mapanare/mapanare/self/mnc-stage1)
==76769==    by 0x7249CE: __mn_str_concat (in /mnt/c/Users/Juan/Documents/GitHub/Mapanare/mapanare/self/mnc-stage1)
==76769==    by 0x41FA94: lexer__scan_ident (in /mnt/c/Users/Juan/Documents/GitHub/Mapanare/mapanare/self/mnc-stage1)
==76769==    by 0x6A7FDCF: ???
==76769==    by 0x8000000000000001: ???
==76769==    by 0x6A733D7: ???
==76769==    by 0x7: ???
==76769==    by 0xA: ???
==76769==    by 0x6A7751F: ???
==76769==    by 0x8000000000000000: ???
==76769==    by 0x7: ???
==76769==    by 0xB3: ???
==76769== 
==76769== 4 bytes in 1 blocks are definitely lost in loss record 267 of 950
==76769==    at 0x484D953: calloc (in /usr/libexec/valgrind/vgpreload_memcheck-amd64-linux.so)
==76769==    by 0x723DE9: __mn_alloc (in /mnt/c/Users/Juan/Documents/GitHub/Mapanare/mapanare/self/mnc-stage1)
==76769==    by 0x7249CE: __mn_str_concat (in /mnt/c/Users/Juan/Documents/GitHub/Mapanare/mapanare/self/mnc-stage1)
==76769==    by 0x41FA94: lexer__scan_ident (in /mnt/c/Users/Juan/Documents/GitHub/Mapanare/mapanare/self/mnc-stage1)
==76769==    by 0x6A80A4F: ???
==76769==    by 0x8000000000000001: ???
==76769==    by 0x6A733D7: ???
==76769==    by 0x4: ???
==76769==    by 0xB: ???
==76769==    by 0x6A7751F: ???
==76769==    by 0x8000000000000000: ???
==76769==    by 0x4: ???
==76769==    by 0xC4: ???
==76769== 
==76769== 4 bytes in 1 blocks are definitely lost in loss record 268 of 950
==76769==    at 0x484D953: calloc (in /usr/libexec/valgrind/vgpreload_memcheck-amd64-linux.so)
==76769==    by 0x723DE9: __mn_alloc (in /mnt/c/Users/Juan/Documents/GitHub/Mapanare/mapanare/self/mnc-stage1)
==76769==    by 0x7249CE: __mn_str_concat (in /mnt/c/Users/Juan/Documents/GitHub/Mapanare/mapanare/self/mnc-stage1)
==76769==    by 0x41FA94: lexer__scan_ident (in /mnt/c/Users/Juan/Documents/GitHub/Mapanare/mapanare/self/mnc-stage1)
==76769==    by 0x6A813AF: ???
==76769==    by 0x8000000000000001: ???
==76769==    by 0x6A733D7: ???
==76769==    by 0x4: ???
==76769==    by 0xC: ???
==76769==    by 0x6A7751F: ???
==76769==    by 0x8000000000000000: ???
==76769==    by 0x4: ???
==76769==    by 0xD2: ???
==76769== 
==76769== 4 bytes in 1 blocks are definitely lost in loss record 269 of 950
==76769==    at 0x484D953: calloc (in /usr/libexec/valgrind/vgpreload_memcheck-amd64-linux.so)
==76769==    by 0x723DE9: __mn_alloc (in /mnt/c/Users/Juan/Documents/GitHub/Mapanare/mapanare/self/mnc-stage1)
==76769==    by 0x7249CE: __mn_str_concat (in /mnt/c/Users/Juan/Documents/GitHub/Mapanare/mapanare/self/mnc-stage1)
==76769==    by 0x41FA94: lexer__scan_ident (in /mnt/c/Users/Juan/Documents/GitHub/Mapanare/mapanare/self/mnc-stage1)
==76769==    by 0x6A81F8F: ???
==76769==    by 0x8000000000000001: ???
==76769==    by 0x6A733D7: ???
==76769==    by 0x3: ???
==76769==    by 0xF: ???
==76769==    by 0x6A7751F: ???
==76769==    by 0x8000000000000000: ???
==76769==    by 0x3: ???
==76769==    by 0xE2: ???
==76769== 
==76769== 4 bytes in 1 blocks are definitely lost in loss record 270 of 950
==76769==    at 0x484D953: calloc (in /usr/libexec/valgrind/vgpreload_memcheck-amd64-linux.so)
==76769==    by 0x723DE9: __mn_alloc (in /mnt/c/Users/Juan/Documents/GitHub/Mapanare/mapanare/self/mnc-stage1)
==76769==    by 0x7249CE: __mn_str_concat (in /mnt/c/Users/Juan/Documents/GitHub/Mapanare/mapanare/self/mnc-stage1)
==76769==    by 0x41FA94: lexer__scan_ident (in /mnt/c/Users/Juan/Documents/GitHub/Mapanare/mapanare/self/mnc-stage1)
==76769==    by 0x6A831FF: ???
==76769==    by 0x8000000000000001: ???
==76769==    by 0x6A733D7: ???
==76769==    by 0x11: ???
==76769==    by 0x10: ???
==76769==    by 0x6A7751F: ???
==76769==    by 0x8000000000000000: ???
==76769==    by 0x11: ???
==76769==    by 0xFC: ???
==76769== 
==76769== 4 bytes in 1 blocks are definitely lost in loss record 271 of 950
==76769==    at 0x484D953: calloc (in /usr/libexec/valgrind/vgpreload_memcheck-amd64-linux.so)
==76769==    by 0x723DE9: __mn_alloc (in /mnt/c/Users/Juan/Documents/GitHub/Mapanare/mapanare/self/mnc-stage1)
==76769==    by 0x7249CE: __mn_str_concat (in /mnt/c/Users/Juan/Documents/GitHub/Mapanare/mapanare/self/mnc-stage1)
==76769==    by 0x41FA94: lexer__scan_ident (in /mnt/c/Users/Juan/Documents/GitHub/Mapanare/mapanare/self/mnc-stage1)
==76769==    by 0x6A85E2F: ???
==76769==    by 0x8000000000000001: ???
==76769==    by 0x6A733D7: ???
==76769==    by 0x4: ???
==76769==    by 0x11: ???
==76769==    by 0x6A7751F: ???
==76769==    by 0x8000000000000000: ???
==76769==    by 0x4: ???
==76769==    by 0x10D: ???
==76769== 
==76769== 4 bytes in 1 blocks are definitely lost in loss record 272 of 950
==76769==    at 0x484D953: calloc (in /usr/libexec/valgrind/vgpreload_memcheck-amd64-linux.so)
==76769==    by 0x723DE9: __mn_alloc (in /mnt/c/Users/Juan/Documents/GitHub/Mapanare/mapanare/self/mnc-stage1)
==76769==    by 0x7249CE: __mn_str_concat (in /mnt/c/Users/Juan/Documents/GitHub/Mapanare/mapanare/self/mnc-stage1)
==76769==    by 0x41FA94: lexer__scan_ident (in /mnt/c/Users/Juan/Documents/GitHub/Mapanare/mapanare/self/mnc-stage1)
==76769==    by 0x6A86D2F: ???
==76769==    by 0x8000000000000001: ???
==76769==    by 0x6A733D7: ???
==76769==    by 0xB: ???
==76769==    by 0x12: ???
==76769==    by 0x6A7751F: ???
==76769==    by 0x8000000000000000: ???
==76769==    by 0xB: ???
==76769==    by 0x121: ???
==76769== 
==76769== 4 bytes in 1 blocks are definitely lost in loss record 273 of 950
==76769==    at 0x484D953: calloc (in /usr/libexec/valgrind/vgpreload_memcheck-amd64-linux.so)
==76769==    by 0x723DE9: __mn_alloc (in /mnt/c/Users/Juan/Documents/GitHub/Mapanare/mapanare/self/mnc-stage1)
==76769==    by 0x7249CE: __mn_str_concat (in /mnt/c/Users/Juan/Documents/GitHub/Mapanare/mapanare/self/mnc-stage1)
==76769==    by 0x41FA94: lexer__scan_ident (in /mnt/c/Users/Juan/Documents/GitHub/Mapanare/mapanare/self/mnc-stage1)
==76769==    by 0x6A8722F: ???
==76769==    by 0x8000000000000001: ???
==76769==    by 0x6A733D7: ???
==76769==    by 0x12: ???
==76769==    by 0x12: ???
==76769==    by 0x6A7751F: ???
==76769==    by 0x8000000000000000: ???
==76769==    by 0x12: ???
==76769==    by 0x128: ???
==76769== 
==76769== 4 bytes in 1 blocks are definitely lost in loss record 274 of 950
==76769==    at 0x484D953: calloc (in /usr/libexec/valgrind/vgpreload_memcheck-amd64-linux.so)
==76769==    by 0x723DE9: __mn_alloc (in /mnt/c/Users/Juan/Documents/GitHub/Mapanare/mapanare/self/mnc-stage1)
==76769==    by 0x7249CE: __mn_str_concat (in /mnt/c/Users/Juan/Documents/GitHub/Mapanare/mapanare/self/mnc-stage1)
==76769==    by 0x41FA94: lexer__scan_ident (in /mnt/c/Users/Juan/Documents/GitHub/Mapanare/mapanare/self/mnc-stage1)
==76769==    by 0x6A8790F: ???
==76769==    by 0x8000000000000001: ???
==76769==    by 0x6A733D7: ???
==76769==    by 0x1B: ???
==76769==    by 0x12: ???
==76769==    by 0x6A7751F: ???
==76769==    by 0x8000000000000000: ???
==76769==    by 0x1B: ???
==76769==    by 0x131: ???
==76769== 
==76769== 4 bytes in 1 blocks are definitely lost in loss record 275 of 950
==76769==    at 0x484D953: calloc (in /usr/libexec/valgrind/vgpreload_memcheck-amd64-linux.so)
==76769==    by 0x723DE9: __mn_alloc (in /mnt/c/Users/Juan/Documents/GitHub/Mapanare/mapanare/self/mnc-stage1)
==76769==    by 0x7249CE: __mn_str_concat (in /mnt/c/Users/Juan/Documents/GitHub/Mapanare/mapanare/self/mnc-stage1)
==76769==    by 0x41FA94: lexer__scan_ident (in /mnt/c/Users/Juan/Documents/GitHub/Mapanare/mapanare/self/mnc-stage1)
==76769==    by 0x6A87EFF: ???
==76769==    by 0x8000000000000001: ???
==76769==    by 0x6A733D7: ???
==76769==    by 0x4: ???
==76769==    by 0x13: ???
==76769==    by 0x6A7751F: ???
==76769==    by 0x8000000000000000: ???
==76769==    by 0x4: ???
==76769==    by 0x13B: ???
==76769== 
==76769== 4 bytes in 1 blocks are definitely lost in loss record 276 of 950
==76769==    at 0x484D953: calloc (in /usr/libexec/valgrind/vgpreload_memcheck-amd64-linux.so)
==76769==    by 0x723DE9: __mn_alloc (in /mnt/c/Users/Juan/Documents/GitHub/Mapanare/mapanare/self/mnc-stage1)
==76769==    by 0x7249CE: __mn_str_concat (in /mnt/c/Users/Juan/Documents/GitHub/Mapanare/mapanare/self/mnc-stage1)
==76769==    by 0x41FA94: lexer__scan_ident (in /mnt/c/Users/Juan/Documents/GitHub/Mapanare/mapanare/self/mnc-stage1)
==76769==    by 0x6A88DFF: ???
==76769==    by 0x8000000000000001: ???
==76769==    by 0x6A733D7: ???
==76769==    by 0xB: ???
==76769==    by 0x14: ???
==76769==    by 0x6A7751F: ???
==76769==    by 0x8000000000000000: ???
==76769==    by 0xB: ???
==76769==    by 0x14F: ???
==76769== 
==76769== 4 bytes in 1 blocks are definitely lost in loss record 277 of 950
==76769==    at 0x484D953: calloc (in /usr/libexec/valgrind/vgpreload_memcheck-amd64-linux.so)
==76769==    by 0x723DE9: __mn_alloc (in /mnt/c/Users/Juan/Documents/GitHub/Mapanare/mapanare/self/mnc-stage1)
==76769==    by 0x7249CE: __mn_str_concat (in /mnt/c/Users/Juan/Documents/GitHub/Mapanare/mapanare/self/mnc-stage1)
==76769==    by 0x41FA94: lexer__scan_ident (in /mnt/c/Users/Juan/Documents/GitHub/Mapanare/mapanare/self/mnc-stage1)
==76769==    by 0x6A8943F: ???
==76769==    by 0x8000000000000001: ???
==76769==    by 0x6A733D7: ???
==76769==    by 0x14: ???
==76769==    by 0x14: ???
==76769==    by 0x6A7751F: ???
==76769==    by 0x8000000000000000: ???
==76769==    by 0x14: ???
==76769==    by 0x158: ???
==76769== 
==76769== 4 bytes in 1 blocks are definitely lost in loss record 278 of 950
==76769==    at 0x484D953: calloc (in /usr/libexec/valgrind/vgpreload_memcheck-amd64-linux.so)
==76769==    by 0x723DE9: __mn_alloc (in /mnt/c/Users/Juan/Documents/GitHub/Mapanare/mapanare/self/mnc-stage1)
==76769==    by 0x7249CE: __mn_str_concat (in /mnt/c/Users/Juan/Documents/GitHub/Mapanare/mapanare/self/mnc-stage1)
==76769==    by 0x41FA94: lexer__scan_ident (in /mnt/c/Users/Juan/Documents/GitHub/Mapanare/mapanare/self/mnc-stage1)
==76769==    by 0x6A8A1AF: ???
==76769==    by 0x8000000000000001: ???
==76769==    by 0x6A733D7: ???
==76769==    by 0x4: ???
==76769==    by 0x15: ???
==76769==    by 0x6A7751F: ???
==76769==    by 0x8000000000000000: ???
==76769==    by 0x4: ???
==76769==    by 0x16E: ???
==76769== 
==76769== 4 bytes in 1 blocks are definitely lost in loss record 279 of 950
==76769==    at 0x484D953: calloc (in /usr/libexec/valgrind/vgpreload_memcheck-amd64-linux.so)
==76769==    by 0x723DE9: __mn_alloc (in /mnt/c/Users/Juan/Documents/GitHub/Mapanare/mapanare/self/mnc-stage1)
==76769==    by 0x7249CE: __mn_str_concat (in /mnt/c/Users/Juan/Documents/GitHub/Mapanare/mapanare/self/mnc-stage1)
==76769==    by 0x41FA94: lexer__scan_ident (in /mnt/c/Users/Juan/Documents/GitHub/Mapanare/mapanare/self/mnc-stage1)
==76769==    by 0x6A8B50F: ???
==76769==    by 0x8000000000000001: ???
==76769==    by 0x6A733D7: ???
==76769==    by 0x11: ???
==76769==    by 0x16: ???
==76769==    by 0x6A7751F: ???
==76769==    by 0x8000000000000000: ???
==76769==    by 0x11: ???
==76769==    by 0x188: ???
==76769== 
==76769== 4 bytes in 1 blocks are definitely lost in loss record 280 of 950
==76769==    at 0x484D953: calloc (in /usr/libexec/valgrind/vgpreload_memcheck-amd64-linux.so)
==76769==    by 0x723DE9: __mn_alloc (in /mnt/c/Users/Juan/Documents/GitHub/Mapanare/mapanare/self/mnc-stage1)
==76769==    by 0x7249CE: __mn_str_concat (in /mnt/c/Users/Juan/Documents/GitHub/Mapanare/mapanare/self/mnc-stage1)
==76769==    by 0x41FA94: lexer__scan_ident (in /mnt/c/Users/Juan/Documents/GitHub/Mapanare/mapanare/self/mnc-stage1)
==76769==    by 0x6A8C2CF: ???
==76769==    by 0x8000000000000001: ???
==76769==    by 0x6A733D7: ???
==76769==    by 0x4: ???
==76769==    by 0x17: ???
==76769==    by 0x6A7751F: ???
==76769==    by 0x8000000000000000: ???
==76769==    by 0x4: ???
==76769==    by 0x19A: ???
==76769== 
==76769== 4 bytes in 1 blocks are definitely lost in loss record 281 of 950
==76769==    at 0x484D953: calloc (in /usr/libexec/valgrind/vgpreload_memcheck-amd64-linux.so)
==76769==    by 0x723DE9: __mn_alloc (in /mnt/c/Users/Juan/Documents/GitHub/Mapanare/mapanare/self/mnc-stage1)
==76769==    by 0x7249CE: __mn_str_concat (in /mnt/c/Users/Juan/Documents/GitHub/Mapanare/mapanare/self/mnc-stage1)
==76769==    by 0x41FA94: lexer__scan_ident (in /mnt/c/Users/Juan/Documents/GitHub/Mapanare/mapanare/self/mnc-stage1)
==76769==    by 0x6A8DCBF: ???
==76769==    by 0x8000000000000001: ???
==76769==    by 0x6A733D7: ???
==76769==    by 0x10: ???
==76769==    by 0x1A: ???
==76769==    by 0x6A7751F: ???
==76769==    by 0x8000000000000000: ???
==76769==    by 0x10: ???
==76769==    by 0x1CA: ???
==76769== 
==76769== 4 bytes in 1 blocks are definitely lost in loss record 282 of 950
==76769==    at 0x484D953: calloc (in /usr/libexec/valgrind/vgpreload_memcheck-amd64-linux.so)
==76769==    by 0x723DE9: __mn_alloc (in /mnt/c/Users/Juan/Documents/GitHub/Mapanare/mapanare/self/mnc-stage1)
==76769==    by 0x7249CE: __mn_str_concat (in /mnt/c/Users/Juan/Documents/GitHub/Mapanare/mapanare/self/mnc-stage1)
==76769==    by 0x41FA94: lexer__scan_ident (in /mnt/c/Users/Juan/Documents/GitHub/Mapanare/mapanare/self/mnc-stage1)
==76769==    by 0x6A8E1BF: ???
==76769==    by 0x8000000000000001: ???
==76769==    by 0x6A733D7: ???
==76769==    by 0x17: ???
==76769==    by 0x1A: ???
==76769==    by 0x6A7751F: ???
==76769==    by 0x8000000000000000: ???
==76769==    by 0x17: ???
==76769==    by 0x1D1: ???
==76769== 
==76769== 4 bytes in 1 blocks are definitely lost in loss record 283 of 950
==76769==    at 0x484D953: calloc (in /usr/libexec/valgrind/vgpreload_memcheck-amd64-linux.so)
==76769==    by 0x723DE9: __mn_alloc (in /mnt/c/Users/Juan/Documents/GitHub/Mapanare/mapanare/self/mnc-stage1)
==76769==    by 0x7249CE: __mn_str_concat (in /mnt/c/Users/Juan/Documents/GitHub/Mapanare/mapanare/self/mnc-stage1)
==76769==    by 0x41FA94: lexer__scan_ident (in /mnt/c/Users/Juan/Documents/GitHub/Mapanare/mapanare/self/mnc-stage1)
==76769==    by 0x6A8EB6F: ???
==76769==    by 0x8000000000000001: ???
==76769==    by 0x6A733D7: ???
==76769==    by 0x23: ???
==76769==    by 0x1A: ???
==76769==    by 0x6A7751F: ???
==76769==    by 0x8000000000000000: ???
==76769==    by 0x23: ???
==76769==    by 0x1DD: ???
==76769== 
==76769== 4 bytes in 1 blocks are definitely lost in loss record 284 of 950
==76769==    at 0x484D953: calloc (in /usr/libexec/valgrind/vgpreload_memcheck-amd64-linux.so)
==76769==    by 0x723DE9: __mn_alloc (in /mnt/c/Users/Juan/Documents/GitHub/Mapanare/mapanare/self/mnc-stage1)
==76769==    by 0x7249CE: __mn_str_concat (in /mnt/c/Users/Juan/Documents/GitHub/Mapanare/mapanare/self/mnc-stage1)
==76769==    by 0x41FA94: lexer__scan_ident (in /mnt/c/Users/Juan/Documents/GitHub/Mapanare/mapanare/self/mnc-stage1)
==76769==    by 0x6A8F15F: ???
==76769==    by 0x8000000000000001: ???
==76769==    by 0x6A733D7: ???
==76769==    by 0x2B: ???
==76769==    by 0x1A: ???
==76769==    by 0x6A7751F: ???
==76769==    by 0x8000000000000000: ???
==76769==    by 0x2B: ???
==76769==    by 0x1E5: ???
==76769== 
==76769== 4 bytes in 1 blocks are definitely lost in loss record 285 of 950
==76769==    at 0x484D953: calloc (in /usr/libexec/valgrind/vgpreload_memcheck-amd64-linux.so)
==76769==    by 0x723DE9: __mn_alloc (in /mnt/c/Users/Juan/Documents/GitHub/Mapanare/mapanare/self/mnc-stage1)
==76769==    by 0x7249CE: __mn_str_concat (in /mnt/c/Users/Juan/Documents/GitHub/Mapanare/mapanare/self/mnc-stage1)
==76769==    by 0x41FA94: lexer__scan_ident (in /mnt/c/Users/Juan/Documents/GitHub/Mapanare/mapanare/self/mnc-stage1)
==76769==    by 0x6A8F79F: ???
==76769==    by 0x8000000000000001: ???
==76769==    by 0x6A733D7: ???
==76769==    by 0x4: ???
==76769==    by 0x1B: ???
==76769==    by 0x6A7751F: ???
==76769==    by 0x8000000000000000: ???
==76769==    by 0x4: ???
==76769==    by 0x1F0: ???
==76769== 
==76769== 4 bytes in 1 blocks are definitely lost in loss record 286 of 950
==76769==    at 0x484D953: calloc (in /usr/libexec/valgrind/vgpreload_memcheck-amd64-linux.so)
==76769==    by 0x723DE9: __mn_alloc (in /mnt/c/Users/Juan/Documents/GitHub/Mapanare/mapanare/self/mnc-stage1)
==76769==    by 0x7249CE: __mn_str_concat (in /mnt/c/Users/Juan/Documents/GitHub/Mapanare/mapanare/self/mnc-stage1)
==76769==    by 0x41FA94: lexer__scan_ident (in /mnt/c/Users/Juan/Documents/GitHub/Mapanare/mapanare/self/mnc-stage1)
==76769==    by 0x6A93F6F: ???
==76769==    by 0x8000000000000001: ???
==76769==    by 0x6A733D7: ???
==76769==    by 0xC: ???
==76769==    by 0x1B: ???
==76769==    by 0x6A7751F: ???
==76769==    by 0x8000000000000000: ???
==76769==    by 0xC: ???
==76769==    by 0x1F8: ???
==76769== 
==76769== 4 bytes in 1 blocks are definitely lost in loss record 287 of 950
==76769==    at 0x484D953: calloc (in /usr/libexec/valgrind/vgpreload_memcheck-amd64-linux.so)
==76769==    by 0x723DE9: __mn_alloc (in /mnt/c/Users/Juan/Documents/GitHub/Mapanare/mapanare/self/mnc-stage1)
==76769==    by 0x7245AB: __mn_str_from_parts (in /mnt/c/Users/Juan/Documents/GitHub/Mapanare/mapanare/self/mnc-stage1)
==76769==    by 0x413E5E: file_extension (in /mnt/c/Users/Juan/Documents/GitHub/Mapanare/mapanare/self/mnc-stage1)
==76769==    by 0x800000000000000D: ???
==76769== 
==76769== 4 bytes in 1 blocks are definitely lost in loss record 288 of 950
==76769==    at 0x484D953: calloc (in /usr/libexec/valgrind/vgpreload_memcheck-amd64-linux.so)
==76769==    by 0x723DE9: __mn_alloc (in /mnt/c/Users/Juan/Documents/GitHub/Mapanare/mapanare/self/mnc-stage1)
==76769==    by 0x7245AB: __mn_str_from_parts (in /mnt/c/Users/Juan/Documents/GitHub/Mapanare/mapanare/self/mnc-stage1)
==76769==    by 0x71C30F: emit_llvm__emit_mir_function (in /mnt/c/Users/Juan/Documents/GitHub/Mapanare/mapanare/self/mnc-stage1)
==76769==    by 0x3F: ???
==76769== 
==76769== 4 bytes in 2 blocks are definitely lost in loss record 289 of 950
==76769==    at 0x484D953: calloc (in /usr/libexec/valgrind/vgpreload_memcheck-amd64-linux.so)
==76769==    by 0x723DE9: __mn_alloc (in /mnt/c/Users/Juan/Documents/GitHub/Mapanare/mapanare/self/mnc-stage1)
==76769==    by 0x7245AB: __mn_str_from_parts (in /mnt/c/Users/Juan/Documents/GitHub/Mapanare/mapanare/self/mnc-stage1)
==76769==    by 0x42257E: lexer__tokenize (in /mnt/c/Users/Juan/Documents/GitHub/Mapanare/mapanare/self/mnc-stage1)
==76769== 
==76769== 4 bytes in 2 blocks are definitely lost in loss record 290 of 950
==76769==    at 0x484D953: calloc (in /usr/libexec/valgrind/vgpreload_memcheck-amd64-linux.so)
==76769==    by 0x723DE9: __mn_alloc (in /mnt/c/Users/Juan/Documents/GitHub/Mapanare/mapanare/self/mnc-stage1)
==76769==    by 0x7245AB: __mn_str_from_parts (in /mnt/c/Users/Juan/Documents/GitHub/Mapanare/mapanare/self/mnc-stage1)
==76769==    by 0x413E27: file_extension (in /mnt/c/Users/Juan/Documents/GitHub/Mapanare/mapanare/self/mnc-stage1)
==76769==    by 0x800000000000000D: ???
==76769== 
==76769== 5 bytes in 1 blocks are indirectly lost in loss record 291 of 950
==76769==    at 0x484D953: calloc (in /usr/libexec/valgrind/vgpreload_memcheck-amd64-linux.so)
==76769==    by 0x723DE9: __mn_alloc (in /mnt/c/Users/Juan/Documents/GitHub/Mapanare/mapanare/self/mnc-stage1)
==76769==    by 0x7249CE: __mn_str_concat (in /mnt/c/Users/Juan/Documents/GitHub/Mapanare/mapanare/self/mnc-stage1)
==76769==    by 0x41FA94: lexer__scan_ident (in /mnt/c/Users/Juan/Documents/GitHub/Mapanare/mapanare/self/mnc-stage1)
==76769==    by 0x6A7FE6F: ???
==76769==    by 0x8000000000000002: ???
==76769==    by 0x6A733D7: ???
==76769==    by 0x7: ???
==76769==    by 0xA: ???
==76769==    by 0x6A7751F: ???
==76769==    by 0x8000000000000000: ???
==76769==    by 0x7: ???
==76769==    by 0xB3: ???
==76769== 
==76769== 5 bytes in 1 blocks are indirectly lost in loss record 292 of 950
==76769==    at 0x484D953: calloc (in /usr/libexec/valgrind/vgpreload_memcheck-amd64-linux.so)
==76769==    by 0x723DE9: __mn_alloc (in /mnt/c/Users/Juan/Documents/GitHub/Mapanare/mapanare/self/mnc-stage1)
==76769==    by 0x7249CE: __mn_str_concat (in /mnt/c/Users/Juan/Documents/GitHub/Mapanare/mapanare/self/mnc-stage1)
==76769==    by 0x41FA94: lexer__scan_ident (in /mnt/c/Users/Juan/Documents/GitHub/Mapanare/mapanare/self/mnc-stage1)
==76769==    by 0x6A8202F: ???
==76769==    by 0x8000000000000002: ???
==76769==    by 0x6A733D7: ???
==76769==    by 0x3: ???
==76769==    by 0xF: ???
==76769==    by 0x6A7751F: ???
==76769==    by 0x8000000000000000: ???
==76769==    by 0x3: ???
==76769==    by 0xE2: ???
==76769== 
==76769== 5 bytes in 1 blocks are indirectly lost in loss record 293 of 950
==76769==    at 0x484D953: calloc (in /usr/libexec/valgrind/vgpreload_memcheck-amd64-linux.so)
==76769==    by 0x723DE9: __mn_alloc (in /mnt/c/Users/Juan/Documents/GitHub/Mapanare/mapanare/self/mnc-stage1)
==76769==    by 0x7249CE: __mn_str_concat (in /mnt/c/Users/Juan/Documents/GitHub/Mapanare/mapanare/self/mnc-stage1)
==76769==    by 0x41FA94: lexer__scan_ident (in /mnt/c/Users/Juan/Documents/GitHub/Mapanare/mapanare/self/mnc-stage1)
==76769==    by 0x6A86DCF: ???
==76769==    by 0x8000000000000002: ???
==76769==    by 0x6A733D7: ???
==76769==    by 0xB: ???
==76769==    by 0x12: ???
==76769==    by 0x6A7751F: ???
==76769==    by 0x8000000000000000: ???
==76769==    by 0xB: ???
==76769==    by 0x121: ???
==76769== 
==76769== 5 bytes in 1 blocks are indirectly lost in loss record 294 of 950
==76769==    at 0x484D953: calloc (in /usr/libexec/valgrind/vgpreload_memcheck-amd64-linux.so)
==76769==    by 0x723DE9: __mn_alloc (in /mnt/c/Users/Juan/Documents/GitHub/Mapanare/mapanare/self/mnc-stage1)
==76769==    by 0x7249CE: __mn_str_concat (in /mnt/c/Users/Juan/Documents/GitHub/Mapanare/mapanare/self/mnc-stage1)
==76769==    by 0x41FA94: lexer__scan_ident (in /mnt/c/Users/Juan/Documents/GitHub/Mapanare/mapanare/self/mnc-stage1)
==76769==    by 0x6A879AF: ???
==76769==    by 0x8000000000000002: ???
==76769==    by 0x6A733D7: ???
==76769==    by 0x1B: ???
==76769==    by 0x12: ???
==76769==    by 0x6A7751F: ???
==76769==    by 0x8000000000000000: ???
==76769==    by 0x1B: ???
==76769==    by 0x131: ???
==76769== 
==76769== 5 bytes in 1 blocks are indirectly lost in loss record 295 of 950
==76769==    at 0x484D953: calloc (in /usr/libexec/valgrind/vgpreload_memcheck-amd64-linux.so)
==76769==    by 0x723DE9: __mn_alloc (in /mnt/c/Users/Juan/Documents/GitHub/Mapanare/mapanare/self/mnc-stage1)
==76769==    by 0x7249CE: __mn_str_concat (in /mnt/c/Users/Juan/Documents/GitHub/Mapanare/mapanare/self/mnc-stage1)
==76769==    by 0x41FA94: lexer__scan_ident (in /mnt/c/Users/Juan/Documents/GitHub/Mapanare/mapanare/self/mnc-stage1)
==76769==    by 0x6A8DD5F: ???
==76769==    by 0x8000000000000002: ???
==76769==    by 0x6A733D7: ???
==76769==    by 0x10: ???
==76769==    by 0x1A: ???
==76769==    by 0x6A7751F: ???
==76769==    by 0x8000000000000000: ???
==76769==    by 0x10: ???
==76769==    by 0x1CA: ???
==76769== 
==76769== 5 bytes in 1 blocks are indirectly lost in loss record 296 of 950
==76769==    at 0x484D953: calloc (in /usr/libexec/valgrind/vgpreload_memcheck-amd64-linux.so)
==76769==    by 0x723DE9: __mn_alloc (in /mnt/c/Users/Juan/Documents/GitHub/Mapanare/mapanare/self/mnc-stage1)
==76769==    by 0x7249CE: __mn_str_concat (in /mnt/c/Users/Juan/Documents/GitHub/Mapanare/mapanare/self/mnc-stage1)
==76769==    by 0x41FA94: lexer__scan_ident (in /mnt/c/Users/Juan/Documents/GitHub/Mapanare/mapanare/self/mnc-stage1)
==76769==    by 0x6A8F1FF: ???
==76769==    by 0x8000000000000002: ???
==76769==    by 0x6A733D7: ???
==76769==    by 0x2B: ???
==76769==    by 0x1A: ???
==76769==    by 0x6A7751F: ???
==76769==    by 0x8000000000000000: ???
==76769==    by 0x2B: ???
==76769==    by 0x1E5: ???
==76769== 
==76769== 5 bytes in 1 blocks are indirectly lost in loss record 297 of 950
==76769==    at 0x484D953: calloc (in /usr/libexec/valgrind/vgpreload_memcheck-amd64-linux.so)
==76769==    by 0x723DE9: __mn_alloc (in /mnt/c/Users/Juan/Documents/GitHub/Mapanare/mapanare/self/mnc-stage1)
==76769==    by 0x7249CE: __mn_str_concat (in /mnt/c/Users/Juan/Documents/GitHub/Mapanare/mapanare/self/mnc-stage1)
==76769==    by 0x499B12: lower_state__fresh_tmp (in /mnt/c/Users/Juan/Documents/GitHub/Mapanare/mapanare/self/mnc-stage1)
==76769==    by 0x1000000000003: ???
==76769==    by 0x6AB581F: ???
==76769==    by 0x73ECC7: ??? (in /mnt/c/Users/Juan/Documents/GitHub/Mapanare/mapanare/self/mnc-stage1)
==76769== 
==76769== 5 bytes in 1 blocks are definitely lost in loss record 298 of 950
==76769==    at 0x484D953: calloc (in /usr/libexec/valgrind/vgpreload_memcheck-amd64-linux.so)
==76769==    by 0x723DE9: __mn_alloc (in /mnt/c/Users/Juan/Documents/GitHub/Mapanare/mapanare/self/mnc-stage1)
==76769==    by 0x7249CE: __mn_str_concat (in /mnt/c/Users/Juan/Documents/GitHub/Mapanare/mapanare/self/mnc-stage1)
==76769==    by 0x41FA94: lexer__scan_ident (in /mnt/c/Users/Juan/Documents/GitHub/Mapanare/mapanare/self/mnc-stage1)
==76769==    by 0x6A7976F: ???
==76769==    by 0x8000000000000002: ???
==76769==    by 0x6A733D7: ???
==76769==    by 0x3: ???
==76769==    by 0x2: ???
==76769==    by 0x6A7751F: ???
==76769==    by 0x8000000000000000: ???
==76769==    by 0x3: ???
==76769==    by 0x51: ???
==76769== 
==76769== 5 bytes in 1 blocks are definitely lost in loss record 299 of 950
==76769==    at 0x484D953: calloc (in /usr/libexec/valgrind/vgpreload_memcheck-amd64-linux.so)
==76769==    by 0x723DE9: __mn_alloc (in /mnt/c/Users/Juan/Documents/GitHub/Mapanare/mapanare/self/mnc-stage1)
==76769==    by 0x7249CE: __mn_str_concat (in /mnt/c/Users/Juan/Documents/GitHub/Mapanare/mapanare/self/mnc-stage1)
==76769==    by 0x41FA94: lexer__scan_ident (in /mnt/c/Users/Juan/Documents/GitHub/Mapanare/mapanare/self/mnc-stage1)
==76769==    by 0x6A7B14F: ???
==76769==    by 0x8000000000000002: ???
==76769==    by 0x6A733D7: ???
==76769==    by 0x4: ???
==76769==    by 0x3: ???
==76769==    by 0x6A7751F: ???
==76769==    by 0x8000000000000000: ???
==76769==    by 0x4: ???
==76769==    by 0x6E: ???
==76769== 
==76769== 5 bytes in 1 blocks are definitely lost in loss record 300 of 950
==76769==    at 0x484D953: calloc (in /usr/libexec/valgrind/vgpreload_memcheck-amd64-linux.so)
==76769==    by 0x723DE9: __mn_alloc (in /mnt/c/Users/Juan/Documents/GitHub/Mapanare/mapanare/self/mnc-stage1)
==76769==    by 0x7249CE: __mn_str_concat (in /mnt/c/Users/Juan/Documents/GitHub/Mapanare/mapanare/self/mnc-stage1)
==76769==    by 0x41FA94: lexer__scan_ident (in /mnt/c/Users/Juan/Documents/GitHub/Mapanare/mapanare/self/mnc-stage1)
==76769==    by 0x6A7C48F: ???
==76769==    by 0x8000000000000002: ???
==76769==    by 0x6A733D7: ???
==76769==    by 0x3: ???
==76769==    by 0x6: ???
==76769==    by 0x6A7751F: ???
==76769==    by 0x8000000000000000: ???
==76769==    by 0x3: ???
==76769==    by 0x7D: ???
==76769== 
==76769== 5 bytes in 1 blocks are definitely lost in loss record 301 of 950
==76769==    at 0x484D953: calloc (in /usr/libexec/valgrind/vgpreload_memcheck-amd64-linux.so)
==76769==    by 0x723DE9: __mn_alloc (in /mnt/c/Users/Juan/Documents/GitHub/Mapanare/mapanare/self/mnc-stage1)
==76769==    by 0x7249CE: __mn_str_concat (in /mnt/c/Users/Juan/Documents/GitHub/Mapanare/mapanare/self/mnc-stage1)
==76769==    by 0x41FA94: lexer__scan_ident (in /mnt/c/Users/Juan/Documents/GitHub/Mapanare/mapanare/self/mnc-stage1)
==76769==    by 0x6A7F0FF: ???
==76769==    by 0x8000000000000002: ???
==76769==    by 0x6A733D7: ???
==76769==    by 0x4: ???
==76769==    by 0x7: ???
==76769==    by 0x6A7751F: ???
==76769==    by 0x8000000000000000: ???
==76769==    by 0x4: ???
==76769==    by 0xA0: ???
==76769== 
==76769== 5 bytes in 1 blocks are definitely lost in loss record 302 of 950
==76769==    at 0x484D953: calloc (in /usr/libexec/valgrind/vgpreload_memcheck-amd64-linux.so)
==76769==    by 0x723DE9: __mn_alloc (in /mnt/c/Users/Juan/Documents/GitHub/Mapanare/mapanare/self/mnc-stage1)
==76769==    by 0x7249CE: __mn_str_concat (in /mnt/c/Users/Juan/Documents/GitHub/Mapanare/mapanare/self/mnc-stage1)
==76769==    by 0x41FA94: lexer__scan_ident (in /mnt/c/Users/Juan/Documents/GitHub/Mapanare/mapanare/self/mnc-stage1)
==76769==    by 0x6A7F96F: ???
==76769==    by 0x8000000000000002: ???
==76769==    by 0x6A733D7: ???
==76769== 
==76769== 5 bytes in 1 blocks are definitely lost in loss record 303 of 950
==76769==    at 0x484D953: calloc (in /usr/libexec/valgrind/vgpreload_memcheck-amd64-linux.so)
==76769==    by 0x723DE9: __mn_alloc (in /mnt/c/Users/Juan/Documents/GitHub/Mapanare/mapanare/self/mnc-stage1)
==76769==    by 0x7249CE: __mn_str_concat (in /mnt/c/Users/Juan/Documents/GitHub/Mapanare/mapanare/self/mnc-stage1)
==76769==    by 0x41FA94: lexer__scan_ident (in /mnt/c/Users/Juan/Documents/GitHub/Mapanare/mapanare/self/mnc-stage1)
==76769==    by 0x6A80AEF: ???
==76769==    by 0x8000000000000002: ???
==76769==    by 0x6A733D7: ???
==76769==    by 0x4: ???
==76769==    by 0xB: ???
==76769==    by 0x6A7751F: ???
==76769==    by 0x8000000000000000: ???
==76769==    by 0x4: ???
==76769==    by 0xC4: ???
==76769== 
==76769== 5 bytes in 1 blocks are definitely lost in loss record 304 of 950
==76769==    at 0x484D953: calloc (in /usr/libexec/valgrind/vgpreload_memcheck-amd64-linux.so)
==76769==    by 0x723DE9: __mn_alloc (in /mnt/c/Users/Juan/Documents/GitHub/Mapanare/mapanare/self/mnc-stage1)
==76769==    by 0x7249CE: __mn_str_concat (in /mnt/c/Users/Juan/Documents/GitHub/Mapanare/mapanare/self/mnc-stage1)
==76769==    by 0x41FA94: lexer__scan_ident (in /mnt/c/Users/Juan/Documents/GitHub/Mapanare/mapanare/self/mnc-stage1)
==76769==    by 0x6A8144F: ???
==76769==    by 0x8000000000000002: ???
==76769==    by 0x6A733D7: ???
==76769==    by 0x4: ???
==76769==    by 0xC: ???
==76769==    by 0x6A7751F: ???
==76769==    by 0x8000000000000000: ???
==76769==    by 0x4: ???
==76769==    by 0xD2: ???
==76769== 
==76769== 5 bytes in 1 blocks are definitely lost in loss record 305 of 950
==76769==    at 0x484D953: calloc (in /usr/libexec/valgrind/vgpreload_memcheck-amd64-linux.so)
==76769==    by 0x723DE9: __mn_alloc (in /mnt/c/Users/Juan/Documents/GitHub/Mapanare/mapanare/self/mnc-stage1)
==76769==    by 0x7249CE: __mn_str_concat (in /mnt/c/Users/Juan/Documents/GitHub/Mapanare/mapanare/self/mnc-stage1)
==76769==    by 0x41FA94: lexer__scan_ident (in /mnt/c/Users/Juan/Documents/GitHub/Mapanare/mapanare/self/mnc-stage1)
==76769==    by 0x6A8329F: ???
==76769==    by 0x8000000000000002: ???
==76769==    by 0x6A733D7: ???
==76769==    by 0x11: ???
==76769==    by 0x10: ???
==76769==    by 0x6A7751F: ???
==76769==    by 0x8000000000000000: ???
==76769==    by 0x11: ???
==76769==    by 0xFC: ???
==76769== 
==76769== 5 bytes in 1 blocks are definitely lost in loss record 306 of 950
==76769==    at 0x484D953: calloc (in /usr/libexec/valgrind/vgpreload_memcheck-amd64-linux.so)
==76769==    by 0x723DE9: __mn_alloc (in /mnt/c/Users/Juan/Documents/GitHub/Mapanare/mapanare/self/mnc-stage1)
==76769==    by 0x7249CE: __mn_str_concat (in /mnt/c/Users/Juan/Documents/GitHub/Mapanare/mapanare/self/mnc-stage1)
==76769==    by 0x41FA94: lexer__scan_ident (in /mnt/c/Users/Juan/Documents/GitHub/Mapanare/mapanare/self/mnc-stage1)
==76769==    by 0x6A85ECF: ???
==76769==    by 0x8000000000000002: ???
==76769==    by 0x6A733D7: ???
==76769==    by 0x4: ???
==76769==    by 0x11: ???
==76769==    by 0x6A7751F: ???
==76769==    by 0x8000000000000000: ???
==76769==    by 0x4: ???
==76769==    by 0x10D: ???
==76769== 
==76769== 5 bytes in 1 blocks are definitely lost in loss record 307 of 950
==76769==    at 0x484D953: calloc (in /usr/libexec/valgrind/vgpreload_memcheck-amd64-linux.so)
==76769==    by 0x723DE9: __mn_alloc (in /mnt/c/Users/Juan/Documents/GitHub/Mapanare/mapanare/self/mnc-stage1)
==76769==    by 0x7249CE: __mn_str_concat (in /mnt/c/Users/Juan/Documents/GitHub/Mapanare/mapanare/self/mnc-stage1)
==76769==    by 0x41FA94: lexer__scan_ident (in /mnt/c/Users/Juan/Documents/GitHub/Mapanare/mapanare/self/mnc-stage1)
==76769==    by 0x6A872CF: ???
==76769==    by 0x8000000000000002: ???
==76769==    by 0x6A733D7: ???
==76769==    by 0x12: ???
==76769==    by 0x12: ???
==76769==    by 0x6A7751F: ???
==76769==    by 0x8000000000000000: ???
==76769==    by 0x12: ???
==76769==    by 0x128: ???
==76769== 
==76769== 5 bytes in 1 blocks are definitely lost in loss record 308 of 950
==76769==    at 0x484D953: calloc (in /usr/libexec/valgrind/vgpreload_memcheck-amd64-linux.so)
==76769==    by 0x723DE9: __mn_alloc (in /mnt/c/Users/Juan/Documents/GitHub/Mapanare/mapanare/self/mnc-stage1)
==76769==    by 0x7249CE: __mn_str_concat (in /mnt/c/Users/Juan/Documents/GitHub/Mapanare/mapanare/self/mnc-stage1)
==76769==    by 0x41FA94: lexer__scan_ident (in /mnt/c/Users/Juan/Documents/GitHub/Mapanare/mapanare/self/mnc-stage1)
==76769==    by 0x6A87F9F: ???
==76769==    by 0x8000000000000002: ???
==76769==    by 0x6A733D7: ???
==76769==    by 0x4: ???
==76769==    by 0x13: ???
==76769==    by 0x6A7751F: ???
==76769==    by 0x8000000000000000: ???
==76769==    by 0x4: ???
==76769==    by 0x13B: ???
==76769== 
==76769== 5 bytes in 1 blocks are definitely lost in loss record 309 of 950
==76769==    at 0x484D953: calloc (in /usr/libexec/valgrind/vgpreload_memcheck-amd64-linux.so)
==76769==    by 0x723DE9: __mn_alloc (in /mnt/c/Users/Juan/Documents/GitHub/Mapanare/mapanare/self/mnc-stage1)
==76769==    by 0x7249CE: __mn_str_concat (in /mnt/c/Users/Juan/Documents/GitHub/Mapanare/mapanare/self/mnc-stage1)
==76769==    by 0x41FA94: lexer__scan_ident (in /mnt/c/Users/Juan/Documents/GitHub/Mapanare/mapanare/self/mnc-stage1)
==76769==    by 0x6A88E9F: ???
==76769==    by 0x8000000000000002: ???
==76769==    by 0x6A733D7: ???
==76769==    by 0xB: ???
==76769==    by 0x14: ???
==76769==    by 0x6A7751F: ???
==76769==    by 0x8000000000000000: ???
==76769==    by 0xB: ???
==76769==    by 0x14F: ???
==76769== 
==76769== 5 bytes in 1 blocks are definitely lost in loss record 310 of 950
==76769==    at 0x484D953: calloc (in /usr/libexec/valgrind/vgpreload_memcheck-amd64-linux.so)
==76769==    by 0x723DE9: __mn_alloc (in /mnt/c/Users/Juan/Documents/GitHub/Mapanare/mapanare/self/mnc-stage1)
==76769==    by 0x7249CE: __mn_str_concat (in /mnt/c/Users/Juan/Documents/GitHub/Mapanare/mapanare/self/mnc-stage1)
==76769==    by 0x41FA94: lexer__scan_ident (in /mnt/c/Users/Juan/Documents/GitHub/Mapanare/mapanare/self/mnc-stage1)
==76769==    by 0x6A894DF: ???
==76769==    by 0x8000000000000002: ???
==76769==    by 0x6A733D7: ???
==76769==    by 0x14: ???
==76769==    by 0x14: ???
==76769==    by 0x6A7751F: ???
==76769==    by 0x8000000000000000: ???
==76769==    by 0x14: ???
==76769==    by 0x158: ???
==76769== 
==76769== 5 bytes in 1 blocks are definitely lost in loss record 311 of 950
==76769==    at 0x484D953: calloc (in /usr/libexec/valgrind/vgpreload_memcheck-amd64-linux.so)
==76769==    by 0x723DE9: __mn_alloc (in /mnt/c/Users/Juan/Documents/GitHub/Mapanare/mapanare/self/mnc-stage1)
==76769==    by 0x7249CE: __mn_str_concat (in /mnt/c/Users/Juan/Documents/GitHub/Mapanare/mapanare/self/mnc-stage1)
==76769==    by 0x41FA94: lexer__scan_ident (in /mnt/c/Users/Juan/Documents/GitHub/Mapanare/mapanare/self/mnc-stage1)
==76769==    by 0x6A8A24F: ???
==76769==    by 0x8000000000000002: ???
==76769==    by 0x6A733D7: ???
==76769==    by 0x4: ???
==76769==    by 0x15: ???
==76769==    by 0x6A7751F: ???
==76769==    by 0x8000000000000000: ???
==76769==    by 0x4: ???
==76769==    by 0x16E: ???
==76769== 
==76769== 5 bytes in 1 blocks are definitely lost in loss record 312 of 950
==76769==    at 0x484D953: calloc (in /usr/libexec/valgrind/vgpreload_memcheck-amd64-linux.so)
==76769==    by 0x723DE9: __mn_alloc (in /mnt/c/Users/Juan/Documents/GitHub/Mapanare/mapanare/self/mnc-stage1)
==76769==    by 0x7249CE: __mn_str_concat (in /mnt/c/Users/Juan/Documents/GitHub/Mapanare/mapanare/self/mnc-stage1)
==76769==    by 0x41FA94: lexer__scan_ident (in /mnt/c/Users/Juan/Documents/GitHub/Mapanare/mapanare/self/mnc-stage1)
==76769==    by 0x6A8B5AF: ???
==76769==    by 0x8000000000000002: ???
==76769==    by 0x6A733D7: ???
==76769==    by 0x11: ???
==76769==    by 0x16: ???
==76769==    by 0x6A7751F: ???
==76769==    by 0x8000000000000000: ???
==76769==    by 0x11: ???
==76769==    by 0x188: ???
==76769== 
==76769== 5 bytes in 1 blocks are definitely lost in loss record 313 of 950
==76769==    at 0x484D953: calloc (in /usr/libexec/valgrind/vgpreload_memcheck-amd64-linux.so)
==76769==    by 0x723DE9: __mn_alloc (in /mnt/c/Users/Juan/Documents/GitHub/Mapanare/mapanare/self/mnc-stage1)
==76769==    by 0x7249CE: __mn_str_concat (in /mnt/c/Users/Juan/Documents/GitHub/Mapanare/mapanare/self/mnc-stage1)
==76769==    by 0x41FA94: lexer__scan_ident (in /mnt/c/Users/Juan/Documents/GitHub/Mapanare/mapanare/self/mnc-stage1)
==76769==    by 0x6A8C36F: ???
==76769==    by 0x8000000000000002: ???
==76769==    by 0x6A733D7: ???
==76769==    by 0x4: ???
==76769==    by 0x17: ???
==76769==    by 0x6A7751F: ???
==76769==    by 0x8000000000000000: ???
==76769==    by 0x4: ???
==76769==    by 0x19A: ???
==76769== 
==76769== 5 bytes in 1 blocks are definitely lost in loss record 314 of 950
==76769==    at 0x484D953: calloc (in /usr/libexec/valgrind/vgpreload_memcheck-amd64-linux.so)
==76769==    by 0x723DE9: __mn_alloc (in /mnt/c/Users/Juan/Documents/GitHub/Mapanare/mapanare/self/mnc-stage1)
==76769==    by 0x7249CE: __mn_str_concat (in /mnt/c/Users/Juan/Documents/GitHub/Mapanare/mapanare/self/mnc-stage1)
==76769==    by 0x41FA94: lexer__scan_ident (in /mnt/c/Users/Juan/Documents/GitHub/Mapanare/mapanare/self/mnc-stage1)
==76769==    by 0x6A8E25F: ???
==76769==    by 0x8000000000000002: ???
==76769==    by 0x6A733D7: ???
==76769==    by 0x17: ???
==76769==    by 0x1A: ???
==76769==    by 0x6A7751F: ???
==76769==    by 0x8000000000000000: ???
==76769==    by 0x17: ???
==76769==    by 0x1D1: ???
==76769== 
==76769== 5 bytes in 1 blocks are definitely lost in loss record 315 of 950
==76769==    at 0x484D953: calloc (in /usr/libexec/valgrind/vgpreload_memcheck-amd64-linux.so)
==76769==    by 0x723DE9: __mn_alloc (in /mnt/c/Users/Juan/Documents/GitHub/Mapanare/mapanare/self/mnc-stage1)
==76769==    by 0x7249CE: __mn_str_concat (in /mnt/c/Users/Juan/Documents/GitHub/Mapanare/mapanare/self/mnc-stage1)
==76769==    by 0x41FA94: lexer__scan_ident (in /mnt/c/Users/Juan/Documents/GitHub/Mapanare/mapanare/self/mnc-stage1)
==76769==    by 0x6A8EC0F: ???
==76769==    by 0x8000000000000002: ???
==76769==    by 0x6A733D7: ???
==76769==    by 0x23: ???
==76769==    by 0x1A: ???
==76769==    by 0x6A7751F: ???
==76769==    by 0x8000000000000000: ???
==76769==    by 0x23: ???
==76769==    by 0x1DD: ???
==76769== 
==76769== 5 bytes in 1 blocks are definitely lost in loss record 316 of 950
==76769==    at 0x484D953: calloc (in /usr/libexec/valgrind/vgpreload_memcheck-amd64-linux.so)
==76769==    by 0x723DE9: __mn_alloc (in /mnt/c/Users/Juan/Documents/GitHub/Mapanare/mapanare/self/mnc-stage1)
==76769==    by 0x7249CE: __mn_str_concat (in /mnt/c/Users/Juan/Documents/GitHub/Mapanare/mapanare/self/mnc-stage1)
==76769==    by 0x41FA94: lexer__scan_ident (in /mnt/c/Users/Juan/Documents/GitHub/Mapanare/mapanare/self/mnc-stage1)
==76769==    by 0x6A8F83F: ???
==76769==    by 0x8000000000000002: ???
==76769==    by 0x6A733D7: ???
==76769==    by 0x4: ???
==76769==    by 0x1B: ???
==76769==    by 0x6A7751F: ???
==76769==    by 0x8000000000000000: ???
==76769==    by 0x4: ???
==76769==    by 0x1F0: ???
==76769== 
==76769== 5 bytes in 1 blocks are definitely lost in loss record 317 of 950
==76769==    at 0x484D953: calloc (in /usr/libexec/valgrind/vgpreload_memcheck-amd64-linux.so)
==76769==    by 0x723DE9: __mn_alloc (in /mnt/c/Users/Juan/Documents/GitHub/Mapanare/mapanare/self/mnc-stage1)
==76769==    by 0x7249CE: __mn_str_concat (in /mnt/c/Users/Juan/Documents/GitHub/Mapanare/mapanare/self/mnc-stage1)
==76769==    by 0x41FA94: lexer__scan_ident (in /mnt/c/Users/Juan/Documents/GitHub/Mapanare/mapanare/self/mnc-stage1)
==76769==    by 0x6A9400F: ???
==76769==    by 0x8000000000000002: ???
==76769==    by 0x6A733D7: ???
==76769==    by 0xC: ???
==76769==    by 0x1B: ???
==76769==    by 0x6A7751F: ???
==76769==    by 0x8000000000000000: ???
==76769==    by 0xC: ???
==76769==    by 0x1F8: ???
==76769== 
==76769== 5 bytes in 1 blocks are definitely lost in loss record 318 of 950
==76769==    at 0x484D953: calloc (in /usr/libexec/valgrind/vgpreload_memcheck-amd64-linux.so)
==76769==    by 0x723DE9: __mn_alloc (in /mnt/c/Users/Juan/Documents/GitHub/Mapanare/mapanare/self/mnc-stage1)
==76769==    by 0x7245AB: __mn_str_from_parts (in /mnt/c/Users/Juan/Documents/GitHub/Mapanare/mapanare/self/mnc-stage1)
==76769==    by 0x5BD441: lower__lower_call_by_name (in /mnt/c/Users/Juan/Documents/GitHub/Mapanare/mapanare/self/mnc-stage1)
==76769==    by 0x5D6C010: ???
==76769==    by 0x7: ???
==76769==    by 0x6AB68FF: ???
==76769== 
==76769== 6 bytes in 1 blocks are indirectly lost in loss record 319 of 950
==76769==    at 0x484D953: calloc (in /usr/libexec/valgrind/vgpreload_memcheck-amd64-linux.so)
==76769==    by 0x723DE9: __mn_alloc (in /mnt/c/Users/Juan/Documents/GitHub/Mapanare/mapanare/self/mnc-stage1)
==76769==    by 0x7249CE: __mn_str_concat (in /mnt/c/Users/Juan/Documents/GitHub/Mapanare/mapanare/self/mnc-stage1)
==76769==    by 0x41FA94: lexer__scan_ident (in /mnt/c/Users/Juan/Documents/GitHub/Mapanare/mapanare/self/mnc-stage1)
==76769==    by 0x6A7C52F: ???
==76769==    by 0x8000000000000003: ???
==76769==    by 0x6A733D7: ???
==76769==    by 0x3: ???
==76769==    by 0x6: ???
==76769==    by 0x6A7751F: ???
==76769==    by 0x8000000000000000: ???
==76769==    by 0x3: ???
==76769==    by 0x7D: ???
==76769== 
==76769== 6 bytes in 1 blocks are indirectly lost in loss record 320 of 950
==76769==    at 0x484D953: calloc (in /usr/libexec/valgrind/vgpreload_memcheck-amd64-linux.so)
==76769==    by 0x723DE9: __mn_alloc (in /mnt/c/Users/Juan/Documents/GitHub/Mapanare/mapanare/self/mnc-stage1)
==76769==    by 0x7249CE: __mn_str_concat (in /mnt/c/Users/Juan/Documents/GitHub/Mapanare/mapanare/self/mnc-stage1)
==76769==    by 0x41FA94: lexer__scan_ident (in /mnt/c/Users/Juan/Documents/GitHub/Mapanare/mapanare/self/mnc-stage1)
==76769==    by 0x6A80B8F: ???
==76769==    by 0x8000000000000003: ???
==76769==    by 0x6A733D7: ???
==76769==    by 0x4: ???
==76769==    by 0xB: ???
==76769==    by 0x6A7751F: ???
==76769==    by 0x8000000000000000: ???
==76769==    by 0x4: ???
==76769==    by 0xC4: ???
==76769== 
==76769== 6 bytes in 1 blocks are indirectly lost in loss record 321 of 950
==76769==    at 0x484D953: calloc (in /usr/libexec/valgrind/vgpreload_memcheck-amd64-linux.so)
==76769==    by 0x723DE9: __mn_alloc (in /mnt/c/Users/Juan/Documents/GitHub/Mapanare/mapanare/self/mnc-stage1)
==76769==    by 0x7249CE: __mn_str_concat (in /mnt/c/Users/Juan/Documents/GitHub/Mapanare/mapanare/self/mnc-stage1)
==76769==    by 0x41FA94: lexer__scan_ident (in /mnt/c/Users/Juan/Documents/GitHub/Mapanare/mapanare/self/mnc-stage1)
==76769==    by 0x6A85F6F: ???
==76769==    by 0x8000000000000003: ???
==76769==    by 0x6A733D7: ???
==76769==    by 0x4: ???
==76769==    by 0x11: ???
==76769==    by 0x6A7751F: ???
==76769==    by 0x8000000000000000: ???
==76769==    by 0x4: ???
==76769==    by 0x10D: ???
==76769== 
==76769== 6 bytes in 1 blocks are indirectly lost in loss record 322 of 950
==76769==    at 0x484D953: calloc (in /usr/libexec/valgrind/vgpreload_memcheck-amd64-linux.so)
==76769==    by 0x723DE9: __mn_alloc (in /mnt/c/Users/Juan/Documents/GitHub/Mapanare/mapanare/self/mnc-stage1)
==76769==    by 0x7249CE: __mn_str_concat (in /mnt/c/Users/Juan/Documents/GitHub/Mapanare/mapanare/self/mnc-stage1)
==76769==    by 0x41FA94: lexer__scan_ident (in /mnt/c/Users/Juan/Documents/GitHub/Mapanare/mapanare/self/mnc-stage1)
==76769==    by 0x6A8803F: ???
==76769==    by 0x8000000000000003: ???
==76769==    by 0x6A733D7: ???
==76769==    by 0x4: ???
==76769==    by 0x13: ???
==76769==    by 0x6A7751F: ???
==76769==    by 0x8000000000000000: ???
==76769==    by 0x4: ???
==76769==    by 0x13B: ???
==76769== 
==76769== 6 bytes in 1 blocks are indirectly lost in loss record 323 of 950
==76769==    at 0x484D953: calloc (in /usr/libexec/valgrind/vgpreload_memcheck-amd64-linux.so)
==76769==    by 0x723DE9: __mn_alloc (in /mnt/c/Users/Juan/Documents/GitHub/Mapanare/mapanare/self/mnc-stage1)
==76769==    by 0x7249CE: __mn_str_concat (in /mnt/c/Users/Juan/Documents/GitHub/Mapanare/mapanare/self/mnc-stage1)
==76769==    by 0x4208EB: lexer__scan_string (in /mnt/c/Users/Juan/Documents/GitHub/Mapanare/mapanare/self/mnc-stage1)
==76769== 
==76769== 6 bytes in 1 blocks are indirectly lost in loss record 324 of 950
==76769==    at 0x484D953: calloc (in /usr/libexec/valgrind/vgpreload_memcheck-amd64-linux.so)
==76769==    by 0x723DE9: __mn_alloc (in /mnt/c/Users/Juan/Documents/GitHub/Mapanare/mapanare/self/mnc-stage1)
==76769==    by 0x7249CE: __mn_str_concat (in /mnt/c/Users/Juan/Documents/GitHub/Mapanare/mapanare/self/mnc-stage1)
==76769==    by 0x41FA94: lexer__scan_ident (in /mnt/c/Users/Juan/Documents/GitHub/Mapanare/mapanare/self/mnc-stage1)
==76769==    by 0x6A8A2EF: ???
==76769==    by 0x8000000000000003: ???
==76769==    by 0x6A733D7: ???
==76769==    by 0x4: ???
==76769==    by 0x15: ???
==76769==    by 0x6A7751F: ???
==76769==    by 0x8000000000000000: ???
==76769==    by 0x4: ???
==76769==    by 0x16E: ???
==76769== 
==76769== 6 bytes in 1 blocks are indirectly lost in loss record 325 of 950
==76769==    at 0x484D953: calloc (in /usr/libexec/valgrind/vgpreload_memcheck-amd64-linux.so)
==76769==    by 0x723DE9: __mn_alloc (in /mnt/c/Users/Juan/Documents/GitHub/Mapanare/mapanare/self/mnc-stage1)
==76769==    by 0x7249CE: __mn_str_concat (in /mnt/c/Users/Juan/Documents/GitHub/Mapanare/mapanare/self/mnc-stage1)
==76769==    by 0x41FA94: lexer__scan_ident (in /mnt/c/Users/Juan/Documents/GitHub/Mapanare/mapanare/self/mnc-stage1)
==76769==    by 0x6A8B64F: ???
==76769==    by 0x8000000000000003: ???
==76769==    by 0x6A733D7: ???
==76769==    by 0x11: ???
==76769==    by 0x16: ???
==76769==    by 0x6A7751F: ???
==76769==    by 0x8000000000000000: ???
==76769==    by 0x11: ???
==76769==    by 0x188: ???
==76769== 
==76769== 6 bytes in 1 blocks are indirectly lost in loss record 326 of 950
==76769==    at 0x484D953: calloc (in /usr/libexec/valgrind/vgpreload_memcheck-amd64-linux.so)
==76769==    by 0x723DE9: __mn_alloc (in /mnt/c/Users/Juan/Documents/GitHub/Mapanare/mapanare/self/mnc-stage1)
==76769==    by 0x7249CE: __mn_str_concat (in /mnt/c/Users/Juan/Documents/GitHub/Mapanare/mapanare/self/mnc-stage1)
==76769==    by 0x41FA94: lexer__scan_ident (in /mnt/c/Users/Juan/Documents/GitHub/Mapanare/mapanare/self/mnc-stage1)
==76769==    by 0x6A8C40F: ???
==76769==    by 0x8000000000000003: ???
==76769==    by 0x6A733D7: ???
==76769==    by 0x4: ???
==76769==    by 0x17: ???
==76769==    by 0x6A7751F: ???
==76769==    by 0x8000000000000000: ???
==76769==    by 0x4: ???
==76769==    by 0x19A: ???
==76769== 
==76769== 6 bytes in 1 blocks are indirectly lost in loss record 327 of 950
==76769==    at 0x484D953: calloc (in /usr/libexec/valgrind/vgpreload_memcheck-amd64-linux.so)
==76769==    by 0x723DE9: __mn_alloc (in /mnt/c/Users/Juan/Documents/GitHub/Mapanare/mapanare/self/mnc-stage1)
==76769==    by 0x7249CE: __mn_str_concat (in /mnt/c/Users/Juan/Documents/GitHub/Mapanare/mapanare/self/mnc-stage1)
==76769==    by 0x41FA94: lexer__scan_ident (in /mnt/c/Users/Juan/Documents/GitHub/Mapanare/mapanare/self/mnc-stage1)
==76769==    by 0x6A8E2FF: ???
==76769==    by 0x8000000000000003: ???
==76769==    by 0x6A733D7: ???
==76769==    by 0x17: ???
==76769==    by 0x1A: ???
==76769==    by 0x6A7751F: ???
==76769==    by 0x8000000000000000: ???
==76769==    by 0x17: ???
==76769==    by 0x1D1: ???
==76769== 
==76769== 6 bytes in 1 blocks are indirectly lost in loss record 328 of 950
==76769==    at 0x484D953: calloc (in /usr/libexec/valgrind/vgpreload_memcheck-amd64-linux.so)
==76769==    by 0x723DE9: __mn_alloc (in /mnt/c/Users/Juan/Documents/GitHub/Mapanare/mapanare/self/mnc-stage1)
==76769==    by 0x7249CE: __mn_str_concat (in /mnt/c/Users/Juan/Documents/GitHub/Mapanare/mapanare/self/mnc-stage1)
==76769==    by 0x41FA94: lexer__scan_ident (in /mnt/c/Users/Juan/Documents/GitHub/Mapanare/mapanare/self/mnc-stage1)
==76769==    by 0x6A8F8DF: ???
==76769==    by 0x8000000000000003: ???
==76769==    by 0x6A733D7: ???
==76769==    by 0x4: ???
==76769==    by 0x1B: ???
==76769==    by 0x6A7751F: ???
==76769==    by 0x8000000000000000: ???
==76769==    by 0x4: ???
==76769==    by 0x1F0: ???
==76769== 
==76769== 6 bytes in 1 blocks are indirectly lost in loss record 329 of 950
==76769==    at 0x484D953: calloc (in /usr/libexec/valgrind/vgpreload_memcheck-amd64-linux.so)
==76769==    by 0x723DE9: __mn_alloc (in /mnt/c/Users/Juan/Documents/GitHub/Mapanare/mapanare/self/mnc-stage1)
==76769==    by 0x7249CE: __mn_str_concat (in /mnt/c/Users/Juan/Documents/GitHub/Mapanare/mapanare/self/mnc-stage1)
==76769==    by 0x41FA94: lexer__scan_ident (in /mnt/c/Users/Juan/Documents/GitHub/Mapanare/mapanare/self/mnc-stage1)
==76769==    by 0x6A940AF: ???
==76769==    by 0x8000000000000003: ???
==76769==    by 0x6A733D7: ???
==76769==    by 0xC: ???
==76769==    by 0x1B: ???
==76769==    by 0x6A7751F: ???
==76769==    by 0x8000000000000000: ???
==76769==    by 0xC: ???
==76769==    by 0x1F8: ???
==76769== 
==76769== 6 bytes in 1 blocks are definitely lost in loss record 330 of 950
==76769==    at 0x484D953: calloc (in /usr/libexec/valgrind/vgpreload_memcheck-amd64-linux.so)
==76769==    by 0x723DE9: __mn_alloc (in /mnt/c/Users/Juan/Documents/GitHub/Mapanare/mapanare/self/mnc-stage1)
==76769==    by 0x7249CE: __mn_str_concat (in /mnt/c/Users/Juan/Documents/GitHub/Mapanare/mapanare/self/mnc-stage1)
==76769==    by 0x41FA94: lexer__scan_ident (in /mnt/c/Users/Juan/Documents/GitHub/Mapanare/mapanare/self/mnc-stage1)
==76769==    by 0x6A7980F: ???
==76769==    by 0x8000000000000003: ???
==76769==    by 0x6A733D7: ???
==76769==    by 0x3: ???
==76769==    by 0x2: ???
==76769==    by 0x6A7751F: ???
==76769==    by 0x8000000000000000: ???
==76769==    by 0x3: ???
==76769==    by 0x51: ???
==76769== 
==76769== 6 bytes in 1 blocks are definitely lost in loss record 331 of 950
==76769==    at 0x484D953: calloc (in /usr/libexec/valgrind/vgpreload_memcheck-amd64-linux.so)
==76769==    by 0x723DE9: __mn_alloc (in /mnt/c/Users/Juan/Documents/GitHub/Mapanare/mapanare/self/mnc-stage1)
==76769==    by 0x7249CE: __mn_str_concat (in /mnt/c/Users/Juan/Documents/GitHub/Mapanare/mapanare/self/mnc-stage1)
==76769==    by 0x41FA94: lexer__scan_ident (in /mnt/c/Users/Juan/Documents/GitHub/Mapanare/mapanare/self/mnc-stage1)
==76769==    by 0x6A7B1EF: ???
==76769==    by 0x8000000000000003: ???
==76769==    by 0x6A733D7: ???
==76769==    by 0x4: ???
==76769==    by 0x3: ???
==76769==    by 0x6A7751F: ???
==76769==    by 0x8000000000000000: ???
==76769==    by 0x4: ???
==76769==    by 0x6E: ???
==76769== 
==76769== 6 bytes in 1 blocks are definitely lost in loss record 332 of 950
==76769==    at 0x484D953: calloc (in /usr/libexec/valgrind/vgpreload_memcheck-amd64-linux.so)
==76769==    by 0x723DE9: __mn_alloc (in /mnt/c/Users/Juan/Documents/GitHub/Mapanare/mapanare/self/mnc-stage1)
==76769==    by 0x7249CE: __mn_str_concat (in /mnt/c/Users/Juan/Documents/GitHub/Mapanare/mapanare/self/mnc-stage1)
==76769==    by 0x41FA94: lexer__scan_ident (in /mnt/c/Users/Juan/Documents/GitHub/Mapanare/mapanare/self/mnc-stage1)
==76769==    by 0x6A7F19F: ???
==76769==    by 0x8000000000000003: ???
==76769==    by 0x6A733D7: ???
==76769==    by 0x4: ???
==76769==    by 0x7: ???
==76769==    by 0x6A7751F: ???
==76769==    by 0x8000000000000000: ???
==76769==    by 0x4: ???
==76769==    by 0xA0: ???
==76769== 
==76769== 6 bytes in 1 blocks are definitely lost in loss record 333 of 950
==76769==    at 0x484D953: calloc (in /usr/libexec/valgrind/vgpreload_memcheck-amd64-linux.so)
==76769==    by 0x723DE9: __mn_alloc (in /mnt/c/Users/Juan/Documents/GitHub/Mapanare/mapanare/self/mnc-stage1)
==76769==    by 0x7249CE: __mn_str_concat (in /mnt/c/Users/Juan/Documents/GitHub/Mapanare/mapanare/self/mnc-stage1)
==76769==    by 0x41FA94: lexer__scan_ident (in /mnt/c/Users/Juan/Documents/GitHub/Mapanare/mapanare/self/mnc-stage1)
==76769==    by 0x6A7FA0F: ???
==76769==    by 0x8000000000000003: ???
==76769==    by 0x6A733D7: ???
==76769== 
==76769== 6 bytes in 1 blocks are definitely lost in loss record 334 of 950
==76769==    at 0x484D953: calloc (in /usr/libexec/valgrind/vgpreload_memcheck-amd64-linux.so)
==76769==    by 0x723DE9: __mn_alloc (in /mnt/c/Users/Juan/Documents/GitHub/Mapanare/mapanare/self/mnc-stage1)
==76769==    by 0x7249CE: __mn_str_concat (in /mnt/c/Users/Juan/Documents/GitHub/Mapanare/mapanare/self/mnc-stage1)
==76769==    by 0x41FA94: lexer__scan_ident (in /mnt/c/Users/Juan/Documents/GitHub/Mapanare/mapanare/self/mnc-stage1)
==76769==    by 0x6A814EF: ???
==76769==    by 0x8000000000000003: ???
==76769==    by 0x6A733D7: ???
==76769==    by 0x4: ???
==76769==    by 0xC: ???
==76769==    by 0x6A7751F: ???
==76769==    by 0x8000000000000000: ???
==76769==    by 0x4: ???
==76769==    by 0xD2: ???
==76769== 
==76769== 6 bytes in 1 blocks are definitely lost in loss record 335 of 950
==76769==    at 0x484D953: calloc (in /usr/libexec/valgrind/vgpreload_memcheck-amd64-linux.so)
==76769==    by 0x723DE9: __mn_alloc (in /mnt/c/Users/Juan/Documents/GitHub/Mapanare/mapanare/self/mnc-stage1)
==76769==    by 0x7249CE: __mn_str_concat (in /mnt/c/Users/Juan/Documents/GitHub/Mapanare/mapanare/self/mnc-stage1)
==76769==    by 0x41FA94: lexer__scan_ident (in /mnt/c/Users/Juan/Documents/GitHub/Mapanare/mapanare/self/mnc-stage1)
==76769==    by 0x6A8333F: ???
==76769==    by 0x8000000000000003: ???
==76769==    by 0x6A733D7: ???
==76769==    by 0x11: ???
==76769==    by 0x10: ???
==76769==    by 0x6A7751F: ???
==76769==    by 0x8000000000000000: ???
==76769==    by 0x11: ???
==76769==    by 0xFC: ???
==76769== 
==76769== 6 bytes in 1 blocks are definitely lost in loss record 336 of 950
==76769==    at 0x484D953: calloc (in /usr/libexec/valgrind/vgpreload_memcheck-amd64-linux.so)
==76769==    by 0x723DE9: __mn_alloc (in /mnt/c/Users/Juan/Documents/GitHub/Mapanare/mapanare/self/mnc-stage1)
==76769==    by 0x7249CE: __mn_str_concat (in /mnt/c/Users/Juan/Documents/GitHub/Mapanare/mapanare/self/mnc-stage1)
==76769==    by 0x41FA94: lexer__scan_ident (in /mnt/c/Users/Juan/Documents/GitHub/Mapanare/mapanare/self/mnc-stage1)
==76769==    by 0x6A8736F: ???
==76769==    by 0x8000000000000003: ???
==76769==    by 0x6A733D7: ???
==76769==    by 0x12: ???
==76769==    by 0x12: ???
==76769==    by 0x6A7751F: ???
==76769==    by 0x8000000000000000: ???
==76769==    by 0x12: ???
==76769==    by 0x128: ???
==76769== 
==76769== 6 bytes in 1 blocks are definitely lost in loss record 337 of 950
==76769==    at 0x484D953: calloc (in /usr/libexec/valgrind/vgpreload_memcheck-amd64-linux.so)
==76769==    by 0x723DE9: __mn_alloc (in /mnt/c/Users/Juan/Documents/GitHub/Mapanare/mapanare/self/mnc-stage1)
==76769==    by 0x7249CE: __mn_str_concat (in /mnt/c/Users/Juan/Documents/GitHub/Mapanare/mapanare/self/mnc-stage1)
==76769==    by 0x41FA94: lexer__scan_ident (in /mnt/c/Users/Juan/Documents/GitHub/Mapanare/mapanare/self/mnc-stage1)
==76769==    by 0x6A88F3F: ???
==76769==    by 0x8000000000000003: ???
==76769==    by 0x6A733D7: ???
==76769==    by 0xB: ???
==76769==    by 0x14: ???
==76769==    by 0x6A7751F: ???
==76769==    by 0x8000000000000000: ???
==76769==    by 0xB: ???
==76769==    by 0x14F: ???
==76769== 
==76769== 6 bytes in 1 blocks are definitely lost in loss record 338 of 950
==76769==    at 0x484D953: calloc (in /usr/libexec/valgrind/vgpreload_memcheck-amd64-linux.so)
==76769==    by 0x723DE9: __mn_alloc (in /mnt/c/Users/Juan/Documents/GitHub/Mapanare/mapanare/self/mnc-stage1)
==76769==    by 0x7249CE: __mn_str_concat (in /mnt/c/Users/Juan/Documents/GitHub/Mapanare/mapanare/self/mnc-stage1)
==76769==    by 0x41FA94: lexer__scan_ident (in /mnt/c/Users/Juan/Documents/GitHub/Mapanare/mapanare/self/mnc-stage1)
==76769==    by 0x6A8957F: ???
==76769==    by 0x8000000000000003: ???
==76769==    by 0x6A733D7: ???
==76769==    by 0x14: ???
==76769==    by 0x14: ???
==76769==    by 0x6A7751F: ???
==76769==    by 0x8000000000000000: ???
==76769==    by 0x14: ???
==76769==    by 0x158: ???
==76769== 
==76769== 6 bytes in 1 blocks are definitely lost in loss record 339 of 950
==76769==    at 0x484D953: calloc (in /usr/libexec/valgrind/vgpreload_memcheck-amd64-linux.so)
==76769==    by 0x723DE9: __mn_alloc (in /mnt/c/Users/Juan/Documents/GitHub/Mapanare/mapanare/self/mnc-stage1)
==76769==    by 0x7249CE: __mn_str_concat (in /mnt/c/Users/Juan/Documents/GitHub/Mapanare/mapanare/self/mnc-stage1)
==76769==    by 0x41FA94: lexer__scan_ident (in /mnt/c/Users/Juan/Documents/GitHub/Mapanare/mapanare/self/mnc-stage1)
==76769==    by 0x6A8ECAF: ???
==76769==    by 0x8000000000000003: ???
==76769==    by 0x6A733D7: ???
==76769==    by 0x23: ???
==76769==    by 0x1A: ???
==76769==    by 0x6A7751F: ???
==76769==    by 0x8000000000000000: ???
==76769==    by 0x23: ???
==76769==    by 0x1DD: ???
==76769== 
==76769== 6 bytes in 1 blocks are definitely lost in loss record 340 of 950
==76769==    at 0x484D953: calloc (in /usr/libexec/valgrind/vgpreload_memcheck-amd64-linux.so)
==76769==    by 0x723DE9: __mn_alloc (in /mnt/c/Users/Juan/Documents/GitHub/Mapanare/mapanare/self/mnc-stage1)
==76769==    by 0x7249CE: __mn_str_concat (in /mnt/c/Users/Juan/Documents/GitHub/Mapanare/mapanare/self/mnc-stage1)
==76769==    by 0x69BA19: emit_llvm__register_mir_struct (in /mnt/c/Users/Juan/Documents/GitHub/Mapanare/mapanare/self/mnc-stage1)
==76769==    by 0x3F: ???
==76769== 
==76769== 6 bytes in 1 blocks are definitely lost in loss record 341 of 950
==76769==    at 0x484D953: calloc (in /usr/libexec/valgrind/vgpreload_memcheck-amd64-linux.so)
==76769==    by 0x723DE9: __mn_alloc (in /mnt/c/Users/Juan/Documents/GitHub/Mapanare/mapanare/self/mnc-stage1)
==76769==    by 0x7249CE: __mn_str_concat (in /mnt/c/Users/Juan/Documents/GitHub/Mapanare/mapanare/self/mnc-stage1)
==76769==    by 0x71C336: emit_llvm__emit_mir_function (in /mnt/c/Users/Juan/Documents/GitHub/Mapanare/mapanare/self/mnc-stage1)
==76769==    by 0x3F: ???
==76769== 
==76769== 6 bytes in 3 blocks are definitely lost in loss record 342 of 950
==76769==    at 0x484D953: calloc (in /usr/libexec/valgrind/vgpreload_memcheck-amd64-linux.so)
==76769==    by 0x723DE9: __mn_alloc (in /mnt/c/Users/Juan/Documents/GitHub/Mapanare/mapanare/self/mnc-stage1)
==76769==    by 0x7245AB: __mn_str_from_parts (in /mnt/c/Users/Juan/Documents/GitHub/Mapanare/mapanare/self/mnc-stage1)
==76769==    by 0x431688: parser__has_interpolation (in /mnt/c/Users/Juan/Documents/GitHub/Mapanare/mapanare/self/mnc-stage1)
==76769==    by 0x8000000000000000: ???
==76769==    by 0x580053FF: ??? (in /usr/libexec/valgrind/memcheck-amd64-linux)
==76769==    by 0x7: ???
==76769==    by 0x9: ???
==76769==    by 0xFF: ???
==76769==    by 0x85: ???
==76769==    by 0x8000000000000004: ???
==76769==    by 0x6A89CFF: ???
==76769==    by 0x6A8FB1F: ???
==76769==    by 0x432BDF: parser__parse_atom (in /mnt/c/Users/Juan/Documents/GitHub/Mapanare/mapanare/self/mnc-stage1)
==76769== 
==76769== 7 bytes in 1 blocks are indirectly lost in loss record 343 of 950
==76769==    at 0x484D953: calloc (in /usr/libexec/valgrind/vgpreload_memcheck-amd64-linux.so)
==76769==    by 0x723DE9: __mn_alloc (in /mnt/c/Users/Juan/Documents/GitHub/Mapanare/mapanare/self/mnc-stage1)
==76769==    by 0x7249CE: __mn_str_concat (in /mnt/c/Users/Juan/Documents/GitHub/Mapanare/mapanare/self/mnc-stage1)
==76769==    by 0x41FA94: lexer__scan_ident (in /mnt/c/Users/Juan/Documents/GitHub/Mapanare/mapanare/self/mnc-stage1)
==76769==    by 0x6A7B28F: ???
==76769==    by 0x8000000000000004: ???
==76769==    by 0x6A733D7: ???
==76769==    by 0x4: ???
==76769==    by 0x3: ???
==76769==    by 0x6A7751F: ???
==76769==    by 0x8000000000000000: ???
==76769==    by 0x4: ???
==76769==    by 0x6E: ???
==76769== 
==76769== 7 bytes in 1 blocks are indirectly lost in loss record 344 of 950
==76769==    at 0x484D953: calloc (in /usr/libexec/valgrind/vgpreload_memcheck-amd64-linux.so)
==76769==    by 0x723DE9: __mn_alloc (in /mnt/c/Users/Juan/Documents/GitHub/Mapanare/mapanare/self/mnc-stage1)
==76769==    by 0x7249CE: __mn_str_concat (in /mnt/c/Users/Juan/Documents/GitHub/Mapanare/mapanare/self/mnc-stage1)
==76769==    by 0x41FA94: lexer__scan_ident (in /mnt/c/Users/Juan/Documents/GitHub/Mapanare/mapanare/self/mnc-stage1)
==76769==    by 0x6A7F23F: ???
==76769==    by 0x8000000000000004: ???
==76769==    by 0x6A733D7: ???
==76769==    by 0x4: ???
==76769==    by 0x7: ???
==76769==    by 0x6A7751F: ???
==76769==    by 0x8000000000000000: ???
==76769==    by 0x4: ???
==76769==    by 0xA0: ???
==76769== 
==76769== 7 bytes in 1 blocks are indirectly lost in loss record 345 of 950
==76769==    at 0x484D953: calloc (in /usr/libexec/valgrind/vgpreload_memcheck-amd64-linux.so)
==76769==    by 0x723DE9: __mn_alloc (in /mnt/c/Users/Juan/Documents/GitHub/Mapanare/mapanare/self/mnc-stage1)
==76769==    by 0x7249CE: __mn_str_concat (in /mnt/c/Users/Juan/Documents/GitHub/Mapanare/mapanare/self/mnc-stage1)
==76769==    by 0x41FA94: lexer__scan_ident (in /mnt/c/Users/Juan/Documents/GitHub/Mapanare/mapanare/self/mnc-stage1)
==76769==    by 0x6A7FAAF: ???
==76769==    by 0x8000000000000004: ???
==76769==    by 0x6A733D7: ???
==76769== 
==76769== 7 bytes in 1 blocks are indirectly lost in loss record 346 of 950
==76769==    at 0x484D953: calloc (in /usr/libexec/valgrind/vgpreload_memcheck-amd64-linux.so)
==76769==    by 0x723DE9: __mn_alloc (in /mnt/c/Users/Juan/Documents/GitHub/Mapanare/mapanare/self/mnc-stage1)
==76769==    by 0x7249CE: __mn_str_concat (in /mnt/c/Users/Juan/Documents/GitHub/Mapanare/mapanare/self/mnc-stage1)
==76769==    by 0x41FA94: lexer__scan_ident (in /mnt/c/Users/Juan/Documents/GitHub/Mapanare/mapanare/self/mnc-stage1)
==76769==    by 0x6A8158F: ???
==76769==    by 0x8000000000000004: ???
==76769==    by 0x6A733D7: ???
==76769==    by 0x4: ???
==76769==    by 0xC: ???
==76769==    by 0x6A7751F: ???
==76769==    by 0x8000000000000000: ???
==76769==    by 0x4: ???
==76769==    by 0xD2: ???
==76769== 
==76769== 7 bytes in 1 blocks are indirectly lost in loss record 347 of 950
==76769==    at 0x484D953: calloc (in /usr/libexec/valgrind/vgpreload_memcheck-amd64-linux.so)
==76769==    by 0x723DE9: __mn_alloc (in /mnt/c/Users/Juan/Documents/GitHub/Mapanare/mapanare/self/mnc-stage1)
==76769==    by 0x7249CE: __mn_str_concat (in /mnt/c/Users/Juan/Documents/GitHub/Mapanare/mapanare/self/mnc-stage1)
==76769==    by 0x41FA94: lexer__scan_ident (in /mnt/c/Users/Juan/Documents/GitHub/Mapanare/mapanare/self/mnc-stage1)
==76769==    by 0x6A88FDF: ???
==76769==    by 0x8000000000000004: ???
==76769==    by 0x6A733D7: ???
==76769==    by 0xB: ???
==76769==    by 0x14: ???
==76769==    by 0x6A7751F: ???
==76769==    by 0x8000000000000000: ???
==76769==    by 0xB: ???
==76769==    by 0x14F: ???
==76769== 
==76769== 7 bytes in 1 blocks are indirectly lost in loss record 348 of 950
==76769==    at 0x484D953: calloc (in /usr/libexec/valgrind/vgpreload_memcheck-amd64-linux.so)
==76769==    by 0x723DE9: __mn_alloc (in /mnt/c/Users/Juan/Documents/GitHub/Mapanare/mapanare/self/mnc-stage1)
==76769==    by 0x7249CE: __mn_str_concat (in /mnt/c/Users/Juan/Documents/GitHub/Mapanare/mapanare/self/mnc-stage1)
==76769==    by 0x41FA94: lexer__scan_ident (in /mnt/c/Users/Juan/Documents/GitHub/Mapanare/mapanare/self/mnc-stage1)
==76769==    by 0x6A8ED4F: ???
==76769==    by 0x8000000000000004: ???
==76769==    by 0x6A733D7: ???
==76769==    by 0x23: ???
==76769==    by 0x1A: ???
==76769==    by 0x6A7751F: ???
==76769==    by 0x8000000000000000: ???
==76769==    by 0x23: ???
==76769==    by 0x1DD: ???
==76769== 
==76769== 7 bytes in 1 blocks are definitely lost in loss record 349 of 950
==76769==    at 0x484D953: calloc (in /usr/libexec/valgrind/vgpreload_memcheck-amd64-linux.so)
==76769==    by 0x723DE9: __mn_alloc (in /mnt/c/Users/Juan/Documents/GitHub/Mapanare/mapanare/self/mnc-stage1)
==76769==    by 0x7249CE: __mn_str_concat (in /mnt/c/Users/Juan/Documents/GitHub/Mapanare/mapanare/self/mnc-stage1)
==76769==    by 0x41FA94: lexer__scan_ident (in /mnt/c/Users/Juan/Documents/GitHub/Mapanare/mapanare/self/mnc-stage1)
==76769==    by 0x6A798AF: ???
==76769==    by 0x8000000000000004: ???
==76769==    by 0x6A733D7: ???
==76769==    by 0x3: ???
==76769==    by 0x2: ???
==76769==    by 0x6A7751F: ???
==76769==    by 0x8000000000000000: ???
==76769==    by 0x3: ???
==76769==    by 0x51: ???
==76769== 
==76769== 7 bytes in 1 blocks are definitely lost in loss record 350 of 950
==76769==    at 0x484D953: calloc (in /usr/libexec/valgrind/vgpreload_memcheck-amd64-linux.so)
==76769==    by 0x723DE9: __mn_alloc (in /mnt/c/Users/Juan/Documents/GitHub/Mapanare/mapanare/self/mnc-stage1)
==76769==    by 0x7249CE: __mn_str_concat (in /mnt/c/Users/Juan/Documents/GitHub/Mapanare/mapanare/self/mnc-stage1)
==76769==    by 0x41FA94: lexer__scan_ident (in /mnt/c/Users/Juan/Documents/GitHub/Mapanare/mapanare/self/mnc-stage1)
==76769==    by 0x6A833DF: ???
==76769==    by 0x8000000000000004: ???
==76769==    by 0x6A733D7: ???
==76769==    by 0x11: ???
==76769==    by 0x10: ???
==76769==    by 0x6A7751F: ???
==76769==    by 0x8000000000000000: ???
==76769==    by 0x11: ???
==76769==    by 0xFC: ???
==76769== 
==76769== 7 bytes in 1 blocks are definitely lost in loss record 351 of 950
==76769==    at 0x484D953: calloc (in /usr/libexec/valgrind/vgpreload_memcheck-amd64-linux.so)
==76769==    by 0x723DE9: __mn_alloc (in /mnt/c/Users/Juan/Documents/GitHub/Mapanare/mapanare/self/mnc-stage1)
==76769==    by 0x7249CE: __mn_str_concat (in /mnt/c/Users/Juan/Documents/GitHub/Mapanare/mapanare/self/mnc-stage1)
==76769==    by 0x41FA94: lexer__scan_ident (in /mnt/c/Users/Juan/Documents/GitHub/Mapanare/mapanare/self/mnc-stage1)
==76769==    by 0x6A8740F: ???
==76769==    by 0x8000000000000004: ???
==76769==    by 0x6A733D7: ???
==76769==    by 0x12: ???
==76769==    by 0x12: ???
==76769==    by 0x6A7751F: ???
==76769==    by 0x8000000000000000: ???
==76769==    by 0x12: ???
==76769==    by 0x128: ???
==76769== 
==76769== 7 bytes in 1 blocks are definitely lost in loss record 352 of 950
==76769==    at 0x484D953: calloc (in /usr/libexec/valgrind/vgpreload_memcheck-amd64-linux.so)
==76769==    by 0x723DE9: __mn_alloc (in /mnt/c/Users/Juan/Documents/GitHub/Mapanare/mapanare/self/mnc-stage1)
==76769==    by 0x7249CE: __mn_str_concat (in /mnt/c/Users/Juan/Documents/GitHub/Mapanare/mapanare/self/mnc-stage1)
==76769==    by 0x41FA94: lexer__scan_ident (in /mnt/c/Users/Juan/Documents/GitHub/Mapanare/mapanare/self/mnc-stage1)
==76769==    by 0x6A8961F: ???
==76769==    by 0x8000000000000004: ???
==76769==    by 0x6A733D7: ???
==76769==    by 0x14: ???
==76769==    by 0x14: ???
==76769==    by 0x6A7751F: ???
==76769==    by 0x8000000000000000: ???
==76769==    by 0x14: ???
==76769==    by 0x158: ???
==76769== 
==76769== 7 bytes in 1 blocks are definitely lost in loss record 353 of 950
==76769==    at 0x484D953: calloc (in /usr/libexec/valgrind/vgpreload_memcheck-amd64-linux.so)
==76769==    by 0x723DE9: __mn_alloc (in /mnt/c/Users/Juan/Documents/GitHub/Mapanare/mapanare/self/mnc-stage1)
==76769==    by 0x7249CE: __mn_str_concat (in /mnt/c/Users/Juan/Documents/GitHub/Mapanare/mapanare/self/mnc-stage1)
==76769==    by 0x71C361: emit_llvm__emit_mir_function (in /mnt/c/Users/Juan/Documents/GitHub/Mapanare/mapanare/self/mnc-stage1)
==76769==    by 0x3F: ???
==76769== 
==76769== 7 bytes in 1 blocks are definitely lost in loss record 354 of 950
==76769==    at 0x484D953: calloc (in /usr/libexec/valgrind/vgpreload_memcheck-amd64-linux.so)
==76769==    by 0x723DE9: __mn_alloc (in /mnt/c/Users/Juan/Documents/GitHub/Mapanare/mapanare/self/mnc-stage1)
==76769==    by 0x7249CE: __mn_str_concat (in /mnt/c/Users/Juan/Documents/GitHub/Mapanare/mapanare/self/mnc-stage1)
==76769==    by 0x6B66CA: emit_llvm__emit_struct_init (in /mnt/c/Users/Juan/Documents/GitHub/Mapanare/mapanare/self/mnc-stage1)
==76769==    by 0x3F: ???
==76769== 
==76769== 8 bytes in 1 blocks are definitely lost in loss record 355 of 950
==76769==    at 0x484D953: calloc (in /usr/libexec/valgrind/vgpreload_memcheck-amd64-linux.so)
==76769==    by 0x723DE9: __mn_alloc (in /mnt/c/Users/Juan/Documents/GitHub/Mapanare/mapanare/self/mnc-stage1)
==76769==    by 0x7249CE: __mn_str_concat (in /mnt/c/Users/Juan/Documents/GitHub/Mapanare/mapanare/self/mnc-stage1)
==76769==    by 0x41FA94: lexer__scan_ident (in /mnt/c/Users/Juan/Documents/GitHub/Mapanare/mapanare/self/mnc-stage1)
==76769==    by 0x6A7994F: ???
==76769==    by 0x8000000000000005: ???
==76769==    by 0x6A733D7: ???
==76769==    by 0x3: ???
==76769==    by 0x2: ???
==76769==    by 0x6A7751F: ???
==76769==    by 0x8000000000000000: ???
==76769==    by 0x3: ???
==76769==    by 0x51: ???
==76769== 
==76769== 8 bytes in 1 blocks are definitely lost in loss record 356 of 950
==76769==    at 0x484D953: calloc (in /usr/libexec/valgrind/vgpreload_memcheck-amd64-linux.so)
==76769==    by 0x723DE9: __mn_alloc (in /mnt/c/Users/Juan/Documents/GitHub/Mapanare/mapanare/self/mnc-stage1)
==76769==    by 0x7249CE: __mn_str_concat (in /mnt/c/Users/Juan/Documents/GitHub/Mapanare/mapanare/self/mnc-stage1)
==76769==    by 0x41FA94: lexer__scan_ident (in /mnt/c/Users/Juan/Documents/GitHub/Mapanare/mapanare/self/mnc-stage1)
==76769==    by 0x6A8347F: ???
==76769==    by 0x8000000000000005: ???
==76769==    by 0x6A733D7: ???
==76769==    by 0x11: ???
==76769==    by 0x10: ???
==76769==    by 0x6A7751F: ???
==76769==    by 0x8000000000000000: ???
==76769==    by 0x11: ???
==76769==    by 0xFC: ???
==76769== 
==76769== 8 bytes in 1 blocks are definitely lost in loss record 357 of 950
==76769==    at 0x484D953: calloc (in /usr/libexec/valgrind/vgpreload_memcheck-amd64-linux.so)
==76769==    by 0x723DE9: __mn_alloc (in /mnt/c/Users/Juan/Documents/GitHub/Mapanare/mapanare/self/mnc-stage1)
==76769==    by 0x7249CE: __mn_str_concat (in /mnt/c/Users/Juan/Documents/GitHub/Mapanare/mapanare/self/mnc-stage1)
==76769==    by 0x41FA94: lexer__scan_ident (in /mnt/c/Users/Juan/Documents/GitHub/Mapanare/mapanare/self/mnc-stage1)
==76769==    by 0x6A874AF: ???
==76769==    by 0x8000000000000005: ???
==76769==    by 0x6A733D7: ???
==76769==    by 0x12: ???
==76769==    by 0x12: ???
==76769==    by 0x6A7751F: ???
==76769==    by 0x8000000000000000: ???
==76769==    by 0x12: ???
==76769==    by 0x128: ???
==76769== 
==76769== 8 bytes in 1 blocks are definitely lost in loss record 358 of 950
==76769==    at 0x484D953: calloc (in /usr/libexec/valgrind/vgpreload_memcheck-amd64-linux.so)
==76769==    by 0x723DE9: __mn_alloc (in /mnt/c/Users/Juan/Documents/GitHub/Mapanare/mapanare/self/mnc-stage1)
==76769==    by 0x7249CE: __mn_str_concat (in /mnt/c/Users/Juan/Documents/GitHub/Mapanare/mapanare/self/mnc-stage1)
==76769==    by 0x41FA94: lexer__scan_ident (in /mnt/c/Users/Juan/Documents/GitHub/Mapanare/mapanare/self/mnc-stage1)
==76769==    by 0x6A896BF: ???
==76769==    by 0x8000000000000005: ???
==76769==    by 0x6A733D7: ???
==76769==    by 0x14: ???
==76769==    by 0x14: ???
==76769==    by 0x6A7751F: ???
==76769==    by 0x8000000000000000: ???
==76769==    by 0x14: ???
==76769==    by 0x158: ???
==76769== 
==76769== 8 bytes in 1 blocks are definitely lost in loss record 359 of 950
==76769==    at 0x484D953: calloc (in /usr/libexec/valgrind/vgpreload_memcheck-amd64-linux.so)
==76769==    by 0x723DE9: __mn_alloc (in /mnt/c/Users/Juan/Documents/GitHub/Mapanare/mapanare/self/mnc-stage1)
==76769==    by 0x7249CE: __mn_str_concat (in /mnt/c/Users/Juan/Documents/GitHub/Mapanare/mapanare/self/mnc-stage1)
==76769==    by 0x69BA2A: emit_llvm__register_mir_struct (in /mnt/c/Users/Juan/Documents/GitHub/Mapanare/mapanare/self/mnc-stage1)
==76769==    by 0x3F: ???
==76769== 
==76769== 8 bytes in 1 blocks are definitely lost in loss record 360 of 950
==76769==    at 0x484D953: calloc (in /usr/libexec/valgrind/vgpreload_memcheck-amd64-linux.so)
==76769==    by 0x723DE9: __mn_alloc (in /mnt/c/Users/Juan/Documents/GitHub/Mapanare/mapanare/self/mnc-stage1)
==76769==    by 0x7249CE: __mn_str_concat (in /mnt/c/Users/Juan/Documents/GitHub/Mapanare/mapanare/self/mnc-stage1)
==76769==    by 0x6AB936: emit_llvm__emit_const (in /mnt/c/Users/Juan/Documents/GitHub/Mapanare/mapanare/self/mnc-stage1)
==76769==    by 0x1: ???
==76769== 
==76769== 8 bytes in 1 blocks are definitely lost in loss record 361 of 950
==76769==    at 0x484D953: calloc (in /usr/libexec/valgrind/vgpreload_memcheck-amd64-linux.so)
==76769==    by 0x723DE9: __mn_alloc (in /mnt/c/Users/Juan/Documents/GitHub/Mapanare/mapanare/self/mnc-stage1)
==76769==    by 0x7249CE: __mn_str_concat (in /mnt/c/Users/Juan/Documents/GitHub/Mapanare/mapanare/self/mnc-stage1)
==76769==    by 0x6B6709: emit_llvm__emit_struct_init (in /mnt/c/Users/Juan/Documents/GitHub/Mapanare/mapanare/self/mnc-stage1)
==76769==    by 0x3F: ???
==76769== 
==76769== 8 bytes in 4 blocks are definitely lost in loss record 362 of 950
==76769==    at 0x484D953: calloc (in /usr/libexec/valgrind/vgpreload_memcheck-amd64-linux.so)
==76769==    by 0x723DE9: __mn_alloc (in /mnt/c/Users/Juan/Documents/GitHub/Mapanare/mapanare/self/mnc-stage1)
==76769==    by 0x7245AB: __mn_str_from_parts (in /mnt/c/Users/Juan/Documents/GitHub/Mapanare/mapanare/self/mnc-stage1)
==76769==    by 0x42002C: lexer__scan_number (in /mnt/c/Users/Juan/Documents/GitHub/Mapanare/mapanare/self/mnc-stage1)
==76769==    by 0x73C56F: ??? (in /mnt/c/Users/Juan/Documents/GitHub/Mapanare/mapanare/self/mnc-stage1)
==76769==    by 0x6A73257: ???
==76769== 
==76769== 8 bytes in 4 blocks are definitely lost in loss record 363 of 950
==76769==    at 0x484D953: calloc (in /usr/libexec/valgrind/vgpreload_memcheck-amd64-linux.so)
==76769==    by 0x723DE9: __mn_alloc (in /mnt/c/Users/Juan/Documents/GitHub/Mapanare/mapanare/self/mnc-stage1)
==76769==    by 0x7245AB: __mn_str_from_parts (in /mnt/c/Users/Juan/Documents/GitHub/Mapanare/mapanare/self/mnc-stage1)
==76769==    by 0x420082: lexer__scan_number (in /mnt/c/Users/Juan/Documents/GitHub/Mapanare/mapanare/self/mnc-stage1)
==76769==    by 0x73C56F: ??? (in /mnt/c/Users/Juan/Documents/GitHub/Mapanare/mapanare/self/mnc-stage1)
==76769==    by 0x6A73257: ???
==76769== 
==76769== 9 bytes in 1 blocks are indirectly lost in loss record 364 of 950
==76769==    at 0x484D953: calloc (in /usr/libexec/valgrind/vgpreload_memcheck-amd64-linux.so)
==76769==    by 0x723DE9: __mn_alloc (in /mnt/c/Users/Juan/Documents/GitHub/Mapanare/mapanare/self/mnc-stage1)
==76769==    by 0x7249CE: __mn_str_concat (in /mnt/c/Users/Juan/Documents/GitHub/Mapanare/mapanare/self/mnc-stage1)
==76769==    by 0x41FA94: lexer__scan_ident (in /mnt/c/Users/Juan/Documents/GitHub/Mapanare/mapanare/self/mnc-stage1)
==76769==    by 0x6A799EF: ???
==76769==    by 0x8000000000000006: ???
==76769==    by 0x6A733D7: ???
==76769==    by 0x3: ???
==76769==    by 0x2: ???
==76769==    by 0x6A7751F: ???
==76769==    by 0x8000000000000000: ???
==76769==    by 0x3: ???
==76769==    by 0x51: ???
==76769== 
==76769== 9 bytes in 1 blocks are indirectly lost in loss record 365 of 950
==76769==    at 0x484D953: calloc (in /usr/libexec/valgrind/vgpreload_memcheck-amd64-linux.so)
==76769==    by 0x723DE9: __mn_alloc (in /mnt/c/Users/Juan/Documents/GitHub/Mapanare/mapanare/self/mnc-stage1)
==76769==    by 0x7249CE: __mn_str_concat (in /mnt/c/Users/Juan/Documents/GitHub/Mapanare/mapanare/self/mnc-stage1)
==76769==    by 0x41FA94: lexer__scan_ident (in /mnt/c/Users/Juan/Documents/GitHub/Mapanare/mapanare/self/mnc-stage1)
==76769==    by 0x6A8351F: ???
==76769==    by 0x8000000000000006: ???
==76769==    by 0x6A733D7: ???
==76769==    by 0x11: ???
==76769==    by 0x10: ???
==76769==    by 0x6A7751F: ???
==76769==    by 0x8000000000000000: ???
==76769==    by 0x11: ???
==76769==    by 0xFC: ???
==76769== 
==76769== 9 bytes in 1 blocks are indirectly lost in loss record 366 of 950
==76769==    at 0x484D953: calloc (in /usr/libexec/valgrind/vgpreload_memcheck-amd64-linux.so)
==76769==    by 0x723DE9: __mn_alloc (in /mnt/c/Users/Juan/Documents/GitHub/Mapanare/mapanare/self/mnc-stage1)
==76769==    by 0x7249CE: __mn_str_concat (in /mnt/c/Users/Juan/Documents/GitHub/Mapanare/mapanare/self/mnc-stage1)
==76769==    by 0x41FA94: lexer__scan_ident (in /mnt/c/Users/Juan/Documents/GitHub/Mapanare/mapanare/self/mnc-stage1)
==76769==    by 0x6A8754F: ???
==76769==    by 0x8000000000000006: ???
==76769==    by 0x6A733D7: ???
==76769==    by 0x12: ???
==76769==    by 0x12: ???
==76769==    by 0x6A7751F: ???
==76769==    by 0x8000000000000000: ???
==76769==    by 0x12: ???
==76769==    by 0x128: ???
==76769== 
==76769== 9 bytes in 1 blocks are indirectly lost in loss record 367 of 950
==76769==    at 0x484D953: calloc (in /usr/libexec/valgrind/vgpreload_memcheck-amd64-linux.so)
==76769==    by 0x723DE9: __mn_alloc (in /mnt/c/Users/Juan/Documents/GitHub/Mapanare/mapanare/self/mnc-stage1)
==76769==    by 0x7249CE: __mn_str_concat (in /mnt/c/Users/Juan/Documents/GitHub/Mapanare/mapanare/self/mnc-stage1)
==76769==    by 0x41FA94: lexer__scan_ident (in /mnt/c/Users/Juan/Documents/GitHub/Mapanare/mapanare/self/mnc-stage1)
==76769==    by 0x6A8975F: ???
==76769==    by 0x8000000000000006: ???
==76769==    by 0x6A733D7: ???
==76769==    by 0x14: ???
==76769==    by 0x14: ???
==76769==    by 0x6A7751F: ???
==76769==    by 0x8000000000000000: ???
==76769==    by 0x14: ???
==76769==    by 0x158: ???
==76769== 
==76769== 9 bytes in 1 blocks are indirectly lost in loss record 368 of 950
==76769==    at 0x484D953: calloc (in /usr/libexec/valgrind/vgpreload_memcheck-amd64-linux.so)
==76769==    by 0x723DE9: __mn_alloc (in /mnt/c/Users/Juan/Documents/GitHub/Mapanare/mapanare/self/mnc-stage1)
==76769==    by 0x7249CE: __mn_str_concat (in /mnt/c/Users/Juan/Documents/GitHub/Mapanare/mapanare/self/mnc-stage1)
==76769==    by 0x4EBE52: lower__lower_let (in /mnt/c/Users/Juan/Documents/GitHub/Mapanare/mapanare/self/mnc-stage1)
==76769==    by 0x3: ???
==76769== 
==76769== 9 bytes in 1 blocks are definitely lost in loss record 369 of 950
==76769==    at 0x484D953: calloc (in /usr/libexec/valgrind/vgpreload_memcheck-amd64-linux.so)
==76769==    by 0x723DE9: __mn_alloc (in /mnt/c/Users/Juan/Documents/GitHub/Mapanare/mapanare/self/mnc-stage1)
==76769==    by 0x7249CE: __mn_str_concat (in /mnt/c/Users/Juan/Documents/GitHub/Mapanare/mapanare/self/mnc-stage1)
==76769==    by 0x6AB780: emit_llvm__emit_const (in /mnt/c/Users/Juan/Documents/GitHub/Mapanare/mapanare/self/mnc-stage1)
==76769==    by 0x1: ???
==76769== 
==76769== 10 bytes in 1 blocks are indirectly lost in loss record 370 of 950
==76769==    at 0x484D953: calloc (in /usr/libexec/valgrind/vgpreload_memcheck-amd64-linux.so)
==76769==    by 0x723DE9: __mn_alloc (in /mnt/c/Users/Juan/Documents/GitHub/Mapanare/mapanare/self/mnc-stage1)
==76769==    by 0x7249CE: __mn_str_concat (in /mnt/c/Users/Juan/Documents/GitHub/Mapanare/mapanare/self/mnc-stage1)
==76769==    by 0x4B783B: lower__register_definition (in /mnt/c/Users/Juan/Documents/GitHub/Mapanare/mapanare/self/mnc-stage1)
==76769== 
==76769== 10 bytes in 1 blocks are indirectly lost in loss record 371 of 950
==76769==    at 0x484D953: calloc (in /usr/libexec/valgrind/vgpreload_memcheck-amd64-linux.so)
==76769==    by 0x723DE9: __mn_alloc (in /mnt/c/Users/Juan/Documents/GitHub/Mapanare/mapanare/self/mnc-stage1)
==76769==    by 0x7249CE: __mn_str_concat (in /mnt/c/Users/Juan/Documents/GitHub/Mapanare/mapanare/self/mnc-stage1)
==76769==    by 0x4EBE52: lower__lower_let (in /mnt/c/Users/Juan/Documents/GitHub/Mapanare/mapanare/self/mnc-stage1)
==76769==    by 0x5: ???
==76769== 
==76769== 10 bytes in 1 blocks are indirectly lost in loss record 372 of 950
==76769==    at 0x484D953: calloc (in /usr/libexec/valgrind/vgpreload_memcheck-amd64-linux.so)
==76769==    by 0x723DE9: __mn_alloc (in /mnt/c/Users/Juan/Documents/GitHub/Mapanare/mapanare/self/mnc-stage1)
==76769==    by 0x7249CE: __mn_str_concat (in /mnt/c/Users/Juan/Documents/GitHub/Mapanare/mapanare/self/mnc-stage1)
==76769==    by 0x4EBE52: lower__lower_let (in /mnt/c/Users/Juan/Documents/GitHub/Mapanare/mapanare/self/mnc-stage1)
==76769==    by 0x800000000000000D: ???
==76769== 
==76769== 10 bytes in 1 blocks are definitely lost in loss record 373 of 950
==76769==    at 0x484D953: calloc (in /usr/libexec/valgrind/vgpreload_memcheck-amd64-linux.so)
==76769==    by 0x723DE9: __mn_alloc (in /mnt/c/Users/Juan/Documents/GitHub/Mapanare/mapanare/self/mnc-stage1)
==76769==    by 0x7249CE: __mn_str_concat (in /mnt/c/Users/Juan/Documents/GitHub/Mapanare/mapanare/self/mnc-stage1)
==76769==    by 0x58CED4: lower__mangle_generic_name (in /mnt/c/Users/Juan/Documents/GitHub/Mapanare/mapanare/self/mnc-stage1)
==76769==    by 0x1: ???
==76769==    by 0x7: ???
==76769==    by 0x3F: ???
==76769==    by 0x8000000000000005: ???
==76769==    by 0x6AC4B5F: ???
==76769==    by 0x3F: ???
==76769== 
==76769== 10 bytes in 1 blocks are definitely lost in loss record 374 of 950
==76769==    at 0x484D953: calloc (in /usr/libexec/valgrind/vgpreload_memcheck-amd64-linux.so)
==76769==    by 0x723DE9: __mn_alloc (in /mnt/c/Users/Juan/Documents/GitHub/Mapanare/mapanare/self/mnc-stage1)
==76769==    by 0x7249CE: __mn_str_concat (in /mnt/c/Users/Juan/Documents/GitHub/Mapanare/mapanare/self/mnc-stage1)
==76769==    by 0x6B6734: emit_llvm__emit_struct_init (in /mnt/c/Users/Juan/Documents/GitHub/Mapanare/mapanare/self/mnc-stage1)
==76769==    by 0x3F: ???
==76769== 
==76769== 10 bytes in 5 blocks are definitely lost in loss record 375 of 950
==76769==    at 0x484D953: calloc (in /usr/libexec/valgrind/vgpreload_memcheck-amd64-linux.so)
==76769==    by 0x723DE9: __mn_alloc (in /mnt/c/Users/Juan/Documents/GitHub/Mapanare/mapanare/self/mnc-stage1)
==76769==    by 0x7245AB: __mn_str_from_parts (in /mnt/c/Users/Juan/Documents/GitHub/Mapanare/mapanare/self/mnc-stage1)
==76769==    by 0x42094C: lexer__scan_string (in /mnt/c/Users/Juan/Documents/GitHub/Mapanare/mapanare/self/mnc-stage1)
==76769== 
==76769== 11 bytes in 1 blocks are indirectly lost in loss record 376 of 950
==76769==    at 0x484D953: calloc (in /usr/libexec/valgrind/vgpreload_memcheck-amd64-linux.so)
==76769==    by 0x723DE9: __mn_alloc (in /mnt/c/Users/Juan/Documents/GitHub/Mapanare/mapanare/self/mnc-stage1)
==76769==    by 0x7249CE: __mn_str_concat (in /mnt/c/Users/Juan/Documents/GitHub/Mapanare/mapanare/self/mnc-stage1)
==76769==    by 0x432838: parser__parse_struct_construct (in /mnt/c/Users/Juan/Documents/GitHub/Mapanare/mapanare/self/mnc-stage1)
==76769== 
==76769== 11 bytes in 1 blocks are indirectly lost in loss record 377 of 950
==76769==    at 0x484D953: calloc (in /usr/libexec/valgrind/vgpreload_memcheck-amd64-linux.so)
==76769==    by 0x723DE9: __mn_alloc (in /mnt/c/Users/Juan/Documents/GitHub/Mapanare/mapanare/self/mnc-stage1)
==76769==    by 0x7249CE: __mn_str_concat (in /mnt/c/Users/Juan/Documents/GitHub/Mapanare/mapanare/self/mnc-stage1)
==76769==    by 0x47908A: semantic__register_def (in /mnt/c/Users/Juan/Documents/GitHub/Mapanare/mapanare/self/mnc-stage1)
==76769== 
==76769== 11 bytes in 1 blocks are definitely lost in loss record 378 of 950
==76769==    at 0x484D953: calloc (in /usr/libexec/valgrind/vgpreload_memcheck-amd64-linux.so)
==76769==    by 0x723DE9: __mn_alloc (in /mnt/c/Users/Juan/Documents/GitHub/Mapanare/mapanare/self/mnc-stage1)
==76769==    by 0x7249CE: __mn_str_concat (in /mnt/c/Users/Juan/Documents/GitHub/Mapanare/mapanare/self/mnc-stage1)
==76769==    by 0x414BE5: dedup_definitions (in /mnt/c/Users/Juan/Documents/GitHub/Mapanare/mapanare/self/mnc-stage1)
==76769==    by 0x9: ???
==76769==    by 0x1: ???
==76769==    by 0x1: ???
==76769== 
==76769== 11 bytes in 1 blocks are definitely lost in loss record 379 of 950
==76769==    at 0x484D953: calloc (in /usr/libexec/valgrind/vgpreload_memcheck-amd64-linux.so)
==76769==    by 0x723DE9: __mn_alloc (in /mnt/c/Users/Juan/Documents/GitHub/Mapanare/mapanare/self/mnc-stage1)
==76769==    by 0x7249CE: __mn_str_concat (in /mnt/c/Users/Juan/Documents/GitHub/Mapanare/mapanare/self/mnc-stage1)
==76769==    by 0x414BE5: dedup_definitions (in /mnt/c/Users/Juan/Documents/GitHub/Mapanare/mapanare/self/mnc-stage1)
==76769==    by 0x9: ???
==76769==    by 0x2: ???
==76769==    by 0x2: ???
==76769== 
==76769== 11 bytes in 1 blocks are definitely lost in loss record 380 of 950
==76769==    at 0x484D953: calloc (in /usr/libexec/valgrind/vgpreload_memcheck-amd64-linux.so)
==76769==    by 0x723DE9: __mn_alloc (in /mnt/c/Users/Juan/Documents/GitHub/Mapanare/mapanare/self/mnc-stage1)
==76769==    by 0x7249CE: __mn_str_concat (in /mnt/c/Users/Juan/Documents/GitHub/Mapanare/mapanare/self/mnc-stage1)
==76769==    by 0x58CED4: lower__mangle_generic_name (in /mnt/c/Users/Juan/Documents/GitHub/Mapanare/mapanare/self/mnc-stage1)
==76769==    by 0x1: ???
==76769==    by 0x7: ???
==76769==    by 0x3F: ???
==76769==    by 0x8000000000000006: ???
==76769==    by 0x6AC179F: ???
==76769== 
==76769== 11 bytes in 1 blocks are definitely lost in loss record 381 of 950
==76769==    at 0x484D953: calloc (in /usr/libexec/valgrind/vgpreload_memcheck-amd64-linux.so)
==76769==    by 0x723DE9: __mn_alloc (in /mnt/c/Users/Juan/Documents/GitHub/Mapanare/mapanare/self/mnc-stage1)
==76769==    by 0x7249CE: __mn_str_concat (in /mnt/c/Users/Juan/Documents/GitHub/Mapanare/mapanare/self/mnc-stage1)
==76769==    by 0x58CF5D: lower__mangle_generic_name (in /mnt/c/Users/Juan/Documents/GitHub/Mapanare/mapanare/self/mnc-stage1)
==76769==    by 0x1: ???
==76769==    by 0x7: ???
==76769==    by 0x3F: ???
==76769==    by 0x8000000000000005: ???
==76769==    by 0x6AC4B5F: ???
==76769==    by 0x3F: ???
==76769== 
==76769== 12 bytes in 1 blocks are indirectly lost in loss record 382 of 950
==76769==    at 0x484D953: calloc (in /usr/libexec/valgrind/vgpreload_memcheck-amd64-linux.so)
==76769==    by 0x723DE9: __mn_alloc (in /mnt/c/Users/Juan/Documents/GitHub/Mapanare/mapanare/self/mnc-stage1)
==76769==    by 0x7249CE: __mn_str_concat (in /mnt/c/Users/Juan/Documents/GitHub/Mapanare/mapanare/self/mnc-stage1)
==76769==    by 0x4B77F3: lower__register_definition (in /mnt/c/Users/Juan/Documents/GitHub/Mapanare/mapanare/self/mnc-stage1)
==76769== 
==76769== 12 bytes in 1 blocks are indirectly lost in loss record 383 of 950
==76769==    at 0x484D953: calloc (in /usr/libexec/valgrind/vgpreload_memcheck-amd64-linux.so)
==76769==    by 0x723DE9: __mn_alloc (in /mnt/c/Users/Juan/Documents/GitHub/Mapanare/mapanare/self/mnc-stage1)
==76769==    by 0x7249CE: __mn_str_concat (in /mnt/c/Users/Juan/Documents/GitHub/Mapanare/mapanare/self/mnc-stage1)
==76769==    by 0x69BB34: emit_llvm__register_mir_struct (in /mnt/c/Users/Juan/Documents/GitHub/Mapanare/mapanare/self/mnc-stage1)
==76769==    by 0x3F: ???
==76769== 
==76769== 12 bytes in 1 blocks are definitely lost in loss record 384 of 950
==76769==    at 0x484D953: calloc (in /usr/libexec/valgrind/vgpreload_memcheck-amd64-linux.so)
==76769==    by 0x723DE9: __mn_alloc (in /mnt/c/Users/Juan/Documents/GitHub/Mapanare/mapanare/self/mnc-stage1)
==76769==    by 0x7249CE: __mn_str_concat (in /mnt/c/Users/Juan/Documents/GitHub/Mapanare/mapanare/self/mnc-stage1)
==76769==    by 0x58CF5D: lower__mangle_generic_name (in /mnt/c/Users/Juan/Documents/GitHub/Mapanare/mapanare/self/mnc-stage1)
==76769==    by 0x1: ???
==76769==    by 0x7: ???
==76769==    by 0x3F: ???
==76769==    by 0x8000000000000006: ???
==76769==    by 0x6AC179F: ???
==76769== 
==76769== 12 bytes in 1 blocks are definitely lost in loss record 385 of 950
==76769==    at 0x484D953: calloc (in /usr/libexec/valgrind/vgpreload_memcheck-amd64-linux.so)
==76769==    by 0x723DE9: __mn_alloc (in /mnt/c/Users/Juan/Documents/GitHub/Mapanare/mapanare/self/mnc-stage1)
==76769==    by 0x7245AB: __mn_str_from_parts (in /mnt/c/Users/Juan/Documents/GitHub/Mapanare/mapanare/self/mnc-stage1)
==76769==    by 0x416CF9: compile (in /mnt/c/Users/Juan/Documents/GitHub/Mapanare/mapanare/self/mnc-stage1)
==76769== 
==76769== 12 bytes in 3 blocks are definitely lost in loss record 386 of 950
==76769==    at 0x484D953: calloc (in /usr/libexec/valgrind/vgpreload_memcheck-amd64-linux.so)
==76769==    by 0x723DE9: __mn_alloc (in /mnt/c/Users/Juan/Documents/GitHub/Mapanare/mapanare/self/mnc-stage1)
==76769==    by 0x7249CE: __mn_str_concat (in /mnt/c/Users/Juan/Documents/GitHub/Mapanare/mapanare/self/mnc-stage1)
==76769==    by 0x4208EB: lexer__scan_string (in /mnt/c/Users/Juan/Documents/GitHub/Mapanare/mapanare/self/mnc-stage1)
==76769== 
==76769== 14 bytes in 1 blocks are indirectly lost in loss record 387 of 950
==76769==    at 0x484D953: calloc (in /usr/libexec/valgrind/vgpreload_memcheck-amd64-linux.so)
==76769==    by 0x723DE9: __mn_alloc (in /mnt/c/Users/Juan/Documents/GitHub/Mapanare/mapanare/self/mnc-stage1)
==76769==    by 0x7249CE: __mn_str_concat (in /mnt/c/Users/Juan/Documents/GitHub/Mapanare/mapanare/self/mnc-stage1)
==76769==    by 0x68C32B: emit_llvm__build_internal_struct_list (in /mnt/c/Users/Juan/Documents/GitHub/Mapanare/mapanare/self/mnc-stage1)
==76769==    by 0x1: ???
==76769==    by 0x7: ???
==76769==    by 0x6ACF3DF: ???
==76769==    by 0x7: ???
==76769==    by 0xF: ???
==76769== 
==76769== 14 bytes in 3 blocks are indirectly lost in loss record 388 of 950
==76769==    at 0x484D953: calloc (in /usr/libexec/valgrind/vgpreload_memcheck-amd64-linux.so)
==76769==    by 0x723DE9: __mn_alloc (in /mnt/c/Users/Juan/Documents/GitHub/Mapanare/mapanare/self/mnc-stage1)
==76769==    by 0x7249CE: __mn_str_concat (in /mnt/c/Users/Juan/Documents/GitHub/Mapanare/mapanare/self/mnc-stage1)
==76769==    by 0x499B12: lower_state__fresh_tmp (in /mnt/c/Users/Juan/Documents/GitHub/Mapanare/mapanare/self/mnc-stage1)
==76769==    by 0x1000000000000: ???
==76769==    by 0x6AB581F: ???
==76769==    by 0x73ECC7: ??? (in /mnt/c/Users/Juan/Documents/GitHub/Mapanare/mapanare/self/mnc-stage1)
==76769== 
==76769== 15 bytes in 1 blocks are indirectly lost in loss record 389 of 950
==76769==    at 0x484D953: calloc (in /usr/libexec/valgrind/vgpreload_memcheck-amd64-linux.so)
==76769==    by 0x723DE9: __mn_alloc (in /mnt/c/Users/Juan/Documents/GitHub/Mapanare/mapanare/self/mnc-stage1)
==76769==    by 0x7249CE: __mn_str_concat (in /mnt/c/Users/Juan/Documents/GitHub/Mapanare/mapanare/self/mnc-stage1)
==76769==    by 0x58CED4: lower__mangle_generic_name (in /mnt/c/Users/Juan/Documents/GitHub/Mapanare/mapanare/self/mnc-stage1)
==76769==    by 0x1: ???
==76769==    by 0x7: ???
==76769==    by 0x3F: ???
==76769==    by 0x8000000000000006: ???
==76769==    by 0x6AC179F: ???
==76769== 
==76769== 15 bytes in 1 blocks are indirectly lost in loss record 390 of 950
==76769==    at 0x484D953: calloc (in /usr/libexec/valgrind/vgpreload_memcheck-amd64-linux.so)
==76769==    by 0x723DE9: __mn_alloc (in /mnt/c/Users/Juan/Documents/GitHub/Mapanare/mapanare/self/mnc-stage1)
==76769==    by 0x7249CE: __mn_str_concat (in /mnt/c/Users/Juan/Documents/GitHub/Mapanare/mapanare/self/mnc-stage1)
==76769==    by 0x58CED4: lower__mangle_generic_name (in /mnt/c/Users/Juan/Documents/GitHub/Mapanare/mapanare/self/mnc-stage1)
==76769==    by 0x1: ???
==76769==    by 0x7: ???
==76769==    by 0x3F: ???
==76769==    by 0x8000000000000005: ???
==76769==    by 0x6AC4B5F: ???
==76769==    by 0x3F: ???
==76769== 
==76769== 15 bytes in 5 blocks are indirectly lost in loss record 391 of 950
==76769==    at 0x484D953: calloc (in /usr/libexec/valgrind/vgpreload_memcheck-amd64-linux.so)
==76769==    by 0x723DE9: __mn_alloc (in /mnt/c/Users/Juan/Documents/GitHub/Mapanare/mapanare/self/mnc-stage1)
==76769==    by 0x7249CE: __mn_str_concat (in /mnt/c/Users/Juan/Documents/GitHub/Mapanare/mapanare/self/mnc-stage1)
==76769==    by 0x4CE559: lower__bind_fn_params (in /mnt/c/Users/Juan/Documents/GitHub/Mapanare/mapanare/self/mnc-stage1)
==76769== 
==76769== 15 bytes in 1 blocks are definitely lost in loss record 392 of 950
==76769==    at 0x484D953: calloc (in /usr/libexec/valgrind/vgpreload_memcheck-amd64-linux.so)
==76769==    by 0x723DE9: __mn_alloc (in /mnt/c/Users/Juan/Documents/GitHub/Mapanare/mapanare/self/mnc-stage1)
==76769==    by 0x7245AB: __mn_str_from_parts (in /mnt/c/Users/Juan/Documents/GitHub/Mapanare/mapanare/self/mnc-stage1)
==76769==    by 0x413D6B: basename_of (in /mnt/c/Users/Juan/Documents/GitHub/Mapanare/mapanare/self/mnc-stage1)
==76769==    by 0xF: ???
==76769==    by 0x6A7619F: ???
==76769==    by 0x46: ???
==76769== 
==76769== 15 bytes in 5 blocks are definitely lost in loss record 393 of 950
==76769==    at 0x484D953: calloc (in /usr/libexec/valgrind/vgpreload_memcheck-amd64-linux.so)
==76769==    by 0x723DE9: __mn_alloc (in /mnt/c/Users/Juan/Documents/GitHub/Mapanare/mapanare/self/mnc-stage1)
==76769==    by 0x7249CE: __mn_str_concat (in /mnt/c/Users/Juan/Documents/GitHub/Mapanare/mapanare/self/mnc-stage1)
==76769==    by 0x4CE518: lower__bind_fn_params (in /mnt/c/Users/Juan/Documents/GitHub/Mapanare/mapanare/self/mnc-stage1)
==76769== 
==76769== 16 bytes in 1 blocks are indirectly lost in loss record 394 of 950
==76769==    at 0x4846828: malloc (in /usr/libexec/valgrind/vgpreload_memcheck-amd64-linux.so)
==76769==    by 0x433542: parser__parse_atom (in /mnt/c/Users/Juan/Documents/GitHub/Mapanare/mapanare/self/mnc-stage1)
==76769==    by 0x85: ???
==76769==    by 0x43: ???
==76769== 
==76769== 16 bytes in 1 blocks are indirectly lost in loss record 395 of 950
==76769==    at 0x4846828: malloc (in /usr/libexec/valgrind/vgpreload_memcheck-amd64-linux.so)
==76769==    by 0x433542: parser__parse_atom (in /mnt/c/Users/Juan/Documents/GitHub/Mapanare/mapanare/self/mnc-stage1)
==76769==    by 0x85: ???
==76769==    by 0x50: ???
==76769== 
==76769== 16 bytes in 1 blocks are indirectly lost in loss record 396 of 950
==76769==    at 0x4846828: malloc (in /usr/libexec/valgrind/vgpreload_memcheck-amd64-linux.so)
==76769==    by 0x432EAD: parser__parse_atom (in /mnt/c/Users/Juan/Documents/GitHub/Mapanare/mapanare/self/mnc-stage1)
==76769== 
==76769== 16 bytes in 1 blocks are indirectly lost in loss record 397 of 950
==76769==    at 0x4846828: malloc (in /usr/libexec/valgrind/vgpreload_memcheck-amd64-linux.so)
==76769==    by 0x433542: parser__parse_atom (in /mnt/c/Users/Juan/Documents/GitHub/Mapanare/mapanare/self/mnc-stage1)
==76769==    by 0x85: ???
==76769==    by 0x5D: ???
==76769== 
==76769== 16 bytes in 1 blocks are indirectly lost in loss record 398 of 950
==76769==    at 0x4846828: malloc (in /usr/libexec/valgrind/vgpreload_memcheck-amd64-linux.so)
==76769==    by 0x433542: parser__parse_atom (in /mnt/c/Users/Juan/Documents/GitHub/Mapanare/mapanare/self/mnc-stage1)
==76769==    by 0x85: ???
==76769==    by 0x6C: ???
==76769== 
==76769== 16 bytes in 1 blocks are indirectly lost in loss record 399 of 950
==76769==    at 0x4846828: malloc (in /usr/libexec/valgrind/vgpreload_memcheck-amd64-linux.so)
==76769==    by 0x432848: parser__parse_struct_construct (in /mnt/c/Users/Juan/Documents/GitHub/Mapanare/mapanare/self/mnc-stage1)
==76769== 
==76769== 16 bytes in 1 blocks are indirectly lost in loss record 400 of 950
==76769==    at 0x4846828: malloc (in /usr/libexec/valgrind/vgpreload_memcheck-amd64-linux.so)
==76769==    by 0x432872: parser__parse_struct_construct (in /mnt/c/Users/Juan/Documents/GitHub/Mapanare/mapanare/self/mnc-stage1)
==76769== 
==76769== 16 bytes in 1 blocks are indirectly lost in loss record 401 of 950
==76769==    at 0x4846828: malloc (in /usr/libexec/valgrind/vgpreload_memcheck-amd64-linux.so)
==76769==    by 0x433542: parser__parse_atom (in /mnt/c/Users/Juan/Documents/GitHub/Mapanare/mapanare/self/mnc-stage1)
==76769==    by 0x85: ???
==76769==    by 0x7E: ???
==76769== 
==76769== 16 bytes in 1 blocks are indirectly lost in loss record 402 of 950
==76769==    at 0x4846828: malloc (in /usr/libexec/valgrind/vgpreload_memcheck-amd64-linux.so)
==76769==    by 0x433542: parser__parse_atom (in /mnt/c/Users/Juan/Documents/GitHub/Mapanare/mapanare/self/mnc-stage1)
==76769==    by 0x6A91A9F: ???
==76769==    by 0x80: ???
==76769== 
==76769== 16 bytes in 1 blocks are indirectly lost in loss record 403 of 950
==76769==    at 0x4846828: malloc (in /usr/libexec/valgrind/vgpreload_memcheck-amd64-linux.so)
==76769==    by 0x430B13: parser__parse_postfix (in /mnt/c/Users/Juan/Documents/GitHub/Mapanare/mapanare/self/mnc-stage1)
==76769==    by 0x83: ???
==76769==    by 0x6A990AF: ???
==76769==    by 0x5: ???
==76769== 
==76769== 16 bytes in 1 blocks are indirectly lost in loss record 404 of 950
==76769==    at 0x4846828: malloc (in /usr/libexec/valgrind/vgpreload_memcheck-amd64-linux.so)
==76769==    by 0x58DA86: lower__substitute_type_annotation (in /mnt/c/Users/Juan/Documents/GitHub/Mapanare/mapanare/self/mnc-stage1)
==76769==    by 0x73ECC7: ??? (in /mnt/c/Users/Juan/Documents/GitHub/Mapanare/mapanare/self/mnc-stage1)
==76769==    by 0x8000000000000000: ???
==76769==    by 0x6A7D15F: ???
==76769== 
==76769== 16 bytes in 1 blocks are indirectly lost in loss record 405 of 950
==76769==    at 0x4846828: malloc (in /usr/libexec/valgrind/vgpreload_memcheck-amd64-linux.so)
==76769==    by 0x58DA86: lower__substitute_type_annotation (in /mnt/c/Users/Juan/Documents/GitHub/Mapanare/mapanare/self/mnc-stage1)
==76769==    by 0x73ECC7: ??? (in /mnt/c/Users/Juan/Documents/GitHub/Mapanare/mapanare/self/mnc-stage1)
==76769==    by 0x8000000000000000: ???
==76769==    by 0x6A7D6FF: ???
==76769== 
==76769== 16 bytes in 1 blocks are indirectly lost in loss record 406 of 950
==76769==    at 0x484D953: calloc (in /usr/libexec/valgrind/vgpreload_memcheck-amd64-linux.so)
==76769==    by 0x723DE9: __mn_alloc (in /mnt/c/Users/Juan/Documents/GitHub/Mapanare/mapanare/self/mnc-stage1)
==76769==    by 0x7249CE: __mn_str_concat (in /mnt/c/Users/Juan/Documents/GitHub/Mapanare/mapanare/self/mnc-stage1)
==76769==    by 0x68A844: emit_llvm__build_internal_struct_list (in /mnt/c/Users/Juan/Documents/GitHub/Mapanare/mapanare/self/mnc-stage1)
==76769==    by 0x2: ???
==76769==    by 0x7: ???
==76769==    by 0x6ACCDCF: ???
==76769==    by 0x7: ???
==76769==    by 0xF: ???
==76769== 
==76769== 16 bytes in 1 blocks are indirectly lost in loss record 407 of 950
==76769==    at 0x484D953: calloc (in /usr/libexec/valgrind/vgpreload_memcheck-amd64-linux.so)
==76769==    by 0x723DE9: __mn_alloc (in /mnt/c/Users/Juan/Documents/GitHub/Mapanare/mapanare/self/mnc-stage1)
==76769==    by 0x7249CE: __mn_str_concat (in /mnt/c/Users/Juan/Documents/GitHub/Mapanare/mapanare/self/mnc-stage1)
==76769==    by 0x68AA33: emit_llvm__build_internal_struct_list (in /mnt/c/Users/Juan/Documents/GitHub/Mapanare/mapanare/self/mnc-stage1)
==76769==    by 0x2: ???
==76769==    by 0x7: ???
==76769==    by 0x6ACCEEF: ???
==76769==    by 0x7: ???
==76769==    by 0xF: ???
==76769== 
==76769== 16 bytes in 1 blocks are indirectly lost in loss record 408 of 950
==76769==    at 0x484D953: calloc (in /usr/libexec/valgrind/vgpreload_memcheck-amd64-linux.so)
==76769==    by 0x723DE9: __mn_alloc (in /mnt/c/Users/Juan/Documents/GitHub/Mapanare/mapanare/self/mnc-stage1)
==76769==    by 0x7249CE: __mn_str_concat (in /mnt/c/Users/Juan/Documents/GitHub/Mapanare/mapanare/self/mnc-stage1)
==76769==    by 0x68C167: emit_llvm__build_internal_struct_list (in /mnt/c/Users/Juan/Documents/GitHub/Mapanare/mapanare/self/mnc-stage1)
==76769==    by 0x2: ???
==76769==    by 0x7: ???
==76769==    by 0x6ACF2BF: ???
==76769==    by 0x7: ???
==76769==    by 0xF: ???
==76769== 
==76769== 16 bytes in 2 blocks are indirectly lost in loss record 409 of 950
==76769==    at 0x4846828: malloc (in /usr/libexec/valgrind/vgpreload_memcheck-amd64-linux.so)
==76769==    by 0x432F3B: parser__parse_atom (in /mnt/c/Users/Juan/Documents/GitHub/Mapanare/mapanare/self/mnc-stage1)
==76769== 
==76769== 16 bytes in 1 blocks are definitely lost in loss record 410 of 950
==76769==    at 0x4846828: malloc (in /usr/libexec/valgrind/vgpreload_memcheck-amd64-linux.so)
==76769==    by 0x728B99: __mn_range (in /mnt/c/Users/Juan/Documents/GitHub/Mapanare/mapanare/self/mnc-stage1)
==76769==    by 0x4221C3: lexer__skip_comment_to_eol (in /mnt/c/Users/Juan/Documents/GitHub/Mapanare/mapanare/self/mnc-stage1)
==76769==    by 0x8000000000000201: ???
==76769==    by 0x6A7751F: ???
==76769==    by 0x8000000000000000: ???
==76769==    by 0x6A7776F: ???
==76769==    by 0x1: ???
==76769==    by 0x201: ???
==76769==    by 0x8000000000000201: ???
==76769==    by 0x4225F0: lexer__tokenize (in /mnt/c/Users/Juan/Documents/GitHub/Mapanare/mapanare/self/mnc-stage1)
==76769== 
==76769== 16 bytes in 1 blocks are definitely lost in loss record 411 of 950
==76769==    at 0x4846828: malloc (in /usr/libexec/valgrind/vgpreload_memcheck-amd64-linux.so)
==76769==    by 0x728B99: __mn_range (in /mnt/c/Users/Juan/Documents/GitHub/Mapanare/mapanare/self/mnc-stage1)
==76769==    by 0x41FF75: lexer__scan_number (in /mnt/c/Users/Juan/Documents/GitHub/Mapanare/mapanare/self/mnc-stage1)
==76769==    by 0x6A856FF: ???
==76769==    by 0x6A73257: ???
==76769== 
==76769== 16 bytes in 1 blocks are definitely lost in loss record 412 of 950
==76769==    at 0x4846828: malloc (in /usr/libexec/valgrind/vgpreload_memcheck-amd64-linux.so)
==76769==    by 0x728B99: __mn_range (in /mnt/c/Users/Juan/Documents/GitHub/Mapanare/mapanare/self/mnc-stage1)
==76769==    by 0x420865: lexer__scan_string (in /mnt/c/Users/Juan/Documents/GitHub/Mapanare/mapanare/self/mnc-stage1)
==76769== 
==76769== 16 bytes in 1 blocks are definitely lost in loss record 413 of 950
==76769==    at 0x4846828: malloc (in /usr/libexec/valgrind/vgpreload_memcheck-amd64-linux.so)
==76769==    by 0x728B99: __mn_range (in /mnt/c/Users/Juan/Documents/GitHub/Mapanare/mapanare/self/mnc-stage1)
==76769==    by 0x41FF75: lexer__scan_number (in /mnt/c/Users/Juan/Documents/GitHub/Mapanare/mapanare/self/mnc-stage1)
==76769==    by 0x6A8B7DF: ???
==76769==    by 0x6A73257: ???
==76769== 
==76769== 16 bytes in 1 blocks are definitely lost in loss record 414 of 950
==76769==    at 0x4846828: malloc (in /usr/libexec/valgrind/vgpreload_memcheck-amd64-linux.so)
==76769==    by 0x728B99: __mn_range (in /mnt/c/Users/Juan/Documents/GitHub/Mapanare/mapanare/self/mnc-stage1)
==76769==    by 0x41FF75: lexer__scan_number (in /mnt/c/Users/Juan/Documents/GitHub/Mapanare/mapanare/self/mnc-stage1)
==76769==    by 0x6A8BB4F: ???
==76769==    by 0x6A73257: ???
==76769== 
==76769== 16 bytes in 1 blocks are definitely lost in loss record 415 of 950
==76769==    at 0x4846828: malloc (in /usr/libexec/valgrind/vgpreload_memcheck-amd64-linux.so)
==76769==    by 0x728B99: __mn_range (in /mnt/c/Users/Juan/Documents/GitHub/Mapanare/mapanare/self/mnc-stage1)
==76769==    by 0x4221C3: lexer__skip_comment_to_eol (in /mnt/c/Users/Juan/Documents/GitHub/Mapanare/mapanare/self/mnc-stage1)
==76769==    by 0x8000000000000201: ???
==76769==    by 0x6A7751F: ???
==76769==    by 0x8000000000000000: ???
==76769==    by 0x6A8CA9F: ???
==76769==    by 0x1AA: ???
==76769==    by 0x201: ???
==76769==    by 0x8000000000000201: ???
==76769==    by 0x4225F0: lexer__tokenize (in /mnt/c/Users/Juan/Documents/GitHub/Mapanare/mapanare/self/mnc-stage1)
==76769== 
==76769== 16 bytes in 1 blocks are definitely lost in loss record 416 of 950
==76769==    at 0x4846828: malloc (in /usr/libexec/valgrind/vgpreload_memcheck-amd64-linux.so)
==76769==    by 0x728B99: __mn_range (in /mnt/c/Users/Juan/Documents/GitHub/Mapanare/mapanare/self/mnc-stage1)
==76769==    by 0x41FF75: lexer__scan_number (in /mnt/c/Users/Juan/Documents/GitHub/Mapanare/mapanare/self/mnc-stage1)
==76769==    by 0x6A8E48F: ???
==76769==    by 0x6A73257: ???
==76769== 
==76769== 16 bytes in 1 blocks are definitely lost in loss record 417 of 950
==76769==    at 0x4846828: malloc (in /usr/libexec/valgrind/vgpreload_memcheck-amd64-linux.so)
==76769==    by 0x728B99: __mn_range (in /mnt/c/Users/Juan/Documents/GitHub/Mapanare/mapanare/self/mnc-stage1)
==76769==    by 0x423BE0: parser__parse (in /mnt/c/Users/Juan/Documents/GitHub/Mapanare/mapanare/self/mnc-stage1)
==76769== 
==76769== 16 bytes in 1 blocks are definitely lost in loss record 418 of 950
==76769==    at 0x4846828: malloc (in /usr/libexec/valgrind/vgpreload_memcheck-amd64-linux.so)
==76769==    by 0x728B99: __mn_range (in /mnt/c/Users/Juan/Documents/GitHub/Mapanare/mapanare/self/mnc-stage1)
==76769==    by 0x42308E: parser__skip_semis (in /mnt/c/Users/Juan/Documents/GitHub/Mapanare/mapanare/self/mnc-stage1)
==76769==    by 0x1: ???
==76769==    by 0x73CAE7: ??? (in /mnt/c/Users/Juan/Documents/GitHub/Mapanare/mapanare/self/mnc-stage1)
==76769==    by 0x5: ???
==76769==    by 0x73CAEF: ??? (in /mnt/c/Users/Juan/Documents/GitHub/Mapanare/mapanare/self/mnc-stage1)
==76769== 
==76769== 16 bytes in 1 blocks are definitely lost in loss record 419 of 950
==76769==    at 0x4846828: malloc (in /usr/libexec/valgrind/vgpreload_memcheck-amd64-linux.so)
==76769==    by 0x728B99: __mn_range (in /mnt/c/Users/Juan/Documents/GitHub/Mapanare/mapanare/self/mnc-stage1)
==76769==    by 0x4272DB: parser__parse_fn_params (in /mnt/c/Users/Juan/Documents/GitHub/Mapanare/mapanare/self/mnc-stage1)
==76769==    by 0x3F: ???
==76769==    by 0x5: ???
==76769==    by 0x7521FF: ??? (in /mnt/c/Users/Juan/Documents/GitHub/Mapanare/mapanare/self/mnc-stage1)
==76769== 
==76769== 16 bytes in 1 blocks are definitely lost in loss record 420 of 950
==76769==    at 0x4846828: malloc (in /usr/libexec/valgrind/vgpreload_memcheck-amd64-linux.so)
==76769==    by 0x728B99: __mn_range (in /mnt/c/Users/Juan/Documents/GitHub/Mapanare/mapanare/self/mnc-stage1)
==76769==    by 0x42EB95: parser__parse_block (in /mnt/c/Users/Juan/Documents/GitHub/Mapanare/mapanare/self/mnc-stage1)
==76769== 
==76769== 16 bytes in 1 blocks are definitely lost in loss record 421 of 950
==76769==    at 0x4846828: malloc (in /usr/libexec/valgrind/vgpreload_memcheck-amd64-linux.so)
==76769==    by 0x728B99: __mn_range (in /mnt/c/Users/Juan/Documents/GitHub/Mapanare/mapanare/self/mnc-stage1)
==76769==    by 0x4306E0: parser__parse_postfix (in /mnt/c/Users/Juan/Documents/GitHub/Mapanare/mapanare/self/mnc-stage1)
==76769==    by 0xE: ???
==76769==    by 0x6A94A4F: ???
==76769==    by 0x5: ???
==76769== 
==76769== 16 bytes in 1 blocks are definitely lost in loss record 422 of 950
==76769==    at 0x4846828: malloc (in /usr/libexec/valgrind/vgpreload_memcheck-amd64-linux.so)
==76769==    by 0x728B99: __mn_range (in /mnt/c/Users/Juan/Documents/GitHub/Mapanare/mapanare/self/mnc-stage1)
==76769==    by 0x42308E: parser__skip_semis (in /mnt/c/Users/Juan/Documents/GitHub/Mapanare/mapanare/self/mnc-stage1)
==76769==    by 0x6A949FF: ???
==76769== 
==76769== 16 bytes in 1 blocks are definitely lost in loss record 423 of 950
==76769==    at 0x4846828: malloc (in /usr/libexec/valgrind/vgpreload_memcheck-amd64-linux.so)
==76769==    by 0x728B99: __mn_range (in /mnt/c/Users/Juan/Documents/GitHub/Mapanare/mapanare/self/mnc-stage1)
==76769==    by 0x42308E: parser__skip_semis (in /mnt/c/Users/Juan/Documents/GitHub/Mapanare/mapanare/self/mnc-stage1)
==76769==    by 0x6A944BF: ???
==76769== 
==76769== 16 bytes in 1 blocks are definitely lost in loss record 424 of 950
==76769==    at 0x4846828: malloc (in /usr/libexec/valgrind/vgpreload_memcheck-amd64-linux.so)
==76769==    by 0x728B99: __mn_range (in /mnt/c/Users/Juan/Documents/GitHub/Mapanare/mapanare/self/mnc-stage1)
==76769==    by 0x4272DB: parser__parse_fn_params (in /mnt/c/Users/Juan/Documents/GitHub/Mapanare/mapanare/self/mnc-stage1)
==76769==    by 0x3F: ???
==76769==    by 0x17: ???
==76769==    by 0x6A9490F: ???
==76769== 
==76769== 16 bytes in 1 blocks are definitely lost in loss record 425 of 950
==76769==    at 0x4846828: malloc (in /usr/libexec/valgrind/vgpreload_memcheck-amd64-linux.so)
==76769==    by 0x728B99: __mn_range (in /mnt/c/Users/Juan/Documents/GitHub/Mapanare/mapanare/self/mnc-stage1)
==76769==    by 0x42EB95: parser__parse_block (in /mnt/c/Users/Juan/Documents/GitHub/Mapanare/mapanare/self/mnc-stage1)
==76769==    by 0x6A949AF: ???
==76769==    by 0x22: ???
==76769== 
==76769== 16 bytes in 1 blocks are definitely lost in loss record 426 of 950
==76769==    at 0x4846828: malloc (in /usr/libexec/valgrind/vgpreload_memcheck-amd64-linux.so)
==76769==    by 0x728B99: __mn_range (in /mnt/c/Users/Juan/Documents/GitHub/Mapanare/mapanare/self/mnc-stage1)
==76769==    by 0x42308E: parser__skip_semis (in /mnt/c/Users/Juan/Documents/GitHub/Mapanare/mapanare/self/mnc-stage1)
==76769==    by 0x6A94C6F: ???
==76769==    by 0x724D2C: __mn_str_eq (in /mnt/c/Users/Juan/Documents/GitHub/Mapanare/mapanare/self/mnc-stage1)
==76769==    by 0x422FF4: parser__expect (in /mnt/c/Users/Juan/Documents/GitHub/Mapanare/mapanare/self/mnc-stage1)
==76769==    by 0xFF: ???
==76769==    by 0x6A8FB1F: ???
==76769==    by 0x85: ???
==76769==    by 0xFF: ???
==76769==    by 0x3F: ???
==76769==    by 0x6A9541F: ???
==76769==    by 0x1101: ???
==76769==    by 0x580053FF: ??? (in /usr/libexec/valgrind/memcheck-amd64-linux)
==76769==    by 0xF: ???
==76769== 
==76769== 16 bytes in 1 blocks are definitely lost in loss record 427 of 950
==76769==    at 0x4846828: malloc (in /usr/libexec/valgrind/vgpreload_memcheck-amd64-linux.so)
==76769==    by 0x728B99: __mn_range (in /mnt/c/Users/Juan/Documents/GitHub/Mapanare/mapanare/self/mnc-stage1)
==76769==    by 0x4306E0: parser__parse_postfix (in /mnt/c/Users/Juan/Documents/GitHub/Mapanare/mapanare/self/mnc-stage1)
==76769==    by 0x24: ???
==76769==    by 0x6A954BF: ???
==76769==    by 0x5: ???
==76769== 
==76769== 16 bytes in 1 blocks are definitely lost in loss record 428 of 950
==76769==    at 0x4846828: malloc (in /usr/libexec/valgrind/vgpreload_memcheck-amd64-linux.so)
==76769==    by 0x728B99: __mn_range (in /mnt/c/Users/Juan/Documents/GitHub/Mapanare/mapanare/self/mnc-stage1)
==76769==    by 0x42308E: parser__skip_semis (in /mnt/c/Users/Juan/Documents/GitHub/Mapanare/mapanare/self/mnc-stage1)
==76769==    by 0x6A9546F: ???
==76769== 
==76769== 16 bytes in 1 blocks are definitely lost in loss record 429 of 950
==76769==    at 0x4846828: malloc (in /usr/libexec/valgrind/vgpreload_memcheck-amd64-linux.so)
==76769==    by 0x728B99: __mn_range (in /mnt/c/Users/Juan/Documents/GitHub/Mapanare/mapanare/self/mnc-stage1)
==76769==    by 0x42308E: parser__skip_semis (in /mnt/c/Users/Juan/Documents/GitHub/Mapanare/mapanare/self/mnc-stage1)
==76769==    by 0x6A94EDF: ???
==76769== 
==76769== 16 bytes in 1 blocks are definitely lost in loss record 430 of 950
==76769==    at 0x4846828: malloc (in /usr/libexec/valgrind/vgpreload_memcheck-amd64-linux.so)
==76769==    by 0x728B99: __mn_range (in /mnt/c/Users/Juan/Documents/GitHub/Mapanare/mapanare/self/mnc-stage1)
==76769==    by 0x4280E9: parser__parse_struct_def (in /mnt/c/Users/Juan/Documents/GitHub/Mapanare/mapanare/self/mnc-stage1)
==76769==    by 0x85: ???
==76769==    by 0xFF: ???
==76769==    by 0x6A8FB1F: ???
==76769==    by 0x85: ???
==76769==    by 0x3F: ???
==76769== 
==76769== 16 bytes in 1 blocks are definitely lost in loss record 431 of 950
==76769==    at 0x4846828: malloc (in /usr/libexec/valgrind/vgpreload_memcheck-amd64-linux.so)
==76769==    by 0x728B99: __mn_range (in /mnt/c/Users/Juan/Documents/GitHub/Mapanare/mapanare/self/mnc-stage1)
==76769==    by 0x42845E: parser__parse_struct_fields (in /mnt/c/Users/Juan/Documents/GitHub/Mapanare/mapanare/self/mnc-stage1)
==76769== 
==76769== 16 bytes in 1 blocks are definitely lost in loss record 432 of 950
==76769==    at 0x4846828: malloc (in /usr/libexec/valgrind/vgpreload_memcheck-amd64-linux.so)
==76769==    by 0x728B99: __mn_range (in /mnt/c/Users/Juan/Documents/GitHub/Mapanare/mapanare/self/mnc-stage1)
==76769==    by 0x42308E: parser__skip_semis (in /mnt/c/Users/Juan/Documents/GitHub/Mapanare/mapanare/self/mnc-stage1)
==76769==    by 0x6A9587F: ???
==76769== 
==76769== 16 bytes in 1 blocks are definitely lost in loss record 433 of 950
==76769==    at 0x4846828: malloc (in /usr/libexec/valgrind/vgpreload_memcheck-amd64-linux.so)
==76769==    by 0x728B99: __mn_range (in /mnt/c/Users/Juan/Documents/GitHub/Mapanare/mapanare/self/mnc-stage1)
==76769==    by 0x42EB95: parser__parse_block (in /mnt/c/Users/Juan/Documents/GitHub/Mapanare/mapanare/self/mnc-stage1)
==76769==    by 0x6A9541F: ???
==76769==    by 0x3A: ???
==76769== 
==76769== 16 bytes in 1 blocks are definitely lost in loss record 434 of 950
==76769==    at 0x4846828: malloc (in /usr/libexec/valgrind/vgpreload_memcheck-amd64-linux.so)
==76769==    by 0x728B99: __mn_range (in /mnt/c/Users/Juan/Documents/GitHub/Mapanare/mapanare/self/mnc-stage1)
==76769==    by 0x42308E: parser__skip_semis (in /mnt/c/Users/Juan/Documents/GitHub/Mapanare/mapanare/self/mnc-stage1)
==76769==    by 0x6A956DF: ???
==76769==    by 0x724D2C: __mn_str_eq (in /mnt/c/Users/Juan/Documents/GitHub/Mapanare/mapanare/self/mnc-stage1)
==76769==    by 0x422FF4: parser__expect (in /mnt/c/Users/Juan/Documents/GitHub/Mapanare/mapanare/self/mnc-stage1)
==76769==    by 0xFF: ???
==76769==    by 0x6A8FB1F: ???
==76769==    by 0x85: ???
==76769==    by 0xFF: ???
==76769==    by 0x3F: ???
==76769==    by 0x6A95F3F: ???
==76769==    by 0x1101: ???
==76769==    by 0x580053FF: ??? (in /usr/libexec/valgrind/memcheck-amd64-linux)
==76769==    by 0xF: ???
==76769== 
==76769== 16 bytes in 1 blocks are definitely lost in loss record 435 of 950
==76769==    at 0x4846828: malloc (in /usr/libexec/valgrind/vgpreload_memcheck-amd64-linux.so)
==76769==    by 0x728B99: __mn_range (in /mnt/c/Users/Juan/Documents/GitHub/Mapanare/mapanare/self/mnc-stage1)
==76769==    by 0x4306E0: parser__parse_postfix (in /mnt/c/Users/Juan/Documents/GitHub/Mapanare/mapanare/self/mnc-stage1)
==76769==    by 0x40: ???
==76769==    by 0x6A9602F: ???
==76769==    by 0x5: ???
==76769==    by 0x724D2C: __mn_str_eq (in /mnt/c/Users/Juan/Documents/GitHub/Mapanare/mapanare/self/mnc-stage1)
==76769==    by 0x430B69: parser__parse_postfix (in /mnt/c/Users/Juan/Documents/GitHub/Mapanare/mapanare/self/mnc-stage1)
==76769==    by 0x24: ???
==76769==    by 0x6A954BF: ???
==76769==    by 0x5: ???
==76769== 
==76769== 16 bytes in 1 blocks are definitely lost in loss record 436 of 950
==76769==    at 0x4846828: malloc (in /usr/libexec/valgrind/vgpreload_memcheck-amd64-linux.so)
==76769==    by 0x728B99: __mn_range (in /mnt/c/Users/Juan/Documents/GitHub/Mapanare/mapanare/self/mnc-stage1)
==76769==    by 0x4306E0: parser__parse_postfix (in /mnt/c/Users/Juan/Documents/GitHub/Mapanare/mapanare/self/mnc-stage1)
==76769==    by 0x42: ???
==76769==    by 0x6A960CF: ???
==76769== 
==76769== 16 bytes in 1 blocks are definitely lost in loss record 437 of 950
==76769==    at 0x4846828: malloc (in /usr/libexec/valgrind/vgpreload_memcheck-amd64-linux.so)
==76769==    by 0x728B99: __mn_range (in /mnt/c/Users/Juan/Documents/GitHub/Mapanare/mapanare/self/mnc-stage1)
==76769==    by 0x42308E: parser__skip_semis (in /mnt/c/Users/Juan/Documents/GitHub/Mapanare/mapanare/self/mnc-stage1)
==76769==    by 0x6A95F8F: ???
==76769== 
==76769== 16 bytes in 1 blocks are definitely lost in loss record 438 of 950
==76769==    at 0x4846828: malloc (in /usr/libexec/valgrind/vgpreload_memcheck-amd64-linux.so)
==76769==    by 0x728B99: __mn_range (in /mnt/c/Users/Juan/Documents/GitHub/Mapanare/mapanare/self/mnc-stage1)
==76769==    by 0x4306E0: parser__parse_postfix (in /mnt/c/Users/Juan/Documents/GitHub/Mapanare/mapanare/self/mnc-stage1)
==76769==    by 0x44: ???
==76769==    by 0x6A9658F: ???
==76769==    by 0x5: ???
==76769==    by 0x6A8FB1F: ???
==76769==    by 0x85: ???
==76769==    by 0xFF: ???
==76769==    by 0x3F: ???
==76769==    by 0x6A9639F: ???
==76769==    by 0x1101: ???
==76769==    by 0x580053FF: ??? (in /usr/libexec/valgrind/memcheck-amd64-linux)
==76769==    by 0xF: ???
==76769== 
==76769== 16 bytes in 1 blocks are definitely lost in loss record 439 of 950
==76769==    at 0x4846828: malloc (in /usr/libexec/valgrind/vgpreload_memcheck-amd64-linux.so)
==76769==    by 0x728B99: __mn_range (in /mnt/c/Users/Juan/Documents/GitHub/Mapanare/mapanare/self/mnc-stage1)
==76769==    by 0x4306E0: parser__parse_postfix (in /mnt/c/Users/Juan/Documents/GitHub/Mapanare/mapanare/self/mnc-stage1)
==76769==    by 0x46: ???
==76769==    by 0x6A9662F: ???
==76769==    by 0x5: ???
==76769==    by 0x6A8FB1F: ???
==76769==    by 0x85: ???
==76769==    by 0xFF: ???
==76769==    by 0x3F: ???
==76769==    by 0x6A9616F: ???
==76769==    by 0x1101: ???
==76769==    by 0x580053FF: ??? (in /usr/libexec/valgrind/memcheck-amd64-linux)
==76769==    by 0xF: ???
==76769== 
==76769== 16 bytes in 1 blocks are definitely lost in loss record 440 of 950
==76769==    at 0x4846828: malloc (in /usr/libexec/valgrind/vgpreload_memcheck-amd64-linux.so)
==76769==    by 0x728B99: __mn_range (in /mnt/c/Users/Juan/Documents/GitHub/Mapanare/mapanare/self/mnc-stage1)
==76769==    by 0x42FA6B: parser__parse_expr (in /mnt/c/Users/Juan/Documents/GitHub/Mapanare/mapanare/self/mnc-stage1)
==76769==    by 0x85: ???
==76769==    by 0x5: ???
==76769==    by 0x6A9662F: ???
==76769==    by 0x3F: ???
==76769==    by 0x85: ???
==76769==    by 0xFF: ???
==76769==    by 0x6A8FB1F: ???
==76769==    by 0x6A8FB1F: ???
==76769==    by 0x85: ???
==76769==    by 0xFF: ???
==76769==    by 0x3F: ???
==76769== 
==76769== 16 bytes in 1 blocks are definitely lost in loss record 441 of 950
==76769==    at 0x4846828: malloc (in /usr/libexec/valgrind/vgpreload_memcheck-amd64-linux.so)
==76769==    by 0x728B99: __mn_range (in /mnt/c/Users/Juan/Documents/GitHub/Mapanare/mapanare/self/mnc-stage1)
==76769==    by 0x42FA6B: parser__parse_expr (in /mnt/c/Users/Juan/Documents/GitHub/Mapanare/mapanare/self/mnc-stage1)
==76769==    by 0x85: ???
==76769==    by 0x8: ???
==76769==    by 0x6A9683F: ???
==76769==    by 0x3F: ???
==76769==    by 0x85: ???
==76769==    by 0xFF: ???
==76769==    by 0x6A8FB1F: ???
==76769==    by 0x6A8FB1F: ???
==76769==    by 0x85: ???
==76769==    by 0xFF: ???
==76769==    by 0x3F: ???
==76769== 
==76769== 16 bytes in 1 blocks are definitely lost in loss record 442 of 950
==76769==    at 0x4846828: malloc (in /usr/libexec/valgrind/vgpreload_memcheck-amd64-linux.so)
==76769==    by 0x728B99: __mn_range (in /mnt/c/Users/Juan/Documents/GitHub/Mapanare/mapanare/self/mnc-stage1)
==76769==    by 0x42308E: parser__skip_semis (in /mnt/c/Users/Juan/Documents/GitHub/Mapanare/mapanare/self/mnc-stage1)
==76769==    by 0x6A9653F: ???
==76769== 
==76769== 16 bytes in 1 blocks are definitely lost in loss record 443 of 950
==76769==    at 0x4846828: malloc (in /usr/libexec/valgrind/vgpreload_memcheck-amd64-linux.so)
==76769==    by 0x728B99: __mn_range (in /mnt/c/Users/Juan/Documents/GitHub/Mapanare/mapanare/self/mnc-stage1)
==76769==    by 0x4306E0: parser__parse_postfix (in /mnt/c/Users/Juan/Documents/GitHub/Mapanare/mapanare/self/mnc-stage1)
==76769==    by 0x4D: ???
==76769==    by 0x6A96A3F: ???
==76769==    by 0x5: ???
==76769== 
==76769== 16 bytes in 1 blocks are definitely lost in loss record 444 of 950
==76769==    at 0x4846828: malloc (in /usr/libexec/valgrind/vgpreload_memcheck-amd64-linux.so)
==76769==    by 0x728B99: __mn_range (in /mnt/c/Users/Juan/Documents/GitHub/Mapanare/mapanare/self/mnc-stage1)
==76769==    by 0x4306E0: parser__parse_postfix (in /mnt/c/Users/Juan/Documents/GitHub/Mapanare/mapanare/self/mnc-stage1)
==76769==    by 0x4F: ???
==76769==    by 0x6A96ADF: ???
==76769==    by 0x3: ???
==76769== 
==76769== 16 bytes in 1 blocks are definitely lost in loss record 445 of 950
==76769==    at 0x4846828: malloc (in /usr/libexec/valgrind/vgpreload_memcheck-amd64-linux.so)
==76769==    by 0x728B99: __mn_range (in /mnt/c/Users/Juan/Documents/GitHub/Mapanare/mapanare/self/mnc-stage1)
==76769==    by 0x42308E: parser__skip_semis (in /mnt/c/Users/Juan/Documents/GitHub/Mapanare/mapanare/self/mnc-stage1)
==76769==    by 0x6A9699F: ???
==76769== 
==76769== 16 bytes in 1 blocks are definitely lost in loss record 446 of 950
==76769==    at 0x4846828: malloc (in /usr/libexec/valgrind/vgpreload_memcheck-amd64-linux.so)
==76769==    by 0x728B99: __mn_range (in /mnt/c/Users/Juan/Documents/GitHub/Mapanare/mapanare/self/mnc-stage1)
==76769==    by 0x4306E0: parser__parse_postfix (in /mnt/c/Users/Juan/Documents/GitHub/Mapanare/mapanare/self/mnc-stage1)
==76769==    by 0x51: ???
==76769==    by 0x6A96ECF: ???
==76769==    by 0x5: ???
==76769==    by 0x6A8FB1F: ???
==76769==    by 0x85: ???
==76769==    by 0xFF: ???
==76769==    by 0x3F: ???
==76769==    by 0x6A96DAF: ???
==76769==    by 0x1101: ???
==76769==    by 0x580053FF: ??? (in /usr/libexec/valgrind/memcheck-amd64-linux)
==76769==    by 0xF: ???
==76769== 
==76769== 16 bytes in 1 blocks are definitely lost in loss record 447 of 950
==76769==    at 0x4846828: malloc (in /usr/libexec/valgrind/vgpreload_memcheck-amd64-linux.so)
==76769==    by 0x728B99: __mn_range (in /mnt/c/Users/Juan/Documents/GitHub/Mapanare/mapanare/self/mnc-stage1)
==76769==    by 0x4306E0: parser__parse_postfix (in /mnt/c/Users/Juan/Documents/GitHub/Mapanare/mapanare/self/mnc-stage1)
==76769==    by 0x53: ???
==76769==    by 0x6A96F6F: ???
==76769==    by 0x5: ???
==76769==    by 0x6A8FB1F: ???
==76769==    by 0x85: ???
==76769==    by 0xFF: ???
==76769==    by 0x3F: ???
==76769==    by 0x6A96B7F: ???
==76769==    by 0x1101: ???
==76769==    by 0x580053FF: ??? (in /usr/libexec/valgrind/memcheck-amd64-linux)
==76769==    by 0xF: ???
==76769== 
==76769== 16 bytes in 1 blocks are definitely lost in loss record 448 of 950
==76769==    at 0x4846828: malloc (in /usr/libexec/valgrind/vgpreload_memcheck-amd64-linux.so)
==76769==    by 0x728B99: __mn_range (in /mnt/c/Users/Juan/Documents/GitHub/Mapanare/mapanare/self/mnc-stage1)
==76769==    by 0x42FA6B: parser__parse_expr (in /mnt/c/Users/Juan/Documents/GitHub/Mapanare/mapanare/self/mnc-stage1)
==76769==    by 0x85: ???
==76769==    by 0x5: ???
==76769==    by 0x6A96F6F: ???
==76769==    by 0x3F: ???
==76769==    by 0x85: ???
==76769==    by 0xFF: ???
==76769==    by 0x6A8FB1F: ???
==76769==    by 0x6A8FB1F: ???
==76769==    by 0x85: ???
==76769==    by 0xFF: ???
==76769==    by 0x3F: ???
==76769== 
==76769== 16 bytes in 1 blocks are definitely lost in loss record 449 of 950
==76769==    at 0x4846828: malloc (in /usr/libexec/valgrind/vgpreload_memcheck-amd64-linux.so)
==76769==    by 0x728B99: __mn_range (in /mnt/c/Users/Juan/Documents/GitHub/Mapanare/mapanare/self/mnc-stage1)
==76769==    by 0x42FA6B: parser__parse_expr (in /mnt/c/Users/Juan/Documents/GitHub/Mapanare/mapanare/self/mnc-stage1)
==76769==    by 0x85: ???
==76769==    by 0x8: ???
==76769==    by 0x6A9717F: ???
==76769==    by 0x3F: ???
==76769==    by 0x85: ???
==76769==    by 0xFF: ???
==76769==    by 0x6A8FB1F: ???
==76769==    by 0x6A8FB1F: ???
==76769==    by 0x85: ???
==76769==    by 0xFF: ???
==76769==    by 0x3F: ???
==76769== 
==76769== 16 bytes in 1 blocks are definitely lost in loss record 450 of 950
==76769==    at 0x4846828: malloc (in /usr/libexec/valgrind/vgpreload_memcheck-amd64-linux.so)
==76769==    by 0x728B99: __mn_range (in /mnt/c/Users/Juan/Documents/GitHub/Mapanare/mapanare/self/mnc-stage1)
==76769==    by 0x42308E: parser__skip_semis (in /mnt/c/Users/Juan/Documents/GitHub/Mapanare/mapanare/self/mnc-stage1)
==76769==    by 0x6A96E7F: ???
==76769== 
==76769== 16 bytes in 1 blocks are definitely lost in loss record 451 of 950
==76769==    at 0x4846828: malloc (in /usr/libexec/valgrind/vgpreload_memcheck-amd64-linux.so)
==76769==    by 0x728B99: __mn_range (in /mnt/c/Users/Juan/Documents/GitHub/Mapanare/mapanare/self/mnc-stage1)
==76769==    by 0x4306E0: parser__parse_postfix (in /mnt/c/Users/Juan/Documents/GitHub/Mapanare/mapanare/self/mnc-stage1)
==76769==    by 0x5A: ???
==76769==    by 0x6A9737F: ???
==76769==    by 0x5: ???
==76769== 
==76769== 16 bytes in 1 blocks are definitely lost in loss record 452 of 950
==76769==    at 0x4846828: malloc (in /usr/libexec/valgrind/vgpreload_memcheck-amd64-linux.so)
==76769==    by 0x728B99: __mn_range (in /mnt/c/Users/Juan/Documents/GitHub/Mapanare/mapanare/self/mnc-stage1)
==76769==    by 0x4306E0: parser__parse_postfix (in /mnt/c/Users/Juan/Documents/GitHub/Mapanare/mapanare/self/mnc-stage1)
==76769==    by 0x5C: ???
==76769==    by 0x6A975FF: ???
==76769==    by 0x1: ???
==76769== 
==76769== 16 bytes in 1 blocks are definitely lost in loss record 453 of 950
==76769==    at 0x4846828: malloc (in /usr/libexec/valgrind/vgpreload_memcheck-amd64-linux.so)
==76769==    by 0x728B99: __mn_range (in /mnt/c/Users/Juan/Documents/GitHub/Mapanare/mapanare/self/mnc-stage1)
==76769==    by 0x42308E: parser__skip_semis (in /mnt/c/Users/Juan/Documents/GitHub/Mapanare/mapanare/self/mnc-stage1)
==76769==    by 0x6A972DF: ???
==76769== 
==76769== 16 bytes in 1 blocks are definitely lost in loss record 454 of 950
==76769==    at 0x4846828: malloc (in /usr/libexec/valgrind/vgpreload_memcheck-amd64-linux.so)
==76769==    by 0x728B99: __mn_range (in /mnt/c/Users/Juan/Documents/GitHub/Mapanare/mapanare/self/mnc-stage1)
==76769==    by 0x4306E0: parser__parse_postfix (in /mnt/c/Users/Juan/Documents/GitHub/Mapanare/mapanare/self/mnc-stage1)
==76769==    by 0x5E: ???
==76769==    by 0x6A979EF: ???
==76769==    by 0x5: ???
==76769==    by 0x6A8FB1F: ???
==76769==    by 0x85: ???
==76769==    by 0xFF: ???
==76769==    by 0x3F: ???
==76769==    by 0x6A978CF: ???
==76769==    by 0x1101: ???
==76769==    by 0x580053FF: ??? (in /usr/libexec/valgrind/memcheck-amd64-linux)
==76769==    by 0xF: ???
==76769== 
==76769== 16 bytes in 1 blocks are definitely lost in loss record 455 of 950
==76769==    at 0x4846828: malloc (in /usr/libexec/valgrind/vgpreload_memcheck-amd64-linux.so)
==76769==    by 0x728B99: __mn_range (in /mnt/c/Users/Juan/Documents/GitHub/Mapanare/mapanare/self/mnc-stage1)
==76769==    by 0x4306E0: parser__parse_postfix (in /mnt/c/Users/Juan/Documents/GitHub/Mapanare/mapanare/self/mnc-stage1)
==76769==    by 0x60: ???
==76769==    by 0x6A97A8F: ???
==76769==    by 0x5: ???
==76769==    by 0x6A8FB1F: ???
==76769==    by 0x85: ???
==76769==    by 0xFF: ???
==76769==    by 0x3F: ???
==76769==    by 0x6A9769F: ???
==76769==    by 0x1101: ???
==76769==    by 0x580053FF: ??? (in /usr/libexec/valgrind/memcheck-amd64-linux)
==76769==    by 0xF: ???
==76769== 
==76769== 16 bytes in 1 blocks are definitely lost in loss record 456 of 950
==76769==    at 0x4846828: malloc (in /usr/libexec/valgrind/vgpreload_memcheck-amd64-linux.so)
==76769==    by 0x728B99: __mn_range (in /mnt/c/Users/Juan/Documents/GitHub/Mapanare/mapanare/self/mnc-stage1)
==76769==    by 0x42FA6B: parser__parse_expr (in /mnt/c/Users/Juan/Documents/GitHub/Mapanare/mapanare/self/mnc-stage1)
==76769==    by 0x85: ???
==76769==    by 0x5: ???
==76769==    by 0x6A97A8F: ???
==76769==    by 0x3F: ???
==76769==    by 0x85: ???
==76769==    by 0xFF: ???
==76769==    by 0x6A8FB1F: ???
==76769==    by 0x6A8FB1F: ???
==76769==    by 0x85: ???
==76769==    by 0xFF: ???
==76769==    by 0x3F: ???
==76769== 
==76769== 16 bytes in 1 blocks are definitely lost in loss record 457 of 950
==76769==    at 0x4846828: malloc (in /usr/libexec/valgrind/vgpreload_memcheck-amd64-linux.so)
==76769==    by 0x728B99: __mn_range (in /mnt/c/Users/Juan/Documents/GitHub/Mapanare/mapanare/self/mnc-stage1)
==76769==    by 0x42FA6B: parser__parse_expr (in /mnt/c/Users/Juan/Documents/GitHub/Mapanare/mapanare/self/mnc-stage1)
==76769==    by 0x85: ???
==76769==    by 0x8: ???
==76769==    by 0x6A97C9F: ???
==76769==    by 0x3F: ???
==76769==    by 0x85: ???
==76769==    by 0xFF: ???
==76769==    by 0x6A8FB1F: ???
==76769==    by 0x6A8FB1F: ???
==76769==    by 0x85: ???
==76769==    by 0xFF: ???
==76769==    by 0x3F: ???
==76769== 
==76769== 16 bytes in 1 blocks are definitely lost in loss record 458 of 950
==76769==    at 0x4846828: malloc (in /usr/libexec/valgrind/vgpreload_memcheck-amd64-linux.so)
==76769==    by 0x728B99: __mn_range (in /mnt/c/Users/Juan/Documents/GitHub/Mapanare/mapanare/self/mnc-stage1)
==76769==    by 0x42308E: parser__skip_semis (in /mnt/c/Users/Juan/Documents/GitHub/Mapanare/mapanare/self/mnc-stage1)
==76769==    by 0x6A9799F: ???
==76769== 
==76769== 16 bytes in 1 blocks are definitely lost in loss record 459 of 950
==76769==    at 0x4846828: malloc (in /usr/libexec/valgrind/vgpreload_memcheck-amd64-linux.so)
==76769==    by 0x728B99: __mn_range (in /mnt/c/Users/Juan/Documents/GitHub/Mapanare/mapanare/self/mnc-stage1)
==76769==    by 0x4306E0: parser__parse_postfix (in /mnt/c/Users/Juan/Documents/GitHub/Mapanare/mapanare/self/mnc-stage1)
==76769==    by 0x67: ???
==76769==    by 0x6A97E9F: ???
==76769==    by 0x5: ???
==76769== 
==76769== 16 bytes in 1 blocks are definitely lost in loss record 460 of 950
==76769==    at 0x4846828: malloc (in /usr/libexec/valgrind/vgpreload_memcheck-amd64-linux.so)
==76769==    by 0x728B99: __mn_range (in /mnt/c/Users/Juan/Documents/GitHub/Mapanare/mapanare/self/mnc-stage1)
==76769==    by 0x4306E0: parser__parse_postfix (in /mnt/c/Users/Juan/Documents/GitHub/Mapanare/mapanare/self/mnc-stage1)
==76769==    by 0x69: ???
==76769==    by 0x6A97F3F: ???
==76769== 
==76769== 16 bytes in 1 blocks are definitely lost in loss record 461 of 950
==76769==    at 0x4846828: malloc (in /usr/libexec/valgrind/vgpreload_memcheck-amd64-linux.so)
==76769==    by 0x728B99: __mn_range (in /mnt/c/Users/Juan/Documents/GitHub/Mapanare/mapanare/self/mnc-stage1)
==76769==    by 0x4306E0: parser__parse_postfix (in /mnt/c/Users/Juan/Documents/GitHub/Mapanare/mapanare/self/mnc-stage1)
==76769==    by 0x6B: ???
==76769==    by 0x6A9814F: ???
==76769== 
==76769== 16 bytes in 1 blocks are definitely lost in loss record 462 of 950
==76769==    at 0x4846828: malloc (in /usr/libexec/valgrind/vgpreload_memcheck-amd64-linux.so)
==76769==    by 0x728B99: __mn_range (in /mnt/c/Users/Juan/Documents/GitHub/Mapanare/mapanare/self/mnc-stage1)
==76769==    by 0x42308E: parser__skip_semis (in /mnt/c/Users/Juan/Documents/GitHub/Mapanare/mapanare/self/mnc-stage1)
==76769==    by 0x6A97DFF: ???
==76769== 
==76769== 16 bytes in 1 blocks are definitely lost in loss record 463 of 950
==76769==    at 0x4846828: malloc (in /usr/libexec/valgrind/vgpreload_memcheck-amd64-linux.so)
==76769==    by 0x728B99: __mn_range (in /mnt/c/Users/Juan/Documents/GitHub/Mapanare/mapanare/self/mnc-stage1)
==76769==    by 0x4306E0: parser__parse_postfix (in /mnt/c/Users/Juan/Documents/GitHub/Mapanare/mapanare/self/mnc-stage1)
==76769==    by 0x6D: ???
==76769==    by 0x6A9841F: ???
==76769==    by 0x5: ???
==76769==    by 0x6A8FB1F: ???
==76769==    by 0x85: ???
==76769==    by 0xFF: ???
==76769==    by 0x3F: ???
==76769==    by 0x6A982FF: ???
==76769==    by 0x1101: ???
==76769==    by 0x580053FF: ??? (in /usr/libexec/valgrind/memcheck-amd64-linux)
==76769==    by 0xF: ???
==76769== 
==76769== 16 bytes in 1 blocks are definitely lost in loss record 464 of 950
==76769==    at 0x4846828: malloc (in /usr/libexec/valgrind/vgpreload_memcheck-amd64-linux.so)
==76769==    by 0x728B99: __mn_range (in /mnt/c/Users/Juan/Documents/GitHub/Mapanare/mapanare/self/mnc-stage1)
==76769==    by 0x4306E0: parser__parse_postfix (in /mnt/c/Users/Juan/Documents/GitHub/Mapanare/mapanare/self/mnc-stage1)
==76769==    by 0x6F: ???
==76769==    by 0x6A984BF: ???
==76769==    by 0x5: ???
==76769==    by 0x6A8FB1F: ???
==76769==    by 0x85: ???
==76769==    by 0xFF: ???
==76769==    by 0x3F: ???
==76769==    by 0x6A981EF: ???
==76769==    by 0x1101: ???
==76769==    by 0x580053FF: ??? (in /usr/libexec/valgrind/memcheck-amd64-linux)
==76769==    by 0xF: ???
==76769== 
==76769== 16 bytes in 1 blocks are definitely lost in loss record 465 of 950
==76769==    at 0x4846828: malloc (in /usr/libexec/valgrind/vgpreload_memcheck-amd64-linux.so)
==76769==    by 0x728B99: __mn_range (in /mnt/c/Users/Juan/Documents/GitHub/Mapanare/mapanare/self/mnc-stage1)
==76769==    by 0x42FA6B: parser__parse_expr (in /mnt/c/Users/Juan/Documents/GitHub/Mapanare/mapanare/self/mnc-stage1)
==76769==    by 0x85: ???
==76769==    by 0x5: ???
==76769==    by 0x6A984BF: ???
==76769==    by 0x3F: ???
==76769==    by 0x85: ???
==76769==    by 0xFF: ???
==76769==    by 0x6A8FB1F: ???
==76769==    by 0x6A8FB1F: ???
==76769==    by 0x85: ???
==76769==    by 0xFF: ???
==76769==    by 0x3F: ???
==76769== 
==76769== 16 bytes in 1 blocks are definitely lost in loss record 466 of 950
==76769==    at 0x4846828: malloc (in /usr/libexec/valgrind/vgpreload_memcheck-amd64-linux.so)
==76769==    by 0x728B99: __mn_range (in /mnt/c/Users/Juan/Documents/GitHub/Mapanare/mapanare/self/mnc-stage1)
==76769==    by 0x42FA6B: parser__parse_expr (in /mnt/c/Users/Juan/Documents/GitHub/Mapanare/mapanare/self/mnc-stage1)
==76769==    by 0x85: ???
==76769==    by 0x8: ???
==76769==    by 0x6A986CF: ???
==76769==    by 0x3F: ???
==76769==    by 0x85: ???
==76769==    by 0xFF: ???
==76769==    by 0x6A8FB1F: ???
==76769==    by 0x6A8FB1F: ???
==76769==    by 0x85: ???
==76769==    by 0xFF: ???
==76769==    by 0x3F: ???
==76769== 
==76769== 16 bytes in 1 blocks are definitely lost in loss record 467 of 950
==76769==    at 0x4846828: malloc (in /usr/libexec/valgrind/vgpreload_memcheck-amd64-linux.so)
==76769==    by 0x728B99: __mn_range (in /mnt/c/Users/Juan/Documents/GitHub/Mapanare/mapanare/self/mnc-stage1)
==76769==    by 0x42308E: parser__skip_semis (in /mnt/c/Users/Juan/Documents/GitHub/Mapanare/mapanare/self/mnc-stage1)
==76769==    by 0x6A983CF: ???
==76769== 
==76769== 16 bytes in 1 blocks are definitely lost in loss record 468 of 950
==76769==    at 0x4846828: malloc (in /usr/libexec/valgrind/vgpreload_memcheck-amd64-linux.so)
==76769==    by 0x728B99: __mn_range (in /mnt/c/Users/Juan/Documents/GitHub/Mapanare/mapanare/self/mnc-stage1)
==76769==    by 0x4324DA: parser__parse_struct_fields_to_list (in /mnt/c/Users/Juan/Documents/GitHub/Mapanare/mapanare/self/mnc-stage1)
==76769==    by 0xF: ???
==76769== 
==76769== 16 bytes in 1 blocks are definitely lost in loss record 469 of 950
==76769==    at 0x4846828: malloc (in /usr/libexec/valgrind/vgpreload_memcheck-amd64-linux.so)
==76769==    by 0x728B99: __mn_range (in /mnt/c/Users/Juan/Documents/GitHub/Mapanare/mapanare/self/mnc-stage1)
==76769==    by 0x4306E0: parser__parse_postfix (in /mnt/c/Users/Juan/Documents/GitHub/Mapanare/mapanare/self/mnc-stage1)
==76769==    by 0x79: ???
==76769==    by 0x6A988CF: ???
==76769== 
==76769== 16 bytes in 1 blocks are definitely lost in loss record 470 of 950
==76769==    at 0x4846828: malloc (in /usr/libexec/valgrind/vgpreload_memcheck-amd64-linux.so)
==76769==    by 0x728B99: __mn_range (in /mnt/c/Users/Juan/Documents/GitHub/Mapanare/mapanare/self/mnc-stage1)
==76769==    by 0x42FA6B: parser__parse_expr (in /mnt/c/Users/Juan/Documents/GitHub/Mapanare/mapanare/self/mnc-stage1)
==76769==    by 0x6A8C72F: ???
==76769== 
==76769== 16 bytes in 1 blocks are definitely lost in loss record 471 of 950
==76769==    at 0x4846828: malloc (in /usr/libexec/valgrind/vgpreload_memcheck-amd64-linux.so)
==76769==    by 0x728B99: __mn_range (in /mnt/c/Users/Juan/Documents/GitHub/Mapanare/mapanare/self/mnc-stage1)
==76769==    by 0x4306E0: parser__parse_postfix (in /mnt/c/Users/Juan/Documents/GitHub/Mapanare/mapanare/self/mnc-stage1)
==76769==    by 0x7D: ???
==76769==    by 0x6A98A8F: ???
==76769==    by 0x3: ???
==76769== 
==76769== 16 bytes in 1 blocks are definitely lost in loss record 472 of 950
==76769==    at 0x4846828: malloc (in /usr/libexec/valgrind/vgpreload_memcheck-amd64-linux.so)
==76769==    by 0x728B99: __mn_range (in /mnt/c/Users/Juan/Documents/GitHub/Mapanare/mapanare/self/mnc-stage1)
==76769==    by 0x42FA6B: parser__parse_expr (in /mnt/c/Users/Juan/Documents/GitHub/Mapanare/mapanare/self/mnc-stage1)
==76769==    by 0x6A8C72F: ???
==76769==    by 0x3: ???
==76769==    by 0x6A98A8F: ???
==76769==    by 0x3F: ???
==76769==    by 0x85: ???
==76769==    by 0xFF: ???
==76769==    by 0x6A8FB1F: ???
==76769==    by 0x6A8FB1F: ???
==76769==    by 0x85: ???
==76769==    by 0xFF: ???
==76769==    by 0x3F: ???
==76769== 
==76769== 16 bytes in 1 blocks are definitely lost in loss record 473 of 950
==76769==    at 0x4846828: malloc (in /usr/libexec/valgrind/vgpreload_memcheck-amd64-linux.so)
==76769==    by 0x728B99: __mn_range (in /mnt/c/Users/Juan/Documents/GitHub/Mapanare/mapanare/self/mnc-stage1)
==76769==    by 0x4306E0: parser__parse_postfix (in /mnt/c/Users/Juan/Documents/GitHub/Mapanare/mapanare/self/mnc-stage1)
==76769==    by 0x7E: ???
==76769==    by 0x6A98C8F: ???
==76769==    by 0x8: ???
==76769== 
==76769== 16 bytes in 1 blocks are definitely lost in loss record 474 of 950
==76769==    at 0x4846828: malloc (in /usr/libexec/valgrind/vgpreload_memcheck-amd64-linux.so)
==76769==    by 0x728B99: __mn_range (in /mnt/c/Users/Juan/Documents/GitHub/Mapanare/mapanare/self/mnc-stage1)
==76769==    by 0x42308E: parser__skip_semis (in /mnt/c/Users/Juan/Documents/GitHub/Mapanare/mapanare/self/mnc-stage1)
==76769==    by 0x6A9882F: ???
==76769== 
==76769== 16 bytes in 1 blocks are definitely lost in loss record 475 of 950
==76769==    at 0x4846828: malloc (in /usr/libexec/valgrind/vgpreload_memcheck-amd64-linux.so)
==76769==    by 0x728B99: __mn_range (in /mnt/c/Users/Juan/Documents/GitHub/Mapanare/mapanare/self/mnc-stage1)
==76769==    by 0x4306E0: parser__parse_postfix (in /mnt/c/Users/Juan/Documents/GitHub/Mapanare/mapanare/self/mnc-stage1)
==76769==    by 0x7F: ???
==76769==    by 0x6A9900F: ???
==76769==    by 0x5: ???
==76769==    by 0x6A8FB1F: ???
==76769==    by 0x85: ???
==76769==    by 0xFF: ???
==76769==    by 0x3F: ???
==76769==    by 0x6A98D9F: ???
==76769==    by 0x1101: ???
==76769==    by 0x580053FF: ??? (in /usr/libexec/valgrind/memcheck-amd64-linux)
==76769==    by 0xF: ???
==76769== 
==76769== 16 bytes in 1 blocks are definitely lost in loss record 476 of 950
==76769==    at 0x4846828: malloc (in /usr/libexec/valgrind/vgpreload_memcheck-amd64-linux.so)
==76769==    by 0x728B99: __mn_range (in /mnt/c/Users/Juan/Documents/GitHub/Mapanare/mapanare/self/mnc-stage1)
==76769==    by 0x4306E0: parser__parse_postfix (in /mnt/c/Users/Juan/Documents/GitHub/Mapanare/mapanare/self/mnc-stage1)
==76769==    by 0x81: ???
==76769==    by 0x6A990AF: ???
==76769==    by 0x5: ???
==76769==    by 0x6A98BEF: ???
==76769==    by 0x1102: ???
==76769==    by 0x5800566F: ??? (in /usr/libexec/valgrind/memcheck-amd64-linux)
==76769== 
==76769== 16 bytes in 1 blocks are definitely lost in loss record 477 of 950
==76769==    at 0x4846828: malloc (in /usr/libexec/valgrind/vgpreload_memcheck-amd64-linux.so)
==76769==    by 0x728B99: __mn_range (in /mnt/c/Users/Juan/Documents/GitHub/Mapanare/mapanare/self/mnc-stage1)
==76769==    by 0x42FA6B: parser__parse_expr (in /mnt/c/Users/Juan/Documents/GitHub/Mapanare/mapanare/self/mnc-stage1)
==76769==    by 0x85: ???
==76769==    by 0x8: ???
==76769==    by 0x6A9936F: ???
==76769==    by 0x3F: ???
==76769==    by 0x85: ???
==76769==    by 0xFF: ???
==76769==    by 0x6A8FB1F: ???
==76769==    by 0x6A8FB1F: ???
==76769==    by 0x85: ???
==76769==    by 0xFF: ???
==76769==    by 0x3F: ???
==76769== 
==76769== 16 bytes in 1 blocks are definitely lost in loss record 478 of 950
==76769==    at 0x4846828: malloc (in /usr/libexec/valgrind/vgpreload_memcheck-amd64-linux.so)
==76769==    by 0x728B99: __mn_range (in /mnt/c/Users/Juan/Documents/GitHub/Mapanare/mapanare/self/mnc-stage1)
==76769==    by 0x42308E: parser__skip_semis (in /mnt/c/Users/Juan/Documents/GitHub/Mapanare/mapanare/self/mnc-stage1)
==76769==    by 0x6A98FBF: ???
==76769== 
==76769== 16 bytes in 1 blocks are definitely lost in loss record 479 of 950
==76769==    at 0x4846828: malloc (in /usr/libexec/valgrind/vgpreload_memcheck-amd64-linux.so)
==76769==    by 0x728B99: __mn_range (in /mnt/c/Users/Juan/Documents/GitHub/Mapanare/mapanare/self/mnc-stage1)
==76769==    by 0x42308E: parser__skip_semis (in /mnt/c/Users/Juan/Documents/GitHub/Mapanare/mapanare/self/mnc-stage1)
==76769==    by 0x6A95EEF: ???
==76769== 
==76769== 16 bytes in 1 blocks are definitely lost in loss record 480 of 950
==76769==    at 0x4846828: malloc (in /usr/libexec/valgrind/vgpreload_memcheck-amd64-linux.so)
==76769==    by 0x728B99: __mn_range (in /mnt/c/Users/Juan/Documents/GitHub/Mapanare/mapanare/self/mnc-stage1)
==76769==    by 0x4139FD: dir_of_path (in /mnt/c/Users/Juan/Documents/GitHub/Mapanare/mapanare/self/mnc-stage1)
==76769== 
==76769== 16 bytes in 1 blocks are definitely lost in loss record 481 of 950
==76769==    at 0x4846828: malloc (in /usr/libexec/valgrind/vgpreload_memcheck-amd64-linux.so)
==76769==    by 0x728B99: __mn_range (in /mnt/c/Users/Juan/Documents/GitHub/Mapanare/mapanare/self/mnc-stage1)
==76769==    by 0x414E82: resolve_imports (in /mnt/c/Users/Juan/Documents/GitHub/Mapanare/mapanare/self/mnc-stage1)
==76769==    by 0x6A73667: ???
==76769==    by 0x85: ???
==76769== 
==76769== 16 bytes in 1 blocks are definitely lost in loss record 482 of 950
==76769==    at 0x4846828: malloc (in /usr/libexec/valgrind/vgpreload_memcheck-amd64-linux.so)
==76769==    by 0x728B99: __mn_range (in /mnt/c/Users/Juan/Documents/GitHub/Mapanare/mapanare/self/mnc-stage1)
==76769==    by 0x41550C: resolve_imports (in /mnt/c/Users/Juan/Documents/GitHub/Mapanare/mapanare/self/mnc-stage1)
==76769==    by 0x6A73667: ???
==76769==    by 0x85: ???
==76769== 
==76769== 16 bytes in 1 blocks are definitely lost in loss record 483 of 950
==76769==    at 0x4846828: malloc (in /usr/libexec/valgrind/vgpreload_memcheck-amd64-linux.so)
==76769==    by 0x728B99: __mn_range (in /mnt/c/Users/Juan/Documents/GitHub/Mapanare/mapanare/self/mnc-stage1)
==76769==    by 0x47679C: semantic__register_definitions (in /mnt/c/Users/Juan/Documents/GitHub/Mapanare/mapanare/self/mnc-stage1)
==76769== 
==76769== 16 bytes in 1 blocks are definitely lost in loss record 484 of 950
==76769==    at 0x4846828: malloc (in /usr/libexec/valgrind/vgpreload_memcheck-amd64-linux.so)
==76769==    by 0x728B99: __mn_range (in /mnt/c/Users/Juan/Documents/GitHub/Mapanare/mapanare/self/mnc-stage1)
==76769==    by 0x47E58C: semantic__check_definitions (in /mnt/c/Users/Juan/Documents/GitHub/Mapanare/mapanare/self/mnc-stage1)
==76769==    by 0x6AA75EF: ???
==76769== 
==76769== 16 bytes in 1 blocks are definitely lost in loss record 485 of 950
==76769==    at 0x4846828: malloc (in /usr/libexec/valgrind/vgpreload_memcheck-amd64-linux.so)
==76769==    by 0x728B99: __mn_range (in /mnt/c/Users/Juan/Documents/GitHub/Mapanare/mapanare/self/mnc-stage1)
==76769==    by 0x46DF98: semantic__check_block (in /mnt/c/Users/Juan/Documents/GitHub/Mapanare/mapanare/self/mnc-stage1)
==76769== 
==76769== 16 bytes in 1 blocks are definitely lost in loss record 486 of 950
==76769==    at 0x4846828: malloc (in /usr/libexec/valgrind/vgpreload_memcheck-amd64-linux.so)
==76769==    by 0x728B99: __mn_range (in /mnt/c/Users/Juan/Documents/GitHub/Mapanare/mapanare/self/mnc-stage1)
==76769==    by 0x46DF98: semantic__check_block (in /mnt/c/Users/Juan/Documents/GitHub/Mapanare/mapanare/self/mnc-stage1)
==76769==    by 0x6AAF39F: ???
==76769== 
==76769== 16 bytes in 1 blocks are definitely lost in loss record 487 of 950
==76769==    at 0x4846828: malloc (in /usr/libexec/valgrind/vgpreload_memcheck-amd64-linux.so)
==76769==    by 0x728B99: __mn_range (in /mnt/c/Users/Juan/Documents/GitHub/Mapanare/mapanare/self/mnc-stage1)
==76769==    by 0x46DF98: semantic__check_block (in /mnt/c/Users/Juan/Documents/GitHub/Mapanare/mapanare/self/mnc-stage1)
==76769==    by 0x6AAFF6F: ???
==76769== 
==76769== 16 bytes in 1 blocks are definitely lost in loss record 488 of 950
==76769==    at 0x4846828: malloc (in /usr/libexec/valgrind/vgpreload_memcheck-amd64-linux.so)
==76769==    by 0x728B99: __mn_range (in /mnt/c/Users/Juan/Documents/GitHub/Mapanare/mapanare/self/mnc-stage1)
==76769==    by 0x4A7535: lower__register_declarations_pass1 (in /mnt/c/Users/Juan/Documents/GitHub/Mapanare/mapanare/self/mnc-stage1)
==76769== 
==76769== 16 bytes in 1 blocks are definitely lost in loss record 489 of 950
==76769==    at 0x4846828: malloc (in /usr/libexec/valgrind/vgpreload_memcheck-amd64-linux.so)
==76769==    by 0x728B99: __mn_range (in /mnt/c/Users/Juan/Documents/GitHub/Mapanare/mapanare/self/mnc-stage1)
==76769==    by 0x4ABBF5: lower__register_declarations_pass2 (in /mnt/c/Users/Juan/Documents/GitHub/Mapanare/mapanare/self/mnc-stage1)
==76769== 
==76769== 16 bytes in 1 blocks are definitely lost in loss record 490 of 950
==76769==    at 0x4846828: malloc (in /usr/libexec/valgrind/vgpreload_memcheck-amd64-linux.so)
==76769==    by 0x728B99: __mn_range (in /mnt/c/Users/Juan/Documents/GitHub/Mapanare/mapanare/self/mnc-stage1)
==76769==    by 0x4C4B65: lower__lower_definitions (in /mnt/c/Users/Juan/Documents/GitHub/Mapanare/mapanare/self/mnc-stage1)
==76769== 
==76769== 16 bytes in 1 blocks are definitely lost in loss record 491 of 950
==76769==    at 0x4846828: malloc (in /usr/libexec/valgrind/vgpreload_memcheck-amd64-linux.so)
==76769==    by 0x728B99: __mn_range (in /mnt/c/Users/Juan/Documents/GitHub/Mapanare/mapanare/self/mnc-stage1)
==76769==    by 0x4CD233: lower__collect_decorator_names (in /mnt/c/Users/Juan/Documents/GitHub/Mapanare/mapanare/self/mnc-stage1)
==76769== 
==76769== 16 bytes in 1 blocks are definitely lost in loss record 492 of 950
==76769==    at 0x4846828: malloc (in /usr/libexec/valgrind/vgpreload_memcheck-amd64-linux.so)
==76769==    by 0x728B99: __mn_range (in /mnt/c/Users/Juan/Documents/GitHub/Mapanare/mapanare/self/mnc-stage1)
==76769==    by 0x58C976: lower__find_generic_fn (in /mnt/c/Users/Juan/Documents/GitHub/Mapanare/mapanare/self/mnc-stage1)
==76769==    by 0x1: ???
==76769==    by 0x7: ???
==76769==    by 0x7: ???
==76769== 
==76769== 16 bytes in 1 blocks are definitely lost in loss record 493 of 950
==76769==    at 0x4846828: malloc (in /usr/libexec/valgrind/vgpreload_memcheck-amd64-linux.so)
==76769==    by 0x728B99: __mn_range (in /mnt/c/Users/Juan/Documents/GitHub/Mapanare/mapanare/self/mnc-stage1)
==76769==    by 0x58D793: lower__substitute_type_annotation (in /mnt/c/Users/Juan/Documents/GitHub/Mapanare/mapanare/self/mnc-stage1)
==76769==    by 0x73ECC7: ??? (in /mnt/c/Users/Juan/Documents/GitHub/Mapanare/mapanare/self/mnc-stage1)
==76769==    by 0x8000000000000000: ???
==76769==    by 0x6A7D15F: ???
==76769==    by 0x8000000000000046: ???
==76769== 
==76769== 16 bytes in 1 blocks are definitely lost in loss record 494 of 950
==76769==    at 0x4846828: malloc (in /usr/libexec/valgrind/vgpreload_memcheck-amd64-linux.so)
==76769==    by 0x728B99: __mn_range (in /mnt/c/Users/Juan/Documents/GitHub/Mapanare/mapanare/self/mnc-stage1)
==76769==    by 0x58D793: lower__substitute_type_annotation (in /mnt/c/Users/Juan/Documents/GitHub/Mapanare/mapanare/self/mnc-stage1)
==76769==    by 0x73ECC7: ??? (in /mnt/c/Users/Juan/Documents/GitHub/Mapanare/mapanare/self/mnc-stage1)
==76769==    by 0x8000000000000000: ???
==76769==    by 0x6A7D6FF: ???
==76769== 
==76769== 16 bytes in 1 blocks are definitely lost in loss record 495 of 950
==76769==    at 0x4846828: malloc (in /usr/libexec/valgrind/vgpreload_memcheck-amd64-linux.so)
==76769==    by 0x728B99: __mn_range (in /mnt/c/Users/Juan/Documents/GitHub/Mapanare/mapanare/self/mnc-stage1)
==76769==    by 0x58D793: lower__substitute_type_annotation (in /mnt/c/Users/Juan/Documents/GitHub/Mapanare/mapanare/self/mnc-stage1)
==76769==    by 0x73ECC7: ??? (in /mnt/c/Users/Juan/Documents/GitHub/Mapanare/mapanare/self/mnc-stage1)
==76769==    by 0x8000000000000000: ???
==76769==    by 0x6A7EB5F: ???
==76769== 
==76769== 16 bytes in 1 blocks are definitely lost in loss record 496 of 950
==76769==    at 0x4846828: malloc (in /usr/libexec/valgrind/vgpreload_memcheck-amd64-linux.so)
==76769==    by 0x58DA86: lower__substitute_type_annotation (in /mnt/c/Users/Juan/Documents/GitHub/Mapanare/mapanare/self/mnc-stage1)
==76769==    by 0x73ECC7: ??? (in /mnt/c/Users/Juan/Documents/GitHub/Mapanare/mapanare/self/mnc-stage1)
==76769==    by 0x8000000000000000: ???
==76769==    by 0x6A7EB5F: ???
==76769== 
==76769== 16 bytes in 1 blocks are definitely lost in loss record 497 of 950
==76769==    at 0x4846828: malloc (in /usr/libexec/valgrind/vgpreload_memcheck-amd64-linux.so)
==76769==    by 0x728B99: __mn_range (in /mnt/c/Users/Juan/Documents/GitHub/Mapanare/mapanare/self/mnc-stage1)
==76769==    by 0x595383: lower__find_generic_struct (in /mnt/c/Users/Juan/Documents/GitHub/Mapanare/mapanare/self/mnc-stage1)
==76769== 
==76769== 16 bytes in 1 blocks are definitely lost in loss record 498 of 950
==76769==    at 0x4846828: malloc (in /usr/libexec/valgrind/vgpreload_memcheck-amd64-linux.so)
==76769==    by 0x728B99: __mn_range (in /mnt/c/Users/Juan/Documents/GitHub/Mapanare/mapanare/self/mnc-stage1)
==76769==    by 0x4A026B: lower_state__is_struct_name (in /mnt/c/Users/Juan/Documents/GitHub/Mapanare/mapanare/self/mnc-stage1)
==76769==    by 0x6AB60EF: ???
==76769== 
==76769== 16 bytes in 1 blocks are definitely lost in loss record 499 of 950
==76769==    at 0x4846828: malloc (in /usr/libexec/valgrind/vgpreload_memcheck-amd64-linux.so)
==76769==    by 0x728B99: __mn_range (in /mnt/c/Users/Juan/Documents/GitHub/Mapanare/mapanare/self/mnc-stage1)
==76769==    by 0x594951: lower__find_type_param_index (in /mnt/c/Users/Juan/Documents/GitHub/Mapanare/mapanare/self/mnc-stage1)
==76769==    by 0x6A80EFF: ???
==76769==    by 0x10F: ???
==76769== 
==76769== 16 bytes in 1 blocks are definitely lost in loss record 500 of 950
==76769==    at 0x4846828: malloc (in /usr/libexec/valgrind/vgpreload_memcheck-amd64-linux.so)
==76769==    by 0x728B99: __mn_range (in /mnt/c/Users/Juan/Documents/GitHub/Mapanare/mapanare/self/mnc-stage1)
==76769==    by 0x594951: lower__find_type_param_index (in /mnt/c/Users/Juan/Documents/GitHub/Mapanare/mapanare/self/mnc-stage1)
==76769==    by 0x6A818FF: ???
==76769==    by 0x10F: ???
==76769== 
==76769== 16 bytes in 1 blocks are definitely lost in loss record 501 of 950
==76769==    at 0x4846828: malloc (in /usr/libexec/valgrind/vgpreload_memcheck-amd64-linux.so)
==76769==    by 0x728B99: __mn_range (in /mnt/c/Users/Juan/Documents/GitHub/Mapanare/mapanare/self/mnc-stage1)
==76769==    by 0x59CA7F: lower__monomorphize_impl_methods (in /mnt/c/Users/Juan/Documents/GitHub/Mapanare/mapanare/self/mnc-stage1)
==76769== 
==76769== 16 bytes in 1 blocks are definitely lost in loss record 502 of 950
==76769==    at 0x4846828: malloc (in /usr/libexec/valgrind/vgpreload_memcheck-amd64-linux.so)
==76769==    by 0x728B99: __mn_range (in /mnt/c/Users/Juan/Documents/GitHub/Mapanare/mapanare/self/mnc-stage1)
==76769==    by 0x4A03E4: lower_state__get_struct_field_names (in /mnt/c/Users/Juan/Documents/GitHub/Mapanare/mapanare/self/mnc-stage1)
==76769==    by 0x6A22D3F: ???
==76769==    by 0x7: ???
==76769== 
==76769== 16 bytes in 1 blocks are definitely lost in loss record 503 of 950
==76769==    at 0x4846828: malloc (in /usr/libexec/valgrind/vgpreload_memcheck-amd64-linux.so)
==76769==    by 0x728B99: __mn_range (in /mnt/c/Users/Juan/Documents/GitHub/Mapanare/mapanare/self/mnc-stage1)
==76769==    by 0x5E40F3: lower__lookup_struct_field_type (in /mnt/c/Users/Juan/Documents/GitHub/Mapanare/mapanare/self/mnc-stage1)
==76769== 
==76769== 16 bytes in 1 blocks are definitely lost in loss record 504 of 950
==76769==    at 0x4846828: malloc (in /usr/libexec/valgrind/vgpreload_memcheck-amd64-linux.so)
==76769==    by 0x728B99: __mn_range (in /mnt/c/Users/Juan/Documents/GitHub/Mapanare/mapanare/self/mnc-stage1)
==76769==    by 0x5E4273: lower__lookup_struct_field_type (in /mnt/c/Users/Juan/Documents/GitHub/Mapanare/mapanare/self/mnc-stage1)
==76769==    by 0x6AC65DF: ???
==76769==    by 0x5F: ???
==76769==    by 0x7: ???
==76769== 
==76769== 16 bytes in 1 blocks are definitely lost in loss record 505 of 950
==76769==    at 0x4846828: malloc (in /usr/libexec/valgrind/vgpreload_memcheck-amd64-linux.so)
==76769==    by 0x728B99: __mn_range (in /mnt/c/Users/Juan/Documents/GitHub/Mapanare/mapanare/self/mnc-stage1)
==76769==    by 0x68652A: mir_opt__optimize_mir (in /mnt/c/Users/Juan/Documents/GitHub/Mapanare/mapanare/self/mnc-stage1)
==76769==    by 0x6AB915F: ???
==76769==    by 0x8000000000000046: ???
==76769==    by 0x6A74317: ???
==76769== 
==76769== 16 bytes in 1 blocks are definitely lost in loss record 506 of 950
==76769==    at 0x4846828: malloc (in /usr/libexec/valgrind/vgpreload_memcheck-amd64-linux.so)
==76769==    by 0x728B99: __mn_range (in /mnt/c/Users/Juan/Documents/GitHub/Mapanare/mapanare/self/mnc-stage1)
==76769==    by 0x679303: mir_opt__constant_fold_function (in /mnt/c/Users/Juan/Documents/GitHub/Mapanare/mapanare/self/mnc-stage1)
==76769==    by 0x87: ???
==76769== 
==76769== 16 bytes in 1 blocks are definitely lost in loss record 507 of 950
==76769==    at 0x4846828: malloc (in /usr/libexec/valgrind/vgpreload_memcheck-amd64-linux.so)
==76769==    by 0x728B99: __mn_range (in /mnt/c/Users/Juan/Documents/GitHub/Mapanare/mapanare/self/mnc-stage1)
==76769==    by 0x6760E1: lower__verify_module (in /mnt/c/Users/Juan/Documents/GitHub/Mapanare/mapanare/self/mnc-stage1)
==76769==    by 0xF: ???
==76769== 
==76769== 16 bytes in 1 blocks are definitely lost in loss record 508 of 950
==76769==    at 0x4846828: malloc (in /usr/libexec/valgrind/vgpreload_memcheck-amd64-linux.so)
==76769==    by 0x728B99: __mn_range (in /mnt/c/Users/Juan/Documents/GitHub/Mapanare/mapanare/self/mnc-stage1)
==76769==    by 0x6765B5: lower__verify_function (in /mnt/c/Users/Juan/Documents/GitHub/Mapanare/mapanare/self/mnc-stage1)
==76769== 
==76769== 16 bytes in 1 blocks are definitely lost in loss record 509 of 950
==76769==    at 0x4846828: malloc (in /usr/libexec/valgrind/vgpreload_memcheck-amd64-linux.so)
==76769==    by 0x728B99: __mn_range (in /mnt/c/Users/Juan/Documents/GitHub/Mapanare/mapanare/self/mnc-stage1)
==76769==    by 0x6765B5: lower__verify_function (in /mnt/c/Users/Juan/Documents/GitHub/Mapanare/mapanare/self/mnc-stage1)
==76769==    by 0x5: ???
==76769==    by 0x7: ???
==76769==    by 0xF: ???
==76769== 
==76769== 16 bytes in 1 blocks are definitely lost in loss record 510 of 950
==76769==    at 0x4846828: malloc (in /usr/libexec/valgrind/vgpreload_memcheck-amd64-linux.so)
==76769==    by 0x728B99: __mn_range (in /mnt/c/Users/Juan/Documents/GitHub/Mapanare/mapanare/self/mnc-stage1)
==76769==    by 0x413CD8: basename_of (in /mnt/c/Users/Juan/Documents/GitHub/Mapanare/mapanare/self/mnc-stage1)
==76769==    by 0xF: ???
==76769==    by 0x6A7619F: ???
==76769== 
==76769== 16 bytes in 1 blocks are definitely lost in loss record 511 of 950
==76769==    at 0x4846828: malloc (in /usr/libexec/valgrind/vgpreload_memcheck-amd64-linux.so)
==76769==    by 0x728B99: __mn_range (in /mnt/c/Users/Juan/Documents/GitHub/Mapanare/mapanare/self/mnc-stage1)
==76769==    by 0x413DE5: file_extension (in /mnt/c/Users/Juan/Documents/GitHub/Mapanare/mapanare/self/mnc-stage1)
==76769==    by 0x800000000000000D: ???
==76769== 
==76769== 16 bytes in 1 blocks are definitely lost in loss record 512 of 950
==76769==    at 0x484D953: calloc (in /usr/libexec/valgrind/vgpreload_memcheck-amd64-linux.so)
==76769==    by 0x723DE9: __mn_alloc (in /mnt/c/Users/Juan/Documents/GitHub/Mapanare/mapanare/self/mnc-stage1)
==76769==    by 0x7249CE: __mn_str_concat (in /mnt/c/Users/Juan/Documents/GitHub/Mapanare/mapanare/self/mnc-stage1)
==76769==    by 0x68F6E5: emit_llvm__declare_all_runtime (in /mnt/c/Users/Juan/Documents/GitHub/Mapanare/mapanare/self/mnc-stage1)
==76769==    by 0x7470F7: ??? (in /mnt/c/Users/Juan/Documents/GitHub/Mapanare/mapanare/self/mnc-stage1)
==76769==    by 0x3: ???
==76769== 
==76769== 16 bytes in 1 blocks are definitely lost in loss record 513 of 950
==76769==    at 0x484D953: calloc (in /usr/libexec/valgrind/vgpreload_memcheck-amd64-linux.so)
==76769==    by 0x723DE9: __mn_alloc (in /mnt/c/Users/Juan/Documents/GitHub/Mapanare/mapanare/self/mnc-stage1)
==76769==    by 0x7249CE: __mn_str_concat (in /mnt/c/Users/Juan/Documents/GitHub/Mapanare/mapanare/self/mnc-stage1)
==76769==    by 0x68F8BF: emit_llvm__declare_all_runtime (in /mnt/c/Users/Juan/Documents/GitHub/Mapanare/mapanare/self/mnc-stage1)
==76769== 
==76769== 16 bytes in 1 blocks are definitely lost in loss record 514 of 950
==76769==    at 0x484D953: calloc (in /usr/libexec/valgrind/vgpreload_memcheck-amd64-linux.so)
==76769==    by 0x723DE9: __mn_alloc (in /mnt/c/Users/Juan/Documents/GitHub/Mapanare/mapanare/self/mnc-stage1)
==76769==    by 0x7249CE: __mn_str_concat (in /mnt/c/Users/Juan/Documents/GitHub/Mapanare/mapanare/self/mnc-stage1)
==76769==    by 0x690EFB: emit_llvm__declare_all_runtime (in /mnt/c/Users/Juan/Documents/GitHub/Mapanare/mapanare/self/mnc-stage1)
==76769==    by 0x7470F7: ??? (in /mnt/c/Users/Juan/Documents/GitHub/Mapanare/mapanare/self/mnc-stage1)
==76769== 
==76769== 16 bytes in 1 blocks are definitely lost in loss record 515 of 950
==76769==    at 0x4846828: malloc (in /usr/libexec/valgrind/vgpreload_memcheck-amd64-linux.so)
==76769==    by 0x728B99: __mn_range (in /mnt/c/Users/Juan/Documents/GitHub/Mapanare/mapanare/self/mnc-stage1)
==76769==    by 0x69B602: emit_llvm__register_mir_struct (in /mnt/c/Users/Juan/Documents/GitHub/Mapanare/mapanare/self/mnc-stage1)
==76769== 
==76769== 16 bytes in 1 blocks are definitely lost in loss record 516 of 950
==76769==    at 0x4846828: malloc (in /usr/libexec/valgrind/vgpreload_memcheck-amd64-linux.so)
==76769==    by 0x728B99: __mn_range (in /mnt/c/Users/Juan/Documents/GitHub/Mapanare/mapanare/self/mnc-stage1)
==76769==    by 0x69C37B: emit_llvm__is_enum_type (in /mnt/c/Users/Juan/Documents/GitHub/Mapanare/mapanare/self/mnc-stage1)
==76769==    by 0x6AE90BF: ???
==76769==    by 0x8D: ???
==76769==    by 0x73BE5F: ??? (in /mnt/c/Users/Juan/Documents/GitHub/Mapanare/mapanare/self/mnc-stage1)
==76769==    by 0x2: ???
==76769== 
==76769== 16 bytes in 1 blocks are definitely lost in loss record 517 of 950
==76769==    at 0x4846828: malloc (in /usr/libexec/valgrind/vgpreload_memcheck-amd64-linux.so)
==76769==    by 0x728B99: __mn_range (in /mnt/c/Users/Juan/Documents/GitHub/Mapanare/mapanare/self/mnc-stage1)
==76769==    by 0x68CCAB: emit_llvm__find_function (in /mnt/c/Users/Juan/Documents/GitHub/Mapanare/mapanare/self/mnc-stage1)
==76769==    by 0x6A586E7: ???
==76769==    by 0x47: ???
==76769==    by 0xF: ???
==76769==    by 0x9: ???
==76769==    by 0x6AEB2EF: ???
==76769==    by 0x6AB781F: ???
==76769==    by 0x800000000000000C: ???
==76769== 
==76769== 16 bytes in 1 blocks are definitely lost in loss record 518 of 950
==76769==    at 0x4846828: malloc (in /usr/libexec/valgrind/vgpreload_memcheck-amd64-linux.so)
==76769==    by 0x728B99: __mn_range (in /mnt/c/Users/Juan/Documents/GitHub/Mapanare/mapanare/self/mnc-stage1)
==76769==    by 0x68CCAB: emit_llvm__find_function (in /mnt/c/Users/Juan/Documents/GitHub/Mapanare/mapanare/self/mnc-stage1)
==76769==    by 0x6A5EB47: ???
==76769==    by 0x47: ???
==76769==    by 0xF: ???
==76769==    by 0x9: ???
==76769==    by 0x6AEB2EF: ???
==76769==    by 0x6AB781F: ???
==76769==    by 0x800000000000000C: ???
==76769==    by 0x5800566F: ??? (in /usr/libexec/valgrind/memcheck-amd64-linux)
==76769== 
==76769== 16 bytes in 1 blocks are definitely lost in loss record 519 of 950
==76769==    at 0x4846828: malloc (in /usr/libexec/valgrind/vgpreload_memcheck-amd64-linux.so)
==76769==    by 0x728B99: __mn_range (in /mnt/c/Users/Juan/Documents/GitHub/Mapanare/mapanare/self/mnc-stage1)
==76769==    by 0x68CCAB: emit_llvm__find_function (in /mnt/c/Users/Juan/Documents/GitHub/Mapanare/mapanare/self/mnc-stage1)
==76769==    by 0x6A586E7: ???
==76769==    by 0x47: ???
==76769==    by 0xF: ???
==76769==    by 0x9: ???
==76769==    by 0x6AEB2EF: ???
==76769==    by 0x6ABB28F: ???
==76769==    by 0x800000000000000D: ???
==76769== 
==76769== 16 bytes in 1 blocks are definitely lost in loss record 520 of 950
==76769==    at 0x4846828: malloc (in /usr/libexec/valgrind/vgpreload_memcheck-amd64-linux.so)
==76769==    by 0x728B99: __mn_range (in /mnt/c/Users/Juan/Documents/GitHub/Mapanare/mapanare/self/mnc-stage1)
==76769==    by 0x68CCAB: emit_llvm__find_function (in /mnt/c/Users/Juan/Documents/GitHub/Mapanare/mapanare/self/mnc-stage1)
==76769==    by 0x6A5EB47: ???
==76769==    by 0x47: ???
==76769==    by 0xF: ???
==76769==    by 0x9: ???
==76769==    by 0x6AEB2EF: ???
==76769==    by 0x6ABB28F: ???
==76769==    by 0x800000000000000D: ???
==76769==    by 0x5800566F: ??? (in /usr/libexec/valgrind/memcheck-amd64-linux)
==76769== 
==76769== 16 bytes in 1 blocks are definitely lost in loss record 521 of 950
==76769==    at 0x4846828: malloc (in /usr/libexec/valgrind/vgpreload_memcheck-amd64-linux.so)
==76769==    by 0x728B99: __mn_range (in /mnt/c/Users/Juan/Documents/GitHub/Mapanare/mapanare/self/mnc-stage1)
==76769==    by 0x69C37B: emit_llvm__is_enum_type (in /mnt/c/Users/Juan/Documents/GitHub/Mapanare/mapanare/self/mnc-stage1)
==76769==    by 0x6AE90BF: ???
==76769==    by 0x8000000000000008: ???
==76769==    by 0x73BE6F: ??? (in /mnt/c/Users/Juan/Documents/GitHub/Mapanare/mapanare/self/mnc-stage1)
==76769==    by 0x3: ???
==76769== 
==76769== 16 bytes in 1 blocks are definitely lost in loss record 522 of 950
==76769==    at 0x4846828: malloc (in /usr/libexec/valgrind/vgpreload_memcheck-amd64-linux.so)
==76769==    by 0x728B99: __mn_range (in /mnt/c/Users/Juan/Documents/GitHub/Mapanare/mapanare/self/mnc-stage1)
==76769==    by 0x68CCAB: emit_llvm__find_function (in /mnt/c/Users/Juan/Documents/GitHub/Mapanare/mapanare/self/mnc-stage1)
==76769==    by 0x6A586E7: ???
==76769==    by 0x47: ???
==76769==    by 0xF: ???
==76769==    by 0x9: ???
==76769==    by 0x6AEB2EF: ???
==76769==    by 0x6ABE3EF: ???
==76769==    by 0x800000000000000F: ???
==76769== 
==76769== 16 bytes in 1 blocks are definitely lost in loss record 523 of 950
==76769==    at 0x4846828: malloc (in /usr/libexec/valgrind/vgpreload_memcheck-amd64-linux.so)
==76769==    by 0x728B99: __mn_range (in /mnt/c/Users/Juan/Documents/GitHub/Mapanare/mapanare/self/mnc-stage1)
==76769==    by 0x68CCAB: emit_llvm__find_function (in /mnt/c/Users/Juan/Documents/GitHub/Mapanare/mapanare/self/mnc-stage1)
==76769==    by 0x6A5EB47: ???
==76769==    by 0x47: ???
==76769==    by 0xF: ???
==76769==    by 0x9: ???
==76769==    by 0x6AEB2EF: ???
==76769==    by 0x6ABE3EF: ???
==76769==    by 0x800000000000000F: ???
==76769==    by 0x5800566F: ??? (in /usr/libexec/valgrind/memcheck-amd64-linux)
==76769== 
==76769== 16 bytes in 1 blocks are definitely lost in loss record 524 of 950
==76769==    at 0x4846828: malloc (in /usr/libexec/valgrind/vgpreload_memcheck-amd64-linux.so)
==76769==    by 0x728B99: __mn_range (in /mnt/c/Users/Juan/Documents/GitHub/Mapanare/mapanare/self/mnc-stage1)
==76769==    by 0x69C37B: emit_llvm__is_enum_type (in /mnt/c/Users/Juan/Documents/GitHub/Mapanare/mapanare/self/mnc-stage1)
==76769==    by 0x8000000000000029: ???
==76769==    by 0x8000000000000023: ???
==76769==    by 0x73BE77: ??? (in /mnt/c/Users/Juan/Documents/GitHub/Mapanare/mapanare/self/mnc-stage1)
==76769==    by 0x5: ???
==76769== 
==76769== 16 bytes in 1 blocks are definitely lost in loss record 525 of 950
==76769==    at 0x4846828: malloc (in /usr/libexec/valgrind/vgpreload_memcheck-amd64-linux.so)
==76769==    by 0x728B99: __mn_range (in /mnt/c/Users/Juan/Documents/GitHub/Mapanare/mapanare/self/mnc-stage1)
==76769==    by 0x68CCAB: emit_llvm__find_function (in /mnt/c/Users/Juan/Documents/GitHub/Mapanare/mapanare/self/mnc-stage1)
==76769==    by 0x6A586E7: ???
==76769==    by 0x47: ???
==76769==    by 0xF: ???
==76769==    by 0x9: ???
==76769==    by 0x6AEB2EF: ???
==76769==    by 0x6AC18DF: ???
==76769==    by 0x800000000000000D: ???
==76769== 
==76769== 16 bytes in 1 blocks are definitely lost in loss record 526 of 950
==76769==    at 0x4846828: malloc (in /usr/libexec/valgrind/vgpreload_memcheck-amd64-linux.so)
==76769==    by 0x728B99: __mn_range (in /mnt/c/Users/Juan/Documents/GitHub/Mapanare/mapanare/self/mnc-stage1)
==76769==    by 0x68CCAB: emit_llvm__find_function (in /mnt/c/Users/Juan/Documents/GitHub/Mapanare/mapanare/self/mnc-stage1)
==76769==    by 0x6A5EB47: ???
==76769==    by 0x47: ???
==76769==    by 0xF: ???
==76769==    by 0x9: ???
==76769==    by 0x6AEB2EF: ???
==76769==    by 0x6AC18DF: ???
==76769==    by 0x800000000000000D: ???
==76769==    by 0x5800566F: ??? (in /usr/libexec/valgrind/memcheck-amd64-linux)
==76769== 
==76769== 16 bytes in 1 blocks are definitely lost in loss record 527 of 950
==76769==    at 0x4846828: malloc (in /usr/libexec/valgrind/vgpreload_memcheck-amd64-linux.so)
==76769==    by 0x728B99: __mn_range (in /mnt/c/Users/Juan/Documents/GitHub/Mapanare/mapanare/self/mnc-stage1)
==76769==    by 0x69C37B: emit_llvm__is_enum_type (in /mnt/c/Users/Juan/Documents/GitHub/Mapanare/mapanare/self/mnc-stage1)
==76769==    by 0x6AE90BF: ???
==76769==    by 0x8000000000000009: ???
==76769==    by 0x73BE5F: ??? (in /mnt/c/Users/Juan/Documents/GitHub/Mapanare/mapanare/self/mnc-stage1)
==76769==    by 0x2: ???
==76769== 
==76769== 16 bytes in 1 blocks are definitely lost in loss record 528 of 950
==76769==    at 0x4846828: malloc (in /usr/libexec/valgrind/vgpreload_memcheck-amd64-linux.so)
==76769==    by 0x728B99: __mn_range (in /mnt/c/Users/Juan/Documents/GitHub/Mapanare/mapanare/self/mnc-stage1)
==76769==    by 0x6895A5: emit_llvm__lookup_struct_field_types (in /mnt/c/Users/Juan/Documents/GitHub/Mapanare/mapanare/self/mnc-stage1)
==76769==    by 0x6A68BFF: ???
==76769==    by 0x1F: ???
==76769==    by 0x16: ???
==76769==    by 0x6ACE0DF: ???
==76769==    by 0x6AC4C9F: ???
==76769==    by 0x800000000000000D: ???
==76769==    by 0xF: ???
==76769== 
==76769== 16 bytes in 1 blocks are definitely lost in loss record 529 of 950
==76769==    at 0x4846828: malloc (in /usr/libexec/valgrind/vgpreload_memcheck-amd64-linux.so)
==76769==    by 0x728B99: __mn_range (in /mnt/c/Users/Juan/Documents/GitHub/Mapanare/mapanare/self/mnc-stage1)
==76769==    by 0x69C37B: emit_llvm__is_enum_type (in /mnt/c/Users/Juan/Documents/GitHub/Mapanare/mapanare/self/mnc-stage1)
==76769==    by 0xFF: ???
==76769==    by 0xF: ???
==76769==    by 0x6AC4C9F: ???
==76769==    by 0x800000000000000D: ???
==76769== 
==76769== 16 bytes in 1 blocks are definitely lost in loss record 530 of 950
==76769==    at 0x4846828: malloc (in /usr/libexec/valgrind/vgpreload_memcheck-amd64-linux.so)
==76769==    by 0x728B99: __mn_range (in /mnt/c/Users/Juan/Documents/GitHub/Mapanare/mapanare/self/mnc-stage1)
==76769==    by 0x68CE3B: emit_llvm__find_struct_entry (in /mnt/c/Users/Juan/Documents/GitHub/Mapanare/mapanare/self/mnc-stage1)
==76769==    by 0x6A686AF: ???
==76769==    by 0x6F: ???
==76769==    by 0x1F: ???
==76769==    by 0x16: ???
==76769==    by 0x6ACE0DF: ???
==76769==    by 0x6AC4C9F: ???
==76769==    by 0x800000000000000D: ???
==76769== 
==76769== 16 bytes in 1 blocks are definitely lost in loss record 531 of 950
==76769==    at 0x4846828: malloc (in /usr/libexec/valgrind/vgpreload_memcheck-amd64-linux.so)
==76769==    by 0x728B99: __mn_range (in /mnt/c/Users/Juan/Documents/GitHub/Mapanare/mapanare/self/mnc-stage1)
==76769==    by 0x6BA70F: emit_llvm__find_field_index (in /mnt/c/Users/Juan/Documents/GitHub/Mapanare/mapanare/self/mnc-stage1)
==76769==    by 0x6A686AF: ???
==76769==    by 0x6F: ???
==76769==    by 0x1F: ???
==76769==    by 0x6A9414F: ???
==76769== 
==76769== 17 bytes in 1 blocks are indirectly lost in loss record 532 of 950
==76769==    at 0x484D953: calloc (in /usr/libexec/valgrind/vgpreload_memcheck-amd64-linux.so)
==76769==    by 0x723DE9: __mn_alloc (in /mnt/c/Users/Juan/Documents/GitHub/Mapanare/mapanare/self/mnc-stage1)
==76769==    by 0x7249CE: __mn_str_concat (in /mnt/c/Users/Juan/Documents/GitHub/Mapanare/mapanare/self/mnc-stage1)
==76769==    by 0x68BB44: emit_llvm__build_internal_struct_list (in /mnt/c/Users/Juan/Documents/GitHub/Mapanare/mapanare/self/mnc-stage1)
==76769==    by 0x1: ???
==76769==    by 0x7: ???
==76769==    by 0x6ACEF2F: ???
==76769==    by 0x7: ???
==76769==    by 0xF: ???
==76769== 
==76769== 18 bytes in 1 blocks are indirectly lost in loss record 533 of 950
==76769==    at 0x484D953: calloc (in /usr/libexec/valgrind/vgpreload_memcheck-amd64-linux.so)
==76769==    by 0x723DE9: __mn_alloc (in /mnt/c/Users/Juan/Documents/GitHub/Mapanare/mapanare/self/mnc-stage1)
==76769==    by 0x7249CE: __mn_str_concat (in /mnt/c/Users/Juan/Documents/GitHub/Mapanare/mapanare/self/mnc-stage1)
==76769==    by 0x68A102: emit_llvm__build_internal_struct_list (in /mnt/c/Users/Juan/Documents/GitHub/Mapanare/mapanare/self/mnc-stage1)
==76769==    by 0xF: ???
==76769== 
==76769== 18 bytes in 1 blocks are indirectly lost in loss record 534 of 950
==76769==    at 0x484D953: calloc (in /usr/libexec/valgrind/vgpreload_memcheck-amd64-linux.so)
==76769==    by 0x723DE9: __mn_alloc (in /mnt/c/Users/Juan/Documents/GitHub/Mapanare/mapanare/self/mnc-stage1)
==76769==    by 0x7249CE: __mn_str_concat (in /mnt/c/Users/Juan/Documents/GitHub/Mapanare/mapanare/self/mnc-stage1)
==76769==    by 0x68B5A2: emit_llvm__build_internal_struct_list (in /mnt/c/Users/Juan/Documents/GitHub/Mapanare/mapanare/self/mnc-stage1)
==76769==    by 0x1: ???
==76769==    by 0x7: ???
==76769==    by 0x6ACDD4F: ???
==76769==    by 0x7: ???
==76769==    by 0xF: ???
==76769== 
==76769== 18 bytes in 1 blocks are indirectly lost in loss record 535 of 950
==76769==    at 0x484D953: calloc (in /usr/libexec/valgrind/vgpreload_memcheck-amd64-linux.so)
==76769==    by 0x723DE9: __mn_alloc (in /mnt/c/Users/Juan/Documents/GitHub/Mapanare/mapanare/self/mnc-stage1)
==76769==    by 0x7249CE: __mn_str_concat (in /mnt/c/Users/Juan/Documents/GitHub/Mapanare/mapanare/self/mnc-stage1)
==76769==    by 0x68B980: emit_llvm__build_internal_struct_list (in /mnt/c/Users/Juan/Documents/GitHub/Mapanare/mapanare/self/mnc-stage1)
==76769==    by 0x3: ???
==76769==    by 0x7: ???
==76769==    by 0x6ACDFAF: ???
==76769==    by 0x7: ???
==76769==    by 0xF: ???
==76769== 
==76769== 19 bytes in 1 blocks are indirectly lost in loss record 536 of 950
==76769==    at 0x484D953: calloc (in /usr/libexec/valgrind/vgpreload_memcheck-amd64-linux.so)
==76769==    by 0x723DE9: __mn_alloc (in /mnt/c/Users/Juan/Documents/GitHub/Mapanare/mapanare/self/mnc-stage1)
==76769==    by 0x7249CE: __mn_str_concat (in /mnt/c/Users/Juan/Documents/GitHub/Mapanare/mapanare/self/mnc-stage1)
==76769==    by 0x68B766: emit_llvm__build_internal_struct_list (in /mnt/c/Users/Juan/Documents/GitHub/Mapanare/mapanare/self/mnc-stage1)
==76769==    by 0x1: ???
==76769==    by 0x7: ???
==76769==    by 0x6ACDE7F: ???
==76769==    by 0x7: ???
==76769==    by 0xF: ???
==76769== 
==76769== 19 bytes in 1 blocks are indirectly lost in loss record 537 of 950
==76769==    at 0x484D953: calloc (in /usr/libexec/valgrind/vgpreload_memcheck-amd64-linux.so)
==76769==    by 0x723DE9: __mn_alloc (in /mnt/c/Users/Juan/Documents/GitHub/Mapanare/mapanare/self/mnc-stage1)
==76769==    by 0x7249CE: __mn_str_concat (in /mnt/c/Users/Juan/Documents/GitHub/Mapanare/mapanare/self/mnc-stage1)
==76769==    by 0x68BF78: emit_llvm__build_internal_struct_list (in /mnt/c/Users/Juan/Documents/GitHub/Mapanare/mapanare/self/mnc-stage1)
==76769==    by 0x1: ???
==76769==    by 0x7: ???
==76769==    by 0x6ACF18F: ???
==76769==    by 0x7: ???
==76769==    by 0xF: ???
==76769== 
==76769== 19 bytes in 2 blocks are indirectly lost in loss record 538 of 950
==76769==    at 0x484D953: calloc (in /usr/libexec/valgrind/vgpreload_memcheck-amd64-linux.so)
==76769==    by 0x723DE9: __mn_alloc (in /mnt/c/Users/Juan/Documents/GitHub/Mapanare/mapanare/self/mnc-stage1)
==76769==    by 0x7249CE: __mn_str_concat (in /mnt/c/Users/Juan/Documents/GitHub/Mapanare/mapanare/self/mnc-stage1)
==76769==    by 0x4EBE52: lower__lower_let (in /mnt/c/Users/Juan/Documents/GitHub/Mapanare/mapanare/self/mnc-stage1)
==76769==    by 0x2: ???
==76769== 
==76769== 20 bytes in 1 blocks are indirectly lost in loss record 539 of 950
==76769==    at 0x484D953: calloc (in /usr/libexec/valgrind/vgpreload_memcheck-amd64-linux.so)
==76769==    by 0x723DE9: __mn_alloc (in /mnt/c/Users/Juan/Documents/GitHub/Mapanare/mapanare/self/mnc-stage1)
==76769==    by 0x7249CE: __mn_str_concat (in /mnt/c/Users/Juan/Documents/GitHub/Mapanare/mapanare/self/mnc-stage1)
==76769==    by 0x68A28A: emit_llvm__build_internal_struct_list (in /mnt/c/Users/Juan/Documents/GitHub/Mapanare/mapanare/self/mnc-stage1)
==76769==    by 0xF: ???
==76769== 
==76769== 20 bytes in 1 blocks are indirectly lost in loss record 540 of 950
==76769==    at 0x484D953: calloc (in /usr/libexec/valgrind/vgpreload_memcheck-amd64-linux.so)
==76769==    by 0x723DE9: __mn_alloc (in /mnt/c/Users/Juan/Documents/GitHub/Mapanare/mapanare/self/mnc-stage1)
==76769==    by 0x7249CE: __mn_str_concat (in /mnt/c/Users/Juan/Documents/GitHub/Mapanare/mapanare/self/mnc-stage1)
==76769==    by 0x68AFAA: emit_llvm__build_internal_struct_list (in /mnt/c/Users/Juan/Documents/GitHub/Mapanare/mapanare/self/mnc-stage1)
==76769==    by 0x1: ???
==76769==    by 0x7: ???
==76769==    by 0x6ACD9BF: ???
==76769==    by 0x7: ???
==76769==    by 0xF: ???
==76769== 
==76769== 20 bytes in 1 blocks are indirectly lost in loss record 541 of 950
==76769==    at 0x484D953: calloc (in /usr/libexec/valgrind/vgpreload_memcheck-amd64-linux.so)
==76769==    by 0x723DE9: __mn_alloc (in /mnt/c/Users/Juan/Documents/GitHub/Mapanare/mapanare/self/mnc-stage1)
==76769==    by 0x7249CE: __mn_str_concat (in /mnt/c/Users/Juan/Documents/GitHub/Mapanare/mapanare/self/mnc-stage1)
==76769==    by 0x68B3DE: emit_llvm__build_internal_struct_list (in /mnt/c/Users/Juan/Documents/GitHub/Mapanare/mapanare/self/mnc-stage1)
==76769==    by 0x2: ???
==76769==    by 0x7: ???
==76769==    by 0x6ACDC1F: ???
==76769==    by 0x7: ???
==76769==    by 0xF: ???
==76769== 
==76769== 20 bytes in 1 blocks are indirectly lost in loss record 542 of 950
==76769==    at 0x484D953: calloc (in /usr/libexec/valgrind/vgpreload_memcheck-amd64-linux.so)
==76769==    by 0x723DE9: __mn_alloc (in /mnt/c/Users/Juan/Documents/GitHub/Mapanare/mapanare/self/mnc-stage1)
==76769==    by 0x7249CE: __mn_str_concat (in /mnt/c/Users/Juan/Documents/GitHub/Mapanare/mapanare/self/mnc-stage1)
==76769==    by 0x68BDB4: emit_llvm__build_internal_struct_list (in /mnt/c/Users/Juan/Documents/GitHub/Mapanare/mapanare/self/mnc-stage1)
==76769==    by 0x5: ???
==76769==    by 0x7: ???
==76769==    by 0x6ACF05F: ???
==76769==    by 0x7: ???
==76769==    by 0xF: ???
==76769== 
==76769== 21 bytes in 1 blocks are indirectly lost in loss record 543 of 950
==76769==    at 0x484D953: calloc (in /usr/libexec/valgrind/vgpreload_memcheck-amd64-linux.so)
==76769==    by 0x723DE9: __mn_alloc (in /mnt/c/Users/Juan/Documents/GitHub/Mapanare/mapanare/self/mnc-stage1)
==76769==    by 0x7249CE: __mn_str_concat (in /mnt/c/Users/Juan/Documents/GitHub/Mapanare/mapanare/self/mnc-stage1)
==76769==    by 0x68B1EF: emit_llvm__build_internal_struct_list (in /mnt/c/Users/Juan/Documents/GitHub/Mapanare/mapanare/self/mnc-stage1)
==76769==    by 0x4: ???
==76769==    by 0x7: ???
==76769==    by 0x6ACDAEF: ???
==76769==    by 0x7: ???
==76769==    by 0xF: ???
==76769== 
==76769== 21 bytes in 1 blocks are definitely lost in loss record 544 of 950
==76769==    at 0x484D953: calloc (in /usr/libexec/valgrind/vgpreload_memcheck-amd64-linux.so)
==76769==    by 0x723DE9: __mn_alloc (in /mnt/c/Users/Juan/Documents/GitHub/Mapanare/mapanare/self/mnc-stage1)
==76769==    by 0x7249CE: __mn_str_concat (in /mnt/c/Users/Juan/Documents/GitHub/Mapanare/mapanare/self/mnc-stage1)
==76769==    by 0x68FA94: emit_llvm__declare_all_runtime (in /mnt/c/Users/Juan/Documents/GitHub/Mapanare/mapanare/self/mnc-stage1)
==76769== 
==76769== 21 bytes in 1 blocks are definitely lost in loss record 545 of 950
==76769==    at 0x484D953: calloc (in /usr/libexec/valgrind/vgpreload_memcheck-amd64-linux.so)
==76769==    by 0x723DE9: __mn_alloc (in /mnt/c/Users/Juan/Documents/GitHub/Mapanare/mapanare/self/mnc-stage1)
==76769==    by 0x7249CE: __mn_str_concat (in /mnt/c/Users/Juan/Documents/GitHub/Mapanare/mapanare/self/mnc-stage1)
==76769==    by 0x697FD7: emit_llvm__declare_all_runtime (in /mnt/c/Users/Juan/Documents/GitHub/Mapanare/mapanare/self/mnc-stage1)
==76769==    by 0x7470F7: ??? (in /mnt/c/Users/Juan/Documents/GitHub/Mapanare/mapanare/self/mnc-stage1)
==76769== 
==76769== 22 bytes in 1 blocks are indirectly lost in loss record 546 of 950
==76769==    at 0x484D953: calloc (in /usr/libexec/valgrind/vgpreload_memcheck-amd64-linux.so)
==76769==    by 0x723DE9: __mn_alloc (in /mnt/c/Users/Juan/Documents/GitHub/Mapanare/mapanare/self/mnc-stage1)
==76769==    by 0x7249CE: __mn_str_concat (in /mnt/c/Users/Juan/Documents/GitHub/Mapanare/mapanare/self/mnc-stage1)
==76769==    by 0x68A43D: emit_llvm__build_internal_struct_list (in /mnt/c/Users/Juan/Documents/GitHub/Mapanare/mapanare/self/mnc-stage1)
==76769==    by 0xF: ???
==76769== 
==76769== 22 bytes in 1 blocks are indirectly lost in loss record 547 of 950
==76769==    at 0x484D953: calloc (in /usr/libexec/valgrind/vgpreload_memcheck-amd64-linux.so)
==76769==    by 0x723DE9: __mn_alloc (in /mnt/c/Users/Juan/Documents/GitHub/Mapanare/mapanare/self/mnc-stage1)
==76769==    by 0x7249CE: __mn_str_concat (in /mnt/c/Users/Juan/Documents/GitHub/Mapanare/mapanare/self/mnc-stage1)
==76769==    by 0x6AA99A: emit_llvm__emit_const (in /mnt/c/Users/Juan/Documents/GitHub/Mapanare/mapanare/self/mnc-stage1)
==76769== 
==76769== 23 bytes in 1 blocks are definitely lost in loss record 548 of 950
==76769==    at 0x484D953: calloc (in /usr/libexec/valgrind/vgpreload_memcheck-amd64-linux.so)
==76769==    by 0x723DE9: __mn_alloc (in /mnt/c/Users/Juan/Documents/GitHub/Mapanare/mapanare/self/mnc-stage1)
==76769==    by 0x7249CE: __mn_str_concat (in /mnt/c/Users/Juan/Documents/GitHub/Mapanare/mapanare/self/mnc-stage1)
==76769==    by 0x68F16B: emit_llvm__declare_all_runtime (in /mnt/c/Users/Juan/Documents/GitHub/Mapanare/mapanare/self/mnc-stage1)
==76769== 
==76769== 23 bytes in 1 blocks are definitely lost in loss record 549 of 950
==76769==    at 0x484D953: calloc (in /usr/libexec/valgrind/vgpreload_memcheck-amd64-linux.so)
==76769==    by 0x723DE9: __mn_alloc (in /mnt/c/Users/Juan/Documents/GitHub/Mapanare/mapanare/self/mnc-stage1)
==76769==    by 0x7249CE: __mn_str_concat (in /mnt/c/Users/Juan/Documents/GitHub/Mapanare/mapanare/self/mnc-stage1)
==76769==    by 0x68F36E: emit_llvm__declare_all_runtime (in /mnt/c/Users/Juan/Documents/GitHub/Mapanare/mapanare/self/mnc-stage1)
==76769==    by 0x7470F7: ??? (in /mnt/c/Users/Juan/Documents/GitHub/Mapanare/mapanare/self/mnc-stage1)
==76769==    by 0x3: ???
==76769== 
==76769== 23 bytes in 1 blocks are definitely lost in loss record 550 of 950
==76769==    at 0x484D953: calloc (in /usr/libexec/valgrind/vgpreload_memcheck-amd64-linux.so)
==76769==    by 0x723DE9: __mn_alloc (in /mnt/c/Users/Juan/Documents/GitHub/Mapanare/mapanare/self/mnc-stage1)
==76769==    by 0x7249CE: __mn_str_concat (in /mnt/c/Users/Juan/Documents/GitHub/Mapanare/mapanare/self/mnc-stage1)
==76769==    by 0x69087E: emit_llvm__declare_all_runtime (in /mnt/c/Users/Juan/Documents/GitHub/Mapanare/mapanare/self/mnc-stage1)
==76769==    by 0x3: ???
==76769== 
==76769== 23 bytes in 1 blocks are definitely lost in loss record 551 of 950
==76769==    at 0x484D953: calloc (in /usr/libexec/valgrind/vgpreload_memcheck-amd64-linux.so)
==76769==    by 0x723DE9: __mn_alloc (in /mnt/c/Users/Juan/Documents/GitHub/Mapanare/mapanare/self/mnc-stage1)
==76769==    by 0x7249CE: __mn_str_concat (in /mnt/c/Users/Juan/Documents/GitHub/Mapanare/mapanare/self/mnc-stage1)
==76769==    by 0x690ABC: emit_llvm__declare_all_runtime (in /mnt/c/Users/Juan/Documents/GitHub/Mapanare/mapanare/self/mnc-stage1)
==76769==    by 0x7470F7: ??? (in /mnt/c/Users/Juan/Documents/GitHub/Mapanare/mapanare/self/mnc-stage1)
==76769== 
==76769== 23 bytes in 1 blocks are definitely lost in loss record 552 of 950
==76769==    at 0x484D953: calloc (in /usr/libexec/valgrind/vgpreload_memcheck-amd64-linux.so)
==76769==    by 0x723DE9: __mn_alloc (in /mnt/c/Users/Juan/Documents/GitHub/Mapanare/mapanare/self/mnc-stage1)
==76769==    by 0x7249CE: __mn_str_concat (in /mnt/c/Users/Juan/Documents/GitHub/Mapanare/mapanare/self/mnc-stage1)
==76769==    by 0x690CF1: emit_llvm__declare_all_runtime (in /mnt/c/Users/Juan/Documents/GitHub/Mapanare/mapanare/self/mnc-stage1)
==76769==    by 0x3: ???
==76769== 
==76769== 23 bytes in 1 blocks are definitely lost in loss record 553 of 950
==76769==    at 0x484D953: calloc (in /usr/libexec/valgrind/vgpreload_memcheck-amd64-linux.so)
==76769==    by 0x723DE9: __mn_alloc (in /mnt/c/Users/Juan/Documents/GitHub/Mapanare/mapanare/self/mnc-stage1)
==76769==    by 0x7249CE: __mn_str_concat (in /mnt/c/Users/Juan/Documents/GitHub/Mapanare/mapanare/self/mnc-stage1)
==76769==    by 0x692891: emit_llvm__declare_all_runtime (in /mnt/c/Users/Juan/Documents/GitHub/Mapanare/mapanare/self/mnc-stage1)
==76769==    by 0x3: ???
==76769== 
==76769== 23 bytes in 1 blocks are definitely lost in loss record 554 of 950
==76769==    at 0x484D953: calloc (in /usr/libexec/valgrind/vgpreload_memcheck-amd64-linux.so)
==76769==    by 0x723DE9: __mn_alloc (in /mnt/c/Users/Juan/Documents/GitHub/Mapanare/mapanare/self/mnc-stage1)
==76769==    by 0x7249CE: __mn_str_concat (in /mnt/c/Users/Juan/Documents/GitHub/Mapanare/mapanare/self/mnc-stage1)
==76769==    by 0x692C80: emit_llvm__declare_all_runtime (in /mnt/c/Users/Juan/Documents/GitHub/Mapanare/mapanare/self/mnc-stage1)
==76769==    by 0x3: ???
==76769== 
==76769== 23 bytes in 1 blocks are definitely lost in loss record 555 of 950
==76769==    at 0x484D953: calloc (in /usr/libexec/valgrind/vgpreload_memcheck-amd64-linux.so)
==76769==    by 0x723DE9: __mn_alloc (in /mnt/c/Users/Juan/Documents/GitHub/Mapanare/mapanare/self/mnc-stage1)
==76769==    by 0x7249CE: __mn_str_concat (in /mnt/c/Users/Juan/Documents/GitHub/Mapanare/mapanare/self/mnc-stage1)
==76769==    by 0x69375D: emit_llvm__declare_all_runtime (in /mnt/c/Users/Juan/Documents/GitHub/Mapanare/mapanare/self/mnc-stage1)
==76769==    by 0x3: ???
==76769== 
==76769== 23 bytes in 1 blocks are definitely lost in loss record 556 of 950
==76769==    at 0x484D953: calloc (in /usr/libexec/valgrind/vgpreload_memcheck-amd64-linux.so)
==76769==    by 0x723DE9: __mn_alloc (in /mnt/c/Users/Juan/Documents/GitHub/Mapanare/mapanare/self/mnc-stage1)
==76769==    by 0x7249CE: __mn_str_concat (in /mnt/c/Users/Juan/Documents/GitHub/Mapanare/mapanare/self/mnc-stage1)
==76769==    by 0x696BFE: emit_llvm__declare_all_runtime (in /mnt/c/Users/Juan/Documents/GitHub/Mapanare/mapanare/self/mnc-stage1)
==76769==    by 0x3: ???
==76769== 
==76769== 23 bytes in 1 blocks are definitely lost in loss record 557 of 950
==76769==    at 0x484D953: calloc (in /usr/libexec/valgrind/vgpreload_memcheck-amd64-linux.so)
==76769==    by 0x723DE9: __mn_alloc (in /mnt/c/Users/Juan/Documents/GitHub/Mapanare/mapanare/self/mnc-stage1)
==76769==    by 0x7249CE: __mn_str_concat (in /mnt/c/Users/Juan/Documents/GitHub/Mapanare/mapanare/self/mnc-stage1)
==76769==    by 0x697876: emit_llvm__declare_all_runtime (in /mnt/c/Users/Juan/Documents/GitHub/Mapanare/mapanare/self/mnc-stage1)
==76769==    by 0x7470F7: ??? (in /mnt/c/Users/Juan/Documents/GitHub/Mapanare/mapanare/self/mnc-stage1)
==76769== 
==76769== 23 bytes in 1 blocks are definitely lost in loss record 558 of 950
==76769==    at 0x484D953: calloc (in /usr/libexec/valgrind/vgpreload_memcheck-amd64-linux.so)
==76769==    by 0x723DE9: __mn_alloc (in /mnt/c/Users/Juan/Documents/GitHub/Mapanare/mapanare/self/mnc-stage1)
==76769==    by 0x7249CE: __mn_str_concat (in /mnt/c/Users/Juan/Documents/GitHub/Mapanare/mapanare/self/mnc-stage1)
==76769==    by 0x698EEA: emit_llvm__declare_all_runtime (in /mnt/c/Users/Juan/Documents/GitHub/Mapanare/mapanare/self/mnc-stage1)
==76769==    by 0x3: ???
==76769== 
==76769== 23 bytes in 1 blocks are definitely lost in loss record 559 of 950
==76769==    at 0x484D953: calloc (in /usr/libexec/valgrind/vgpreload_memcheck-amd64-linux.so)
==76769==    by 0x723DE9: __mn_alloc (in /mnt/c/Users/Juan/Documents/GitHub/Mapanare/mapanare/self/mnc-stage1)
==76769==    by 0x7249CE: __mn_str_concat (in /mnt/c/Users/Juan/Documents/GitHub/Mapanare/mapanare/self/mnc-stage1)
==76769==    by 0x699122: emit_llvm__declare_all_runtime (in /mnt/c/Users/Juan/Documents/GitHub/Mapanare/mapanare/self/mnc-stage1)
==76769==    by 0x7470F7: ??? (in /mnt/c/Users/Juan/Documents/GitHub/Mapanare/mapanare/self/mnc-stage1)
==76769== 
==76769== 23 bytes in 1 blocks are definitely lost in loss record 560 of 950
==76769==    at 0x484D953: calloc (in /usr/libexec/valgrind/vgpreload_memcheck-amd64-linux.so)
==76769==    by 0x723DE9: __mn_alloc (in /mnt/c/Users/Juan/Documents/GitHub/Mapanare/mapanare/self/mnc-stage1)
==76769==    by 0x7249CE: __mn_str_concat (in /mnt/c/Users/Juan/Documents/GitHub/Mapanare/mapanare/self/mnc-stage1)
==76769==    by 0x6B61F7: emit_llvm__emit_struct_init (in /mnt/c/Users/Juan/Documents/GitHub/Mapanare/mapanare/self/mnc-stage1)
==76769==    by 0x3F: ???
==76769== 
==76769== 24 bytes in 1 blocks are indirectly lost in loss record 561 of 950
==76769==    at 0x4846828: malloc (in /usr/libexec/valgrind/vgpreload_memcheck-amd64-linux.so)
==76769==    by 0x430B06: parser__parse_postfix (in /mnt/c/Users/Juan/Documents/GitHub/Mapanare/mapanare/self/mnc-stage1)
==76769==    by 0x83: ???
==76769==    by 0x6A990AF: ???
==76769==    by 0x5: ???
==76769== 
==76769== 24 bytes in 1 blocks are indirectly lost in loss record 562 of 950
==76769==    at 0x484D953: calloc (in /usr/libexec/valgrind/vgpreload_memcheck-amd64-linux.so)
==76769==    by 0x723DE9: __mn_alloc (in /mnt/c/Users/Juan/Documents/GitHub/Mapanare/mapanare/self/mnc-stage1)
==76769==    by 0x7249CE: __mn_str_concat (in /mnt/c/Users/Juan/Documents/GitHub/Mapanare/mapanare/self/mnc-stage1)
==76769==    by 0x68AC22: emit_llvm__build_internal_struct_list (in /mnt/c/Users/Juan/Documents/GitHub/Mapanare/mapanare/self/mnc-stage1)
==76769==    by 0x2: ???
==76769==    by 0x7: ???
==76769==    by 0x6ACD75F: ???
==76769==    by 0x7: ???
==76769==    by 0xF: ???
==76769== 
==76769== 24 bytes in 1 blocks are indirectly lost in loss record 563 of 950
==76769==    at 0x484D953: calloc (in /usr/libexec/valgrind/vgpreload_memcheck-amd64-linux.so)
==76769==    by 0x723DE9: __mn_alloc (in /mnt/c/Users/Juan/Documents/GitHub/Mapanare/mapanare/self/mnc-stage1)
==76769==    by 0x7249CE: __mn_str_concat (in /mnt/c/Users/Juan/Documents/GitHub/Mapanare/mapanare/self/mnc-stage1)
==76769==    by 0x6AA99A: emit_llvm__emit_const (in /mnt/c/Users/Juan/Documents/GitHub/Mapanare/mapanare/self/mnc-stage1)
==76769==    by 0x2: ???
==76769== 
==76769== 24 bytes in 4 blocks are definitely lost in loss record 564 of 950
==76769==    at 0x484D953: calloc (in /usr/libexec/valgrind/vgpreload_memcheck-amd64-linux.so)
==76769==    by 0x723DE9: __mn_alloc (in /mnt/c/Users/Juan/Documents/GitHub/Mapanare/mapanare/self/mnc-stage1)
==76769==    by 0x7249CE: __mn_str_concat (in /mnt/c/Users/Juan/Documents/GitHub/Mapanare/mapanare/self/mnc-stage1)
==76769==    by 0x56A289: lower__lower_identifier (in /mnt/c/Users/Juan/Documents/GitHub/Mapanare/mapanare/self/mnc-stage1)
==76769==    by 0x6AB6B5F: ???
==76769== 
==76769== 25 bytes in 1 blocks are indirectly lost in loss record 565 of 950
==76769==    at 0x484D953: calloc (in /usr/libexec/valgrind/vgpreload_memcheck-amd64-linux.so)
==76769==    by 0x723DE9: __mn_alloc (in /mnt/c/Users/Juan/Documents/GitHub/Mapanare/mapanare/self/mnc-stage1)
==76769==    by 0x7249CE: __mn_str_concat (in /mnt/c/Users/Juan/Documents/GitHub/Mapanare/mapanare/self/mnc-stage1)
==76769==    by 0x68A655: emit_llvm__build_internal_struct_list (in /mnt/c/Users/Juan/Documents/GitHub/Mapanare/mapanare/self/mnc-stage1)
==76769==    by 0x4: ???
==76769==    by 0x7: ???
==76769==    by 0x6ACCC9F: ???
==76769==    by 0x7: ???
==76769==    by 0xF: ???
==76769== 
==76769== 25 bytes in 1 blocks are indirectly lost in loss record 566 of 950
==76769==    at 0x484D953: calloc (in /usr/libexec/valgrind/vgpreload_memcheck-amd64-linux.so)
==76769==    by 0x723DE9: __mn_alloc (in /mnt/c/Users/Juan/Documents/GitHub/Mapanare/mapanare/self/mnc-stage1)
==76769==    by 0x7249CE: __mn_str_concat (in /mnt/c/Users/Juan/Documents/GitHub/Mapanare/mapanare/self/mnc-stage1)
==76769==    by 0x68ADE6: emit_llvm__build_internal_struct_list (in /mnt/c/Users/Juan/Documents/GitHub/Mapanare/mapanare/self/mnc-stage1)
==76769==    by 0x1: ???
==76769==    by 0x7: ???
==76769==    by 0x6ACD88F: ???
==76769==    by 0x7: ???
==76769==    by 0xF: ???
==76769== 
==76769== 25 bytes in 1 blocks are definitely lost in loss record 567 of 950
==76769==    at 0x484D953: calloc (in /usr/libexec/valgrind/vgpreload_memcheck-amd64-linux.so)
==76769==    by 0x723DE9: __mn_alloc (in /mnt/c/Users/Juan/Documents/GitHub/Mapanare/mapanare/self/mnc-stage1)
==76769==    by 0x7249CE: __mn_str_concat (in /mnt/c/Users/Juan/Documents/GitHub/Mapanare/mapanare/self/mnc-stage1)
==76769==    by 0x6B675B: emit_llvm__emit_struct_init (in /mnt/c/Users/Juan/Documents/GitHub/Mapanare/mapanare/self/mnc-stage1)
==76769==    by 0x3F: ???
==76769== 
==76769== 26 bytes in 1 blocks are indirectly lost in loss record 568 of 950
==76769==    at 0x484D953: calloc (in /usr/libexec/valgrind/vgpreload_memcheck-amd64-linux.so)
==76769==    by 0x723DE9: __mn_alloc (in /mnt/c/Users/Juan/Documents/GitHub/Mapanare/mapanare/self/mnc-stage1)
==76769==    by 0x7249CE: __mn_str_concat (in /mnt/c/Users/Juan/Documents/GitHub/Mapanare/mapanare/self/mnc-stage1)
==76769==    by 0x7132FD: emit_llvm__emit_mir_return (in /mnt/c/Users/Juan/Documents/GitHub/Mapanare/mapanare/self/mnc-stage1)
==76769== 
==76769== 27 bytes in 1 blocks are indirectly lost in loss record 569 of 950
==76769==    at 0x484D953: calloc (in /usr/libexec/valgrind/vgpreload_memcheck-amd64-linux.so)
==76769==    by 0x723DE9: __mn_alloc (in /mnt/c/Users/Juan/Documents/GitHub/Mapanare/mapanare/self/mnc-stage1)
==76769==    by 0x7249CE: __mn_str_concat (in /mnt/c/Users/Juan/Documents/GitHub/Mapanare/mapanare/self/mnc-stage1)
==76769==    by 0x7202A7: emit_llvm__emit_mir_module (in /mnt/c/Users/Juan/Documents/GitHub/Mapanare/mapanare/self/mnc-stage1)
==76769== 
==76769== 27 bytes in 2 blocks are definitely lost in loss record 570 of 950
==76769==    at 0x484D953: calloc (in /usr/libexec/valgrind/vgpreload_memcheck-amd64-linux.so)
==76769==    by 0x723DE9: __mn_alloc (in /mnt/c/Users/Juan/Documents/GitHub/Mapanare/mapanare/self/mnc-stage1)
==76769==    by 0x7249CE: __mn_str_concat (in /mnt/c/Users/Juan/Documents/GitHub/Mapanare/mapanare/self/mnc-stage1)
==76769==    by 0x414BE5: dedup_definitions (in /mnt/c/Users/Juan/Documents/GitHub/Mapanare/mapanare/self/mnc-stage1)
==76769==    by 0x9: ???
==76769== 
==76769== 28 bytes in 14 blocks are definitely lost in loss record 571 of 950
==76769==    at 0x484D953: calloc (in /usr/libexec/valgrind/vgpreload_memcheck-amd64-linux.so)
==76769==    by 0x723DE9: __mn_alloc (in /mnt/c/Users/Juan/Documents/GitHub/Mapanare/mapanare/self/mnc-stage1)
==76769==    by 0x7245AB: __mn_str_from_parts (in /mnt/c/Users/Juan/Documents/GitHub/Mapanare/mapanare/self/mnc-stage1)
==76769==    by 0x413A46: dir_of_path (in /mnt/c/Users/Juan/Documents/GitHub/Mapanare/mapanare/self/mnc-stage1)
==76769== 
==76769== 28 bytes in 14 blocks are definitely lost in loss record 572 of 950
==76769==    at 0x484D953: calloc (in /usr/libexec/valgrind/vgpreload_memcheck-amd64-linux.so)
==76769==    by 0x723DE9: __mn_alloc (in /mnt/c/Users/Juan/Documents/GitHub/Mapanare/mapanare/self/mnc-stage1)
==76769==    by 0x7245AB: __mn_str_from_parts (in /mnt/c/Users/Juan/Documents/GitHub/Mapanare/mapanare/self/mnc-stage1)
==76769==    by 0x413D28: basename_of (in /mnt/c/Users/Juan/Documents/GitHub/Mapanare/mapanare/self/mnc-stage1)
==76769==    by 0xF: ???
==76769==    by 0x6A7619F: ???
==76769==    by 0x46: ???
==76769== 
==76769== 30 bytes in 5 blocks are definitely lost in loss record 573 of 950
==76769==    at 0x484D953: calloc (in /usr/libexec/valgrind/vgpreload_memcheck-amd64-linux.so)
==76769==    by 0x723DE9: __mn_alloc (in /mnt/c/Users/Juan/Documents/GitHub/Mapanare/mapanare/self/mnc-stage1)
==76769==    by 0x7249CE: __mn_str_concat (in /mnt/c/Users/Juan/Documents/GitHub/Mapanare/mapanare/self/mnc-stage1)
==76769==    by 0x56A289: lower__lower_identifier (in /mnt/c/Users/Juan/Documents/GitHub/Mapanare/mapanare/self/mnc-stage1)
==76769== 
==76769== 30 bytes in 15 blocks are definitely lost in loss record 574 of 950
==76769==    at 0x484D953: calloc (in /usr/libexec/valgrind/vgpreload_memcheck-amd64-linux.so)
==76769==    by 0x723DE9: __mn_alloc (in /mnt/c/Users/Juan/Documents/GitHub/Mapanare/mapanare/self/mnc-stage1)
==76769==    by 0x7245AB: __mn_str_from_parts (in /mnt/c/Users/Juan/Documents/GitHub/Mapanare/mapanare/self/mnc-stage1)
==76769==    by 0x4221F4: lexer__skip_comment_to_eol (in /mnt/c/Users/Juan/Documents/GitHub/Mapanare/mapanare/self/mnc-stage1)
==76769==    by 0x8000000000000201: ???
==76769==    by 0x6A7751F: ???
==76769==    by 0x8000000000000000: ???
==76769==    by 0x6A8CA9F: ???
==76769==    by 0x1AA: ???
==76769==    by 0x201: ???
==76769==    by 0x8000000000000201: ???
==76769==    by 0x4225F0: lexer__tokenize (in /mnt/c/Users/Juan/Documents/GitHub/Mapanare/mapanare/self/mnc-stage1)
==76769== 
==76769== 32 bytes in 1 blocks are indirectly lost in loss record 575 of 950
==76769==    at 0x484D953: calloc (in /usr/libexec/valgrind/vgpreload_memcheck-amd64-linux.so)
==76769==    by 0x723DE9: __mn_alloc (in /mnt/c/Users/Juan/Documents/GitHub/Mapanare/mapanare/self/mnc-stage1)
==76769==    by 0x7249CE: __mn_str_concat (in /mnt/c/Users/Juan/Documents/GitHub/Mapanare/mapanare/self/mnc-stage1)
==76769==    by 0x72035A: emit_llvm__emit_mir_module (in /mnt/c/Users/Juan/Documents/GitHub/Mapanare/mapanare/self/mnc-stage1)
==76769== 
==76769== 32 bytes in 4 blocks are indirectly lost in loss record 576 of 950
==76769==    at 0x4846828: malloc (in /usr/libexec/valgrind/vgpreload_memcheck-amd64-linux.so)
==76769==    by 0x432B31: parser__parse_atom (in /mnt/c/Users/Juan/Documents/GitHub/Mapanare/mapanare/self/mnc-stage1)
==76769== 
==76769== 32 bytes in 2 blocks are definitely lost in loss record 577 of 950
==76769==    at 0x4846828: malloc (in /usr/libexec/valgrind/vgpreload_memcheck-amd64-linux.so)
==76769==    by 0x728B99: __mn_range (in /mnt/c/Users/Juan/Documents/GitHub/Mapanare/mapanare/self/mnc-stage1)
==76769==    by 0x426DA3: parser__parse_fn_def (in /mnt/c/Users/Juan/Documents/GitHub/Mapanare/mapanare/self/mnc-stage1)
==76769== 
==76769== 32 bytes in 2 blocks are definitely lost in loss record 578 of 950
==76769==    at 0x4846828: malloc (in /usr/libexec/valgrind/vgpreload_memcheck-amd64-linux.so)
==76769==    by 0x728B99: __mn_range (in /mnt/c/Users/Juan/Documents/GitHub/Mapanare/mapanare/self/mnc-stage1)
==76769==    by 0x42308E: parser__skip_semis (in /mnt/c/Users/Juan/Documents/GitHub/Mapanare/mapanare/self/mnc-stage1)
==76769== 
==76769== 32 bytes in 2 blocks are definitely lost in loss record 579 of 950
==76769==    at 0x4846828: malloc (in /usr/libexec/valgrind/vgpreload_memcheck-amd64-linux.so)
==76769==    by 0x728B99: __mn_range (in /mnt/c/Users/Juan/Documents/GitHub/Mapanare/mapanare/self/mnc-stage1)
==76769==    by 0x42308E: parser__skip_semis (in /mnt/c/Users/Juan/Documents/GitHub/Mapanare/mapanare/self/mnc-stage1)
==76769==    by 0x85: ???
==76769==    by 0xFF: ???
==76769==    by 0x3F: ???
==76769== 
==76769== 32 bytes in 2 blocks are definitely lost in loss record 580 of 950
==76769==    at 0x4846828: malloc (in /usr/libexec/valgrind/vgpreload_memcheck-amd64-linux.so)
==76769==    by 0x728B99: __mn_range (in /mnt/c/Users/Juan/Documents/GitHub/Mapanare/mapanare/self/mnc-stage1)
==76769==    by 0x595BDF: lower__find_struct_field_for_tp (in /mnt/c/Users/Juan/Documents/GitHub/Mapanare/mapanare/self/mnc-stage1)
==76769== 
==76769== 33 bytes in 1 blocks are definitely lost in loss record 581 of 950
==76769==    at 0x484D953: calloc (in /usr/libexec/valgrind/vgpreload_memcheck-amd64-linux.so)
==76769==    by 0x723DE9: __mn_alloc (in /mnt/c/Users/Juan/Documents/GitHub/Mapanare/mapanare/self/mnc-stage1)
==76769==    by 0x7249CE: __mn_str_concat (in /mnt/c/Users/Juan/Documents/GitHub/Mapanare/mapanare/self/mnc-stage1)
==76769==    by 0x69825C: emit_llvm__declare_all_runtime (in /mnt/c/Users/Juan/Documents/GitHub/Mapanare/mapanare/self/mnc-stage1)
==76769== 
==76769== 34 bytes in 1 blocks are indirectly lost in loss record 582 of 950
==76769==    at 0x484D953: calloc (in /usr/libexec/valgrind/vgpreload_memcheck-amd64-linux.so)
==76769==    by 0x723DE9: __mn_alloc (in /mnt/c/Users/Juan/Documents/GitHub/Mapanare/mapanare/self/mnc-stage1)
==76769==    by 0x7249CE: __mn_str_concat (in /mnt/c/Users/Juan/Documents/GitHub/Mapanare/mapanare/self/mnc-stage1)
==76769==    by 0x70C6A9: emit_llvm__emit_builtin_print (in /mnt/c/Users/Juan/Documents/GitHub/Mapanare/mapanare/self/mnc-stage1)
==76769== 
==76769== 35 bytes in 5 blocks are indirectly lost in loss record 583 of 950
==76769==    at 0x484D953: calloc (in /usr/libexec/valgrind/vgpreload_memcheck-amd64-linux.so)
==76769==    by 0x723DE9: __mn_alloc (in /mnt/c/Users/Juan/Documents/GitHub/Mapanare/mapanare/self/mnc-stage1)
==76769==    by 0x7249CE: __mn_str_concat (in /mnt/c/Users/Juan/Documents/GitHub/Mapanare/mapanare/self/mnc-stage1)
==76769==    by 0x71C957: emit_llvm__emit_mir_function (in /mnt/c/Users/Juan/Documents/GitHub/Mapanare/mapanare/self/mnc-stage1)
==76769==    by 0x3F: ???
==76769== 
==76769== 35 bytes in 1 blocks are definitely lost in loss record 584 of 950
==76769==    at 0x484D953: calloc (in /usr/libexec/valgrind/vgpreload_memcheck-amd64-linux.so)
==76769==    by 0x723DE9: __mn_alloc (in /mnt/c/Users/Juan/Documents/GitHub/Mapanare/mapanare/self/mnc-stage1)
==76769==    by 0x7249CE: __mn_str_concat (in /mnt/c/Users/Juan/Documents/GitHub/Mapanare/mapanare/self/mnc-stage1)
==76769==    by 0x692658: emit_llvm__declare_all_runtime (in /mnt/c/Users/Juan/Documents/GitHub/Mapanare/mapanare/self/mnc-stage1)
==76769== 
==76769== 38 bytes in 1 blocks are indirectly lost in loss record 585 of 950
==76769==    at 0x484D953: calloc (in /usr/libexec/valgrind/vgpreload_memcheck-amd64-linux.so)
==76769==    by 0x723DE9: __mn_alloc (in /mnt/c/Users/Juan/Documents/GitHub/Mapanare/mapanare/self/mnc-stage1)
==76769==    by 0x7245AB: __mn_str_from_parts (in /mnt/c/Users/Juan/Documents/GitHub/Mapanare/mapanare/self/mnc-stage1)
==76769==    by 0x68D511: emit_llvm__declare_runtime_fn (in /mnt/c/Users/Juan/Documents/GitHub/Mapanare/mapanare/self/mnc-stage1)
==76769==    by 0x2: ???
==76769==    by 0x6ADB6DF: ???
==76769==    by 0xF: ???
==76769== 
==76769== 40 bytes in 1 blocks are indirectly lost in loss record 586 of 950
==76769==    at 0x484D953: calloc (in /usr/libexec/valgrind/vgpreload_memcheck-amd64-linux.so)
==76769==    by 0x723DE9: __mn_alloc (in /mnt/c/Users/Juan/Documents/GitHub/Mapanare/mapanare/self/mnc-stage1)
==76769==    by 0x7249CE: __mn_str_concat (in /mnt/c/Users/Juan/Documents/GitHub/Mapanare/mapanare/self/mnc-stage1)
==76769==    by 0x688CB5: emit_llvm_ir__emit_call_ir (in /mnt/c/Users/Juan/Documents/GitHub/Mapanare/mapanare/self/mnc-stage1)
==76769==    by 0x6AEB2EF: ???
==76769==    by 0x8000000000000004: ???
==76769==    by 0x800000000000000C: ???
==76769==    by 0x800000000000000E: ???
==76769==    by 0x8000000000000010: ???
==76769==    by 0x800000000000001E: ???
==76769==    by 0x800000000000001F: ???
==76769==    by 0x8000000000000025: ???
==76769==    by 0x6AEDD4F: ???
==76769==    by 0x9: ???
==76769==    by 0x6AEDDBF: ???
==76769==    by 0x1: ???
==76769==    by 0x7: ???
==76769==    by 0xF: ???
==76769==    by 0x740777: ??? (in /mnt/c/Users/Juan/Documents/GitHub/Mapanare/mapanare/self/mnc-stage1)
==76769== 
==76769== 40 bytes in 5 blocks are indirectly lost in loss record 587 of 950
==76769==    at 0x484D953: calloc (in /usr/libexec/valgrind/vgpreload_memcheck-amd64-linux.so)
==76769==    by 0x723DE9: __mn_alloc (in /mnt/c/Users/Juan/Documents/GitHub/Mapanare/mapanare/self/mnc-stage1)
==76769==    by 0x7249CE: __mn_str_concat (in /mnt/c/Users/Juan/Documents/GitHub/Mapanare/mapanare/self/mnc-stage1)
==76769==    by 0x4CE52F: lower__bind_fn_params (in /mnt/c/Users/Juan/Documents/GitHub/Mapanare/mapanare/self/mnc-stage1)
==76769== 
==76769== 40 bytes in 1 blocks are definitely lost in loss record 588 of 950
==76769==    at 0x4846828: malloc (in /usr/libexec/valgrind/vgpreload_memcheck-amd64-linux.so)
==76769==    by 0x4326DA: parser__parse_struct_fields_to_list (in /mnt/c/Users/Juan/Documents/GitHub/Mapanare/mapanare/self/mnc-stage1)
==76769==    by 0xF: ???
==76769==    by 0x6A9887F: ???
==76769==    by 0x6A8FB1F: ???
==76769==    by 0x85: ???
==76769==    by 0xFF: ???
==76769==    by 0x3F: ???
==76769== 
==76769== 41 bytes in 1 blocks are indirectly lost in loss record 589 of 950
==76769==    at 0x484D953: calloc (in /usr/libexec/valgrind/vgpreload_memcheck-amd64-linux.so)
==76769==    by 0x723DE9: __mn_alloc (in /mnt/c/Users/Juan/Documents/GitHub/Mapanare/mapanare/self/mnc-stage1)
==76769==    by 0x7249CE: __mn_str_concat (in /mnt/c/Users/Juan/Documents/GitHub/Mapanare/mapanare/self/mnc-stage1)
==76769==    by 0x688CB5: emit_llvm_ir__emit_call_ir (in /mnt/c/Users/Juan/Documents/GitHub/Mapanare/mapanare/self/mnc-stage1)
==76769==    by 0x6AEB2EF: ???
==76769==    by 0x8000000000000004: ???
==76769==    by 0x800000000000000C: ???
==76769==    by 0x800000000000000F: ???
==76769==    by 0x8000000000000011: ???
==76769==    by 0x800000000000001E: ???
==76769==    by 0x800000000000001F: ???
==76769==    by 0x8000000000000026: ???
==76769==    by 0x6AED02F: ???
==76769==    by 0x9: ???
==76769==    by 0x6AED09F: ???
==76769==    by 0x2: ???
==76769==    by 0x7: ???
==76769==    by 0xF: ???
==76769==    by 0x7407FF: ??? (in /mnt/c/Users/Juan/Documents/GitHub/Mapanare/mapanare/self/mnc-stage1)
==76769== 
==76769== 41 bytes in 2 blocks are indirectly lost in loss record 590 of 950
==76769==    at 0x484D953: calloc (in /usr/libexec/valgrind/vgpreload_memcheck-amd64-linux.so)
==76769==    by 0x723DE9: __mn_alloc (in /mnt/c/Users/Juan/Documents/GitHub/Mapanare/mapanare/self/mnc-stage1)
==76769==    by 0x7249CE: __mn_str_concat (in /mnt/c/Users/Juan/Documents/GitHub/Mapanare/mapanare/self/mnc-stage1)
==76769==    by 0x6AB272: emit_llvm__emit_const (in /mnt/c/Users/Juan/Documents/GitHub/Mapanare/mapanare/self/mnc-stage1)
==76769==    by 0x2: ???
==76769== 
==76769== 42 bytes in 1 blocks are indirectly lost in loss record 591 of 950
==76769==    at 0x484D953: calloc (in /usr/libexec/valgrind/vgpreload_memcheck-amd64-linux.so)
==76769==    by 0x723DE9: __mn_alloc (in /mnt/c/Users/Juan/Documents/GitHub/Mapanare/mapanare/self/mnc-stage1)
==76769==    by 0x7249CE: __mn_str_concat (in /mnt/c/Users/Juan/Documents/GitHub/Mapanare/mapanare/self/mnc-stage1)
==76769==    by 0x69BD05: emit_llvm__register_mir_struct (in /mnt/c/Users/Juan/Documents/GitHub/Mapanare/mapanare/self/mnc-stage1)
==76769==    by 0x3F: ???
==76769== 
==76769== 42 bytes in 1 blocks are indirectly lost in loss record 592 of 950
==76769==    at 0x484D953: calloc (in /usr/libexec/valgrind/vgpreload_memcheck-amd64-linux.so)
==76769==    by 0x723DE9: __mn_alloc (in /mnt/c/Users/Juan/Documents/GitHub/Mapanare/mapanare/self/mnc-stage1)
==76769==    by 0x7249CE: __mn_str_concat (in /mnt/c/Users/Juan/Documents/GitHub/Mapanare/mapanare/self/mnc-stage1)
==76769==    by 0x6B6D4E: emit_llvm__emit_struct_init (in /mnt/c/Users/Juan/Documents/GitHub/Mapanare/mapanare/self/mnc-stage1)
==76769==    by 0x3F: ???
==76769== 
==76769== 42 bytes in 2 blocks are definitely lost in loss record 593 of 950
==76769==    at 0x484D953: calloc (in /usr/libexec/valgrind/vgpreload_memcheck-amd64-linux.so)
==76769==    by 0x723DE9: __mn_alloc (in /mnt/c/Users/Juan/Documents/GitHub/Mapanare/mapanare/self/mnc-stage1)
==76769==    by 0x7249CE: __mn_str_concat (in /mnt/c/Users/Juan/Documents/GitHub/Mapanare/mapanare/self/mnc-stage1)
==76769==    by 0x69B7EB: emit_llvm__register_mir_struct (in /mnt/c/Users/Juan/Documents/GitHub/Mapanare/mapanare/self/mnc-stage1)
==76769==    by 0x3F: ???
==76769== 
==76769== 42 bytes in 2 blocks are definitely lost in loss record 594 of 950
==76769==    at 0x484D953: calloc (in /usr/libexec/valgrind/vgpreload_memcheck-amd64-linux.so)
==76769==    by 0x723DE9: __mn_alloc (in /mnt/c/Users/Juan/Documents/GitHub/Mapanare/mapanare/self/mnc-stage1)
==76769==    by 0x7249CE: __mn_str_concat (in /mnt/c/Users/Juan/Documents/GitHub/Mapanare/mapanare/self/mnc-stage1)
==76769==    by 0x69B826: emit_llvm__register_mir_struct (in /mnt/c/Users/Juan/Documents/GitHub/Mapanare/mapanare/self/mnc-stage1)
==76769==    by 0x3F: ???
==76769== 
==76769== 44 bytes in 2 blocks are definitely lost in loss record 595 of 950
==76769==    at 0x484D953: calloc (in /usr/libexec/valgrind/vgpreload_memcheck-amd64-linux.so)
==76769==    by 0x723DE9: __mn_alloc (in /mnt/c/Users/Juan/Documents/GitHub/Mapanare/mapanare/self/mnc-stage1)
==76769==    by 0x7249CE: __mn_str_concat (in /mnt/c/Users/Juan/Documents/GitHub/Mapanare/mapanare/self/mnc-stage1)
==76769==    by 0x69B802: emit_llvm__register_mir_struct (in /mnt/c/Users/Juan/Documents/GitHub/Mapanare/mapanare/self/mnc-stage1)
==76769==    by 0x3F: ???
==76769== 
==76769== 44 bytes in 2 blocks are definitely lost in loss record 596 of 950
==76769==    at 0x484D953: calloc (in /usr/libexec/valgrind/vgpreload_memcheck-amd64-linux.so)
==76769==    by 0x723DE9: __mn_alloc (in /mnt/c/Users/Juan/Documents/GitHub/Mapanare/mapanare/self/mnc-stage1)
==76769==    by 0x7249CE: __mn_str_concat (in /mnt/c/Users/Juan/Documents/GitHub/Mapanare/mapanare/self/mnc-stage1)
==76769==    by 0x69B83D: emit_llvm__register_mir_struct (in /mnt/c/Users/Juan/Documents/GitHub/Mapanare/mapanare/self/mnc-stage1)
==76769==    by 0x3F: ???
==76769== 
==76769== 46 bytes in 2 blocks are indirectly lost in loss record 597 of 950
==76769==    at 0x484D953: calloc (in /usr/libexec/valgrind/vgpreload_memcheck-amd64-linux.so)
==76769==    by 0x723DE9: __mn_alloc (in /mnt/c/Users/Juan/Documents/GitHub/Mapanare/mapanare/self/mnc-stage1)
==76769==    by 0x7249CE: __mn_str_concat (in /mnt/c/Users/Juan/Documents/GitHub/Mapanare/mapanare/self/mnc-stage1)
==76769==    by 0x6AA99A: emit_llvm__emit_const (in /mnt/c/Users/Juan/Documents/GitHub/Mapanare/mapanare/self/mnc-stage1)
==76769==    by 0x9: ???
==76769== 
==76769== 46 bytes in 3 blocks are indirectly lost in loss record 598 of 950
==76769==    at 0x484D953: calloc (in /usr/libexec/valgrind/vgpreload_memcheck-amd64-linux.so)
==76769==    by 0x723DE9: __mn_alloc (in /mnt/c/Users/Juan/Documents/GitHub/Mapanare/mapanare/self/mnc-stage1)
==76769==    by 0x7249CE: __mn_str_concat (in /mnt/c/Users/Juan/Documents/GitHub/Mapanare/mapanare/self/mnc-stage1)
==76769==    by 0x58CED4: lower__mangle_generic_name (in /mnt/c/Users/Juan/Documents/GitHub/Mapanare/mapanare/self/mnc-stage1)
==76769== 
==76769== 46 bytes in 2 blocks are definitely lost in loss record 599 of 950
==76769==    at 0x484D953: calloc (in /usr/libexec/valgrind/vgpreload_memcheck-amd64-linux.so)
==76769==    by 0x723DE9: __mn_alloc (in /mnt/c/Users/Juan/Documents/GitHub/Mapanare/mapanare/self/mnc-stage1)
==76769==    by 0x7249CE: __mn_str_concat (in /mnt/c/Users/Juan/Documents/GitHub/Mapanare/mapanare/self/mnc-stage1)
==76769==    by 0x69B77C: emit_llvm__register_mir_struct (in /mnt/c/Users/Juan/Documents/GitHub/Mapanare/mapanare/self/mnc-stage1)
==76769==    by 0x3F: ???
==76769== 
==76769== 46 bytes in 2 blocks are definitely lost in loss record 600 of 950
==76769==    at 0x484D953: calloc (in /usr/libexec/valgrind/vgpreload_memcheck-amd64-linux.so)
==76769==    by 0x723DE9: __mn_alloc (in /mnt/c/Users/Juan/Documents/GitHub/Mapanare/mapanare/self/mnc-stage1)
==76769==    by 0x7249CE: __mn_str_concat (in /mnt/c/Users/Juan/Documents/GitHub/Mapanare/mapanare/self/mnc-stage1)
==76769==    by 0x69B7B0: emit_llvm__register_mir_struct (in /mnt/c/Users/Juan/Documents/GitHub/Mapanare/mapanare/self/mnc-stage1)
==76769==    by 0x3F: ???
==76769== 
==76769== 47 bytes in 1 blocks are definitely lost in loss record 601 of 950
==76769==    at 0x484D953: calloc (in /usr/libexec/valgrind/vgpreload_memcheck-amd64-linux.so)
==76769==    by 0x723DE9: __mn_alloc (in /mnt/c/Users/Juan/Documents/GitHub/Mapanare/mapanare/self/mnc-stage1)
==76769==    by 0x7249CE: __mn_str_concat (in /mnt/c/Users/Juan/Documents/GitHub/Mapanare/mapanare/self/mnc-stage1)
==76769==    by 0x6B6786: emit_llvm__emit_struct_init (in /mnt/c/Users/Juan/Documents/GitHub/Mapanare/mapanare/self/mnc-stage1)
==76769==    by 0x3F: ???
==76769== 
==76769== 48 bytes in 1 blocks are indirectly lost in loss record 602 of 950
==76769==    at 0x4846828: malloc (in /usr/libexec/valgrind/vgpreload_memcheck-amd64-linux.so)
==76769==    by 0x432865: parser__parse_struct_construct (in /mnt/c/Users/Juan/Documents/GitHub/Mapanare/mapanare/self/mnc-stage1)
==76769== 
==76769== 48 bytes in 2 blocks are indirectly lost in loss record 603 of 950
==76769==    at 0x4846828: malloc (in /usr/libexec/valgrind/vgpreload_memcheck-amd64-linux.so)
==76769==    by 0x42F608: parser__parse_return_stmt (in /mnt/c/Users/Juan/Documents/GitHub/Mapanare/mapanare/self/mnc-stage1)
==76769==    by 0x3F: ???
==76769== 
==76769== 48 bytes in 3 blocks are indirectly lost in loss record 604 of 950
==76769==    at 0x4846828: malloc (in /usr/libexec/valgrind/vgpreload_memcheck-amd64-linux.so)
==76769==    by 0x58DA86: lower__substitute_type_annotation (in /mnt/c/Users/Juan/Documents/GitHub/Mapanare/mapanare/self/mnc-stage1)
==76769==    by 0x73ECC7: ??? (in /mnt/c/Users/Juan/Documents/GitHub/Mapanare/mapanare/self/mnc-stage1)
==76769==    by 0x8000000000000000: ???
==76769==    by 0x6A7A34F: ???
==76769== 
==76769== 48 bytes in 1 blocks are definitely lost in loss record 605 of 950
==76769==    at 0x484D953: calloc (in /usr/libexec/valgrind/vgpreload_memcheck-amd64-linux.so)
==76769==    by 0x723DE9: __mn_alloc (in /mnt/c/Users/Juan/Documents/GitHub/Mapanare/mapanare/self/mnc-stage1)
==76769==    by 0x7249CE: __mn_str_concat (in /mnt/c/Users/Juan/Documents/GitHub/Mapanare/mapanare/self/mnc-stage1)
==76769==    by 0x6B67AD: emit_llvm__emit_struct_init (in /mnt/c/Users/Juan/Documents/GitHub/Mapanare/mapanare/self/mnc-stage1)
==76769==    by 0x3F: ???
==76769== 
==76769== 48 bytes in 2 blocks are definitely lost in loss record 606 of 950
==76769==    at 0x484D953: calloc (in /usr/libexec/valgrind/vgpreload_memcheck-amd64-linux.so)
==76769==    by 0x723DE9: __mn_alloc (in /mnt/c/Users/Juan/Documents/GitHub/Mapanare/mapanare/self/mnc-stage1)
==76769==    by 0x7249CE: __mn_str_concat (in /mnt/c/Users/Juan/Documents/GitHub/Mapanare/mapanare/self/mnc-stage1)
==76769==    by 0x69B793: emit_llvm__register_mir_struct (in /mnt/c/Users/Juan/Documents/GitHub/Mapanare/mapanare/self/mnc-stage1)
==76769==    by 0x3F: ???
==76769== 
==76769== 48 bytes in 2 blocks are definitely lost in loss record 607 of 950
==76769==    at 0x484D953: calloc (in /usr/libexec/valgrind/vgpreload_memcheck-amd64-linux.so)
==76769==    by 0x723DE9: __mn_alloc (in /mnt/c/Users/Juan/Documents/GitHub/Mapanare/mapanare/self/mnc-stage1)
==76769==    by 0x7249CE: __mn_str_concat (in /mnt/c/Users/Juan/Documents/GitHub/Mapanare/mapanare/self/mnc-stage1)
==76769==    by 0x69B7C7: emit_llvm__register_mir_struct (in /mnt/c/Users/Juan/Documents/GitHub/Mapanare/mapanare/self/mnc-stage1)
==76769==    by 0x3F: ???
==76769== 
==76769== 48 bytes in 3 blocks are definitely lost in loss record 608 of 950
==76769==    at 0x4846828: malloc (in /usr/libexec/valgrind/vgpreload_memcheck-amd64-linux.so)
==76769==    by 0x728B99: __mn_range (in /mnt/c/Users/Juan/Documents/GitHub/Mapanare/mapanare/self/mnc-stage1)
==76769==    by 0x4779A0: semantic__register_def (in /mnt/c/Users/Juan/Documents/GitHub/Mapanare/mapanare/self/mnc-stage1)
==76769== 
==76769== 48 bytes in 3 blocks are definitely lost in loss record 609 of 950
==76769==    at 0x4846828: malloc (in /usr/libexec/valgrind/vgpreload_memcheck-amd64-linux.so)
==76769==    by 0x728B99: __mn_range (in /mnt/c/Users/Juan/Documents/GitHub/Mapanare/mapanare/self/mnc-stage1)
==76769==    by 0x481942: semantic__check_fn_body (in /mnt/c/Users/Juan/Documents/GitHub/Mapanare/mapanare/self/mnc-stage1)
==76769== 
==76769== 48 bytes in 3 blocks are definitely lost in loss record 610 of 950
==76769==    at 0x4846828: malloc (in /usr/libexec/valgrind/vgpreload_memcheck-amd64-linux.so)
==76769==    by 0x728B99: __mn_range (in /mnt/c/Users/Juan/Documents/GitHub/Mapanare/mapanare/self/mnc-stage1)
==76769==    by 0x58C976: lower__find_generic_fn (in /mnt/c/Users/Juan/Documents/GitHub/Mapanare/mapanare/self/mnc-stage1)
==76769== 
==76769== 48 bytes in 3 blocks are definitely lost in loss record 611 of 950
==76769==    at 0x4846828: malloc (in /usr/libexec/valgrind/vgpreload_memcheck-amd64-linux.so)
==76769==    by 0x728B99: __mn_range (in /mnt/c/Users/Juan/Documents/GitHub/Mapanare/mapanare/self/mnc-stage1)
==76769==    by 0x58D793: lower__substitute_type_annotation (in /mnt/c/Users/Juan/Documents/GitHub/Mapanare/mapanare/self/mnc-stage1)
==76769==    by 0x73ECC7: ??? (in /mnt/c/Users/Juan/Documents/GitHub/Mapanare/mapanare/self/mnc-stage1)
==76769==    by 0x8000000000000000: ???
==76769==    by 0x6A7A34F: ???
==76769==    by 0x8000000000000046: ???
==76769== 
==76769== 48 bytes in 3 blocks are definitely lost in loss record 612 of 950
==76769==    at 0x4846828: malloc (in /usr/libexec/valgrind/vgpreload_memcheck-amd64-linux.so)
==76769==    by 0x728B99: __mn_range (in /mnt/c/Users/Juan/Documents/GitHub/Mapanare/mapanare/self/mnc-stage1)
==76769==    by 0x58D793: lower__substitute_type_annotation (in /mnt/c/Users/Juan/Documents/GitHub/Mapanare/mapanare/self/mnc-stage1)
==76769==    by 0x73ECC7: ??? (in /mnt/c/Users/Juan/Documents/GitHub/Mapanare/mapanare/self/mnc-stage1)
==76769==    by 0x8000000000000000: ???
==76769==    by 0x6A7ABAF: ???
==76769== 
==76769== 48 bytes in 3 blocks are definitely lost in loss record 613 of 950
==76769==    at 0x4846828: malloc (in /usr/libexec/valgrind/vgpreload_memcheck-amd64-linux.so)
==76769==    by 0x58DA86: lower__substitute_type_annotation (in /mnt/c/Users/Juan/Documents/GitHub/Mapanare/mapanare/self/mnc-stage1)
==76769==    by 0x73ECC7: ??? (in /mnt/c/Users/Juan/Documents/GitHub/Mapanare/mapanare/self/mnc-stage1)
==76769==    by 0x8000000000000000: ???
==76769==    by 0x6A7ABAF: ???
==76769== 
==76769== 48 bytes in 3 blocks are definitely lost in loss record 614 of 950
==76769==    at 0x4846828: malloc (in /usr/libexec/valgrind/vgpreload_memcheck-amd64-linux.so)
==76769==    by 0x728B99: __mn_range (in /mnt/c/Users/Juan/Documents/GitHub/Mapanare/mapanare/self/mnc-stage1)
==76769==    by 0x6765B5: lower__verify_function (in /mnt/c/Users/Juan/Documents/GitHub/Mapanare/mapanare/self/mnc-stage1)
==76769==    by 0x3: ???
==76769==    by 0x7: ???
==76769==    by 0xF: ???
==76769== 
==76769== 50 bytes in 1 blocks are indirectly lost in loss record 615 of 950
==76769==    at 0x484D953: calloc (in /usr/libexec/valgrind/vgpreload_memcheck-amd64-linux.so)
==76769==    by 0x723DE9: __mn_alloc (in /mnt/c/Users/Juan/Documents/GitHub/Mapanare/mapanare/self/mnc-stage1)
==76769==    by 0x7249CE: __mn_str_concat (in /mnt/c/Users/Juan/Documents/GitHub/Mapanare/mapanare/self/mnc-stage1)
==76769==    by 0x689096: emit_llvm_ir__emit_insertvalue (in /mnt/c/Users/Juan/Documents/GitHub/Mapanare/mapanare/self/mnc-stage1)
==76769==    by 0x1101: ???
==76769==    by 0x8000000000000005: ???
==76769==    by 0x8000000000000014: ???
==76769==    by 0x800000000000001E: ???
==76769==    by 0x800000000000001F: ???
==76769==    by 0x8000000000000026: ???
==76769==    by 0x8000000000000028: ???
==76769==    by 0x800000000000002B: ???
==76769==    by 0x800000000000002C: ???
==76769==    by 0x800000000000002D: ???
==76769==    by 0x800000000000002F: ???
==76769==    by 0x6AEF7FF: ???
==76769==    by 0x6AEF86F: ???
==76769==    by 0x6AEF8DF: ???
==76769==    by 0x6AEF94F: ???
==76769==    by 0x8000000000000038: ???
==76769== 
==76769== 50 bytes in 1 blocks are indirectly lost in loss record 616 of 950
==76769==    at 0x484D953: calloc (in /usr/libexec/valgrind/vgpreload_memcheck-amd64-linux.so)
==76769==    by 0x723DE9: __mn_alloc (in /mnt/c/Users/Juan/Documents/GitHub/Mapanare/mapanare/self/mnc-stage1)
==76769==    by 0x7249CE: __mn_str_concat (in /mnt/c/Users/Juan/Documents/GitHub/Mapanare/mapanare/self/mnc-stage1)
==76769==    by 0x6B6FFD: emit_llvm__emit_struct_init (in /mnt/c/Users/Juan/Documents/GitHub/Mapanare/mapanare/self/mnc-stage1)
==76769==    by 0x3F: ???
==76769== 
==76769== 51 bytes in 1 blocks are indirectly lost in loss record 617 of 950
==76769==    at 0x484D953: calloc (in /usr/libexec/valgrind/vgpreload_memcheck-amd64-linux.so)
==76769==    by 0x723DE9: __mn_alloc (in /mnt/c/Users/Juan/Documents/GitHub/Mapanare/mapanare/self/mnc-stage1)
==76769==    by 0x7249CE: __mn_str_concat (in /mnt/c/Users/Juan/Documents/GitHub/Mapanare/mapanare/self/mnc-stage1)
==76769==    by 0x70CC15: emit_llvm__emit_builtin_print (in /mnt/c/Users/Juan/Documents/GitHub/Mapanare/mapanare/self/mnc-stage1)
==76769== 
==76769== 52 bytes in 1 blocks are indirectly lost in loss record 618 of 950
==76769==    at 0x484D953: calloc (in /usr/libexec/valgrind/vgpreload_memcheck-amd64-linux.so)
==76769==    by 0x723DE9: __mn_alloc (in /mnt/c/Users/Juan/Documents/GitHub/Mapanare/mapanare/self/mnc-stage1)
==76769==    by 0x7249CE: __mn_str_concat (in /mnt/c/Users/Juan/Documents/GitHub/Mapanare/mapanare/self/mnc-stage1)
==76769==    by 0x6B6EAF: emit_llvm__emit_struct_init (in /mnt/c/Users/Juan/Documents/GitHub/Mapanare/mapanare/self/mnc-stage1)
==76769==    by 0x3F: ???
==76769== 
==76769== 53 bytes in 1 blocks are indirectly lost in loss record 619 of 950
==76769==    at 0x484D953: calloc (in /usr/libexec/valgrind/vgpreload_memcheck-amd64-linux.so)
==76769==    by 0x723DE9: __mn_alloc (in /mnt/c/Users/Juan/Documents/GitHub/Mapanare/mapanare/self/mnc-stage1)
==76769==    by 0x7249CE: __mn_str_concat (in /mnt/c/Users/Juan/Documents/GitHub/Mapanare/mapanare/self/mnc-stage1)
==76769==    by 0x6AB6E0: emit_llvm__emit_const (in /mnt/c/Users/Juan/Documents/GitHub/Mapanare/mapanare/self/mnc-stage1)
==76769==    by 0x1: ???
==76769== 
==76769== 53 bytes in 1 blocks are definitely lost in loss record 620 of 950
==76769==    at 0x484D953: calloc (in /usr/libexec/valgrind/vgpreload_memcheck-amd64-linux.so)
==76769==    by 0x723DE9: __mn_alloc (in /mnt/c/Users/Juan/Documents/GitHub/Mapanare/mapanare/self/mnc-stage1)
==76769==    by 0x7249CE: __mn_str_concat (in /mnt/c/Users/Juan/Documents/GitHub/Mapanare/mapanare/self/mnc-stage1)
==76769==    by 0x6B67D2: emit_llvm__emit_struct_init (in /mnt/c/Users/Juan/Documents/GitHub/Mapanare/mapanare/self/mnc-stage1)
==76769==    by 0x3F: ???
==76769== 
==76769== 54 bytes in 1 blocks are indirectly lost in loss record 621 of 950
==76769==    at 0x484D953: calloc (in /usr/libexec/valgrind/vgpreload_memcheck-amd64-linux.so)
==76769==    by 0x723DE9: __mn_alloc (in /mnt/c/Users/Juan/Documents/GitHub/Mapanare/mapanare/self/mnc-stage1)
==76769==    by 0x7245AB: __mn_str_from_parts (in /mnt/c/Users/Juan/Documents/GitHub/Mapanare/mapanare/self/mnc-stage1)
==76769==    by 0x68D511: emit_llvm__declare_runtime_fn (in /mnt/c/Users/Juan/Documents/GitHub/Mapanare/mapanare/self/mnc-stage1)
==76769==    by 0x9: ???
==76769==    by 0x6ACF74F: ???
==76769==    by 0xF: ???
==76769== 
==76769== 54 bytes in 1 blocks are indirectly lost in loss record 622 of 950
==76769==    at 0x484D953: calloc (in /usr/libexec/valgrind/vgpreload_memcheck-amd64-linux.so)
==76769==    by 0x723DE9: __mn_alloc (in /mnt/c/Users/Juan/Documents/GitHub/Mapanare/mapanare/self/mnc-stage1)
==76769==    by 0x7249CE: __mn_str_concat (in /mnt/c/Users/Juan/Documents/GitHub/Mapanare/mapanare/self/mnc-stage1)
==76769==    by 0x688CB5: emit_llvm_ir__emit_call_ir (in /mnt/c/Users/Juan/Documents/GitHub/Mapanare/mapanare/self/mnc-stage1)
==76769==    by 0x6AEB2EF: ???
==76769==    by 0x8000000000000005: ???
==76769==    by 0x800000000000000D: ???
==76769==    by 0x8000000000000010: ???
==76769==    by 0x8000000000000012: ???
==76769==    by 0x8000000000000020: ???
==76769==    by 0x8000000000000021: ???
==76769==    by 0x8000000000000033: ???
==76769==    by 0x6AF0E8F: ???
==76769==    by 0x9: ???
==76769==    by 0x6AF0EFF: ???
==76769==    by 0x2: ???
==76769==    by 0x7: ???
==76769==    by 0xF: ???
==76769==    by 0x7407FF: ??? (in /mnt/c/Users/Juan/Documents/GitHub/Mapanare/mapanare/self/mnc-stage1)
==76769== 
==76769== 54 bytes in 27 blocks are indirectly lost in loss record 623 of 950
==76769==    at 0x484D953: calloc (in /usr/libexec/valgrind/vgpreload_memcheck-amd64-linux.so)
==76769==    by 0x723DE9: __mn_alloc (in /mnt/c/Users/Juan/Documents/GitHub/Mapanare/mapanare/self/mnc-stage1)
==76769==    by 0x7245AB: __mn_str_from_parts (in /mnt/c/Users/Juan/Documents/GitHub/Mapanare/mapanare/self/mnc-stage1)
==76769==    by 0x41FA94: lexer__scan_ident (in /mnt/c/Users/Juan/Documents/GitHub/Mapanare/mapanare/self/mnc-stage1)
==76769==    by 0x73C56F: ??? (in /mnt/c/Users/Juan/Documents/GitHub/Mapanare/mapanare/self/mnc-stage1)
==76769== 
==76769== 55 bytes in 1 blocks are definitely lost in loss record 624 of 950
==76769==    at 0x484D953: calloc (in /usr/libexec/valgrind/vgpreload_memcheck-amd64-linux.so)
==76769==    by 0x723DE9: __mn_alloc (in /mnt/c/Users/Juan/Documents/GitHub/Mapanare/mapanare/self/mnc-stage1)
==76769==    by 0x7249CE: __mn_str_concat (in /mnt/c/Users/Juan/Documents/GitHub/Mapanare/mapanare/self/mnc-stage1)
==76769==    by 0x6B67F9: emit_llvm__emit_struct_init (in /mnt/c/Users/Juan/Documents/GitHub/Mapanare/mapanare/self/mnc-stage1)
==76769==    by 0x3F: ???
==76769== 
==76769== 56 bytes in 1 blocks are indirectly lost in loss record 625 of 950
==76769==    at 0x4846828: malloc (in /usr/libexec/valgrind/vgpreload_memcheck-amd64-linux.so)
==76769==    by 0x4780C8: semantic__register_def (in /mnt/c/Users/Juan/Documents/GitHub/Mapanare/mapanare/self/mnc-stage1)
==76769== 
==76769== 56 bytes in 1 blocks are definitely lost in loss record 626 of 950
==76769==    at 0x484D953: calloc (in /usr/libexec/valgrind/vgpreload_memcheck-amd64-linux.so)
==76769==    by 0x415B0F: compile (in /mnt/c/Users/Juan/Documents/GitHub/Mapanare/mapanare/self/mnc-stage1)
==76769== 
==76769== 56 bytes in 1 blocks are definitely lost in loss record 627 of 950
==76769==    at 0x4846828: malloc (in /usr/libexec/valgrind/vgpreload_memcheck-amd64-linux.so)
==76769==    by 0x48A513: semantic__register_builtins (in /mnt/c/Users/Juan/Documents/GitHub/Mapanare/mapanare/self/mnc-stage1)
==76769== 
==76769== 56 bytes in 1 blocks are definitely lost in loss record 628 of 950
==76769==    at 0x4846828: malloc (in /usr/libexec/valgrind/vgpreload_memcheck-amd64-linux.so)
==76769==    by 0x497D52: semantic__register_builtins (in /mnt/c/Users/Juan/Documents/GitHub/Mapanare/mapanare/self/mnc-stage1)
==76769== 
==76769== 56 bytes in 1 blocks are definitely lost in loss record 629 of 950
==76769==    at 0x4846828: malloc (in /usr/libexec/valgrind/vgpreload_memcheck-amd64-linux.so)
==76769==    by 0x473172: semantic__check_let_stmt (in /mnt/c/Users/Juan/Documents/GitHub/Mapanare/mapanare/self/mnc-stage1)
==76769== 
==76769== 57 bytes in 1 blocks are indirectly lost in loss record 630 of 950
==76769==    at 0x484D953: calloc (in /usr/libexec/valgrind/vgpreload_memcheck-amd64-linux.so)
==76769==    by 0x723DE9: __mn_alloc (in /mnt/c/Users/Juan/Documents/GitHub/Mapanare/mapanare/self/mnc-stage1)
==76769==    by 0x7249CE: __mn_str_concat (in /mnt/c/Users/Juan/Documents/GitHub/Mapanare/mapanare/self/mnc-stage1)
==76769==    by 0x689294: emit_llvm_ir__emit_extractvalue (in /mnt/c/Users/Juan/Documents/GitHub/Mapanare/mapanare/self/mnc-stage1)
==76769==    by 0x1: ???
==76769==    by 0x8000000000000005: ???
==76769==    by 0x8000000000000015: ???
==76769==    by 0x800000000000002B: ???
==76769==    by 0x800000000000002C: ???
==76769==    by 0x8000000000000034: ???
==76769==    by 0x8000000000000036: ???
==76769==    by 0x7254DD: __mn_str_from_int (in /mnt/c/Users/Juan/Documents/GitHub/Mapanare/mapanare/self/mnc-stage1)
==76769== 
==76769== 58 bytes in 1 blocks are indirectly lost in loss record 631 of 950
==76769==    at 0x484D953: calloc (in /usr/libexec/valgrind/vgpreload_memcheck-amd64-linux.so)
==76769==    by 0x723DE9: __mn_alloc (in /mnt/c/Users/Juan/Documents/GitHub/Mapanare/mapanare/self/mnc-stage1)
==76769==    by 0x7249CE: __mn_str_concat (in /mnt/c/Users/Juan/Documents/GitHub/Mapanare/mapanare/self/mnc-stage1)
==76769==    by 0x689096: emit_llvm_ir__emit_insertvalue (in /mnt/c/Users/Juan/Documents/GitHub/Mapanare/mapanare/self/mnc-stage1)
==76769==    by 0x1101: ???
==76769==    by 0x8000000000000008: ???
==76769==    by 0x8000000000000017: ???
==76769==    by 0x8000000000000021: ???
==76769==    by 0x8000000000000022: ???
==76769==    by 0x8000000000000027: ???
==76769==    by 0x8000000000000029: ???
==76769==    by 0x800000000000002C: ???
==76769==    by 0x800000000000002D: ???
==76769==    by 0x8000000000000035: ???
==76769==    by 0x8000000000000037: ???
==76769==    by 0x6AEF33F: ???
==76769==    by 0x6AEF3AF: ???
==76769==    by 0x6AEF41F: ???
==76769==    by 0x6AEF48F: ???
==76769==    by 0x7: ???
==76769== 
==76769== 58 bytes in 1 blocks are definitely lost in loss record 632 of 950
==76769==    at 0x484D953: calloc (in /usr/libexec/valgrind/vgpreload_memcheck-amd64-linux.so)
==76769==    by 0x723DE9: __mn_alloc (in /mnt/c/Users/Juan/Documents/GitHub/Mapanare/mapanare/self/mnc-stage1)
==76769==    by 0x7245AB: __mn_str_from_parts (in /mnt/c/Users/Juan/Documents/GitHub/Mapanare/mapanare/self/mnc-stage1)
==76769==    by 0x413A7B: dir_of_path (in /mnt/c/Users/Juan/Documents/GitHub/Mapanare/mapanare/self/mnc-stage1)
==76769== 
==76769== 58 bytes in 1 blocks are definitely lost in loss record 633 of 950
==76769==    at 0x484D953: calloc (in /usr/libexec/valgrind/vgpreload_memcheck-amd64-linux.so)
==76769==    by 0x723DE9: __mn_alloc (in /mnt/c/Users/Juan/Documents/GitHub/Mapanare/mapanare/self/mnc-stage1)
==76769==    by 0x7249CE: __mn_str_concat (in /mnt/c/Users/Juan/Documents/GitHub/Mapanare/mapanare/self/mnc-stage1)
==76769==    by 0x6B681C: emit_llvm__emit_struct_init (in /mnt/c/Users/Juan/Documents/GitHub/Mapanare/mapanare/self/mnc-stage1)
==76769==    by 0x3F: ???
==76769== 
==76769== 59 bytes in 1 blocks are definitely lost in loss record 634 of 950
==76769==    at 0x484D953: calloc (in /usr/libexec/valgrind/vgpreload_memcheck-amd64-linux.so)
==76769==    by 0x723DE9: __mn_alloc (in /mnt/c/Users/Juan/Documents/GitHub/Mapanare/mapanare/self/mnc-stage1)
==76769==    by 0x7249CE: __mn_str_concat (in /mnt/c/Users/Juan/Documents/GitHub/Mapanare/mapanare/self/mnc-stage1)
==76769==    by 0x6B6843: emit_llvm__emit_struct_init (in /mnt/c/Users/Juan/Documents/GitHub/Mapanare/mapanare/self/mnc-stage1)
==76769==    by 0x3F: ???
==76769== 
==76769== 60 bytes in 1 blocks are indirectly lost in loss record 635 of 950
==76769==    at 0x484D953: calloc (in /usr/libexec/valgrind/vgpreload_memcheck-amd64-linux.so)
==76769==    by 0x723DE9: __mn_alloc (in /mnt/c/Users/Juan/Documents/GitHub/Mapanare/mapanare/self/mnc-stage1)
==76769==    by 0x7249CE: __mn_str_concat (in /mnt/c/Users/Juan/Documents/GitHub/Mapanare/mapanare/self/mnc-stage1)
==76769==    by 0x70C74A: emit_llvm__emit_builtin_print (in /mnt/c/Users/Juan/Documents/GitHub/Mapanare/mapanare/self/mnc-stage1)
==76769== 
==76769== 60 bytes in 1 blocks are indirectly lost in loss record 636 of 950
==76769==    at 0x484D953: calloc (in /usr/libexec/valgrind/vgpreload_memcheck-amd64-linux.so)
==76769==    by 0x723DE9: __mn_alloc (in /mnt/c/Users/Juan/Documents/GitHub/Mapanare/mapanare/self/mnc-stage1)
==76769==    by 0x7249CE: __mn_str_concat (in /mnt/c/Users/Juan/Documents/GitHub/Mapanare/mapanare/self/mnc-stage1)
==76769==    by 0x688CB5: emit_llvm_ir__emit_call_ir (in /mnt/c/Users/Juan/Documents/GitHub/Mapanare/mapanare/self/mnc-stage1)
==76769==    by 0x6AEB2EF: ???
==76769==    by 0x8000000000000005: ???
==76769==    by 0x800000000000000D: ???
==76769==    by 0x8000000000000017: ???
==76769==    by 0x8000000000000019: ???
==76769==    by 0x8000000000000029: ???
==76769==    by 0x800000000000002A: ???
==76769==    by 0x8000000000000039: ???
==76769==    by 0x6AEFE1F: ???
==76769==    by 0x9: ???
==76769==    by 0x6AEFE8F: ???
==76769==    by 0x9: ???
==76769==    by 0x7: ???
==76769==    by 0xF: ???
==76769==    by 0x74078F: ??? (in /mnt/c/Users/Juan/Documents/GitHub/Mapanare/mapanare/self/mnc-stage1)
==76769== 
==76769== 63 bytes in 1 blocks are definitely lost in loss record 637 of 950
==76769==    at 0x484D953: calloc (in /usr/libexec/valgrind/vgpreload_memcheck-amd64-linux.so)
==76769==    by 0x723DE9: __mn_alloc (in /mnt/c/Users/Juan/Documents/GitHub/Mapanare/mapanare/self/mnc-stage1)
==76769==    by 0x7249CE: __mn_str_concat (in /mnt/c/Users/Juan/Documents/GitHub/Mapanare/mapanare/self/mnc-stage1)
==76769==    by 0x6B686E: emit_llvm__emit_struct_init (in /mnt/c/Users/Juan/Documents/GitHub/Mapanare/mapanare/self/mnc-stage1)
==76769==    by 0x3F: ???
==76769== 
==76769== 64 bytes in 1 blocks are indirectly lost in loss record 638 of 950
==76769==    at 0x4846828: malloc (in /usr/libexec/valgrind/vgpreload_memcheck-amd64-linux.so)
==76769==    by 0x42F454: parser__parse_let_stmt (in /mnt/c/Users/Juan/Documents/GitHub/Mapanare/mapanare/self/mnc-stage1)
==76769== 
==76769== 64 bytes in 1 blocks are indirectly lost in loss record 639 of 950
==76769==    at 0x4846828: malloc (in /usr/libexec/valgrind/vgpreload_memcheck-amd64-linux.so)
==76769==    by 0x42F454: parser__parse_let_stmt (in /mnt/c/Users/Juan/Documents/GitHub/Mapanare/mapanare/self/mnc-stage1)
==76769==    by 0x6A8FB1F: ???
==76769==    by 0x6A969EF: ???
==76769==    by 0x6A8FB1F: ???
==76769==    by 0x6A8FB1F: ???
==76769==    by 0x85: ???
==76769==    by 0xFF: ???
==76769==    by 0x3F: ???
==76769== 
==76769== 64 bytes in 1 blocks are indirectly lost in loss record 640 of 950
==76769==    at 0x4846828: malloc (in /usr/libexec/valgrind/vgpreload_memcheck-amd64-linux.so)
==76769==    by 0x42F454: parser__parse_let_stmt (in /mnt/c/Users/Juan/Documents/GitHub/Mapanare/mapanare/self/mnc-stage1)
==76769==    by 0x6A8FB1F: ???
==76769==    by 0x6A9732F: ???
==76769==    by 0x6A8FB1F: ???
==76769==    by 0x6A8FB1F: ???
==76769==    by 0x85: ???
==76769==    by 0xFF: ???
==76769==    by 0x3F: ???
==76769== 
==76769== 64 bytes in 1 blocks are indirectly lost in loss record 641 of 950
==76769==    at 0x4846828: malloc (in /usr/libexec/valgrind/vgpreload_memcheck-amd64-linux.so)
==76769==    by 0x42F454: parser__parse_let_stmt (in /mnt/c/Users/Juan/Documents/GitHub/Mapanare/mapanare/self/mnc-stage1)
==76769==    by 0x6A8FB1F: ???
==76769==    by 0x6A97E4F: ???
==76769==    by 0x6A8FB1F: ???
==76769==    by 0x6A8FB1F: ???
==76769==    by 0x85: ???
==76769==    by 0xFF: ???
==76769==    by 0x3F: ???
==76769== 
==76769== 64 bytes in 1 blocks are indirectly lost in loss record 642 of 950
==76769==    at 0x4846828: malloc (in /usr/libexec/valgrind/vgpreload_memcheck-amd64-linux.so)
==76769==    by 0x42F454: parser__parse_let_stmt (in /mnt/c/Users/Juan/Documents/GitHub/Mapanare/mapanare/self/mnc-stage1)
==76769==    by 0x6A8FB1F: ???
==76769== 
==76769== 64 bytes in 4 blocks are definitely lost in loss record 643 of 950
==76769==    at 0x4846828: malloc (in /usr/libexec/valgrind/vgpreload_memcheck-amd64-linux.so)
==76769==    by 0x728B99: __mn_range (in /mnt/c/Users/Juan/Documents/GitHub/Mapanare/mapanare/self/mnc-stage1)
==76769==    by 0x437E86: semantic__scope_lookup (in /mnt/c/Users/Juan/Documents/GitHub/Mapanare/mapanare/self/mnc-stage1)
==76769==    by 0xFFFFFFFFFF: ???
==76769==    by 0x6A64FD7: ???
==76769==    by 0x6AAE90F: ???
==76769==    by 0x3: ???
==76769== 
==76769== 64 bytes in 4 blocks are definitely lost in loss record 644 of 950
==76769==    at 0x4846828: malloc (in /usr/libexec/valgrind/vgpreload_memcheck-amd64-linux.so)
==76769==    by 0x728B99: __mn_range (in /mnt/c/Users/Juan/Documents/GitHub/Mapanare/mapanare/self/mnc-stage1)
==76769==    by 0x437E86: semantic__scope_lookup (in /mnt/c/Users/Juan/Documents/GitHub/Mapanare/mapanare/self/mnc-stage1)
==76769==    by 0xFFFFFFFFFF: ???
==76769==    by 0x6A65927: ???
==76769==    by 0x6AAE90F: ???
==76769==    by 0x8: ???
==76769== 
==76769== 64 bytes in 4 blocks are definitely lost in loss record 645 of 950
==76769==    at 0x4846828: malloc (in /usr/libexec/valgrind/vgpreload_memcheck-amd64-linux.so)
==76769==    by 0x728B99: __mn_range (in /mnt/c/Users/Juan/Documents/GitHub/Mapanare/mapanare/self/mnc-stage1)
==76769==    by 0x4CD233: lower__collect_decorator_names (in /mnt/c/Users/Juan/Documents/GitHub/Mapanare/mapanare/self/mnc-stage1)
==76769==    by 0x6AB666F: ???
==76769== 
==76769== 64 bytes in 4 blocks are definitely lost in loss record 646 of 950
==76769==    at 0x4846828: malloc (in /usr/libexec/valgrind/vgpreload_memcheck-amd64-linux.so)
==76769==    by 0x728B99: __mn_range (in /mnt/c/Users/Juan/Documents/GitHub/Mapanare/mapanare/self/mnc-stage1)
==76769==    by 0x679303: mir_opt__constant_fold_function (in /mnt/c/Users/Juan/Documents/GitHub/Mapanare/mapanare/self/mnc-stage1)
==76769==    by 0xF: ???
==76769== 
==76769== 65 bytes in 1 blocks are definitely lost in loss record 647 of 950
==76769==    at 0x484D953: calloc (in /usr/libexec/valgrind/vgpreload_memcheck-amd64-linux.so)
==76769==    by 0x723DE9: __mn_alloc (in /mnt/c/Users/Juan/Documents/GitHub/Mapanare/mapanare/self/mnc-stage1)
==76769==    by 0x7249CE: __mn_str_concat (in /mnt/c/Users/Juan/Documents/GitHub/Mapanare/mapanare/self/mnc-stage1)
==76769==    by 0x6B6895: emit_llvm__emit_struct_init (in /mnt/c/Users/Juan/Documents/GitHub/Mapanare/mapanare/self/mnc-stage1)
==76769==    by 0x3F: ???
==76769== 
==76769== 66 bytes in 2 blocks are indirectly lost in loss record 648 of 950
==76769==    at 0x484D953: calloc (in /usr/libexec/valgrind/vgpreload_memcheck-amd64-linux.so)
==76769==    by 0x723DE9: __mn_alloc (in /mnt/c/Users/Juan/Documents/GitHub/Mapanare/mapanare/self/mnc-stage1)
==76769==    by 0x7245AB: __mn_str_from_parts (in /mnt/c/Users/Juan/Documents/GitHub/Mapanare/mapanare/self/mnc-stage1)
==76769==    by 0x68D511: emit_llvm__declare_runtime_fn (in /mnt/c/Users/Juan/Documents/GitHub/Mapanare/mapanare/self/mnc-stage1)
==76769==    by 0x3: ???
==76769==    by 0x6AD475F: ???
==76769==    by 0xF: ???
==76769== 
==76769== 66 bytes in 5 blocks are indirectly lost in loss record 649 of 950
==76769==    at 0x484D953: calloc (in /usr/libexec/valgrind/vgpreload_memcheck-amd64-linux.so)
==76769==    by 0x723DE9: __mn_alloc (in /mnt/c/Users/Juan/Documents/GitHub/Mapanare/mapanare/self/mnc-stage1)
==76769==    by 0x7245AB: __mn_str_from_parts (in /mnt/c/Users/Juan/Documents/GitHub/Mapanare/mapanare/self/mnc-stage1)
==76769==    by 0x4D0FB5: lower__lower_fn (in /mnt/c/Users/Juan/Documents/GitHub/Mapanare/mapanare/self/mnc-stage1)
==76769== 
==76769== 67 bytes in 6 blocks are definitely lost in loss record 650 of 950
==76769==    at 0x484D953: calloc (in /usr/libexec/valgrind/vgpreload_memcheck-amd64-linux.so)
==76769==    by 0x723DE9: __mn_alloc (in /mnt/c/Users/Juan/Documents/GitHub/Mapanare/mapanare/self/mnc-stage1)
==76769==    by 0x7249CE: __mn_str_concat (in /mnt/c/Users/Juan/Documents/GitHub/Mapanare/mapanare/self/mnc-stage1)
==76769==    by 0x414989: has_later_def (in /mnt/c/Users/Juan/Documents/GitHub/Mapanare/mapanare/self/mnc-stage1)
==76769== 
==76769== 71 bytes in 1 blocks are indirectly lost in loss record 651 of 950
==76769==    at 0x484D953: calloc (in /usr/libexec/valgrind/vgpreload_memcheck-amd64-linux.so)
==76769==    by 0x723DE9: __mn_alloc (in /mnt/c/Users/Juan/Documents/GitHub/Mapanare/mapanare/self/mnc-stage1)
==76769==    by 0x7249CE: __mn_str_concat (in /mnt/c/Users/Juan/Documents/GitHub/Mapanare/mapanare/self/mnc-stage1)
==76769==    by 0x6AB89F: emit_llvm__emit_const (in /mnt/c/Users/Juan/Documents/GitHub/Mapanare/mapanare/self/mnc-stage1)
==76769==    by 0x1: ???
==76769== 
==76769== 72 bytes in 1 blocks are indirectly lost in loss record 652 of 950
==76769==    at 0x484D953: calloc (in /usr/libexec/valgrind/vgpreload_memcheck-amd64-linux.so)
==76769==    by 0x723DE9: __mn_alloc (in /mnt/c/Users/Juan/Documents/GitHub/Mapanare/mapanare/self/mnc-stage1)
==76769==    by 0x7244D2: __mn_str_from_cstr (in /mnt/c/Users/Juan/Documents/GitHub/Mapanare/mapanare/self/mnc-stage1)
==76769==    by 0x418B0A: mn_main (in /mnt/c/Users/Juan/Documents/GitHub/Mapanare/mapanare/self/mnc-stage1)
==76769==    by 0x4989A63: clone (clone.S:100)
==76769== 
==76769== 74 bytes in 1 blocks are indirectly lost in loss record 653 of 950
==76769==    at 0x484D953: calloc (in /usr/libexec/valgrind/vgpreload_memcheck-amd64-linux.so)
==76769==    by 0x723DE9: __mn_alloc (in /mnt/c/Users/Juan/Documents/GitHub/Mapanare/mapanare/self/mnc-stage1)
==76769==    by 0x7249CE: __mn_str_concat (in /mnt/c/Users/Juan/Documents/GitHub/Mapanare/mapanare/self/mnc-stage1)
==76769==    by 0x68D511: emit_llvm__declare_runtime_fn (in /mnt/c/Users/Juan/Documents/GitHub/Mapanare/mapanare/self/mnc-stage1)
==76769==    by 0x18: ???
==76769==    by 0x6AD0DEF: ???
==76769==    by 0xF: ???
==76769== 
==76769== 74 bytes in 37 blocks are definitely lost in loss record 654 of 950
==76769==    at 0x484D953: calloc (in /usr/libexec/valgrind/vgpreload_memcheck-amd64-linux.so)
==76769==    by 0x723DE9: __mn_alloc (in /mnt/c/Users/Juan/Documents/GitHub/Mapanare/mapanare/self/mnc-stage1)
==76769==    by 0x7245AB: __mn_str_from_parts (in /mnt/c/Users/Juan/Documents/GitHub/Mapanare/mapanare/self/mnc-stage1)
==76769==    by 0x41FA94: lexer__scan_ident (in /mnt/c/Users/Juan/Documents/GitHub/Mapanare/mapanare/self/mnc-stage1)
==76769==    by 0x73C56F: ??? (in /mnt/c/Users/Juan/Documents/GitHub/Mapanare/mapanare/self/mnc-stage1)
==76769== 
==76769== 75 bytes in 1 blocks are indirectly lost in loss record 655 of 950
==76769==    at 0x484D953: calloc (in /usr/libexec/valgrind/vgpreload_memcheck-amd64-linux.so)
==76769==    by 0x723DE9: __mn_alloc (in /mnt/c/Users/Juan/Documents/GitHub/Mapanare/mapanare/self/mnc-stage1)
==76769==    by 0x7249CE: __mn_str_concat (in /mnt/c/Users/Juan/Documents/GitHub/Mapanare/mapanare/self/mnc-stage1)
==76769==    by 0x68D511: emit_llvm__declare_runtime_fn (in /mnt/c/Users/Juan/Documents/GitHub/Mapanare/mapanare/self/mnc-stage1)
==76769==    by 0x5: ???
==76769==    by 0x6AD0DEF: ???
==76769==    by 0xF: ???
==76769== 
==76769== 78 bytes in 1 blocks are indirectly lost in loss record 656 of 950
==76769==    at 0x484D953: calloc (in /usr/libexec/valgrind/vgpreload_memcheck-amd64-linux.so)
==76769==    by 0x723DE9: __mn_alloc (in /mnt/c/Users/Juan/Documents/GitHub/Mapanare/mapanare/self/mnc-stage1)
==76769==    by 0x7249CE: __mn_str_concat (in /mnt/c/Users/Juan/Documents/GitHub/Mapanare/mapanare/self/mnc-stage1)
==76769==    by 0x68D511: emit_llvm__declare_runtime_fn (in /mnt/c/Users/Juan/Documents/GitHub/Mapanare/mapanare/self/mnc-stage1)
==76769==    by 0x1: ???
==76769==    by 0x6ADB6DF: ???
==76769==    by 0xF: ???
==76769== 
==76769== 78 bytes in 4 blocks are indirectly lost in loss record 657 of 950
==76769==    at 0x484D953: calloc (in /usr/libexec/valgrind/vgpreload_memcheck-amd64-linux.so)
==76769==    by 0x723DE9: __mn_alloc (in /mnt/c/Users/Juan/Documents/GitHub/Mapanare/mapanare/self/mnc-stage1)
==76769==    by 0x7249CE: __mn_str_concat (in /mnt/c/Users/Juan/Documents/GitHub/Mapanare/mapanare/self/mnc-stage1)
==76769==    by 0x713B9B: emit_llvm__emit_mir_return (in /mnt/c/Users/Juan/Documents/GitHub/Mapanare/mapanare/self/mnc-stage1)
==76769== 
==76769== 80 bytes in 1 blocks are indirectly lost in loss record 658 of 950
==76769==    at 0x484D953: calloc (in /usr/libexec/valgrind/vgpreload_memcheck-amd64-linux.so)
==76769==    by 0x723DE9: __mn_alloc (in /mnt/c/Users/Juan/Documents/GitHub/Mapanare/mapanare/self/mnc-stage1)
==76769==    by 0x7249CE: __mn_str_concat (in /mnt/c/Users/Juan/Documents/GitHub/Mapanare/mapanare/self/mnc-stage1)
==76769==    by 0x68D511: emit_llvm__declare_runtime_fn (in /mnt/c/Users/Juan/Documents/GitHub/Mapanare/mapanare/self/mnc-stage1)
==76769==    by 0x9: ???
==76769== 
==76769== 80 bytes in 5 blocks are indirectly lost in loss record 659 of 950
==76769==    at 0x4846828: malloc (in /usr/libexec/valgrind/vgpreload_memcheck-amd64-linux.so)
==76769==    by 0x42F15E: parser__parse_stmt (in /mnt/c/Users/Juan/Documents/GitHub/Mapanare/mapanare/self/mnc-stage1)
==76769==    by 0x3F: ???
==76769== 
==76769== 80 bytes in 1 blocks are definitely lost in loss record 660 of 950
==76769==    at 0x484D953: calloc (in /usr/libexec/valgrind/vgpreload_memcheck-amd64-linux.so)
==76769==    by 0x723DE9: __mn_alloc (in /mnt/c/Users/Juan/Documents/GitHub/Mapanare/mapanare/self/mnc-stage1)
==76769==    by 0x725AFA: __mn_list_push (in /mnt/c/Users/Juan/Documents/GitHub/Mapanare/mapanare/self/mnc-stage1)
==76769==    by 0x4D333F: lower__lower_fn (in /mnt/c/Users/Juan/Documents/GitHub/Mapanare/mapanare/self/mnc-stage1)
==76769== 
==76769== 80 bytes in 5 blocks are definitely lost in loss record 661 of 950
==76769==    at 0x4846828: malloc (in /usr/libexec/valgrind/vgpreload_memcheck-amd64-linux.so)
==76769==    by 0x728B99: __mn_range (in /mnt/c/Users/Juan/Documents/GitHub/Mapanare/mapanare/self/mnc-stage1)
==76769==    by 0x4CC9DE: lower__build_mir_params (in /mnt/c/Users/Juan/Documents/GitHub/Mapanare/mapanare/self/mnc-stage1)
==76769== 
==76769== 80 bytes in 5 blocks are definitely lost in loss record 662 of 950
==76769==    at 0x4846828: malloc (in /usr/libexec/valgrind/vgpreload_memcheck-amd64-linux.so)
==76769==    by 0x728B99: __mn_range (in /mnt/c/Users/Juan/Documents/GitHub/Mapanare/mapanare/self/mnc-stage1)
==76769==    by 0x4CDB49: lower__bind_fn_params (in /mnt/c/Users/Juan/Documents/GitHub/Mapanare/mapanare/self/mnc-stage1)
==76769== 
==76769== 80 bytes in 5 blocks are definitely lost in loss record 663 of 950
==76769==    at 0x4846828: malloc (in /usr/libexec/valgrind/vgpreload_memcheck-amd64-linux.so)
==76769==    by 0x728B99: __mn_range (in /mnt/c/Users/Juan/Documents/GitHub/Mapanare/mapanare/self/mnc-stage1)
==76769==    by 0x4DE613: lower__lower_block_stmts (in /mnt/c/Users/Juan/Documents/GitHub/Mapanare/mapanare/self/mnc-stage1)
==76769== 
==76769== 80 bytes in 5 blocks are definitely lost in loss record 664 of 950
==76769==    at 0x4846828: malloc (in /usr/libexec/valgrind/vgpreload_memcheck-amd64-linux.so)
==76769==    by 0x728B99: __mn_range (in /mnt/c/Users/Juan/Documents/GitHub/Mapanare/mapanare/self/mnc-stage1)
==76769==    by 0x678E3F: mir_opt__constant_fold_block (in /mnt/c/Users/Juan/Documents/GitHub/Mapanare/mapanare/self/mnc-stage1)
==76769== 
==76769== 88 bytes in 1 blocks are indirectly lost in loss record 665 of 950
==76769==    at 0x484D953: calloc (in /usr/libexec/valgrind/vgpreload_memcheck-amd64-linux.so)
==76769==    by 0x4D4E42: lower__lower_fn (in /mnt/c/Users/Juan/Documents/GitHub/Mapanare/mapanare/self/mnc-stage1)
==76769== 
==76769== 89 bytes in 4 blocks are definitely lost in loss record 666 of 950
==76769==    at 0x484D953: calloc (in /usr/libexec/valgrind/vgpreload_memcheck-amd64-linux.so)
==76769==    by 0x723DE9: __mn_alloc (in /mnt/c/Users/Juan/Documents/GitHub/Mapanare/mapanare/self/mnc-stage1)
==76769==    by 0x7249CE: __mn_str_concat (in /mnt/c/Users/Juan/Documents/GitHub/Mapanare/mapanare/self/mnc-stage1)
==76769==    by 0x58E50E: lower__is_already_specialized (in /mnt/c/Users/Juan/Documents/GitHub/Mapanare/mapanare/self/mnc-stage1)
==76769== 
==76769== 89 bytes in 4 blocks are definitely lost in loss record 667 of 950
==76769==    at 0x484D953: calloc (in /usr/libexec/valgrind/vgpreload_memcheck-amd64-linux.so)
==76769==    by 0x723DE9: __mn_alloc (in /mnt/c/Users/Juan/Documents/GitHub/Mapanare/mapanare/self/mnc-stage1)
==76769==    by 0x7249CE: __mn_str_concat (in /mnt/c/Users/Juan/Documents/GitHub/Mapanare/mapanare/self/mnc-stage1)
==76769==    by 0x59261A: lower__try_monomorphize_call (in /mnt/c/Users/Juan/Documents/GitHub/Mapanare/mapanare/self/mnc-stage1)
==76769== 
==76769== 91 bytes in 2 blocks are indirectly lost in loss record 668 of 950
==76769==    at 0x484D953: calloc (in /usr/libexec/valgrind/vgpreload_memcheck-amd64-linux.so)
==76769==    by 0x723DE9: __mn_alloc (in /mnt/c/Users/Juan/Documents/GitHub/Mapanare/mapanare/self/mnc-stage1)
==76769==    by 0x7245AB: __mn_str_from_parts (in /mnt/c/Users/Juan/Documents/GitHub/Mapanare/mapanare/self/mnc-stage1)
==76769==    by 0x68D511: emit_llvm__declare_runtime_fn (in /mnt/c/Users/Juan/Documents/GitHub/Mapanare/mapanare/self/mnc-stage1)
==76769==    by 0x9: ???
==76769==    by 0x6AD475F: ???
==76769==    by 0xF: ???
==76769== 
==76769== 112 bytes in 2 blocks are definitely lost in loss record 669 of 950
==76769==    at 0x4846828: malloc (in /usr/libexec/valgrind/vgpreload_memcheck-amd64-linux.so)
==76769==    by 0x4780C8: semantic__register_def (in /mnt/c/Users/Juan/Documents/GitHub/Mapanare/mapanare/self/mnc-stage1)
==76769== 
==76769== 112 bytes in 2 blocks are definitely lost in loss record 670 of 950
==76769==    at 0x4846828: malloc (in /usr/libexec/valgrind/vgpreload_memcheck-amd64-linux.so)
==76769==    by 0x439008: semantic__define_in_scope (in /mnt/c/Users/Juan/Documents/GitHub/Mapanare/mapanare/self/mnc-stage1)
==76769== 
==76769== 115 bytes in 5 blocks are definitely lost in loss record 671 of 950
==76769==    at 0x484D953: calloc (in /usr/libexec/valgrind/vgpreload_memcheck-amd64-linux.so)
==76769==    by 0x723DE9: __mn_alloc (in /mnt/c/Users/Juan/Documents/GitHub/Mapanare/mapanare/self/mnc-stage1)
==76769==    by 0x7249CE: __mn_str_concat (in /mnt/c/Users/Juan/Documents/GitHub/Mapanare/mapanare/self/mnc-stage1)
==76769==    by 0x68D0BD: emit_llvm__resolve_type (in /mnt/c/Users/Juan/Documents/GitHub/Mapanare/mapanare/self/mnc-stage1)
==76769==    by 0x3F: ???
==76769== 
==76769== 128 bytes in 8 blocks are definitely lost in loss record 672 of 950
==76769==    at 0x4846828: malloc (in /usr/libexec/valgrind/vgpreload_memcheck-amd64-linux.so)
==76769==    by 0x728B99: __mn_range (in /mnt/c/Users/Juan/Documents/GitHub/Mapanare/mapanare/self/mnc-stage1)
==76769==    by 0x4A0CBA: lower_state__find_lambda (in /mnt/c/Users/Juan/Documents/GitHub/Mapanare/mapanare/self/mnc-stage1)
==76769== 
==76769== 128 bytes in 64 blocks are definitely lost in loss record 673 of 950
==76769==    at 0x484D953: calloc (in /usr/libexec/valgrind/vgpreload_memcheck-amd64-linux.so)
==76769==    by 0x723DE9: __mn_alloc (in /mnt/c/Users/Juan/Documents/GitHub/Mapanare/mapanare/self/mnc-stage1)
==76769==    by 0x7245AB: __mn_str_from_parts (in /mnt/c/Users/Juan/Documents/GitHub/Mapanare/mapanare/self/mnc-stage1)
==76769==    by 0x41FA6B: lexer__scan_ident (in /mnt/c/Users/Juan/Documents/GitHub/Mapanare/mapanare/self/mnc-stage1)
==76769==    by 0x73C56F: ??? (in /mnt/c/Users/Juan/Documents/GitHub/Mapanare/mapanare/self/mnc-stage1)
==76769== 
==76769== 130 bytes in 65 blocks are definitely lost in loss record 674 of 950
==76769==    at 0x484D953: calloc (in /usr/libexec/valgrind/vgpreload_memcheck-amd64-linux.so)
==76769==    by 0x723DE9: __mn_alloc (in /mnt/c/Users/Juan/Documents/GitHub/Mapanare/mapanare/self/mnc-stage1)
==76769==    by 0x7245AB: __mn_str_from_parts (in /mnt/c/Users/Juan/Documents/GitHub/Mapanare/mapanare/self/mnc-stage1)
==76769==    by 0x420FFD: lexer__scan_op (in /mnt/c/Users/Juan/Documents/GitHub/Mapanare/mapanare/self/mnc-stage1)
==76769==    by 0x1102: ???
==76769==    by 0x6A73417: ???
==76769== 
==76769== 133 bytes in 2 blocks are indirectly lost in loss record 675 of 950
==76769==    at 0x484D953: calloc (in /usr/libexec/valgrind/vgpreload_memcheck-amd64-linux.so)
==76769==    by 0x723DE9: __mn_alloc (in /mnt/c/Users/Juan/Documents/GitHub/Mapanare/mapanare/self/mnc-stage1)
==76769==    by 0x7249CE: __mn_str_concat (in /mnt/c/Users/Juan/Documents/GitHub/Mapanare/mapanare/self/mnc-stage1)
==76769==    by 0x6B68C1: emit_llvm__emit_struct_init (in /mnt/c/Users/Juan/Documents/GitHub/Mapanare/mapanare/self/mnc-stage1)
==76769==    by 0x3F: ???
==76769== 
==76769== 136 bytes in 1 blocks are indirectly lost in loss record 676 of 950
==76769==    at 0x4846828: malloc (in /usr/libexec/valgrind/vgpreload_memcheck-amd64-linux.so)
==76769==    by 0x4287FE: parser__parse_struct_fields (in /mnt/c/Users/Juan/Documents/GitHub/Mapanare/mapanare/self/mnc-stage1)
==76769== 
==76769== 140 bytes in 23 blocks are indirectly lost in loss record 677 of 950
==76769==    at 0x484D953: calloc (in /usr/libexec/valgrind/vgpreload_memcheck-amd64-linux.so)
==76769==    by 0x723DE9: __mn_alloc (in /mnt/c/Users/Juan/Documents/GitHub/Mapanare/mapanare/self/mnc-stage1)
==76769==    by 0x7249CE: __mn_str_concat (in /mnt/c/Users/Juan/Documents/GitHub/Mapanare/mapanare/self/mnc-stage1)
==76769==    by 0x499B12: lower_state__fresh_tmp (in /mnt/c/Users/Juan/Documents/GitHub/Mapanare/mapanare/self/mnc-stage1)
==76769==    by 0xFFFFFFFFFFFF: ???
==76769==    by 0x6AB581F: ???
==76769==    by 0x73ECC7: ??? (in /mnt/c/Users/Juan/Documents/GitHub/Mapanare/mapanare/self/mnc-stage1)
==76769== 
==76769== 144 bytes in 1 blocks are indirectly lost in loss record 678 of 950
==76769==    at 0x484D953: calloc (in /usr/libexec/valgrind/vgpreload_memcheck-amd64-linux.so)
==76769==    by 0x723DE9: __mn_alloc (in /mnt/c/Users/Juan/Documents/GitHub/Mapanare/mapanare/self/mnc-stage1)
==76769==    by 0x725AFA: __mn_list_push (in /mnt/c/Users/Juan/Documents/GitHub/Mapanare/mapanare/self/mnc-stage1)
==76769==    by 0x42ED12: parser__parse_block (in /mnt/c/Users/Juan/Documents/GitHub/Mapanare/mapanare/self/mnc-stage1)
==76769==    by 0x6A949AF: ???
==76769==    by 0xE: ???
==76769== 
==76769== 144 bytes in 1 blocks are indirectly lost in loss record 679 of 950
==76769==    at 0x484D953: calloc (in /usr/libexec/valgrind/vgpreload_memcheck-amd64-linux.so)
==76769==    by 0x723DE9: __mn_alloc (in /mnt/c/Users/Juan/Documents/GitHub/Mapanare/mapanare/self/mnc-stage1)
==76769==    by 0x725AFA: __mn_list_push (in /mnt/c/Users/Juan/Documents/GitHub/Mapanare/mapanare/self/mnc-stage1)
==76769==    by 0x42ED12: parser__parse_block (in /mnt/c/Users/Juan/Documents/GitHub/Mapanare/mapanare/self/mnc-stage1)
==76769==    by 0x6A9541F: ???
==76769==    by 0x24: ???
==76769== 
==76769== 144 bytes in 1 blocks are indirectly lost in loss record 680 of 950
==76769==    at 0x484D953: calloc (in /usr/libexec/valgrind/vgpreload_memcheck-amd64-linux.so)
==76769==    by 0x723DE9: __mn_alloc (in /mnt/c/Users/Juan/Documents/GitHub/Mapanare/mapanare/self/mnc-stage1)
==76769==    by 0x725AFA: __mn_list_push (in /mnt/c/Users/Juan/Documents/GitHub/Mapanare/mapanare/self/mnc-stage1)
==76769==    by 0x4280A1: parser__parse_struct_def (in /mnt/c/Users/Juan/Documents/GitHub/Mapanare/mapanare/self/mnc-stage1)
==76769==    by 0x85: ???
==76769==    by 0xFF: ???
==76769==    by 0x6A8FB1F: ???
==76769==    by 0x85: ???
==76769==    by 0x3F: ???
==76769== 
==76769== 144 bytes in 1 blocks are indirectly lost in loss record 681 of 950
==76769==    at 0x484D953: calloc (in /usr/libexec/valgrind/vgpreload_memcheck-amd64-linux.so)
==76769==    by 0x723DE9: __mn_alloc (in /mnt/c/Users/Juan/Documents/GitHub/Mapanare/mapanare/self/mnc-stage1)
==76769==    by 0x725AFA: __mn_list_push (in /mnt/c/Users/Juan/Documents/GitHub/Mapanare/mapanare/self/mnc-stage1)
==76769==    by 0x43262D: parser__parse_struct_fields_to_list (in /mnt/c/Users/Juan/Documents/GitHub/Mapanare/mapanare/self/mnc-stage1)
==76769==    by 0xF: ???
==76769==    by 0x6A9887F: ???
==76769==    by 0x6A8FB1F: ???
==76769==    by 0x85: ???
==76769==    by 0xFF: ???
==76769==    by 0x3F: ???
==76769== 
==76769== 144 bytes in 1 blocks are indirectly lost in loss record 682 of 950
==76769==    at 0x4846828: malloc (in /usr/libexec/valgrind/vgpreload_memcheck-amd64-linux.so)
==76769==    by 0x4EBE65: lower__lower_let (in /mnt/c/Users/Juan/Documents/GitHub/Mapanare/mapanare/self/mnc-stage1)
==76769==    by 0x3: ???
==76769== 
==76769== 144 bytes in 1 blocks are indirectly lost in loss record 683 of 950
==76769==    at 0x4846828: malloc (in /usr/libexec/valgrind/vgpreload_memcheck-amd64-linux.so)
==76769==    by 0x4EBE65: lower__lower_let (in /mnt/c/Users/Juan/Documents/GitHub/Mapanare/mapanare/self/mnc-stage1)
==76769==    by 0x5: ???
==76769== 
==76769== 144 bytes in 1 blocks are indirectly lost in loss record 684 of 950
==76769==    at 0x484D953: calloc (in /usr/libexec/valgrind/vgpreload_memcheck-amd64-linux.so)
==76769==    by 0x723DE9: __mn_alloc (in /mnt/c/Users/Juan/Documents/GitHub/Mapanare/mapanare/self/mnc-stage1)
==76769==    by 0x725AFA: __mn_list_push (in /mnt/c/Users/Juan/Documents/GitHub/Mapanare/mapanare/self/mnc-stage1)
==76769==    by 0x598850: lower__try_monomorphize_struct (in /mnt/c/Users/Juan/Documents/GitHub/Mapanare/mapanare/self/mnc-stage1)
==76769==    by 0xFFFFFFFFFFFFFF: ???
==76769== 
==76769== 144 bytes in 1 blocks are indirectly lost in loss record 685 of 950
==76769==    at 0x4846828: malloc (in /usr/libexec/valgrind/vgpreload_memcheck-amd64-linux.so)
==76769==    by 0x4EBE65: lower__lower_let (in /mnt/c/Users/Juan/Documents/GitHub/Mapanare/mapanare/self/mnc-stage1)
==76769==    by 0x800000000000000D: ???
==76769== 
==76769== 144 bytes in 1 blocks are indirectly lost in loss record 686 of 950
==76769==    at 0x484D953: calloc (in /usr/libexec/valgrind/vgpreload_memcheck-amd64-linux.so)
==76769==    by 0x723DE9: __mn_alloc (in /mnt/c/Users/Juan/Documents/GitHub/Mapanare/mapanare/self/mnc-stage1)
==76769==    by 0x725AFA: __mn_list_push (in /mnt/c/Users/Juan/Documents/GitHub/Mapanare/mapanare/self/mnc-stage1)
==76769==    by 0x689793: emit_llvm__build_internal_struct_list (in /mnt/c/Users/Juan/Documents/GitHub/Mapanare/mapanare/self/mnc-stage1)
==76769== 
==76769== 144 bytes in 1 blocks are indirectly lost in loss record 687 of 950
==76769==    at 0x484D953: calloc (in /usr/libexec/valgrind/vgpreload_memcheck-amd64-linux.so)
==76769==    by 0x723DE9: __mn_alloc (in /mnt/c/Users/Juan/Documents/GitHub/Mapanare/mapanare/self/mnc-stage1)
==76769==    by 0x725AFA: __mn_list_push (in /mnt/c/Users/Juan/Documents/GitHub/Mapanare/mapanare/self/mnc-stage1)
==76769==    by 0x68A1EE: emit_llvm__build_internal_struct_list (in /mnt/c/Users/Juan/Documents/GitHub/Mapanare/mapanare/self/mnc-stage1)
==76769==    by 0xF: ???
==76769== 
==76769== 144 bytes in 1 blocks are indirectly lost in loss record 688 of 950
==76769==    at 0x484D953: calloc (in /usr/libexec/valgrind/vgpreload_memcheck-amd64-linux.so)
==76769==    by 0x723DE9: __mn_alloc (in /mnt/c/Users/Juan/Documents/GitHub/Mapanare/mapanare/self/mnc-stage1)
==76769==    by 0x725AFA: __mn_list_push (in /mnt/c/Users/Juan/Documents/GitHub/Mapanare/mapanare/self/mnc-stage1)
==76769==    by 0x68A376: emit_llvm__build_internal_struct_list (in /mnt/c/Users/Juan/Documents/GitHub/Mapanare/mapanare/self/mnc-stage1)
==76769==    by 0xF: ???
==76769== 
==76769== 144 bytes in 1 blocks are indirectly lost in loss record 689 of 950
==76769==    at 0x484D953: calloc (in /usr/libexec/valgrind/vgpreload_memcheck-amd64-linux.so)
==76769==    by 0x723DE9: __mn_alloc (in /mnt/c/Users/Juan/Documents/GitHub/Mapanare/mapanare/self/mnc-stage1)
==76769==    by 0x725AFA: __mn_list_push (in /mnt/c/Users/Juan/Documents/GitHub/Mapanare/mapanare/self/mnc-stage1)
==76769==    by 0x68A529: emit_llvm__build_internal_struct_list (in /mnt/c/Users/Juan/Documents/GitHub/Mapanare/mapanare/self/mnc-stage1)
==76769==    by 0xF: ???
==76769== 
==76769== 144 bytes in 1 blocks are indirectly lost in loss record 690 of 950
==76769==    at 0x484D953: calloc (in /usr/libexec/valgrind/vgpreload_memcheck-amd64-linux.so)
==76769==    by 0x723DE9: __mn_alloc (in /mnt/c/Users/Juan/Documents/GitHub/Mapanare/mapanare/self/mnc-stage1)
==76769==    by 0x725AFA: __mn_list_push (in /mnt/c/Users/Juan/Documents/GitHub/Mapanare/mapanare/self/mnc-stage1)
==76769==    by 0x68A76E: emit_llvm__build_internal_struct_list (in /mnt/c/Users/Juan/Documents/GitHub/Mapanare/mapanare/self/mnc-stage1)
==76769==    by 0x4: ???
==76769==    by 0x7: ???
==76769==    by 0x6ACCC9F: ???
==76769==    by 0x7: ???
==76769==    by 0xF: ???
==76769== 
==76769== 144 bytes in 1 blocks are indirectly lost in loss record 691 of 950
==76769==    at 0x484D953: calloc (in /usr/libexec/valgrind/vgpreload_memcheck-amd64-linux.so)
==76769==    by 0x723DE9: __mn_alloc (in /mnt/c/Users/Juan/Documents/GitHub/Mapanare/mapanare/self/mnc-stage1)
==76769==    by 0x725AFA: __mn_list_push (in /mnt/c/Users/Juan/Documents/GitHub/Mapanare/mapanare/self/mnc-stage1)
==76769==    by 0x68A95D: emit_llvm__build_internal_struct_list (in /mnt/c/Users/Juan/Documents/GitHub/Mapanare/mapanare/self/mnc-stage1)
==76769==    by 0x2: ???
==76769==    by 0x7: ???
==76769==    by 0x6ACCDCF: ???
==76769==    by 0x7: ???
==76769==    by 0xF: ???
==76769== 
==76769== 144 bytes in 1 blocks are indirectly lost in loss record 692 of 950
==76769==    at 0x484D953: calloc (in /usr/libexec/valgrind/vgpreload_memcheck-amd64-linux.so)
==76769==    by 0x723DE9: __mn_alloc (in /mnt/c/Users/Juan/Documents/GitHub/Mapanare/mapanare/self/mnc-stage1)
==76769==    by 0x725AFA: __mn_list_push (in /mnt/c/Users/Juan/Documents/GitHub/Mapanare/mapanare/self/mnc-stage1)
==76769==    by 0x68AB4C: emit_llvm__build_internal_struct_list (in /mnt/c/Users/Juan/Documents/GitHub/Mapanare/mapanare/self/mnc-stage1)
==76769==    by 0x2: ???
==76769==    by 0x7: ???
==76769==    by 0x6ACCEEF: ???
==76769==    by 0x7: ???
==76769==    by 0xF: ???
==76769== 
==76769== 144 bytes in 1 blocks are indirectly lost in loss record 693 of 950
==76769==    at 0x484D953: calloc (in /usr/libexec/valgrind/vgpreload_memcheck-amd64-linux.so)
==76769==    by 0x723DE9: __mn_alloc (in /mnt/c/Users/Juan/Documents/GitHub/Mapanare/mapanare/self/mnc-stage1)
==76769==    by 0x725AFA: __mn_list_push (in /mnt/c/Users/Juan/Documents/GitHub/Mapanare/mapanare/self/mnc-stage1)
==76769==    by 0x68AD3B: emit_llvm__build_internal_struct_list (in /mnt/c/Users/Juan/Documents/GitHub/Mapanare/mapanare/self/mnc-stage1)
==76769==    by 0x2: ???
==76769==    by 0x7: ???
==76769==    by 0x6ACD75F: ???
==76769==    by 0x7: ???
==76769==    by 0xF: ???
==76769== 
==76769== 144 bytes in 1 blocks are indirectly lost in loss record 694 of 950
==76769==    at 0x484D953: calloc (in /usr/libexec/valgrind/vgpreload_memcheck-amd64-linux.so)
==76769==    by 0x723DE9: __mn_alloc (in /mnt/c/Users/Juan/Documents/GitHub/Mapanare/mapanare/self/mnc-stage1)
==76769==    by 0x725AFA: __mn_list_push (in /mnt/c/Users/Juan/Documents/GitHub/Mapanare/mapanare/self/mnc-stage1)
==76769==    by 0x68AEFF: emit_llvm__build_internal_struct_list (in /mnt/c/Users/Juan/Documents/GitHub/Mapanare/mapanare/self/mnc-stage1)
==76769==    by 0x1: ???
==76769==    by 0x7: ???
==76769==    by 0x6ACD88F: ???
==76769==    by 0x7: ???
==76769==    by 0xF: ???
==76769== 
==76769== 144 bytes in 1 blocks are indirectly lost in loss record 695 of 950
==76769==    at 0x484D953: calloc (in /usr/libexec/valgrind/vgpreload_memcheck-amd64-linux.so)
==76769==    by 0x723DE9: __mn_alloc (in /mnt/c/Users/Juan/Documents/GitHub/Mapanare/mapanare/self/mnc-stage1)
==76769==    by 0x725AFA: __mn_list_push (in /mnt/c/Users/Juan/Documents/GitHub/Mapanare/mapanare/self/mnc-stage1)
==76769==    by 0x68B0C3: emit_llvm__build_internal_struct_list (in /mnt/c/Users/Juan/Documents/GitHub/Mapanare/mapanare/self/mnc-stage1)
==76769==    by 0x1: ???
==76769==    by 0x7: ???
==76769==    by 0x6ACD9BF: ???
==76769==    by 0x7: ???
==76769==    by 0xF: ???
==76769== 
==76769== 144 bytes in 1 blocks are indirectly lost in loss record 696 of 950
==76769==    at 0x484D953: calloc (in /usr/libexec/valgrind/vgpreload_memcheck-amd64-linux.so)
==76769==    by 0x723DE9: __mn_alloc (in /mnt/c/Users/Juan/Documents/GitHub/Mapanare/mapanare/self/mnc-stage1)
==76769==    by 0x725AFA: __mn_list_push (in /mnt/c/Users/Juan/Documents/GitHub/Mapanare/mapanare/self/mnc-stage1)
==76769==    by 0x68B308: emit_llvm__build_internal_struct_list (in /mnt/c/Users/Juan/Documents/GitHub/Mapanare/mapanare/self/mnc-stage1)
==76769==    by 0x4: ???
==76769==    by 0x7: ???
==76769==    by 0x6ACDAEF: ???
==76769==    by 0x7: ???
==76769==    by 0xF: ???
==76769== 
==76769== 144 bytes in 1 blocks are indirectly lost in loss record 697 of 950
==76769==    at 0x484D953: calloc (in /usr/libexec/valgrind/vgpreload_memcheck-amd64-linux.so)
==76769==    by 0x723DE9: __mn_alloc (in /mnt/c/Users/Juan/Documents/GitHub/Mapanare/mapanare/self/mnc-stage1)
==76769==    by 0x725AFA: __mn_list_push (in /mnt/c/Users/Juan/Documents/GitHub/Mapanare/mapanare/self/mnc-stage1)
==76769==    by 0x68B4F7: emit_llvm__build_internal_struct_list (in /mnt/c/Users/Juan/Documents/GitHub/Mapanare/mapanare/self/mnc-stage1)
==76769==    by 0x2: ???
==76769==    by 0x7: ???
==76769==    by 0x6ACDC1F: ???
==76769==    by 0x7: ???
==76769==    by 0xF: ???
==76769== 
==76769== 144 bytes in 1 blocks are indirectly lost in loss record 698 of 950
==76769==    at 0x484D953: calloc (in /usr/libexec/valgrind/vgpreload_memcheck-amd64-linux.so)
==76769==    by 0x723DE9: __mn_alloc (in /mnt/c/Users/Juan/Documents/GitHub/Mapanare/mapanare/self/mnc-stage1)
==76769==    by 0x725AFA: __mn_list_push (in /mnt/c/Users/Juan/Documents/GitHub/Mapanare/mapanare/self/mnc-stage1)
==76769==    by 0x68B6BB: emit_llvm__build_internal_struct_list (in /mnt/c/Users/Juan/Documents/GitHub/Mapanare/mapanare/self/mnc-stage1)
==76769==    by 0x1: ???
==76769==    by 0x7: ???
==76769==    by 0x6ACDD4F: ???
==76769==    by 0x7: ???
==76769==    by 0xF: ???
==76769== 
==76769== 144 bytes in 1 blocks are indirectly lost in loss record 699 of 950
==76769==    at 0x484D953: calloc (in /usr/libexec/valgrind/vgpreload_memcheck-amd64-linux.so)
==76769==    by 0x723DE9: __mn_alloc (in /mnt/c/Users/Juan/Documents/GitHub/Mapanare/mapanare/self/mnc-stage1)
==76769==    by 0x725AFA: __mn_list_push (in /mnt/c/Users/Juan/Documents/GitHub/Mapanare/mapanare/self/mnc-stage1)
==76769==    by 0x68B87F: emit_llvm__build_internal_struct_list (in /mnt/c/Users/Juan/Documents/GitHub/Mapanare/mapanare/self/mnc-stage1)
==76769==    by 0x1: ???
==76769==    by 0x7: ???
==76769==    by 0x6ACDE7F: ???
==76769==    by 0x7: ???
==76769==    by 0xF: ???
==76769== 
==76769== 144 bytes in 1 blocks are indirectly lost in loss record 700 of 950
==76769==    at 0x484D953: calloc (in /usr/libexec/valgrind/vgpreload_memcheck-amd64-linux.so)
==76769==    by 0x723DE9: __mn_alloc (in /mnt/c/Users/Juan/Documents/GitHub/Mapanare/mapanare/self/mnc-stage1)
==76769==    by 0x725AFA: __mn_list_push (in /mnt/c/Users/Juan/Documents/GitHub/Mapanare/mapanare/self/mnc-stage1)
==76769==    by 0x68BA99: emit_llvm__build_internal_struct_list (in /mnt/c/Users/Juan/Documents/GitHub/Mapanare/mapanare/self/mnc-stage1)
==76769==    by 0x3: ???
==76769==    by 0x7: ???
==76769==    by 0x6ACDFAF: ???
==76769==    by 0x7: ???
==76769==    by 0xF: ???
==76769== 
==76769== 144 bytes in 1 blocks are indirectly lost in loss record 701 of 950
==76769==    at 0x484D953: calloc (in /usr/libexec/valgrind/vgpreload_memcheck-amd64-linux.so)
==76769==    by 0x723DE9: __mn_alloc (in /mnt/c/Users/Juan/Documents/GitHub/Mapanare/mapanare/self/mnc-stage1)
==76769==    by 0x725AFA: __mn_list_push (in /mnt/c/Users/Juan/Documents/GitHub/Mapanare/mapanare/self/mnc-stage1)
==76769==    by 0x68BC5D: emit_llvm__build_internal_struct_list (in /mnt/c/Users/Juan/Documents/GitHub/Mapanare/mapanare/self/mnc-stage1)
==76769==    by 0x1: ???
==76769==    by 0x7: ???
==76769==    by 0x6ACEF2F: ???
==76769==    by 0x7: ???
==76769==    by 0xF: ???
==76769== 
==76769== 144 bytes in 1 blocks are indirectly lost in loss record 702 of 950
==76769==    at 0x484D953: calloc (in /usr/libexec/valgrind/vgpreload_memcheck-amd64-linux.so)
==76769==    by 0x723DE9: __mn_alloc (in /mnt/c/Users/Juan/Documents/GitHub/Mapanare/mapanare/self/mnc-stage1)
==76769==    by 0x725AFA: __mn_list_push (in /mnt/c/Users/Juan/Documents/GitHub/Mapanare/mapanare/self/mnc-stage1)
==76769==    by 0x68BECD: emit_llvm__build_internal_struct_list (in /mnt/c/Users/Juan/Documents/GitHub/Mapanare/mapanare/self/mnc-stage1)
==76769==    by 0x5: ???
==76769==    by 0x7: ???
==76769==    by 0x6ACF05F: ???
==76769==    by 0x7: ???
==76769==    by 0xF: ???
==76769== 
==76769== 144 bytes in 1 blocks are indirectly lost in loss record 703 of 950
==76769==    at 0x484D953: calloc (in /usr/libexec/valgrind/vgpreload_memcheck-amd64-linux.so)
==76769==    by 0x723DE9: __mn_alloc (in /mnt/c/Users/Juan/Documents/GitHub/Mapanare/mapanare/self/mnc-stage1)
==76769==    by 0x725AFA: __mn_list_push (in /mnt/c/Users/Juan/Documents/GitHub/Mapanare/mapanare/self/mnc-stage1)
==76769==    by 0x68C091: emit_llvm__build_internal_struct_list (in /mnt/c/Users/Juan/Documents/GitHub/Mapanare/mapanare/self/mnc-stage1)
==76769==    by 0x1: ???
==76769==    by 0x7: ???
==76769==    by 0x6ACF18F: ???
==76769==    by 0x7: ???
==76769==    by 0xF: ???
==76769== 
==76769== 144 bytes in 1 blocks are indirectly lost in loss record 704 of 950
==76769==    at 0x484D953: calloc (in /usr/libexec/valgrind/vgpreload_memcheck-amd64-linux.so)
==76769==    by 0x723DE9: __mn_alloc (in /mnt/c/Users/Juan/Documents/GitHub/Mapanare/mapanare/self/mnc-stage1)
==76769==    by 0x725AFA: __mn_list_push (in /mnt/c/Users/Juan/Documents/GitHub/Mapanare/mapanare/self/mnc-stage1)
==76769==    by 0x68C280: emit_llvm__build_internal_struct_list (in /mnt/c/Users/Juan/Documents/GitHub/Mapanare/mapanare/self/mnc-stage1)
==76769==    by 0x2: ???
==76769==    by 0x7: ???
==76769==    by 0x6ACF2BF: ???
==76769==    by 0x7: ???
==76769==    by 0xF: ???
==76769== 
==76769== 144 bytes in 1 blocks are indirectly lost in loss record 705 of 950
==76769==    at 0x484D953: calloc (in /usr/libexec/valgrind/vgpreload_memcheck-amd64-linux.so)
==76769==    by 0x723DE9: __mn_alloc (in /mnt/c/Users/Juan/Documents/GitHub/Mapanare/mapanare/self/mnc-stage1)
==76769==    by 0x725AFA: __mn_list_push (in /mnt/c/Users/Juan/Documents/GitHub/Mapanare/mapanare/self/mnc-stage1)
==76769==    by 0x69B8E2: emit_llvm__register_mir_struct (in /mnt/c/Users/Juan/Documents/GitHub/Mapanare/mapanare/self/mnc-stage1)
==76769==    by 0x3F: ???
==76769== 
==76769== 144 bytes in 1 blocks are indirectly lost in loss record 706 of 950
==76769==    at 0x484D953: calloc (in /usr/libexec/valgrind/vgpreload_memcheck-amd64-linux.so)
==76769==    by 0x723DE9: __mn_alloc (in /mnt/c/Users/Juan/Documents/GitHub/Mapanare/mapanare/self/mnc-stage1)
==76769==    by 0x725AFA: __mn_list_push (in /mnt/c/Users/Juan/Documents/GitHub/Mapanare/mapanare/self/mnc-stage1)
==76769==    by 0x69B96C: emit_llvm__register_mir_struct (in /mnt/c/Users/Juan/Documents/GitHub/Mapanare/mapanare/self/mnc-stage1)
==76769==    by 0x3F: ???
==76769== 
==76769== 144 bytes in 9 blocks are indirectly lost in loss record 707 of 950
==76769==    at 0x4846828: malloc (in /usr/libexec/valgrind/vgpreload_memcheck-amd64-linux.so)
==76769==    by 0x431081: parser__parse_call_args (in /mnt/c/Users/Juan/Documents/GitHub/Mapanare/mapanare/self/mnc-stage1)
==76769==    by 0x6A8FB1F: ???
==76769==    by 0x85: ???
==76769==    by 0xFF: ???
==76769==    by 0x3F: ???
==76769== 
==76769== 144 bytes in 1 blocks are definitely lost in loss record 708 of 950
==76769==    at 0x484D953: calloc (in /usr/libexec/valgrind/vgpreload_memcheck-amd64-linux.so)
==76769==    by 0x723DE9: __mn_alloc (in /mnt/c/Users/Juan/Documents/GitHub/Mapanare/mapanare/self/mnc-stage1)
==76769==    by 0x725AFA: __mn_list_push (in /mnt/c/Users/Juan/Documents/GitHub/Mapanare/mapanare/self/mnc-stage1)
==76769==    by 0x415634: resolve_imports (in /mnt/c/Users/Juan/Documents/GitHub/Mapanare/mapanare/self/mnc-stage1)
==76769==    by 0x6A73667: ???
==76769==    by 0x85: ???
==76769== 
==76769== 144 bytes in 1 blocks are definitely lost in loss record 709 of 950
==76769==    at 0x484D953: calloc (in /usr/libexec/valgrind/vgpreload_memcheck-amd64-linux.so)
==76769==    by 0x723DE9: __mn_alloc (in /mnt/c/Users/Juan/Documents/GitHub/Mapanare/mapanare/self/mnc-stage1)
==76769==    by 0x725AFA: __mn_list_push (in /mnt/c/Users/Juan/Documents/GitHub/Mapanare/mapanare/self/mnc-stage1)
==76769==    by 0x414B11: dedup_definitions (in /mnt/c/Users/Juan/Documents/GitHub/Mapanare/mapanare/self/mnc-stage1)
==76769==    by 0x9: ???
==76769== 
==76769== 144 bytes in 1 blocks are definitely lost in loss record 710 of 950
==76769==    at 0x484D953: calloc (in /usr/libexec/valgrind/vgpreload_memcheck-amd64-linux.so)
==76769==    by 0x723DE9: __mn_alloc (in /mnt/c/Users/Juan/Documents/GitHub/Mapanare/mapanare/self/mnc-stage1)
==76769==    by 0x725AFA: __mn_list_push (in /mnt/c/Users/Juan/Documents/GitHub/Mapanare/mapanare/self/mnc-stage1)
==76769==    by 0x6AB732: emit_llvm__emit_const (in /mnt/c/Users/Juan/Documents/GitHub/Mapanare/mapanare/self/mnc-stage1)
==76769==    by 0x1: ???
==76769== 
==76769== 144 bytes in 9 blocks are definitely lost in loss record 711 of 950
==76769==    at 0x4846828: malloc (in /usr/libexec/valgrind/vgpreload_memcheck-amd64-linux.so)
==76769==    by 0x728B99: __mn_range (in /mnt/c/Users/Juan/Documents/GitHub/Mapanare/mapanare/self/mnc-stage1)
==76769==    by 0x430E1A: parser__parse_call_args (in /mnt/c/Users/Juan/Documents/GitHub/Mapanare/mapanare/self/mnc-stage1)
==76769==    by 0x6A8FB1F: ???
==76769==    by 0x85: ???
==76769==    by 0xFF: ???
==76769==    by 0x3F: ???
==76769== 
==76769== 144 bytes in 9 blocks are definitely lost in loss record 712 of 950
==76769==    at 0x4846828: malloc (in /usr/libexec/valgrind/vgpreload_memcheck-amd64-linux.so)
==76769==    by 0x728B99: __mn_range (in /mnt/c/Users/Juan/Documents/GitHub/Mapanare/mapanare/self/mnc-stage1)
==76769==    by 0x4A008F: lower_state__lookup_var (in /mnt/c/Users/Juan/Documents/GitHub/Mapanare/mapanare/self/mnc-stage1)
==76769== 
==76769== 145 bytes in 4 blocks are indirectly lost in loss record 713 of 950
==76769==    at 0x484D953: calloc (in /usr/libexec/valgrind/vgpreload_memcheck-amd64-linux.so)
==76769==    by 0x723DE9: __mn_alloc (in /mnt/c/Users/Juan/Documents/GitHub/Mapanare/mapanare/self/mnc-stage1)
==76769==    by 0x7245AB: __mn_str_from_parts (in /mnt/c/Users/Juan/Documents/GitHub/Mapanare/mapanare/self/mnc-stage1)
==76769==    by 0x68D511: emit_llvm__declare_runtime_fn (in /mnt/c/Users/Juan/Documents/GitHub/Mapanare/mapanare/self/mnc-stage1)
==76769==    by 0x2: ???
==76769==    by 0x6AD475F: ???
==76769==    by 0xF: ???
==76769== 
==76769== 150 bytes in 75 blocks are definitely lost in loss record 714 of 950
==76769==    at 0x484D953: calloc (in /usr/libexec/valgrind/vgpreload_memcheck-amd64-linux.so)
==76769==    by 0x723DE9: __mn_alloc (in /mnt/c/Users/Juan/Documents/GitHub/Mapanare/mapanare/self/mnc-stage1)
==76769==    by 0x7245AB: __mn_str_from_parts (in /mnt/c/Users/Juan/Documents/GitHub/Mapanare/mapanare/self/mnc-stage1)
==76769==    by 0x4221F4: lexer__skip_comment_to_eol (in /mnt/c/Users/Juan/Documents/GitHub/Mapanare/mapanare/self/mnc-stage1)
==76769==    by 0x8000000000000201: ???
==76769==    by 0x6A7751F: ???
==76769==    by 0x8000000000000000: ???
==76769==    by 0x6A7776F: ???
==76769==    by 0x1: ???
==76769==    by 0x201: ???
==76769==    by 0x8000000000000201: ???
==76769==    by 0x4225F0: lexer__tokenize (in /mnt/c/Users/Juan/Documents/GitHub/Mapanare/mapanare/self/mnc-stage1)
==76769== 
==76769== 152 bytes in 2 blocks are indirectly lost in loss record 715 of 950
==76769==    at 0x484D953: calloc (in /usr/libexec/valgrind/vgpreload_memcheck-amd64-linux.so)
==76769==    by 0x723DE9: __mn_alloc (in /mnt/c/Users/Juan/Documents/GitHub/Mapanare/mapanare/self/mnc-stage1)
==76769==    by 0x7249CE: __mn_str_concat (in /mnt/c/Users/Juan/Documents/GitHub/Mapanare/mapanare/self/mnc-stage1)
==76769==    by 0x68D511: emit_llvm__declare_runtime_fn (in /mnt/c/Users/Juan/Documents/GitHub/Mapanare/mapanare/self/mnc-stage1)
==76769==    by 0x1: ???
==76769==    by 0x6AD475F: ???
==76769==    by 0xF: ???
==76769== 
==76769== 160 bytes in 1 blocks are indirectly lost in loss record 716 of 950
==76769==    at 0x4846828: malloc (in /usr/libexec/valgrind/vgpreload_memcheck-amd64-linux.so)
==76769==    by 0x4EEA49: lower__lower_let (in /mnt/c/Users/Juan/Documents/GitHub/Mapanare/mapanare/self/mnc-stage1)
==76769==    by 0x3: ???
==76769== 
==76769== 160 bytes in 1 blocks are indirectly lost in loss record 717 of 950
==76769==    at 0x4846828: malloc (in /usr/libexec/valgrind/vgpreload_memcheck-amd64-linux.so)
==76769==    by 0x546678: lower__lower_expr (in /mnt/c/Users/Juan/Documents/GitHub/Mapanare/mapanare/self/mnc-stage1)
==76769== 
==76769== 160 bytes in 1 blocks are indirectly lost in loss record 718 of 950
==76769==    at 0x4846828: malloc (in /usr/libexec/valgrind/vgpreload_memcheck-amd64-linux.so)
==76769==    by 0x4EEA49: lower__lower_let (in /mnt/c/Users/Juan/Documents/GitHub/Mapanare/mapanare/self/mnc-stage1)
==76769==    by 0x5: ???
==76769== 
==76769== 160 bytes in 1 blocks are indirectly lost in loss record 719 of 950
==76769==    at 0x4846828: malloc (in /usr/libexec/valgrind/vgpreload_memcheck-amd64-linux.so)
==76769==    by 0x4EEA49: lower__lower_let (in /mnt/c/Users/Juan/Documents/GitHub/Mapanare/mapanare/self/mnc-stage1)
==76769==    by 0x800000000000000D: ???
==76769== 
==76769== 160 bytes in 10 blocks are indirectly lost in loss record 720 of 950
==76769==    at 0x4846828: malloc (in /usr/libexec/valgrind/vgpreload_memcheck-amd64-linux.so)
==76769==    by 0x433542: parser__parse_atom (in /mnt/c/Users/Juan/Documents/GitHub/Mapanare/mapanare/self/mnc-stage1)
==76769== 
==76769== 160 bytes in 10 blocks are definitely lost in loss record 721 of 950
==76769==    at 0x4846828: malloc (in /usr/libexec/valgrind/vgpreload_memcheck-amd64-linux.so)
==76769==    by 0x728B99: __mn_range (in /mnt/c/Users/Juan/Documents/GitHub/Mapanare/mapanare/self/mnc-stage1)
==76769==    by 0x458D45: semantic__check_call_expr (in /mnt/c/Users/Juan/Documents/GitHub/Mapanare/mapanare/self/mnc-stage1)
==76769== 
==76769== 168 bytes in 1 blocks are indirectly lost in loss record 722 of 950
==76769==    at 0x484D953: calloc (in /usr/libexec/valgrind/vgpreload_memcheck-amd64-linux.so)
==76769==    by 0x48A2CF: semantic__register_builtins (in /mnt/c/Users/Juan/Documents/GitHub/Mapanare/mapanare/self/mnc-stage1)
==76769== 
==76769== 168 bytes in 1 blocks are indirectly lost in loss record 723 of 950
==76769==    at 0x4846828: malloc (in /usr/libexec/valgrind/vgpreload_memcheck-amd64-linux.so)
==76769==    by 0x48A350: semantic__register_builtins (in /mnt/c/Users/Juan/Documents/GitHub/Mapanare/mapanare/self/mnc-stage1)
==76769== 
==76769== 168 bytes in 1 blocks are indirectly lost in loss record 724 of 950
==76769==    at 0x484D953: calloc (in /usr/libexec/valgrind/vgpreload_memcheck-amd64-linux.so)
==76769==    by 0x48A5D6: semantic__register_builtins (in /mnt/c/Users/Juan/Documents/GitHub/Mapanare/mapanare/self/mnc-stage1)
==76769== 
==76769== 168 bytes in 1 blocks are indirectly lost in loss record 725 of 950
==76769==    at 0x4846828: malloc (in /usr/libexec/valgrind/vgpreload_memcheck-amd64-linux.so)
==76769==    by 0x48A65F: semantic__register_builtins (in /mnt/c/Users/Juan/Documents/GitHub/Mapanare/mapanare/self/mnc-stage1)
==76769== 
==76769== 168 bytes in 1 blocks are indirectly lost in loss record 726 of 950
==76769==    at 0x484D953: calloc (in /usr/libexec/valgrind/vgpreload_memcheck-amd64-linux.so)
==76769==    by 0x48A8B4: semantic__register_builtins (in /mnt/c/Users/Juan/Documents/GitHub/Mapanare/mapanare/self/mnc-stage1)
==76769== 
==76769== 168 bytes in 1 blocks are indirectly lost in loss record 727 of 950
==76769==    at 0x4846828: malloc (in /usr/libexec/valgrind/vgpreload_memcheck-amd64-linux.so)
==76769==    by 0x48A93D: semantic__register_builtins (in /mnt/c/Users/Juan/Documents/GitHub/Mapanare/mapanare/self/mnc-stage1)
==76769== 
==76769== 168 bytes in 1 blocks are indirectly lost in loss record 728 of 950
==76769==    at 0x484D953: calloc (in /usr/libexec/valgrind/vgpreload_memcheck-amd64-linux.so)
==76769==    by 0x48AB92: semantic__register_builtins (in /mnt/c/Users/Juan/Documents/GitHub/Mapanare/mapanare/self/mnc-stage1)
==76769== 
==76769== 168 bytes in 1 blocks are indirectly lost in loss record 729 of 950
==76769==    at 0x4846828: malloc (in /usr/libexec/valgrind/vgpreload_memcheck-amd64-linux.so)
==76769==    by 0x48AC1B: semantic__register_builtins (in /mnt/c/Users/Juan/Documents/GitHub/Mapanare/mapanare/self/mnc-stage1)
==76769== 
==76769== 168 bytes in 1 blocks are indirectly lost in loss record 730 of 950
==76769==    at 0x484D953: calloc (in /usr/libexec/valgrind/vgpreload_memcheck-amd64-linux.so)
==76769==    by 0x48AE70: semantic__register_builtins (in /mnt/c/Users/Juan/Documents/GitHub/Mapanare/mapanare/self/mnc-stage1)
==76769== 
==76769== 168 bytes in 1 blocks are indirectly lost in loss record 731 of 950
==76769==    at 0x4846828: malloc (in /usr/libexec/valgrind/vgpreload_memcheck-amd64-linux.so)
==76769==    by 0x48AEF9: semantic__register_builtins (in /mnt/c/Users/Juan/Documents/GitHub/Mapanare/mapanare/self/mnc-stage1)
==76769== 
==76769== 168 bytes in 1 blocks are indirectly lost in loss record 732 of 950
==76769==    at 0x484D953: calloc (in /usr/libexec/valgrind/vgpreload_memcheck-amd64-linux.so)
==76769==    by 0x48B157: semantic__register_builtins (in /mnt/c/Users/Juan/Documents/GitHub/Mapanare/mapanare/self/mnc-stage1)
==76769== 
==76769== 168 bytes in 1 blocks are indirectly lost in loss record 733 of 950
==76769==    at 0x4846828: malloc (in /usr/libexec/valgrind/vgpreload_memcheck-amd64-linux.so)
==76769==    by 0x48B20C: semantic__register_builtins (in /mnt/c/Users/Juan/Documents/GitHub/Mapanare/mapanare/self/mnc-stage1)
==76769== 
==76769== 168 bytes in 1 blocks are indirectly lost in loss record 734 of 950
==76769==    at 0x484D953: calloc (in /usr/libexec/valgrind/vgpreload_memcheck-amd64-linux.so)
==76769==    by 0x48B4C2: semantic__register_builtins (in /mnt/c/Users/Juan/Documents/GitHub/Mapanare/mapanare/self/mnc-stage1)
==76769== 
==76769== 168 bytes in 1 blocks are indirectly lost in loss record 735 of 950
==76769==    at 0x4846828: malloc (in /usr/libexec/valgrind/vgpreload_memcheck-amd64-linux.so)
==76769==    by 0x48B587: semantic__register_builtins (in /mnt/c/Users/Juan/Documents/GitHub/Mapanare/mapanare/self/mnc-stage1)
==76769== 
==76769== 168 bytes in 1 blocks are indirectly lost in loss record 736 of 950
==76769==    at 0x484D953: calloc (in /usr/libexec/valgrind/vgpreload_memcheck-amd64-linux.so)
==76769==    by 0x48B87F: semantic__register_builtins (in /mnt/c/Users/Juan/Documents/GitHub/Mapanare/mapanare/self/mnc-stage1)
==76769== 
==76769== 168 bytes in 1 blocks are indirectly lost in loss record 737 of 950
==76769==    at 0x4846828: malloc (in /usr/libexec/valgrind/vgpreload_memcheck-amd64-linux.so)
==76769==    by 0x48B944: semantic__register_builtins (in /mnt/c/Users/Juan/Documents/GitHub/Mapanare/mapanare/self/mnc-stage1)
==76769== 
==76769== 168 bytes in 1 blocks are indirectly lost in loss record 738 of 950
==76769==    at 0x484D953: calloc (in /usr/libexec/valgrind/vgpreload_memcheck-amd64-linux.so)
==76769==    by 0x48BC3C: semantic__register_builtins (in /mnt/c/Users/Juan/Documents/GitHub/Mapanare/mapanare/self/mnc-stage1)
==76769== 
==76769== 168 bytes in 1 blocks are indirectly lost in loss record 739 of 950
==76769==    at 0x4846828: malloc (in /usr/libexec/valgrind/vgpreload_memcheck-amd64-linux.so)
==76769==    by 0x48BD01: semantic__register_builtins (in /mnt/c/Users/Juan/Documents/GitHub/Mapanare/mapanare/self/mnc-stage1)
==76769== 
==76769== 168 bytes in 1 blocks are indirectly lost in loss record 740 of 950
==76769==    at 0x484D953: calloc (in /usr/libexec/valgrind/vgpreload_memcheck-amd64-linux.so)
==76769==    by 0x48BFF9: semantic__register_builtins (in /mnt/c/Users/Juan/Documents/GitHub/Mapanare/mapanare/self/mnc-stage1)
==76769== 
==76769== 168 bytes in 1 blocks are indirectly lost in loss record 741 of 950
==76769==    at 0x4846828: malloc (in /usr/libexec/valgrind/vgpreload_memcheck-amd64-linux.so)
==76769==    by 0x48C0BE: semantic__register_builtins (in /mnt/c/Users/Juan/Documents/GitHub/Mapanare/mapanare/self/mnc-stage1)
==76769== 
==76769== 168 bytes in 1 blocks are indirectly lost in loss record 742 of 950
==76769==    at 0x484D953: calloc (in /usr/libexec/valgrind/vgpreload_memcheck-amd64-linux.so)
==76769==    by 0x48C3B6: semantic__register_builtins (in /mnt/c/Users/Juan/Documents/GitHub/Mapanare/mapanare/self/mnc-stage1)
==76769== 
==76769== 168 bytes in 1 blocks are indirectly lost in loss record 743 of 950
==76769==    at 0x4846828: malloc (in /usr/libexec/valgrind/vgpreload_memcheck-amd64-linux.so)
==76769==    by 0x48C47B: semantic__register_builtins (in /mnt/c/Users/Juan/Documents/GitHub/Mapanare/mapanare/self/mnc-stage1)
==76769== 
==76769== 168 bytes in 1 blocks are indirectly lost in loss record 744 of 950
==76769==    at 0x484D953: calloc (in /usr/libexec/valgrind/vgpreload_memcheck-amd64-linux.so)
==76769==    by 0x48C773: semantic__register_builtins (in /mnt/c/Users/Juan/Documents/GitHub/Mapanare/mapanare/self/mnc-stage1)
==76769== 
==76769== 168 bytes in 1 blocks are indirectly lost in loss record 745 of 950
==76769==    at 0x4846828: malloc (in /usr/libexec/valgrind/vgpreload_memcheck-amd64-linux.so)
==76769==    by 0x48C838: semantic__register_builtins (in /mnt/c/Users/Juan/Documents/GitHub/Mapanare/mapanare/self/mnc-stage1)
==76769== 
==76769== 168 bytes in 1 blocks are indirectly lost in loss record 746 of 950
==76769==    at 0x484D953: calloc (in /usr/libexec/valgrind/vgpreload_memcheck-amd64-linux.so)
==76769==    by 0x48CB2E: semantic__register_builtins (in /mnt/c/Users/Juan/Documents/GitHub/Mapanare/mapanare/self/mnc-stage1)
==76769== 
==76769== 168 bytes in 1 blocks are indirectly lost in loss record 747 of 950
==76769==    at 0x4846828: malloc (in /usr/libexec/valgrind/vgpreload_memcheck-amd64-linux.so)
==76769==    by 0x48CBF3: semantic__register_builtins (in /mnt/c/Users/Juan/Documents/GitHub/Mapanare/mapanare/self/mnc-stage1)
==76769== 
==76769== 168 bytes in 1 blocks are indirectly lost in loss record 748 of 950
==76769==    at 0x484D953: calloc (in /usr/libexec/valgrind/vgpreload_memcheck-amd64-linux.so)
==76769==    by 0x48CEE7: semantic__register_builtins (in /mnt/c/Users/Juan/Documents/GitHub/Mapanare/mapanare/self/mnc-stage1)
==76769== 
==76769== 168 bytes in 1 blocks are indirectly lost in loss record 749 of 950
==76769==    at 0x4846828: malloc (in /usr/libexec/valgrind/vgpreload_memcheck-amd64-linux.so)
==76769==    by 0x48CFAC: semantic__register_builtins (in /mnt/c/Users/Juan/Documents/GitHub/Mapanare/mapanare/self/mnc-stage1)
==76769== 
==76769== 168 bytes in 1 blocks are indirectly lost in loss record 750 of 950
==76769==    at 0x484D953: calloc (in /usr/libexec/valgrind/vgpreload_memcheck-amd64-linux.so)
==76769==    by 0x48D2A0: semantic__register_builtins (in /mnt/c/Users/Juan/Documents/GitHub/Mapanare/mapanare/self/mnc-stage1)
==76769== 
==76769== 168 bytes in 1 blocks are indirectly lost in loss record 751 of 950
==76769==    at 0x4846828: malloc (in /usr/libexec/valgrind/vgpreload_memcheck-amd64-linux.so)
==76769==    by 0x48D365: semantic__register_builtins (in /mnt/c/Users/Juan/Documents/GitHub/Mapanare/mapanare/self/mnc-stage1)
==76769== 
==76769== 168 bytes in 1 blocks are indirectly lost in loss record 752 of 950
==76769==    at 0x484D953: calloc (in /usr/libexec/valgrind/vgpreload_memcheck-amd64-linux.so)
==76769==    by 0x48D659: semantic__register_builtins (in /mnt/c/Users/Juan/Documents/GitHub/Mapanare/mapanare/self/mnc-stage1)
==76769== 
==76769== 168 bytes in 1 blocks are indirectly lost in loss record 753 of 950
==76769==    at 0x4846828: malloc (in /usr/libexec/valgrind/vgpreload_memcheck-amd64-linux.so)
==76769==    by 0x48D71E: semantic__register_builtins (in /mnt/c/Users/Juan/Documents/GitHub/Mapanare/mapanare/self/mnc-stage1)
==76769== 
==76769== 168 bytes in 1 blocks are indirectly lost in loss record 754 of 950
==76769==    at 0x484D953: calloc (in /usr/libexec/valgrind/vgpreload_memcheck-amd64-linux.so)
==76769==    by 0x48DA12: semantic__register_builtins (in /mnt/c/Users/Juan/Documents/GitHub/Mapanare/mapanare/self/mnc-stage1)
==76769== 
==76769== 168 bytes in 1 blocks are indirectly lost in loss record 755 of 950
==76769==    at 0x4846828: malloc (in /usr/libexec/valgrind/vgpreload_memcheck-amd64-linux.so)
==76769==    by 0x48DAD7: semantic__register_builtins (in /mnt/c/Users/Juan/Documents/GitHub/Mapanare/mapanare/self/mnc-stage1)
==76769== 
==76769== 168 bytes in 1 blocks are indirectly lost in loss record 756 of 950
==76769==    at 0x484D953: calloc (in /usr/libexec/valgrind/vgpreload_memcheck-amd64-linux.so)
==76769==    by 0x48DDCB: semantic__register_builtins (in /mnt/c/Users/Juan/Documents/GitHub/Mapanare/mapanare/self/mnc-stage1)
==76769== 
==76769== 168 bytes in 1 blocks are indirectly lost in loss record 757 of 950
==76769==    at 0x4846828: malloc (in /usr/libexec/valgrind/vgpreload_memcheck-amd64-linux.so)
==76769==    by 0x48DE90: semantic__register_builtins (in /mnt/c/Users/Juan/Documents/GitHub/Mapanare/mapanare/self/mnc-stage1)
==76769== 
==76769== 168 bytes in 1 blocks are indirectly lost in loss record 758 of 950
==76769==    at 0x484D953: calloc (in /usr/libexec/valgrind/vgpreload_memcheck-amd64-linux.so)
==76769==    by 0x48E184: semantic__register_builtins (in /mnt/c/Users/Juan/Documents/GitHub/Mapanare/mapanare/self/mnc-stage1)
==76769== 
==76769== 168 bytes in 1 blocks are indirectly lost in loss record 759 of 950
==76769==    at 0x4846828: malloc (in /usr/libexec/valgrind/vgpreload_memcheck-amd64-linux.so)
==76769==    by 0x48E249: semantic__register_builtins (in /mnt/c/Users/Juan/Documents/GitHub/Mapanare/mapanare/self/mnc-stage1)
==76769== 
==76769== 168 bytes in 1 blocks are indirectly lost in loss record 760 of 950
==76769==    at 0x484D953: calloc (in /usr/libexec/valgrind/vgpreload_memcheck-amd64-linux.so)
==76769==    by 0x48E53D: semantic__register_builtins (in /mnt/c/Users/Juan/Documents/GitHub/Mapanare/mapanare/self/mnc-stage1)
==76769== 
==76769== 168 bytes in 1 blocks are indirectly lost in loss record 761 of 950
==76769==    at 0x4846828: malloc (in /usr/libexec/valgrind/vgpreload_memcheck-amd64-linux.so)
==76769==    by 0x48E602: semantic__register_builtins (in /mnt/c/Users/Juan/Documents/GitHub/Mapanare/mapanare/self/mnc-stage1)
==76769== 
==76769== 168 bytes in 1 blocks are indirectly lost in loss record 762 of 950
==76769==    at 0x484D953: calloc (in /usr/libexec/valgrind/vgpreload_memcheck-amd64-linux.so)
==76769==    by 0x48E8F6: semantic__register_builtins (in /mnt/c/Users/Juan/Documents/GitHub/Mapanare/mapanare/self/mnc-stage1)
==76769== 
==76769== 168 bytes in 1 blocks are indirectly lost in loss record 763 of 950
==76769==    at 0x4846828: malloc (in /usr/libexec/valgrind/vgpreload_memcheck-amd64-linux.so)
==76769==    by 0x48E9BB: semantic__register_builtins (in /mnt/c/Users/Juan/Documents/GitHub/Mapanare/mapanare/self/mnc-stage1)
==76769== 
==76769== 168 bytes in 1 blocks are indirectly lost in loss record 764 of 950
==76769==    at 0x484D953: calloc (in /usr/libexec/valgrind/vgpreload_memcheck-amd64-linux.so)
==76769==    by 0x48ECAF: semantic__register_builtins (in /mnt/c/Users/Juan/Documents/GitHub/Mapanare/mapanare/self/mnc-stage1)
==76769== 
==76769== 168 bytes in 1 blocks are indirectly lost in loss record 765 of 950
==76769==    at 0x4846828: malloc (in /usr/libexec/valgrind/vgpreload_memcheck-amd64-linux.so)
==76769==    by 0x48ED74: semantic__register_builtins (in /mnt/c/Users/Juan/Documents/GitHub/Mapanare/mapanare/self/mnc-stage1)
==76769== 
==76769== 168 bytes in 1 blocks are indirectly lost in loss record 766 of 950
==76769==    at 0x484D953: calloc (in /usr/libexec/valgrind/vgpreload_memcheck-amd64-linux.so)
==76769==    by 0x48F068: semantic__register_builtins (in /mnt/c/Users/Juan/Documents/GitHub/Mapanare/mapanare/self/mnc-stage1)
==76769== 
==76769== 168 bytes in 1 blocks are indirectly lost in loss record 767 of 950
==76769==    at 0x4846828: malloc (in /usr/libexec/valgrind/vgpreload_memcheck-amd64-linux.so)
==76769==    by 0x48F12D: semantic__register_builtins (in /mnt/c/Users/Juan/Documents/GitHub/Mapanare/mapanare/self/mnc-stage1)
==76769== 
==76769== 168 bytes in 1 blocks are indirectly lost in loss record 768 of 950
==76769==    at 0x484D953: calloc (in /usr/libexec/valgrind/vgpreload_memcheck-amd64-linux.so)
==76769==    by 0x48F421: semantic__register_builtins (in /mnt/c/Users/Juan/Documents/GitHub/Mapanare/mapanare/self/mnc-stage1)
==76769== 
==76769== 168 bytes in 1 blocks are indirectly lost in loss record 769 of 950
==76769==    at 0x4846828: malloc (in /usr/libexec/valgrind/vgpreload_memcheck-amd64-linux.so)
==76769==    by 0x48F4E6: semantic__register_builtins (in /mnt/c/Users/Juan/Documents/GitHub/Mapanare/mapanare/self/mnc-stage1)
==76769== 
==76769== 168 bytes in 1 blocks are indirectly lost in loss record 770 of 950
==76769==    at 0x484D953: calloc (in /usr/libexec/valgrind/vgpreload_memcheck-amd64-linux.so)
==76769==    by 0x48F7DA: semantic__register_builtins (in /mnt/c/Users/Juan/Documents/GitHub/Mapanare/mapanare/self/mnc-stage1)
==76769== 
==76769== 168 bytes in 1 blocks are indirectly lost in loss record 771 of 950
==76769==    at 0x4846828: malloc (in /usr/libexec/valgrind/vgpreload_memcheck-amd64-linux.so)
==76769==    by 0x48F89F: semantic__register_builtins (in /mnt/c/Users/Juan/Documents/GitHub/Mapanare/mapanare/self/mnc-stage1)
==76769== 
==76769== 168 bytes in 1 blocks are indirectly lost in loss record 772 of 950
==76769==    at 0x484D953: calloc (in /usr/libexec/valgrind/vgpreload_memcheck-amd64-linux.so)
==76769==    by 0x48FB93: semantic__register_builtins (in /mnt/c/Users/Juan/Documents/GitHub/Mapanare/mapanare/self/mnc-stage1)
==76769== 
==76769== 168 bytes in 1 blocks are indirectly lost in loss record 773 of 950
==76769==    at 0x4846828: malloc (in /usr/libexec/valgrind/vgpreload_memcheck-amd64-linux.so)
==76769==    by 0x48FC58: semantic__register_builtins (in /mnt/c/Users/Juan/Documents/GitHub/Mapanare/mapanare/self/mnc-stage1)
==76769== 
==76769== 168 bytes in 1 blocks are indirectly lost in loss record 774 of 950
==76769==    at 0x484D953: calloc (in /usr/libexec/valgrind/vgpreload_memcheck-amd64-linux.so)
==76769==    by 0x48FF4C: semantic__register_builtins (in /mnt/c/Users/Juan/Documents/GitHub/Mapanare/mapanare/self/mnc-stage1)
==76769== 
==76769== 168 bytes in 1 blocks are indirectly lost in loss record 775 of 950
==76769==    at 0x4846828: malloc (in /usr/libexec/valgrind/vgpreload_memcheck-amd64-linux.so)
==76769==    by 0x490011: semantic__register_builtins (in /mnt/c/Users/Juan/Documents/GitHub/Mapanare/mapanare/self/mnc-stage1)
==76769== 
==76769== 168 bytes in 1 blocks are indirectly lost in loss record 776 of 950
==76769==    at 0x484D953: calloc (in /usr/libexec/valgrind/vgpreload_memcheck-amd64-linux.so)
==76769==    by 0x490305: semantic__register_builtins (in /mnt/c/Users/Juan/Documents/GitHub/Mapanare/mapanare/self/mnc-stage1)
==76769== 
==76769== 168 bytes in 1 blocks are indirectly lost in loss record 777 of 950
==76769==    at 0x4846828: malloc (in /usr/libexec/valgrind/vgpreload_memcheck-amd64-linux.so)
==76769==    by 0x4903CA: semantic__register_builtins (in /mnt/c/Users/Juan/Documents/GitHub/Mapanare/mapanare/self/mnc-stage1)
==76769== 
==76769== 168 bytes in 1 blocks are indirectly lost in loss record 778 of 950
==76769==    at 0x484D953: calloc (in /usr/libexec/valgrind/vgpreload_memcheck-amd64-linux.so)
==76769==    by 0x4906C0: semantic__register_builtins (in /mnt/c/Users/Juan/Documents/GitHub/Mapanare/mapanare/self/mnc-stage1)
==76769== 
==76769== 168 bytes in 1 blocks are indirectly lost in loss record 779 of 950
==76769==    at 0x4846828: malloc (in /usr/libexec/valgrind/vgpreload_memcheck-amd64-linux.so)
==76769==    by 0x490785: semantic__register_builtins (in /mnt/c/Users/Juan/Documents/GitHub/Mapanare/mapanare/self/mnc-stage1)
==76769== 
==76769== 168 bytes in 1 blocks are indirectly lost in loss record 780 of 950
==76769==    at 0x484D953: calloc (in /usr/libexec/valgrind/vgpreload_memcheck-amd64-linux.so)
==76769==    by 0x490A7D: semantic__register_builtins (in /mnt/c/Users/Juan/Documents/GitHub/Mapanare/mapanare/self/mnc-stage1)
==76769== 
==76769== 168 bytes in 1 blocks are indirectly lost in loss record 781 of 950
==76769==    at 0x4846828: malloc (in /usr/libexec/valgrind/vgpreload_memcheck-amd64-linux.so)
==76769==    by 0x490B42: semantic__register_builtins (in /mnt/c/Users/Juan/Documents/GitHub/Mapanare/mapanare/self/mnc-stage1)
==76769== 
==76769== 168 bytes in 1 blocks are indirectly lost in loss record 782 of 950
==76769==    at 0x484D953: calloc (in /usr/libexec/valgrind/vgpreload_memcheck-amd64-linux.so)
==76769==    by 0x490E38: semantic__register_builtins (in /mnt/c/Users/Juan/Documents/GitHub/Mapanare/mapanare/self/mnc-stage1)
==76769== 
==76769== 168 bytes in 1 blocks are indirectly lost in loss record 783 of 950
==76769==    at 0x4846828: malloc (in /usr/libexec/valgrind/vgpreload_memcheck-amd64-linux.so)
==76769==    by 0x490EFD: semantic__register_builtins (in /mnt/c/Users/Juan/Documents/GitHub/Mapanare/mapanare/self/mnc-stage1)
==76769== 
==76769== 168 bytes in 1 blocks are indirectly lost in loss record 784 of 950
==76769==    at 0x484D953: calloc (in /usr/libexec/valgrind/vgpreload_memcheck-amd64-linux.so)
==76769==    by 0x4911F1: semantic__register_builtins (in /mnt/c/Users/Juan/Documents/GitHub/Mapanare/mapanare/self/mnc-stage1)
==76769== 
==76769== 168 bytes in 1 blocks are indirectly lost in loss record 785 of 950
==76769==    at 0x4846828: malloc (in /usr/libexec/valgrind/vgpreload_memcheck-amd64-linux.so)
==76769==    by 0x4912B6: semantic__register_builtins (in /mnt/c/Users/Juan/Documents/GitHub/Mapanare/mapanare/self/mnc-stage1)
==76769== 
==76769== 168 bytes in 1 blocks are indirectly lost in loss record 786 of 950
==76769==    at 0x484D953: calloc (in /usr/libexec/valgrind/vgpreload_memcheck-amd64-linux.so)
==76769==    by 0x4915AA: semantic__register_builtins (in /mnt/c/Users/Juan/Documents/GitHub/Mapanare/mapanare/self/mnc-stage1)
==76769== 
==76769== 168 bytes in 1 blocks are indirectly lost in loss record 787 of 950
==76769==    at 0x4846828: malloc (in /usr/libexec/valgrind/vgpreload_memcheck-amd64-linux.so)
==76769==    by 0x49166F: semantic__register_builtins (in /mnt/c/Users/Juan/Documents/GitHub/Mapanare/mapanare/self/mnc-stage1)
==76769== 
==76769== 168 bytes in 1 blocks are indirectly lost in loss record 788 of 950
==76769==    at 0x484D953: calloc (in /usr/libexec/valgrind/vgpreload_memcheck-amd64-linux.so)
==76769==    by 0x491963: semantic__register_builtins (in /mnt/c/Users/Juan/Documents/GitHub/Mapanare/mapanare/self/mnc-stage1)
==76769== 
==76769== 168 bytes in 1 blocks are indirectly lost in loss record 789 of 950
==76769==    at 0x4846828: malloc (in /usr/libexec/valgrind/vgpreload_memcheck-amd64-linux.so)
==76769==    by 0x491A28: semantic__register_builtins (in /mnt/c/Users/Juan/Documents/GitHub/Mapanare/mapanare/self/mnc-stage1)
==76769== 
==76769== 168 bytes in 1 blocks are indirectly lost in loss record 790 of 950
==76769==    at 0x484D953: calloc (in /usr/libexec/valgrind/vgpreload_memcheck-amd64-linux.so)
==76769==    by 0x491D1C: semantic__register_builtins (in /mnt/c/Users/Juan/Documents/GitHub/Mapanare/mapanare/self/mnc-stage1)
==76769== 
==76769== 168 bytes in 1 blocks are indirectly lost in loss record 791 of 950
==76769==    at 0x4846828: malloc (in /usr/libexec/valgrind/vgpreload_memcheck-amd64-linux.so)
==76769==    by 0x491DE1: semantic__register_builtins (in /mnt/c/Users/Juan/Documents/GitHub/Mapanare/mapanare/self/mnc-stage1)
==76769== 
==76769== 168 bytes in 1 blocks are indirectly lost in loss record 792 of 950
==76769==    at 0x484D953: calloc (in /usr/libexec/valgrind/vgpreload_memcheck-amd64-linux.so)
==76769==    by 0x4920D5: semantic__register_builtins (in /mnt/c/Users/Juan/Documents/GitHub/Mapanare/mapanare/self/mnc-stage1)
==76769== 
==76769== 168 bytes in 1 blocks are indirectly lost in loss record 793 of 950
==76769==    at 0x4846828: malloc (in /usr/libexec/valgrind/vgpreload_memcheck-amd64-linux.so)
==76769==    by 0x49219A: semantic__register_builtins (in /mnt/c/Users/Juan/Documents/GitHub/Mapanare/mapanare/self/mnc-stage1)
==76769== 
==76769== 168 bytes in 1 blocks are indirectly lost in loss record 794 of 950
==76769==    at 0x484D953: calloc (in /usr/libexec/valgrind/vgpreload_memcheck-amd64-linux.so)
==76769==    by 0x49248E: semantic__register_builtins (in /mnt/c/Users/Juan/Documents/GitHub/Mapanare/mapanare/self/mnc-stage1)
==76769== 
==76769== 168 bytes in 1 blocks are indirectly lost in loss record 795 of 950
==76769==    at 0x4846828: malloc (in /usr/libexec/valgrind/vgpreload_memcheck-amd64-linux.so)
==76769==    by 0x492553: semantic__register_builtins (in /mnt/c/Users/Juan/Documents/GitHub/Mapanare/mapanare/self/mnc-stage1)
==76769== 
==76769== 168 bytes in 1 blocks are indirectly lost in loss record 796 of 950
==76769==    at 0x484D953: calloc (in /usr/libexec/valgrind/vgpreload_memcheck-amd64-linux.so)
==76769==    by 0x492849: semantic__register_builtins (in /mnt/c/Users/Juan/Documents/GitHub/Mapanare/mapanare/self/mnc-stage1)
==76769== 
==76769== 168 bytes in 1 blocks are indirectly lost in loss record 797 of 950
==76769==    at 0x4846828: malloc (in /usr/libexec/valgrind/vgpreload_memcheck-amd64-linux.so)
==76769==    by 0x49290E: semantic__register_builtins (in /mnt/c/Users/Juan/Documents/GitHub/Mapanare/mapanare/self/mnc-stage1)
==76769== 
==76769== 168 bytes in 1 blocks are indirectly lost in loss record 798 of 950
==76769==    at 0x484D953: calloc (in /usr/libexec/valgrind/vgpreload_memcheck-amd64-linux.so)
==76769==    by 0x492C04: semantic__register_builtins (in /mnt/c/Users/Juan/Documents/GitHub/Mapanare/mapanare/self/mnc-stage1)
==76769== 
==76769== 168 bytes in 1 blocks are indirectly lost in loss record 799 of 950
==76769==    at 0x4846828: malloc (in /usr/libexec/valgrind/vgpreload_memcheck-amd64-linux.so)
==76769==    by 0x492CC9: semantic__register_builtins (in /mnt/c/Users/Juan/Documents/GitHub/Mapanare/mapanare/self/mnc-stage1)
==76769== 
==76769== 168 bytes in 1 blocks are indirectly lost in loss record 800 of 950
==76769==    at 0x484D953: calloc (in /usr/libexec/valgrind/vgpreload_memcheck-amd64-linux.so)
==76769==    by 0x492FBF: semantic__register_builtins (in /mnt/c/Users/Juan/Documents/GitHub/Mapanare/mapanare/self/mnc-stage1)
==76769== 
==76769== 168 bytes in 1 blocks are indirectly lost in loss record 801 of 950
==76769==    at 0x4846828: malloc (in /usr/libexec/valgrind/vgpreload_memcheck-amd64-linux.so)
==76769==    by 0x493084: semantic__register_builtins (in /mnt/c/Users/Juan/Documents/GitHub/Mapanare/mapanare/self/mnc-stage1)
==76769== 
==76769== 168 bytes in 1 blocks are indirectly lost in loss record 802 of 950
==76769==    at 0x484D953: calloc (in /usr/libexec/valgrind/vgpreload_memcheck-amd64-linux.so)
==76769==    by 0x49337A: semantic__register_builtins (in /mnt/c/Users/Juan/Documents/GitHub/Mapanare/mapanare/self/mnc-stage1)
==76769== 
==76769== 168 bytes in 1 blocks are indirectly lost in loss record 803 of 950
==76769==    at 0x4846828: malloc (in /usr/libexec/valgrind/vgpreload_memcheck-amd64-linux.so)
==76769==    by 0x49343F: semantic__register_builtins (in /mnt/c/Users/Juan/Documents/GitHub/Mapanare/mapanare/self/mnc-stage1)
==76769== 
==76769== 168 bytes in 1 blocks are indirectly lost in loss record 804 of 950
==76769==    at 0x484D953: calloc (in /usr/libexec/valgrind/vgpreload_memcheck-amd64-linux.so)
==76769==    by 0x493735: semantic__register_builtins (in /mnt/c/Users/Juan/Documents/GitHub/Mapanare/mapanare/self/mnc-stage1)
==76769== 
==76769== 168 bytes in 1 blocks are indirectly lost in loss record 805 of 950
==76769==    at 0x4846828: malloc (in /usr/libexec/valgrind/vgpreload_memcheck-amd64-linux.so)
==76769==    by 0x4937FA: semantic__register_builtins (in /mnt/c/Users/Juan/Documents/GitHub/Mapanare/mapanare/self/mnc-stage1)
==76769== 
==76769== 168 bytes in 1 blocks are indirectly lost in loss record 806 of 950
==76769==    at 0x484D953: calloc (in /usr/libexec/valgrind/vgpreload_memcheck-amd64-linux.so)
==76769==    by 0x493AF2: semantic__register_builtins (in /mnt/c/Users/Juan/Documents/GitHub/Mapanare/mapanare/self/mnc-stage1)
==76769== 
==76769== 168 bytes in 1 blocks are indirectly lost in loss record 807 of 950
==76769==    at 0x4846828: malloc (in /usr/libexec/valgrind/vgpreload_memcheck-amd64-linux.so)
==76769==    by 0x493BB7: semantic__register_builtins (in /mnt/c/Users/Juan/Documents/GitHub/Mapanare/mapanare/self/mnc-stage1)
==76769== 
==76769== 168 bytes in 1 blocks are indirectly lost in loss record 808 of 950
==76769==    at 0x484D953: calloc (in /usr/libexec/valgrind/vgpreload_memcheck-amd64-linux.so)
==76769==    by 0x493EAF: semantic__register_builtins (in /mnt/c/Users/Juan/Documents/GitHub/Mapanare/mapanare/self/mnc-stage1)
==76769== 
==76769== 168 bytes in 1 blocks are indirectly lost in loss record 809 of 950
==76769==    at 0x4846828: malloc (in /usr/libexec/valgrind/vgpreload_memcheck-amd64-linux.so)
==76769==    by 0x493F74: semantic__register_builtins (in /mnt/c/Users/Juan/Documents/GitHub/Mapanare/mapanare/self/mnc-stage1)
==76769== 
==76769== 168 bytes in 1 blocks are indirectly lost in loss record 810 of 950
==76769==    at 0x484D953: calloc (in /usr/libexec/valgrind/vgpreload_memcheck-amd64-linux.so)
==76769==    by 0x49426C: semantic__register_builtins (in /mnt/c/Users/Juan/Documents/GitHub/Mapanare/mapanare/self/mnc-stage1)
==76769== 
==76769== 168 bytes in 1 blocks are indirectly lost in loss record 811 of 950
==76769==    at 0x4846828: malloc (in /usr/libexec/valgrind/vgpreload_memcheck-amd64-linux.so)
==76769==    by 0x494331: semantic__register_builtins (in /mnt/c/Users/Juan/Documents/GitHub/Mapanare/mapanare/self/mnc-stage1)
==76769== 
==76769== 168 bytes in 1 blocks are indirectly lost in loss record 812 of 950
==76769==    at 0x484D953: calloc (in /usr/libexec/valgrind/vgpreload_memcheck-amd64-linux.so)
==76769==    by 0x494629: semantic__register_builtins (in /mnt/c/Users/Juan/Documents/GitHub/Mapanare/mapanare/self/mnc-stage1)
==76769== 
==76769== 168 bytes in 1 blocks are indirectly lost in loss record 813 of 950
==76769==    at 0x4846828: malloc (in /usr/libexec/valgrind/vgpreload_memcheck-amd64-linux.so)
==76769==    by 0x4946EE: semantic__register_builtins (in /mnt/c/Users/Juan/Documents/GitHub/Mapanare/mapanare/self/mnc-stage1)
==76769== 
==76769== 168 bytes in 1 blocks are indirectly lost in loss record 814 of 950
==76769==    at 0x484D953: calloc (in /usr/libexec/valgrind/vgpreload_memcheck-amd64-linux.so)
==76769==    by 0x4949E6: semantic__register_builtins (in /mnt/c/Users/Juan/Documents/GitHub/Mapanare/mapanare/self/mnc-stage1)
==76769== 
==76769== 168 bytes in 1 blocks are indirectly lost in loss record 815 of 950
==76769==    at 0x4846828: malloc (in /usr/libexec/valgrind/vgpreload_memcheck-amd64-linux.so)
==76769==    by 0x494AAB: semantic__register_builtins (in /mnt/c/Users/Juan/Documents/GitHub/Mapanare/mapanare/self/mnc-stage1)
==76769== 
==76769== 168 bytes in 1 blocks are indirectly lost in loss record 816 of 950
==76769==    at 0x484D953: calloc (in /usr/libexec/valgrind/vgpreload_memcheck-amd64-linux.so)
==76769==    by 0x494DA3: semantic__register_builtins (in /mnt/c/Users/Juan/Documents/GitHub/Mapanare/mapanare/self/mnc-stage1)
==76769== 
==76769== 168 bytes in 1 blocks are indirectly lost in loss record 817 of 950
==76769==    at 0x4846828: malloc (in /usr/libexec/valgrind/vgpreload_memcheck-amd64-linux.so)
==76769==    by 0x494E68: semantic__register_builtins (in /mnt/c/Users/Juan/Documents/GitHub/Mapanare/mapanare/self/mnc-stage1)
==76769== 
==76769== 168 bytes in 1 blocks are indirectly lost in loss record 818 of 950
==76769==    at 0x484D953: calloc (in /usr/libexec/valgrind/vgpreload_memcheck-amd64-linux.so)
==76769==    by 0x495160: semantic__register_builtins (in /mnt/c/Users/Juan/Documents/GitHub/Mapanare/mapanare/self/mnc-stage1)
==76769== 
==76769== 168 bytes in 1 blocks are indirectly lost in loss record 819 of 950
==76769==    at 0x4846828: malloc (in /usr/libexec/valgrind/vgpreload_memcheck-amd64-linux.so)
==76769==    by 0x495225: semantic__register_builtins (in /mnt/c/Users/Juan/Documents/GitHub/Mapanare/mapanare/self/mnc-stage1)
==76769== 
==76769== 168 bytes in 1 blocks are indirectly lost in loss record 820 of 950
==76769==    at 0x484D953: calloc (in /usr/libexec/valgrind/vgpreload_memcheck-amd64-linux.so)
==76769==    by 0x49551B: semantic__register_builtins (in /mnt/c/Users/Juan/Documents/GitHub/Mapanare/mapanare/self/mnc-stage1)
==76769== 
==76769== 168 bytes in 1 blocks are indirectly lost in loss record 821 of 950
==76769==    at 0x4846828: malloc (in /usr/libexec/valgrind/vgpreload_memcheck-amd64-linux.so)
==76769==    by 0x4955E0: semantic__register_builtins (in /mnt/c/Users/Juan/Documents/GitHub/Mapanare/mapanare/self/mnc-stage1)
==76769== 
==76769== 168 bytes in 1 blocks are indirectly lost in loss record 822 of 950
==76769==    at 0x484D953: calloc (in /usr/libexec/valgrind/vgpreload_memcheck-amd64-linux.so)
==76769==    by 0x4958D6: semantic__register_builtins (in /mnt/c/Users/Juan/Documents/GitHub/Mapanare/mapanare/self/mnc-stage1)
==76769== 
==76769== 168 bytes in 1 blocks are indirectly lost in loss record 823 of 950
==76769==    at 0x4846828: malloc (in /usr/libexec/valgrind/vgpreload_memcheck-amd64-linux.so)
==76769==    by 0x49599B: semantic__register_builtins (in /mnt/c/Users/Juan/Documents/GitHub/Mapanare/mapanare/self/mnc-stage1)
==76769== 
==76769== 168 bytes in 1 blocks are indirectly lost in loss record 824 of 950
==76769==    at 0x484D953: calloc (in /usr/libexec/valgrind/vgpreload_memcheck-amd64-linux.so)
==76769==    by 0x495C91: semantic__register_builtins (in /mnt/c/Users/Juan/Documents/GitHub/Mapanare/mapanare/self/mnc-stage1)
==76769== 
==76769== 168 bytes in 1 blocks are indirectly lost in loss record 825 of 950
==76769==    at 0x4846828: malloc (in /usr/libexec/valgrind/vgpreload_memcheck-amd64-linux.so)
==76769==    by 0x495D56: semantic__register_builtins (in /mnt/c/Users/Juan/Documents/GitHub/Mapanare/mapanare/self/mnc-stage1)
==76769== 
==76769== 168 bytes in 1 blocks are indirectly lost in loss record 826 of 950
==76769==    at 0x484D953: calloc (in /usr/libexec/valgrind/vgpreload_memcheck-amd64-linux.so)
==76769==    by 0x49604A: semantic__register_builtins (in /mnt/c/Users/Juan/Documents/GitHub/Mapanare/mapanare/self/mnc-stage1)
==76769== 
==76769== 168 bytes in 1 blocks are indirectly lost in loss record 827 of 950
==76769==    at 0x4846828: malloc (in /usr/libexec/valgrind/vgpreload_memcheck-amd64-linux.so)
==76769==    by 0x49610F: semantic__register_builtins (in /mnt/c/Users/Juan/Documents/GitHub/Mapanare/mapanare/self/mnc-stage1)
==76769== 
==76769== 168 bytes in 1 blocks are indirectly lost in loss record 828 of 950
==76769==    at 0x484D953: calloc (in /usr/libexec/valgrind/vgpreload_memcheck-amd64-linux.so)
==76769==    by 0x496403: semantic__register_builtins (in /mnt/c/Users/Juan/Documents/GitHub/Mapanare/mapanare/self/mnc-stage1)
==76769== 
==76769== 168 bytes in 1 blocks are indirectly lost in loss record 829 of 950
==76769==    at 0x4846828: malloc (in /usr/libexec/valgrind/vgpreload_memcheck-amd64-linux.so)
==76769==    by 0x4964C8: semantic__register_builtins (in /mnt/c/Users/Juan/Documents/GitHub/Mapanare/mapanare/self/mnc-stage1)
==76769== 
==76769== 168 bytes in 1 blocks are indirectly lost in loss record 830 of 950
==76769==    at 0x484D953: calloc (in /usr/libexec/valgrind/vgpreload_memcheck-amd64-linux.so)
==76769==    by 0x4967BC: semantic__register_builtins (in /mnt/c/Users/Juan/Documents/GitHub/Mapanare/mapanare/self/mnc-stage1)
==76769== 
==76769== 168 bytes in 1 blocks are indirectly lost in loss record 831 of 950
==76769==    at 0x4846828: malloc (in /usr/libexec/valgrind/vgpreload_memcheck-amd64-linux.so)
==76769==    by 0x496881: semantic__register_builtins (in /mnt/c/Users/Juan/Documents/GitHub/Mapanare/mapanare/self/mnc-stage1)
==76769== 
==76769== 168 bytes in 1 blocks are indirectly lost in loss record 832 of 950
==76769==    at 0x484D953: calloc (in /usr/libexec/valgrind/vgpreload_memcheck-amd64-linux.so)
==76769==    by 0x496B75: semantic__register_builtins (in /mnt/c/Users/Juan/Documents/GitHub/Mapanare/mapanare/self/mnc-stage1)
==76769== 
==76769== 168 bytes in 1 blocks are indirectly lost in loss record 833 of 950
==76769==    at 0x4846828: malloc (in /usr/libexec/valgrind/vgpreload_memcheck-amd64-linux.so)
==76769==    by 0x496C3A: semantic__register_builtins (in /mnt/c/Users/Juan/Documents/GitHub/Mapanare/mapanare/self/mnc-stage1)
==76769== 
==76769== 168 bytes in 1 blocks are indirectly lost in loss record 834 of 950
==76769==    at 0x484D953: calloc (in /usr/libexec/valgrind/vgpreload_memcheck-amd64-linux.so)
==76769==    by 0x496F2E: semantic__register_builtins (in /mnt/c/Users/Juan/Documents/GitHub/Mapanare/mapanare/self/mnc-stage1)
==76769== 
==76769== 168 bytes in 1 blocks are indirectly lost in loss record 835 of 950
==76769==    at 0x4846828: malloc (in /usr/libexec/valgrind/vgpreload_memcheck-amd64-linux.so)
==76769==    by 0x496FF3: semantic__register_builtins (in /mnt/c/Users/Juan/Documents/GitHub/Mapanare/mapanare/self/mnc-stage1)
==76769== 
==76769== 168 bytes in 1 blocks are indirectly lost in loss record 836 of 950
==76769==    at 0x484D953: calloc (in /usr/libexec/valgrind/vgpreload_memcheck-amd64-linux.so)
==76769==    by 0x4972E7: semantic__register_builtins (in /mnt/c/Users/Juan/Documents/GitHub/Mapanare/mapanare/self/mnc-stage1)
==76769== 
==76769== 168 bytes in 1 blocks are indirectly lost in loss record 837 of 950
==76769==    at 0x4846828: malloc (in /usr/libexec/valgrind/vgpreload_memcheck-amd64-linux.so)
==76769==    by 0x4973AC: semantic__register_builtins (in /mnt/c/Users/Juan/Documents/GitHub/Mapanare/mapanare/self/mnc-stage1)
==76769== 
==76769== 168 bytes in 1 blocks are indirectly lost in loss record 838 of 950
==76769==    at 0x484D953: calloc (in /usr/libexec/valgrind/vgpreload_memcheck-amd64-linux.so)
==76769==    by 0x4976A1: semantic__register_builtins (in /mnt/c/Users/Juan/Documents/GitHub/Mapanare/mapanare/self/mnc-stage1)
==76769== 
==76769== 168 bytes in 1 blocks are indirectly lost in loss record 839 of 950
==76769==    at 0x4846828: malloc (in /usr/libexec/valgrind/vgpreload_memcheck-amd64-linux.so)
==76769==    by 0x497766: semantic__register_builtins (in /mnt/c/Users/Juan/Documents/GitHub/Mapanare/mapanare/self/mnc-stage1)
==76769== 
==76769== 168 bytes in 1 blocks are indirectly lost in loss record 840 of 950
==76769==    at 0x484D953: calloc (in /usr/libexec/valgrind/vgpreload_memcheck-amd64-linux.so)
==76769==    by 0x497A5C: semantic__register_builtins (in /mnt/c/Users/Juan/Documents/GitHub/Mapanare/mapanare/self/mnc-stage1)
==76769== 
==76769== 168 bytes in 1 blocks are indirectly lost in loss record 841 of 950
==76769==    at 0x4846828: malloc (in /usr/libexec/valgrind/vgpreload_memcheck-amd64-linux.so)
==76769==    by 0x497B21: semantic__register_builtins (in /mnt/c/Users/Juan/Documents/GitHub/Mapanare/mapanare/self/mnc-stage1)
==76769== 
==76769== 168 bytes in 1 blocks are indirectly lost in loss record 842 of 950
==76769==    at 0x4846828: malloc (in /usr/libexec/valgrind/vgpreload_memcheck-amd64-linux.so)
==76769==    by 0x437A97: semantic__make_builtin_fn_type (in /mnt/c/Users/Juan/Documents/GitHub/Mapanare/mapanare/self/mnc-stage1)
==76769==    by 0xC7: ???
==76769== 
==76769== 168 bytes in 1 blocks are indirectly lost in loss record 843 of 950
==76769==    at 0x484D953: calloc (in /usr/libexec/valgrind/vgpreload_memcheck-amd64-linux.so)
==76769==    by 0x43AEBD: semantic__resolve_type_opt (in /mnt/c/Users/Juan/Documents/GitHub/Mapanare/mapanare/self/mnc-stage1)
==76769==    by 0xC7: ???
==76769== 
==76769== 168 bytes in 1 blocks are indirectly lost in loss record 844 of 950
==76769==    at 0x484D953: calloc (in /usr/libexec/valgrind/vgpreload_memcheck-amd64-linux.so)
==76769==    by 0x43B78D: semantic__infer_expr (in /mnt/c/Users/Juan/Documents/GitHub/Mapanare/mapanare/self/mnc-stage1)
==76769== 
==76769== 168 bytes in 1 blocks are indirectly lost in loss record 845 of 950
==76769==    at 0x484D953: calloc (in /usr/libexec/valgrind/vgpreload_memcheck-amd64-linux.so)
==76769==    by 0x436E4B: semantic__unknown_type (in /mnt/c/Users/Juan/Documents/GitHub/Mapanare/mapanare/self/mnc-stage1)
==76769== 
==76769== 168 bytes in 1 blocks are definitely lost in loss record 846 of 950
==76769==    at 0x484D953: calloc (in /usr/libexec/valgrind/vgpreload_memcheck-amd64-linux.so)
==76769==    by 0x415BCF: compile (in /mnt/c/Users/Juan/Documents/GitHub/Mapanare/mapanare/self/mnc-stage1)
==76769== 
==76769== 168 bytes in 1 blocks are definitely lost in loss record 847 of 950
==76769==    at 0x484D953: calloc (in /usr/libexec/valgrind/vgpreload_memcheck-amd64-linux.so)
==76769==    by 0x43AEBD: semantic__resolve_type_opt (in /mnt/c/Users/Juan/Documents/GitHub/Mapanare/mapanare/self/mnc-stage1)
==76769== 
==76769== 168 bytes in 1 blocks are definitely lost in loss record 848 of 950
==76769==    at 0x484D953: calloc (in /usr/libexec/valgrind/vgpreload_memcheck-amd64-linux.so)
==76769==    by 0x43AEBD: semantic__resolve_type_opt (in /mnt/c/Users/Juan/Documents/GitHub/Mapanare/mapanare/self/mnc-stage1)
==76769==    by 0x6A8B14F: ???
==76769== 
==76769== 168 bytes in 3 blocks are definitely lost in loss record 849 of 950
==76769==    at 0x4846828: malloc (in /usr/libexec/valgrind/vgpreload_memcheck-amd64-linux.so)
==76769==    by 0x481C65: semantic__check_fn_body (in /mnt/c/Users/Juan/Documents/GitHub/Mapanare/mapanare/self/mnc-stage1)
==76769== 
==76769== 170 bytes in 2 blocks are indirectly lost in loss record 850 of 950
==76769==    at 0x484D953: calloc (in /usr/libexec/valgrind/vgpreload_memcheck-amd64-linux.so)
==76769==    by 0x723DE9: __mn_alloc (in /mnt/c/Users/Juan/Documents/GitHub/Mapanare/mapanare/self/mnc-stage1)
==76769==    by 0x7249CE: __mn_str_concat (in /mnt/c/Users/Juan/Documents/GitHub/Mapanare/mapanare/self/mnc-stage1)
==76769==    by 0x68D511: emit_llvm__declare_runtime_fn (in /mnt/c/Users/Juan/Documents/GitHub/Mapanare/mapanare/self/mnc-stage1)
==76769==    by 0x1: ???
==76769==    by 0x6AD0DEF: ???
==76769==    by 0xF: ???
==76769== 
==76769== 172 bytes in 3 blocks are indirectly lost in loss record 851 of 950
==76769==    at 0x484D953: calloc (in /usr/libexec/valgrind/vgpreload_memcheck-amd64-linux.so)
==76769==    by 0x723DE9: __mn_alloc (in /mnt/c/Users/Juan/Documents/GitHub/Mapanare/mapanare/self/mnc-stage1)
==76769==    by 0x7249CE: __mn_str_concat (in /mnt/c/Users/Juan/Documents/GitHub/Mapanare/mapanare/self/mnc-stage1)
==76769==    by 0x68D511: emit_llvm__declare_runtime_fn (in /mnt/c/Users/Juan/Documents/GitHub/Mapanare/mapanare/self/mnc-stage1)
==76769==    by 0x3: ???
==76769==    by 0x6AD0DEF: ???
==76769==    by 0xF: ???
==76769== 
==76769== 176 bytes in 1 blocks are indirectly lost in loss record 852 of 950
==76769==    at 0x4846828: malloc (in /usr/libexec/valgrind/vgpreload_memcheck-amd64-linux.so)
==76769==    by 0x5E7B64: lower__lower_field_access (in /mnt/c/Users/Juan/Documents/GitHub/Mapanare/mapanare/self/mnc-stage1)
==76769==    by 0x1A: ???
==76769== 
==76769== 176 bytes in 11 blocks are indirectly lost in loss record 853 of 950
==76769==    at 0x4846828: malloc (in /usr/libexec/valgrind/vgpreload_memcheck-amd64-linux.so)
==76769==    by 0x436607: parser__parse_type_expr (in /mnt/c/Users/Juan/Documents/GitHub/Mapanare/mapanare/self/mnc-stage1)
==76769==    by 0x85: ???
==76769==    by 0x6A8FB1F: ???
==76769==    by 0x85: ???
==76769==    by 0xFF: ???
==76769==    by 0x3F: ???
==76769== 
==76769== 181 bytes in 3 blocks are indirectly lost in loss record 854 of 950
==76769==    at 0x484D953: calloc (in /usr/libexec/valgrind/vgpreload_memcheck-amd64-linux.so)
==76769==    by 0x723DE9: __mn_alloc (in /mnt/c/Users/Juan/Documents/GitHub/Mapanare/mapanare/self/mnc-stage1)
==76769==    by 0x7249CE: __mn_str_concat (in /mnt/c/Users/Juan/Documents/GitHub/Mapanare/mapanare/self/mnc-stage1)
==76769==    by 0x70CE3D: emit_llvm__emit_builtin_print (in /mnt/c/Users/Juan/Documents/GitHub/Mapanare/mapanare/self/mnc-stage1)
==76769== 
==76769== 184 bytes in 1 blocks are indirectly lost in loss record 855 of 950
==76769==    at 0x4846828: malloc (in /usr/libexec/valgrind/vgpreload_memcheck-amd64-linux.so)
==76769==    by 0x59B29A: lower__try_monomorphize_struct (in /mnt/c/Users/Juan/Documents/GitHub/Mapanare/mapanare/self/mnc-stage1)
==76769==    by 0xFFFFFFFFFFFFFF: ???
==76769==    by 0x800000000000000D: ???
==76769==    by 0x9: ???
==76769==    by 0x6AC5F7F: ???
==76769==    by 0x6AC4C9F: ???
==76769== 
==76769== 187 bytes in 3 blocks are indirectly lost in loss record 856 of 950
==76769==    at 0x484D953: calloc (in /usr/libexec/valgrind/vgpreload_memcheck-amd64-linux.so)
==76769==    by 0x723DE9: __mn_alloc (in /mnt/c/Users/Juan/Documents/GitHub/Mapanare/mapanare/self/mnc-stage1)
==76769==    by 0x7249CE: __mn_str_concat (in /mnt/c/Users/Juan/Documents/GitHub/Mapanare/mapanare/self/mnc-stage1)
==76769==    by 0x68D511: emit_llvm__declare_runtime_fn (in /mnt/c/Users/Juan/Documents/GitHub/Mapanare/mapanare/self/mnc-stage1)
==76769==    by 0x3: ???
==76769==    by 0x6ADB6DF: ???
==76769==    by 0xF: ???
==76769== 
==76769== 208 bytes in 13 blocks are definitely lost in loss record 857 of 950
==76769==    at 0x4846828: malloc (in /usr/libexec/valgrind/vgpreload_memcheck-amd64-linux.so)
==76769==    by 0x728B99: __mn_range (in /mnt/c/Users/Juan/Documents/GitHub/Mapanare/mapanare/self/mnc-stage1)
==76769==    by 0x42FA6B: parser__parse_expr (in /mnt/c/Users/Juan/Documents/GitHub/Mapanare/mapanare/self/mnc-stage1)
==76769== 
==76769== 216 (144 direct, 72 indirect) bytes in 1 blocks are definitely lost in loss record 858 of 950
==76769==    at 0x484D953: calloc (in /usr/libexec/valgrind/vgpreload_memcheck-amd64-linux.so)
==76769==    by 0x723DE9: __mn_alloc (in /mnt/c/Users/Juan/Documents/GitHub/Mapanare/mapanare/self/mnc-stage1)
==76769==    by 0x725AFA: __mn_list_push (in /mnt/c/Users/Juan/Documents/GitHub/Mapanare/mapanare/self/mnc-stage1)
==76769==    by 0x414DD2: resolve_imports (in /mnt/c/Users/Juan/Documents/GitHub/Mapanare/mapanare/self/mnc-stage1)
==76769==    by 0x6A73667: ???
==76769==    by 0x85: ???
==76769== 
==76769== 224 bytes in 4 blocks are definitely lost in loss record 859 of 950
==76769==    at 0x4846828: malloc (in /usr/libexec/valgrind/vgpreload_memcheck-amd64-linux.so)
==76769==    by 0x473787: semantic__check_let_stmt (in /mnt/c/Users/Juan/Documents/GitHub/Mapanare/mapanare/self/mnc-stage1)
==76769== 
==76769== 250 bytes in 3 blocks are indirectly lost in loss record 860 of 950
==76769==    at 0x484D953: calloc (in /usr/libexec/valgrind/vgpreload_memcheck-amd64-linux.so)
==76769==    by 0x723DE9: __mn_alloc (in /mnt/c/Users/Juan/Documents/GitHub/Mapanare/mapanare/self/mnc-stage1)
==76769==    by 0x7249CE: __mn_str_concat (in /mnt/c/Users/Juan/Documents/GitHub/Mapanare/mapanare/self/mnc-stage1)
==76769==    by 0x68D511: emit_llvm__declare_runtime_fn (in /mnt/c/Users/Juan/Documents/GitHub/Mapanare/mapanare/self/mnc-stage1)
==76769==    by 0x18: ???
==76769==    by 0x6AD475F: ???
==76769==    by 0xF: ???
==76769== 
==76769== 269 bytes in 10 blocks are indirectly lost in loss record 861 of 950
==76769==    at 0x484D953: calloc (in /usr/libexec/valgrind/vgpreload_memcheck-amd64-linux.so)
==76769==    by 0x723DE9: __mn_alloc (in /mnt/c/Users/Juan/Documents/GitHub/Mapanare/mapanare/self/mnc-stage1)
==76769==    by 0x7249CE: __mn_str_concat (in /mnt/c/Users/Juan/Documents/GitHub/Mapanare/mapanare/self/mnc-stage1)
==76769==    by 0x6A2C1D: emit_llvm__emit_mir_by_kind (in /mnt/c/Users/Juan/Documents/GitHub/Mapanare/mapanare/self/mnc-stage1)
==76769== 
==76769== 272 bytes in 1 blocks are indirectly lost in loss record 862 of 950
==76769==    at 0x484D953: calloc (in /usr/libexec/valgrind/vgpreload_memcheck-amd64-linux.so)
==76769==    by 0x723DE9: __mn_alloc (in /mnt/c/Users/Juan/Documents/GitHub/Mapanare/mapanare/self/mnc-stage1)
==76769==    by 0x725BBF: __mn_list_push (in /mnt/c/Users/Juan/Documents/GitHub/Mapanare/mapanare/self/mnc-stage1)
==76769==    by 0x42ED12: parser__parse_block (in /mnt/c/Users/Juan/Documents/GitHub/Mapanare/mapanare/self/mnc-stage1)
==76769==    by 0x6A95F3F: ???
==76769==    by 0x7E: ???
==76769==    by 0x7: ???
==76769==    by 0x6A9647F: ???
==76769==    by 0x7: ???
==76769==    by 0xF: ???
==76769== 
==76769== 272 bytes in 1 blocks are indirectly lost in loss record 863 of 950
==76769==    at 0x484D953: calloc (in /usr/libexec/valgrind/vgpreload_memcheck-amd64-linux.so)
==76769==    by 0x723DE9: __mn_alloc (in /mnt/c/Users/Juan/Documents/GitHub/Mapanare/mapanare/self/mnc-stage1)
==76769==    by 0x725BBF: __mn_list_push (in /mnt/c/Users/Juan/Documents/GitHub/Mapanare/mapanare/self/mnc-stage1)
==76769==    by 0x689AB0: emit_llvm__build_internal_struct_list (in /mnt/c/Users/Juan/Documents/GitHub/Mapanare/mapanare/self/mnc-stage1)
==76769==    by 0xF: ???
==76769== 
==76769== 272 bytes in 1 blocks are indirectly lost in loss record 864 of 950
==76769==    at 0x484D953: calloc (in /usr/libexec/valgrind/vgpreload_memcheck-amd64-linux.so)
==76769==    by 0x723DE9: __mn_alloc (in /mnt/c/Users/Juan/Documents/GitHub/Mapanare/mapanare/self/mnc-stage1)
==76769==    by 0x725BBF: __mn_list_push (in /mnt/c/Users/Juan/Documents/GitHub/Mapanare/mapanare/self/mnc-stage1)
==76769==    by 0x689D47: emit_llvm__build_internal_struct_list (in /mnt/c/Users/Juan/Documents/GitHub/Mapanare/mapanare/self/mnc-stage1)
==76769==    by 0xF: ???
==76769== 
==76769== 272 bytes in 1 blocks are indirectly lost in loss record 865 of 950
==76769==    at 0x484D953: calloc (in /usr/libexec/valgrind/vgpreload_memcheck-amd64-linux.so)
==76769==    by 0x723DE9: __mn_alloc (in /mnt/c/Users/Juan/Documents/GitHub/Mapanare/mapanare/self/mnc-stage1)
==76769==    by 0x725BBF: __mn_list_push (in /mnt/c/Users/Juan/Documents/GitHub/Mapanare/mapanare/self/mnc-stage1)
==76769==    by 0x68A05F: emit_llvm__build_internal_struct_list (in /mnt/c/Users/Juan/Documents/GitHub/Mapanare/mapanare/self/mnc-stage1)
==76769==    by 0xF: ???
==76769== 
==76769== 277 bytes in 4 blocks are indirectly lost in loss record 866 of 950
==76769==    at 0x484D953: calloc (in /usr/libexec/valgrind/vgpreload_memcheck-amd64-linux.so)
==76769==    by 0x723DE9: __mn_alloc (in /mnt/c/Users/Juan/Documents/GitHub/Mapanare/mapanare/self/mnc-stage1)
==76769==    by 0x7249CE: __mn_str_concat (in /mnt/c/Users/Juan/Documents/GitHub/Mapanare/mapanare/self/mnc-stage1)
==76769==    by 0x68D511: emit_llvm__declare_runtime_fn (in /mnt/c/Users/Juan/Documents/GitHub/Mapanare/mapanare/self/mnc-stage1)
==76769==    by 0x2: ???
==76769==    by 0x6AD0DEF: ???
==76769==    by 0xF: ???
==76769== 
==76769== 284 bytes in 5 blocks are indirectly lost in loss record 867 of 950
==76769==    at 0x484D953: calloc (in /usr/libexec/valgrind/vgpreload_memcheck-amd64-linux.so)
==76769==    by 0x723DE9: __mn_alloc (in /mnt/c/Users/Juan/Documents/GitHub/Mapanare/mapanare/self/mnc-stage1)
==76769==    by 0x7249CE: __mn_str_concat (in /mnt/c/Users/Juan/Documents/GitHub/Mapanare/mapanare/self/mnc-stage1)
==76769==    by 0x68D511: emit_llvm__declare_runtime_fn (in /mnt/c/Users/Juan/Documents/GitHub/Mapanare/mapanare/self/mnc-stage1)
==76769==    by 0x3: ???
==76769==    by 0x6AD475F: ???
==76769==    by 0xF: ???
==76769== 
==76769== 288 bytes in 2 blocks are indirectly lost in loss record 868 of 950
==76769==    at 0x484D953: calloc (in /usr/libexec/valgrind/vgpreload_memcheck-amd64-linux.so)
==76769==    by 0x723DE9: __mn_alloc (in /mnt/c/Users/Juan/Documents/GitHub/Mapanare/mapanare/self/mnc-stage1)
==76769==    by 0x725AFA: __mn_list_push (in /mnt/c/Users/Juan/Documents/GitHub/Mapanare/mapanare/self/mnc-stage1)
==76769==    by 0x426D5B: parser__parse_fn_def (in /mnt/c/Users/Juan/Documents/GitHub/Mapanare/mapanare/self/mnc-stage1)
==76769== 
==76769== 288 bytes in 2 blocks are indirectly lost in loss record 869 of 950
==76769==    at 0x4846828: malloc (in /usr/libexec/valgrind/vgpreload_memcheck-amd64-linux.so)
==76769==    by 0x4EBE65: lower__lower_let (in /mnt/c/Users/Juan/Documents/GitHub/Mapanare/mapanare/self/mnc-stage1)
==76769==    by 0x2: ???
==76769== 
==76769== 290 bytes in 5 blocks are indirectly lost in loss record 870 of 950
==76769==    at 0x484D953: calloc (in /usr/libexec/valgrind/vgpreload_memcheck-amd64-linux.so)
==76769==    by 0x723DE9: __mn_alloc (in /mnt/c/Users/Juan/Documents/GitHub/Mapanare/mapanare/self/mnc-stage1)
==76769==    by 0x7249CE: __mn_str_concat (in /mnt/c/Users/Juan/Documents/GitHub/Mapanare/mapanare/self/mnc-stage1)
==76769==    by 0x71C78C: emit_llvm__emit_mir_function (in /mnt/c/Users/Juan/Documents/GitHub/Mapanare/mapanare/self/mnc-stage1)
==76769==    by 0x3F: ???
==76769== 
==76769== 294 (272 direct, 22 indirect) bytes in 1 blocks are definitely lost in loss record 871 of 950
==76769==    at 0x484D953: calloc (in /usr/libexec/valgrind/vgpreload_memcheck-amd64-linux.so)
==76769==    by 0x723DE9: __mn_alloc (in /mnt/c/Users/Juan/Documents/GitHub/Mapanare/mapanare/self/mnc-stage1)
==76769==    by 0x725AFA: __mn_list_push (in /mnt/c/Users/Juan/Documents/GitHub/Mapanare/mapanare/self/mnc-stage1)
==76769==    by 0x4B78AD: lower__register_definition (in /mnt/c/Users/Juan/Documents/GitHub/Mapanare/mapanare/self/mnc-stage1)
==76769== 
==76769== 300 bytes in 4 blocks are indirectly lost in loss record 872 of 950
==76769==    at 0x484D953: calloc (in /usr/libexec/valgrind/vgpreload_memcheck-amd64-linux.so)
==76769==    by 0x723DE9: __mn_alloc (in /mnt/c/Users/Juan/Documents/GitHub/Mapanare/mapanare/self/mnc-stage1)
==76769==    by 0x7249CE: __mn_str_concat (in /mnt/c/Users/Juan/Documents/GitHub/Mapanare/mapanare/self/mnc-stage1)
==76769==    by 0x68D511: emit_llvm__declare_runtime_fn (in /mnt/c/Users/Juan/Documents/GitHub/Mapanare/mapanare/self/mnc-stage1)
==76769==    by 0x2: ???
==76769==    by 0x6ACF74F: ???
==76769==    by 0xF: ???
==76769== 
==76769== 304 bytes in 19 blocks are definitely lost in loss record 873 of 950
==76769==    at 0x4846828: malloc (in /usr/libexec/valgrind/vgpreload_memcheck-amd64-linux.so)
==76769==    by 0x728B99: __mn_range (in /mnt/c/Users/Juan/Documents/GitHub/Mapanare/mapanare/self/mnc-stage1)
==76769==    by 0x437E86: semantic__scope_lookup (in /mnt/c/Users/Juan/Documents/GitHub/Mapanare/mapanare/self/mnc-stage1)
==76769== 
==76769== 320 bytes in 2 blocks are indirectly lost in loss record 874 of 950
==76769==    at 0x4846828: malloc (in /usr/libexec/valgrind/vgpreload_memcheck-amd64-linux.so)
==76769==    by 0x4EEA49: lower__lower_let (in /mnt/c/Users/Juan/Documents/GitHub/Mapanare/mapanare/self/mnc-stage1)
==76769==    by 0x2: ???
==76769== 
==76769== 320 bytes in 2 blocks are indirectly lost in loss record 875 of 950
==76769==    at 0x4846828: malloc (in /usr/libexec/valgrind/vgpreload_memcheck-amd64-linux.so)
==76769==    by 0x544C80: lower__lower_expr (in /mnt/c/Users/Juan/Documents/GitHub/Mapanare/mapanare/self/mnc-stage1)
==76769== 
==76769== 320 bytes in 20 blocks are definitely lost in loss record 876 of 950
==76769==    at 0x4846828: malloc (in /usr/libexec/valgrind/vgpreload_memcheck-amd64-linux.so)
==76769==    by 0x728B99: __mn_range (in /mnt/c/Users/Juan/Documents/GitHub/Mapanare/mapanare/self/mnc-stage1)
==76769==    by 0x6BFBE1: emit_llvm__is_name_in_byref (in /mnt/c/Users/Juan/Documents/GitHub/Mapanare/mapanare/self/mnc-stage1)
==76769== 
==76769== 327 bytes in 10 blocks are indirectly lost in loss record 877 of 950
==76769==    at 0x484D953: calloc (in /usr/libexec/valgrind/vgpreload_memcheck-amd64-linux.so)
==76769==    by 0x723DE9: __mn_alloc (in /mnt/c/Users/Juan/Documents/GitHub/Mapanare/mapanare/self/mnc-stage1)
==76769==    by 0x7249CE: __mn_str_concat (in /mnt/c/Users/Juan/Documents/GitHub/Mapanare/mapanare/self/mnc-stage1)
==76769==    by 0x6CF7C4: emit_llvm__emit_store (in /mnt/c/Users/Juan/Documents/GitHub/Mapanare/mapanare/self/mnc-stage1)
==76769== 
==76769== 336 bytes in 2 blocks are indirectly lost in loss record 878 of 950
==76769==    at 0x484D953: calloc (in /usr/libexec/valgrind/vgpreload_memcheck-amd64-linux.so)
==76769==    by 0x437669: semantic__make_type (in /mnt/c/Users/Juan/Documents/GitHub/Mapanare/mapanare/self/mnc-stage1)
==76769== 
==76769== 336 bytes in 2 blocks are indirectly lost in loss record 879 of 950
==76769==    at 0x484D953: calloc (in /usr/libexec/valgrind/vgpreload_memcheck-amd64-linux.so)
==76769==    by 0x43B686: semantic__infer_expr (in /mnt/c/Users/Juan/Documents/GitHub/Mapanare/mapanare/self/mnc-stage1)
==76769== 
==76769== 344 bytes in 5 blocks are indirectly lost in loss record 880 of 950
==76769==    at 0x484D953: calloc (in /usr/libexec/valgrind/vgpreload_memcheck-amd64-linux.so)
==76769==    by 0x723DE9: __mn_alloc (in /mnt/c/Users/Juan/Documents/GitHub/Mapanare/mapanare/self/mnc-stage1)
==76769==    by 0x7249CE: __mn_str_concat (in /mnt/c/Users/Juan/Documents/GitHub/Mapanare/mapanare/self/mnc-stage1)
==76769==    by 0x68D511: emit_llvm__declare_runtime_fn (in /mnt/c/Users/Juan/Documents/GitHub/Mapanare/mapanare/self/mnc-stage1)
==76769==    by 0x9: ???
==76769==    by 0x6AD0DEF: ???
==76769==    by 0xF: ???
==76769== 
==76769== 348 bytes in 9 blocks are indirectly lost in loss record 881 of 950
==76769==    at 0x484D953: calloc (in /usr/libexec/valgrind/vgpreload_memcheck-amd64-linux.so)
==76769==    by 0x723DE9: __mn_alloc (in /mnt/c/Users/Juan/Documents/GitHub/Mapanare/mapanare/self/mnc-stage1)
==76769==    by 0x7249CE: __mn_str_concat (in /mnt/c/Users/Juan/Documents/GitHub/Mapanare/mapanare/self/mnc-stage1)
==76769==    by 0x6CE754: emit_llvm__emit_load (in /mnt/c/Users/Juan/Documents/GitHub/Mapanare/mapanare/self/mnc-stage1)
==76769== 
==76769== 352 bytes in 4 blocks are indirectly lost in loss record 882 of 950
==76769==    at 0x4846828: malloc (in /usr/libexec/valgrind/vgpreload_memcheck-amd64-linux.so)
==76769==    by 0x4F1797: lower__lower_return (in /mnt/c/Users/Juan/Documents/GitHub/Mapanare/mapanare/self/mnc-stage1)
==76769== 
==76769== 427 bytes in 6 blocks are indirectly lost in loss record 883 of 950
==76769==    at 0x484D953: calloc (in /usr/libexec/valgrind/vgpreload_memcheck-amd64-linux.so)
==76769==    by 0x723DE9: __mn_alloc (in /mnt/c/Users/Juan/Documents/GitHub/Mapanare/mapanare/self/mnc-stage1)
==76769==    by 0x7249CE: __mn_str_concat (in /mnt/c/Users/Juan/Documents/GitHub/Mapanare/mapanare/self/mnc-stage1)
==76769==    by 0x68D511: emit_llvm__declare_runtime_fn (in /mnt/c/Users/Juan/Documents/GitHub/Mapanare/mapanare/self/mnc-stage1)
==76769==    by 0x9: ???
==76769==    by 0x6AD475F: ???
==76769==    by 0xF: ???
==76769== 
==76769== 432 bytes in 9 blocks are indirectly lost in loss record 884 of 950
==76769==    at 0x4846828: malloc (in /usr/libexec/valgrind/vgpreload_memcheck-amd64-linux.so)
==76769==    by 0x431074: parser__parse_call_args (in /mnt/c/Users/Juan/Documents/GitHub/Mapanare/mapanare/self/mnc-stage1)
==76769==    by 0x6A8FB1F: ???
==76769==    by 0x85: ???
==76769==    by 0xFF: ???
==76769==    by 0x3F: ???
==76769== 
==76769== 464 bytes in 1 blocks are indirectly lost in loss record 885 of 950
==76769==    at 0x484D953: calloc (in /usr/libexec/valgrind/vgpreload_memcheck-amd64-linux.so)
==76769==    by 0x723DE9: __mn_alloc (in /mnt/c/Users/Juan/Documents/GitHub/Mapanare/mapanare/self/mnc-stage1)
==76769==    by 0x725AFA: __mn_list_push (in /mnt/c/Users/Juan/Documents/GitHub/Mapanare/mapanare/self/mnc-stage1)
==76769==    by 0x67B7BB: mir_opt__const_prop_function (in /mnt/c/Users/Juan/Documents/GitHub/Mapanare/mapanare/self/mnc-stage1)
==76769== 
==76769== 464 bytes in 1 blocks are definitely lost in loss record 886 of 950
==76769==    at 0x484D953: calloc (in /usr/libexec/valgrind/vgpreload_memcheck-amd64-linux.so)
==76769==    by 0x723DE9: __mn_alloc (in /mnt/c/Users/Juan/Documents/GitHub/Mapanare/mapanare/self/mnc-stage1)
==76769==    by 0x725AFA: __mn_list_push (in /mnt/c/Users/Juan/Documents/GitHub/Mapanare/mapanare/self/mnc-stage1)
==76769==    by 0x679476: mir_opt__constant_fold_function (in /mnt/c/Users/Juan/Documents/GitHub/Mapanare/mapanare/self/mnc-stage1)
==76769==    by 0xF: ???
==76769== 
==76769== 488 bytes in 8 blocks are indirectly lost in loss record 887 of 950
==76769==    at 0x484D953: calloc (in /usr/libexec/valgrind/vgpreload_memcheck-amd64-linux.so)
==76769==    by 0x723DE9: __mn_alloc (in /mnt/c/Users/Juan/Documents/GitHub/Mapanare/mapanare/self/mnc-stage1)
==76769==    by 0x7249CE: __mn_str_concat (in /mnt/c/Users/Juan/Documents/GitHub/Mapanare/mapanare/self/mnc-stage1)
==76769==    by 0x68D511: emit_llvm__declare_runtime_fn (in /mnt/c/Users/Juan/Documents/GitHub/Mapanare/mapanare/self/mnc-stage1)
==76769==    by 0x2: ???
==76769==    by 0x6AD475F: ???
==76769==    by 0xF: ???
==76769== 
==76769== 504 bytes in 3 blocks are indirectly lost in loss record 888 of 950
==76769==    at 0x4846828: malloc (in /usr/libexec/valgrind/vgpreload_memcheck-amd64-linux.so)
==76769==    by 0x477EA4: semantic__register_def (in /mnt/c/Users/Juan/Documents/GitHub/Mapanare/mapanare/self/mnc-stage1)
==76769== 
==76769== 515 bytes in 1 blocks are definitely lost in loss record 889 of 950
==76769==    at 0x484D953: calloc (in /usr/libexec/valgrind/vgpreload_memcheck-amd64-linux.so)
==76769==    by 0x723DE9: __mn_alloc (in /mnt/c/Users/Juan/Documents/GitHub/Mapanare/mapanare/self/mnc-stage1)
==76769==    by 0x7266C3: __mn_file_read (in /mnt/c/Users/Juan/Documents/GitHub/Mapanare/mapanare/self/mnc-stage1)
==76769==    by 0x728A47: __mn_file_read_or_empty (in /mnt/c/Users/Juan/Documents/GitHub/Mapanare/mapanare/self/mnc-stage1)
==76769==    by 0x418E28: mn_main (in /mnt/c/Users/Juan/Documents/GitHub/Mapanare/mapanare/self/mnc-stage1)
==76769==    by 0x4989A63: clone (clone.S:100)
==76769== 
==76769== 528 bytes in 1 blocks are indirectly lost in loss record 890 of 950
==76769==    at 0x484D953: calloc (in /usr/libexec/valgrind/vgpreload_memcheck-amd64-linux.so)
==76769==    by 0x723DE9: __mn_alloc (in /mnt/c/Users/Juan/Documents/GitHub/Mapanare/mapanare/self/mnc-stage1)
==76769==    by 0x725AFA: __mn_list_push (in /mnt/c/Users/Juan/Documents/GitHub/Mapanare/mapanare/self/mnc-stage1)
==76769==    by 0x42868D: parser__parse_struct_fields (in /mnt/c/Users/Juan/Documents/GitHub/Mapanare/mapanare/self/mnc-stage1)
==76769== 
==76769== 528 bytes in 1 blocks are indirectly lost in loss record 891 of 950
==76769==    at 0x484D953: calloc (in /usr/libexec/valgrind/vgpreload_memcheck-amd64-linux.so)
==76769==    by 0x723DE9: __mn_alloc (in /mnt/c/Users/Juan/Documents/GitHub/Mapanare/mapanare/self/mnc-stage1)
==76769==    by 0x725AFA: __mn_list_push (in /mnt/c/Users/Juan/Documents/GitHub/Mapanare/mapanare/self/mnc-stage1)
==76769==    by 0x59892C: lower__try_monomorphize_struct (in /mnt/c/Users/Juan/Documents/GitHub/Mapanare/mapanare/self/mnc-stage1)
==76769==    by 0xFFFFFFFFFFFFFF: ???
==76769== 
==76769== 528 bytes in 1 blocks are definitely lost in loss record 892 of 950
==76769==    at 0x484D953: calloc (in /usr/libexec/valgrind/vgpreload_memcheck-amd64-linux.so)
==76769==    by 0x723DE9: __mn_alloc (in /mnt/c/Users/Juan/Documents/GitHub/Mapanare/mapanare/self/mnc-stage1)
==76769==    by 0x725AFA: __mn_list_push (in /mnt/c/Users/Juan/Documents/GitHub/Mapanare/mapanare/self/mnc-stage1)
==76769==    by 0x595A4D: lower__infer_struct_type_args (in /mnt/c/Users/Juan/Documents/GitHub/Mapanare/mapanare/self/mnc-stage1)
==76769== 
==76769== 532 bytes in 6 blocks are indirectly lost in loss record 893 of 950
==76769==    at 0x484D953: calloc (in /usr/libexec/valgrind/vgpreload_memcheck-amd64-linux.so)
==76769==    by 0x723DE9: __mn_alloc (in /mnt/c/Users/Juan/Documents/GitHub/Mapanare/mapanare/self/mnc-stage1)
==76769==    by 0x7249CE: __mn_str_concat (in /mnt/c/Users/Juan/Documents/GitHub/Mapanare/mapanare/self/mnc-stage1)
==76769==    by 0x68D511: emit_llvm__declare_runtime_fn (in /mnt/c/Users/Juan/Documents/GitHub/Mapanare/mapanare/self/mnc-stage1)
==76769==    by 0x18: ???
==76769==    by 0x6ADB6DF: ???
==76769==    by 0xF: ???
==76769== 
==76769== 542 bytes in 271 blocks are definitely lost in loss record 894 of 950
==76769==    at 0x484D953: calloc (in /usr/libexec/valgrind/vgpreload_memcheck-amd64-linux.so)
==76769==    by 0x723DE9: __mn_alloc (in /mnt/c/Users/Juan/Documents/GitHub/Mapanare/mapanare/self/mnc-stage1)
==76769==    by 0x7245AB: __mn_str_from_parts (in /mnt/c/Users/Juan/Documents/GitHub/Mapanare/mapanare/self/mnc-stage1)
==76769==    by 0x42244E: lexer__tokenize (in /mnt/c/Users/Juan/Documents/GitHub/Mapanare/mapanare/self/mnc-stage1)
==76769== 
==76769== 544 bytes in 4 blocks are indirectly lost in loss record 895 of 950
==76769==    at 0x4846828: malloc (in /usr/libexec/valgrind/vgpreload_memcheck-amd64-linux.so)
==76769==    by 0x593989: lower__try_monomorphize_call (in /mnt/c/Users/Juan/Documents/GitHub/Mapanare/mapanare/self/mnc-stage1)
==76769== 
==76769== 560 bytes in 35 blocks are definitely lost in loss record 896 of 950
==76769==    at 0x4846828: malloc (in /usr/libexec/valgrind/vgpreload_memcheck-amd64-linux.so)
==76769==    by 0x728B99: __mn_range (in /mnt/c/Users/Juan/Documents/GitHub/Mapanare/mapanare/self/mnc-stage1)
==76769==    by 0x69C37B: emit_llvm__is_enum_type (in /mnt/c/Users/Juan/Documents/GitHub/Mapanare/mapanare/self/mnc-stage1)
==76769== 
==76769== 576 bytes in 4 blocks are indirectly lost in loss record 897 of 950
==76769==    at 0x484D953: calloc (in /usr/libexec/valgrind/vgpreload_memcheck-amd64-linux.so)
==76769==    by 0x723DE9: __mn_alloc (in /mnt/c/Users/Juan/Documents/GitHub/Mapanare/mapanare/self/mnc-stage1)
==76769==    by 0x725AFA: __mn_list_push (in /mnt/c/Users/Juan/Documents/GitHub/Mapanare/mapanare/self/mnc-stage1)
==76769==    by 0x49D5DD: lower_state__emit_instr (in /mnt/c/Users/Juan/Documents/GitHub/Mapanare/mapanare/self/mnc-stage1)
==76769== 
==76769== 576 bytes in 4 blocks are indirectly lost in loss record 898 of 950
==76769==    at 0x484D953: calloc (in /usr/libexec/valgrind/vgpreload_memcheck-amd64-linux.so)
==76769==    by 0x723DE9: __mn_alloc (in /mnt/c/Users/Juan/Documents/GitHub/Mapanare/mapanare/self/mnc-stage1)
==76769==    by 0x725AFA: __mn_list_push (in /mnt/c/Users/Juan/Documents/GitHub/Mapanare/mapanare/self/mnc-stage1)
==76769==    by 0x722B68: emit_llvm__emit_mir_module (in /mnt/c/Users/Juan/Documents/GitHub/Mapanare/mapanare/self/mnc-stage1)
==76769==    by 0x3F: ???
==76769== 
==76769== 576 bytes in 4 blocks are indirectly lost in loss record 899 of 950
==76769==    at 0x484D953: calloc (in /usr/libexec/valgrind/vgpreload_memcheck-amd64-linux.so)
==76769==    by 0x723DE9: __mn_alloc (in /mnt/c/Users/Juan/Documents/GitHub/Mapanare/mapanare/self/mnc-stage1)
==76769==    by 0x725AFA: __mn_list_push (in /mnt/c/Users/Juan/Documents/GitHub/Mapanare/mapanare/self/mnc-stage1)
==76769==    by 0x71C01C: emit_llvm__emit_mir_function (in /mnt/c/Users/Juan/Documents/GitHub/Mapanare/mapanare/self/mnc-stage1)
==76769==    by 0x3F: ???
==76769== 
==76769== 576 bytes in 4 blocks are definitely lost in loss record 900 of 950
==76769==    at 0x484D953: calloc (in /usr/libexec/valgrind/vgpreload_memcheck-amd64-linux.so)
==76769==    by 0x723DE9: __mn_alloc (in /mnt/c/Users/Juan/Documents/GitHub/Mapanare/mapanare/self/mnc-stage1)
==76769==    by 0x725AFA: __mn_list_push (in /mnt/c/Users/Juan/Documents/GitHub/Mapanare/mapanare/self/mnc-stage1)
==76769==    by 0x678F74: mir_opt__constant_fold_block (in /mnt/c/Users/Juan/Documents/GitHub/Mapanare/mapanare/self/mnc-stage1)
==76769== 
==76769== 592 bytes in 1 blocks are indirectly lost in loss record 901 of 950
==76769==    at 0x484D953: calloc (in /usr/libexec/valgrind/vgpreload_memcheck-amd64-linux.so)
==76769==    by 0x723DE9: __mn_alloc (in /mnt/c/Users/Juan/Documents/GitHub/Mapanare/mapanare/self/mnc-stage1)
==76769==    by 0x725AFA: __mn_list_push (in /mnt/c/Users/Juan/Documents/GitHub/Mapanare/mapanare/self/mnc-stage1)
==76769==    by 0x42728E: parser__parse_fn_params (in /mnt/c/Users/Juan/Documents/GitHub/Mapanare/mapanare/self/mnc-stage1)
==76769==    by 0x3F: ???
==76769==    by 0x5: ???
==76769==    by 0x7521FF: ??? (in /mnt/c/Users/Juan/Documents/GitHub/Mapanare/mapanare/self/mnc-stage1)
==76769== 
==76769== 592 bytes in 1 blocks are indirectly lost in loss record 902 of 950
==76769==    at 0x484D953: calloc (in /usr/libexec/valgrind/vgpreload_memcheck-amd64-linux.so)
==76769==    by 0x723DE9: __mn_alloc (in /mnt/c/Users/Juan/Documents/GitHub/Mapanare/mapanare/self/mnc-stage1)
==76769==    by 0x725AFA: __mn_list_push (in /mnt/c/Users/Juan/Documents/GitHub/Mapanare/mapanare/self/mnc-stage1)
==76769==    by 0x42728E: parser__parse_fn_params (in /mnt/c/Users/Juan/Documents/GitHub/Mapanare/mapanare/self/mnc-stage1)
==76769==    by 0x3F: ???
==76769==    by 0x17: ???
==76769==    by 0x6A9490F: ???
==76769== 
==76769== 640 bytes in 4 blocks are indirectly lost in loss record 903 of 950
==76769==    at 0x4846828: malloc (in /usr/libexec/valgrind/vgpreload_memcheck-amd64-linux.so)
==76769==    by 0x542D4C: lower__lower_expr (in /mnt/c/Users/Juan/Documents/GitHub/Mapanare/mapanare/self/mnc-stage1)
==76769== 
==76769== 640 bytes in 4 blocks are indirectly lost in loss record 904 of 950
==76769==    at 0x4846828: malloc (in /usr/libexec/valgrind/vgpreload_memcheck-amd64-linux.so)
==76769==    by 0x56ADD0: lower__lower_identifier (in /mnt/c/Users/Juan/Documents/GitHub/Mapanare/mapanare/self/mnc-stage1)
==76769==    by 0x6AB6B5F: ???
==76769== 
==76769== 656 bytes in 1 blocks are definitely lost in loss record 905 of 950
==76769==    at 0x484D953: calloc (in /usr/libexec/valgrind/vgpreload_memcheck-amd64-linux.so)
==76769==    by 0x723DE9: __mn_alloc (in /mnt/c/Users/Juan/Documents/GitHub/Mapanare/mapanare/self/mnc-stage1)
==76769==    by 0x725AFA: __mn_list_push (in /mnt/c/Users/Juan/Documents/GitHub/Mapanare/mapanare/self/mnc-stage1)
==76769==    by 0x58198E: lower__lower_call (in /mnt/c/Users/Juan/Documents/GitHub/Mapanare/mapanare/self/mnc-stage1)
==76769==    by 0x6AB581F: ???
==76769==    by 0x1: ???
==76769== 
==76769== 672 bytes in 4 blocks are indirectly lost in loss record 906 of 950
==76769==    at 0x484D953: calloc (in /usr/libexec/valgrind/vgpreload_memcheck-amd64-linux.so)
==76769==    by 0x43B478: semantic__infer_expr (in /mnt/c/Users/Juan/Documents/GitHub/Mapanare/mapanare/self/mnc-stage1)
==76769== 
==76769== 680 bytes in 5 blocks are indirectly lost in loss record 907 of 950
==76769==    at 0x4846828: malloc (in /usr/libexec/valgrind/vgpreload_memcheck-amd64-linux.so)
==76769==    by 0x5A9239: lower__lower_call_by_name (in /mnt/c/Users/Juan/Documents/GitHub/Mapanare/mapanare/self/mnc-stage1)
==76769== 
==76769== 720 bytes in 5 blocks are indirectly lost in loss record 908 of 950
==76769==    at 0x4846828: malloc (in /usr/libexec/valgrind/vgpreload_memcheck-amd64-linux.so)
==76769==    by 0x4CE573: lower__bind_fn_params (in /mnt/c/Users/Juan/Documents/GitHub/Mapanare/mapanare/self/mnc-stage1)
==76769== 
==76769== 784 bytes in 1 blocks are indirectly lost in loss record 909 of 950
==76769==    at 0x484D953: calloc (in /usr/libexec/valgrind/vgpreload_memcheck-amd64-linux.so)
==76769==    by 0x723DE9: __mn_alloc (in /mnt/c/Users/Juan/Documents/GitHub/Mapanare/mapanare/self/mnc-stage1)
==76769==    by 0x725AFA: __mn_list_push (in /mnt/c/Users/Juan/Documents/GitHub/Mapanare/mapanare/self/mnc-stage1)
==76769==    by 0x5987DB: lower__try_monomorphize_struct (in /mnt/c/Users/Juan/Documents/GitHub/Mapanare/mapanare/self/mnc-stage1)
==76769==    by 0xFFFFFFFFFFFFFF: ???
==76769== 
==76769== 784 bytes in 1 blocks are indirectly lost in loss record 910 of 950
==76769==    at 0x484D953: calloc (in /usr/libexec/valgrind/vgpreload_memcheck-amd64-linux.so)
==76769==    by 0x723DE9: __mn_alloc (in /mnt/c/Users/Juan/Documents/GitHub/Mapanare/mapanare/self/mnc-stage1)
==76769==    by 0x725AFA: __mn_list_push (in /mnt/c/Users/Juan/Documents/GitHub/Mapanare/mapanare/self/mnc-stage1)
==76769==    by 0x59A6F9: lower__try_monomorphize_struct (in /mnt/c/Users/Juan/Documents/GitHub/Mapanare/mapanare/self/mnc-stage1)
==76769==    by 0xFFFFFFFFFFFFFF: ???
==76769== 
==76769== 800 bytes in 5 blocks are indirectly lost in loss record 911 of 950
==76769==    at 0x4846828: malloc (in /usr/libexec/valgrind/vgpreload_memcheck-amd64-linux.so)
==76769==    by 0x4CF084: lower__bind_fn_params (in /mnt/c/Users/Juan/Documents/GitHub/Mapanare/mapanare/self/mnc-stage1)
==76769== 
==76769== 800 bytes in 5 blocks are indirectly lost in loss record 912 of 950
==76769==    at 0x4846828: malloc (in /usr/libexec/valgrind/vgpreload_memcheck-amd64-linux.so)
==76769==    by 0x56ADD0: lower__lower_identifier (in /mnt/c/Users/Juan/Documents/GitHub/Mapanare/mapanare/self/mnc-stage1)
==76769== 
==76769== 816 bytes in 3 blocks are indirectly lost in loss record 913 of 950
==76769==    at 0x4846828: malloc (in /usr/libexec/valgrind/vgpreload_memcheck-amd64-linux.so)
==76769==    by 0x42797A: parser__parse_fn_body (in /mnt/c/Users/Juan/Documents/GitHub/Mapanare/mapanare/self/mnc-stage1)
==76769== 
==76769== 840 bytes in 5 blocks are definitely lost in loss record 914 of 950
==76769==    at 0x484D953: calloc (in /usr/libexec/valgrind/vgpreload_memcheck-amd64-linux.so)
==76769==    by 0x439E73: semantic__resolve_type_expr (in /mnt/c/Users/Juan/Documents/GitHub/Mapanare/mapanare/self/mnc-stage1)
==76769== 
==76769== 848 bytes in 1 blocks are definitely lost in loss record 915 of 950
==76769==    at 0x484D953: calloc (in /usr/libexec/valgrind/vgpreload_memcheck-amd64-linux.so)
==76769==    by 0x723DE9: __mn_alloc (in /mnt/c/Users/Juan/Documents/GitHub/Mapanare/mapanare/self/mnc-stage1)
==76769==    by 0x725AFA: __mn_list_push (in /mnt/c/Users/Juan/Documents/GitHub/Mapanare/mapanare/self/mnc-stage1)
==76769==    by 0x4EFA15: lower__lower_let (in /mnt/c/Users/Juan/Documents/GitHub/Mapanare/mapanare/self/mnc-stage1)
==76769== 
==76769== 848 bytes in 1 blocks are definitely lost in loss record 916 of 950
==76769==    at 0x484D953: calloc (in /usr/libexec/valgrind/vgpreload_memcheck-amd64-linux.so)
==76769==    by 0x723DE9: __mn_alloc (in /mnt/c/Users/Juan/Documents/GitHub/Mapanare/mapanare/self/mnc-stage1)
==76769==    by 0x725AFA: __mn_list_push (in /mnt/c/Users/Juan/Documents/GitHub/Mapanare/mapanare/self/mnc-stage1)
==76769==    by 0x49EEB4: lower_state__lower_pop_scope (in /mnt/c/Users/Juan/Documents/GitHub/Mapanare/mapanare/self/mnc-stage1)
==76769==    by 0x18: ???
==76769==    by 0xFFFFFFFFFFFF: ???
==76769==    by 0x6AB9CEF: ???
==76769==    by 0x4: ???
==76769==    by 0x7: ???
==76769==    by 0x67: ???
==76769== 
==76769== 851 bytes in 12 blocks are indirectly lost in loss record 917 of 950
==76769==    at 0x484D953: calloc (in /usr/libexec/valgrind/vgpreload_memcheck-amd64-linux.so)
==76769==    by 0x723DE9: __mn_alloc (in /mnt/c/Users/Juan/Documents/GitHub/Mapanare/mapanare/self/mnc-stage1)
==76769==    by 0x7249CE: __mn_str_concat (in /mnt/c/Users/Juan/Documents/GitHub/Mapanare/mapanare/self/mnc-stage1)
==76769==    by 0x68D511: emit_llvm__declare_runtime_fn (in /mnt/c/Users/Juan/Documents/GitHub/Mapanare/mapanare/self/mnc-stage1)
==76769==    by 0x9: ???
==76769==    by 0x6ADB6DF: ???
==76769==    by 0xF: ???
==76769== 
==76769== 1,024 bytes in 64 blocks are definitely lost in loss record 918 of 950
==76769==    at 0x4846828: malloc (in /usr/libexec/valgrind/vgpreload_memcheck-amd64-linux.so)
==76769==    by 0x728B99: __mn_range (in /mnt/c/Users/Juan/Documents/GitHub/Mapanare/mapanare/self/mnc-stage1)
==76769==    by 0x41FA11: lexer__scan_ident (in /mnt/c/Users/Juan/Documents/GitHub/Mapanare/mapanare/self/mnc-stage1)
==76769== 
==76769== 1,040 bytes in 1 blocks are indirectly lost in loss record 919 of 950
==76769==    at 0x484D953: calloc (in /usr/libexec/valgrind/vgpreload_memcheck-amd64-linux.so)
==76769==    by 0x723DE9: __mn_alloc (in /mnt/c/Users/Juan/Documents/GitHub/Mapanare/mapanare/self/mnc-stage1)
==76769==    by 0x725BBF: __mn_list_push (in /mnt/c/Users/Juan/Documents/GitHub/Mapanare/mapanare/self/mnc-stage1)
==76769==    by 0x49D5DD: lower_state__emit_instr (in /mnt/c/Users/Juan/Documents/GitHub/Mapanare/mapanare/self/mnc-stage1)
==76769==    by 0x7: ???
==76769==    by 0x37: ???
==76769== 
==76769== 1,040 bytes in 1 blocks are indirectly lost in loss record 920 of 950
==76769==    at 0x484D953: calloc (in /usr/libexec/valgrind/vgpreload_memcheck-amd64-linux.so)
==76769==    by 0x723DE9: __mn_alloc (in /mnt/c/Users/Juan/Documents/GitHub/Mapanare/mapanare/self/mnc-stage1)
==76769==    by 0x725BBF: __mn_list_push (in /mnt/c/Users/Juan/Documents/GitHub/Mapanare/mapanare/self/mnc-stage1)
==76769==    by 0x67B6A8: mir_opt__const_prop_function (in /mnt/c/Users/Juan/Documents/GitHub/Mapanare/mapanare/self/mnc-stage1)
==76769== 
==76769== 1,040 bytes in 1 blocks are definitely lost in loss record 921 of 950
==76769==    at 0x484D953: calloc (in /usr/libexec/valgrind/vgpreload_memcheck-amd64-linux.so)
==76769==    by 0x723DE9: __mn_alloc (in /mnt/c/Users/Juan/Documents/GitHub/Mapanare/mapanare/self/mnc-stage1)
==76769==    by 0x725BBF: __mn_list_push (in /mnt/c/Users/Juan/Documents/GitHub/Mapanare/mapanare/self/mnc-stage1)
==76769==    by 0x678F74: mir_opt__constant_fold_block (in /mnt/c/Users/Juan/Documents/GitHub/Mapanare/mapanare/self/mnc-stage1)
==76769== 
==76769== 1,104 bytes in 1 blocks are definitely lost in loss record 922 of 950
==76769==    at 0x484D953: calloc (in /usr/libexec/valgrind/vgpreload_memcheck-amd64-linux.so)
==76769==    by 0x723DE9: __mn_alloc (in /mnt/c/Users/Juan/Documents/GitHub/Mapanare/mapanare/self/mnc-stage1)
==76769==    by 0x725AFA: __mn_list_push (in /mnt/c/Users/Juan/Documents/GitHub/Mapanare/mapanare/self/mnc-stage1)
==76769==    by 0x4AFF7D: lower__register_definition (in /mnt/c/Users/Juan/Documents/GitHub/Mapanare/mapanare/self/mnc-stage1)
==76769== 
==76769== 1,248 (464 direct, 784 indirect) bytes in 1 blocks are definitely lost in loss record 923 of 950
==76769==    at 0x484D953: calloc (in /usr/libexec/valgrind/vgpreload_memcheck-amd64-linux.so)
==76769==    by 0x723DE9: __mn_alloc (in /mnt/c/Users/Juan/Documents/GitHub/Mapanare/mapanare/self/mnc-stage1)
==76769==    by 0x725AFA: __mn_list_push (in /mnt/c/Users/Juan/Documents/GitHub/Mapanare/mapanare/self/mnc-stage1)
==76769==    by 0x598B0E: lower__try_monomorphize_struct (in /mnt/c/Users/Juan/Documents/GitHub/Mapanare/mapanare/self/mnc-stage1)
==76769==    by 0xFFFFFFFFFFFFFF: ???
==76769== 
==76769== 1,296 bytes in 9 blocks are indirectly lost in loss record 924 of 950
==76769==    at 0x484D953: calloc (in /usr/libexec/valgrind/vgpreload_memcheck-amd64-linux.so)
==76769==    by 0x723DE9: __mn_alloc (in /mnt/c/Users/Juan/Documents/GitHub/Mapanare/mapanare/self/mnc-stage1)
==76769==    by 0x725AFA: __mn_list_push (in /mnt/c/Users/Juan/Documents/GitHub/Mapanare/mapanare/self/mnc-stage1)
==76769==    by 0x430E0E: parser__parse_call_args (in /mnt/c/Users/Juan/Documents/GitHub/Mapanare/mapanare/self/mnc-stage1)
==76769==    by 0x6A8FB1F: ???
==76769==    by 0x85: ???
==76769==    by 0xFF: ???
==76769==    by 0x3F: ???
==76769== 
==76769== 1,456 (784 direct, 672 indirect) bytes in 1 blocks are definitely lost in loss record 925 of 950
==76769==    at 0x484D953: calloc (in /usr/libexec/valgrind/vgpreload_memcheck-amd64-linux.so)
==76769==    by 0x723DE9: __mn_alloc (in /mnt/c/Users/Juan/Documents/GitHub/Mapanare/mapanare/self/mnc-stage1)
==76769==    by 0x725AFA: __mn_list_push (in /mnt/c/Users/Juan/Documents/GitHub/Mapanare/mapanare/self/mnc-stage1)
==76769==    by 0x598C48: lower__try_monomorphize_struct (in /mnt/c/Users/Juan/Documents/GitHub/Mapanare/mapanare/self/mnc-stage1)
==76769==    by 0xFFFFFFFFFFFFFF: ???
==76769== 
==76769== 1,512 bytes in 9 blocks are indirectly lost in loss record 926 of 950
==76769==    at 0x484D953: calloc (in /usr/libexec/valgrind/vgpreload_memcheck-amd64-linux.so)
==76769==    by 0x439E73: semantic__resolve_type_expr (in /mnt/c/Users/Juan/Documents/GitHub/Mapanare/mapanare/self/mnc-stage1)
==76769== 
==76769== 1,534 bytes in 23 blocks are indirectly lost in loss record 927 of 950
==76769==    at 0x484D953: calloc (in /usr/libexec/valgrind/vgpreload_memcheck-amd64-linux.so)
==76769==    by 0x723DE9: __mn_alloc (in /mnt/c/Users/Juan/Documents/GitHub/Mapanare/mapanare/self/mnc-stage1)
==76769==    by 0x7249CE: __mn_str_concat (in /mnt/c/Users/Juan/Documents/GitHub/Mapanare/mapanare/self/mnc-stage1)
==76769==    by 0x68D511: emit_llvm__declare_runtime_fn (in /mnt/c/Users/Juan/Documents/GitHub/Mapanare/mapanare/self/mnc-stage1)
==76769==    by 0x2: ???
==76769==    by 0x6ADB6DF: ???
==76769==    by 0xF: ???
==76769== 
==76769== 1,856 bytes in 4 blocks are indirectly lost in loss record 928 of 950
==76769==    at 0x484D953: calloc (in /usr/libexec/valgrind/vgpreload_memcheck-amd64-linux.so)
==76769==    by 0x723DE9: __mn_alloc (in /mnt/c/Users/Juan/Documents/GitHub/Mapanare/mapanare/self/mnc-stage1)
==76769==    by 0x725AFA: __mn_list_push (in /mnt/c/Users/Juan/Documents/GitHub/Mapanare/mapanare/self/mnc-stage1)
==76769==    by 0x679476: mir_opt__constant_fold_function (in /mnt/c/Users/Juan/Documents/GitHub/Mapanare/mapanare/self/mnc-stage1)
==76769==    by 0xF: ???
==76769== 
==76769== 2,112 bytes in 4 blocks are definitely lost in loss record 929 of 950
==76769==    at 0x484D953: calloc (in /usr/libexec/valgrind/vgpreload_memcheck-amd64-linux.so)
==76769==    by 0x723DE9: __mn_alloc (in /mnt/c/Users/Juan/Documents/GitHub/Mapanare/mapanare/self/mnc-stage1)
==76769==    by 0x725AFA: __mn_list_push (in /mnt/c/Users/Juan/Documents/GitHub/Mapanare/mapanare/self/mnc-stage1)
==76769==    by 0x58FDCB: lower__try_monomorphize_call (in /mnt/c/Users/Juan/Documents/GitHub/Mapanare/mapanare/self/mnc-stage1)
==76769== 
==76769== 2,112 bytes in 4 blocks are definitely lost in loss record 930 of 950
==76769==    at 0x484D953: calloc (in /usr/libexec/valgrind/vgpreload_memcheck-amd64-linux.so)
==76769==    by 0x723DE9: __mn_alloc (in /mnt/c/Users/Juan/Documents/GitHub/Mapanare/mapanare/self/mnc-stage1)
==76769==    by 0x725AFA: __mn_list_push (in /mnt/c/Users/Juan/Documents/GitHub/Mapanare/mapanare/self/mnc-stage1)
==76769==    by 0x58D654: lower__infer_type_args_from_call (in /mnt/c/Users/Juan/Documents/GitHub/Mapanare/mapanare/self/mnc-stage1)
==76769== 
==76769== 2,192 bytes in 1 blocks are definitely lost in loss record 931 of 950
==76769==    at 0x484D953: calloc (in /usr/libexec/valgrind/vgpreload_memcheck-amd64-linux.so)
==76769==    by 0x723DE9: __mn_alloc (in /mnt/c/Users/Juan/Documents/GitHub/Mapanare/mapanare/self/mnc-stage1)
==76769==    by 0x725AFA: __mn_list_push (in /mnt/c/Users/Juan/Documents/GitHub/Mapanare/mapanare/self/mnc-stage1)
==76769==    by 0x4B5BDF: lower__register_definition (in /mnt/c/Users/Juan/Documents/GitHub/Mapanare/mapanare/self/mnc-stage1)
==76769== 
==76769== 2,288 (1,616 direct, 672 indirect) bytes in 1 blocks are definitely lost in loss record 932 of 950
==76769==    at 0x484D953: calloc (in /usr/libexec/valgrind/vgpreload_memcheck-amd64-linux.so)
==76769==    by 0x723DE9: __mn_alloc (in /mnt/c/Users/Juan/Documents/GitHub/Mapanare/mapanare/self/mnc-stage1)
==76769==    by 0x725AFA: __mn_list_push (in /mnt/c/Users/Juan/Documents/GitHub/Mapanare/mapanare/self/mnc-stage1)
==76769==    by 0x473755: semantic__check_let_stmt (in /mnt/c/Users/Juan/Documents/GitHub/Mapanare/mapanare/self/mnc-stage1)
==76769== 
==76769== 2,320 bytes in 5 blocks are indirectly lost in loss record 933 of 950
==76769==    at 0x484D953: calloc (in /usr/libexec/valgrind/vgpreload_memcheck-amd64-linux.so)
==76769==    by 0x723DE9: __mn_alloc (in /mnt/c/Users/Juan/Documents/GitHub/Mapanare/mapanare/self/mnc-stage1)
==76769==    by 0x725AFA: __mn_list_push (in /mnt/c/Users/Juan/Documents/GitHub/Mapanare/mapanare/self/mnc-stage1)
==76769==    by 0x4D2313: lower__lower_fn (in /mnt/c/Users/Juan/Documents/GitHub/Mapanare/mapanare/self/mnc-stage1)
==76769== 
==76769== 2,320 (1,168 direct, 1,152 indirect) bytes in 1 blocks are definitely lost in loss record 934 of 950
==76769==    at 0x484D953: calloc (in /usr/libexec/valgrind/vgpreload_memcheck-amd64-linux.so)
==76769==    by 0x723DE9: __mn_alloc (in /mnt/c/Users/Juan/Documents/GitHub/Mapanare/mapanare/self/mnc-stage1)
==76769==    by 0x725BBF: __mn_list_push (in /mnt/c/Users/Juan/Documents/GitHub/Mapanare/mapanare/self/mnc-stage1)
==76769==    by 0x71C533: emit_llvm__emit_mir_function (in /mnt/c/Users/Juan/Documents/GitHub/Mapanare/mapanare/self/mnc-stage1)
==76769==    by 0x3F: ???
==76769== 
==76769== 2,448 (2,368 direct, 80 indirect) bytes in 4 blocks are definitely lost in loss record 935 of 950
==76769==    at 0x484D953: calloc (in /usr/libexec/valgrind/vgpreload_memcheck-amd64-linux.so)
==76769==    by 0x723DE9: __mn_alloc (in /mnt/c/Users/Juan/Documents/GitHub/Mapanare/mapanare/self/mnc-stage1)
==76769==    by 0x725AFA: __mn_list_push (in /mnt/c/Users/Juan/Documents/GitHub/Mapanare/mapanare/self/mnc-stage1)
==76769==    by 0x58DE6D: lower__specialize_fn (in /mnt/c/Users/Juan/Documents/GitHub/Mapanare/mapanare/self/mnc-stage1)
==76769==    by 0x1000006AB67FF: ???
==76769== 
==76769== 2,624 bytes in 4 blocks are indirectly lost in loss record 936 of 950
==76769==    at 0x484D953: calloc (in /usr/libexec/valgrind/vgpreload_memcheck-amd64-linux.so)
==76769==    by 0x723DE9: __mn_alloc (in /mnt/c/Users/Juan/Documents/GitHub/Mapanare/mapanare/self/mnc-stage1)
==76769==    by 0x725AFA: __mn_list_push (in /mnt/c/Users/Juan/Documents/GitHub/Mapanare/mapanare/self/mnc-stage1)
==76769==    by 0x4CD0DE: lower__build_mir_params (in /mnt/c/Users/Juan/Documents/GitHub/Mapanare/mapanare/self/mnc-stage1)
==76769== 
==76769== 3,392 bytes in 4 blocks are definitely lost in loss record 937 of 950
==76769==    at 0x484D953: calloc (in /usr/libexec/valgrind/vgpreload_memcheck-amd64-linux.so)
==76769==    by 0x723DE9: __mn_alloc (in /mnt/c/Users/Juan/Documents/GitHub/Mapanare/mapanare/self/mnc-stage1)
==76769==    by 0x725AFA: __mn_list_push (in /mnt/c/Users/Juan/Documents/GitHub/Mapanare/mapanare/self/mnc-stage1)
==76769==    by 0x4CFF4F: lower__bind_fn_params (in /mnt/c/Users/Juan/Documents/GitHub/Mapanare/mapanare/self/mnc-stage1)
==76769== 
==76769== 3,392 bytes in 4 blocks are definitely lost in loss record 938 of 950
==76769==    at 0x484D953: calloc (in /usr/libexec/valgrind/vgpreload_memcheck-amd64-linux.so)
==76769==    by 0x723DE9: __mn_alloc (in /mnt/c/Users/Juan/Documents/GitHub/Mapanare/mapanare/self/mnc-stage1)
==76769==    by 0x725AFA: __mn_list_push (in /mnt/c/Users/Juan/Documents/GitHub/Mapanare/mapanare/self/mnc-stage1)
==76769==    by 0x49EEB4: lower_state__lower_pop_scope (in /mnt/c/Users/Juan/Documents/GitHub/Mapanare/mapanare/self/mnc-stage1)
==76769== 
==76769== 3,736 (3,232 direct, 504 indirect) bytes in 2 blocks are definitely lost in loss record 939 of 950
==76769==    at 0x484D953: calloc (in /usr/libexec/valgrind/vgpreload_memcheck-amd64-linux.so)
==76769==    by 0x723DE9: __mn_alloc (in /mnt/c/Users/Juan/Documents/GitHub/Mapanare/mapanare/self/mnc-stage1)
==76769==    by 0x725AFA: __mn_list_push (in /mnt/c/Users/Juan/Documents/GitHub/Mapanare/mapanare/self/mnc-stage1)
==76769==    by 0x481C1A: semantic__check_fn_body (in /mnt/c/Users/Juan/Documents/GitHub/Mapanare/mapanare/self/mnc-stage1)
==76769== 
==76769== 5,040 (1,680 direct, 3,360 indirect) bytes in 1 blocks are definitely lost in loss record 940 of 950
==76769==    at 0x484D953: calloc (in /usr/libexec/valgrind/vgpreload_memcheck-amd64-linux.so)
==76769==    by 0x723DE9: __mn_alloc (in /mnt/c/Users/Juan/Documents/GitHub/Mapanare/mapanare/self/mnc-stage1)
==76769==    by 0x725AFA: __mn_list_push (in /mnt/c/Users/Juan/Documents/GitHub/Mapanare/mapanare/self/mnc-stage1)
==76769==    by 0x686B39: mir_opt__optimize_mir (in /mnt/c/Users/Juan/Documents/GitHub/Mapanare/mapanare/self/mnc-stage1)
==76769==    by 0x6AB915F: ???
==76769==    by 0x8000000000000046: ???
==76769==    by 0x6A74317: ???
==76769== 
==76769== 5,904 bytes in 9 blocks are indirectly lost in loss record 941 of 950
==76769==    at 0x484D953: calloc (in /usr/libexec/valgrind/vgpreload_memcheck-amd64-linux.so)
==76769==    by 0x723DE9: __mn_alloc (in /mnt/c/Users/Juan/Documents/GitHub/Mapanare/mapanare/self/mnc-stage1)
==76769==    by 0x725AFA: __mn_list_push (in /mnt/c/Users/Juan/Documents/GitHub/Mapanare/mapanare/self/mnc-stage1)
==76769==    by 0x58198E: lower__lower_call (in /mnt/c/Users/Juan/Documents/GitHub/Mapanare/mapanare/self/mnc-stage1)
==76769==    by 0x6AB581F: ???
==76769==    by 0x1: ???
==76769== 
==76769== 6,891 (144 direct, 6,747 indirect) bytes in 1 blocks are definitely lost in loss record 942 of 950
==76769==    at 0x484D953: calloc (in /usr/libexec/valgrind/vgpreload_memcheck-amd64-linux.so)
==76769==    by 0x723DE9: __mn_alloc (in /mnt/c/Users/Juan/Documents/GitHub/Mapanare/mapanare/self/mnc-stage1)
==76769==    by 0x725AFA: __mn_list_push (in /mnt/c/Users/Juan/Documents/GitHub/Mapanare/mapanare/self/mnc-stage1)
==76769==    by 0x423E21: parser__parse (in /mnt/c/Users/Juan/Documents/GitHub/Mapanare/mapanare/self/mnc-stage1)
==76769== 
==76769== 7,820 (3,600 direct, 4,220 indirect) bytes in 1 blocks are definitely lost in loss record 943 of 950
==76769==    at 0x484D953: calloc (in /usr/libexec/valgrind/vgpreload_memcheck-amd64-linux.so)
==76769==    by 0x723DE9: __mn_alloc (in /mnt/c/Users/Juan/Documents/GitHub/Mapanare/mapanare/self/mnc-stage1)
==76769==    by 0x725BBF: __mn_list_push (in /mnt/c/Users/Juan/Documents/GitHub/Mapanare/mapanare/self/mnc-stage1)
==76769==    by 0x68BA04: emit_llvm__build_internal_struct_list (in /mnt/c/Users/Juan/Documents/GitHub/Mapanare/mapanare/self/mnc-stage1)
==76769==    by 0x3: ???
==76769==    by 0x7: ???
==76769==    by 0x6ACDFAF: ???
==76769==    by 0x7: ???
==76769==    by 0xF: ???
==76769== 
==76769== 9,874 bytes in 1 blocks are definitely lost in loss record 944 of 950
==76769==    at 0x484D953: calloc (in /usr/libexec/valgrind/vgpreload_memcheck-amd64-linux.so)
==76769==    by 0x723DE9: __mn_alloc (in /mnt/c/Users/Juan/Documents/GitHub/Mapanare/mapanare/self/mnc-stage1)
==76769==    by 0x725918: __mn_str_join (in /mnt/c/Users/Juan/Documents/GitHub/Mapanare/mapanare/self/mnc-stage1)
==76769==    by 0x72373A: emit_llvm__emit_mir_module (in /mnt/c/Users/Juan/Documents/GitHub/Mapanare/mapanare/self/mnc-stage1)
==76769==    by 0x11: ???
==76769==    by 0x3: ???
==76769==    by 0x6AE90BF: ???
==76769==    by 0xF: ???
==76769==    by 0xC1: ???
==76769== 
==76769== 13,475 (4,112 direct, 9,363 indirect) bytes in 1 blocks are definitely lost in loss record 945 of 950
==76769==    at 0x484D953: calloc (in /usr/libexec/valgrind/vgpreload_memcheck-amd64-linux.so)
==76769==    by 0x723DE9: __mn_alloc (in /mnt/c/Users/Juan/Documents/GitHub/Mapanare/mapanare/self/mnc-stage1)
==76769==    by 0x725BBF: __mn_list_push (in /mnt/c/Users/Juan/Documents/GitHub/Mapanare/mapanare/self/mnc-stage1)
==76769==    by 0x71E930: emit_llvm__emit_mir_function (in /mnt/c/Users/Juan/Documents/GitHub/Mapanare/mapanare/self/mnc-stage1)
==76769==    by 0x8000000000000006: ???
==76769== 
==76769== 14,304 (12,960 direct, 1,344 indirect) bytes in 10 blocks are definitely lost in loss record 946 of 950
==76769==    at 0x484D953: calloc (in /usr/libexec/valgrind/vgpreload_memcheck-amd64-linux.so)
==76769==    by 0x723DE9: __mn_alloc (in /mnt/c/Users/Juan/Documents/GitHub/Mapanare/mapanare/self/mnc-stage1)
==76769==    by 0x725AFA: __mn_list_push (in /mnt/c/Users/Juan/Documents/GitHub/Mapanare/mapanare/self/mnc-stage1)
==76769==    by 0x459466: semantic__check_call_expr (in /mnt/c/Users/Juan/Documents/GitHub/Mapanare/mapanare/self/mnc-stage1)
==76769== 
==76769== 16,682 (16,400 direct, 282 indirect) bytes in 1 blocks are definitely lost in loss record 947 of 950
==76769==    at 0x484D953: calloc (in /usr/libexec/valgrind/vgpreload_memcheck-amd64-linux.so)
==76769==    by 0x723DE9: __mn_alloc (in /mnt/c/Users/Juan/Documents/GitHub/Mapanare/mapanare/self/mnc-stage1)
==76769==    by 0x725BBF: __mn_list_push (in /mnt/c/Users/Juan/Documents/GitHub/Mapanare/mapanare/self/mnc-stage1)
==76769==    by 0x4229EF: lexer__tokenize (in /mnt/c/Users/Juan/Documents/GitHub/Mapanare/mapanare/self/mnc-stage1)
==76769== 
==76769== 22,956 (1,680 direct, 21,276 indirect) bytes in 1 blocks are definitely lost in loss record 948 of 950
==76769==    at 0x484D953: calloc (in /usr/libexec/valgrind/vgpreload_memcheck-amd64-linux.so)
==76769==    by 0x723DE9: __mn_alloc (in /mnt/c/Users/Juan/Documents/GitHub/Mapanare/mapanare/self/mnc-stage1)
==76769==    by 0x725AFA: __mn_list_push (in /mnt/c/Users/Juan/Documents/GitHub/Mapanare/mapanare/self/mnc-stage1)
==76769==    by 0x4D6372: lower__lower_fn (in /mnt/c/Users/Juan/Documents/GitHub/Mapanare/mapanare/self/mnc-stage1)
==76769== 
==76769== 25,616 bytes in 1 blocks are indirectly lost in loss record 949 of 950
==76769==    at 0x484D953: calloc (in /usr/libexec/valgrind/vgpreload_memcheck-amd64-linux.so)
==76769==    by 0x723DE9: __mn_alloc (in /mnt/c/Users/Juan/Documents/GitHub/Mapanare/mapanare/self/mnc-stage1)
==76769==    by 0x725BBF: __mn_list_push (in /mnt/c/Users/Juan/Documents/GitHub/Mapanare/mapanare/self/mnc-stage1)
==76769==    by 0x4780B6: semantic__register_def (in /mnt/c/Users/Juan/Documents/GitHub/Mapanare/mapanare/self/mnc-stage1)
==76769== 
==76769== 47,523 (168 direct, 47,355 indirect) bytes in 3 blocks are definitely lost in loss record 950 of 950
==76769==    at 0x4846828: malloc (in /usr/libexec/valgrind/vgpreload_memcheck-amd64-linux.so)
==76769==    by 0x48175A: semantic__check_fn_body (in /mnt/c/Users/Juan/Documents/GitHub/Mapanare/mapanare/self/mnc-stage1)
==76769== 
==76769== LEAK SUMMARY:
==76769==    definitely lost: 93,107 bytes in 1,448 blocks
==76769==    indirectly lost: 97,905 bytes in 679 blocks
==76769==      possibly lost: 0 bytes in 0 blocks
==76769==    still reachable: 0 bytes in 0 blocks
==76769==         suppressed: 0 bytes in 0 blocks
==76769== 
==76769== For lists of detected and suppressed errors, rerun with: -s
==76769== ERROR SUMMARY: 12 errors from 8 contexts (suppressed: 0 from 0)
