==77181== Memcheck, a memory error detector
==77181== Copyright (C) 2002-2022, and GNU GPL'd, by Julian Seward et al.
==77181== Using Valgrind-3.22.0 and LibVEX; rerun with -h for copyright info
==77181== Command: /mnt/c/Users/Juan/Documents/GitHub/Mapanare/mapanare/self/mnc-stage1 /mnt/c/Users/Juan/Documents/GitHub/Mapanare/tests/golden/29_generic_impl.mn -o /tmp/v4_135_valgrind/29_generic_impl.ll
==77181== 
==77181== Thread 2:
==77181== Conditional jump or move depends on uninitialised value(s)
==77181==    at 0x499D5C: lower_state__fresh_tmp (in /mnt/c/Users/Juan/Documents/GitHub/Mapanare/mapanare/self/mnc-stage1)
==77181==    by 0xFFFFFFFFFFFF: ???
==77181==    by 0x6AA154F: ???
==77181==    by 0x73ECC7: ??? (in /mnt/c/Users/Juan/Documents/GitHub/Mapanare/mapanare/self/mnc-stage1)
==77181==  Uninitialised value was created by a stack allocation
==77181==    at 0x595CEA: lower__try_monomorphize_struct (in /mnt/c/Users/Juan/Documents/GitHub/Mapanare/mapanare/self/mnc-stage1)
==77181== 
==77181== Conditional jump or move depends on uninitialised value(s)
==77181==    at 0x499FDA: lower_state__fresh_tmp (in /mnt/c/Users/Juan/Documents/GitHub/Mapanare/mapanare/self/mnc-stage1)
==77181==    by 0xFFFFFFFFFFFF: ???
==77181==    by 0x6AA154F: ???
==77181==    by 0x73ECC7: ??? (in /mnt/c/Users/Juan/Documents/GitHub/Mapanare/mapanare/self/mnc-stage1)
==77181==  Uninitialised value was created by a stack allocation
==77181==    at 0x595CEA: lower__try_monomorphize_struct (in /mnt/c/Users/Juan/Documents/GitHub/Mapanare/mapanare/self/mnc-stage1)
==77181== 
==77181== 
==77181== HEAP SUMMARY:
==77181==     in use at exit: 139,416 bytes in 1,592 blocks
==77181==   total heap usage: 2,728 allocs, 1,136 frees, 207,577 bytes allocated
==77181== 
==77181== Thread 1:
==77181== 2 bytes in 1 blocks are indirectly lost in loss record 1 of 793
==77181==    at 0x484D953: calloc (in /usr/libexec/valgrind/vgpreload_memcheck-amd64-linux.so)
==77181==    by 0x723DE9: __mn_alloc (in /mnt/c/Users/Juan/Documents/GitHub/Mapanare/mapanare/self/mnc-stage1)
==77181==    by 0x7245AB: __mn_str_from_parts (in /mnt/c/Users/Juan/Documents/GitHub/Mapanare/mapanare/self/mnc-stage1)
==77181==    by 0x420082: lexer__scan_number (in /mnt/c/Users/Juan/Documents/GitHub/Mapanare/mapanare/self/mnc-stage1)
==77181==    by 0x73C56F: ??? (in /mnt/c/Users/Juan/Documents/GitHub/Mapanare/mapanare/self/mnc-stage1)
==77181==    by 0x6A73257: ???
==77181== 
==77181== 2 bytes in 1 blocks are definitely lost in loss record 2 of 793
==77181==    at 0x484D953: calloc (in /usr/libexec/valgrind/vgpreload_memcheck-amd64-linux.so)
==77181==    by 0x723DE9: __mn_alloc (in /mnt/c/Users/Juan/Documents/GitHub/Mapanare/mapanare/self/mnc-stage1)
==77181==    by 0x7245AB: __mn_str_from_parts (in /mnt/c/Users/Juan/Documents/GitHub/Mapanare/mapanare/self/mnc-stage1)
==77181==    by 0x42257E: lexer__tokenize (in /mnt/c/Users/Juan/Documents/GitHub/Mapanare/mapanare/self/mnc-stage1)
==77181== 
==77181== 2 bytes in 1 blocks are definitely lost in loss record 3 of 793
==77181==    at 0x484D953: calloc (in /usr/libexec/valgrind/vgpreload_memcheck-amd64-linux.so)
==77181==    by 0x723DE9: __mn_alloc (in /mnt/c/Users/Juan/Documents/GitHub/Mapanare/mapanare/self/mnc-stage1)
==77181==    by 0x7245AB: __mn_str_from_parts (in /mnt/c/Users/Juan/Documents/GitHub/Mapanare/mapanare/self/mnc-stage1)
==77181==    by 0x41FA6B: lexer__scan_ident (in /mnt/c/Users/Juan/Documents/GitHub/Mapanare/mapanare/self/mnc-stage1)
==77181==    by 0x6A78ACF: ???
==77181==    by 0x8000000000000000: ???
==77181==    by 0x6A733D7: ???
==77181== 
==77181== 2 bytes in 1 blocks are definitely lost in loss record 4 of 793
==77181==    at 0x484D953: calloc (in /usr/libexec/valgrind/vgpreload_memcheck-amd64-linux.so)
==77181==    by 0x723DE9: __mn_alloc (in /mnt/c/Users/Juan/Documents/GitHub/Mapanare/mapanare/self/mnc-stage1)
==77181==    by 0x7245AB: __mn_str_from_parts (in /mnt/c/Users/Juan/Documents/GitHub/Mapanare/mapanare/self/mnc-stage1)
==77181==    by 0x41FA6B: lexer__scan_ident (in /mnt/c/Users/Juan/Documents/GitHub/Mapanare/mapanare/self/mnc-stage1)
==77181==    by 0x6A78B6F: ???
==77181==    by 0x8000000000000001: ???
==77181==    by 0x6A733D7: ???
==77181== 
==77181== 2 bytes in 1 blocks are definitely lost in loss record 5 of 793
==77181==    at 0x484D953: calloc (in /usr/libexec/valgrind/vgpreload_memcheck-amd64-linux.so)
==77181==    by 0x723DE9: __mn_alloc (in /mnt/c/Users/Juan/Documents/GitHub/Mapanare/mapanare/self/mnc-stage1)
==77181==    by 0x7245AB: __mn_str_from_parts (in /mnt/c/Users/Juan/Documents/GitHub/Mapanare/mapanare/self/mnc-stage1)
==77181==    by 0x41FA6B: lexer__scan_ident (in /mnt/c/Users/Juan/Documents/GitHub/Mapanare/mapanare/self/mnc-stage1)
==77181==    by 0x6A78C0F: ???
==77181==    by 0x8000000000000002: ???
==77181==    by 0x6A733D7: ???
==77181== 
==77181== 2 bytes in 1 blocks are definitely lost in loss record 6 of 793
==77181==    at 0x484D953: calloc (in /usr/libexec/valgrind/vgpreload_memcheck-amd64-linux.so)
==77181==    by 0x723DE9: __mn_alloc (in /mnt/c/Users/Juan/Documents/GitHub/Mapanare/mapanare/self/mnc-stage1)
==77181==    by 0x7245AB: __mn_str_from_parts (in /mnt/c/Users/Juan/Documents/GitHub/Mapanare/mapanare/self/mnc-stage1)
==77181==    by 0x41FA6B: lexer__scan_ident (in /mnt/c/Users/Juan/Documents/GitHub/Mapanare/mapanare/self/mnc-stage1)
==77181==    by 0x6A78CAF: ???
==77181==    by 0x8000000000000003: ???
==77181==    by 0x6A733D7: ???
==77181== 
==77181== 2 bytes in 1 blocks are definitely lost in loss record 7 of 793
==77181==    at 0x484D953: calloc (in /usr/libexec/valgrind/vgpreload_memcheck-amd64-linux.so)
==77181==    by 0x723DE9: __mn_alloc (in /mnt/c/Users/Juan/Documents/GitHub/Mapanare/mapanare/self/mnc-stage1)
==77181==    by 0x7245AB: __mn_str_from_parts (in /mnt/c/Users/Juan/Documents/GitHub/Mapanare/mapanare/self/mnc-stage1)
==77181==    by 0x41FA6B: lexer__scan_ident (in /mnt/c/Users/Juan/Documents/GitHub/Mapanare/mapanare/self/mnc-stage1)
==77181==    by 0x6A78D4F: ???
==77181==    by 0x8000000000000004: ???
==77181==    by 0x6A733D7: ???
==77181== 
==77181== 2 bytes in 1 blocks are definitely lost in loss record 8 of 793
==77181==    at 0x484D953: calloc (in /usr/libexec/valgrind/vgpreload_memcheck-amd64-linux.so)
==77181==    by 0x723DE9: __mn_alloc (in /mnt/c/Users/Juan/Documents/GitHub/Mapanare/mapanare/self/mnc-stage1)
==77181==    by 0x7245AB: __mn_str_from_parts (in /mnt/c/Users/Juan/Documents/GitHub/Mapanare/mapanare/self/mnc-stage1)
==77181==    by 0x41FA6B: lexer__scan_ident (in /mnt/c/Users/Juan/Documents/GitHub/Mapanare/mapanare/self/mnc-stage1)
==77181==    by 0x6A78DEF: ???
==77181==    by 0x8000000000000005: ???
==77181==    by 0x6A733D7: ???
==77181== 
==77181== 2 bytes in 1 blocks are definitely lost in loss record 9 of 793
==77181==    at 0x484D953: calloc (in /usr/libexec/valgrind/vgpreload_memcheck-amd64-linux.so)
==77181==    by 0x723DE9: __mn_alloc (in /mnt/c/Users/Juan/Documents/GitHub/Mapanare/mapanare/self/mnc-stage1)
==77181==    by 0x7245AB: __mn_str_from_parts (in /mnt/c/Users/Juan/Documents/GitHub/Mapanare/mapanare/self/mnc-stage1)
==77181==    by 0x41FA6B: lexer__scan_ident (in /mnt/c/Users/Juan/Documents/GitHub/Mapanare/mapanare/self/mnc-stage1)
==77181==    by 0x6A7921F: ???
==77181==    by 0x8000000000000000: ???
==77181==    by 0x6A733D7: ???
==77181==    by 0x7: ???
==77181==    by 0x2: ???
==77181==    by 0x6A7751F: ???
==77181==    by 0x8000000000000000: ???
==77181==    by 0x7: ???
==77181==    by 0x42: ???
==77181== 
==77181== 2 bytes in 1 blocks are definitely lost in loss record 10 of 793
==77181==    at 0x484D953: calloc (in /usr/libexec/valgrind/vgpreload_memcheck-amd64-linux.so)
==77181==    by 0x723DE9: __mn_alloc (in /mnt/c/Users/Juan/Documents/GitHub/Mapanare/mapanare/self/mnc-stage1)
==77181==    by 0x7245AB: __mn_str_from_parts (in /mnt/c/Users/Juan/Documents/GitHub/Mapanare/mapanare/self/mnc-stage1)
==77181==    by 0x41FA6B: lexer__scan_ident (in /mnt/c/Users/Juan/Documents/GitHub/Mapanare/mapanare/self/mnc-stage1)
==77181==    by 0x6A792BF: ???
==77181==    by 0x8000000000000001: ???
==77181==    by 0x6A733D7: ???
==77181==    by 0x7: ???
==77181==    by 0x2: ???
==77181==    by 0x6A7751F: ???
==77181==    by 0x8000000000000000: ???
==77181==    by 0x7: ???
==77181==    by 0x42: ???
==77181== 
==77181== 2 bytes in 1 blocks are definitely lost in loss record 11 of 793
==77181==    at 0x484D953: calloc (in /usr/libexec/valgrind/vgpreload_memcheck-amd64-linux.so)
==77181==    by 0x723DE9: __mn_alloc (in /mnt/c/Users/Juan/Documents/GitHub/Mapanare/mapanare/self/mnc-stage1)
==77181==    by 0x7245AB: __mn_str_from_parts (in /mnt/c/Users/Juan/Documents/GitHub/Mapanare/mapanare/self/mnc-stage1)
==77181==    by 0x41FA6B: lexer__scan_ident (in /mnt/c/Users/Juan/Documents/GitHub/Mapanare/mapanare/self/mnc-stage1)
==77181==    by 0x6A7935F: ???
==77181==    by 0x8000000000000002: ???
==77181==    by 0x6A733D7: ???
==77181==    by 0x7: ???
==77181==    by 0x2: ???
==77181==    by 0x6A7751F: ???
==77181==    by 0x8000000000000000: ???
==77181==    by 0x7: ???
==77181==    by 0x42: ???
==77181== 
==77181== 2 bytes in 1 blocks are definitely lost in loss record 12 of 793
==77181==    at 0x484D953: calloc (in /usr/libexec/valgrind/vgpreload_memcheck-amd64-linux.so)
==77181==    by 0x723DE9: __mn_alloc (in /mnt/c/Users/Juan/Documents/GitHub/Mapanare/mapanare/self/mnc-stage1)
==77181==    by 0x7245AB: __mn_str_from_parts (in /mnt/c/Users/Juan/Documents/GitHub/Mapanare/mapanare/self/mnc-stage1)
==77181==    by 0x41FA6B: lexer__scan_ident (in /mnt/c/Users/Juan/Documents/GitHub/Mapanare/mapanare/self/mnc-stage1)
==77181==    by 0x6A795DF: ???
==77181==    by 0x8000000000000000: ???
==77181==    by 0x6A733D7: ???
==77181==    by 0xB: ???
==77181==    by 0x2: ???
==77181==    by 0x6A7751F: ???
==77181==    by 0x8000000000000000: ???
==77181==    by 0xB: ???
==77181==    by 0x46: ???
==77181== 
==77181== 2 bytes in 1 blocks are definitely lost in loss record 13 of 793
==77181==    at 0x484D953: calloc (in /usr/libexec/valgrind/vgpreload_memcheck-amd64-linux.so)
==77181==    by 0x723DE9: __mn_alloc (in /mnt/c/Users/Juan/Documents/GitHub/Mapanare/mapanare/self/mnc-stage1)
==77181==    by 0x7245AB: __mn_str_from_parts (in /mnt/c/Users/Juan/Documents/GitHub/Mapanare/mapanare/self/mnc-stage1)
==77181==    by 0x41FA6B: lexer__scan_ident (in /mnt/c/Users/Juan/Documents/GitHub/Mapanare/mapanare/self/mnc-stage1)
==77181==    by 0x6A79B2F: ???
==77181==    by 0x8000000000000000: ???
==77181==    by 0x6A733D7: ???
==77181==    by 0x4: ???
==77181==    by 0x3: ???
==77181==    by 0x6A7751F: ???
==77181==    by 0x8000000000000000: ???
==77181==    by 0x4: ???
==77181==    by 0x4F: ???
==77181== 
==77181== 2 bytes in 1 blocks are definitely lost in loss record 14 of 793
==77181==    at 0x484D953: calloc (in /usr/libexec/valgrind/vgpreload_memcheck-amd64-linux.so)
==77181==    by 0x723DE9: __mn_alloc (in /mnt/c/Users/Juan/Documents/GitHub/Mapanare/mapanare/self/mnc-stage1)
==77181==    by 0x7245AB: __mn_str_from_parts (in /mnt/c/Users/Juan/Documents/GitHub/Mapanare/mapanare/self/mnc-stage1)
==77181==    by 0x41FA6B: lexer__scan_ident (in /mnt/c/Users/Juan/Documents/GitHub/Mapanare/mapanare/self/mnc-stage1)
==77181==    by 0x6A79BCF: ???
==77181==    by 0x8000000000000001: ???
==77181==    by 0x6A733D7: ???
==77181==    by 0x4: ???
==77181==    by 0x3: ???
==77181==    by 0x6A7751F: ???
==77181==    by 0x8000000000000000: ???
==77181==    by 0x4: ???
==77181==    by 0x4F: ???
==77181== 
==77181== 2 bytes in 1 blocks are definitely lost in loss record 15 of 793
==77181==    at 0x484D953: calloc (in /usr/libexec/valgrind/vgpreload_memcheck-amd64-linux.so)
==77181==    by 0x723DE9: __mn_alloc (in /mnt/c/Users/Juan/Documents/GitHub/Mapanare/mapanare/self/mnc-stage1)
==77181==    by 0x7245AB: __mn_str_from_parts (in /mnt/c/Users/Juan/Documents/GitHub/Mapanare/mapanare/self/mnc-stage1)
==77181==    by 0x41FA6B: lexer__scan_ident (in /mnt/c/Users/Juan/Documents/GitHub/Mapanare/mapanare/self/mnc-stage1)
==77181==    by 0x6A79C6F: ???
==77181==    by 0x8000000000000002: ???
==77181==    by 0x6A733D7: ???
==77181==    by 0x4: ???
==77181==    by 0x3: ???
==77181==    by 0x6A7751F: ???
==77181==    by 0x8000000000000000: ???
==77181==    by 0x4: ???
==77181==    by 0x4F: ???
==77181== 
==77181== 2 bytes in 1 blocks are definitely lost in loss record 16 of 793
==77181==    at 0x484D953: calloc (in /usr/libexec/valgrind/vgpreload_memcheck-amd64-linux.so)
==77181==    by 0x723DE9: __mn_alloc (in /mnt/c/Users/Juan/Documents/GitHub/Mapanare/mapanare/self/mnc-stage1)
==77181==    by 0x7245AB: __mn_str_from_parts (in /mnt/c/Users/Juan/Documents/GitHub/Mapanare/mapanare/self/mnc-stage1)
==77181==    by 0x41FA6B: lexer__scan_ident (in /mnt/c/Users/Juan/Documents/GitHub/Mapanare/mapanare/self/mnc-stage1)
==77181==    by 0x6A79D0F: ???
==77181==    by 0x8000000000000003: ???
==77181==    by 0x6A733D7: ???
==77181==    by 0x4: ???
==77181==    by 0x3: ???
==77181==    by 0x6A7751F: ???
==77181==    by 0x8000000000000000: ???
==77181==    by 0x4: ???
==77181==    by 0x4F: ???
==77181== 
==77181== 2 bytes in 1 blocks are definitely lost in loss record 17 of 793
==77181==    at 0x484D953: calloc (in /usr/libexec/valgrind/vgpreload_memcheck-amd64-linux.so)
==77181==    by 0x723DE9: __mn_alloc (in /mnt/c/Users/Juan/Documents/GitHub/Mapanare/mapanare/self/mnc-stage1)
==77181==    by 0x7245AB: __mn_str_from_parts (in /mnt/c/Users/Juan/Documents/GitHub/Mapanare/mapanare/self/mnc-stage1)
==77181==    by 0x41FA6B: lexer__scan_ident (in /mnt/c/Users/Juan/Documents/GitHub/Mapanare/mapanare/self/mnc-stage1)
==77181==    by 0x6A79DAF: ???
==77181==    by 0x8000000000000004: ???
==77181==    by 0x6A733D7: ???
==77181==    by 0x4: ???
==77181==    by 0x3: ???
==77181==    by 0x6A7751F: ???
==77181==    by 0x8000000000000000: ???
==77181==    by 0x4: ???
==77181==    by 0x4F: ???
==77181== 
==77181== 2 bytes in 1 blocks are definitely lost in loss record 18 of 793
==77181==    at 0x484D953: calloc (in /usr/libexec/valgrind/vgpreload_memcheck-amd64-linux.so)
==77181==    by 0x723DE9: __mn_alloc (in /mnt/c/Users/Juan/Documents/GitHub/Mapanare/mapanare/self/mnc-stage1)
==77181==    by 0x7245AB: __mn_str_from_parts (in /mnt/c/Users/Juan/Documents/GitHub/Mapanare/mapanare/self/mnc-stage1)
==77181==    by 0x41FA6B: lexer__scan_ident (in /mnt/c/Users/Juan/Documents/GitHub/Mapanare/mapanare/self/mnc-stage1)
==77181==    by 0x6A7A07F: ???
==77181==    by 0x8000000000000000: ???
==77181==    by 0x6A733D7: ???
==77181==    by 0xB: ???
==77181==    by 0x3: ???
==77181==    by 0x6A7751F: ???
==77181==    by 0x8000000000000000: ???
==77181==    by 0xB: ???
==77181==    by 0x56: ???
==77181== 
==77181== 2 bytes in 1 blocks are definitely lost in loss record 19 of 793
==77181==    at 0x484D953: calloc (in /usr/libexec/valgrind/vgpreload_memcheck-amd64-linux.so)
==77181==    by 0x723DE9: __mn_alloc (in /mnt/c/Users/Juan/Documents/GitHub/Mapanare/mapanare/self/mnc-stage1)
==77181==    by 0x7245AB: __mn_str_from_parts (in /mnt/c/Users/Juan/Documents/GitHub/Mapanare/mapanare/self/mnc-stage1)
==77181==    by 0x41FA6B: lexer__scan_ident (in /mnt/c/Users/Juan/Documents/GitHub/Mapanare/mapanare/self/mnc-stage1)
==77181==    by 0x6A7A83F: ???
==77181==    by 0x8000000000000000: ???
==77181==    by 0x6A733D7: ???
==77181== 
==77181== 2 bytes in 1 blocks are definitely lost in loss record 20 of 793
==77181==    at 0x484D953: calloc (in /usr/libexec/valgrind/vgpreload_memcheck-amd64-linux.so)
==77181==    by 0x723DE9: __mn_alloc (in /mnt/c/Users/Juan/Documents/GitHub/Mapanare/mapanare/self/mnc-stage1)
==77181==    by 0x7245AB: __mn_str_from_parts (in /mnt/c/Users/Juan/Documents/GitHub/Mapanare/mapanare/self/mnc-stage1)
==77181==    by 0x41FA6B: lexer__scan_ident (in /mnt/c/Users/Juan/Documents/GitHub/Mapanare/mapanare/self/mnc-stage1)
==77181==    by 0x6A7A8DF: ???
==77181==    by 0x8000000000000001: ???
==77181==    by 0x6A733D7: ???
==77181== 
==77181== 2 bytes in 1 blocks are definitely lost in loss record 21 of 793
==77181==    at 0x484D953: calloc (in /usr/libexec/valgrind/vgpreload_memcheck-amd64-linux.so)
==77181==    by 0x723DE9: __mn_alloc (in /mnt/c/Users/Juan/Documents/GitHub/Mapanare/mapanare/self/mnc-stage1)
==77181==    by 0x7245AB: __mn_str_from_parts (in /mnt/c/Users/Juan/Documents/GitHub/Mapanare/mapanare/self/mnc-stage1)
==77181==    by 0x41FA6B: lexer__scan_ident (in /mnt/c/Users/Juan/Documents/GitHub/Mapanare/mapanare/self/mnc-stage1)
==77181==    by 0x6A7A97F: ???
==77181==    by 0x8000000000000002: ???
==77181==    by 0x6A733D7: ???
==77181== 
==77181== 2 bytes in 1 blocks are definitely lost in loss record 22 of 793
==77181==    at 0x484D953: calloc (in /usr/libexec/valgrind/vgpreload_memcheck-amd64-linux.so)
==77181==    by 0x723DE9: __mn_alloc (in /mnt/c/Users/Juan/Documents/GitHub/Mapanare/mapanare/self/mnc-stage1)
==77181==    by 0x7245AB: __mn_str_from_parts (in /mnt/c/Users/Juan/Documents/GitHub/Mapanare/mapanare/self/mnc-stage1)
==77181==    by 0x41FA6B: lexer__scan_ident (in /mnt/c/Users/Juan/Documents/GitHub/Mapanare/mapanare/self/mnc-stage1)
==77181==    by 0x6A7AA1F: ???
==77181==    by 0x8000000000000003: ???
==77181==    by 0x6A733D7: ???
==77181== 
==77181== 2 bytes in 1 blocks are definitely lost in loss record 23 of 793
==77181==    at 0x484D953: calloc (in /usr/libexec/valgrind/vgpreload_memcheck-amd64-linux.so)
==77181==    by 0x723DE9: __mn_alloc (in /mnt/c/Users/Juan/Documents/GitHub/Mapanare/mapanare/self/mnc-stage1)
==77181==    by 0x7245AB: __mn_str_from_parts (in /mnt/c/Users/Juan/Documents/GitHub/Mapanare/mapanare/self/mnc-stage1)
==77181==    by 0x41FA6B: lexer__scan_ident (in /mnt/c/Users/Juan/Documents/GitHub/Mapanare/mapanare/self/mnc-stage1)
==77181==    by 0x6A7AC9F: ???
==77181==    by 0x8000000000000000: ???
==77181==    by 0x6A733D7: ???
==77181==    by 0x5: ???
==77181==    by 0x6: ???
==77181==    by 0x6A7751F: ???
==77181==    by 0x8000000000000000: ???
==77181==    by 0x5: ???
==77181==    by 0x60: ???
==77181== 
==77181== 2 bytes in 1 blocks are definitely lost in loss record 24 of 793
==77181==    at 0x484D953: calloc (in /usr/libexec/valgrind/vgpreload_memcheck-amd64-linux.so)
==77181==    by 0x723DE9: __mn_alloc (in /mnt/c/Users/Juan/Documents/GitHub/Mapanare/mapanare/self/mnc-stage1)
==77181==    by 0x7245AB: __mn_str_from_parts (in /mnt/c/Users/Juan/Documents/GitHub/Mapanare/mapanare/self/mnc-stage1)
==77181==    by 0x41FA6B: lexer__scan_ident (in /mnt/c/Users/Juan/Documents/GitHub/Mapanare/mapanare/self/mnc-stage1)
==77181==    by 0x6A7AF6F: ???
==77181==    by 0x8000000000000000: ???
==77181==    by 0x6A733D7: ???
==77181==    by 0x8: ???
==77181==    by 0x6: ???
==77181==    by 0x6A7751F: ???
==77181==    by 0x8000000000000000: ???
==77181==    by 0x8: ???
==77181==    by 0x63: ???
==77181== 
==77181== 2 bytes in 1 blocks are definitely lost in loss record 25 of 793
==77181==    at 0x484D953: calloc (in /usr/libexec/valgrind/vgpreload_memcheck-amd64-linux.so)
==77181==    by 0x723DE9: __mn_alloc (in /mnt/c/Users/Juan/Documents/GitHub/Mapanare/mapanare/self/mnc-stage1)
==77181==    by 0x7245AB: __mn_str_from_parts (in /mnt/c/Users/Juan/Documents/GitHub/Mapanare/mapanare/self/mnc-stage1)
==77181==    by 0x41FA6B: lexer__scan_ident (in /mnt/c/Users/Juan/Documents/GitHub/Mapanare/mapanare/self/mnc-stage1)
==77181==    by 0x6A7B00F: ???
==77181==    by 0x8000000000000001: ???
==77181==    by 0x6A733D7: ???
==77181==    by 0x8: ???
==77181==    by 0x6: ???
==77181==    by 0x6A7751F: ???
==77181==    by 0x8000000000000000: ???
==77181==    by 0x8: ???
==77181==    by 0x63: ???
==77181== 
==77181== 2 bytes in 1 blocks are definitely lost in loss record 26 of 793
==77181==    at 0x484D953: calloc (in /usr/libexec/valgrind/vgpreload_memcheck-amd64-linux.so)
==77181==    by 0x723DE9: __mn_alloc (in /mnt/c/Users/Juan/Documents/GitHub/Mapanare/mapanare/self/mnc-stage1)
==77181==    by 0x7245AB: __mn_str_from_parts (in /mnt/c/Users/Juan/Documents/GitHub/Mapanare/mapanare/self/mnc-stage1)
==77181==    by 0x41FA6B: lexer__scan_ident (in /mnt/c/Users/Juan/Documents/GitHub/Mapanare/mapanare/self/mnc-stage1)
==77181==    by 0x6A7B0AF: ???
==77181==    by 0x8000000000000002: ???
==77181==    by 0x6A733D7: ???
==77181==    by 0x8: ???
==77181==    by 0x6: ???
==77181==    by 0x6A7751F: ???
==77181==    by 0x8000000000000000: ???
==77181==    by 0x8: ???
==77181==    by 0x63: ???
==77181== 
==77181== 2 bytes in 1 blocks are definitely lost in loss record 27 of 793
==77181==    at 0x484D953: calloc (in /usr/libexec/valgrind/vgpreload_memcheck-amd64-linux.so)
==77181==    by 0x723DE9: __mn_alloc (in /mnt/c/Users/Juan/Documents/GitHub/Mapanare/mapanare/self/mnc-stage1)
==77181==    by 0x7245AB: __mn_str_from_parts (in /mnt/c/Users/Juan/Documents/GitHub/Mapanare/mapanare/self/mnc-stage1)
==77181==    by 0x41FA6B: lexer__scan_ident (in /mnt/c/Users/Juan/Documents/GitHub/Mapanare/mapanare/self/mnc-stage1)
==77181==    by 0x6A7B32F: ???
==77181==    by 0x8000000000000000: ???
==77181==    by 0x6A733D7: ???
==77181==    by 0xC: ???
==77181==    by 0x6: ???
==77181==    by 0x6A7751F: ???
==77181==    by 0x8000000000000000: ???
==77181==    by 0xC: ???
==77181==    by 0x67: ???
==77181== 
==77181== 2 bytes in 1 blocks are definitely lost in loss record 28 of 793
==77181==    at 0x484D953: calloc (in /usr/libexec/valgrind/vgpreload_memcheck-amd64-linux.so)
==77181==    by 0x723DE9: __mn_alloc (in /mnt/c/Users/Juan/Documents/GitHub/Mapanare/mapanare/self/mnc-stage1)
==77181==    by 0x7245AB: __mn_str_from_parts (in /mnt/c/Users/Juan/Documents/GitHub/Mapanare/mapanare/self/mnc-stage1)
==77181==    by 0x41FA6B: lexer__scan_ident (in /mnt/c/Users/Juan/Documents/GitHub/Mapanare/mapanare/self/mnc-stage1)
==77181==    by 0x6A7C0CF: ???
==77181==    by 0x8000000000000000: ???
==77181==    by 0x6A733D7: ???
==77181==    by 0x4: ???
==77181==    by 0x7: ???
==77181==    by 0x6A7751F: ???
==77181==    by 0x8000000000000000: ???
==77181==    by 0x4: ???
==77181==    by 0x70: ???
==77181== 
==77181== 2 bytes in 1 blocks are definitely lost in loss record 29 of 793
==77181==    at 0x484D953: calloc (in /usr/libexec/valgrind/vgpreload_memcheck-amd64-linux.so)
==77181==    by 0x723DE9: __mn_alloc (in /mnt/c/Users/Juan/Documents/GitHub/Mapanare/mapanare/self/mnc-stage1)
==77181==    by 0x7245AB: __mn_str_from_parts (in /mnt/c/Users/Juan/Documents/GitHub/Mapanare/mapanare/self/mnc-stage1)
==77181==    by 0x41FA6B: lexer__scan_ident (in /mnt/c/Users/Juan/Documents/GitHub/Mapanare/mapanare/self/mnc-stage1)
==77181==    by 0x6A7C16F: ???
==77181==    by 0x8000000000000001: ???
==77181==    by 0x6A733D7: ???
==77181==    by 0x4: ???
==77181==    by 0x7: ???
==77181==    by 0x6A7751F: ???
==77181==    by 0x8000000000000000: ???
==77181==    by 0x4: ???
==77181==    by 0x70: ???
==77181== 
==77181== 2 bytes in 1 blocks are definitely lost in loss record 30 of 793
==77181==    at 0x484D953: calloc (in /usr/libexec/valgrind/vgpreload_memcheck-amd64-linux.so)
==77181==    by 0x723DE9: __mn_alloc (in /mnt/c/Users/Juan/Documents/GitHub/Mapanare/mapanare/self/mnc-stage1)
==77181==    by 0x7245AB: __mn_str_from_parts (in /mnt/c/Users/Juan/Documents/GitHub/Mapanare/mapanare/self/mnc-stage1)
==77181==    by 0x41FA6B: lexer__scan_ident (in /mnt/c/Users/Juan/Documents/GitHub/Mapanare/mapanare/self/mnc-stage1)
==77181==    by 0x6A7C34F: ???
==77181==    by 0x8000000000000000: ???
==77181==    by 0x6A733D7: ???
==77181==    by 0x7: ???
==77181==    by 0x7: ???
==77181==    by 0x6A7751F: ???
==77181==    by 0x8000000000000000: ???
==77181==    by 0x7: ???
==77181==    by 0x73: ???
==77181== 
==77181== 2 bytes in 1 blocks are definitely lost in loss record 31 of 793
==77181==    at 0x484D953: calloc (in /usr/libexec/valgrind/vgpreload_memcheck-amd64-linux.so)
==77181==    by 0x723DE9: __mn_alloc (in /mnt/c/Users/Juan/Documents/GitHub/Mapanare/mapanare/self/mnc-stage1)
==77181==    by 0x7245AB: __mn_str_from_parts (in /mnt/c/Users/Juan/Documents/GitHub/Mapanare/mapanare/self/mnc-stage1)
==77181==    by 0x41FA6B: lexer__scan_ident (in /mnt/c/Users/Juan/Documents/GitHub/Mapanare/mapanare/self/mnc-stage1)
==77181==    by 0x6A7C3EF: ???
==77181==    by 0x8000000000000001: ???
==77181==    by 0x6A733D7: ???
==77181==    by 0x7: ???
==77181==    by 0x7: ???
==77181==    by 0x6A7751F: ???
==77181==    by 0x8000000000000000: ???
==77181==    by 0x7: ???
==77181==    by 0x73: ???
==77181== 
==77181== 2 bytes in 1 blocks are definitely lost in loss record 32 of 793
==77181==    at 0x484D953: calloc (in /usr/libexec/valgrind/vgpreload_memcheck-amd64-linux.so)
==77181==    by 0x723DE9: __mn_alloc (in /mnt/c/Users/Juan/Documents/GitHub/Mapanare/mapanare/self/mnc-stage1)
==77181==    by 0x7245AB: __mn_str_from_parts (in /mnt/c/Users/Juan/Documents/GitHub/Mapanare/mapanare/self/mnc-stage1)
==77181==    by 0x41FA6B: lexer__scan_ident (in /mnt/c/Users/Juan/Documents/GitHub/Mapanare/mapanare/self/mnc-stage1)
==77181==    by 0x6A7C48F: ???
==77181==    by 0x8000000000000002: ???
==77181==    by 0x6A733D7: ???
==77181==    by 0x7: ???
==77181==    by 0x7: ???
==77181==    by 0x6A7751F: ???
==77181==    by 0x8000000000000000: ???
==77181==    by 0x7: ???
==77181==    by 0x73: ???
==77181== 
==77181== 2 bytes in 1 blocks are definitely lost in loss record 33 of 793
==77181==    at 0x484D953: calloc (in /usr/libexec/valgrind/vgpreload_memcheck-amd64-linux.so)
==77181==    by 0x723DE9: __mn_alloc (in /mnt/c/Users/Juan/Documents/GitHub/Mapanare/mapanare/self/mnc-stage1)
==77181==    by 0x7245AB: __mn_str_from_parts (in /mnt/c/Users/Juan/Documents/GitHub/Mapanare/mapanare/self/mnc-stage1)
==77181==    by 0x41FA6B: lexer__scan_ident (in /mnt/c/Users/Juan/Documents/GitHub/Mapanare/mapanare/self/mnc-stage1)
==77181==    by 0x6A7C70F: ???
==77181==    by 0x8000000000000000: ???
==77181==    by 0x6A733D7: ???
==77181==    by 0xB: ???
==77181==    by 0x7: ???
==77181==    by 0x6A7751F: ???
==77181==    by 0x8000000000000000: ???
==77181==    by 0xB: ???
==77181==    by 0x77: ???
==77181== 
==77181== 2 bytes in 1 blocks are definitely lost in loss record 34 of 793
==77181==    at 0x484D953: calloc (in /usr/libexec/valgrind/vgpreload_memcheck-amd64-linux.so)
==77181==    by 0x723DE9: __mn_alloc (in /mnt/c/Users/Juan/Documents/GitHub/Mapanare/mapanare/self/mnc-stage1)
==77181==    by 0x7245AB: __mn_str_from_parts (in /mnt/c/Users/Juan/Documents/GitHub/Mapanare/mapanare/self/mnc-stage1)
==77181==    by 0x41FA6B: lexer__scan_ident (in /mnt/c/Users/Juan/Documents/GitHub/Mapanare/mapanare/self/mnc-stage1)
==77181==    by 0x6A7C7AF: ???
==77181==    by 0x8000000000000001: ???
==77181==    by 0x6A733D7: ???
==77181==    by 0xB: ???
==77181==    by 0x7: ???
==77181==    by 0x6A7751F: ???
==77181==    by 0x8000000000000000: ???
==77181==    by 0xB: ???
==77181==    by 0x77: ???
==77181== 
==77181== 2 bytes in 1 blocks are definitely lost in loss record 35 of 793
==77181==    at 0x484D953: calloc (in /usr/libexec/valgrind/vgpreload_memcheck-amd64-linux.so)
==77181==    by 0x723DE9: __mn_alloc (in /mnt/c/Users/Juan/Documents/GitHub/Mapanare/mapanare/self/mnc-stage1)
==77181==    by 0x7245AB: __mn_str_from_parts (in /mnt/c/Users/Juan/Documents/GitHub/Mapanare/mapanare/self/mnc-stage1)
==77181==    by 0x41FA6B: lexer__scan_ident (in /mnt/c/Users/Juan/Documents/GitHub/Mapanare/mapanare/self/mnc-stage1)
==77181==    by 0x6A7C84F: ???
==77181==    by 0x8000000000000002: ???
==77181==    by 0x6A733D7: ???
==77181==    by 0xB: ???
==77181==    by 0x7: ???
==77181==    by 0x6A7751F: ???
==77181==    by 0x8000000000000000: ???
==77181==    by 0xB: ???
==77181==    by 0x77: ???
==77181== 
==77181== 2 bytes in 1 blocks are definitely lost in loss record 36 of 793
==77181==    at 0x484D953: calloc (in /usr/libexec/valgrind/vgpreload_memcheck-amd64-linux.so)
==77181==    by 0x723DE9: __mn_alloc (in /mnt/c/Users/Juan/Documents/GitHub/Mapanare/mapanare/self/mnc-stage1)
==77181==    by 0x7245AB: __mn_str_from_parts (in /mnt/c/Users/Juan/Documents/GitHub/Mapanare/mapanare/self/mnc-stage1)
==77181==    by 0x41FA6B: lexer__scan_ident (in /mnt/c/Users/Juan/Documents/GitHub/Mapanare/mapanare/self/mnc-stage1)
==77181==    by 0x6A7C8EF: ???
==77181==    by 0x8000000000000003: ???
==77181==    by 0x6A733D7: ???
==77181==    by 0xB: ???
==77181==    by 0x7: ???
==77181==    by 0x6A7751F: ???
==77181==    by 0x8000000000000000: ???
==77181==    by 0xB: ???
==77181==    by 0x77: ???
==77181== 
==77181== 2 bytes in 1 blocks are definitely lost in loss record 37 of 793
==77181==    at 0x484D953: calloc (in /usr/libexec/valgrind/vgpreload_memcheck-amd64-linux.so)
==77181==    by 0x723DE9: __mn_alloc (in /mnt/c/Users/Juan/Documents/GitHub/Mapanare/mapanare/self/mnc-stage1)
==77181==    by 0x7245AB: __mn_str_from_parts (in /mnt/c/Users/Juan/Documents/GitHub/Mapanare/mapanare/self/mnc-stage1)
==77181==    by 0x41FA6B: lexer__scan_ident (in /mnt/c/Users/Juan/Documents/GitHub/Mapanare/mapanare/self/mnc-stage1)
==77181==    by 0x6A7CCFF: ???
==77181==    by 0x8000000000000000: ???
==77181==    by 0x6A733D7: ???
==77181==    by 0x14: ???
==77181==    by 0x7: ???
==77181==    by 0x6A7751F: ???
==77181==    by 0x8000000000000000: ???
==77181==    by 0x14: ???
==77181==    by 0x80: ???
==77181== 
==77181== 2 bytes in 1 blocks are definitely lost in loss record 38 of 793
==77181==    at 0x484D953: calloc (in /usr/libexec/valgrind/vgpreload_memcheck-amd64-linux.so)
==77181==    by 0x723DE9: __mn_alloc (in /mnt/c/Users/Juan/Documents/GitHub/Mapanare/mapanare/self/mnc-stage1)
==77181==    by 0x7245AB: __mn_str_from_parts (in /mnt/c/Users/Juan/Documents/GitHub/Mapanare/mapanare/self/mnc-stage1)
==77181==    by 0x41FA6B: lexer__scan_ident (in /mnt/c/Users/Juan/Documents/GitHub/Mapanare/mapanare/self/mnc-stage1)
==77181==    by 0x6A7D29F: ???
==77181==    by 0x8000000000000000: ???
==77181==    by 0x6A733D7: ???
==77181==    by 0x8: ???
==77181==    by 0x8: ???
==77181==    by 0x6A7751F: ???
==77181==    by 0x8000000000000000: ???
==77181==    by 0x8: ???
==77181==    by 0x8C: ???
==77181== 
==77181== 2 bytes in 1 blocks are definitely lost in loss record 39 of 793
==77181==    at 0x484D953: calloc (in /usr/libexec/valgrind/vgpreload_memcheck-amd64-linux.so)
==77181==    by 0x723DE9: __mn_alloc (in /mnt/c/Users/Juan/Documents/GitHub/Mapanare/mapanare/self/mnc-stage1)
==77181==    by 0x7245AB: __mn_str_from_parts (in /mnt/c/Users/Juan/Documents/GitHub/Mapanare/mapanare/self/mnc-stage1)
==77181==    by 0x41FA6B: lexer__scan_ident (in /mnt/c/Users/Juan/Documents/GitHub/Mapanare/mapanare/self/mnc-stage1)
==77181==    by 0x6A7D33F: ???
==77181==    by 0x8000000000000001: ???
==77181==    by 0x6A733D7: ???
==77181==    by 0x8: ???
==77181==    by 0x8: ???
==77181==    by 0x6A7751F: ???
==77181==    by 0x8000000000000000: ???
==77181==    by 0x8: ???
==77181==    by 0x8C: ???
==77181== 
==77181== 2 bytes in 1 blocks are definitely lost in loss record 40 of 793
==77181==    at 0x484D953: calloc (in /usr/libexec/valgrind/vgpreload_memcheck-amd64-linux.so)
==77181==    by 0x723DE9: __mn_alloc (in /mnt/c/Users/Juan/Documents/GitHub/Mapanare/mapanare/self/mnc-stage1)
==77181==    by 0x7245AB: __mn_str_from_parts (in /mnt/c/Users/Juan/Documents/GitHub/Mapanare/mapanare/self/mnc-stage1)
==77181==    by 0x41FA6B: lexer__scan_ident (in /mnt/c/Users/Juan/Documents/GitHub/Mapanare/mapanare/self/mnc-stage1)
==77181==    by 0x6A7D3DF: ???
==77181==    by 0x8000000000000002: ???
==77181==    by 0x6A733D7: ???
==77181==    by 0x8: ???
==77181==    by 0x8: ???
==77181==    by 0x6A7751F: ???
==77181==    by 0x8000000000000000: ???
==77181==    by 0x8: ???
==77181==    by 0x8C: ???
==77181== 
==77181== 2 bytes in 1 blocks are definitely lost in loss record 41 of 793
==77181==    at 0x484D953: calloc (in /usr/libexec/valgrind/vgpreload_memcheck-amd64-linux.so)
==77181==    by 0x723DE9: __mn_alloc (in /mnt/c/Users/Juan/Documents/GitHub/Mapanare/mapanare/self/mnc-stage1)
==77181==    by 0x7245AB: __mn_str_from_parts (in /mnt/c/Users/Juan/Documents/GitHub/Mapanare/mapanare/self/mnc-stage1)
==77181==    by 0x41FA6B: lexer__scan_ident (in /mnt/c/Users/Juan/Documents/GitHub/Mapanare/mapanare/self/mnc-stage1)
==77181==    by 0x6A7D47F: ???
==77181==    by 0x8000000000000003: ???
==77181==    by 0x6A733D7: ???
==77181==    by 0x8: ???
==77181==    by 0x8: ???
==77181==    by 0x6A7751F: ???
==77181==    by 0x8000000000000000: ???
==77181==    by 0x8: ???
==77181==    by 0x8C: ???
==77181== 
==77181== 2 bytes in 1 blocks are definitely lost in loss record 42 of 793
==77181==    at 0x484D953: calloc (in /usr/libexec/valgrind/vgpreload_memcheck-amd64-linux.so)
==77181==    by 0x723DE9: __mn_alloc (in /mnt/c/Users/Juan/Documents/GitHub/Mapanare/mapanare/self/mnc-stage1)
==77181==    by 0x7245AB: __mn_str_from_parts (in /mnt/c/Users/Juan/Documents/GitHub/Mapanare/mapanare/self/mnc-stage1)
==77181==    by 0x41FA6B: lexer__scan_ident (in /mnt/c/Users/Juan/Documents/GitHub/Mapanare/mapanare/self/mnc-stage1)
==77181==    by 0x6A7D51F: ???
==77181==    by 0x8000000000000004: ???
==77181==    by 0x6A733D7: ???
==77181==    by 0x8: ???
==77181==    by 0x8: ???
==77181==    by 0x6A7751F: ???
==77181==    by 0x8000000000000000: ???
==77181==    by 0x8: ???
==77181==    by 0x8C: ???
==77181== 
==77181== 2 bytes in 1 blocks are definitely lost in loss record 43 of 793
==77181==    at 0x484D953: calloc (in /usr/libexec/valgrind/vgpreload_memcheck-amd64-linux.so)
==77181==    by 0x723DE9: __mn_alloc (in /mnt/c/Users/Juan/Documents/GitHub/Mapanare/mapanare/self/mnc-stage1)
==77181==    by 0x7245AB: __mn_str_from_parts (in /mnt/c/Users/Juan/Documents/GitHub/Mapanare/mapanare/self/mnc-stage1)
==77181==    by 0x41FA6B: lexer__scan_ident (in /mnt/c/Users/Juan/Documents/GitHub/Mapanare/mapanare/self/mnc-stage1)
==77181==    by 0x6A7D5BF: ???
==77181==    by 0x8000000000000005: ???
==77181==    by 0x6A733D7: ???
==77181==    by 0x8: ???
==77181==    by 0x8: ???
==77181==    by 0x6A7751F: ???
==77181==    by 0x8000000000000000: ???
==77181==    by 0x8: ???
==77181==    by 0x8C: ???
==77181== 
==77181== 2 bytes in 1 blocks are definitely lost in loss record 44 of 793
==77181==    at 0x484D953: calloc (in /usr/libexec/valgrind/vgpreload_memcheck-amd64-linux.so)
==77181==    by 0x723DE9: __mn_alloc (in /mnt/c/Users/Juan/Documents/GitHub/Mapanare/mapanare/self/mnc-stage1)
==77181==    by 0x7245AB: __mn_str_from_parts (in /mnt/c/Users/Juan/Documents/GitHub/Mapanare/mapanare/self/mnc-stage1)
==77181==    by 0x41FA6B: lexer__scan_ident (in /mnt/c/Users/Juan/Documents/GitHub/Mapanare/mapanare/self/mnc-stage1)
==77181==    by 0x6A7D79F: ???
==77181==    by 0x8000000000000000: ???
==77181==    by 0x6A733D7: ???
==77181==    by 0xF: ???
==77181==    by 0x8: ???
==77181==    by 0x6A7751F: ???
==77181==    by 0x8000000000000000: ???
==77181==    by 0xF: ???
==77181==    by 0x93: ???
==77181== 
==77181== 2 bytes in 1 blocks are definitely lost in loss record 45 of 793
==77181==    at 0x484D953: calloc (in /usr/libexec/valgrind/vgpreload_memcheck-amd64-linux.so)
==77181==    by 0x723DE9: __mn_alloc (in /mnt/c/Users/Juan/Documents/GitHub/Mapanare/mapanare/self/mnc-stage1)
==77181==    by 0x7245AB: __mn_str_from_parts (in /mnt/c/Users/Juan/Documents/GitHub/Mapanare/mapanare/self/mnc-stage1)
==77181==    by 0x41FA6B: lexer__scan_ident (in /mnt/c/Users/Juan/Documents/GitHub/Mapanare/mapanare/self/mnc-stage1)
==77181==    by 0x6A7D83F: ???
==77181==    by 0x8000000000000001: ???
==77181==    by 0x6A733D7: ???
==77181==    by 0xF: ???
==77181==    by 0x8: ???
==77181==    by 0x6A7751F: ???
==77181==    by 0x8000000000000000: ???
==77181==    by 0xF: ???
==77181==    by 0x93: ???
==77181== 
==77181== 2 bytes in 1 blocks are definitely lost in loss record 46 of 793
==77181==    at 0x484D953: calloc (in /usr/libexec/valgrind/vgpreload_memcheck-amd64-linux.so)
==77181==    by 0x723DE9: __mn_alloc (in /mnt/c/Users/Juan/Documents/GitHub/Mapanare/mapanare/self/mnc-stage1)
==77181==    by 0x7245AB: __mn_str_from_parts (in /mnt/c/Users/Juan/Documents/GitHub/Mapanare/mapanare/self/mnc-stage1)
==77181==    by 0x41FA6B: lexer__scan_ident (in /mnt/c/Users/Juan/Documents/GitHub/Mapanare/mapanare/self/mnc-stage1)
==77181==    by 0x6A7D8DF: ???
==77181==    by 0x8000000000000002: ???
==77181==    by 0x6A733D7: ???
==77181==    by 0xF: ???
==77181==    by 0x8: ???
==77181==    by 0x6A7751F: ???
==77181==    by 0x8000000000000000: ???
==77181==    by 0xF: ???
==77181==    by 0x93: ???
==77181== 
==77181== 2 bytes in 1 blocks are definitely lost in loss record 47 of 793
==77181==    at 0x484D953: calloc (in /usr/libexec/valgrind/vgpreload_memcheck-amd64-linux.so)
==77181==    by 0x723DE9: __mn_alloc (in /mnt/c/Users/Juan/Documents/GitHub/Mapanare/mapanare/self/mnc-stage1)
==77181==    by 0x7245AB: __mn_str_from_parts (in /mnt/c/Users/Juan/Documents/GitHub/Mapanare/mapanare/self/mnc-stage1)
==77181==    by 0x41FA6B: lexer__scan_ident (in /mnt/c/Users/Juan/Documents/GitHub/Mapanare/mapanare/self/mnc-stage1)
==77181==    by 0x6A7D97F: ???
==77181==    by 0x8000000000000003: ???
==77181==    by 0x6A733D7: ???
==77181==    by 0xF: ???
==77181==    by 0x8: ???
==77181==    by 0x6A7751F: ???
==77181==    by 0x8000000000000000: ???
==77181==    by 0xF: ???
==77181==    by 0x93: ???
==77181== 
==77181== 2 bytes in 1 blocks are definitely lost in loss record 48 of 793
==77181==    at 0x484D953: calloc (in /usr/libexec/valgrind/vgpreload_memcheck-amd64-linux.so)
==77181==    by 0x723DE9: __mn_alloc (in /mnt/c/Users/Juan/Documents/GitHub/Mapanare/mapanare/self/mnc-stage1)
==77181==    by 0x7245AB: __mn_str_from_parts (in /mnt/c/Users/Juan/Documents/GitHub/Mapanare/mapanare/self/mnc-stage1)
==77181==    by 0x41FA6B: lexer__scan_ident (in /mnt/c/Users/Juan/Documents/GitHub/Mapanare/mapanare/self/mnc-stage1)
==77181==    by 0x6A7DBFF: ???
==77181==    by 0x8000000000000000: ???
==77181==    by 0x6A733D7: ???
==77181==    by 0x14: ???
==77181==    by 0x8: ???
==77181==    by 0x6A7751F: ???
==77181==    by 0x8000000000000000: ???
==77181==    by 0x14: ???
==77181==    by 0x98: ???
==77181== 
==77181== 2 bytes in 1 blocks are definitely lost in loss record 49 of 793
==77181==    at 0x484D953: calloc (in /usr/libexec/valgrind/vgpreload_memcheck-amd64-linux.so)
==77181==    by 0x723DE9: __mn_alloc (in /mnt/c/Users/Juan/Documents/GitHub/Mapanare/mapanare/self/mnc-stage1)
==77181==    by 0x7245AB: __mn_str_from_parts (in /mnt/c/Users/Juan/Documents/GitHub/Mapanare/mapanare/self/mnc-stage1)
==77181==    by 0x41FA6B: lexer__scan_ident (in /mnt/c/Users/Juan/Documents/GitHub/Mapanare/mapanare/self/mnc-stage1)
==77181==    by 0x6A7DC9F: ???
==77181==    by 0x8000000000000001: ???
==77181==    by 0x6A733D7: ???
==77181==    by 0x14: ???
==77181==    by 0x8: ???
==77181==    by 0x6A7751F: ???
==77181==    by 0x8000000000000000: ???
==77181==    by 0x14: ???
==77181==    by 0x98: ???
==77181== 
==77181== 2 bytes in 1 blocks are definitely lost in loss record 50 of 793
==77181==    at 0x484D953: calloc (in /usr/libexec/valgrind/vgpreload_memcheck-amd64-linux.so)
==77181==    by 0x723DE9: __mn_alloc (in /mnt/c/Users/Juan/Documents/GitHub/Mapanare/mapanare/self/mnc-stage1)
==77181==    by 0x7245AB: __mn_str_from_parts (in /mnt/c/Users/Juan/Documents/GitHub/Mapanare/mapanare/self/mnc-stage1)
==77181==    by 0x41FA6B: lexer__scan_ident (in /mnt/c/Users/Juan/Documents/GitHub/Mapanare/mapanare/self/mnc-stage1)
==77181==    by 0x6A7DD3F: ???
==77181==    by 0x8000000000000002: ???
==77181==    by 0x6A733D7: ???
==77181==    by 0x14: ???
==77181==    by 0x8: ???
==77181==    by 0x6A7751F: ???
==77181==    by 0x8000000000000000: ???
==77181==    by 0x14: ???
==77181==    by 0x98: ???
==77181== 
==77181== 2 bytes in 1 blocks are definitely lost in loss record 51 of 793
==77181==    at 0x484D953: calloc (in /usr/libexec/valgrind/vgpreload_memcheck-amd64-linux.so)
==77181==    by 0x723DE9: __mn_alloc (in /mnt/c/Users/Juan/Documents/GitHub/Mapanare/mapanare/self/mnc-stage1)
==77181==    by 0x7245AB: __mn_str_from_parts (in /mnt/c/Users/Juan/Documents/GitHub/Mapanare/mapanare/self/mnc-stage1)
==77181==    by 0x41FA6B: lexer__scan_ident (in /mnt/c/Users/Juan/Documents/GitHub/Mapanare/mapanare/self/mnc-stage1)
==77181==    by 0x6A7DDDF: ???
==77181==    by 0x8000000000000003: ???
==77181==    by 0x6A733D7: ???
==77181==    by 0x14: ???
==77181==    by 0x8: ???
==77181==    by 0x6A7751F: ???
==77181==    by 0x8000000000000000: ???
==77181==    by 0x14: ???
==77181==    by 0x98: ???
==77181== 
==77181== 2 bytes in 1 blocks are definitely lost in loss record 52 of 793
==77181==    at 0x484D953: calloc (in /usr/libexec/valgrind/vgpreload_memcheck-amd64-linux.so)
==77181==    by 0x723DE9: __mn_alloc (in /mnt/c/Users/Juan/Documents/GitHub/Mapanare/mapanare/self/mnc-stage1)
==77181==    by 0x7245AB: __mn_str_from_parts (in /mnt/c/Users/Juan/Documents/GitHub/Mapanare/mapanare/self/mnc-stage1)
==77181==    by 0x41FA6B: lexer__scan_ident (in /mnt/c/Users/Juan/Documents/GitHub/Mapanare/mapanare/self/mnc-stage1)
==77181==    by 0x6A7DE7F: ???
==77181==    by 0x8000000000000004: ???
==77181==    by 0x6A733D7: ???
==77181==    by 0x14: ???
==77181==    by 0x8: ???
==77181==    by 0x6A7751F: ???
==77181==    by 0x8000000000000000: ???
==77181==    by 0x14: ???
==77181==    by 0x98: ???
==77181== 
==77181== 2 bytes in 1 blocks are definitely lost in loss record 53 of 793
==77181==    at 0x484D953: calloc (in /usr/libexec/valgrind/vgpreload_memcheck-amd64-linux.so)
==77181==    by 0x723DE9: __mn_alloc (in /mnt/c/Users/Juan/Documents/GitHub/Mapanare/mapanare/self/mnc-stage1)
==77181==    by 0x7245AB: __mn_str_from_parts (in /mnt/c/Users/Juan/Documents/GitHub/Mapanare/mapanare/self/mnc-stage1)
==77181==    by 0x41FA6B: lexer__scan_ident (in /mnt/c/Users/Juan/Documents/GitHub/Mapanare/mapanare/self/mnc-stage1)
==77181==    by 0x6A7E46F: ???
==77181==    by 0x8000000000000000: ???
==77181==    by 0x6A733D7: ???
==77181==    by 0x4: ???
==77181==    by 0xB: ???
==77181==    by 0x6A7751F: ???
==77181==    by 0x8000000000000000: ???
==77181==    by 0x4: ???
==77181==    by 0xA9: ???
==77181== 
==77181== 2 bytes in 1 blocks are definitely lost in loss record 54 of 793
==77181==    at 0x484D953: calloc (in /usr/libexec/valgrind/vgpreload_memcheck-amd64-linux.so)
==77181==    by 0x723DE9: __mn_alloc (in /mnt/c/Users/Juan/Documents/GitHub/Mapanare/mapanare/self/mnc-stage1)
==77181==    by 0x7245AB: __mn_str_from_parts (in /mnt/c/Users/Juan/Documents/GitHub/Mapanare/mapanare/self/mnc-stage1)
==77181==    by 0x41FA6B: lexer__scan_ident (in /mnt/c/Users/Juan/Documents/GitHub/Mapanare/mapanare/self/mnc-stage1)
==77181==    by 0x6A7E50F: ???
==77181==    by 0x8000000000000001: ???
==77181==    by 0x6A733D7: ???
==77181==    by 0x4: ???
==77181==    by 0xB: ???
==77181==    by 0x6A7751F: ???
==77181==    by 0x8000000000000000: ???
==77181==    by 0x4: ???
==77181==    by 0xA9: ???
==77181== 
==77181== 2 bytes in 1 blocks are definitely lost in loss record 55 of 793
==77181==    at 0x484D953: calloc (in /usr/libexec/valgrind/vgpreload_memcheck-amd64-linux.so)
==77181==    by 0x723DE9: __mn_alloc (in /mnt/c/Users/Juan/Documents/GitHub/Mapanare/mapanare/self/mnc-stage1)
==77181==    by 0x7245AB: __mn_str_from_parts (in /mnt/c/Users/Juan/Documents/GitHub/Mapanare/mapanare/self/mnc-stage1)
==77181==    by 0x41FA6B: lexer__scan_ident (in /mnt/c/Users/Juan/Documents/GitHub/Mapanare/mapanare/self/mnc-stage1)
==77181==    by 0x6A7F73F: ???
==77181==    by 0x8000000000000000: ???
==77181==    by 0x6A733D7: ???
==77181==    by 0x7: ???
==77181==    by 0xB: ???
==77181==    by 0x6A7751F: ???
==77181==    by 0x8000000000000000: ???
==77181==    by 0x7: ???
==77181==    by 0xAC: ???
==77181== 
==77181== 2 bytes in 1 blocks are definitely lost in loss record 56 of 793
==77181==    at 0x484D953: calloc (in /usr/libexec/valgrind/vgpreload_memcheck-amd64-linux.so)
==77181==    by 0x723DE9: __mn_alloc (in /mnt/c/Users/Juan/Documents/GitHub/Mapanare/mapanare/self/mnc-stage1)
==77181==    by 0x7245AB: __mn_str_from_parts (in /mnt/c/Users/Juan/Documents/GitHub/Mapanare/mapanare/self/mnc-stage1)
==77181==    by 0x41FA6B: lexer__scan_ident (in /mnt/c/Users/Juan/Documents/GitHub/Mapanare/mapanare/self/mnc-stage1)
==77181==    by 0x6A7F7DF: ???
==77181==    by 0x8000000000000001: ???
==77181==    by 0x6A733D7: ???
==77181==    by 0x7: ???
==77181==    by 0xB: ???
==77181==    by 0x6A7751F: ???
==77181==    by 0x8000000000000000: ???
==77181==    by 0x7: ???
==77181==    by 0xAC: ???
==77181== 
==77181== 2 bytes in 1 blocks are definitely lost in loss record 57 of 793
==77181==    at 0x484D953: calloc (in /usr/libexec/valgrind/vgpreload_memcheck-amd64-linux.so)
==77181==    by 0x723DE9: __mn_alloc (in /mnt/c/Users/Juan/Documents/GitHub/Mapanare/mapanare/self/mnc-stage1)
==77181==    by 0x7245AB: __mn_str_from_parts (in /mnt/c/Users/Juan/Documents/GitHub/Mapanare/mapanare/self/mnc-stage1)
==77181==    by 0x41FA6B: lexer__scan_ident (in /mnt/c/Users/Juan/Documents/GitHub/Mapanare/mapanare/self/mnc-stage1)
==77181==    by 0x6A7F87F: ???
==77181==    by 0x8000000000000002: ???
==77181==    by 0x6A733D7: ???
==77181==    by 0x7: ???
==77181==    by 0xB: ???
==77181==    by 0x6A7751F: ???
==77181==    by 0x8000000000000000: ???
==77181==    by 0x7: ???
==77181==    by 0xAC: ???
==77181== 
==77181== 2 bytes in 1 blocks are definitely lost in loss record 58 of 793
==77181==    at 0x484D953: calloc (in /usr/libexec/valgrind/vgpreload_memcheck-amd64-linux.so)
==77181==    by 0x723DE9: __mn_alloc (in /mnt/c/Users/Juan/Documents/GitHub/Mapanare/mapanare/self/mnc-stage1)
==77181==    by 0x7245AB: __mn_str_from_parts (in /mnt/c/Users/Juan/Documents/GitHub/Mapanare/mapanare/self/mnc-stage1)
==77181==    by 0x41FA6B: lexer__scan_ident (in /mnt/c/Users/Juan/Documents/GitHub/Mapanare/mapanare/self/mnc-stage1)
==77181==    by 0x6A7FAFF: ???
==77181==    by 0x8000000000000000: ???
==77181==    by 0x6A733D7: ???
==77181==    by 0xB: ???
==77181==    by 0xB: ???
==77181==    by 0x6A7751F: ???
==77181==    by 0x8000000000000000: ???
==77181==    by 0xB: ???
==77181==    by 0xB0: ???
==77181== 
==77181== 2 bytes in 1 blocks are definitely lost in loss record 59 of 793
==77181==    at 0x484D953: calloc (in /usr/libexec/valgrind/vgpreload_memcheck-amd64-linux.so)
==77181==    by 0x723DE9: __mn_alloc (in /mnt/c/Users/Juan/Documents/GitHub/Mapanare/mapanare/self/mnc-stage1)
==77181==    by 0x7245AB: __mn_str_from_parts (in /mnt/c/Users/Juan/Documents/GitHub/Mapanare/mapanare/self/mnc-stage1)
==77181==    by 0x41FA6B: lexer__scan_ident (in /mnt/c/Users/Juan/Documents/GitHub/Mapanare/mapanare/self/mnc-stage1)
==77181==    by 0x6A7FB9F: ???
==77181==    by 0x8000000000000001: ???
==77181==    by 0x6A733D7: ???
==77181==    by 0xB: ???
==77181==    by 0xB: ???
==77181==    by 0x6A7751F: ???
==77181==    by 0x8000000000000000: ???
==77181==    by 0xB: ???
==77181==    by 0xB0: ???
==77181== 
==77181== 2 bytes in 1 blocks are definitely lost in loss record 60 of 793
==77181==    at 0x484D953: calloc (in /usr/libexec/valgrind/vgpreload_memcheck-amd64-linux.so)
==77181==    by 0x723DE9: __mn_alloc (in /mnt/c/Users/Juan/Documents/GitHub/Mapanare/mapanare/self/mnc-stage1)
==77181==    by 0x7245AB: __mn_str_from_parts (in /mnt/c/Users/Juan/Documents/GitHub/Mapanare/mapanare/self/mnc-stage1)
==77181==    by 0x41FA6B: lexer__scan_ident (in /mnt/c/Users/Juan/Documents/GitHub/Mapanare/mapanare/self/mnc-stage1)
==77181==    by 0x6A7FC3F: ???
==77181==    by 0x8000000000000002: ???
==77181==    by 0x6A733D7: ???
==77181==    by 0xB: ???
==77181==    by 0xB: ???
==77181==    by 0x6A7751F: ???
==77181==    by 0x8000000000000000: ???
==77181==    by 0xB: ???
==77181==    by 0xB0: ???
==77181== 
==77181== 2 bytes in 1 blocks are definitely lost in loss record 61 of 793
==77181==    at 0x484D953: calloc (in /usr/libexec/valgrind/vgpreload_memcheck-amd64-linux.so)
==77181==    by 0x723DE9: __mn_alloc (in /mnt/c/Users/Juan/Documents/GitHub/Mapanare/mapanare/self/mnc-stage1)
==77181==    by 0x7245AB: __mn_str_from_parts (in /mnt/c/Users/Juan/Documents/GitHub/Mapanare/mapanare/self/mnc-stage1)
==77181==    by 0x41FA6B: lexer__scan_ident (in /mnt/c/Users/Juan/Documents/GitHub/Mapanare/mapanare/self/mnc-stage1)
==77181==    by 0x6A7FCDF: ???
==77181==    by 0x8000000000000003: ???
==77181==    by 0x6A733D7: ???
==77181==    by 0xB: ???
==77181==    by 0xB: ???
==77181==    by 0x6A7751F: ???
==77181==    by 0x8000000000000000: ???
==77181==    by 0xB: ???
==77181==    by 0xB0: ???
==77181== 
==77181== 2 bytes in 1 blocks are definitely lost in loss record 62 of 793
==77181==    at 0x484D953: calloc (in /usr/libexec/valgrind/vgpreload_memcheck-amd64-linux.so)
==77181==    by 0x723DE9: __mn_alloc (in /mnt/c/Users/Juan/Documents/GitHub/Mapanare/mapanare/self/mnc-stage1)
==77181==    by 0x7245AB: __mn_str_from_parts (in /mnt/c/Users/Juan/Documents/GitHub/Mapanare/mapanare/self/mnc-stage1)
==77181==    by 0x41FA6B: lexer__scan_ident (in /mnt/c/Users/Juan/Documents/GitHub/Mapanare/mapanare/self/mnc-stage1)
==77181==    by 0x6A7FFAF: ???
==77181==    by 0x8000000000000000: ???
==77181==    by 0x6A733D7: ???
==77181==    by 0x11: ???
==77181==    by 0xB: ???
==77181==    by 0x6A7751F: ???
==77181==    by 0x8000000000000000: ???
==77181==    by 0x11: ???
==77181==    by 0xB6: ???
==77181== 
==77181== 2 bytes in 1 blocks are definitely lost in loss record 63 of 793
==77181==    at 0x484D953: calloc (in /usr/libexec/valgrind/vgpreload_memcheck-amd64-linux.so)
==77181==    by 0x723DE9: __mn_alloc (in /mnt/c/Users/Juan/Documents/GitHub/Mapanare/mapanare/self/mnc-stage1)
==77181==    by 0x7245AB: __mn_str_from_parts (in /mnt/c/Users/Juan/Documents/GitHub/Mapanare/mapanare/self/mnc-stage1)
==77181==    by 0x41FA6B: lexer__scan_ident (in /mnt/c/Users/Juan/Documents/GitHub/Mapanare/mapanare/self/mnc-stage1)
==77181==    by 0x6A8027F: ???
==77181==    by 0x8000000000000000: ???
==77181==    by 0x6A733D7: ???
==77181==    by 0x14: ???
==77181==    by 0xB: ???
==77181==    by 0x6A7751F: ???
==77181==    by 0x8000000000000000: ???
==77181==    by 0x14: ???
==77181==    by 0xB9: ???
==77181== 
==77181== 2 bytes in 1 blocks are definitely lost in loss record 64 of 793
==77181==    at 0x484D953: calloc (in /usr/libexec/valgrind/vgpreload_memcheck-amd64-linux.so)
==77181==    by 0x723DE9: __mn_alloc (in /mnt/c/Users/Juan/Documents/GitHub/Mapanare/mapanare/self/mnc-stage1)
==77181==    by 0x7245AB: __mn_str_from_parts (in /mnt/c/Users/Juan/Documents/GitHub/Mapanare/mapanare/self/mnc-stage1)
==77181==    by 0x41FA6B: lexer__scan_ident (in /mnt/c/Users/Juan/Documents/GitHub/Mapanare/mapanare/self/mnc-stage1)
==77181==    by 0x6A8068F: ???
==77181==    by 0x8000000000000000: ???
==77181==    by 0x6A733D7: ???
==77181==    by 0x1A: ???
==77181==    by 0xB: ???
==77181==    by 0x6A7751F: ???
==77181==    by 0x8000000000000000: ???
==77181==    by 0x1A: ???
==77181==    by 0xBF: ???
==77181== 
==77181== 2 bytes in 1 blocks are definitely lost in loss record 65 of 793
==77181==    at 0x484D953: calloc (in /usr/libexec/valgrind/vgpreload_memcheck-amd64-linux.so)
==77181==    by 0x723DE9: __mn_alloc (in /mnt/c/Users/Juan/Documents/GitHub/Mapanare/mapanare/self/mnc-stage1)
==77181==    by 0x7245AB: __mn_str_from_parts (in /mnt/c/Users/Juan/Documents/GitHub/Mapanare/mapanare/self/mnc-stage1)
==77181==    by 0x41FA6B: lexer__scan_ident (in /mnt/c/Users/Juan/Documents/GitHub/Mapanare/mapanare/self/mnc-stage1)
==77181==    by 0x6A80C2F: ???
==77181==    by 0x8000000000000000: ???
==77181==    by 0x6A733D7: ???
==77181==    by 0x8: ???
==77181==    by 0xC: ???
==77181==    by 0x6A7751F: ???
==77181==    by 0x8000000000000000: ???
==77181==    by 0x8: ???
==77181==    by 0xCB: ???
==77181== 
==77181== 2 bytes in 1 blocks are definitely lost in loss record 66 of 793
==77181==    at 0x484D953: calloc (in /usr/libexec/valgrind/vgpreload_memcheck-amd64-linux.so)
==77181==    by 0x723DE9: __mn_alloc (in /mnt/c/Users/Juan/Documents/GitHub/Mapanare/mapanare/self/mnc-stage1)
==77181==    by 0x7245AB: __mn_str_from_parts (in /mnt/c/Users/Juan/Documents/GitHub/Mapanare/mapanare/self/mnc-stage1)
==77181==    by 0x41FA6B: lexer__scan_ident (in /mnt/c/Users/Juan/Documents/GitHub/Mapanare/mapanare/self/mnc-stage1)
==77181==    by 0x6A80CCF: ???
==77181==    by 0x8000000000000001: ???
==77181==    by 0x6A733D7: ???
==77181==    by 0x8: ???
==77181==    by 0xC: ???
==77181==    by 0x6A7751F: ???
==77181==    by 0x8000000000000000: ???
==77181==    by 0x8: ???
==77181==    by 0xCB: ???
==77181== 
==77181== 2 bytes in 1 blocks are definitely lost in loss record 67 of 793
==77181==    at 0x484D953: calloc (in /usr/libexec/valgrind/vgpreload_memcheck-amd64-linux.so)
==77181==    by 0x723DE9: __mn_alloc (in /mnt/c/Users/Juan/Documents/GitHub/Mapanare/mapanare/self/mnc-stage1)
==77181==    by 0x7245AB: __mn_str_from_parts (in /mnt/c/Users/Juan/Documents/GitHub/Mapanare/mapanare/self/mnc-stage1)
==77181==    by 0x41FA6B: lexer__scan_ident (in /mnt/c/Users/Juan/Documents/GitHub/Mapanare/mapanare/self/mnc-stage1)
==77181==    by 0x6A80D6F: ???
==77181==    by 0x8000000000000002: ???
==77181==    by 0x6A733D7: ???
==77181==    by 0x8: ???
==77181==    by 0xC: ???
==77181==    by 0x6A7751F: ???
==77181==    by 0x8000000000000000: ???
==77181==    by 0x8: ???
==77181==    by 0xCB: ???
==77181== 
==77181== 2 bytes in 1 blocks are definitely lost in loss record 68 of 793
==77181==    at 0x484D953: calloc (in /usr/libexec/valgrind/vgpreload_memcheck-amd64-linux.so)
==77181==    by 0x723DE9: __mn_alloc (in /mnt/c/Users/Juan/Documents/GitHub/Mapanare/mapanare/self/mnc-stage1)
==77181==    by 0x7245AB: __mn_str_from_parts (in /mnt/c/Users/Juan/Documents/GitHub/Mapanare/mapanare/self/mnc-stage1)
==77181==    by 0x41FA6B: lexer__scan_ident (in /mnt/c/Users/Juan/Documents/GitHub/Mapanare/mapanare/self/mnc-stage1)
==77181==    by 0x6A80E0F: ???
==77181==    by 0x8000000000000003: ???
==77181==    by 0x6A733D7: ???
==77181==    by 0x8: ???
==77181==    by 0xC: ???
==77181==    by 0x6A7751F: ???
==77181==    by 0x8000000000000000: ???
==77181==    by 0x8: ???
==77181==    by 0xCB: ???
==77181== 
==77181== 2 bytes in 1 blocks are definitely lost in loss record 69 of 793
==77181==    at 0x484D953: calloc (in /usr/libexec/valgrind/vgpreload_memcheck-amd64-linux.so)
==77181==    by 0x723DE9: __mn_alloc (in /mnt/c/Users/Juan/Documents/GitHub/Mapanare/mapanare/self/mnc-stage1)
==77181==    by 0x7245AB: __mn_str_from_parts (in /mnt/c/Users/Juan/Documents/GitHub/Mapanare/mapanare/self/mnc-stage1)
==77181==    by 0x41FA6B: lexer__scan_ident (in /mnt/c/Users/Juan/Documents/GitHub/Mapanare/mapanare/self/mnc-stage1)
==77181==    by 0x6A80EAF: ???
==77181==    by 0x8000000000000004: ???
==77181==    by 0x6A733D7: ???
==77181==    by 0x8: ???
==77181==    by 0xC: ???
==77181==    by 0x6A7751F: ???
==77181==    by 0x8000000000000000: ???
==77181==    by 0x8: ???
==77181==    by 0xCB: ???
==77181== 
==77181== 2 bytes in 1 blocks are definitely lost in loss record 70 of 793
==77181==    at 0x484D953: calloc (in /usr/libexec/valgrind/vgpreload_memcheck-amd64-linux.so)
==77181==    by 0x723DE9: __mn_alloc (in /mnt/c/Users/Juan/Documents/GitHub/Mapanare/mapanare/self/mnc-stage1)
==77181==    by 0x7245AB: __mn_str_from_parts (in /mnt/c/Users/Juan/Documents/GitHub/Mapanare/mapanare/self/mnc-stage1)
==77181==    by 0x41FA6B: lexer__scan_ident (in /mnt/c/Users/Juan/Documents/GitHub/Mapanare/mapanare/self/mnc-stage1)
==77181==    by 0x6A80F4F: ???
==77181==    by 0x8000000000000005: ???
==77181==    by 0x6A733D7: ???
==77181==    by 0x8: ???
==77181==    by 0xC: ???
==77181==    by 0x6A7751F: ???
==77181==    by 0x8000000000000000: ???
==77181==    by 0x8: ???
==77181==    by 0xCB: ???
==77181== 
==77181== 2 bytes in 1 blocks are definitely lost in loss record 71 of 793
==77181==    at 0x484D953: calloc (in /usr/libexec/valgrind/vgpreload_memcheck-amd64-linux.so)
==77181==    by 0x723DE9: __mn_alloc (in /mnt/c/Users/Juan/Documents/GitHub/Mapanare/mapanare/self/mnc-stage1)
==77181==    by 0x7245AB: __mn_str_from_parts (in /mnt/c/Users/Juan/Documents/GitHub/Mapanare/mapanare/self/mnc-stage1)
==77181==    by 0x41FA6B: lexer__scan_ident (in /mnt/c/Users/Juan/Documents/GitHub/Mapanare/mapanare/self/mnc-stage1)
==77181==    by 0x6A8112F: ???
==77181==    by 0x8000000000000000: ???
==77181==    by 0x6A733D7: ???
==77181==    by 0xF: ???
==77181==    by 0xC: ???
==77181==    by 0x6A7751F: ???
==77181==    by 0x8000000000000000: ???
==77181==    by 0xF: ???
==77181==    by 0xD2: ???
==77181== 
==77181== 2 bytes in 1 blocks are definitely lost in loss record 72 of 793
==77181==    at 0x484D953: calloc (in /usr/libexec/valgrind/vgpreload_memcheck-amd64-linux.so)
==77181==    by 0x723DE9: __mn_alloc (in /mnt/c/Users/Juan/Documents/GitHub/Mapanare/mapanare/self/mnc-stage1)
==77181==    by 0x7245AB: __mn_str_from_parts (in /mnt/c/Users/Juan/Documents/GitHub/Mapanare/mapanare/self/mnc-stage1)
==77181==    by 0x41FA6B: lexer__scan_ident (in /mnt/c/Users/Juan/Documents/GitHub/Mapanare/mapanare/self/mnc-stage1)
==77181==    by 0x6A8171F: ???
==77181==    by 0x8000000000000000: ???
==77181==    by 0x6A733D7: ???
==77181== 
==77181== 2 bytes in 1 blocks are definitely lost in loss record 73 of 793
==77181==    at 0x484D953: calloc (in /usr/libexec/valgrind/vgpreload_memcheck-amd64-linux.so)
==77181==    by 0x723DE9: __mn_alloc (in /mnt/c/Users/Juan/Documents/GitHub/Mapanare/mapanare/self/mnc-stage1)
==77181==    by 0x7245AB: __mn_str_from_parts (in /mnt/c/Users/Juan/Documents/GitHub/Mapanare/mapanare/self/mnc-stage1)
==77181==    by 0x41FA6B: lexer__scan_ident (in /mnt/c/Users/Juan/Documents/GitHub/Mapanare/mapanare/self/mnc-stage1)
==77181==    by 0x6A817BF: ???
==77181==    by 0x8000000000000001: ???
==77181==    by 0x6A733D7: ???
==77181== 
==77181== 2 bytes in 1 blocks are definitely lost in loss record 74 of 793
==77181==    at 0x484D953: calloc (in /usr/libexec/valgrind/vgpreload_memcheck-amd64-linux.so)
==77181==    by 0x723DE9: __mn_alloc (in /mnt/c/Users/Juan/Documents/GitHub/Mapanare/mapanare/self/mnc-stage1)
==77181==    by 0x7245AB: __mn_str_from_parts (in /mnt/c/Users/Juan/Documents/GitHub/Mapanare/mapanare/self/mnc-stage1)
==77181==    by 0x41FA6B: lexer__scan_ident (in /mnt/c/Users/Juan/Documents/GitHub/Mapanare/mapanare/self/mnc-stage1)
==77181==    by 0x6A8199F: ???
==77181==    by 0x8000000000000000: ???
==77181==    by 0x6A733D7: ???
==77181==    by 0x3: ???
==77181==    by 0x10: ???
==77181==    by 0x6A7751F: ???
==77181==    by 0x8000000000000000: ???
==77181==    by 0x3: ???
==77181==    by 0xE0: ???
==77181== 
==77181== 2 bytes in 1 blocks are definitely lost in loss record 75 of 793
==77181==    at 0x484D953: calloc (in /usr/libexec/valgrind/vgpreload_memcheck-amd64-linux.so)
==77181==    by 0x723DE9: __mn_alloc (in /mnt/c/Users/Juan/Documents/GitHub/Mapanare/mapanare/self/mnc-stage1)
==77181==    by 0x7245AB: __mn_str_from_parts (in /mnt/c/Users/Juan/Documents/GitHub/Mapanare/mapanare/self/mnc-stage1)
==77181==    by 0x41FA6B: lexer__scan_ident (in /mnt/c/Users/Juan/Documents/GitHub/Mapanare/mapanare/self/mnc-stage1)
==77181==    by 0x6A81A3F: ???
==77181==    by 0x8000000000000001: ???
==77181==    by 0x6A733D7: ???
==77181==    by 0x3: ???
==77181==    by 0x10: ???
==77181==    by 0x6A7751F: ???
==77181==    by 0x8000000000000000: ???
==77181==    by 0x3: ???
==77181==    by 0xE0: ???
==77181== 
==77181== 2 bytes in 1 blocks are definitely lost in loss record 76 of 793
==77181==    at 0x484D953: calloc (in /usr/libexec/valgrind/vgpreload_memcheck-amd64-linux.so)
==77181==    by 0x723DE9: __mn_alloc (in /mnt/c/Users/Juan/Documents/GitHub/Mapanare/mapanare/self/mnc-stage1)
==77181==    by 0x7245AB: __mn_str_from_parts (in /mnt/c/Users/Juan/Documents/GitHub/Mapanare/mapanare/self/mnc-stage1)
==77181==    by 0x41FA6B: lexer__scan_ident (in /mnt/c/Users/Juan/Documents/GitHub/Mapanare/mapanare/self/mnc-stage1)
==77181==    by 0x6A81ADF: ???
==77181==    by 0x8000000000000002: ???
==77181==    by 0x6A733D7: ???
==77181==    by 0x3: ???
==77181==    by 0x10: ???
==77181==    by 0x6A7751F: ???
==77181==    by 0x8000000000000000: ???
==77181==    by 0x3: ???
==77181==    by 0xE0: ???
==77181== 
==77181== 2 bytes in 1 blocks are definitely lost in loss record 77 of 793
==77181==    at 0x484D953: calloc (in /usr/libexec/valgrind/vgpreload_memcheck-amd64-linux.so)
==77181==    by 0x723DE9: __mn_alloc (in /mnt/c/Users/Juan/Documents/GitHub/Mapanare/mapanare/self/mnc-stage1)
==77181==    by 0x7245AB: __mn_str_from_parts (in /mnt/c/Users/Juan/Documents/GitHub/Mapanare/mapanare/self/mnc-stage1)
==77181==    by 0x41FA6B: lexer__scan_ident (in /mnt/c/Users/Juan/Documents/GitHub/Mapanare/mapanare/self/mnc-stage1)
==77181==    by 0x6A81B7F: ???
==77181==    by 0x8000000000000003: ???
==77181==    by 0x6A733D7: ???
==77181==    by 0x3: ???
==77181==    by 0x10: ???
==77181==    by 0x6A7751F: ???
==77181==    by 0x8000000000000000: ???
==77181==    by 0x3: ???
==77181==    by 0xE0: ???
==77181== 
==77181== 2 bytes in 1 blocks are definitely lost in loss record 78 of 793
==77181==    at 0x484D953: calloc (in /usr/libexec/valgrind/vgpreload_memcheck-amd64-linux.so)
==77181==    by 0x723DE9: __mn_alloc (in /mnt/c/Users/Juan/Documents/GitHub/Mapanare/mapanare/self/mnc-stage1)
==77181==    by 0x7245AB: __mn_str_from_parts (in /mnt/c/Users/Juan/Documents/GitHub/Mapanare/mapanare/self/mnc-stage1)
==77181==    by 0x41FA6B: lexer__scan_ident (in /mnt/c/Users/Juan/Documents/GitHub/Mapanare/mapanare/self/mnc-stage1)
==77181==    by 0x6A821BF: ???
==77181==    by 0x8000000000000000: ???
==77181==    by 0x6A733D7: ???
==77181==    by 0x4: ???
==77181==    by 0x11: ???
==77181==    by 0x6A7751F: ???
==77181==    by 0x8000000000000000: ???
==77181==    by 0x4: ???
==77181==    by 0xED: ???
==77181== 
==77181== 2 bytes in 1 blocks are definitely lost in loss record 79 of 793
==77181==    at 0x484D953: calloc (in /usr/libexec/valgrind/vgpreload_memcheck-amd64-linux.so)
==77181==    by 0x723DE9: __mn_alloc (in /mnt/c/Users/Juan/Documents/GitHub/Mapanare/mapanare/self/mnc-stage1)
==77181==    by 0x7245AB: __mn_str_from_parts (in /mnt/c/Users/Juan/Documents/GitHub/Mapanare/mapanare/self/mnc-stage1)
==77181==    by 0x41FA6B: lexer__scan_ident (in /mnt/c/Users/Juan/Documents/GitHub/Mapanare/mapanare/self/mnc-stage1)
==77181==    by 0x6A8225F: ???
==77181==    by 0x8000000000000001: ???
==77181==    by 0x6A733D7: ???
==77181==    by 0x4: ???
==77181==    by 0x11: ???
==77181==    by 0x6A7751F: ???
==77181==    by 0x8000000000000000: ???
==77181==    by 0x4: ???
==77181==    by 0xED: ???
==77181== 
==77181== 2 bytes in 1 blocks are definitely lost in loss record 80 of 793
==77181==    at 0x484D953: calloc (in /usr/libexec/valgrind/vgpreload_memcheck-amd64-linux.so)
==77181==    by 0x723DE9: __mn_alloc (in /mnt/c/Users/Juan/Documents/GitHub/Mapanare/mapanare/self/mnc-stage1)
==77181==    by 0x7245AB: __mn_str_from_parts (in /mnt/c/Users/Juan/Documents/GitHub/Mapanare/mapanare/self/mnc-stage1)
==77181==    by 0x41FA6B: lexer__scan_ident (in /mnt/c/Users/Juan/Documents/GitHub/Mapanare/mapanare/self/mnc-stage1)
==77181==    by 0x6A822FF: ???
==77181==    by 0x8000000000000002: ???
==77181==    by 0x6A733D7: ???
==77181==    by 0x4: ???
==77181==    by 0x11: ???
==77181==    by 0x6A7751F: ???
==77181==    by 0x8000000000000000: ???
==77181==    by 0x4: ???
==77181==    by 0xED: ???
==77181== 
==77181== 2 bytes in 1 blocks are definitely lost in loss record 81 of 793
==77181==    at 0x484D953: calloc (in /usr/libexec/valgrind/vgpreload_memcheck-amd64-linux.so)
==77181==    by 0x723DE9: __mn_alloc (in /mnt/c/Users/Juan/Documents/GitHub/Mapanare/mapanare/self/mnc-stage1)
==77181==    by 0x7245AB: __mn_str_from_parts (in /mnt/c/Users/Juan/Documents/GitHub/Mapanare/mapanare/self/mnc-stage1)
==77181==    by 0x41FA6B: lexer__scan_ident (in /mnt/c/Users/Juan/Documents/GitHub/Mapanare/mapanare/self/mnc-stage1)
==77181==    by 0x6A824DF: ???
==77181==    by 0x8000000000000000: ???
==77181==    by 0x6A733D7: ???
==77181==    by 0x8: ???
==77181==    by 0x11: ???
==77181==    by 0x6A7751F: ???
==77181==    by 0x8000000000000000: ???
==77181==    by 0x8: ???
==77181==    by 0xF1: ???
==77181== 
==77181== 2 bytes in 1 blocks are definitely lost in loss record 82 of 793
==77181==    at 0x484D953: calloc (in /usr/libexec/valgrind/vgpreload_memcheck-amd64-linux.so)
==77181==    by 0x723DE9: __mn_alloc (in /mnt/c/Users/Juan/Documents/GitHub/Mapanare/mapanare/self/mnc-stage1)
==77181==    by 0x7245AB: __mn_str_from_parts (in /mnt/c/Users/Juan/Documents/GitHub/Mapanare/mapanare/self/mnc-stage1)
==77181==    by 0x41FA6B: lexer__scan_ident (in /mnt/c/Users/Juan/Documents/GitHub/Mapanare/mapanare/self/mnc-stage1)
==77181==    by 0x6A827FF: ???
==77181==    by 0x8000000000000000: ???
==77181==    by 0x6A733D7: ???
==77181==    by 0xC: ???
==77181==    by 0x11: ???
==77181==    by 0x6A7751F: ???
==77181==    by 0x8000000000000000: ???
==77181==    by 0xC: ???
==77181==    by 0xF5: ???
==77181== 
==77181== 2 bytes in 1 blocks are definitely lost in loss record 83 of 793
==77181==    at 0x484D953: calloc (in /usr/libexec/valgrind/vgpreload_memcheck-amd64-linux.so)
==77181==    by 0x723DE9: __mn_alloc (in /mnt/c/Users/Juan/Documents/GitHub/Mapanare/mapanare/self/mnc-stage1)
==77181==    by 0x7245AB: __mn_str_from_parts (in /mnt/c/Users/Juan/Documents/GitHub/Mapanare/mapanare/self/mnc-stage1)
==77181==    by 0x41FA6B: lexer__scan_ident (in /mnt/c/Users/Juan/Documents/GitHub/Mapanare/mapanare/self/mnc-stage1)
==77181==    by 0x6A8289F: ???
==77181==    by 0x8000000000000001: ???
==77181==    by 0x6A733D7: ???
==77181==    by 0xC: ???
==77181==    by 0x11: ???
==77181==    by 0x6A7751F: ???
==77181==    by 0x8000000000000000: ???
==77181==    by 0xC: ???
==77181==    by 0xF5: ???
==77181== 
==77181== 2 bytes in 1 blocks are definitely lost in loss record 84 of 793
==77181==    at 0x484D953: calloc (in /usr/libexec/valgrind/vgpreload_memcheck-amd64-linux.so)
==77181==    by 0x723DE9: __mn_alloc (in /mnt/c/Users/Juan/Documents/GitHub/Mapanare/mapanare/self/mnc-stage1)
==77181==    by 0x7245AB: __mn_str_from_parts (in /mnt/c/Users/Juan/Documents/GitHub/Mapanare/mapanare/self/mnc-stage1)
==77181==    by 0x41FA6B: lexer__scan_ident (in /mnt/c/Users/Juan/Documents/GitHub/Mapanare/mapanare/self/mnc-stage1)
==77181==    by 0x6A8293F: ???
==77181==    by 0x8000000000000002: ???
==77181==    by 0x6A733D7: ???
==77181==    by 0xC: ???
==77181==    by 0x11: ???
==77181==    by 0x6A7751F: ???
==77181==    by 0x8000000000000000: ???
==77181==    by 0xC: ???
==77181==    by 0xF5: ???
==77181== 
==77181== 2 bytes in 1 blocks are definitely lost in loss record 85 of 793
==77181==    at 0x484D953: calloc (in /usr/libexec/valgrind/vgpreload_memcheck-amd64-linux.so)
==77181==    by 0x723DE9: __mn_alloc (in /mnt/c/Users/Juan/Documents/GitHub/Mapanare/mapanare/self/mnc-stage1)
==77181==    by 0x7245AB: __mn_str_from_parts (in /mnt/c/Users/Juan/Documents/GitHub/Mapanare/mapanare/self/mnc-stage1)
==77181==    by 0x41FA6B: lexer__scan_ident (in /mnt/c/Users/Juan/Documents/GitHub/Mapanare/mapanare/self/mnc-stage1)
==77181==    by 0x6A82B1F: ???
==77181==    by 0x8000000000000000: ???
==77181==    by 0x6A733D7: ???
==77181==    by 0x10: ???
==77181==    by 0x11: ???
==77181==    by 0x6A7751F: ???
==77181==    by 0x8000000000000000: ???
==77181==    by 0x10: ???
==77181==    by 0xF9: ???
==77181== 
==77181== 2 bytes in 1 blocks are definitely lost in loss record 86 of 793
==77181==    at 0x484D953: calloc (in /usr/libexec/valgrind/vgpreload_memcheck-amd64-linux.so)
==77181==    by 0x723DE9: __mn_alloc (in /mnt/c/Users/Juan/Documents/GitHub/Mapanare/mapanare/self/mnc-stage1)
==77181==    by 0x7245AB: __mn_str_from_parts (in /mnt/c/Users/Juan/Documents/GitHub/Mapanare/mapanare/self/mnc-stage1)
==77181==    by 0x41FA6B: lexer__scan_ident (in /mnt/c/Users/Juan/Documents/GitHub/Mapanare/mapanare/self/mnc-stage1)
==77181==    by 0x6A82BBF: ???
==77181==    by 0x8000000000000001: ???
==77181==    by 0x6A733D7: ???
==77181==    by 0x10: ???
==77181==    by 0x11: ???
==77181==    by 0x6A7751F: ???
==77181==    by 0x8000000000000000: ???
==77181==    by 0x10: ???
==77181==    by 0xF9: ???
==77181== 
==77181== 2 bytes in 1 blocks are definitely lost in loss record 87 of 793
==77181==    at 0x484D953: calloc (in /usr/libexec/valgrind/vgpreload_memcheck-amd64-linux.so)
==77181==    by 0x723DE9: __mn_alloc (in /mnt/c/Users/Juan/Documents/GitHub/Mapanare/mapanare/self/mnc-stage1)
==77181==    by 0x7245AB: __mn_str_from_parts (in /mnt/c/Users/Juan/Documents/GitHub/Mapanare/mapanare/self/mnc-stage1)
==77181==    by 0x41FA6B: lexer__scan_ident (in /mnt/c/Users/Juan/Documents/GitHub/Mapanare/mapanare/self/mnc-stage1)
==77181==    by 0x6A82C5F: ???
==77181==    by 0x8000000000000002: ???
==77181==    by 0x6A733D7: ???
==77181==    by 0x10: ???
==77181==    by 0x11: ???
==77181==    by 0x6A7751F: ???
==77181==    by 0x8000000000000000: ???
==77181==    by 0x10: ???
==77181==    by 0xF9: ???
==77181== 
==77181== 2 bytes in 1 blocks are definitely lost in loss record 88 of 793
==77181==    at 0x484D953: calloc (in /usr/libexec/valgrind/vgpreload_memcheck-amd64-linux.so)
==77181==    by 0x723DE9: __mn_alloc (in /mnt/c/Users/Juan/Documents/GitHub/Mapanare/mapanare/self/mnc-stage1)
==77181==    by 0x7245AB: __mn_str_from_parts (in /mnt/c/Users/Juan/Documents/GitHub/Mapanare/mapanare/self/mnc-stage1)
==77181==    by 0x41FA6B: lexer__scan_ident (in /mnt/c/Users/Juan/Documents/GitHub/Mapanare/mapanare/self/mnc-stage1)
==77181==    by 0x6A82F7F: ???
==77181==    by 0x8000000000000000: ???
==77181==    by 0x6A733D7: ???
==77181==    by 0x16: ???
==77181==    by 0x11: ???
==77181==    by 0x6A7751F: ???
==77181==    by 0x8000000000000000: ???
==77181==    by 0x16: ???
==77181==    by 0xFF: ???
==77181== 
==77181== 2 bytes in 1 blocks are definitely lost in loss record 89 of 793
==77181==    at 0x484D953: calloc (in /usr/libexec/valgrind/vgpreload_memcheck-amd64-linux.so)
==77181==    by 0x723DE9: __mn_alloc (in /mnt/c/Users/Juan/Documents/GitHub/Mapanare/mapanare/self/mnc-stage1)
==77181==    by 0x7245AB: __mn_str_from_parts (in /mnt/c/Users/Juan/Documents/GitHub/Mapanare/mapanare/self/mnc-stage1)
==77181==    by 0x41FA6B: lexer__scan_ident (in /mnt/c/Users/Juan/Documents/GitHub/Mapanare/mapanare/self/mnc-stage1)
==77181==    by 0x6A8301F: ???
==77181==    by 0x8000000000000001: ???
==77181==    by 0x6A733D7: ???
==77181==    by 0x16: ???
==77181==    by 0x11: ???
==77181==    by 0x6A7751F: ???
==77181==    by 0x8000000000000000: ???
==77181==    by 0x16: ???
==77181==    by 0xFF: ???
==77181== 
==77181== 2 bytes in 1 blocks are definitely lost in loss record 90 of 793
==77181==    at 0x484D953: calloc (in /usr/libexec/valgrind/vgpreload_memcheck-amd64-linux.so)
==77181==    by 0x723DE9: __mn_alloc (in /mnt/c/Users/Juan/Documents/GitHub/Mapanare/mapanare/self/mnc-stage1)
==77181==    by 0x7245AB: __mn_str_from_parts (in /mnt/c/Users/Juan/Documents/GitHub/Mapanare/mapanare/self/mnc-stage1)
==77181==    by 0x41FA6B: lexer__scan_ident (in /mnt/c/Users/Juan/Documents/GitHub/Mapanare/mapanare/self/mnc-stage1)
==77181==    by 0x6A830BF: ???
==77181==    by 0x8000000000000002: ???
==77181==    by 0x6A733D7: ???
==77181==    by 0x16: ???
==77181==    by 0x11: ???
==77181==    by 0x6A7751F: ???
==77181==    by 0x8000000000000000: ???
==77181==    by 0x16: ???
==77181==    by 0xFF: ???
==77181== 
==77181== 2 bytes in 1 blocks are definitely lost in loss record 91 of 793
==77181==    at 0x484D953: calloc (in /usr/libexec/valgrind/vgpreload_memcheck-amd64-linux.so)
==77181==    by 0x723DE9: __mn_alloc (in /mnt/c/Users/Juan/Documents/GitHub/Mapanare/mapanare/self/mnc-stage1)
==77181==    by 0x7245AB: __mn_str_from_parts (in /mnt/c/Users/Juan/Documents/GitHub/Mapanare/mapanare/self/mnc-stage1)
==77181==    by 0x41FA6B: lexer__scan_ident (in /mnt/c/Users/Juan/Documents/GitHub/Mapanare/mapanare/self/mnc-stage1)
==77181==    by 0x6A8315F: ???
==77181==    by 0x8000000000000003: ???
==77181==    by 0x6A733D7: ???
==77181==    by 0x16: ???
==77181==    by 0x11: ???
==77181==    by 0x6A7751F: ???
==77181==    by 0x8000000000000000: ???
==77181==    by 0x16: ???
==77181==    by 0xFF: ???
==77181== 
==77181== 2 bytes in 1 blocks are definitely lost in loss record 92 of 793
==77181==    at 0x484D953: calloc (in /usr/libexec/valgrind/vgpreload_memcheck-amd64-linux.so)
==77181==    by 0x723DE9: __mn_alloc (in /mnt/c/Users/Juan/Documents/GitHub/Mapanare/mapanare/self/mnc-stage1)
==77181==    by 0x7245AB: __mn_str_from_parts (in /mnt/c/Users/Juan/Documents/GitHub/Mapanare/mapanare/self/mnc-stage1)
==77181==    by 0x41FA6B: lexer__scan_ident (in /mnt/c/Users/Juan/Documents/GitHub/Mapanare/mapanare/self/mnc-stage1)
==77181==    by 0x6A831FF: ???
==77181==    by 0x8000000000000004: ???
==77181==    by 0x6A733D7: ???
==77181==    by 0x16: ???
==77181==    by 0x11: ???
==77181==    by 0x6A7751F: ???
==77181==    by 0x8000000000000000: ???
==77181==    by 0x16: ???
==77181==    by 0xFF: ???
==77181== 
==77181== 2 bytes in 1 blocks are definitely lost in loss record 93 of 793
==77181==    at 0x484D953: calloc (in /usr/libexec/valgrind/vgpreload_memcheck-amd64-linux.so)
==77181==    by 0x723DE9: __mn_alloc (in /mnt/c/Users/Juan/Documents/GitHub/Mapanare/mapanare/self/mnc-stage1)
==77181==    by 0x7245AB: __mn_str_from_parts (in /mnt/c/Users/Juan/Documents/GitHub/Mapanare/mapanare/self/mnc-stage1)
==77181==    by 0x42002C: lexer__scan_number (in /mnt/c/Users/Juan/Documents/GitHub/Mapanare/mapanare/self/mnc-stage1)
==77181==    by 0x6A8351F: ???
==77181==    by 0x6A73257: ???
==77181==    by 0x8000000000000000: ???
==77181==    by 0x6A8342F: ???
==77181==    by 0x8000000000000000: ???
==77181== 
==77181== 2 bytes in 1 blocks are definitely lost in loss record 94 of 793
==77181==    at 0x484D953: calloc (in /usr/libexec/valgrind/vgpreload_memcheck-amd64-linux.so)
==77181==    by 0x723DE9: __mn_alloc (in /mnt/c/Users/Juan/Documents/GitHub/Mapanare/mapanare/self/mnc-stage1)
==77181==    by 0x7245AB: __mn_str_from_parts (in /mnt/c/Users/Juan/Documents/GitHub/Mapanare/mapanare/self/mnc-stage1)
==77181==    by 0x42002C: lexer__scan_number (in /mnt/c/Users/Juan/Documents/GitHub/Mapanare/mapanare/self/mnc-stage1)
==77181==    by 0x6A835BF: ???
==77181==    by 0x6A73257: ???
==77181==    by 0x8000000000000001: ???
==77181==    by 0x6A8342F: ???
==77181==    by 0x8000000000000000: ???
==77181== 
==77181== 2 bytes in 1 blocks are definitely lost in loss record 95 of 793
==77181==    at 0x484D953: calloc (in /usr/libexec/valgrind/vgpreload_memcheck-amd64-linux.so)
==77181==    by 0x723DE9: __mn_alloc (in /mnt/c/Users/Juan/Documents/GitHub/Mapanare/mapanare/self/mnc-stage1)
==77181==    by 0x7245AB: __mn_str_from_parts (in /mnt/c/Users/Juan/Documents/GitHub/Mapanare/mapanare/self/mnc-stage1)
==77181==    by 0x41FA6B: lexer__scan_ident (in /mnt/c/Users/Juan/Documents/GitHub/Mapanare/mapanare/self/mnc-stage1)
==77181==    by 0x6A83A1F: ???
==77181==    by 0x8000000000000000: ???
==77181==    by 0x6A733D7: ???
==77181==    by 0x4: ???
==77181==    by 0x12: ???
==77181==    by 0x6A7751F: ???
==77181==    by 0x8000000000000000: ???
==77181==    by 0x4: ???
==77181==    by 0x10F: ???
==77181== 
==77181== 2 bytes in 1 blocks are definitely lost in loss record 96 of 793
==77181==    at 0x484D953: calloc (in /usr/libexec/valgrind/vgpreload_memcheck-amd64-linux.so)
==77181==    by 0x723DE9: __mn_alloc (in /mnt/c/Users/Juan/Documents/GitHub/Mapanare/mapanare/self/mnc-stage1)
==77181==    by 0x7245AB: __mn_str_from_parts (in /mnt/c/Users/Juan/Documents/GitHub/Mapanare/mapanare/self/mnc-stage1)
==77181==    by 0x41FA6B: lexer__scan_ident (in /mnt/c/Users/Juan/Documents/GitHub/Mapanare/mapanare/self/mnc-stage1)
==77181==    by 0x6A83ABF: ???
==77181==    by 0x8000000000000001: ???
==77181==    by 0x6A733D7: ???
==77181==    by 0x4: ???
==77181==    by 0x12: ???
==77181==    by 0x6A7751F: ???
==77181==    by 0x8000000000000000: ???
==77181==    by 0x4: ???
==77181==    by 0x10F: ???
==77181== 
==77181== 2 bytes in 1 blocks are definitely lost in loss record 97 of 793
==77181==    at 0x484D953: calloc (in /usr/libexec/valgrind/vgpreload_memcheck-amd64-linux.so)
==77181==    by 0x723DE9: __mn_alloc (in /mnt/c/Users/Juan/Documents/GitHub/Mapanare/mapanare/self/mnc-stage1)
==77181==    by 0x7245AB: __mn_str_from_parts (in /mnt/c/Users/Juan/Documents/GitHub/Mapanare/mapanare/self/mnc-stage1)
==77181==    by 0x41FA6B: lexer__scan_ident (in /mnt/c/Users/Juan/Documents/GitHub/Mapanare/mapanare/self/mnc-stage1)
==77181==    by 0x6A83B5F: ???
==77181==    by 0x8000000000000002: ???
==77181==    by 0x6A733D7: ???
==77181==    by 0x4: ???
==77181==    by 0x12: ???
==77181==    by 0x6A7751F: ???
==77181==    by 0x8000000000000000: ???
==77181==    by 0x4: ???
==77181==    by 0x10F: ???
==77181== 
==77181== 2 bytes in 1 blocks are definitely lost in loss record 98 of 793
==77181==    at 0x484D953: calloc (in /usr/libexec/valgrind/vgpreload_memcheck-amd64-linux.so)
==77181==    by 0x723DE9: __mn_alloc (in /mnt/c/Users/Juan/Documents/GitHub/Mapanare/mapanare/self/mnc-stage1)
==77181==    by 0x7245AB: __mn_str_from_parts (in /mnt/c/Users/Juan/Documents/GitHub/Mapanare/mapanare/self/mnc-stage1)
==77181==    by 0x41FA6B: lexer__scan_ident (in /mnt/c/Users/Juan/Documents/GitHub/Mapanare/mapanare/self/mnc-stage1)
==77181==    by 0x6A83BFF: ???
==77181==    by 0x8000000000000003: ???
==77181==    by 0x6A733D7: ???
==77181==    by 0x4: ???
==77181==    by 0x12: ???
==77181==    by 0x6A7751F: ???
==77181==    by 0x8000000000000000: ???
==77181==    by 0x4: ???
==77181==    by 0x10F: ???
==77181== 
==77181== 2 bytes in 1 blocks are definitely lost in loss record 99 of 793
==77181==    at 0x484D953: calloc (in /usr/libexec/valgrind/vgpreload_memcheck-amd64-linux.so)
==77181==    by 0x723DE9: __mn_alloc (in /mnt/c/Users/Juan/Documents/GitHub/Mapanare/mapanare/self/mnc-stage1)
==77181==    by 0x7245AB: __mn_str_from_parts (in /mnt/c/Users/Juan/Documents/GitHub/Mapanare/mapanare/self/mnc-stage1)
==77181==    by 0x41FA6B: lexer__scan_ident (in /mnt/c/Users/Juan/Documents/GitHub/Mapanare/mapanare/self/mnc-stage1)
==77181==    by 0x6A83C9F: ???
==77181==    by 0x8000000000000004: ???
==77181==    by 0x6A733D7: ???
==77181==    by 0x4: ???
==77181==    by 0x12: ???
==77181==    by 0x6A7751F: ???
==77181==    by 0x8000000000000000: ???
==77181==    by 0x4: ???
==77181==    by 0x10F: ???
==77181== 
==77181== 2 bytes in 1 blocks are definitely lost in loss record 100 of 793
==77181==    at 0x484D953: calloc (in /usr/libexec/valgrind/vgpreload_memcheck-amd64-linux.so)
==77181==    by 0x723DE9: __mn_alloc (in /mnt/c/Users/Juan/Documents/GitHub/Mapanare/mapanare/self/mnc-stage1)
==77181==    by 0x7245AB: __mn_str_from_parts (in /mnt/c/Users/Juan/Documents/GitHub/Mapanare/mapanare/self/mnc-stage1)
==77181==    by 0x41FA6B: lexer__scan_ident (in /mnt/c/Users/Juan/Documents/GitHub/Mapanare/mapanare/self/mnc-stage1)
==77181==    by 0x6A85F6F: ???
==77181==    by 0x8000000000000000: ???
==77181==    by 0x6A733D7: ???
==77181==    by 0xA: ???
==77181==    by 0x12: ???
==77181==    by 0x6A7751F: ???
==77181==    by 0x8000000000000000: ???
==77181==    by 0xA: ???
==77181==    by 0x115: ???
==77181== 
==77181== 2 bytes in 1 blocks are definitely lost in loss record 101 of 793
==77181==    at 0x484D953: calloc (in /usr/libexec/valgrind/vgpreload_memcheck-amd64-linux.so)
==77181==    by 0x723DE9: __mn_alloc (in /mnt/c/Users/Juan/Documents/GitHub/Mapanare/mapanare/self/mnc-stage1)
==77181==    by 0x7245AB: __mn_str_from_parts (in /mnt/c/Users/Juan/Documents/GitHub/Mapanare/mapanare/self/mnc-stage1)
==77181==    by 0x41FA6B: lexer__scan_ident (in /mnt/c/Users/Juan/Documents/GitHub/Mapanare/mapanare/self/mnc-stage1)
==77181==    by 0x6A861EF: ???
==77181==    by 0x8000000000000000: ???
==77181==    by 0x6A733D7: ???
==77181==    by 0xC: ???
==77181==    by 0x12: ???
==77181==    by 0x6A7751F: ???
==77181==    by 0x8000000000000000: ???
==77181==    by 0xC: ???
==77181==    by 0x117: ???
==77181== 
==77181== 2 bytes in 1 blocks are definitely lost in loss record 102 of 793
==77181==    at 0x484D953: calloc (in /usr/libexec/valgrind/vgpreload_memcheck-amd64-linux.so)
==77181==    by 0x723DE9: __mn_alloc (in /mnt/c/Users/Juan/Documents/GitHub/Mapanare/mapanare/self/mnc-stage1)
==77181==    by 0x7245AB: __mn_str_from_parts (in /mnt/c/Users/Juan/Documents/GitHub/Mapanare/mapanare/self/mnc-stage1)
==77181==    by 0x41FA6B: lexer__scan_ident (in /mnt/c/Users/Juan/Documents/GitHub/Mapanare/mapanare/self/mnc-stage1)
==77181==    by 0x6A8628F: ???
==77181==    by 0x8000000000000001: ???
==77181==    by 0x6A733D7: ???
==77181==    by 0xC: ???
==77181==    by 0x12: ???
==77181==    by 0x6A7751F: ???
==77181==    by 0x8000000000000000: ???
==77181==    by 0xC: ???
==77181==    by 0x117: ???
==77181== 
==77181== 2 bytes in 1 blocks are definitely lost in loss record 103 of 793
==77181==    at 0x484D953: calloc (in /usr/libexec/valgrind/vgpreload_memcheck-amd64-linux.so)
==77181==    by 0x723DE9: __mn_alloc (in /mnt/c/Users/Juan/Documents/GitHub/Mapanare/mapanare/self/mnc-stage1)
==77181==    by 0x7245AB: __mn_str_from_parts (in /mnt/c/Users/Juan/Documents/GitHub/Mapanare/mapanare/self/mnc-stage1)
==77181==    by 0x41FA6B: lexer__scan_ident (in /mnt/c/Users/Juan/Documents/GitHub/Mapanare/mapanare/self/mnc-stage1)
==77181==    by 0x6A8632F: ???
==77181==    by 0x8000000000000002: ???
==77181==    by 0x6A733D7: ???
==77181==    by 0xC: ???
==77181==    by 0x12: ???
==77181==    by 0x6A7751F: ???
==77181==    by 0x8000000000000000: ???
==77181==    by 0xC: ???
==77181==    by 0x117: ???
==77181== 
==77181== 2 bytes in 1 blocks are definitely lost in loss record 104 of 793
==77181==    at 0x484D953: calloc (in /usr/libexec/valgrind/vgpreload_memcheck-amd64-linux.so)
==77181==    by 0x723DE9: __mn_alloc (in /mnt/c/Users/Juan/Documents/GitHub/Mapanare/mapanare/self/mnc-stage1)
==77181==    by 0x7245AB: __mn_str_from_parts (in /mnt/c/Users/Juan/Documents/GitHub/Mapanare/mapanare/self/mnc-stage1)
==77181==    by 0x41FA6B: lexer__scan_ident (in /mnt/c/Users/Juan/Documents/GitHub/Mapanare/mapanare/self/mnc-stage1)
==77181==    by 0x6A8691F: ???
==77181==    by 0x8000000000000000: ???
==77181==    by 0x6A733D7: ???
==77181==    by 0x4: ???
==77181==    by 0x13: ???
==77181==    by 0x6A7751F: ???
==77181==    by 0x8000000000000000: ???
==77181==    by 0x4: ???
==77181==    by 0x122: ???
==77181== 
==77181== 2 bytes in 1 blocks are definitely lost in loss record 105 of 793
==77181==    at 0x484D953: calloc (in /usr/libexec/valgrind/vgpreload_memcheck-amd64-linux.so)
==77181==    by 0x723DE9: __mn_alloc (in /mnt/c/Users/Juan/Documents/GitHub/Mapanare/mapanare/self/mnc-stage1)
==77181==    by 0x7245AB: __mn_str_from_parts (in /mnt/c/Users/Juan/Documents/GitHub/Mapanare/mapanare/self/mnc-stage1)
==77181==    by 0x41FA6B: lexer__scan_ident (in /mnt/c/Users/Juan/Documents/GitHub/Mapanare/mapanare/self/mnc-stage1)
==77181==    by 0x6A869BF: ???
==77181==    by 0x8000000000000001: ???
==77181==    by 0x6A733D7: ???
==77181==    by 0x4: ???
==77181==    by 0x13: ???
==77181==    by 0x6A7751F: ???
==77181==    by 0x8000000000000000: ???
==77181==    by 0x4: ???
==77181==    by 0x122: ???
==77181== 
==77181== 2 bytes in 1 blocks are definitely lost in loss record 106 of 793
==77181==    at 0x484D953: calloc (in /usr/libexec/valgrind/vgpreload_memcheck-amd64-linux.so)
==77181==    by 0x723DE9: __mn_alloc (in /mnt/c/Users/Juan/Documents/GitHub/Mapanare/mapanare/self/mnc-stage1)
==77181==    by 0x7245AB: __mn_str_from_parts (in /mnt/c/Users/Juan/Documents/GitHub/Mapanare/mapanare/self/mnc-stage1)
==77181==    by 0x41FA6B: lexer__scan_ident (in /mnt/c/Users/Juan/Documents/GitHub/Mapanare/mapanare/self/mnc-stage1)
==77181==    by 0x6A86A5F: ???
==77181==    by 0x8000000000000002: ???
==77181==    by 0x6A733D7: ???
==77181==    by 0x4: ???
==77181==    by 0x13: ???
==77181==    by 0x6A7751F: ???
==77181==    by 0x8000000000000000: ???
==77181==    by 0x4: ???
==77181==    by 0x122: ???
==77181== 
==77181== 2 bytes in 1 blocks are definitely lost in loss record 107 of 793
==77181==    at 0x484D953: calloc (in /usr/libexec/valgrind/vgpreload_memcheck-amd64-linux.so)
==77181==    by 0x723DE9: __mn_alloc (in /mnt/c/Users/Juan/Documents/GitHub/Mapanare/mapanare/self/mnc-stage1)
==77181==    by 0x7245AB: __mn_str_from_parts (in /mnt/c/Users/Juan/Documents/GitHub/Mapanare/mapanare/self/mnc-stage1)
==77181==    by 0x41FA6B: lexer__scan_ident (in /mnt/c/Users/Juan/Documents/GitHub/Mapanare/mapanare/self/mnc-stage1)
==77181==    by 0x6A86AFF: ???
==77181==    by 0x8000000000000003: ???
==77181==    by 0x6A733D7: ???
==77181==    by 0x4: ???
==77181==    by 0x13: ???
==77181==    by 0x6A7751F: ???
==77181==    by 0x8000000000000000: ???
==77181==    by 0x4: ???
==77181==    by 0x122: ???
==77181== 
==77181== 2 bytes in 1 blocks are definitely lost in loss record 108 of 793
==77181==    at 0x484D953: calloc (in /usr/libexec/valgrind/vgpreload_memcheck-amd64-linux.so)
==77181==    by 0x723DE9: __mn_alloc (in /mnt/c/Users/Juan/Documents/GitHub/Mapanare/mapanare/self/mnc-stage1)
==77181==    by 0x7245AB: __mn_str_from_parts (in /mnt/c/Users/Juan/Documents/GitHub/Mapanare/mapanare/self/mnc-stage1)
==77181==    by 0x41FA6B: lexer__scan_ident (in /mnt/c/Users/Juan/Documents/GitHub/Mapanare/mapanare/self/mnc-stage1)
==77181==    by 0x6A86B9F: ???
==77181==    by 0x8000000000000004: ???
==77181==    by 0x6A733D7: ???
==77181==    by 0x4: ???
==77181==    by 0x13: ???
==77181==    by 0x6A7751F: ???
==77181==    by 0x8000000000000000: ???
==77181==    by 0x4: ???
==77181==    by 0x122: ???
==77181== 
==77181== 2 bytes in 1 blocks are definitely lost in loss record 109 of 793
==77181==    at 0x484D953: calloc (in /usr/libexec/valgrind/vgpreload_memcheck-amd64-linux.so)
==77181==    by 0x723DE9: __mn_alloc (in /mnt/c/Users/Juan/Documents/GitHub/Mapanare/mapanare/self/mnc-stage1)
==77181==    by 0x7245AB: __mn_str_from_parts (in /mnt/c/Users/Juan/Documents/GitHub/Mapanare/mapanare/self/mnc-stage1)
==77181==    by 0x41FA6B: lexer__scan_ident (in /mnt/c/Users/Juan/Documents/GitHub/Mapanare/mapanare/self/mnc-stage1)
==77181==    by 0x6A86E1F: ???
==77181==    by 0x8000000000000000: ???
==77181==    by 0x6A733D7: ???
==77181==    by 0xA: ???
==77181==    by 0x13: ???
==77181==    by 0x6A7751F: ???
==77181==    by 0x8000000000000000: ???
==77181==    by 0xA: ???
==77181==    by 0x128: ???
==77181== 
==77181== 2 bytes in 1 blocks are definitely lost in loss record 110 of 793
==77181==    at 0x484D953: calloc (in /usr/libexec/valgrind/vgpreload_memcheck-amd64-linux.so)
==77181==    by 0x723DE9: __mn_alloc (in /mnt/c/Users/Juan/Documents/GitHub/Mapanare/mapanare/self/mnc-stage1)
==77181==    by 0x7245AB: __mn_str_from_parts (in /mnt/c/Users/Juan/Documents/GitHub/Mapanare/mapanare/self/mnc-stage1)
==77181==    by 0x41FA6B: lexer__scan_ident (in /mnt/c/Users/Juan/Documents/GitHub/Mapanare/mapanare/self/mnc-stage1)
==77181==    by 0x6A8709F: ???
==77181==    by 0x8000000000000000: ???
==77181==    by 0x6A733D7: ???
==77181==    by 0xC: ???
==77181==    by 0x13: ???
==77181==    by 0x6A7751F: ???
==77181==    by 0x8000000000000000: ???
==77181==    by 0xC: ???
==77181==    by 0x12A: ???
==77181== 
==77181== 2 bytes in 1 blocks are definitely lost in loss record 111 of 793
==77181==    at 0x484D953: calloc (in /usr/libexec/valgrind/vgpreload_memcheck-amd64-linux.so)
==77181==    by 0x723DE9: __mn_alloc (in /mnt/c/Users/Juan/Documents/GitHub/Mapanare/mapanare/self/mnc-stage1)
==77181==    by 0x7245AB: __mn_str_from_parts (in /mnt/c/Users/Juan/Documents/GitHub/Mapanare/mapanare/self/mnc-stage1)
==77181==    by 0x41FA6B: lexer__scan_ident (in /mnt/c/Users/Juan/Documents/GitHub/Mapanare/mapanare/self/mnc-stage1)
==77181==    by 0x6A8713F: ???
==77181==    by 0x8000000000000001: ???
==77181==    by 0x6A733D7: ???
==77181==    by 0xC: ???
==77181==    by 0x13: ???
==77181==    by 0x6A7751F: ???
==77181==    by 0x8000000000000000: ???
==77181==    by 0xC: ???
==77181==    by 0x12A: ???
==77181== 
==77181== 2 bytes in 1 blocks are definitely lost in loss record 112 of 793
==77181==    at 0x484D953: calloc (in /usr/libexec/valgrind/vgpreload_memcheck-amd64-linux.so)
==77181==    by 0x723DE9: __mn_alloc (in /mnt/c/Users/Juan/Documents/GitHub/Mapanare/mapanare/self/mnc-stage1)
==77181==    by 0x7245AB: __mn_str_from_parts (in /mnt/c/Users/Juan/Documents/GitHub/Mapanare/mapanare/self/mnc-stage1)
==77181==    by 0x41FA6B: lexer__scan_ident (in /mnt/c/Users/Juan/Documents/GitHub/Mapanare/mapanare/self/mnc-stage1)
==77181==    by 0x6A871DF: ???
==77181==    by 0x8000000000000002: ???
==77181==    by 0x6A733D7: ???
==77181==    by 0xC: ???
==77181==    by 0x13: ???
==77181==    by 0x6A7751F: ???
==77181==    by 0x8000000000000000: ???
==77181==    by 0xC: ???
==77181==    by 0x12A: ???
==77181== 
==77181== 2 bytes in 1 blocks are definitely lost in loss record 113 of 793
==77181==    at 0x484D953: calloc (in /usr/libexec/valgrind/vgpreload_memcheck-amd64-linux.so)
==77181==    by 0x723DE9: __mn_alloc (in /mnt/c/Users/Juan/Documents/GitHub/Mapanare/mapanare/self/mnc-stage1)
==77181==    by 0x7245AB: __mn_str_from_parts (in /mnt/c/Users/Juan/Documents/GitHub/Mapanare/mapanare/self/mnc-stage1)
==77181==    by 0x42002C: lexer__scan_number (in /mnt/c/Users/Juan/Documents/GitHub/Mapanare/mapanare/self/mnc-stage1)
==77181==    by 0x6A874AF: ???
==77181==    by 0x6A73257: ???
==77181==    by 0x8000000000000000: ???
==77181==    by 0x6A873BF: ???
==77181==    by 0x8000000000000000: ???
==77181== 
==77181== 2 bytes in 1 blocks are definitely lost in loss record 114 of 793
==77181==    at 0x484D953: calloc (in /usr/libexec/valgrind/vgpreload_memcheck-amd64-linux.so)
==77181==    by 0x723DE9: __mn_alloc (in /mnt/c/Users/Juan/Documents/GitHub/Mapanare/mapanare/self/mnc-stage1)
==77181==    by 0x7245AB: __mn_str_from_parts (in /mnt/c/Users/Juan/Documents/GitHub/Mapanare/mapanare/self/mnc-stage1)
==77181==    by 0x42002C: lexer__scan_number (in /mnt/c/Users/Juan/Documents/GitHub/Mapanare/mapanare/self/mnc-stage1)
==77181==    by 0x6A8754F: ???
==77181==    by 0x6A73257: ???
==77181==    by 0x8000000000000001: ???
==77181==    by 0x6A873BF: ???
==77181==    by 0x8000000000000000: ???
==77181== 
==77181== 2 bytes in 1 blocks are definitely lost in loss record 115 of 793
==77181==    at 0x484D953: calloc (in /usr/libexec/valgrind/vgpreload_memcheck-amd64-linux.so)
==77181==    by 0x723DE9: __mn_alloc (in /mnt/c/Users/Juan/Documents/GitHub/Mapanare/mapanare/self/mnc-stage1)
==77181==    by 0x7245AB: __mn_str_from_parts (in /mnt/c/Users/Juan/Documents/GitHub/Mapanare/mapanare/self/mnc-stage1)
==77181==    by 0x41FA6B: lexer__scan_ident (in /mnt/c/Users/Juan/Documents/GitHub/Mapanare/mapanare/self/mnc-stage1)
==77181==    by 0x6A87A9F: ???
==77181==    by 0x8000000000000000: ???
==77181==    by 0x6A733D7: ???
==77181==    by 0x4: ???
==77181==    by 0x15: ???
==77181==    by 0x6A7751F: ???
==77181==    by 0x8000000000000000: ???
==77181==    by 0x4: ???
==77181==    by 0x138: ???
==77181== 
==77181== 2 bytes in 1 blocks are definitely lost in loss record 116 of 793
==77181==    at 0x484D953: calloc (in /usr/libexec/valgrind/vgpreload_memcheck-amd64-linux.so)
==77181==    by 0x723DE9: __mn_alloc (in /mnt/c/Users/Juan/Documents/GitHub/Mapanare/mapanare/self/mnc-stage1)
==77181==    by 0x7245AB: __mn_str_from_parts (in /mnt/c/Users/Juan/Documents/GitHub/Mapanare/mapanare/self/mnc-stage1)
==77181==    by 0x41FA6B: lexer__scan_ident (in /mnt/c/Users/Juan/Documents/GitHub/Mapanare/mapanare/self/mnc-stage1)
==77181==    by 0x6A87B3F: ???
==77181==    by 0x8000000000000001: ???
==77181==    by 0x6A733D7: ???
==77181==    by 0x4: ???
==77181==    by 0x15: ???
==77181==    by 0x6A7751F: ???
==77181==    by 0x8000000000000000: ???
==77181==    by 0x4: ???
==77181==    by 0x138: ???
==77181== 
==77181== 2 bytes in 1 blocks are definitely lost in loss record 117 of 793
==77181==    at 0x484D953: calloc (in /usr/libexec/valgrind/vgpreload_memcheck-amd64-linux.so)
==77181==    by 0x723DE9: __mn_alloc (in /mnt/c/Users/Juan/Documents/GitHub/Mapanare/mapanare/self/mnc-stage1)
==77181==    by 0x7245AB: __mn_str_from_parts (in /mnt/c/Users/Juan/Documents/GitHub/Mapanare/mapanare/self/mnc-stage1)
==77181==    by 0x41FA6B: lexer__scan_ident (in /mnt/c/Users/Juan/Documents/GitHub/Mapanare/mapanare/self/mnc-stage1)
==77181==    by 0x6A87BDF: ???
==77181==    by 0x8000000000000002: ???
==77181==    by 0x6A733D7: ???
==77181==    by 0x4: ???
==77181==    by 0x15: ???
==77181==    by 0x6A7751F: ???
==77181==    by 0x8000000000000000: ???
==77181==    by 0x4: ???
==77181==    by 0x138: ???
==77181== 
==77181== 2 bytes in 1 blocks are definitely lost in loss record 118 of 793
==77181==    at 0x484D953: calloc (in /usr/libexec/valgrind/vgpreload_memcheck-amd64-linux.so)
==77181==    by 0x723DE9: __mn_alloc (in /mnt/c/Users/Juan/Documents/GitHub/Mapanare/mapanare/self/mnc-stage1)
==77181==    by 0x7245AB: __mn_str_from_parts (in /mnt/c/Users/Juan/Documents/GitHub/Mapanare/mapanare/self/mnc-stage1)
==77181==    by 0x41FA6B: lexer__scan_ident (in /mnt/c/Users/Juan/Documents/GitHub/Mapanare/mapanare/self/mnc-stage1)
==77181==    by 0x6A87DBF: ???
==77181==    by 0x8000000000000000: ???
==77181==    by 0x6A733D7: ???
==77181==    by 0x8: ???
==77181==    by 0x15: ???
==77181==    by 0x6A7751F: ???
==77181==    by 0x8000000000000000: ???
==77181==    by 0x8: ???
==77181==    by 0x13C: ???
==77181== 
==77181== 2 bytes in 1 blocks are definitely lost in loss record 119 of 793
==77181==    at 0x484D953: calloc (in /usr/libexec/valgrind/vgpreload_memcheck-amd64-linux.so)
==77181==    by 0x723DE9: __mn_alloc (in /mnt/c/Users/Juan/Documents/GitHub/Mapanare/mapanare/self/mnc-stage1)
==77181==    by 0x7245AB: __mn_str_from_parts (in /mnt/c/Users/Juan/Documents/GitHub/Mapanare/mapanare/self/mnc-stage1)
==77181==    by 0x41FA6B: lexer__scan_ident (in /mnt/c/Users/Juan/Documents/GitHub/Mapanare/mapanare/self/mnc-stage1)
==77181==    by 0x6A880DF: ???
==77181==    by 0x8000000000000000: ???
==77181==    by 0x6A733D7: ???
==77181==    by 0xC: ???
==77181==    by 0x15: ???
==77181==    by 0x6A7751F: ???
==77181==    by 0x8000000000000000: ???
==77181==    by 0xC: ???
==77181==    by 0x140: ???
==77181== 
==77181== 2 bytes in 1 blocks are definitely lost in loss record 120 of 793
==77181==    at 0x484D953: calloc (in /usr/libexec/valgrind/vgpreload_memcheck-amd64-linux.so)
==77181==    by 0x723DE9: __mn_alloc (in /mnt/c/Users/Juan/Documents/GitHub/Mapanare/mapanare/self/mnc-stage1)
==77181==    by 0x7245AB: __mn_str_from_parts (in /mnt/c/Users/Juan/Documents/GitHub/Mapanare/mapanare/self/mnc-stage1)
==77181==    by 0x41FA6B: lexer__scan_ident (in /mnt/c/Users/Juan/Documents/GitHub/Mapanare/mapanare/self/mnc-stage1)
==77181==    by 0x6A8817F: ???
==77181==    by 0x8000000000000001: ???
==77181==    by 0x6A733D7: ???
==77181==    by 0xC: ???
==77181==    by 0x15: ???
==77181==    by 0x6A7751F: ???
==77181==    by 0x8000000000000000: ???
==77181==    by 0xC: ???
==77181==    by 0x140: ???
==77181== 
==77181== 2 bytes in 1 blocks are definitely lost in loss record 121 of 793
==77181==    at 0x484D953: calloc (in /usr/libexec/valgrind/vgpreload_memcheck-amd64-linux.so)
==77181==    by 0x723DE9: __mn_alloc (in /mnt/c/Users/Juan/Documents/GitHub/Mapanare/mapanare/self/mnc-stage1)
==77181==    by 0x7245AB: __mn_str_from_parts (in /mnt/c/Users/Juan/Documents/GitHub/Mapanare/mapanare/self/mnc-stage1)
==77181==    by 0x41FA6B: lexer__scan_ident (in /mnt/c/Users/Juan/Documents/GitHub/Mapanare/mapanare/self/mnc-stage1)
==77181==    by 0x6A8821F: ???
==77181==    by 0x8000000000000002: ???
==77181==    by 0x6A733D7: ???
==77181==    by 0xC: ???
==77181==    by 0x15: ???
==77181==    by 0x6A7751F: ???
==77181==    by 0x8000000000000000: ???
==77181==    by 0xC: ???
==77181==    by 0x140: ???
==77181== 
==77181== 2 bytes in 1 blocks are definitely lost in loss record 122 of 793
==77181==    at 0x484D953: calloc (in /usr/libexec/valgrind/vgpreload_memcheck-amd64-linux.so)
==77181==    by 0x723DE9: __mn_alloc (in /mnt/c/Users/Juan/Documents/GitHub/Mapanare/mapanare/self/mnc-stage1)
==77181==    by 0x7245AB: __mn_str_from_parts (in /mnt/c/Users/Juan/Documents/GitHub/Mapanare/mapanare/self/mnc-stage1)
==77181==    by 0x41FA6B: lexer__scan_ident (in /mnt/c/Users/Juan/Documents/GitHub/Mapanare/mapanare/self/mnc-stage1)
==77181==    by 0x6A883FF: ???
==77181==    by 0x8000000000000000: ???
==77181==    by 0x6A733D7: ???
==77181==    by 0x10: ???
==77181==    by 0x15: ???
==77181==    by 0x6A7751F: ???
==77181==    by 0x8000000000000000: ???
==77181==    by 0x10: ???
==77181==    by 0x144: ???
==77181== 
==77181== 2 bytes in 1 blocks are definitely lost in loss record 123 of 793
==77181==    at 0x484D953: calloc (in /usr/libexec/valgrind/vgpreload_memcheck-amd64-linux.so)
==77181==    by 0x723DE9: __mn_alloc (in /mnt/c/Users/Juan/Documents/GitHub/Mapanare/mapanare/self/mnc-stage1)
==77181==    by 0x7245AB: __mn_str_from_parts (in /mnt/c/Users/Juan/Documents/GitHub/Mapanare/mapanare/self/mnc-stage1)
==77181==    by 0x41FA6B: lexer__scan_ident (in /mnt/c/Users/Juan/Documents/GitHub/Mapanare/mapanare/self/mnc-stage1)
==77181==    by 0x6A8849F: ???
==77181==    by 0x8000000000000001: ???
==77181==    by 0x6A733D7: ???
==77181==    by 0x10: ???
==77181==    by 0x15: ???
==77181==    by 0x6A7751F: ???
==77181==    by 0x8000000000000000: ???
==77181==    by 0x10: ???
==77181==    by 0x144: ???
==77181== 
==77181== 2 bytes in 1 blocks are definitely lost in loss record 124 of 793
==77181==    at 0x484D953: calloc (in /usr/libexec/valgrind/vgpreload_memcheck-amd64-linux.so)
==77181==    by 0x723DE9: __mn_alloc (in /mnt/c/Users/Juan/Documents/GitHub/Mapanare/mapanare/self/mnc-stage1)
==77181==    by 0x7245AB: __mn_str_from_parts (in /mnt/c/Users/Juan/Documents/GitHub/Mapanare/mapanare/self/mnc-stage1)
==77181==    by 0x41FA6B: lexer__scan_ident (in /mnt/c/Users/Juan/Documents/GitHub/Mapanare/mapanare/self/mnc-stage1)
==77181==    by 0x6A8853F: ???
==77181==    by 0x8000000000000002: ???
==77181==    by 0x6A733D7: ???
==77181==    by 0x10: ???
==77181==    by 0x15: ???
==77181==    by 0x6A7751F: ???
==77181==    by 0x8000000000000000: ???
==77181==    by 0x10: ???
==77181==    by 0x144: ???
==77181== 
==77181== 2 bytes in 1 blocks are definitely lost in loss record 125 of 793
==77181==    at 0x484D953: calloc (in /usr/libexec/valgrind/vgpreload_memcheck-amd64-linux.so)
==77181==    by 0x723DE9: __mn_alloc (in /mnt/c/Users/Juan/Documents/GitHub/Mapanare/mapanare/self/mnc-stage1)
==77181==    by 0x7245AB: __mn_str_from_parts (in /mnt/c/Users/Juan/Documents/GitHub/Mapanare/mapanare/self/mnc-stage1)
==77181==    by 0x41FA6B: lexer__scan_ident (in /mnt/c/Users/Juan/Documents/GitHub/Mapanare/mapanare/self/mnc-stage1)
==77181==    by 0x6A8885F: ???
==77181==    by 0x8000000000000000: ???
==77181==    by 0x6A733D7: ???
==77181==    by 0x16: ???
==77181==    by 0x15: ???
==77181==    by 0x6A7751F: ???
==77181==    by 0x8000000000000000: ???
==77181==    by 0x16: ???
==77181==    by 0x14A: ???
==77181== 
==77181== 2 bytes in 1 blocks are definitely lost in loss record 126 of 793
==77181==    at 0x484D953: calloc (in /usr/libexec/valgrind/vgpreload_memcheck-amd64-linux.so)
==77181==    by 0x723DE9: __mn_alloc (in /mnt/c/Users/Juan/Documents/GitHub/Mapanare/mapanare/self/mnc-stage1)
==77181==    by 0x7245AB: __mn_str_from_parts (in /mnt/c/Users/Juan/Documents/GitHub/Mapanare/mapanare/self/mnc-stage1)
==77181==    by 0x41FA6B: lexer__scan_ident (in /mnt/c/Users/Juan/Documents/GitHub/Mapanare/mapanare/self/mnc-stage1)
==77181==    by 0x6A888FF: ???
==77181==    by 0x8000000000000001: ???
==77181==    by 0x6A733D7: ???
==77181==    by 0x16: ???
==77181==    by 0x15: ???
==77181==    by 0x6A7751F: ???
==77181==    by 0x8000000000000000: ???
==77181==    by 0x16: ???
==77181==    by 0x14A: ???
==77181== 
==77181== 2 bytes in 1 blocks are definitely lost in loss record 127 of 793
==77181==    at 0x484D953: calloc (in /usr/libexec/valgrind/vgpreload_memcheck-amd64-linux.so)
==77181==    by 0x723DE9: __mn_alloc (in /mnt/c/Users/Juan/Documents/GitHub/Mapanare/mapanare/self/mnc-stage1)
==77181==    by 0x7245AB: __mn_str_from_parts (in /mnt/c/Users/Juan/Documents/GitHub/Mapanare/mapanare/self/mnc-stage1)
==77181==    by 0x41FA6B: lexer__scan_ident (in /mnt/c/Users/Juan/Documents/GitHub/Mapanare/mapanare/self/mnc-stage1)
==77181==    by 0x6A8899F: ???
==77181==    by 0x8000000000000002: ???
==77181==    by 0x6A733D7: ???
==77181==    by 0x16: ???
==77181==    by 0x15: ???
==77181==    by 0x6A7751F: ???
==77181==    by 0x8000000000000000: ???
==77181==    by 0x16: ???
==77181==    by 0x14A: ???
==77181== 
==77181== 2 bytes in 1 blocks are definitely lost in loss record 128 of 793
==77181==    at 0x484D953: calloc (in /usr/libexec/valgrind/vgpreload_memcheck-amd64-linux.so)
==77181==    by 0x723DE9: __mn_alloc (in /mnt/c/Users/Juan/Documents/GitHub/Mapanare/mapanare/self/mnc-stage1)
==77181==    by 0x7245AB: __mn_str_from_parts (in /mnt/c/Users/Juan/Documents/GitHub/Mapanare/mapanare/self/mnc-stage1)
==77181==    by 0x41FA6B: lexer__scan_ident (in /mnt/c/Users/Juan/Documents/GitHub/Mapanare/mapanare/self/mnc-stage1)
==77181==    by 0x6A88A3F: ???
==77181==    by 0x8000000000000003: ???
==77181==    by 0x6A733D7: ???
==77181==    by 0x16: ???
==77181==    by 0x15: ???
==77181==    by 0x6A7751F: ???
==77181==    by 0x8000000000000000: ???
==77181==    by 0x16: ???
==77181==    by 0x14A: ???
==77181== 
==77181== 2 bytes in 1 blocks are definitely lost in loss record 129 of 793
==77181==    at 0x484D953: calloc (in /usr/libexec/valgrind/vgpreload_memcheck-amd64-linux.so)
==77181==    by 0x723DE9: __mn_alloc (in /mnt/c/Users/Juan/Documents/GitHub/Mapanare/mapanare/self/mnc-stage1)
==77181==    by 0x7245AB: __mn_str_from_parts (in /mnt/c/Users/Juan/Documents/GitHub/Mapanare/mapanare/self/mnc-stage1)
==77181==    by 0x41FA6B: lexer__scan_ident (in /mnt/c/Users/Juan/Documents/GitHub/Mapanare/mapanare/self/mnc-stage1)
==77181==    by 0x6A88ADF: ???
==77181==    by 0x8000000000000004: ???
==77181==    by 0x6A733D7: ???
==77181==    by 0x16: ???
==77181==    by 0x15: ???
==77181==    by 0x6A7751F: ???
==77181==    by 0x8000000000000000: ???
==77181==    by 0x16: ???
==77181==    by 0x14A: ???
==77181== 
==77181== 2 bytes in 1 blocks are definitely lost in loss record 130 of 793
==77181==    at 0x484D953: calloc (in /usr/libexec/valgrind/vgpreload_memcheck-amd64-linux.so)
==77181==    by 0x723DE9: __mn_alloc (in /mnt/c/Users/Juan/Documents/GitHub/Mapanare/mapanare/self/mnc-stage1)
==77181==    by 0x7245AB: __mn_str_from_parts (in /mnt/c/Users/Juan/Documents/GitHub/Mapanare/mapanare/self/mnc-stage1)
==77181==    by 0x42002C: lexer__scan_number (in /mnt/c/Users/Juan/Documents/GitHub/Mapanare/mapanare/self/mnc-stage1)
==77181==    by 0x6A88DFF: ???
==77181==    by 0x6A73257: ???
==77181==    by 0x8000000000000000: ???
==77181==    by 0x6A88D0F: ???
==77181==    by 0x8000000000000000: ???
==77181== 
==77181== 2 bytes in 1 blocks are definitely lost in loss record 131 of 793
==77181==    at 0x484D953: calloc (in /usr/libexec/valgrind/vgpreload_memcheck-amd64-linux.so)
==77181==    by 0x723DE9: __mn_alloc (in /mnt/c/Users/Juan/Documents/GitHub/Mapanare/mapanare/self/mnc-stage1)
==77181==    by 0x7245AB: __mn_str_from_parts (in /mnt/c/Users/Juan/Documents/GitHub/Mapanare/mapanare/self/mnc-stage1)
==77181==    by 0x41FA6B: lexer__scan_ident (in /mnt/c/Users/Juan/Documents/GitHub/Mapanare/mapanare/self/mnc-stage1)
==77181==    by 0x6A8925F: ???
==77181==    by 0x8000000000000000: ???
==77181==    by 0x6A733D7: ???
==77181==    by 0x4: ???
==77181==    by 0x16: ???
==77181==    by 0x6A7751F: ???
==77181==    by 0x8000000000000000: ???
==77181==    by 0x4: ???
==77181==    by 0x159: ???
==77181== 
==77181== 2 bytes in 1 blocks are definitely lost in loss record 132 of 793
==77181==    at 0x484D953: calloc (in /usr/libexec/valgrind/vgpreload_memcheck-amd64-linux.so)
==77181==    by 0x723DE9: __mn_alloc (in /mnt/c/Users/Juan/Documents/GitHub/Mapanare/mapanare/self/mnc-stage1)
==77181==    by 0x7245AB: __mn_str_from_parts (in /mnt/c/Users/Juan/Documents/GitHub/Mapanare/mapanare/self/mnc-stage1)
==77181==    by 0x41FA6B: lexer__scan_ident (in /mnt/c/Users/Juan/Documents/GitHub/Mapanare/mapanare/self/mnc-stage1)
==77181==    by 0x6A892FF: ???
==77181==    by 0x8000000000000001: ???
==77181==    by 0x6A733D7: ???
==77181==    by 0x4: ???
==77181==    by 0x16: ???
==77181==    by 0x6A7751F: ???
==77181==    by 0x8000000000000000: ???
==77181==    by 0x4: ???
==77181==    by 0x159: ???
==77181== 
==77181== 2 bytes in 1 blocks are definitely lost in loss record 133 of 793
==77181==    at 0x484D953: calloc (in /usr/libexec/valgrind/vgpreload_memcheck-amd64-linux.so)
==77181==    by 0x723DE9: __mn_alloc (in /mnt/c/Users/Juan/Documents/GitHub/Mapanare/mapanare/self/mnc-stage1)
==77181==    by 0x7245AB: __mn_str_from_parts (in /mnt/c/Users/Juan/Documents/GitHub/Mapanare/mapanare/self/mnc-stage1)
==77181==    by 0x41FA6B: lexer__scan_ident (in /mnt/c/Users/Juan/Documents/GitHub/Mapanare/mapanare/self/mnc-stage1)
==77181==    by 0x6A8939F: ???
==77181==    by 0x8000000000000002: ???
==77181==    by 0x6A733D7: ???
==77181==    by 0x4: ???
==77181==    by 0x16: ???
==77181==    by 0x6A7751F: ???
==77181==    by 0x8000000000000000: ???
==77181==    by 0x4: ???
==77181==    by 0x159: ???
==77181== 
==77181== 2 bytes in 1 blocks are definitely lost in loss record 134 of 793
==77181==    at 0x484D953: calloc (in /usr/libexec/valgrind/vgpreload_memcheck-amd64-linux.so)
==77181==    by 0x723DE9: __mn_alloc (in /mnt/c/Users/Juan/Documents/GitHub/Mapanare/mapanare/self/mnc-stage1)
==77181==    by 0x7245AB: __mn_str_from_parts (in /mnt/c/Users/Juan/Documents/GitHub/Mapanare/mapanare/self/mnc-stage1)
==77181==    by 0x41FA6B: lexer__scan_ident (in /mnt/c/Users/Juan/Documents/GitHub/Mapanare/mapanare/self/mnc-stage1)
==77181==    by 0x6A8943F: ???
==77181==    by 0x8000000000000003: ???
==77181==    by 0x6A733D7: ???
==77181==    by 0x4: ???
==77181==    by 0x16: ???
==77181==    by 0x6A7751F: ???
==77181==    by 0x8000000000000000: ???
==77181==    by 0x4: ???
==77181==    by 0x159: ???
==77181== 
==77181== 2 bytes in 1 blocks are definitely lost in loss record 135 of 793
==77181==    at 0x484D953: calloc (in /usr/libexec/valgrind/vgpreload_memcheck-amd64-linux.so)
==77181==    by 0x723DE9: __mn_alloc (in /mnt/c/Users/Juan/Documents/GitHub/Mapanare/mapanare/self/mnc-stage1)
==77181==    by 0x7245AB: __mn_str_from_parts (in /mnt/c/Users/Juan/Documents/GitHub/Mapanare/mapanare/self/mnc-stage1)
==77181==    by 0x41FA6B: lexer__scan_ident (in /mnt/c/Users/Juan/Documents/GitHub/Mapanare/mapanare/self/mnc-stage1)
==77181==    by 0x6A894DF: ???
==77181==    by 0x8000000000000004: ???
==77181==    by 0x6A733D7: ???
==77181==    by 0x4: ???
==77181==    by 0x16: ???
==77181==    by 0x6A7751F: ???
==77181==    by 0x8000000000000000: ???
==77181==    by 0x4: ???
==77181==    by 0x159: ???
==77181== 
==77181== 2 bytes in 1 blocks are definitely lost in loss record 136 of 793
==77181==    at 0x484D953: calloc (in /usr/libexec/valgrind/vgpreload_memcheck-amd64-linux.so)
==77181==    by 0x723DE9: __mn_alloc (in /mnt/c/Users/Juan/Documents/GitHub/Mapanare/mapanare/self/mnc-stage1)
==77181==    by 0x7245AB: __mn_str_from_parts (in /mnt/c/Users/Juan/Documents/GitHub/Mapanare/mapanare/self/mnc-stage1)
==77181==    by 0x41FA6B: lexer__scan_ident (in /mnt/c/Users/Juan/Documents/GitHub/Mapanare/mapanare/self/mnc-stage1)
==77181==    by 0x6A8975F: ???
==77181==    by 0x8000000000000000: ???
==77181==    by 0x6A733D7: ???
==77181==    by 0xA: ???
==77181==    by 0x16: ???
==77181==    by 0x6A7751F: ???
==77181==    by 0x8000000000000000: ???
==77181==    by 0xA: ???
==77181==    by 0x15F: ???
==77181== 
==77181== 2 bytes in 1 blocks are definitely lost in loss record 137 of 793
==77181==    at 0x484D953: calloc (in /usr/libexec/valgrind/vgpreload_memcheck-amd64-linux.so)
==77181==    by 0x723DE9: __mn_alloc (in /mnt/c/Users/Juan/Documents/GitHub/Mapanare/mapanare/self/mnc-stage1)
==77181==    by 0x7245AB: __mn_str_from_parts (in /mnt/c/Users/Juan/Documents/GitHub/Mapanare/mapanare/self/mnc-stage1)
==77181==    by 0x41FA6B: lexer__scan_ident (in /mnt/c/Users/Juan/Documents/GitHub/Mapanare/mapanare/self/mnc-stage1)
==77181==    by 0x6A899DF: ???
==77181==    by 0x8000000000000000: ???
==77181==    by 0x6A733D7: ???
==77181==    by 0xC: ???
==77181==    by 0x16: ???
==77181==    by 0x6A7751F: ???
==77181==    by 0x8000000000000000: ???
==77181==    by 0xC: ???
==77181==    by 0x161: ???
==77181== 
==77181== 2 bytes in 1 blocks are definitely lost in loss record 138 of 793
==77181==    at 0x484D953: calloc (in /usr/libexec/valgrind/vgpreload_memcheck-amd64-linux.so)
==77181==    by 0x723DE9: __mn_alloc (in /mnt/c/Users/Juan/Documents/GitHub/Mapanare/mapanare/self/mnc-stage1)
==77181==    by 0x7245AB: __mn_str_from_parts (in /mnt/c/Users/Juan/Documents/GitHub/Mapanare/mapanare/self/mnc-stage1)
==77181==    by 0x41FA6B: lexer__scan_ident (in /mnt/c/Users/Juan/Documents/GitHub/Mapanare/mapanare/self/mnc-stage1)
==77181==    by 0x6A89A7F: ???
==77181==    by 0x8000000000000001: ???
==77181==    by 0x6A733D7: ???
==77181==    by 0xC: ???
==77181==    by 0x16: ???
==77181==    by 0x6A7751F: ???
==77181==    by 0x8000000000000000: ???
==77181==    by 0xC: ???
==77181==    by 0x161: ???
==77181== 
==77181== 2 bytes in 1 blocks are definitely lost in loss record 139 of 793
==77181==    at 0x484D953: calloc (in /usr/libexec/valgrind/vgpreload_memcheck-amd64-linux.so)
==77181==    by 0x723DE9: __mn_alloc (in /mnt/c/Users/Juan/Documents/GitHub/Mapanare/mapanare/self/mnc-stage1)
==77181==    by 0x7245AB: __mn_str_from_parts (in /mnt/c/Users/Juan/Documents/GitHub/Mapanare/mapanare/self/mnc-stage1)
==77181==    by 0x41FA6B: lexer__scan_ident (in /mnt/c/Users/Juan/Documents/GitHub/Mapanare/mapanare/self/mnc-stage1)
==77181==    by 0x6A89B1F: ???
==77181==    by 0x8000000000000002: ???
==77181==    by 0x6A733D7: ???
==77181==    by 0xC: ???
==77181==    by 0x16: ???
==77181==    by 0x6A7751F: ???
==77181==    by 0x8000000000000000: ???
==77181==    by 0xC: ???
==77181==    by 0x161: ???
==77181== 
==77181== 3 bytes in 1 blocks are indirectly lost in loss record 140 of 793
==77181==    at 0x484D953: calloc (in /usr/libexec/valgrind/vgpreload_memcheck-amd64-linux.so)
==77181==    by 0x723DE9: __mn_alloc (in /mnt/c/Users/Juan/Documents/GitHub/Mapanare/mapanare/self/mnc-stage1)
==77181==    by 0x7249CE: __mn_str_concat (in /mnt/c/Users/Juan/Documents/GitHub/Mapanare/mapanare/self/mnc-stage1)
==77181==    by 0x41FA94: lexer__scan_ident (in /mnt/c/Users/Juan/Documents/GitHub/Mapanare/mapanare/self/mnc-stage1)
==77181==    by 0x6A7C0CF: ???
==77181==    by 0x8000000000000000: ???
==77181==    by 0x6A733D7: ???
==77181==    by 0x4: ???
==77181==    by 0x7: ???
==77181==    by 0x6A7751F: ???
==77181==    by 0x8000000000000000: ???
==77181==    by 0x4: ???
==77181==    by 0x70: ???
==77181== 
==77181== 3 bytes in 1 blocks are indirectly lost in loss record 141 of 793
==77181==    at 0x484D953: calloc (in /usr/libexec/valgrind/vgpreload_memcheck-amd64-linux.so)
==77181==    by 0x723DE9: __mn_alloc (in /mnt/c/Users/Juan/Documents/GitHub/Mapanare/mapanare/self/mnc-stage1)
==77181==    by 0x7249CE: __mn_str_concat (in /mnt/c/Users/Juan/Documents/GitHub/Mapanare/mapanare/self/mnc-stage1)
==77181==    by 0x41FA94: lexer__scan_ident (in /mnt/c/Users/Juan/Documents/GitHub/Mapanare/mapanare/self/mnc-stage1)
==77181==    by 0x6A7E46F: ???
==77181==    by 0x8000000000000000: ???
==77181==    by 0x6A733D7: ???
==77181==    by 0x4: ???
==77181==    by 0xB: ???
==77181==    by 0x6A7751F: ???
==77181==    by 0x8000000000000000: ???
==77181==    by 0x4: ???
==77181==    by 0xA9: ???
==77181== 
==77181== 3 bytes in 1 blocks are indirectly lost in loss record 142 of 793
==77181==    at 0x484D953: calloc (in /usr/libexec/valgrind/vgpreload_memcheck-amd64-linux.so)
==77181==    by 0x723DE9: __mn_alloc (in /mnt/c/Users/Juan/Documents/GitHub/Mapanare/mapanare/self/mnc-stage1)
==77181==    by 0x7249CE: __mn_str_concat (in /mnt/c/Users/Juan/Documents/GitHub/Mapanare/mapanare/self/mnc-stage1)
==77181==    by 0x41FA94: lexer__scan_ident (in /mnt/c/Users/Juan/Documents/GitHub/Mapanare/mapanare/self/mnc-stage1)
==77181==    by 0x6A8171F: ???
==77181==    by 0x8000000000000000: ???
==77181==    by 0x6A733D7: ???
==77181== 
==77181== 3 bytes in 1 blocks are indirectly lost in loss record 143 of 793
==77181==    at 0x484D953: calloc (in /usr/libexec/valgrind/vgpreload_memcheck-amd64-linux.so)
==77181==    by 0x723DE9: __mn_alloc (in /mnt/c/Users/Juan/Documents/GitHub/Mapanare/mapanare/self/mnc-stage1)
==77181==    by 0x7249CE: __mn_str_concat (in /mnt/c/Users/Juan/Documents/GitHub/Mapanare/mapanare/self/mnc-stage1)
==77181==    by 0x420082: lexer__scan_number (in /mnt/c/Users/Juan/Documents/GitHub/Mapanare/mapanare/self/mnc-stage1)
==77181==    by 0x6A8351F: ???
==77181==    by 0x6A73257: ???
==77181==    by 0x8000000000000000: ???
==77181==    by 0x6A8342F: ???
==77181==    by 0x8000000000000000: ???
==77181== 
==77181== 3 bytes in 1 blocks are indirectly lost in loss record 144 of 793
==77181==    at 0x484D953: calloc (in /usr/libexec/valgrind/vgpreload_memcheck-amd64-linux.so)
==77181==    by 0x723DE9: __mn_alloc (in /mnt/c/Users/Juan/Documents/GitHub/Mapanare/mapanare/self/mnc-stage1)
==77181==    by 0x7249CE: __mn_str_concat (in /mnt/c/Users/Juan/Documents/GitHub/Mapanare/mapanare/self/mnc-stage1)
==77181==    by 0x420082: lexer__scan_number (in /mnt/c/Users/Juan/Documents/GitHub/Mapanare/mapanare/self/mnc-stage1)
==77181==    by 0x6A874AF: ???
==77181==    by 0x6A73257: ???
==77181==    by 0x8000000000000000: ???
==77181==    by 0x6A873BF: ???
==77181==    by 0x8000000000000000: ???
==77181== 
==77181== 3 bytes in 1 blocks are definitely lost in loss record 145 of 793
==77181==    at 0x484D953: calloc (in /usr/libexec/valgrind/vgpreload_memcheck-amd64-linux.so)
==77181==    by 0x723DE9: __mn_alloc (in /mnt/c/Users/Juan/Documents/GitHub/Mapanare/mapanare/self/mnc-stage1)
==77181==    by 0x7249CE: __mn_str_concat (in /mnt/c/Users/Juan/Documents/GitHub/Mapanare/mapanare/self/mnc-stage1)
==77181==    by 0x41FA94: lexer__scan_ident (in /mnt/c/Users/Juan/Documents/GitHub/Mapanare/mapanare/self/mnc-stage1)
==77181==    by 0x6A78ACF: ???
==77181==    by 0x8000000000000000: ???
==77181==    by 0x6A733D7: ???
==77181== 
==77181== 3 bytes in 1 blocks are definitely lost in loss record 146 of 793
==77181==    at 0x484D953: calloc (in /usr/libexec/valgrind/vgpreload_memcheck-amd64-linux.so)
==77181==    by 0x723DE9: __mn_alloc (in /mnt/c/Users/Juan/Documents/GitHub/Mapanare/mapanare/self/mnc-stage1)
==77181==    by 0x7249CE: __mn_str_concat (in /mnt/c/Users/Juan/Documents/GitHub/Mapanare/mapanare/self/mnc-stage1)
==77181==    by 0x41FA94: lexer__scan_ident (in /mnt/c/Users/Juan/Documents/GitHub/Mapanare/mapanare/self/mnc-stage1)
==77181==    by 0x6A7921F: ???
==77181==    by 0x8000000000000000: ???
==77181==    by 0x6A733D7: ???
==77181==    by 0x7: ???
==77181==    by 0x2: ???
==77181==    by 0x6A7751F: ???
==77181==    by 0x8000000000000000: ???
==77181==    by 0x7: ???
==77181==    by 0x42: ???
==77181== 
==77181== 3 bytes in 1 blocks are definitely lost in loss record 147 of 793
==77181==    at 0x484D953: calloc (in /usr/libexec/valgrind/vgpreload_memcheck-amd64-linux.so)
==77181==    by 0x723DE9: __mn_alloc (in /mnt/c/Users/Juan/Documents/GitHub/Mapanare/mapanare/self/mnc-stage1)
==77181==    by 0x7249CE: __mn_str_concat (in /mnt/c/Users/Juan/Documents/GitHub/Mapanare/mapanare/self/mnc-stage1)
==77181==    by 0x41FA94: lexer__scan_ident (in /mnt/c/Users/Juan/Documents/GitHub/Mapanare/mapanare/self/mnc-stage1)
==77181==    by 0x6A79B2F: ???
==77181==    by 0x8000000000000000: ???
==77181==    by 0x6A733D7: ???
==77181==    by 0x4: ???
==77181==    by 0x3: ???
==77181==    by 0x6A7751F: ???
==77181==    by 0x8000000000000000: ???
==77181==    by 0x4: ???
==77181==    by 0x4F: ???
==77181== 
==77181== 3 bytes in 1 blocks are definitely lost in loss record 148 of 793
==77181==    at 0x484D953: calloc (in /usr/libexec/valgrind/vgpreload_memcheck-amd64-linux.so)
==77181==    by 0x723DE9: __mn_alloc (in /mnt/c/Users/Juan/Documents/GitHub/Mapanare/mapanare/self/mnc-stage1)
==77181==    by 0x7249CE: __mn_str_concat (in /mnt/c/Users/Juan/Documents/GitHub/Mapanare/mapanare/self/mnc-stage1)
==77181==    by 0x41FA94: lexer__scan_ident (in /mnt/c/Users/Juan/Documents/GitHub/Mapanare/mapanare/self/mnc-stage1)
==77181==    by 0x6A7A83F: ???
==77181==    by 0x8000000000000000: ???
==77181==    by 0x6A733D7: ???
==77181== 
==77181== 3 bytes in 1 blocks are definitely lost in loss record 149 of 793
==77181==    at 0x484D953: calloc (in /usr/libexec/valgrind/vgpreload_memcheck-amd64-linux.so)
==77181==    by 0x723DE9: __mn_alloc (in /mnt/c/Users/Juan/Documents/GitHub/Mapanare/mapanare/self/mnc-stage1)
==77181==    by 0x7249CE: __mn_str_concat (in /mnt/c/Users/Juan/Documents/GitHub/Mapanare/mapanare/self/mnc-stage1)
==77181==    by 0x41FA94: lexer__scan_ident (in /mnt/c/Users/Juan/Documents/GitHub/Mapanare/mapanare/self/mnc-stage1)
==77181==    by 0x6A7AF6F: ???
==77181==    by 0x8000000000000000: ???
==77181==    by 0x6A733D7: ???
==77181==    by 0x8: ???
==77181==    by 0x6: ???
==77181==    by 0x6A7751F: ???
==77181==    by 0x8000000000000000: ???
==77181==    by 0x8: ???
==77181==    by 0x63: ???
==77181== 
==77181== 3 bytes in 1 blocks are definitely lost in loss record 150 of 793
==77181==    at 0x484D953: calloc (in /usr/libexec/valgrind/vgpreload_memcheck-amd64-linux.so)
==77181==    by 0x723DE9: __mn_alloc (in /mnt/c/Users/Juan/Documents/GitHub/Mapanare/mapanare/self/mnc-stage1)
==77181==    by 0x7249CE: __mn_str_concat (in /mnt/c/Users/Juan/Documents/GitHub/Mapanare/mapanare/self/mnc-stage1)
==77181==    by 0x41FA94: lexer__scan_ident (in /mnt/c/Users/Juan/Documents/GitHub/Mapanare/mapanare/self/mnc-stage1)
==77181==    by 0x6A7C34F: ???
==77181==    by 0x8000000000000000: ???
==77181==    by 0x6A733D7: ???
==77181==    by 0x7: ???
==77181==    by 0x7: ???
==77181==    by 0x6A7751F: ???
==77181==    by 0x8000000000000000: ???
==77181==    by 0x7: ???
==77181==    by 0x73: ???
==77181== 
==77181== 3 bytes in 1 blocks are definitely lost in loss record 151 of 793
==77181==    at 0x484D953: calloc (in /usr/libexec/valgrind/vgpreload_memcheck-amd64-linux.so)
==77181==    by 0x723DE9: __mn_alloc (in /mnt/c/Users/Juan/Documents/GitHub/Mapanare/mapanare/self/mnc-stage1)
==77181==    by 0x7249CE: __mn_str_concat (in /mnt/c/Users/Juan/Documents/GitHub/Mapanare/mapanare/self/mnc-stage1)
==77181==    by 0x41FA94: lexer__scan_ident (in /mnt/c/Users/Juan/Documents/GitHub/Mapanare/mapanare/self/mnc-stage1)
==77181==    by 0x6A7C70F: ???
==77181==    by 0x8000000000000000: ???
==77181==    by 0x6A733D7: ???
==77181==    by 0xB: ???
==77181==    by 0x7: ???
==77181==    by 0x6A7751F: ???
==77181==    by 0x8000000000000000: ???
==77181==    by 0xB: ???
==77181==    by 0x77: ???
==77181== 
==77181== 3 bytes in 1 blocks are definitely lost in loss record 152 of 793
==77181==    at 0x484D953: calloc (in /usr/libexec/valgrind/vgpreload_memcheck-amd64-linux.so)
==77181==    by 0x723DE9: __mn_alloc (in /mnt/c/Users/Juan/Documents/GitHub/Mapanare/mapanare/self/mnc-stage1)
==77181==    by 0x7249CE: __mn_str_concat (in /mnt/c/Users/Juan/Documents/GitHub/Mapanare/mapanare/self/mnc-stage1)
==77181==    by 0x41FA94: lexer__scan_ident (in /mnt/c/Users/Juan/Documents/GitHub/Mapanare/mapanare/self/mnc-stage1)
==77181==    by 0x6A7D29F: ???
==77181==    by 0x8000000000000000: ???
==77181==    by 0x6A733D7: ???
==77181==    by 0x8: ???
==77181==    by 0x8: ???
==77181==    by 0x6A7751F: ???
==77181==    by 0x8000000000000000: ???
==77181==    by 0x8: ???
==77181==    by 0x8C: ???
==77181== 
==77181== 3 bytes in 1 blocks are definitely lost in loss record 153 of 793
==77181==    at 0x484D953: calloc (in /usr/libexec/valgrind/vgpreload_memcheck-amd64-linux.so)
==77181==    by 0x723DE9: __mn_alloc (in /mnt/c/Users/Juan/Documents/GitHub/Mapanare/mapanare/self/mnc-stage1)
==77181==    by 0x7249CE: __mn_str_concat (in /mnt/c/Users/Juan/Documents/GitHub/Mapanare/mapanare/self/mnc-stage1)
==77181==    by 0x41FA94: lexer__scan_ident (in /mnt/c/Users/Juan/Documents/GitHub/Mapanare/mapanare/self/mnc-stage1)
==77181==    by 0x6A7D79F: ???
==77181==    by 0x8000000000000000: ???
==77181==    by 0x6A733D7: ???
==77181==    by 0xF: ???
==77181==    by 0x8: ???
==77181==    by 0x6A7751F: ???
==77181==    by 0x8000000000000000: ???
==77181==    by 0xF: ???
==77181==    by 0x93: ???
==77181== 
==77181== 3 bytes in 1 blocks are definitely lost in loss record 154 of 793
==77181==    at 0x484D953: calloc (in /usr/libexec/valgrind/vgpreload_memcheck-amd64-linux.so)
==77181==    by 0x723DE9: __mn_alloc (in /mnt/c/Users/Juan/Documents/GitHub/Mapanare/mapanare/self/mnc-stage1)
==77181==    by 0x7249CE: __mn_str_concat (in /mnt/c/Users/Juan/Documents/GitHub/Mapanare/mapanare/self/mnc-stage1)
==77181==    by 0x41FA94: lexer__scan_ident (in /mnt/c/Users/Juan/Documents/GitHub/Mapanare/mapanare/self/mnc-stage1)
==77181==    by 0x6A7DBFF: ???
==77181==    by 0x8000000000000000: ???
==77181==    by 0x6A733D7: ???
==77181==    by 0x14: ???
==77181==    by 0x8: ???
==77181==    by 0x6A7751F: ???
==77181==    by 0x8000000000000000: ???
==77181==    by 0x14: ???
==77181==    by 0x98: ???
==77181== 
==77181== 3 bytes in 1 blocks are definitely lost in loss record 155 of 793
==77181==    at 0x484D953: calloc (in /usr/libexec/valgrind/vgpreload_memcheck-amd64-linux.so)
==77181==    by 0x723DE9: __mn_alloc (in /mnt/c/Users/Juan/Documents/GitHub/Mapanare/mapanare/self/mnc-stage1)
==77181==    by 0x7249CE: __mn_str_concat (in /mnt/c/Users/Juan/Documents/GitHub/Mapanare/mapanare/self/mnc-stage1)
==77181==    by 0x41FA94: lexer__scan_ident (in /mnt/c/Users/Juan/Documents/GitHub/Mapanare/mapanare/self/mnc-stage1)
==77181==    by 0x6A7F73F: ???
==77181==    by 0x8000000000000000: ???
==77181==    by 0x6A733D7: ???
==77181==    by 0x7: ???
==77181==    by 0xB: ???
==77181==    by 0x6A7751F: ???
==77181==    by 0x8000000000000000: ???
==77181==    by 0x7: ???
==77181==    by 0xAC: ???
==77181== 
==77181== 3 bytes in 1 blocks are definitely lost in loss record 156 of 793
==77181==    at 0x484D953: calloc (in /usr/libexec/valgrind/vgpreload_memcheck-amd64-linux.so)
==77181==    by 0x723DE9: __mn_alloc (in /mnt/c/Users/Juan/Documents/GitHub/Mapanare/mapanare/self/mnc-stage1)
==77181==    by 0x7249CE: __mn_str_concat (in /mnt/c/Users/Juan/Documents/GitHub/Mapanare/mapanare/self/mnc-stage1)
==77181==    by 0x41FA94: lexer__scan_ident (in /mnt/c/Users/Juan/Documents/GitHub/Mapanare/mapanare/self/mnc-stage1)
==77181==    by 0x6A7FAFF: ???
==77181==    by 0x8000000000000000: ???
==77181==    by 0x6A733D7: ???
==77181==    by 0xB: ???
==77181==    by 0xB: ???
==77181==    by 0x6A7751F: ???
==77181==    by 0x8000000000000000: ???
==77181==    by 0xB: ???
==77181==    by 0xB0: ???
==77181== 
==77181== 3 bytes in 1 blocks are definitely lost in loss record 157 of 793
==77181==    at 0x484D953: calloc (in /usr/libexec/valgrind/vgpreload_memcheck-amd64-linux.so)
==77181==    by 0x723DE9: __mn_alloc (in /mnt/c/Users/Juan/Documents/GitHub/Mapanare/mapanare/self/mnc-stage1)
==77181==    by 0x7249CE: __mn_str_concat (in /mnt/c/Users/Juan/Documents/GitHub/Mapanare/mapanare/self/mnc-stage1)
==77181==    by 0x41FA94: lexer__scan_ident (in /mnt/c/Users/Juan/Documents/GitHub/Mapanare/mapanare/self/mnc-stage1)
==77181==    by 0x6A80C2F: ???
==77181==    by 0x8000000000000000: ???
==77181==    by 0x6A733D7: ???
==77181==    by 0x8: ???
==77181==    by 0xC: ???
==77181==    by 0x6A7751F: ???
==77181==    by 0x8000000000000000: ???
==77181==    by 0x8: ???
==77181==    by 0xCB: ???
==77181== 
==77181== 3 bytes in 1 blocks are definitely lost in loss record 158 of 793
==77181==    at 0x484D953: calloc (in /usr/libexec/valgrind/vgpreload_memcheck-amd64-linux.so)
==77181==    by 0x723DE9: __mn_alloc (in /mnt/c/Users/Juan/Documents/GitHub/Mapanare/mapanare/self/mnc-stage1)
==77181==    by 0x7249CE: __mn_str_concat (in /mnt/c/Users/Juan/Documents/GitHub/Mapanare/mapanare/self/mnc-stage1)
==77181==    by 0x41FA94: lexer__scan_ident (in /mnt/c/Users/Juan/Documents/GitHub/Mapanare/mapanare/self/mnc-stage1)
==77181==    by 0x6A8199F: ???
==77181==    by 0x8000000000000000: ???
==77181==    by 0x6A733D7: ???
==77181==    by 0x3: ???
==77181==    by 0x10: ???
==77181==    by 0x6A7751F: ???
==77181==    by 0x8000000000000000: ???
==77181==    by 0x3: ???
==77181==    by 0xE0: ???
==77181== 
==77181== 3 bytes in 1 blocks are definitely lost in loss record 159 of 793
==77181==    at 0x484D953: calloc (in /usr/libexec/valgrind/vgpreload_memcheck-amd64-linux.so)
==77181==    by 0x723DE9: __mn_alloc (in /mnt/c/Users/Juan/Documents/GitHub/Mapanare/mapanare/self/mnc-stage1)
==77181==    by 0x7249CE: __mn_str_concat (in /mnt/c/Users/Juan/Documents/GitHub/Mapanare/mapanare/self/mnc-stage1)
==77181==    by 0x41FA94: lexer__scan_ident (in /mnt/c/Users/Juan/Documents/GitHub/Mapanare/mapanare/self/mnc-stage1)
==77181==    by 0x6A821BF: ???
==77181==    by 0x8000000000000000: ???
==77181==    by 0x6A733D7: ???
==77181==    by 0x4: ???
==77181==    by 0x11: ???
==77181==    by 0x6A7751F: ???
==77181==    by 0x8000000000000000: ???
==77181==    by 0x4: ???
==77181==    by 0xED: ???
==77181== 
==77181== 3 bytes in 1 blocks are definitely lost in loss record 160 of 793
==77181==    at 0x484D953: calloc (in /usr/libexec/valgrind/vgpreload_memcheck-amd64-linux.so)
==77181==    by 0x723DE9: __mn_alloc (in /mnt/c/Users/Juan/Documents/GitHub/Mapanare/mapanare/self/mnc-stage1)
==77181==    by 0x7249CE: __mn_str_concat (in /mnt/c/Users/Juan/Documents/GitHub/Mapanare/mapanare/self/mnc-stage1)
==77181==    by 0x41FA94: lexer__scan_ident (in /mnt/c/Users/Juan/Documents/GitHub/Mapanare/mapanare/self/mnc-stage1)
==77181==    by 0x6A827FF: ???
==77181==    by 0x8000000000000000: ???
==77181==    by 0x6A733D7: ???
==77181==    by 0xC: ???
==77181==    by 0x11: ???
==77181==    by 0x6A7751F: ???
==77181==    by 0x8000000000000000: ???
==77181==    by 0xC: ???
==77181==    by 0xF5: ???
==77181== 
==77181== 3 bytes in 1 blocks are definitely lost in loss record 161 of 793
==77181==    at 0x484D953: calloc (in /usr/libexec/valgrind/vgpreload_memcheck-amd64-linux.so)
==77181==    by 0x723DE9: __mn_alloc (in /mnt/c/Users/Juan/Documents/GitHub/Mapanare/mapanare/self/mnc-stage1)
==77181==    by 0x7249CE: __mn_str_concat (in /mnt/c/Users/Juan/Documents/GitHub/Mapanare/mapanare/self/mnc-stage1)
==77181==    by 0x41FA94: lexer__scan_ident (in /mnt/c/Users/Juan/Documents/GitHub/Mapanare/mapanare/self/mnc-stage1)
==77181==    by 0x6A82B1F: ???
==77181==    by 0x8000000000000000: ???
==77181==    by 0x6A733D7: ???
==77181==    by 0x10: ???
==77181==    by 0x11: ???
==77181==    by 0x6A7751F: ???
==77181==    by 0x8000000000000000: ???
==77181==    by 0x10: ???
==77181==    by 0xF9: ???
==77181== 
==77181== 3 bytes in 1 blocks are definitely lost in loss record 162 of 793
==77181==    at 0x484D953: calloc (in /usr/libexec/valgrind/vgpreload_memcheck-amd64-linux.so)
==77181==    by 0x723DE9: __mn_alloc (in /mnt/c/Users/Juan/Documents/GitHub/Mapanare/mapanare/self/mnc-stage1)
==77181==    by 0x7249CE: __mn_str_concat (in /mnt/c/Users/Juan/Documents/GitHub/Mapanare/mapanare/self/mnc-stage1)
==77181==    by 0x41FA94: lexer__scan_ident (in /mnt/c/Users/Juan/Documents/GitHub/Mapanare/mapanare/self/mnc-stage1)
==77181==    by 0x6A82F7F: ???
==77181==    by 0x8000000000000000: ???
==77181==    by 0x6A733D7: ???
==77181==    by 0x16: ???
==77181==    by 0x11: ???
==77181==    by 0x6A7751F: ???
==77181==    by 0x8000000000000000: ???
==77181==    by 0x16: ???
==77181==    by 0xFF: ???
==77181== 
==77181== 3 bytes in 1 blocks are definitely lost in loss record 163 of 793
==77181==    at 0x484D953: calloc (in /usr/libexec/valgrind/vgpreload_memcheck-amd64-linux.so)
==77181==    by 0x723DE9: __mn_alloc (in /mnt/c/Users/Juan/Documents/GitHub/Mapanare/mapanare/self/mnc-stage1)
==77181==    by 0x7249CE: __mn_str_concat (in /mnt/c/Users/Juan/Documents/GitHub/Mapanare/mapanare/self/mnc-stage1)
==77181==    by 0x41FA94: lexer__scan_ident (in /mnt/c/Users/Juan/Documents/GitHub/Mapanare/mapanare/self/mnc-stage1)
==77181==    by 0x6A83A1F: ???
==77181==    by 0x8000000000000000: ???
==77181==    by 0x6A733D7: ???
==77181==    by 0x4: ???
==77181==    by 0x12: ???
==77181==    by 0x6A7751F: ???
==77181==    by 0x8000000000000000: ???
==77181==    by 0x4: ???
==77181==    by 0x10F: ???
==77181== 
==77181== 3 bytes in 1 blocks are definitely lost in loss record 164 of 793
==77181==    at 0x484D953: calloc (in /usr/libexec/valgrind/vgpreload_memcheck-amd64-linux.so)
==77181==    by 0x723DE9: __mn_alloc (in /mnt/c/Users/Juan/Documents/GitHub/Mapanare/mapanare/self/mnc-stage1)
==77181==    by 0x7249CE: __mn_str_concat (in /mnt/c/Users/Juan/Documents/GitHub/Mapanare/mapanare/self/mnc-stage1)
==77181==    by 0x41FA94: lexer__scan_ident (in /mnt/c/Users/Juan/Documents/GitHub/Mapanare/mapanare/self/mnc-stage1)
==77181==    by 0x6A861EF: ???
==77181==    by 0x8000000000000000: ???
==77181==    by 0x6A733D7: ???
==77181==    by 0xC: ???
==77181==    by 0x12: ???
==77181==    by 0x6A7751F: ???
==77181==    by 0x8000000000000000: ???
==77181==    by 0xC: ???
==77181==    by 0x117: ???
==77181== 
==77181== 3 bytes in 1 blocks are definitely lost in loss record 165 of 793
==77181==    at 0x484D953: calloc (in /usr/libexec/valgrind/vgpreload_memcheck-amd64-linux.so)
==77181==    by 0x723DE9: __mn_alloc (in /mnt/c/Users/Juan/Documents/GitHub/Mapanare/mapanare/self/mnc-stage1)
==77181==    by 0x7249CE: __mn_str_concat (in /mnt/c/Users/Juan/Documents/GitHub/Mapanare/mapanare/self/mnc-stage1)
==77181==    by 0x41FA94: lexer__scan_ident (in /mnt/c/Users/Juan/Documents/GitHub/Mapanare/mapanare/self/mnc-stage1)
==77181==    by 0x6A8691F: ???
==77181==    by 0x8000000000000000: ???
==77181==    by 0x6A733D7: ???
==77181==    by 0x4: ???
==77181==    by 0x13: ???
==77181==    by 0x6A7751F: ???
==77181==    by 0x8000000000000000: ???
==77181==    by 0x4: ???
==77181==    by 0x122: ???
==77181== 
==77181== 3 bytes in 1 blocks are definitely lost in loss record 166 of 793
==77181==    at 0x484D953: calloc (in /usr/libexec/valgrind/vgpreload_memcheck-amd64-linux.so)
==77181==    by 0x723DE9: __mn_alloc (in /mnt/c/Users/Juan/Documents/GitHub/Mapanare/mapanare/self/mnc-stage1)
==77181==    by 0x7249CE: __mn_str_concat (in /mnt/c/Users/Juan/Documents/GitHub/Mapanare/mapanare/self/mnc-stage1)
==77181==    by 0x41FA94: lexer__scan_ident (in /mnt/c/Users/Juan/Documents/GitHub/Mapanare/mapanare/self/mnc-stage1)
==77181==    by 0x6A8709F: ???
==77181==    by 0x8000000000000000: ???
==77181==    by 0x6A733D7: ???
==77181==    by 0xC: ???
==77181==    by 0x13: ???
==77181==    by 0x6A7751F: ???
==77181==    by 0x8000000000000000: ???
==77181==    by 0xC: ???
==77181==    by 0x12A: ???
==77181== 
==77181== 3 bytes in 1 blocks are definitely lost in loss record 167 of 793
==77181==    at 0x484D953: calloc (in /usr/libexec/valgrind/vgpreload_memcheck-amd64-linux.so)
==77181==    by 0x723DE9: __mn_alloc (in /mnt/c/Users/Juan/Documents/GitHub/Mapanare/mapanare/self/mnc-stage1)
==77181==    by 0x7249CE: __mn_str_concat (in /mnt/c/Users/Juan/Documents/GitHub/Mapanare/mapanare/self/mnc-stage1)
==77181==    by 0x41FA94: lexer__scan_ident (in /mnt/c/Users/Juan/Documents/GitHub/Mapanare/mapanare/self/mnc-stage1)
==77181==    by 0x6A87A9F: ???
==77181==    by 0x8000000000000000: ???
==77181==    by 0x6A733D7: ???
==77181==    by 0x4: ???
==77181==    by 0x15: ???
==77181==    by 0x6A7751F: ???
==77181==    by 0x8000000000000000: ???
==77181==    by 0x4: ???
==77181==    by 0x138: ???
==77181== 
==77181== 3 bytes in 1 blocks are definitely lost in loss record 168 of 793
==77181==    at 0x484D953: calloc (in /usr/libexec/valgrind/vgpreload_memcheck-amd64-linux.so)
==77181==    by 0x723DE9: __mn_alloc (in /mnt/c/Users/Juan/Documents/GitHub/Mapanare/mapanare/self/mnc-stage1)
==77181==    by 0x7249CE: __mn_str_concat (in /mnt/c/Users/Juan/Documents/GitHub/Mapanare/mapanare/self/mnc-stage1)
==77181==    by 0x41FA94: lexer__scan_ident (in /mnt/c/Users/Juan/Documents/GitHub/Mapanare/mapanare/self/mnc-stage1)
==77181==    by 0x6A880DF: ???
==77181==    by 0x8000000000000000: ???
==77181==    by 0x6A733D7: ???
==77181==    by 0xC: ???
==77181==    by 0x15: ???
==77181==    by 0x6A7751F: ???
==77181==    by 0x8000000000000000: ???
==77181==    by 0xC: ???
==77181==    by 0x140: ???
==77181== 
==77181== 3 bytes in 1 blocks are definitely lost in loss record 169 of 793
==77181==    at 0x484D953: calloc (in /usr/libexec/valgrind/vgpreload_memcheck-amd64-linux.so)
==77181==    by 0x723DE9: __mn_alloc (in /mnt/c/Users/Juan/Documents/GitHub/Mapanare/mapanare/self/mnc-stage1)
==77181==    by 0x7249CE: __mn_str_concat (in /mnt/c/Users/Juan/Documents/GitHub/Mapanare/mapanare/self/mnc-stage1)
==77181==    by 0x41FA94: lexer__scan_ident (in /mnt/c/Users/Juan/Documents/GitHub/Mapanare/mapanare/self/mnc-stage1)
==77181==    by 0x6A883FF: ???
==77181==    by 0x8000000000000000: ???
==77181==    by 0x6A733D7: ???
==77181==    by 0x10: ???
==77181==    by 0x15: ???
==77181==    by 0x6A7751F: ???
==77181==    by 0x8000000000000000: ???
==77181==    by 0x10: ???
==77181==    by 0x144: ???
==77181== 
==77181== 3 bytes in 1 blocks are definitely lost in loss record 170 of 793
==77181==    at 0x484D953: calloc (in /usr/libexec/valgrind/vgpreload_memcheck-amd64-linux.so)
==77181==    by 0x723DE9: __mn_alloc (in /mnt/c/Users/Juan/Documents/GitHub/Mapanare/mapanare/self/mnc-stage1)
==77181==    by 0x7249CE: __mn_str_concat (in /mnt/c/Users/Juan/Documents/GitHub/Mapanare/mapanare/self/mnc-stage1)
==77181==    by 0x41FA94: lexer__scan_ident (in /mnt/c/Users/Juan/Documents/GitHub/Mapanare/mapanare/self/mnc-stage1)
==77181==    by 0x6A8885F: ???
==77181==    by 0x8000000000000000: ???
==77181==    by 0x6A733D7: ???
==77181==    by 0x16: ???
==77181==    by 0x15: ???
==77181==    by 0x6A7751F: ???
==77181==    by 0x8000000000000000: ???
==77181==    by 0x16: ???
==77181==    by 0x14A: ???
==77181== 
==77181== 3 bytes in 1 blocks are definitely lost in loss record 171 of 793
==77181==    at 0x484D953: calloc (in /usr/libexec/valgrind/vgpreload_memcheck-amd64-linux.so)
==77181==    by 0x723DE9: __mn_alloc (in /mnt/c/Users/Juan/Documents/GitHub/Mapanare/mapanare/self/mnc-stage1)
==77181==    by 0x7249CE: __mn_str_concat (in /mnt/c/Users/Juan/Documents/GitHub/Mapanare/mapanare/self/mnc-stage1)
==77181==    by 0x41FA94: lexer__scan_ident (in /mnt/c/Users/Juan/Documents/GitHub/Mapanare/mapanare/self/mnc-stage1)
==77181==    by 0x6A8925F: ???
==77181==    by 0x8000000000000000: ???
==77181==    by 0x6A733D7: ???
==77181==    by 0x4: ???
==77181==    by 0x16: ???
==77181==    by 0x6A7751F: ???
==77181==    by 0x8000000000000000: ???
==77181==    by 0x4: ???
==77181==    by 0x159: ???
==77181== 
==77181== 3 bytes in 1 blocks are definitely lost in loss record 172 of 793
==77181==    at 0x484D953: calloc (in /usr/libexec/valgrind/vgpreload_memcheck-amd64-linux.so)
==77181==    by 0x723DE9: __mn_alloc (in /mnt/c/Users/Juan/Documents/GitHub/Mapanare/mapanare/self/mnc-stage1)
==77181==    by 0x7249CE: __mn_str_concat (in /mnt/c/Users/Juan/Documents/GitHub/Mapanare/mapanare/self/mnc-stage1)
==77181==    by 0x41FA94: lexer__scan_ident (in /mnt/c/Users/Juan/Documents/GitHub/Mapanare/mapanare/self/mnc-stage1)
==77181==    by 0x6A899DF: ???
==77181==    by 0x8000000000000000: ???
==77181==    by 0x6A733D7: ???
==77181==    by 0xC: ???
==77181==    by 0x16: ???
==77181==    by 0x6A7751F: ???
==77181==    by 0x8000000000000000: ???
==77181==    by 0xC: ???
==77181==    by 0x161: ???
==77181== 
==77181== 4 bytes in 1 blocks are indirectly lost in loss record 173 of 793
==77181==    at 0x484D953: calloc (in /usr/libexec/valgrind/vgpreload_memcheck-amd64-linux.so)
==77181==    by 0x723DE9: __mn_alloc (in /mnt/c/Users/Juan/Documents/GitHub/Mapanare/mapanare/self/mnc-stage1)
==77181==    by 0x7249CE: __mn_str_concat (in /mnt/c/Users/Juan/Documents/GitHub/Mapanare/mapanare/self/mnc-stage1)
==77181==    by 0x41FA94: lexer__scan_ident (in /mnt/c/Users/Juan/Documents/GitHub/Mapanare/mapanare/self/mnc-stage1)
==77181==    by 0x6A792BF: ???
==77181==    by 0x8000000000000001: ???
==77181==    by 0x6A733D7: ???
==77181==    by 0x7: ???
==77181==    by 0x2: ???
==77181==    by 0x6A7751F: ???
==77181==    by 0x8000000000000000: ???
==77181==    by 0x7: ???
==77181==    by 0x42: ???
==77181== 
==77181== 4 bytes in 1 blocks are indirectly lost in loss record 174 of 793
==77181==    at 0x484D953: calloc (in /usr/libexec/valgrind/vgpreload_memcheck-amd64-linux.so)
==77181==    by 0x723DE9: __mn_alloc (in /mnt/c/Users/Juan/Documents/GitHub/Mapanare/mapanare/self/mnc-stage1)
==77181==    by 0x7249CE: __mn_str_concat (in /mnt/c/Users/Juan/Documents/GitHub/Mapanare/mapanare/self/mnc-stage1)
==77181==    by 0x41FA94: lexer__scan_ident (in /mnt/c/Users/Juan/Documents/GitHub/Mapanare/mapanare/self/mnc-stage1)
==77181==    by 0x6A7B00F: ???
==77181==    by 0x8000000000000001: ???
==77181==    by 0x6A733D7: ???
==77181==    by 0x8: ???
==77181==    by 0x6: ???
==77181==    by 0x6A7751F: ???
==77181==    by 0x8000000000000000: ???
==77181==    by 0x8: ???
==77181==    by 0x63: ???
==77181== 
==77181== 4 bytes in 1 blocks are indirectly lost in loss record 175 of 793
==77181==    at 0x484D953: calloc (in /usr/libexec/valgrind/vgpreload_memcheck-amd64-linux.so)
==77181==    by 0x723DE9: __mn_alloc (in /mnt/c/Users/Juan/Documents/GitHub/Mapanare/mapanare/self/mnc-stage1)
==77181==    by 0x7249CE: __mn_str_concat (in /mnt/c/Users/Juan/Documents/GitHub/Mapanare/mapanare/self/mnc-stage1)
==77181==    by 0x41FA94: lexer__scan_ident (in /mnt/c/Users/Juan/Documents/GitHub/Mapanare/mapanare/self/mnc-stage1)
==77181==    by 0x6A7C3EF: ???
==77181==    by 0x8000000000000001: ???
==77181==    by 0x6A733D7: ???
==77181==    by 0x7: ???
==77181==    by 0x7: ???
==77181==    by 0x6A7751F: ???
==77181==    by 0x8000000000000000: ???
==77181==    by 0x7: ???
==77181==    by 0x73: ???
==77181== 
==77181== 4 bytes in 1 blocks are indirectly lost in loss record 176 of 793
==77181==    at 0x484D953: calloc (in /usr/libexec/valgrind/vgpreload_memcheck-amd64-linux.so)
==77181==    by 0x723DE9: __mn_alloc (in /mnt/c/Users/Juan/Documents/GitHub/Mapanare/mapanare/self/mnc-stage1)
==77181==    by 0x7249CE: __mn_str_concat (in /mnt/c/Users/Juan/Documents/GitHub/Mapanare/mapanare/self/mnc-stage1)
==77181==    by 0x41FA94: lexer__scan_ident (in /mnt/c/Users/Juan/Documents/GitHub/Mapanare/mapanare/self/mnc-stage1)
==77181==    by 0x6A7F7DF: ???
==77181==    by 0x8000000000000001: ???
==77181==    by 0x6A733D7: ???
==77181==    by 0x7: ???
==77181==    by 0xB: ???
==77181==    by 0x6A7751F: ???
==77181==    by 0x8000000000000000: ???
==77181==    by 0x7: ???
==77181==    by 0xAC: ???
==77181== 
==77181== 4 bytes in 1 blocks are indirectly lost in loss record 177 of 793
==77181==    at 0x484D953: calloc (in /usr/libexec/valgrind/vgpreload_memcheck-amd64-linux.so)
==77181==    by 0x723DE9: __mn_alloc (in /mnt/c/Users/Juan/Documents/GitHub/Mapanare/mapanare/self/mnc-stage1)
==77181==    by 0x7249CE: __mn_str_concat (in /mnt/c/Users/Juan/Documents/GitHub/Mapanare/mapanare/self/mnc-stage1)
==77181==    by 0x41FA94: lexer__scan_ident (in /mnt/c/Users/Juan/Documents/GitHub/Mapanare/mapanare/self/mnc-stage1)
==77181==    by 0x6A8225F: ???
==77181==    by 0x8000000000000001: ???
==77181==    by 0x6A733D7: ???
==77181==    by 0x4: ???
==77181==    by 0x11: ???
==77181==    by 0x6A7751F: ???
==77181==    by 0x8000000000000000: ???
==77181==    by 0x4: ???
==77181==    by 0xED: ???
==77181== 
==77181== 4 bytes in 1 blocks are indirectly lost in loss record 178 of 793
==77181==    at 0x484D953: calloc (in /usr/libexec/valgrind/vgpreload_memcheck-amd64-linux.so)
==77181==    by 0x723DE9: __mn_alloc (in /mnt/c/Users/Juan/Documents/GitHub/Mapanare/mapanare/self/mnc-stage1)
==77181==    by 0x7249CE: __mn_str_concat (in /mnt/c/Users/Juan/Documents/GitHub/Mapanare/mapanare/self/mnc-stage1)
==77181==    by 0x41FA94: lexer__scan_ident (in /mnt/c/Users/Juan/Documents/GitHub/Mapanare/mapanare/self/mnc-stage1)
==77181==    by 0x6A8289F: ???
==77181==    by 0x8000000000000001: ???
==77181==    by 0x6A733D7: ???
==77181==    by 0xC: ???
==77181==    by 0x11: ???
==77181==    by 0x6A7751F: ???
==77181==    by 0x8000000000000000: ???
==77181==    by 0xC: ???
==77181==    by 0xF5: ???
==77181== 
==77181== 4 bytes in 1 blocks are indirectly lost in loss record 179 of 793
==77181==    at 0x484D953: calloc (in /usr/libexec/valgrind/vgpreload_memcheck-amd64-linux.so)
==77181==    by 0x723DE9: __mn_alloc (in /mnt/c/Users/Juan/Documents/GitHub/Mapanare/mapanare/self/mnc-stage1)
==77181==    by 0x7249CE: __mn_str_concat (in /mnt/c/Users/Juan/Documents/GitHub/Mapanare/mapanare/self/mnc-stage1)
==77181==    by 0x41FA94: lexer__scan_ident (in /mnt/c/Users/Juan/Documents/GitHub/Mapanare/mapanare/self/mnc-stage1)
==77181==    by 0x6A82BBF: ???
==77181==    by 0x8000000000000001: ???
==77181==    by 0x6A733D7: ???
==77181==    by 0x10: ???
==77181==    by 0x11: ???
==77181==    by 0x6A7751F: ???
==77181==    by 0x8000000000000000: ???
==77181==    by 0x10: ???
==77181==    by 0xF9: ???
==77181== 
==77181== 4 bytes in 1 blocks are indirectly lost in loss record 180 of 793
==77181==    at 0x484D953: calloc (in /usr/libexec/valgrind/vgpreload_memcheck-amd64-linux.so)
==77181==    by 0x723DE9: __mn_alloc (in /mnt/c/Users/Juan/Documents/GitHub/Mapanare/mapanare/self/mnc-stage1)
==77181==    by 0x7249CE: __mn_str_concat (in /mnt/c/Users/Juan/Documents/GitHub/Mapanare/mapanare/self/mnc-stage1)
==77181==    by 0x41FA94: lexer__scan_ident (in /mnt/c/Users/Juan/Documents/GitHub/Mapanare/mapanare/self/mnc-stage1)
==77181==    by 0x6A8628F: ???
==77181==    by 0x8000000000000001: ???
==77181==    by 0x6A733D7: ???
==77181==    by 0xC: ???
==77181==    by 0x12: ???
==77181==    by 0x6A7751F: ???
==77181==    by 0x8000000000000000: ???
==77181==    by 0xC: ???
==77181==    by 0x117: ???
==77181== 
==77181== 4 bytes in 1 blocks are indirectly lost in loss record 181 of 793
==77181==    at 0x484D953: calloc (in /usr/libexec/valgrind/vgpreload_memcheck-amd64-linux.so)
==77181==    by 0x723DE9: __mn_alloc (in /mnt/c/Users/Juan/Documents/GitHub/Mapanare/mapanare/self/mnc-stage1)
==77181==    by 0x7249CE: __mn_str_concat (in /mnt/c/Users/Juan/Documents/GitHub/Mapanare/mapanare/self/mnc-stage1)
==77181==    by 0x41FA94: lexer__scan_ident (in /mnt/c/Users/Juan/Documents/GitHub/Mapanare/mapanare/self/mnc-stage1)
==77181==    by 0x6A8713F: ???
==77181==    by 0x8000000000000001: ???
==77181==    by 0x6A733D7: ???
==77181==    by 0xC: ???
==77181==    by 0x13: ???
==77181==    by 0x6A7751F: ???
==77181==    by 0x8000000000000000: ???
==77181==    by 0xC: ???
==77181==    by 0x12A: ???
==77181== 
==77181== 4 bytes in 1 blocks are indirectly lost in loss record 182 of 793
==77181==    at 0x484D953: calloc (in /usr/libexec/valgrind/vgpreload_memcheck-amd64-linux.so)
==77181==    by 0x723DE9: __mn_alloc (in /mnt/c/Users/Juan/Documents/GitHub/Mapanare/mapanare/self/mnc-stage1)
==77181==    by 0x7249CE: __mn_str_concat (in /mnt/c/Users/Juan/Documents/GitHub/Mapanare/mapanare/self/mnc-stage1)
==77181==    by 0x41FA94: lexer__scan_ident (in /mnt/c/Users/Juan/Documents/GitHub/Mapanare/mapanare/self/mnc-stage1)
==77181==    by 0x6A87B3F: ???
==77181==    by 0x8000000000000001: ???
==77181==    by 0x6A733D7: ???
==77181==    by 0x4: ???
==77181==    by 0x15: ???
==77181==    by 0x6A7751F: ???
==77181==    by 0x8000000000000000: ???
==77181==    by 0x4: ???
==77181==    by 0x138: ???
==77181== 
==77181== 4 bytes in 1 blocks are indirectly lost in loss record 183 of 793
==77181==    at 0x484D953: calloc (in /usr/libexec/valgrind/vgpreload_memcheck-amd64-linux.so)
==77181==    by 0x723DE9: __mn_alloc (in /mnt/c/Users/Juan/Documents/GitHub/Mapanare/mapanare/self/mnc-stage1)
==77181==    by 0x7249CE: __mn_str_concat (in /mnt/c/Users/Juan/Documents/GitHub/Mapanare/mapanare/self/mnc-stage1)
==77181==    by 0x41FA94: lexer__scan_ident (in /mnt/c/Users/Juan/Documents/GitHub/Mapanare/mapanare/self/mnc-stage1)
==77181==    by 0x6A8817F: ???
==77181==    by 0x8000000000000001: ???
==77181==    by 0x6A733D7: ???
==77181==    by 0xC: ???
==77181==    by 0x15: ???
==77181==    by 0x6A7751F: ???
==77181==    by 0x8000000000000000: ???
==77181==    by 0xC: ???
==77181==    by 0x140: ???
==77181== 
==77181== 4 bytes in 1 blocks are indirectly lost in loss record 184 of 793
==77181==    at 0x484D953: calloc (in /usr/libexec/valgrind/vgpreload_memcheck-amd64-linux.so)
==77181==    by 0x723DE9: __mn_alloc (in /mnt/c/Users/Juan/Documents/GitHub/Mapanare/mapanare/self/mnc-stage1)
==77181==    by 0x7249CE: __mn_str_concat (in /mnt/c/Users/Juan/Documents/GitHub/Mapanare/mapanare/self/mnc-stage1)
==77181==    by 0x41FA94: lexer__scan_ident (in /mnt/c/Users/Juan/Documents/GitHub/Mapanare/mapanare/self/mnc-stage1)
==77181==    by 0x6A8849F: ???
==77181==    by 0x8000000000000001: ???
==77181==    by 0x6A733D7: ???
==77181==    by 0x10: ???
==77181==    by 0x15: ???
==77181==    by 0x6A7751F: ???
==77181==    by 0x8000000000000000: ???
==77181==    by 0x10: ???
==77181==    by 0x144: ???
==77181== 
==77181== 4 bytes in 1 blocks are indirectly lost in loss record 185 of 793
==77181==    at 0x484D953: calloc (in /usr/libexec/valgrind/vgpreload_memcheck-amd64-linux.so)
==77181==    by 0x723DE9: __mn_alloc (in /mnt/c/Users/Juan/Documents/GitHub/Mapanare/mapanare/self/mnc-stage1)
==77181==    by 0x7249CE: __mn_str_concat (in /mnt/c/Users/Juan/Documents/GitHub/Mapanare/mapanare/self/mnc-stage1)
==77181==    by 0x41FA94: lexer__scan_ident (in /mnt/c/Users/Juan/Documents/GitHub/Mapanare/mapanare/self/mnc-stage1)
==77181==    by 0x6A89A7F: ???
==77181==    by 0x8000000000000001: ???
==77181==    by 0x6A733D7: ???
==77181==    by 0xC: ???
==77181==    by 0x16: ???
==77181==    by 0x6A7751F: ???
==77181==    by 0x8000000000000000: ???
==77181==    by 0xC: ???
==77181==    by 0x161: ???
==77181== 
==77181== 4 bytes in 1 blocks are definitely lost in loss record 186 of 793
==77181==    at 0x484D953: calloc (in /usr/libexec/valgrind/vgpreload_memcheck-amd64-linux.so)
==77181==    by 0x723DE9: __mn_alloc (in /mnt/c/Users/Juan/Documents/GitHub/Mapanare/mapanare/self/mnc-stage1)
==77181==    by 0x7249CE: __mn_str_concat (in /mnt/c/Users/Juan/Documents/GitHub/Mapanare/mapanare/self/mnc-stage1)
==77181==    by 0x41FA94: lexer__scan_ident (in /mnt/c/Users/Juan/Documents/GitHub/Mapanare/mapanare/self/mnc-stage1)
==77181==    by 0x6A78B6F: ???
==77181==    by 0x8000000000000001: ???
==77181==    by 0x6A733D7: ???
==77181== 
==77181== 4 bytes in 1 blocks are definitely lost in loss record 187 of 793
==77181==    at 0x484D953: calloc (in /usr/libexec/valgrind/vgpreload_memcheck-amd64-linux.so)
==77181==    by 0x723DE9: __mn_alloc (in /mnt/c/Users/Juan/Documents/GitHub/Mapanare/mapanare/self/mnc-stage1)
==77181==    by 0x7249CE: __mn_str_concat (in /mnt/c/Users/Juan/Documents/GitHub/Mapanare/mapanare/self/mnc-stage1)
==77181==    by 0x41FA94: lexer__scan_ident (in /mnt/c/Users/Juan/Documents/GitHub/Mapanare/mapanare/self/mnc-stage1)
==77181==    by 0x6A79BCF: ???
==77181==    by 0x8000000000000001: ???
==77181==    by 0x6A733D7: ???
==77181==    by 0x4: ???
==77181==    by 0x3: ???
==77181==    by 0x6A7751F: ???
==77181==    by 0x8000000000000000: ???
==77181==    by 0x4: ???
==77181==    by 0x4F: ???
==77181== 
==77181== 4 bytes in 1 blocks are definitely lost in loss record 188 of 793
==77181==    at 0x484D953: calloc (in /usr/libexec/valgrind/vgpreload_memcheck-amd64-linux.so)
==77181==    by 0x723DE9: __mn_alloc (in /mnt/c/Users/Juan/Documents/GitHub/Mapanare/mapanare/self/mnc-stage1)
==77181==    by 0x7249CE: __mn_str_concat (in /mnt/c/Users/Juan/Documents/GitHub/Mapanare/mapanare/self/mnc-stage1)
==77181==    by 0x41FA94: lexer__scan_ident (in /mnt/c/Users/Juan/Documents/GitHub/Mapanare/mapanare/self/mnc-stage1)
==77181==    by 0x6A7A8DF: ???
==77181==    by 0x8000000000000001: ???
==77181==    by 0x6A733D7: ???
==77181== 
==77181== 4 bytes in 1 blocks are definitely lost in loss record 189 of 793
==77181==    at 0x484D953: calloc (in /usr/libexec/valgrind/vgpreload_memcheck-amd64-linux.so)
==77181==    by 0x723DE9: __mn_alloc (in /mnt/c/Users/Juan/Documents/GitHub/Mapanare/mapanare/self/mnc-stage1)
==77181==    by 0x7249CE: __mn_str_concat (in /mnt/c/Users/Juan/Documents/GitHub/Mapanare/mapanare/self/mnc-stage1)
==77181==    by 0x41FA94: lexer__scan_ident (in /mnt/c/Users/Juan/Documents/GitHub/Mapanare/mapanare/self/mnc-stage1)
==77181==    by 0x6A7C7AF: ???
==77181==    by 0x8000000000000001: ???
==77181==    by 0x6A733D7: ???
==77181==    by 0xB: ???
==77181==    by 0x7: ???
==77181==    by 0x6A7751F: ???
==77181==    by 0x8000000000000000: ???
==77181==    by 0xB: ???
==77181==    by 0x77: ???
==77181== 
==77181== 4 bytes in 1 blocks are definitely lost in loss record 190 of 793
==77181==    at 0x484D953: calloc (in /usr/libexec/valgrind/vgpreload_memcheck-amd64-linux.so)
==77181==    by 0x723DE9: __mn_alloc (in /mnt/c/Users/Juan/Documents/GitHub/Mapanare/mapanare/self/mnc-stage1)
==77181==    by 0x7249CE: __mn_str_concat (in /mnt/c/Users/Juan/Documents/GitHub/Mapanare/mapanare/self/mnc-stage1)
==77181==    by 0x41FA94: lexer__scan_ident (in /mnt/c/Users/Juan/Documents/GitHub/Mapanare/mapanare/self/mnc-stage1)
==77181==    by 0x6A7D33F: ???
==77181==    by 0x8000000000000001: ???
==77181==    by 0x6A733D7: ???
==77181==    by 0x8: ???
==77181==    by 0x8: ???
==77181==    by 0x6A7751F: ???
==77181==    by 0x8000000000000000: ???
==77181==    by 0x8: ???
==77181==    by 0x8C: ???
==77181== 
==77181== 4 bytes in 1 blocks are definitely lost in loss record 191 of 793
==77181==    at 0x484D953: calloc (in /usr/libexec/valgrind/vgpreload_memcheck-amd64-linux.so)
==77181==    by 0x723DE9: __mn_alloc (in /mnt/c/Users/Juan/Documents/GitHub/Mapanare/mapanare/self/mnc-stage1)
==77181==    by 0x7249CE: __mn_str_concat (in /mnt/c/Users/Juan/Documents/GitHub/Mapanare/mapanare/self/mnc-stage1)
==77181==    by 0x41FA94: lexer__scan_ident (in /mnt/c/Users/Juan/Documents/GitHub/Mapanare/mapanare/self/mnc-stage1)
==77181==    by 0x6A7D83F: ???
==77181==    by 0x8000000000000001: ???
==77181==    by 0x6A733D7: ???
==77181==    by 0xF: ???
==77181==    by 0x8: ???
==77181==    by 0x6A7751F: ???
==77181==    by 0x8000000000000000: ???
==77181==    by 0xF: ???
==77181==    by 0x93: ???
==77181== 
==77181== 4 bytes in 1 blocks are definitely lost in loss record 192 of 793
==77181==    at 0x484D953: calloc (in /usr/libexec/valgrind/vgpreload_memcheck-amd64-linux.so)
==77181==    by 0x723DE9: __mn_alloc (in /mnt/c/Users/Juan/Documents/GitHub/Mapanare/mapanare/self/mnc-stage1)
==77181==    by 0x7249CE: __mn_str_concat (in /mnt/c/Users/Juan/Documents/GitHub/Mapanare/mapanare/self/mnc-stage1)
==77181==    by 0x41FA94: lexer__scan_ident (in /mnt/c/Users/Juan/Documents/GitHub/Mapanare/mapanare/self/mnc-stage1)
==77181==    by 0x6A7DC9F: ???
==77181==    by 0x8000000000000001: ???
==77181==    by 0x6A733D7: ???
==77181==    by 0x14: ???
==77181==    by 0x8: ???
==77181==    by 0x6A7751F: ???
==77181==    by 0x8000000000000000: ???
==77181==    by 0x14: ???
==77181==    by 0x98: ???
==77181== 
==77181== 4 bytes in 1 blocks are definitely lost in loss record 193 of 793
==77181==    at 0x484D953: calloc (in /usr/libexec/valgrind/vgpreload_memcheck-amd64-linux.so)
==77181==    by 0x723DE9: __mn_alloc (in /mnt/c/Users/Juan/Documents/GitHub/Mapanare/mapanare/self/mnc-stage1)
==77181==    by 0x7249CE: __mn_str_concat (in /mnt/c/Users/Juan/Documents/GitHub/Mapanare/mapanare/self/mnc-stage1)
==77181==    by 0x41FA94: lexer__scan_ident (in /mnt/c/Users/Juan/Documents/GitHub/Mapanare/mapanare/self/mnc-stage1)
==77181==    by 0x6A7FB9F: ???
==77181==    by 0x8000000000000001: ???
==77181==    by 0x6A733D7: ???
==77181==    by 0xB: ???
==77181==    by 0xB: ???
==77181==    by 0x6A7751F: ???
==77181==    by 0x8000000000000000: ???
==77181==    by 0xB: ???
==77181==    by 0xB0: ???
==77181== 
==77181== 4 bytes in 1 blocks are definitely lost in loss record 194 of 793
==77181==    at 0x484D953: calloc (in /usr/libexec/valgrind/vgpreload_memcheck-amd64-linux.so)
==77181==    by 0x723DE9: __mn_alloc (in /mnt/c/Users/Juan/Documents/GitHub/Mapanare/mapanare/self/mnc-stage1)
==77181==    by 0x7249CE: __mn_str_concat (in /mnt/c/Users/Juan/Documents/GitHub/Mapanare/mapanare/self/mnc-stage1)
==77181==    by 0x41FA94: lexer__scan_ident (in /mnt/c/Users/Juan/Documents/GitHub/Mapanare/mapanare/self/mnc-stage1)
==77181==    by 0x6A80CCF: ???
==77181==    by 0x8000000000000001: ???
==77181==    by 0x6A733D7: ???
==77181==    by 0x8: ???
==77181==    by 0xC: ???
==77181==    by 0x6A7751F: ???
==77181==    by 0x8000000000000000: ???
==77181==    by 0x8: ???
==77181==    by 0xCB: ???
==77181== 
==77181== 4 bytes in 1 blocks are definitely lost in loss record 195 of 793
==77181==    at 0x484D953: calloc (in /usr/libexec/valgrind/vgpreload_memcheck-amd64-linux.so)
==77181==    by 0x723DE9: __mn_alloc (in /mnt/c/Users/Juan/Documents/GitHub/Mapanare/mapanare/self/mnc-stage1)
==77181==    by 0x7249CE: __mn_str_concat (in /mnt/c/Users/Juan/Documents/GitHub/Mapanare/mapanare/self/mnc-stage1)
==77181==    by 0x41FA94: lexer__scan_ident (in /mnt/c/Users/Juan/Documents/GitHub/Mapanare/mapanare/self/mnc-stage1)
==77181==    by 0x6A81A3F: ???
==77181==    by 0x8000000000000001: ???
==77181==    by 0x6A733D7: ???
==77181==    by 0x3: ???
==77181==    by 0x10: ???
==77181==    by 0x6A7751F: ???
==77181==    by 0x8000000000000000: ???
==77181==    by 0x3: ???
==77181==    by 0xE0: ???
==77181== 
==77181== 4 bytes in 1 blocks are definitely lost in loss record 196 of 793
==77181==    at 0x484D953: calloc (in /usr/libexec/valgrind/vgpreload_memcheck-amd64-linux.so)
==77181==    by 0x723DE9: __mn_alloc (in /mnt/c/Users/Juan/Documents/GitHub/Mapanare/mapanare/self/mnc-stage1)
==77181==    by 0x7249CE: __mn_str_concat (in /mnt/c/Users/Juan/Documents/GitHub/Mapanare/mapanare/self/mnc-stage1)
==77181==    by 0x41FA94: lexer__scan_ident (in /mnt/c/Users/Juan/Documents/GitHub/Mapanare/mapanare/self/mnc-stage1)
==77181==    by 0x6A8301F: ???
==77181==    by 0x8000000000000001: ???
==77181==    by 0x6A733D7: ???
==77181==    by 0x16: ???
==77181==    by 0x11: ???
==77181==    by 0x6A7751F: ???
==77181==    by 0x8000000000000000: ???
==77181==    by 0x16: ???
==77181==    by 0xFF: ???
==77181== 
==77181== 4 bytes in 1 blocks are definitely lost in loss record 197 of 793
==77181==    at 0x484D953: calloc (in /usr/libexec/valgrind/vgpreload_memcheck-amd64-linux.so)
==77181==    by 0x723DE9: __mn_alloc (in /mnt/c/Users/Juan/Documents/GitHub/Mapanare/mapanare/self/mnc-stage1)
==77181==    by 0x7249CE: __mn_str_concat (in /mnt/c/Users/Juan/Documents/GitHub/Mapanare/mapanare/self/mnc-stage1)
==77181==    by 0x41FA94: lexer__scan_ident (in /mnt/c/Users/Juan/Documents/GitHub/Mapanare/mapanare/self/mnc-stage1)
==77181==    by 0x6A83ABF: ???
==77181==    by 0x8000000000000001: ???
==77181==    by 0x6A733D7: ???
==77181==    by 0x4: ???
==77181==    by 0x12: ???
==77181==    by 0x6A7751F: ???
==77181==    by 0x8000000000000000: ???
==77181==    by 0x4: ???
==77181==    by 0x10F: ???
==77181== 
==77181== 4 bytes in 1 blocks are definitely lost in loss record 198 of 793
==77181==    at 0x484D953: calloc (in /usr/libexec/valgrind/vgpreload_memcheck-amd64-linux.so)
==77181==    by 0x723DE9: __mn_alloc (in /mnt/c/Users/Juan/Documents/GitHub/Mapanare/mapanare/self/mnc-stage1)
==77181==    by 0x7249CE: __mn_str_concat (in /mnt/c/Users/Juan/Documents/GitHub/Mapanare/mapanare/self/mnc-stage1)
==77181==    by 0x41FA94: lexer__scan_ident (in /mnt/c/Users/Juan/Documents/GitHub/Mapanare/mapanare/self/mnc-stage1)
==77181==    by 0x6A869BF: ???
==77181==    by 0x8000000000000001: ???
==77181==    by 0x6A733D7: ???
==77181==    by 0x4: ???
==77181==    by 0x13: ???
==77181==    by 0x6A7751F: ???
==77181==    by 0x8000000000000000: ???
==77181==    by 0x4: ???
==77181==    by 0x122: ???
==77181== 
==77181== 4 bytes in 1 blocks are definitely lost in loss record 199 of 793
==77181==    at 0x484D953: calloc (in /usr/libexec/valgrind/vgpreload_memcheck-amd64-linux.so)
==77181==    by 0x723DE9: __mn_alloc (in /mnt/c/Users/Juan/Documents/GitHub/Mapanare/mapanare/self/mnc-stage1)
==77181==    by 0x7249CE: __mn_str_concat (in /mnt/c/Users/Juan/Documents/GitHub/Mapanare/mapanare/self/mnc-stage1)
==77181==    by 0x41FA94: lexer__scan_ident (in /mnt/c/Users/Juan/Documents/GitHub/Mapanare/mapanare/self/mnc-stage1)
==77181==    by 0x6A888FF: ???
==77181==    by 0x8000000000000001: ???
==77181==    by 0x6A733D7: ???
==77181==    by 0x16: ???
==77181==    by 0x15: ???
==77181==    by 0x6A7751F: ???
==77181==    by 0x8000000000000000: ???
==77181==    by 0x16: ???
==77181==    by 0x14A: ???
==77181== 
==77181== 4 bytes in 1 blocks are definitely lost in loss record 200 of 793
==77181==    at 0x484D953: calloc (in /usr/libexec/valgrind/vgpreload_memcheck-amd64-linux.so)
==77181==    by 0x723DE9: __mn_alloc (in /mnt/c/Users/Juan/Documents/GitHub/Mapanare/mapanare/self/mnc-stage1)
==77181==    by 0x7249CE: __mn_str_concat (in /mnt/c/Users/Juan/Documents/GitHub/Mapanare/mapanare/self/mnc-stage1)
==77181==    by 0x41FA94: lexer__scan_ident (in /mnt/c/Users/Juan/Documents/GitHub/Mapanare/mapanare/self/mnc-stage1)
==77181==    by 0x6A892FF: ???
==77181==    by 0x8000000000000001: ???
==77181==    by 0x6A733D7: ???
==77181==    by 0x4: ???
==77181==    by 0x16: ???
==77181==    by 0x6A7751F: ???
==77181==    by 0x8000000000000000: ???
==77181==    by 0x4: ???
==77181==    by 0x159: ???
==77181== 
==77181== 4 bytes in 1 blocks are definitely lost in loss record 201 of 793
==77181==    at 0x484D953: calloc (in /usr/libexec/valgrind/vgpreload_memcheck-amd64-linux.so)
==77181==    by 0x723DE9: __mn_alloc (in /mnt/c/Users/Juan/Documents/GitHub/Mapanare/mapanare/self/mnc-stage1)
==77181==    by 0x7245AB: __mn_str_from_parts (in /mnt/c/Users/Juan/Documents/GitHub/Mapanare/mapanare/self/mnc-stage1)
==77181==    by 0x413E5E: file_extension (in /mnt/c/Users/Juan/Documents/GitHub/Mapanare/mapanare/self/mnc-stage1)
==77181==    by 0x8000000000000011: ???
==77181== 
==77181== 4 bytes in 2 blocks are definitely lost in loss record 202 of 793
==77181==    at 0x484D953: calloc (in /usr/libexec/valgrind/vgpreload_memcheck-amd64-linux.so)
==77181==    by 0x723DE9: __mn_alloc (in /mnt/c/Users/Juan/Documents/GitHub/Mapanare/mapanare/self/mnc-stage1)
==77181==    by 0x7245AB: __mn_str_from_parts (in /mnt/c/Users/Juan/Documents/GitHub/Mapanare/mapanare/self/mnc-stage1)
==77181==    by 0x420082: lexer__scan_number (in /mnt/c/Users/Juan/Documents/GitHub/Mapanare/mapanare/self/mnc-stage1)
==77181==    by 0x73C56F: ??? (in /mnt/c/Users/Juan/Documents/GitHub/Mapanare/mapanare/self/mnc-stage1)
==77181==    by 0x6A73257: ???
==77181== 
==77181== 4 bytes in 2 blocks are definitely lost in loss record 203 of 793
==77181==    at 0x484D953: calloc (in /usr/libexec/valgrind/vgpreload_memcheck-amd64-linux.so)
==77181==    by 0x723DE9: __mn_alloc (in /mnt/c/Users/Juan/Documents/GitHub/Mapanare/mapanare/self/mnc-stage1)
==77181==    by 0x7245AB: __mn_str_from_parts (in /mnt/c/Users/Juan/Documents/GitHub/Mapanare/mapanare/self/mnc-stage1)
==77181==    by 0x413E27: file_extension (in /mnt/c/Users/Juan/Documents/GitHub/Mapanare/mapanare/self/mnc-stage1)
==77181==    by 0x8000000000000011: ???
==77181== 
==77181== 5 bytes in 1 blocks are indirectly lost in loss record 204 of 793
==77181==    at 0x484D953: calloc (in /usr/libexec/valgrind/vgpreload_memcheck-amd64-linux.so)
==77181==    by 0x723DE9: __mn_alloc (in /mnt/c/Users/Juan/Documents/GitHub/Mapanare/mapanare/self/mnc-stage1)
==77181==    by 0x7249CE: __mn_str_concat (in /mnt/c/Users/Juan/Documents/GitHub/Mapanare/mapanare/self/mnc-stage1)
==77181==    by 0x41FA94: lexer__scan_ident (in /mnt/c/Users/Juan/Documents/GitHub/Mapanare/mapanare/self/mnc-stage1)
==77181==    by 0x6A7A97F: ???
==77181==    by 0x8000000000000002: ???
==77181==    by 0x6A733D7: ???
==77181== 
==77181== 5 bytes in 1 blocks are indirectly lost in loss record 205 of 793
==77181==    at 0x484D953: calloc (in /usr/libexec/valgrind/vgpreload_memcheck-amd64-linux.so)
==77181==    by 0x723DE9: __mn_alloc (in /mnt/c/Users/Juan/Documents/GitHub/Mapanare/mapanare/self/mnc-stage1)
==77181==    by 0x7249CE: __mn_str_concat (in /mnt/c/Users/Juan/Documents/GitHub/Mapanare/mapanare/self/mnc-stage1)
==77181==    by 0x41FA94: lexer__scan_ident (in /mnt/c/Users/Juan/Documents/GitHub/Mapanare/mapanare/self/mnc-stage1)
==77181==    by 0x6A7C84F: ???
==77181==    by 0x8000000000000002: ???
==77181==    by 0x6A733D7: ???
==77181==    by 0xB: ???
==77181==    by 0x7: ???
==77181==    by 0x6A7751F: ???
==77181==    by 0x8000000000000000: ???
==77181==    by 0xB: ???
==77181==    by 0x77: ???
==77181== 
==77181== 5 bytes in 1 blocks are indirectly lost in loss record 206 of 793
==77181==    at 0x484D953: calloc (in /usr/libexec/valgrind/vgpreload_memcheck-amd64-linux.so)
==77181==    by 0x723DE9: __mn_alloc (in /mnt/c/Users/Juan/Documents/GitHub/Mapanare/mapanare/self/mnc-stage1)
==77181==    by 0x7249CE: __mn_str_concat (in /mnt/c/Users/Juan/Documents/GitHub/Mapanare/mapanare/self/mnc-stage1)
==77181==    by 0x41FA94: lexer__scan_ident (in /mnt/c/Users/Juan/Documents/GitHub/Mapanare/mapanare/self/mnc-stage1)
==77181==    by 0x6A7D8DF: ???
==77181==    by 0x8000000000000002: ???
==77181==    by 0x6A733D7: ???
==77181==    by 0xF: ???
==77181==    by 0x8: ???
==77181==    by 0x6A7751F: ???
==77181==    by 0x8000000000000000: ???
==77181==    by 0xF: ???
==77181==    by 0x93: ???
==77181== 
==77181== 5 bytes in 1 blocks are indirectly lost in loss record 207 of 793
==77181==    at 0x484D953: calloc (in /usr/libexec/valgrind/vgpreload_memcheck-amd64-linux.so)
==77181==    by 0x723DE9: __mn_alloc (in /mnt/c/Users/Juan/Documents/GitHub/Mapanare/mapanare/self/mnc-stage1)
==77181==    by 0x7249CE: __mn_str_concat (in /mnt/c/Users/Juan/Documents/GitHub/Mapanare/mapanare/self/mnc-stage1)
==77181==    by 0x41FA94: lexer__scan_ident (in /mnt/c/Users/Juan/Documents/GitHub/Mapanare/mapanare/self/mnc-stage1)
==77181==    by 0x6A7FC3F: ???
==77181==    by 0x8000000000000002: ???
==77181==    by 0x6A733D7: ???
==77181==    by 0xB: ???
==77181==    by 0xB: ???
==77181==    by 0x6A7751F: ???
==77181==    by 0x8000000000000000: ???
==77181==    by 0xB: ???
==77181==    by 0xB0: ???
==77181== 
==77181== 5 bytes in 1 blocks are indirectly lost in loss record 208 of 793
==77181==    at 0x484D953: calloc (in /usr/libexec/valgrind/vgpreload_memcheck-amd64-linux.so)
==77181==    by 0x723DE9: __mn_alloc (in /mnt/c/Users/Juan/Documents/GitHub/Mapanare/mapanare/self/mnc-stage1)
==77181==    by 0x7249CE: __mn_str_concat (in /mnt/c/Users/Juan/Documents/GitHub/Mapanare/mapanare/self/mnc-stage1)
==77181==    by 0x41FA94: lexer__scan_ident (in /mnt/c/Users/Juan/Documents/GitHub/Mapanare/mapanare/self/mnc-stage1)
==77181==    by 0x6A81ADF: ???
==77181==    by 0x8000000000000002: ???
==77181==    by 0x6A733D7: ???
==77181==    by 0x3: ???
==77181==    by 0x10: ???
==77181==    by 0x6A7751F: ???
==77181==    by 0x8000000000000000: ???
==77181==    by 0x3: ???
==77181==    by 0xE0: ???
==77181== 
==77181== 5 bytes in 1 blocks are definitely lost in loss record 209 of 793
==77181==    at 0x484D953: calloc (in /usr/libexec/valgrind/vgpreload_memcheck-amd64-linux.so)
==77181==    by 0x723DE9: __mn_alloc (in /mnt/c/Users/Juan/Documents/GitHub/Mapanare/mapanare/self/mnc-stage1)
==77181==    by 0x7249CE: __mn_str_concat (in /mnt/c/Users/Juan/Documents/GitHub/Mapanare/mapanare/self/mnc-stage1)
==77181==    by 0x41FA94: lexer__scan_ident (in /mnt/c/Users/Juan/Documents/GitHub/Mapanare/mapanare/self/mnc-stage1)
==77181==    by 0x6A78C0F: ???
==77181==    by 0x8000000000000002: ???
==77181==    by 0x6A733D7: ???
==77181== 
==77181== 5 bytes in 1 blocks are definitely lost in loss record 210 of 793
==77181==    at 0x484D953: calloc (in /usr/libexec/valgrind/vgpreload_memcheck-amd64-linux.so)
==77181==    by 0x723DE9: __mn_alloc (in /mnt/c/Users/Juan/Documents/GitHub/Mapanare/mapanare/self/mnc-stage1)
==77181==    by 0x7249CE: __mn_str_concat (in /mnt/c/Users/Juan/Documents/GitHub/Mapanare/mapanare/self/mnc-stage1)
==77181==    by 0x41FA94: lexer__scan_ident (in /mnt/c/Users/Juan/Documents/GitHub/Mapanare/mapanare/self/mnc-stage1)
==77181==    by 0x6A79C6F: ???
==77181==    by 0x8000000000000002: ???
==77181==    by 0x6A733D7: ???
==77181==    by 0x4: ???
==77181==    by 0x3: ???
==77181==    by 0x6A7751F: ???
==77181==    by 0x8000000000000000: ???
==77181==    by 0x4: ???
==77181==    by 0x4F: ???
==77181== 
==77181== 5 bytes in 1 blocks are definitely lost in loss record 211 of 793
==77181==    at 0x484D953: calloc (in /usr/libexec/valgrind/vgpreload_memcheck-amd64-linux.so)
==77181==    by 0x723DE9: __mn_alloc (in /mnt/c/Users/Juan/Documents/GitHub/Mapanare/mapanare/self/mnc-stage1)
==77181==    by 0x7249CE: __mn_str_concat (in /mnt/c/Users/Juan/Documents/GitHub/Mapanare/mapanare/self/mnc-stage1)
==77181==    by 0x41FA94: lexer__scan_ident (in /mnt/c/Users/Juan/Documents/GitHub/Mapanare/mapanare/self/mnc-stage1)
==77181==    by 0x6A7D3DF: ???
==77181==    by 0x8000000000000002: ???
==77181==    by 0x6A733D7: ???
==77181==    by 0x8: ???
==77181==    by 0x8: ???
==77181==    by 0x6A7751F: ???
==77181==    by 0x8000000000000000: ???
==77181==    by 0x8: ???
==77181==    by 0x8C: ???
==77181== 
==77181== 5 bytes in 1 blocks are definitely lost in loss record 212 of 793
==77181==    at 0x484D953: calloc (in /usr/libexec/valgrind/vgpreload_memcheck-amd64-linux.so)
==77181==    by 0x723DE9: __mn_alloc (in /mnt/c/Users/Juan/Documents/GitHub/Mapanare/mapanare/self/mnc-stage1)
==77181==    by 0x7249CE: __mn_str_concat (in /mnt/c/Users/Juan/Documents/GitHub/Mapanare/mapanare/self/mnc-stage1)
==77181==    by 0x41FA94: lexer__scan_ident (in /mnt/c/Users/Juan/Documents/GitHub/Mapanare/mapanare/self/mnc-stage1)
==77181==    by 0x6A7DD3F: ???
==77181==    by 0x8000000000000002: ???
==77181==    by 0x6A733D7: ???
==77181==    by 0x14: ???
==77181==    by 0x8: ???
==77181==    by 0x6A7751F: ???
==77181==    by 0x8000000000000000: ???
==77181==    by 0x14: ???
==77181==    by 0x98: ???
==77181== 
==77181== 5 bytes in 1 blocks are definitely lost in loss record 213 of 793
==77181==    at 0x484D953: calloc (in /usr/libexec/valgrind/vgpreload_memcheck-amd64-linux.so)
==77181==    by 0x723DE9: __mn_alloc (in /mnt/c/Users/Juan/Documents/GitHub/Mapanare/mapanare/self/mnc-stage1)
==77181==    by 0x7249CE: __mn_str_concat (in /mnt/c/Users/Juan/Documents/GitHub/Mapanare/mapanare/self/mnc-stage1)
==77181==    by 0x41FA94: lexer__scan_ident (in /mnt/c/Users/Juan/Documents/GitHub/Mapanare/mapanare/self/mnc-stage1)
==77181==    by 0x6A80D6F: ???
==77181==    by 0x8000000000000002: ???
==77181==    by 0x6A733D7: ???
==77181==    by 0x8: ???
==77181==    by 0xC: ???
==77181==    by 0x6A7751F: ???
==77181==    by 0x8000000000000000: ???
==77181==    by 0x8: ???
==77181==    by 0xCB: ???
==77181== 
==77181== 5 bytes in 1 blocks are definitely lost in loss record 214 of 793
==77181==    at 0x484D953: calloc (in /usr/libexec/valgrind/vgpreload_memcheck-amd64-linux.so)
==77181==    by 0x723DE9: __mn_alloc (in /mnt/c/Users/Juan/Documents/GitHub/Mapanare/mapanare/self/mnc-stage1)
==77181==    by 0x7249CE: __mn_str_concat (in /mnt/c/Users/Juan/Documents/GitHub/Mapanare/mapanare/self/mnc-stage1)
==77181==    by 0x41FA94: lexer__scan_ident (in /mnt/c/Users/Juan/Documents/GitHub/Mapanare/mapanare/self/mnc-stage1)
==77181==    by 0x6A830BF: ???
==77181==    by 0x8000000000000002: ???
==77181==    by 0x6A733D7: ???
==77181==    by 0x16: ???
==77181==    by 0x11: ???
==77181==    by 0x6A7751F: ???
==77181==    by 0x8000000000000000: ???
==77181==    by 0x16: ???
==77181==    by 0xFF: ???
==77181== 
==77181== 5 bytes in 1 blocks are definitely lost in loss record 215 of 793
==77181==    at 0x484D953: calloc (in /usr/libexec/valgrind/vgpreload_memcheck-amd64-linux.so)
==77181==    by 0x723DE9: __mn_alloc (in /mnt/c/Users/Juan/Documents/GitHub/Mapanare/mapanare/self/mnc-stage1)
==77181==    by 0x7249CE: __mn_str_concat (in /mnt/c/Users/Juan/Documents/GitHub/Mapanare/mapanare/self/mnc-stage1)
==77181==    by 0x41FA94: lexer__scan_ident (in /mnt/c/Users/Juan/Documents/GitHub/Mapanare/mapanare/self/mnc-stage1)
==77181==    by 0x6A83B5F: ???
==77181==    by 0x8000000000000002: ???
==77181==    by 0x6A733D7: ???
==77181==    by 0x4: ???
==77181==    by 0x12: ???
==77181==    by 0x6A7751F: ???
==77181==    by 0x8000000000000000: ???
==77181==    by 0x4: ???
==77181==    by 0x10F: ???
==77181== 
==77181== 5 bytes in 1 blocks are definitely lost in loss record 216 of 793
==77181==    at 0x484D953: calloc (in /usr/libexec/valgrind/vgpreload_memcheck-amd64-linux.so)
==77181==    by 0x723DE9: __mn_alloc (in /mnt/c/Users/Juan/Documents/GitHub/Mapanare/mapanare/self/mnc-stage1)
==77181==    by 0x7249CE: __mn_str_concat (in /mnt/c/Users/Juan/Documents/GitHub/Mapanare/mapanare/self/mnc-stage1)
==77181==    by 0x41FA94: lexer__scan_ident (in /mnt/c/Users/Juan/Documents/GitHub/Mapanare/mapanare/self/mnc-stage1)
==77181==    by 0x6A86A5F: ???
==77181==    by 0x8000000000000002: ???
==77181==    by 0x6A733D7: ???
==77181==    by 0x4: ???
==77181==    by 0x13: ???
==77181==    by 0x6A7751F: ???
==77181==    by 0x8000000000000000: ???
==77181==    by 0x4: ???
==77181==    by 0x122: ???
==77181== 
==77181== 5 bytes in 1 blocks are definitely lost in loss record 217 of 793
==77181==    at 0x484D953: calloc (in /usr/libexec/valgrind/vgpreload_memcheck-amd64-linux.so)
==77181==    by 0x723DE9: __mn_alloc (in /mnt/c/Users/Juan/Documents/GitHub/Mapanare/mapanare/self/mnc-stage1)
==77181==    by 0x7249CE: __mn_str_concat (in /mnt/c/Users/Juan/Documents/GitHub/Mapanare/mapanare/self/mnc-stage1)
==77181==    by 0x41FA94: lexer__scan_ident (in /mnt/c/Users/Juan/Documents/GitHub/Mapanare/mapanare/self/mnc-stage1)
==77181==    by 0x6A8899F: ???
==77181==    by 0x8000000000000002: ???
==77181==    by 0x6A733D7: ???
==77181==    by 0x16: ???
==77181==    by 0x15: ???
==77181==    by 0x6A7751F: ???
==77181==    by 0x8000000000000000: ???
==77181==    by 0x16: ???
==77181==    by 0x14A: ???
==77181== 
==77181== 5 bytes in 1 blocks are definitely lost in loss record 218 of 793
==77181==    at 0x484D953: calloc (in /usr/libexec/valgrind/vgpreload_memcheck-amd64-linux.so)
==77181==    by 0x723DE9: __mn_alloc (in /mnt/c/Users/Juan/Documents/GitHub/Mapanare/mapanare/self/mnc-stage1)
==77181==    by 0x7249CE: __mn_str_concat (in /mnt/c/Users/Juan/Documents/GitHub/Mapanare/mapanare/self/mnc-stage1)
==77181==    by 0x41FA94: lexer__scan_ident (in /mnt/c/Users/Juan/Documents/GitHub/Mapanare/mapanare/self/mnc-stage1)
==77181==    by 0x6A8939F: ???
==77181==    by 0x8000000000000002: ???
==77181==    by 0x6A733D7: ???
==77181==    by 0x4: ???
==77181==    by 0x16: ???
==77181==    by 0x6A7751F: ???
==77181==    by 0x8000000000000000: ???
==77181==    by 0x4: ???
==77181==    by 0x159: ???
==77181== 
==77181== 6 bytes in 1 blocks are indirectly lost in loss record 219 of 793
==77181==    at 0x484D953: calloc (in /usr/libexec/valgrind/vgpreload_memcheck-amd64-linux.so)
==77181==    by 0x723DE9: __mn_alloc (in /mnt/c/Users/Juan/Documents/GitHub/Mapanare/mapanare/self/mnc-stage1)
==77181==    by 0x7249CE: __mn_str_concat (in /mnt/c/Users/Juan/Documents/GitHub/Mapanare/mapanare/self/mnc-stage1)
==77181==    by 0x41FA94: lexer__scan_ident (in /mnt/c/Users/Juan/Documents/GitHub/Mapanare/mapanare/self/mnc-stage1)
==77181==    by 0x6A79D0F: ???
==77181==    by 0x8000000000000003: ???
==77181==    by 0x6A733D7: ???
==77181==    by 0x4: ???
==77181==    by 0x3: ???
==77181==    by 0x6A7751F: ???
==77181==    by 0x8000000000000000: ???
==77181==    by 0x4: ???
==77181==    by 0x4F: ???
==77181== 
==77181== 6 bytes in 1 blocks are indirectly lost in loss record 220 of 793
==77181==    at 0x484D953: calloc (in /usr/libexec/valgrind/vgpreload_memcheck-amd64-linux.so)
==77181==    by 0x723DE9: __mn_alloc (in /mnt/c/Users/Juan/Documents/GitHub/Mapanare/mapanare/self/mnc-stage1)
==77181==    by 0x7249CE: __mn_str_concat (in /mnt/c/Users/Juan/Documents/GitHub/Mapanare/mapanare/self/mnc-stage1)
==77181==    by 0x41FA94: lexer__scan_ident (in /mnt/c/Users/Juan/Documents/GitHub/Mapanare/mapanare/self/mnc-stage1)
==77181==    by 0x6A7DDDF: ???
==77181==    by 0x8000000000000003: ???
==77181==    by 0x6A733D7: ???
==77181==    by 0x14: ???
==77181==    by 0x8: ???
==77181==    by 0x6A7751F: ???
==77181==    by 0x8000000000000000: ???
==77181==    by 0x14: ???
==77181==    by 0x98: ???
==77181== 
==77181== 6 bytes in 1 blocks are indirectly lost in loss record 221 of 793
==77181==    at 0x484D953: calloc (in /usr/libexec/valgrind/vgpreload_memcheck-amd64-linux.so)
==77181==    by 0x723DE9: __mn_alloc (in /mnt/c/Users/Juan/Documents/GitHub/Mapanare/mapanare/self/mnc-stage1)
==77181==    by 0x7249CE: __mn_str_concat (in /mnt/c/Users/Juan/Documents/GitHub/Mapanare/mapanare/self/mnc-stage1)
==77181==    by 0x41FA94: lexer__scan_ident (in /mnt/c/Users/Juan/Documents/GitHub/Mapanare/mapanare/self/mnc-stage1)
==77181==    by 0x6A8315F: ???
==77181==    by 0x8000000000000003: ???
==77181==    by 0x6A733D7: ???
==77181==    by 0x16: ???
==77181==    by 0x11: ???
==77181==    by 0x6A7751F: ???
==77181==    by 0x8000000000000000: ???
==77181==    by 0x16: ???
==77181==    by 0xFF: ???
==77181== 
==77181== 6 bytes in 1 blocks are indirectly lost in loss record 222 of 793
==77181==    at 0x484D953: calloc (in /usr/libexec/valgrind/vgpreload_memcheck-amd64-linux.so)
==77181==    by 0x723DE9: __mn_alloc (in /mnt/c/Users/Juan/Documents/GitHub/Mapanare/mapanare/self/mnc-stage1)
==77181==    by 0x7249CE: __mn_str_concat (in /mnt/c/Users/Juan/Documents/GitHub/Mapanare/mapanare/self/mnc-stage1)
==77181==    by 0x41FA94: lexer__scan_ident (in /mnt/c/Users/Juan/Documents/GitHub/Mapanare/mapanare/self/mnc-stage1)
==77181==    by 0x6A83BFF: ???
==77181==    by 0x8000000000000003: ???
==77181==    by 0x6A733D7: ???
==77181==    by 0x4: ???
==77181==    by 0x12: ???
==77181==    by 0x6A7751F: ???
==77181==    by 0x8000000000000000: ???
==77181==    by 0x4: ???
==77181==    by 0x10F: ???
==77181== 
==77181== 6 bytes in 1 blocks are indirectly lost in loss record 223 of 793
==77181==    at 0x484D953: calloc (in /usr/libexec/valgrind/vgpreload_memcheck-amd64-linux.so)
==77181==    by 0x723DE9: __mn_alloc (in /mnt/c/Users/Juan/Documents/GitHub/Mapanare/mapanare/self/mnc-stage1)
==77181==    by 0x7249CE: __mn_str_concat (in /mnt/c/Users/Juan/Documents/GitHub/Mapanare/mapanare/self/mnc-stage1)
==77181==    by 0x41FA94: lexer__scan_ident (in /mnt/c/Users/Juan/Documents/GitHub/Mapanare/mapanare/self/mnc-stage1)
==77181==    by 0x6A86AFF: ???
==77181==    by 0x8000000000000003: ???
==77181==    by 0x6A733D7: ???
==77181==    by 0x4: ???
==77181==    by 0x13: ???
==77181==    by 0x6A7751F: ???
==77181==    by 0x8000000000000000: ???
==77181==    by 0x4: ???
==77181==    by 0x122: ???
==77181== 
==77181== 6 bytes in 1 blocks are indirectly lost in loss record 224 of 793
==77181==    at 0x484D953: calloc (in /usr/libexec/valgrind/vgpreload_memcheck-amd64-linux.so)
==77181==    by 0x723DE9: __mn_alloc (in /mnt/c/Users/Juan/Documents/GitHub/Mapanare/mapanare/self/mnc-stage1)
==77181==    by 0x7249CE: __mn_str_concat (in /mnt/c/Users/Juan/Documents/GitHub/Mapanare/mapanare/self/mnc-stage1)
==77181==    by 0x41FA94: lexer__scan_ident (in /mnt/c/Users/Juan/Documents/GitHub/Mapanare/mapanare/self/mnc-stage1)
==77181==    by 0x6A88A3F: ???
==77181==    by 0x8000000000000003: ???
==77181==    by 0x6A733D7: ???
==77181==    by 0x16: ???
==77181==    by 0x15: ???
==77181==    by 0x6A7751F: ???
==77181==    by 0x8000000000000000: ???
==77181==    by 0x16: ???
==77181==    by 0x14A: ???
==77181== 
==77181== 6 bytes in 1 blocks are indirectly lost in loss record 225 of 793
==77181==    at 0x484D953: calloc (in /usr/libexec/valgrind/vgpreload_memcheck-amd64-linux.so)
==77181==    by 0x723DE9: __mn_alloc (in /mnt/c/Users/Juan/Documents/GitHub/Mapanare/mapanare/self/mnc-stage1)
==77181==    by 0x7249CE: __mn_str_concat (in /mnt/c/Users/Juan/Documents/GitHub/Mapanare/mapanare/self/mnc-stage1)
==77181==    by 0x41FA94: lexer__scan_ident (in /mnt/c/Users/Juan/Documents/GitHub/Mapanare/mapanare/self/mnc-stage1)
==77181==    by 0x6A8943F: ???
==77181==    by 0x8000000000000003: ???
==77181==    by 0x6A733D7: ???
==77181==    by 0x4: ???
==77181==    by 0x16: ???
==77181==    by 0x6A7751F: ???
==77181==    by 0x8000000000000000: ???
==77181==    by 0x4: ???
==77181==    by 0x159: ???
==77181== 
==77181== 6 bytes in 1 blocks are definitely lost in loss record 226 of 793
==77181==    at 0x484D953: calloc (in /usr/libexec/valgrind/vgpreload_memcheck-amd64-linux.so)
==77181==    by 0x723DE9: __mn_alloc (in /mnt/c/Users/Juan/Documents/GitHub/Mapanare/mapanare/self/mnc-stage1)
==77181==    by 0x7249CE: __mn_str_concat (in /mnt/c/Users/Juan/Documents/GitHub/Mapanare/mapanare/self/mnc-stage1)
==77181==    by 0x41FA94: lexer__scan_ident (in /mnt/c/Users/Juan/Documents/GitHub/Mapanare/mapanare/self/mnc-stage1)
==77181==    by 0x6A78CAF: ???
==77181==    by 0x8000000000000003: ???
==77181==    by 0x6A733D7: ???
==77181== 
==77181== 6 bytes in 1 blocks are definitely lost in loss record 227 of 793
==77181==    at 0x484D953: calloc (in /usr/libexec/valgrind/vgpreload_memcheck-amd64-linux.so)
==77181==    by 0x723DE9: __mn_alloc (in /mnt/c/Users/Juan/Documents/GitHub/Mapanare/mapanare/self/mnc-stage1)
==77181==    by 0x7249CE: __mn_str_concat (in /mnt/c/Users/Juan/Documents/GitHub/Mapanare/mapanare/self/mnc-stage1)
==77181==    by 0x41FA94: lexer__scan_ident (in /mnt/c/Users/Juan/Documents/GitHub/Mapanare/mapanare/self/mnc-stage1)
==77181==    by 0x6A7D47F: ???
==77181==    by 0x8000000000000003: ???
==77181==    by 0x6A733D7: ???
==77181==    by 0x8: ???
==77181==    by 0x8: ???
==77181==    by 0x6A7751F: ???
==77181==    by 0x8000000000000000: ???
==77181==    by 0x8: ???
==77181==    by 0x8C: ???
==77181== 
==77181== 6 bytes in 1 blocks are definitely lost in loss record 228 of 793
==77181==    at 0x484D953: calloc (in /usr/libexec/valgrind/vgpreload_memcheck-amd64-linux.so)
==77181==    by 0x723DE9: __mn_alloc (in /mnt/c/Users/Juan/Documents/GitHub/Mapanare/mapanare/self/mnc-stage1)
==77181==    by 0x7249CE: __mn_str_concat (in /mnt/c/Users/Juan/Documents/GitHub/Mapanare/mapanare/self/mnc-stage1)
==77181==    by 0x41FA94: lexer__scan_ident (in /mnt/c/Users/Juan/Documents/GitHub/Mapanare/mapanare/self/mnc-stage1)
==77181==    by 0x6A80E0F: ???
==77181==    by 0x8000000000000003: ???
==77181==    by 0x6A733D7: ???
==77181==    by 0x8: ???
==77181==    by 0xC: ???
==77181==    by 0x6A7751F: ???
==77181==    by 0x8000000000000000: ???
==77181==    by 0x8: ???
==77181==    by 0xCB: ???
==77181== 
==77181== 6 bytes in 1 blocks are definitely lost in loss record 229 of 793
==77181==    at 0x484D953: calloc (in /usr/libexec/valgrind/vgpreload_memcheck-amd64-linux.so)
==77181==    by 0x723DE9: __mn_alloc (in /mnt/c/Users/Juan/Documents/GitHub/Mapanare/mapanare/self/mnc-stage1)
==77181==    by 0x7245AB: __mn_str_from_parts (in /mnt/c/Users/Juan/Documents/GitHub/Mapanare/mapanare/self/mnc-stage1)
==77181==    by 0x726551: __mn_str_split (in /mnt/c/Users/Juan/Documents/GitHub/Mapanare/mapanare/self/mnc-stage1)
==77181==    by 0x6C0246: emit_llvm__struct_byte_size (in /mnt/c/Users/Juan/Documents/GitHub/Mapanare/mapanare/self/mnc-stage1)
==77181==    by 0x8000000000000007: ???
==77181==    by 0x6ACBD7F: ???
==77181==    by 0x6F: ???
==77181==    by 0x1F: ???
==77181==    by 0x16: ???
==77181==    by 0x6AB2CAF: ???
==77181== 
==77181== 6 bytes in 1 blocks are definitely lost in loss record 230 of 793
==77181==    at 0x484D953: calloc (in /usr/libexec/valgrind/vgpreload_memcheck-amd64-linux.so)
==77181==    by 0x723DE9: __mn_alloc (in /mnt/c/Users/Juan/Documents/GitHub/Mapanare/mapanare/self/mnc-stage1)
==77181==    by 0x7245AB: __mn_str_from_parts (in /mnt/c/Users/Juan/Documents/GitHub/Mapanare/mapanare/self/mnc-stage1)
==77181==    by 0x726551: __mn_str_split (in /mnt/c/Users/Juan/Documents/GitHub/Mapanare/mapanare/self/mnc-stage1)
==77181==    by 0x6C0246: emit_llvm__struct_byte_size (in /mnt/c/Users/Juan/Documents/GitHub/Mapanare/mapanare/self/mnc-stage1)
==77181==    by 0x8000000000000007: ???
==77181==    by 0x6ACC45F: ???
==77181==    by 0x6F: ???
==77181==    by 0x1F: ???
==77181==    by 0x16: ???
==77181==    by 0x6AB2CAF: ???
==77181== 
==77181== 6 bytes in 1 blocks are definitely lost in loss record 231 of 793
==77181==    at 0x484D953: calloc (in /usr/libexec/valgrind/vgpreload_memcheck-amd64-linux.so)
==77181==    by 0x723DE9: __mn_alloc (in /mnt/c/Users/Juan/Documents/GitHub/Mapanare/mapanare/self/mnc-stage1)
==77181==    by 0x7245AB: __mn_str_from_parts (in /mnt/c/Users/Juan/Documents/GitHub/Mapanare/mapanare/self/mnc-stage1)
==77181==    by 0x726551: __mn_str_split (in /mnt/c/Users/Juan/Documents/GitHub/Mapanare/mapanare/self/mnc-stage1)
==77181==    by 0x6C0246: emit_llvm__struct_byte_size (in /mnt/c/Users/Juan/Documents/GitHub/Mapanare/mapanare/self/mnc-stage1)
==77181==    by 0x8000000000000007: ???
==77181==    by 0x6ACC71F: ???
==77181==    by 0x6F: ???
==77181==    by 0x1F: ???
==77181==    by 0x16: ???
==77181==    by 0x6AB2CAF: ???
==77181== 
==77181== 6 bytes in 1 blocks are definitely lost in loss record 232 of 793
==77181==    at 0x484D953: calloc (in /usr/libexec/valgrind/vgpreload_memcheck-amd64-linux.so)
==77181==    by 0x723DE9: __mn_alloc (in /mnt/c/Users/Juan/Documents/GitHub/Mapanare/mapanare/self/mnc-stage1)
==77181==    by 0x7245AB: __mn_str_from_parts (in /mnt/c/Users/Juan/Documents/GitHub/Mapanare/mapanare/self/mnc-stage1)
==77181==    by 0x726551: __mn_str_split (in /mnt/c/Users/Juan/Documents/GitHub/Mapanare/mapanare/self/mnc-stage1)
==77181==    by 0x6C0246: emit_llvm__struct_byte_size (in /mnt/c/Users/Juan/Documents/GitHub/Mapanare/mapanare/self/mnc-stage1)
==77181==    by 0x8000000000000007: ???
==77181==    by 0x6ACD92F: ???
==77181==    by 0x6F: ???
==77181==    by 0x1F: ???
==77181==    by 0x16: ???
==77181==    by 0x6AB2CAF: ???
==77181== 
==77181== 6 bytes in 1 blocks are definitely lost in loss record 233 of 793
==77181==    at 0x484D953: calloc (in /usr/libexec/valgrind/vgpreload_memcheck-amd64-linux.so)
==77181==    by 0x723DE9: __mn_alloc (in /mnt/c/Users/Juan/Documents/GitHub/Mapanare/mapanare/self/mnc-stage1)
==77181==    by 0x7245AB: __mn_str_from_parts (in /mnt/c/Users/Juan/Documents/GitHub/Mapanare/mapanare/self/mnc-stage1)
==77181==    by 0x726551: __mn_str_split (in /mnt/c/Users/Juan/Documents/GitHub/Mapanare/mapanare/self/mnc-stage1)
==77181==    by 0x6C0246: emit_llvm__struct_byte_size (in /mnt/c/Users/Juan/Documents/GitHub/Mapanare/mapanare/self/mnc-stage1)
==77181==    by 0x8000000000000007: ???
==77181==    by 0x6ACE19F: ???
==77181==    by 0x6F: ???
==77181==    by 0x1F: ???
==77181==    by 0x16: ???
==77181==    by 0x6AB2CAF: ???
==77181== 
==77181== 6 bytes in 1 blocks are definitely lost in loss record 234 of 793
==77181==    at 0x484D953: calloc (in /usr/libexec/valgrind/vgpreload_memcheck-amd64-linux.so)
==77181==    by 0x723DE9: __mn_alloc (in /mnt/c/Users/Juan/Documents/GitHub/Mapanare/mapanare/self/mnc-stage1)
==77181==    by 0x7245AB: __mn_str_from_parts (in /mnt/c/Users/Juan/Documents/GitHub/Mapanare/mapanare/self/mnc-stage1)
==77181==    by 0x726551: __mn_str_split (in /mnt/c/Users/Juan/Documents/GitHub/Mapanare/mapanare/self/mnc-stage1)
==77181==    by 0x6C0246: emit_llvm__struct_byte_size (in /mnt/c/Users/Juan/Documents/GitHub/Mapanare/mapanare/self/mnc-stage1)
==77181==    by 0x8000000000000007: ???
==77181==    by 0x6ACE45F: ???
==77181==    by 0x6F: ???
==77181==    by 0x1F: ???
==77181==    by 0x16: ???
==77181==    by 0x6AB2CAF: ???
==77181== 
==77181== 6 bytes in 1 blocks are definitely lost in loss record 235 of 793
==77181==    at 0x484D953: calloc (in /usr/libexec/valgrind/vgpreload_memcheck-amd64-linux.so)
==77181==    by 0x723DE9: __mn_alloc (in /mnt/c/Users/Juan/Documents/GitHub/Mapanare/mapanare/self/mnc-stage1)
==77181==    by 0x7245AB: __mn_str_from_parts (in /mnt/c/Users/Juan/Documents/GitHub/Mapanare/mapanare/self/mnc-stage1)
==77181==    by 0x726551: __mn_str_split (in /mnt/c/Users/Juan/Documents/GitHub/Mapanare/mapanare/self/mnc-stage1)
==77181==    by 0x6C0246: emit_llvm__struct_byte_size (in /mnt/c/Users/Juan/Documents/GitHub/Mapanare/mapanare/self/mnc-stage1)
==77181==    by 0x8000000000000007: ???
==77181==    by 0x6AD1FFF: ???
==77181==    by 0x6F: ???
==77181==    by 0x1F: ???
==77181==    by 0x16: ???
==77181==    by 0x6AB2CAF: ???
==77181== 
==77181== 6 bytes in 1 blocks are definitely lost in loss record 236 of 793
==77181==    at 0x484D953: calloc (in /usr/libexec/valgrind/vgpreload_memcheck-amd64-linux.so)
==77181==    by 0x723DE9: __mn_alloc (in /mnt/c/Users/Juan/Documents/GitHub/Mapanare/mapanare/self/mnc-stage1)
==77181==    by 0x7245AB: __mn_str_from_parts (in /mnt/c/Users/Juan/Documents/GitHub/Mapanare/mapanare/self/mnc-stage1)
==77181==    by 0x726551: __mn_str_split (in /mnt/c/Users/Juan/Documents/GitHub/Mapanare/mapanare/self/mnc-stage1)
==77181==    by 0x6C0246: emit_llvm__struct_byte_size (in /mnt/c/Users/Juan/Documents/GitHub/Mapanare/mapanare/self/mnc-stage1)
==77181==    by 0x8000000000000007: ???
==77181==    by 0x6AD2BFF: ???
==77181==    by 0x6F: ???
==77181==    by 0x1F: ???
==77181==    by 0x16: ???
==77181==    by 0x6AB2CAF: ???
==77181== 
==77181== 6 bytes in 1 blocks are definitely lost in loss record 237 of 793
==77181==    at 0x484D953: calloc (in /usr/libexec/valgrind/vgpreload_memcheck-amd64-linux.so)
==77181==    by 0x723DE9: __mn_alloc (in /mnt/c/Users/Juan/Documents/GitHub/Mapanare/mapanare/self/mnc-stage1)
==77181==    by 0x7245AB: __mn_str_from_parts (in /mnt/c/Users/Juan/Documents/GitHub/Mapanare/mapanare/self/mnc-stage1)
==77181==    by 0x726551: __mn_str_split (in /mnt/c/Users/Juan/Documents/GitHub/Mapanare/mapanare/self/mnc-stage1)
==77181==    by 0x6C0246: emit_llvm__struct_byte_size (in /mnt/c/Users/Juan/Documents/GitHub/Mapanare/mapanare/self/mnc-stage1)
==77181==    by 0x8000000000000007: ???
==77181==    by 0x6AD4C6F: ???
==77181==    by 0x6F: ???
==77181==    by 0x1F: ???
==77181==    by 0x16: ???
==77181==    by 0x6AB2CAF: ???
==77181== 
==77181== 6 bytes in 3 blocks are definitely lost in loss record 238 of 793
==77181==    at 0x484D953: calloc (in /usr/libexec/valgrind/vgpreload_memcheck-amd64-linux.so)
==77181==    by 0x723DE9: __mn_alloc (in /mnt/c/Users/Juan/Documents/GitHub/Mapanare/mapanare/self/mnc-stage1)
==77181==    by 0x7245AB: __mn_str_from_parts (in /mnt/c/Users/Juan/Documents/GitHub/Mapanare/mapanare/self/mnc-stage1)
==77181==    by 0x42002C: lexer__scan_number (in /mnt/c/Users/Juan/Documents/GitHub/Mapanare/mapanare/self/mnc-stage1)
==77181==    by 0x73C56F: ??? (in /mnt/c/Users/Juan/Documents/GitHub/Mapanare/mapanare/self/mnc-stage1)
==77181==    by 0x6A73257: ???
==77181== 
==77181== 7 bytes in 1 blocks are indirectly lost in loss record 239 of 793
==77181==    at 0x484D953: calloc (in /usr/libexec/valgrind/vgpreload_memcheck-amd64-linux.so)
==77181==    by 0x723DE9: __mn_alloc (in /mnt/c/Users/Juan/Documents/GitHub/Mapanare/mapanare/self/mnc-stage1)
==77181==    by 0x7249CE: __mn_str_concat (in /mnt/c/Users/Juan/Documents/GitHub/Mapanare/mapanare/self/mnc-stage1)
==77181==    by 0x41FA94: lexer__scan_ident (in /mnt/c/Users/Juan/Documents/GitHub/Mapanare/mapanare/self/mnc-stage1)
==77181==    by 0x6A78D4F: ???
==77181==    by 0x8000000000000004: ???
==77181==    by 0x6A733D7: ???
==77181== 
==77181== 7 bytes in 1 blocks are indirectly lost in loss record 240 of 793
==77181==    at 0x484D953: calloc (in /usr/libexec/valgrind/vgpreload_memcheck-amd64-linux.so)
==77181==    by 0x723DE9: __mn_alloc (in /mnt/c/Users/Juan/Documents/GitHub/Mapanare/mapanare/self/mnc-stage1)
==77181==    by 0x7249CE: __mn_str_concat (in /mnt/c/Users/Juan/Documents/GitHub/Mapanare/mapanare/self/mnc-stage1)
==77181==    by 0x41FA94: lexer__scan_ident (in /mnt/c/Users/Juan/Documents/GitHub/Mapanare/mapanare/self/mnc-stage1)
==77181==    by 0x6A7D51F: ???
==77181==    by 0x8000000000000004: ???
==77181==    by 0x6A733D7: ???
==77181==    by 0x8: ???
==77181==    by 0x8: ???
==77181==    by 0x6A7751F: ???
==77181==    by 0x8000000000000000: ???
==77181==    by 0x8: ???
==77181==    by 0x8C: ???
==77181== 
==77181== 7 bytes in 1 blocks are indirectly lost in loss record 241 of 793
==77181==    at 0x484D953: calloc (in /usr/libexec/valgrind/vgpreload_memcheck-amd64-linux.so)
==77181==    by 0x723DE9: __mn_alloc (in /mnt/c/Users/Juan/Documents/GitHub/Mapanare/mapanare/self/mnc-stage1)
==77181==    by 0x7249CE: __mn_str_concat (in /mnt/c/Users/Juan/Documents/GitHub/Mapanare/mapanare/self/mnc-stage1)
==77181==    by 0x41FA94: lexer__scan_ident (in /mnt/c/Users/Juan/Documents/GitHub/Mapanare/mapanare/self/mnc-stage1)
==77181==    by 0x6A80EAF: ???
==77181==    by 0x8000000000000004: ???
==77181==    by 0x6A733D7: ???
==77181==    by 0x8: ???
==77181==    by 0xC: ???
==77181==    by 0x6A7751F: ???
==77181==    by 0x8000000000000000: ???
==77181==    by 0x8: ???
==77181==    by 0xCB: ???
==77181== 
==77181== 8 bytes in 1 blocks are indirectly lost in loss record 242 of 793
==77181==    at 0x484D953: calloc (in /usr/libexec/valgrind/vgpreload_memcheck-amd64-linux.so)
==77181==    by 0x723DE9: __mn_alloc (in /mnt/c/Users/Juan/Documents/GitHub/Mapanare/mapanare/self/mnc-stage1)
==77181==    by 0x7249CE: __mn_str_concat (in /mnt/c/Users/Juan/Documents/GitHub/Mapanare/mapanare/self/mnc-stage1)
==77181==    by 0x499B12: lower_state__fresh_tmp (in /mnt/c/Users/Juan/Documents/GitHub/Mapanare/mapanare/self/mnc-stage1)
==77181==    by 0x1000000000007: ???
==77181==    by 0x6AA154F: ???
==77181==    by 0x73ECC7: ??? (in /mnt/c/Users/Juan/Documents/GitHub/Mapanare/mapanare/self/mnc-stage1)
==77181== 
==77181== 8 bytes in 1 blocks are indirectly lost in loss record 243 of 793
==77181==    at 0x484D953: calloc (in /usr/libexec/valgrind/vgpreload_memcheck-amd64-linux.so)
==77181==    by 0x723DE9: __mn_alloc (in /mnt/c/Users/Juan/Documents/GitHub/Mapanare/mapanare/self/mnc-stage1)
==77181==    by 0x7249CE: __mn_str_concat (in /mnt/c/Users/Juan/Documents/GitHub/Mapanare/mapanare/self/mnc-stage1)
==77181==    by 0x69BB34: emit_llvm__register_mir_struct (in /mnt/c/Users/Juan/Documents/GitHub/Mapanare/mapanare/self/mnc-stage1)
==77181==    by 0x3F: ???
==77181== 
==77181== 8 bytes in 2 blocks are definitely lost in loss record 244 of 793
==77181==    at 0x484D953: calloc (in /usr/libexec/valgrind/vgpreload_memcheck-amd64-linux.so)
==77181==    by 0x723DE9: __mn_alloc (in /mnt/c/Users/Juan/Documents/GitHub/Mapanare/mapanare/self/mnc-stage1)
==77181==    by 0x7245AB: __mn_str_from_parts (in /mnt/c/Users/Juan/Documents/GitHub/Mapanare/mapanare/self/mnc-stage1)
==77181==    by 0x5BD441: lower__lower_call_by_name (in /mnt/c/Users/Juan/Documents/GitHub/Mapanare/mapanare/self/mnc-stage1)
==77181==    by 0x5D6C010: ???
==77181==    by 0x7: ???
==77181==    by 0x6AA228F: ???
==77181== 
==77181== 8 bytes in 2 blocks are definitely lost in loss record 245 of 793
==77181==    at 0x484D953: calloc (in /usr/libexec/valgrind/vgpreload_memcheck-amd64-linux.so)
==77181==    by 0x723DE9: __mn_alloc (in /mnt/c/Users/Juan/Documents/GitHub/Mapanare/mapanare/self/mnc-stage1)
==77181==    by 0x7245AB: __mn_str_from_parts (in /mnt/c/Users/Juan/Documents/GitHub/Mapanare/mapanare/self/mnc-stage1)
==77181==    by 0x59CD85: lower__monomorphize_impl_methods (in /mnt/c/Users/Juan/Documents/GitHub/Mapanare/mapanare/self/mnc-stage1)
==77181== 
==77181== 9 bytes in 2 blocks are indirectly lost in loss record 246 of 793
==77181==    at 0x484D953: calloc (in /usr/libexec/valgrind/vgpreload_memcheck-amd64-linux.so)
==77181==    by 0x723DE9: __mn_alloc (in /mnt/c/Users/Juan/Documents/GitHub/Mapanare/mapanare/self/mnc-stage1)
==77181==    by 0x7249CE: __mn_str_concat (in /mnt/c/Users/Juan/Documents/GitHub/Mapanare/mapanare/self/mnc-stage1)
==77181==    by 0x499B12: lower_state__fresh_tmp (in /mnt/c/Users/Juan/Documents/GitHub/Mapanare/mapanare/self/mnc-stage1)
==77181==    by 0x100000000004F: ???
==77181==    by 0x6AA154F: ???
==77181==    by 0x73ECC7: ??? (in /mnt/c/Users/Juan/Documents/GitHub/Mapanare/mapanare/self/mnc-stage1)
==77181== 
==77181== 10 bytes in 1 blocks are indirectly lost in loss record 247 of 793
==77181==    at 0x484D953: calloc (in /usr/libexec/valgrind/vgpreload_memcheck-amd64-linux.so)
==77181==    by 0x723DE9: __mn_alloc (in /mnt/c/Users/Juan/Documents/GitHub/Mapanare/mapanare/self/mnc-stage1)
==77181==    by 0x7249CE: __mn_str_concat (in /mnt/c/Users/Juan/Documents/GitHub/Mapanare/mapanare/self/mnc-stage1)
==77181==    by 0x432838: parser__parse_struct_construct (in /mnt/c/Users/Juan/Documents/GitHub/Mapanare/mapanare/self/mnc-stage1)
==77181==    by 0x6A8BDBF: ???
==77181==    by 0x8000000000000002: ???
==77181==    by 0x6A82C5F: ???
==77181== 
==77181== 10 bytes in 1 blocks are indirectly lost in loss record 248 of 793
==77181==    at 0x484D953: calloc (in /usr/libexec/valgrind/vgpreload_memcheck-amd64-linux.so)
==77181==    by 0x723DE9: __mn_alloc (in /mnt/c/Users/Juan/Documents/GitHub/Mapanare/mapanare/self/mnc-stage1)
==77181==    by 0x7249CE: __mn_str_concat (in /mnt/c/Users/Juan/Documents/GitHub/Mapanare/mapanare/self/mnc-stage1)
==77181==    by 0x432838: parser__parse_struct_construct (in /mnt/c/Users/Juan/Documents/GitHub/Mapanare/mapanare/self/mnc-stage1)
==77181== 
==77181== 10 bytes in 1 blocks are indirectly lost in loss record 249 of 793
==77181==    at 0x484D953: calloc (in /usr/libexec/valgrind/vgpreload_memcheck-amd64-linux.so)
==77181==    by 0x723DE9: __mn_alloc (in /mnt/c/Users/Juan/Documents/GitHub/Mapanare/mapanare/self/mnc-stage1)
==77181==    by 0x7249CE: __mn_str_concat (in /mnt/c/Users/Juan/Documents/GitHub/Mapanare/mapanare/self/mnc-stage1)
==77181==    by 0x47908A: semantic__register_def (in /mnt/c/Users/Juan/Documents/GitHub/Mapanare/mapanare/self/mnc-stage1)
==77181== 
==77181== 10 bytes in 1 blocks are indirectly lost in loss record 250 of 793
==77181==    at 0x484D953: calloc (in /usr/libexec/valgrind/vgpreload_memcheck-amd64-linux.so)
==77181==    by 0x723DE9: __mn_alloc (in /mnt/c/Users/Juan/Documents/GitHub/Mapanare/mapanare/self/mnc-stage1)
==77181==    by 0x7249CE: __mn_str_concat (in /mnt/c/Users/Juan/Documents/GitHub/Mapanare/mapanare/self/mnc-stage1)
==77181==    by 0x4B783B: lower__register_definition (in /mnt/c/Users/Juan/Documents/GitHub/Mapanare/mapanare/self/mnc-stage1)
==77181== 
==77181== 10 bytes in 2 blocks are definitely lost in loss record 251 of 793
==77181==    at 0x484D953: calloc (in /usr/libexec/valgrind/vgpreload_memcheck-amd64-linux.so)
==77181==    by 0x723DE9: __mn_alloc (in /mnt/c/Users/Juan/Documents/GitHub/Mapanare/mapanare/self/mnc-stage1)
==77181==    by 0x7249CE: __mn_str_concat (in /mnt/c/Users/Juan/Documents/GitHub/Mapanare/mapanare/self/mnc-stage1)
==77181==    by 0x4B2F46: lower__register_definition (in /mnt/c/Users/Juan/Documents/GitHub/Mapanare/mapanare/self/mnc-stage1)
==77181== 
==77181== 10 bytes in 2 blocks are definitely lost in loss record 252 of 793
==77181==    at 0x484D953: calloc (in /usr/libexec/valgrind/vgpreload_memcheck-amd64-linux.so)
==77181==    by 0x723DE9: __mn_alloc (in /mnt/c/Users/Juan/Documents/GitHub/Mapanare/mapanare/self/mnc-stage1)
==77181==    by 0x7249CE: __mn_str_concat (in /mnt/c/Users/Juan/Documents/GitHub/Mapanare/mapanare/self/mnc-stage1)
==77181==    by 0x59DEAB: lower__monomorphize_impl_methods (in /mnt/c/Users/Juan/Documents/GitHub/Mapanare/mapanare/self/mnc-stage1)
==77181== 
==77181== 11 bytes in 1 blocks are definitely lost in loss record 253 of 793
==77181==    at 0x484D953: calloc (in /usr/libexec/valgrind/vgpreload_memcheck-amd64-linux.so)
==77181==    by 0x723DE9: __mn_alloc (in /mnt/c/Users/Juan/Documents/GitHub/Mapanare/mapanare/self/mnc-stage1)
==77181==    by 0x7249CE: __mn_str_concat (in /mnt/c/Users/Juan/Documents/GitHub/Mapanare/mapanare/self/mnc-stage1)
==77181==    by 0x414989: has_later_def (in /mnt/c/Users/Juan/Documents/GitHub/Mapanare/mapanare/self/mnc-stage1)
==77181== 
==77181== 12 bytes in 1 blocks are indirectly lost in loss record 254 of 793
==77181==    at 0x484D953: calloc (in /usr/libexec/valgrind/vgpreload_memcheck-amd64-linux.so)
==77181==    by 0x723DE9: __mn_alloc (in /mnt/c/Users/Juan/Documents/GitHub/Mapanare/mapanare/self/mnc-stage1)
==77181==    by 0x7249CE: __mn_str_concat (in /mnt/c/Users/Juan/Documents/GitHub/Mapanare/mapanare/self/mnc-stage1)
==77181==    by 0x4B77F3: lower__register_definition (in /mnt/c/Users/Juan/Documents/GitHub/Mapanare/mapanare/self/mnc-stage1)
==77181== 
==77181== 13 bytes in 3 blocks are indirectly lost in loss record 255 of 793
==77181==    at 0x484D953: calloc (in /usr/libexec/valgrind/vgpreload_memcheck-amd64-linux.so)
==77181==    by 0x723DE9: __mn_alloc (in /mnt/c/Users/Juan/Documents/GitHub/Mapanare/mapanare/self/mnc-stage1)
==77181==    by 0x7249CE: __mn_str_concat (in /mnt/c/Users/Juan/Documents/GitHub/Mapanare/mapanare/self/mnc-stage1)
==77181==    by 0x499B12: lower_state__fresh_tmp (in /mnt/c/Users/Juan/Documents/GitHub/Mapanare/mapanare/self/mnc-stage1)
==77181==    by 0x100000000003F: ???
==77181==    by 0x6AA154F: ???
==77181==    by 0x73ECC7: ??? (in /mnt/c/Users/Juan/Documents/GitHub/Mapanare/mapanare/self/mnc-stage1)
==77181== 
==77181== 14 bytes in 1 blocks are indirectly lost in loss record 256 of 793
==77181==    at 0x484D953: calloc (in /usr/libexec/valgrind/vgpreload_memcheck-amd64-linux.so)
==77181==    by 0x723DE9: __mn_alloc (in /mnt/c/Users/Juan/Documents/GitHub/Mapanare/mapanare/self/mnc-stage1)
==77181==    by 0x7249CE: __mn_str_concat (in /mnt/c/Users/Juan/Documents/GitHub/Mapanare/mapanare/self/mnc-stage1)
==77181==    by 0x68C32B: emit_llvm__build_internal_struct_list (in /mnt/c/Users/Juan/Documents/GitHub/Mapanare/mapanare/self/mnc-stage1)
==77181==    by 0x1: ???
==77181==    by 0x7: ???
==77181==    by 0x6AB3FAF: ???
==77181==    by 0x7: ???
==77181==    by 0xF: ???
==77181== 
==77181== 15 bytes in 3 blocks are indirectly lost in loss record 257 of 793
==77181==    at 0x484D953: calloc (in /usr/libexec/valgrind/vgpreload_memcheck-amd64-linux.so)
==77181==    by 0x723DE9: __mn_alloc (in /mnt/c/Users/Juan/Documents/GitHub/Mapanare/mapanare/self/mnc-stage1)
==77181==    by 0x7249CE: __mn_str_concat (in /mnt/c/Users/Juan/Documents/GitHub/Mapanare/mapanare/self/mnc-stage1)
==77181==    by 0x4CE559: lower__bind_fn_params (in /mnt/c/Users/Juan/Documents/GitHub/Mapanare/mapanare/self/mnc-stage1)
==77181== 
==77181== 15 bytes in 1 blocks are definitely lost in loss record 258 of 793
==77181==    at 0x484D953: calloc (in /usr/libexec/valgrind/vgpreload_memcheck-amd64-linux.so)
==77181==    by 0x723DE9: __mn_alloc (in /mnt/c/Users/Juan/Documents/GitHub/Mapanare/mapanare/self/mnc-stage1)
==77181==    by 0x7249CE: __mn_str_concat (in /mnt/c/Users/Juan/Documents/GitHub/Mapanare/mapanare/self/mnc-stage1)
==77181==    by 0x69B7EB: emit_llvm__register_mir_struct (in /mnt/c/Users/Juan/Documents/GitHub/Mapanare/mapanare/self/mnc-stage1)
==77181==    by 0x3F: ???
==77181== 
==77181== 15 bytes in 1 blocks are definitely lost in loss record 259 of 793
==77181==    at 0x484D953: calloc (in /usr/libexec/valgrind/vgpreload_memcheck-amd64-linux.so)
==77181==    by 0x723DE9: __mn_alloc (in /mnt/c/Users/Juan/Documents/GitHub/Mapanare/mapanare/self/mnc-stage1)
==77181==    by 0x7249CE: __mn_str_concat (in /mnt/c/Users/Juan/Documents/GitHub/Mapanare/mapanare/self/mnc-stage1)
==77181==    by 0x69B826: emit_llvm__register_mir_struct (in /mnt/c/Users/Juan/Documents/GitHub/Mapanare/mapanare/self/mnc-stage1)
==77181==    by 0x3F: ???
==77181== 
==77181== 15 bytes in 3 blocks are definitely lost in loss record 260 of 793
==77181==    at 0x484D953: calloc (in /usr/libexec/valgrind/vgpreload_memcheck-amd64-linux.so)
==77181==    by 0x723DE9: __mn_alloc (in /mnt/c/Users/Juan/Documents/GitHub/Mapanare/mapanare/self/mnc-stage1)
==77181==    by 0x7249CE: __mn_str_concat (in /mnt/c/Users/Juan/Documents/GitHub/Mapanare/mapanare/self/mnc-stage1)
==77181==    by 0x4CE518: lower__bind_fn_params (in /mnt/c/Users/Juan/Documents/GitHub/Mapanare/mapanare/self/mnc-stage1)
==77181== 
==77181== 16 bytes in 1 blocks are indirectly lost in loss record 261 of 793
==77181==    at 0x4846828: malloc (in /usr/libexec/valgrind/vgpreload_memcheck-amd64-linux.so)
==77181==    by 0x432FD7: parser__parse_atom (in /mnt/c/Users/Juan/Documents/GitHub/Mapanare/mapanare/self/mnc-stage1)
==77181== 
==77181== 16 bytes in 1 blocks are indirectly lost in loss record 262 of 793
==77181==    at 0x4846828: malloc (in /usr/libexec/valgrind/vgpreload_memcheck-amd64-linux.so)
==77181==    by 0x430B13: parser__parse_postfix (in /mnt/c/Users/Juan/Documents/GitHub/Mapanare/mapanare/self/mnc-stage1)
==77181==    by 0x1E: ???
==77181==    by 0x6A8AC6F: ???
==77181==    by 0x5: ???
==77181== 
==77181== 16 bytes in 1 blocks are indirectly lost in loss record 263 of 793
==77181==    at 0x4846828: malloc (in /usr/libexec/valgrind/vgpreload_memcheck-amd64-linux.so)
==77181==    by 0x433542: parser__parse_atom (in /mnt/c/Users/Juan/Documents/GitHub/Mapanare/mapanare/self/mnc-stage1)
==77181== 
==77181== 16 bytes in 1 blocks are indirectly lost in loss record 264 of 793
==77181==    at 0x4846828: malloc (in /usr/libexec/valgrind/vgpreload_memcheck-amd64-linux.so)
==77181==    by 0x432848: parser__parse_struct_construct (in /mnt/c/Users/Juan/Documents/GitHub/Mapanare/mapanare/self/mnc-stage1)
==77181==    by 0x6A8BDBF: ???
==77181==    by 0x8000000000000002: ???
==77181==    by 0x6A82C5F: ???
==77181== 
==77181== 16 bytes in 1 blocks are indirectly lost in loss record 265 of 793
==77181==    at 0x4846828: malloc (in /usr/libexec/valgrind/vgpreload_memcheck-amd64-linux.so)
==77181==    by 0x432872: parser__parse_struct_construct (in /mnt/c/Users/Juan/Documents/GitHub/Mapanare/mapanare/self/mnc-stage1)
==77181==    by 0x6A8BDBF: ???
==77181==    by 0x8000000000000002: ???
==77181==    by 0x6A82C5F: ???
==77181== 
==77181== 16 bytes in 1 blocks are indirectly lost in loss record 266 of 793
==77181==    at 0x4846828: malloc (in /usr/libexec/valgrind/vgpreload_memcheck-amd64-linux.so)
==77181==    by 0x433542: parser__parse_atom (in /mnt/c/Users/Juan/Documents/GitHub/Mapanare/mapanare/self/mnc-stage1)
==77181==    by 0x7: ???
==77181==    by 0x3E: ???
==77181== 
==77181== 16 bytes in 1 blocks are indirectly lost in loss record 267 of 793
==77181==    at 0x4846828: malloc (in /usr/libexec/valgrind/vgpreload_memcheck-amd64-linux.so)
==77181==    by 0x433542: parser__parse_atom (in /mnt/c/Users/Juan/Documents/GitHub/Mapanare/mapanare/self/mnc-stage1)
==77181==    by 0x6A84DBF: ???
==77181==    by 0x40: ???
==77181== 
==77181== 16 bytes in 1 blocks are indirectly lost in loss record 268 of 793
==77181==    at 0x4846828: malloc (in /usr/libexec/valgrind/vgpreload_memcheck-amd64-linux.so)
==77181==    by 0x433542: parser__parse_atom (in /mnt/c/Users/Juan/Documents/GitHub/Mapanare/mapanare/self/mnc-stage1)
==77181==    by 0x7: ???
==77181==    by 0x46: ???
==77181== 
==77181== 16 bytes in 1 blocks are indirectly lost in loss record 269 of 793
==77181==    at 0x4846828: malloc (in /usr/libexec/valgrind/vgpreload_memcheck-amd64-linux.so)
==77181==    by 0x433542: parser__parse_atom (in /mnt/c/Users/Juan/Documents/GitHub/Mapanare/mapanare/self/mnc-stage1)
==77181==    by 0x6A84DBF: ???
==77181==    by 0x48: ???
==77181== 
==77181== 16 bytes in 1 blocks are indirectly lost in loss record 270 of 793
==77181==    at 0x4846828: malloc (in /usr/libexec/valgrind/vgpreload_memcheck-amd64-linux.so)
==77181==    by 0x431591: parser__parse_method_args (in /mnt/c/Users/Juan/Documents/GitHub/Mapanare/mapanare/self/mnc-stage1)
==77181==    by 0x6A83E3F: ???
==77181==    by 0x62: ???
==77181==    by 0x7F: ???
==77181==    by 0x3F: ???
==77181== 
==77181== 16 bytes in 1 blocks are indirectly lost in loss record 271 of 793
==77181==    at 0x4846828: malloc (in /usr/libexec/valgrind/vgpreload_memcheck-amd64-linux.so)
==77181==    by 0x432848: parser__parse_struct_construct (in /mnt/c/Users/Juan/Documents/GitHub/Mapanare/mapanare/self/mnc-stage1)
==77181== 
==77181== 16 bytes in 1 blocks are indirectly lost in loss record 272 of 793
==77181==    at 0x4846828: malloc (in /usr/libexec/valgrind/vgpreload_memcheck-amd64-linux.so)
==77181==    by 0x432872: parser__parse_struct_construct (in /mnt/c/Users/Juan/Documents/GitHub/Mapanare/mapanare/self/mnc-stage1)
==77181== 
==77181== 16 bytes in 1 blocks are indirectly lost in loss record 273 of 793
==77181==    at 0x4846828: malloc (in /usr/libexec/valgrind/vgpreload_memcheck-amd64-linux.so)
==77181==    by 0x433542: parser__parse_atom (in /mnt/c/Users/Juan/Documents/GitHub/Mapanare/mapanare/self/mnc-stage1)
==77181==    by 0x7: ???
==77181==    by 0x59: ???
==77181== 
==77181== 16 bytes in 1 blocks are indirectly lost in loss record 274 of 793
==77181==    at 0x4846828: malloc (in /usr/libexec/valgrind/vgpreload_memcheck-amd64-linux.so)
==77181==    by 0x433542: parser__parse_atom (in /mnt/c/Users/Juan/Documents/GitHub/Mapanare/mapanare/self/mnc-stage1)
==77181==    by 0x6A8547F: ???
==77181==    by 0x5B: ???
==77181== 
==77181== 16 bytes in 1 blocks are indirectly lost in loss record 275 of 793
==77181==    at 0x4846828: malloc (in /usr/libexec/valgrind/vgpreload_memcheck-amd64-linux.so)
==77181==    by 0x58DA86: lower__substitute_type_annotation (in /mnt/c/Users/Juan/Documents/GitHub/Mapanare/mapanare/self/mnc-stage1)
==77181==    by 0x73ECC7: ??? (in /mnt/c/Users/Juan/Documents/GitHub/Mapanare/mapanare/self/mnc-stage1)
==77181==    by 0x8000000000000000: ???
==77181==    by 0x6A8027F: ???
==77181== 
==77181== 16 bytes in 1 blocks are indirectly lost in loss record 276 of 793
==77181==    at 0x484D953: calloc (in /usr/libexec/valgrind/vgpreload_memcheck-amd64-linux.so)
==77181==    by 0x723DE9: __mn_alloc (in /mnt/c/Users/Juan/Documents/GitHub/Mapanare/mapanare/self/mnc-stage1)
==77181==    by 0x7249CE: __mn_str_concat (in /mnt/c/Users/Juan/Documents/GitHub/Mapanare/mapanare/self/mnc-stage1)
==77181==    by 0x68A844: emit_llvm__build_internal_struct_list (in /mnt/c/Users/Juan/Documents/GitHub/Mapanare/mapanare/self/mnc-stage1)
==77181==    by 0x2: ???
==77181==    by 0x7: ???
==77181==    by 0x6AB199F: ???
==77181==    by 0x7: ???
==77181==    by 0xF: ???
==77181== 
==77181== 16 bytes in 1 blocks are indirectly lost in loss record 277 of 793
==77181==    at 0x484D953: calloc (in /usr/libexec/valgrind/vgpreload_memcheck-amd64-linux.so)
==77181==    by 0x723DE9: __mn_alloc (in /mnt/c/Users/Juan/Documents/GitHub/Mapanare/mapanare/self/mnc-stage1)
==77181==    by 0x7249CE: __mn_str_concat (in /mnt/c/Users/Juan/Documents/GitHub/Mapanare/mapanare/self/mnc-stage1)
==77181==    by 0x68AA33: emit_llvm__build_internal_struct_list (in /mnt/c/Users/Juan/Documents/GitHub/Mapanare/mapanare/self/mnc-stage1)
==77181==    by 0x2: ???
==77181==    by 0x7: ???
==77181==    by 0x6AB1ABF: ???
==77181==    by 0x7: ???
==77181==    by 0xF: ???
==77181== 
==77181== 16 bytes in 1 blocks are indirectly lost in loss record 278 of 793
==77181==    at 0x484D953: calloc (in /usr/libexec/valgrind/vgpreload_memcheck-amd64-linux.so)
==77181==    by 0x723DE9: __mn_alloc (in /mnt/c/Users/Juan/Documents/GitHub/Mapanare/mapanare/self/mnc-stage1)
==77181==    by 0x7249CE: __mn_str_concat (in /mnt/c/Users/Juan/Documents/GitHub/Mapanare/mapanare/self/mnc-stage1)
==77181==    by 0x68C167: emit_llvm__build_internal_struct_list (in /mnt/c/Users/Juan/Documents/GitHub/Mapanare/mapanare/self/mnc-stage1)
==77181==    by 0x2: ???
==77181==    by 0x7: ???
==77181==    by 0x6AB3E8F: ???
==77181==    by 0x7: ???
==77181==    by 0xF: ???
==77181== 
==77181== 16 bytes in 2 blocks are indirectly lost in loss record 279 of 793
==77181==    at 0x484D953: calloc (in /usr/libexec/valgrind/vgpreload_memcheck-amd64-linux.so)
==77181==    by 0x723DE9: __mn_alloc (in /mnt/c/Users/Juan/Documents/GitHub/Mapanare/mapanare/self/mnc-stage1)
==77181==    by 0x7249CE: __mn_str_concat (in /mnt/c/Users/Juan/Documents/GitHub/Mapanare/mapanare/self/mnc-stage1)
==77181==    by 0x4B2F5C: lower__register_definition (in /mnt/c/Users/Juan/Documents/GitHub/Mapanare/mapanare/self/mnc-stage1)
==77181== 
==77181== 16 bytes in 2 blocks are indirectly lost in loss record 280 of 793
==77181==    at 0x484D953: calloc (in /usr/libexec/valgrind/vgpreload_memcheck-amd64-linux.so)
==77181==    by 0x723DE9: __mn_alloc (in /mnt/c/Users/Juan/Documents/GitHub/Mapanare/mapanare/self/mnc-stage1)
==77181==    by 0x7249CE: __mn_str_concat (in /mnt/c/Users/Juan/Documents/GitHub/Mapanare/mapanare/self/mnc-stage1)
==77181==    by 0x59DEBC: lower__monomorphize_impl_methods (in /mnt/c/Users/Juan/Documents/GitHub/Mapanare/mapanare/self/mnc-stage1)
==77181== 
==77181== 16 bytes in 1 blocks are definitely lost in loss record 281 of 793
==77181==    at 0x4846828: malloc (in /usr/libexec/valgrind/vgpreload_memcheck-amd64-linux.so)
==77181==    by 0x728B99: __mn_range (in /mnt/c/Users/Juan/Documents/GitHub/Mapanare/mapanare/self/mnc-stage1)
==77181==    by 0x4221C3: lexer__skip_comment_to_eol (in /mnt/c/Users/Juan/Documents/GitHub/Mapanare/mapanare/self/mnc-stage1)
==77181==    by 0x800000000000016A: ???
==77181==    by 0x6A7751F: ???
==77181==    by 0x8000000000000000: ???
==77181==    by 0x6A776CF: ???
==77181==    by 0x1: ???
==77181==    by 0x16A: ???
==77181==    by 0x800000000000016A: ???
==77181==    by 0x4225F0: lexer__tokenize (in /mnt/c/Users/Juan/Documents/GitHub/Mapanare/mapanare/self/mnc-stage1)
==77181== 
==77181== 16 bytes in 1 blocks are definitely lost in loss record 282 of 793
==77181==    at 0x4846828: malloc (in /usr/libexec/valgrind/vgpreload_memcheck-amd64-linux.so)
==77181==    by 0x728B99: __mn_range (in /mnt/c/Users/Juan/Documents/GitHub/Mapanare/mapanare/self/mnc-stage1)
==77181==    by 0x41FF75: lexer__scan_number (in /mnt/c/Users/Juan/Documents/GitHub/Mapanare/mapanare/self/mnc-stage1)
==77181==    by 0x6A832EF: ???
==77181==    by 0x6A73257: ???
==77181== 
==77181== 16 bytes in 1 blocks are definitely lost in loss record 283 of 793
==77181==    at 0x4846828: malloc (in /usr/libexec/valgrind/vgpreload_memcheck-amd64-linux.so)
==77181==    by 0x728B99: __mn_range (in /mnt/c/Users/Juan/Documents/GitHub/Mapanare/mapanare/self/mnc-stage1)
==77181==    by 0x41FF75: lexer__scan_number (in /mnt/c/Users/Juan/Documents/GitHub/Mapanare/mapanare/self/mnc-stage1)
==77181==    by 0x6A872CF: ???
==77181==    by 0x6A73257: ???
==77181== 
==77181== 16 bytes in 1 blocks are definitely lost in loss record 284 of 793
==77181==    at 0x4846828: malloc (in /usr/libexec/valgrind/vgpreload_memcheck-amd64-linux.so)
==77181==    by 0x728B99: __mn_range (in /mnt/c/Users/Juan/Documents/GitHub/Mapanare/mapanare/self/mnc-stage1)
==77181==    by 0x41FF75: lexer__scan_number (in /mnt/c/Users/Juan/Documents/GitHub/Mapanare/mapanare/self/mnc-stage1)
==77181==    by 0x6A88BCF: ???
==77181==    by 0x6A73257: ???
==77181== 
==77181== 16 bytes in 1 blocks are definitely lost in loss record 285 of 793
==77181==    at 0x4846828: malloc (in /usr/libexec/valgrind/vgpreload_memcheck-amd64-linux.so)
==77181==    by 0x728B99: __mn_range (in /mnt/c/Users/Juan/Documents/GitHub/Mapanare/mapanare/self/mnc-stage1)
==77181==    by 0x423BE0: parser__parse (in /mnt/c/Users/Juan/Documents/GitHub/Mapanare/mapanare/self/mnc-stage1)
==77181== 
==77181== 16 bytes in 1 blocks are definitely lost in loss record 286 of 793
==77181==    at 0x4846828: malloc (in /usr/libexec/valgrind/vgpreload_memcheck-amd64-linux.so)
==77181==    by 0x728B99: __mn_range (in /mnt/c/Users/Juan/Documents/GitHub/Mapanare/mapanare/self/mnc-stage1)
==77181==    by 0x42308E: parser__skip_semis (in /mnt/c/Users/Juan/Documents/GitHub/Mapanare/mapanare/self/mnc-stage1)
==77181==    by 0x1: ???
==77181==    by 0x73CAE7: ??? (in /mnt/c/Users/Juan/Documents/GitHub/Mapanare/mapanare/self/mnc-stage1)
==77181==    by 0x5: ???
==77181==    by 0x73CAEF: ??? (in /mnt/c/Users/Juan/Documents/GitHub/Mapanare/mapanare/self/mnc-stage1)
==77181== 
==77181== 16 bytes in 1 blocks are definitely lost in loss record 287 of 793
==77181==    at 0x4846828: malloc (in /usr/libexec/valgrind/vgpreload_memcheck-amd64-linux.so)
==77181==    by 0x728B99: __mn_range (in /mnt/c/Users/Juan/Documents/GitHub/Mapanare/mapanare/self/mnc-stage1)
==77181==    by 0x4280E9: parser__parse_struct_def (in /mnt/c/Users/Juan/Documents/GitHub/Mapanare/mapanare/self/mnc-stage1)
==77181==    by 0x5: ???
==77181==    by 0x7F: ???
==77181==    by 0x6A83E3F: ???
==77181==    by 0x62: ???
==77181==    by 0x3F: ???
==77181== 
==77181== 16 bytes in 1 blocks are definitely lost in loss record 288 of 793
==77181==    at 0x4846828: malloc (in /usr/libexec/valgrind/vgpreload_memcheck-amd64-linux.so)
==77181==    by 0x728B99: __mn_range (in /mnt/c/Users/Juan/Documents/GitHub/Mapanare/mapanare/self/mnc-stage1)
==77181==    by 0x42845E: parser__parse_struct_fields (in /mnt/c/Users/Juan/Documents/GitHub/Mapanare/mapanare/self/mnc-stage1)
==77181== 
==77181== 16 bytes in 1 blocks are definitely lost in loss record 289 of 793
==77181==    at 0x4846828: malloc (in /usr/libexec/valgrind/vgpreload_memcheck-amd64-linux.so)
==77181==    by 0x728B99: __mn_range (in /mnt/c/Users/Juan/Documents/GitHub/Mapanare/mapanare/self/mnc-stage1)
==77181==    by 0x42308E: parser__skip_semis (in /mnt/c/Users/Juan/Documents/GitHub/Mapanare/mapanare/self/mnc-stage1)
==77181==    by 0x6A7751F: ???
==77181==    by 0x724D2C: __mn_str_eq (in /mnt/c/Users/Juan/Documents/GitHub/Mapanare/mapanare/self/mnc-stage1)
==77181==    by 0x422FF4: parser__expect (in /mnt/c/Users/Juan/Documents/GitHub/Mapanare/mapanare/self/mnc-stage1)
==77181== 
==77181== 16 bytes in 1 blocks are definitely lost in loss record 290 of 793
==77181==    at 0x4846828: malloc (in /usr/libexec/valgrind/vgpreload_memcheck-amd64-linux.so)
==77181==    by 0x728B99: __mn_range (in /mnt/c/Users/Juan/Documents/GitHub/Mapanare/mapanare/self/mnc-stage1)
==77181==    by 0x42308E: parser__skip_semis (in /mnt/c/Users/Juan/Documents/GitHub/Mapanare/mapanare/self/mnc-stage1)
==77181==    by 0x62: ???
==77181==    by 0x7F: ???
==77181==    by 0x3F: ???
==77181== 
==77181== 16 bytes in 1 blocks are definitely lost in loss record 291 of 793
==77181==    at 0x4846828: malloc (in /usr/libexec/valgrind/vgpreload_memcheck-amd64-linux.so)
==77181==    by 0x728B99: __mn_range (in /mnt/c/Users/Juan/Documents/GitHub/Mapanare/mapanare/self/mnc-stage1)
==77181==    by 0x42308E: parser__skip_semis (in /mnt/c/Users/Juan/Documents/GitHub/Mapanare/mapanare/self/mnc-stage1)
==77181==    by 0x6A8A06F: ???
==77181== 
==77181== 16 bytes in 1 blocks are definitely lost in loss record 292 of 793
==77181==    at 0x4846828: malloc (in /usr/libexec/valgrind/vgpreload_memcheck-amd64-linux.so)
==77181==    by 0x728B99: __mn_range (in /mnt/c/Users/Juan/Documents/GitHub/Mapanare/mapanare/self/mnc-stage1)
==77181==    by 0x42D4CA: parser__parse_impl_def (in /mnt/c/Users/Juan/Documents/GitHub/Mapanare/mapanare/self/mnc-stage1)
==77181==    by 0x3F: ???
==77181== 
==77181== 16 bytes in 1 blocks are definitely lost in loss record 293 of 793
==77181==    at 0x4846828: malloc (in /usr/libexec/valgrind/vgpreload_memcheck-amd64-linux.so)
==77181==    by 0x728B99: __mn_range (in /mnt/c/Users/Juan/Documents/GitHub/Mapanare/mapanare/self/mnc-stage1)
==77181==    by 0x42308E: parser__skip_semis (in /mnt/c/Users/Juan/Documents/GitHub/Mapanare/mapanare/self/mnc-stage1)
==77181==    by 0x1101: ???
==77181==    by 0x724D2C: __mn_str_eq (in /mnt/c/Users/Juan/Documents/GitHub/Mapanare/mapanare/self/mnc-stage1)
==77181==    by 0x422FF4: parser__expect (in /mnt/c/Users/Juan/Documents/GitHub/Mapanare/mapanare/self/mnc-stage1)
==77181== 
==77181== 16 bytes in 1 blocks are definitely lost in loss record 294 of 793
==77181==    at 0x4846828: malloc (in /usr/libexec/valgrind/vgpreload_memcheck-amd64-linux.so)
==77181==    by 0x728B99: __mn_range (in /mnt/c/Users/Juan/Documents/GitHub/Mapanare/mapanare/self/mnc-stage1)
==77181==    by 0x4306E0: parser__parse_postfix (in /mnt/c/Users/Juan/Documents/GitHub/Mapanare/mapanare/self/mnc-stage1)
==77181==    by 0x1C: ???
==77181==    by 0x6A8AC6F: ???
==77181==    by 0x5: ???
==77181== 
==77181== 16 bytes in 1 blocks are definitely lost in loss record 295 of 793
==77181==    at 0x4846828: malloc (in /usr/libexec/valgrind/vgpreload_memcheck-amd64-linux.so)
==77181==    by 0x728B99: __mn_range (in /mnt/c/Users/Juan/Documents/GitHub/Mapanare/mapanare/self/mnc-stage1)
==77181==    by 0x42308E: parser__skip_semis (in /mnt/c/Users/Juan/Documents/GitHub/Mapanare/mapanare/self/mnc-stage1)
==77181==    by 0x6A8AC1F: ???
==77181== 
==77181== 16 bytes in 1 blocks are definitely lost in loss record 296 of 793
==77181==    at 0x4846828: malloc (in /usr/libexec/valgrind/vgpreload_memcheck-amd64-linux.so)
==77181==    by 0x728B99: __mn_range (in /mnt/c/Users/Juan/Documents/GitHub/Mapanare/mapanare/self/mnc-stage1)
==77181==    by 0x42EB95: parser__parse_block (in /mnt/c/Users/Juan/Documents/GitHub/Mapanare/mapanare/self/mnc-stage1)
==77181==    by 0x6A8ABCF: ???
==77181==    by 0x2B: ???
==77181== 
==77181== 16 bytes in 1 blocks are definitely lost in loss record 297 of 793
==77181==    at 0x4846828: malloc (in /usr/libexec/valgrind/vgpreload_memcheck-amd64-linux.so)
==77181==    by 0x728B99: __mn_range (in /mnt/c/Users/Juan/Documents/GitHub/Mapanare/mapanare/self/mnc-stage1)
==77181==    by 0x42308E: parser__skip_semis (in /mnt/c/Users/Juan/Documents/GitHub/Mapanare/mapanare/self/mnc-stage1)
==77181==    by 0x6A8AF3F: ???
==77181==    by 0x724D2C: __mn_str_eq (in /mnt/c/Users/Juan/Documents/GitHub/Mapanare/mapanare/self/mnc-stage1)
==77181==    by 0x422FF4: parser__expect (in /mnt/c/Users/Juan/Documents/GitHub/Mapanare/mapanare/self/mnc-stage1)
==77181==    by 0x7F: ???
==77181==    by 0x6A83E3F: ???
==77181==    by 0x62: ???
==77181==    by 0x7F: ???
==77181==    by 0x3F: ???
==77181==    by 0x6A8BC2F: ???
==77181==    by 0x1101: ???
==77181==    by 0x580053FF: ??? (in /usr/libexec/valgrind/memcheck-amd64-linux)
==77181==    by 0xF: ???
==77181== 
==77181== 16 bytes in 1 blocks are definitely lost in loss record 298 of 793
==77181==    at 0x4846828: malloc (in /usr/libexec/valgrind/vgpreload_memcheck-amd64-linux.so)
==77181==    by 0x728B99: __mn_range (in /mnt/c/Users/Juan/Documents/GitHub/Mapanare/mapanare/self/mnc-stage1)
==77181==    by 0x4306E0: parser__parse_postfix (in /mnt/c/Users/Juan/Documents/GitHub/Mapanare/mapanare/self/mnc-stage1)
==77181==    by 0x2D: ???
==77181==    by 0x6A8BCCF: ???
==77181==    by 0x5: ???
==77181== 
==77181== 16 bytes in 1 blocks are definitely lost in loss record 299 of 793
==77181==    at 0x4846828: malloc (in /usr/libexec/valgrind/vgpreload_memcheck-amd64-linux.so)
==77181==    by 0x728B99: __mn_range (in /mnt/c/Users/Juan/Documents/GitHub/Mapanare/mapanare/self/mnc-stage1)
==77181==    by 0x42308E: parser__skip_semis (in /mnt/c/Users/Juan/Documents/GitHub/Mapanare/mapanare/self/mnc-stage1)
==77181==    by 0x6A8BC7F: ???
==77181== 
==77181== 16 bytes in 1 blocks are definitely lost in loss record 300 of 793
==77181==    at 0x4846828: malloc (in /usr/libexec/valgrind/vgpreload_memcheck-amd64-linux.so)
==77181==    by 0x728B99: __mn_range (in /mnt/c/Users/Juan/Documents/GitHub/Mapanare/mapanare/self/mnc-stage1)
==77181==    by 0x42308E: parser__skip_semis (in /mnt/c/Users/Juan/Documents/GitHub/Mapanare/mapanare/self/mnc-stage1)
==77181==    by 0x6A8A70F: ???
==77181== 
==77181== 16 bytes in 1 blocks are definitely lost in loss record 301 of 793
==77181==    at 0x4846828: malloc (in /usr/libexec/valgrind/vgpreload_memcheck-amd64-linux.so)
==77181==    by 0x728B99: __mn_range (in /mnt/c/Users/Juan/Documents/GitHub/Mapanare/mapanare/self/mnc-stage1)
==77181==    by 0x4324DA: parser__parse_struct_fields_to_list (in /mnt/c/Users/Juan/Documents/GitHub/Mapanare/mapanare/self/mnc-stage1)
==77181==    by 0x7F: ???
==77181==    by 0x3F: ???
==77181== 
==77181== 16 bytes in 1 blocks are definitely lost in loss record 302 of 793
==77181==    at 0x4846828: malloc (in /usr/libexec/valgrind/vgpreload_memcheck-amd64-linux.so)
==77181==    by 0x728B99: __mn_range (in /mnt/c/Users/Juan/Documents/GitHub/Mapanare/mapanare/self/mnc-stage1)
==77181==    by 0x4306E0: parser__parse_postfix (in /mnt/c/Users/Juan/Documents/GitHub/Mapanare/mapanare/self/mnc-stage1)
==77181==    by 0x3D: ???
==77181==    by 0x6A8C15F: ???
==77181== 
==77181== 16 bytes in 1 blocks are definitely lost in loss record 303 of 793
==77181==    at 0x4846828: malloc (in /usr/libexec/valgrind/vgpreload_memcheck-amd64-linux.so)
==77181==    by 0x728B99: __mn_range (in /mnt/c/Users/Juan/Documents/GitHub/Mapanare/mapanare/self/mnc-stage1)
==77181==    by 0x42FA6B: parser__parse_expr (in /mnt/c/Users/Juan/Documents/GitHub/Mapanare/mapanare/self/mnc-stage1)
==77181==    by 0x1101: ???
==77181== 
==77181== 16 bytes in 1 blocks are definitely lost in loss record 304 of 793
==77181==    at 0x4846828: malloc (in /usr/libexec/valgrind/vgpreload_memcheck-amd64-linux.so)
==77181==    by 0x728B99: __mn_range (in /mnt/c/Users/Juan/Documents/GitHub/Mapanare/mapanare/self/mnc-stage1)
==77181==    by 0x4306E0: parser__parse_postfix (in /mnt/c/Users/Juan/Documents/GitHub/Mapanare/mapanare/self/mnc-stage1)
==77181==    by 0x3E: ???
==77181==    by 0x6A8C42F: ???
==77181==    by 0x8: ???
==77181==    by 0x6A83E3F: ???
==77181==    by 0x7F: ???
==77181==    by 0x6A8BB3F: ???
==77181==    by 0x6A83E3F: ???
==77181==    by 0x62: ???
==77181==    by 0x7F: ???
==77181==    by 0x3F: ???
==77181== 
==77181== 16 bytes in 1 blocks are definitely lost in loss record 305 of 793
==77181==    at 0x4846828: malloc (in /usr/libexec/valgrind/vgpreload_memcheck-amd64-linux.so)
==77181==    by 0x728B99: __mn_range (in /mnt/c/Users/Juan/Documents/GitHub/Mapanare/mapanare/self/mnc-stage1)
==77181==    by 0x42308E: parser__skip_semis (in /mnt/c/Users/Juan/Documents/GitHub/Mapanare/mapanare/self/mnc-stage1)
==77181==    by 0x6A8C0BF: ???
==77181== 
==77181== 16 bytes in 1 blocks are definitely lost in loss record 306 of 793
==77181==    at 0x4846828: malloc (in /usr/libexec/valgrind/vgpreload_memcheck-amd64-linux.so)
==77181==    by 0x728B99: __mn_range (in /mnt/c/Users/Juan/Documents/GitHub/Mapanare/mapanare/self/mnc-stage1)
==77181==    by 0x4306E0: parser__parse_postfix (in /mnt/c/Users/Juan/Documents/GitHub/Mapanare/mapanare/self/mnc-stage1)
==77181==    by 0x3F: ???
==77181==    by 0x6A8C72F: ???
==77181==    by 0x5: ???
==77181==    by 0x6A83E3F: ???
==77181==    by 0x62: ???
==77181==    by 0x7F: ???
==77181==    by 0x3F: ???
==77181==    by 0x6A8C53F: ???
==77181==    by 0x1101: ???
==77181==    by 0x580053FF: ??? (in /usr/libexec/valgrind/memcheck-amd64-linux)
==77181==    by 0xF: ???
==77181== 
==77181== 16 bytes in 1 blocks are definitely lost in loss record 307 of 793
==77181==    at 0x4846828: malloc (in /usr/libexec/valgrind/vgpreload_memcheck-amd64-linux.so)
==77181==    by 0x728B99: __mn_range (in /mnt/c/Users/Juan/Documents/GitHub/Mapanare/mapanare/self/mnc-stage1)
==77181==    by 0x4306E0: parser__parse_postfix (in /mnt/c/Users/Juan/Documents/GitHub/Mapanare/mapanare/self/mnc-stage1)
==77181==    by 0x41: ???
==77181==    by 0x6A8C7CF: ???
==77181==    by 0x5: ???
==77181==    by 0x6A8C38F: ???
==77181==    by 0x1102: ???
==77181==    by 0x5800566F: ??? (in /usr/libexec/valgrind/memcheck-amd64-linux)
==77181== 
==77181== 16 bytes in 1 blocks are definitely lost in loss record 308 of 793
==77181==    at 0x4846828: malloc (in /usr/libexec/valgrind/vgpreload_memcheck-amd64-linux.so)
==77181==    by 0x728B99: __mn_range (in /mnt/c/Users/Juan/Documents/GitHub/Mapanare/mapanare/self/mnc-stage1)
==77181==    by 0x42FA6B: parser__parse_expr (in /mnt/c/Users/Juan/Documents/GitHub/Mapanare/mapanare/self/mnc-stage1)
==77181==    by 0x62: ???
==77181==    by 0x8: ???
==77181==    by 0x6A8CAAF: ???
==77181==    by 0x3F: ???
==77181==    by 0x62: ???
==77181==    by 0x7F: ???
==77181==    by 0x6A83E3F: ???
==77181==    by 0x6A83E3F: ???
==77181==    by 0x62: ???
==77181==    by 0x7F: ???
==77181==    by 0x3F: ???
==77181== 
==77181== 16 bytes in 1 blocks are definitely lost in loss record 309 of 793
==77181==    at 0x4846828: malloc (in /usr/libexec/valgrind/vgpreload_memcheck-amd64-linux.so)
==77181==    by 0x728B99: __mn_range (in /mnt/c/Users/Juan/Documents/GitHub/Mapanare/mapanare/self/mnc-stage1)
==77181==    by 0x42308E: parser__skip_semis (in /mnt/c/Users/Juan/Documents/GitHub/Mapanare/mapanare/self/mnc-stage1)
==77181==    by 0x6A8C6DF: ???
==77181== 
==77181== 16 bytes in 1 blocks are definitely lost in loss record 310 of 793
==77181==    at 0x4846828: malloc (in /usr/libexec/valgrind/vgpreload_memcheck-amd64-linux.so)
==77181==    by 0x728B99: __mn_range (in /mnt/c/Users/Juan/Documents/GitHub/Mapanare/mapanare/self/mnc-stage1)
==77181==    by 0x4306E0: parser__parse_postfix (in /mnt/c/Users/Juan/Documents/GitHub/Mapanare/mapanare/self/mnc-stage1)
==77181==    by 0x47: ???
==77181==    by 0x6A8CC5F: ???
==77181==    by 0x5: ???
==77181== 
==77181== 16 bytes in 1 blocks are definitely lost in loss record 311 of 793
==77181==    at 0x4846828: malloc (in /usr/libexec/valgrind/vgpreload_memcheck-amd64-linux.so)
==77181==    by 0x728B99: __mn_range (in /mnt/c/Users/Juan/Documents/GitHub/Mapanare/mapanare/self/mnc-stage1)
==77181==    by 0x4306E0: parser__parse_postfix (in /mnt/c/Users/Juan/Documents/GitHub/Mapanare/mapanare/self/mnc-stage1)
==77181==    by 0x49: ???
==77181==    by 0x6A8CCFF: ???
==77181==    by 0x5: ???
==77181== 
==77181== 16 bytes in 1 blocks are definitely lost in loss record 312 of 793
==77181==    at 0x4846828: malloc (in /usr/libexec/valgrind/vgpreload_memcheck-amd64-linux.so)
==77181==    by 0x728B99: __mn_range (in /mnt/c/Users/Juan/Documents/GitHub/Mapanare/mapanare/self/mnc-stage1)
==77181==    by 0x4306E0: parser__parse_postfix (in /mnt/c/Users/Juan/Documents/GitHub/Mapanare/mapanare/self/mnc-stage1)
==77181==    by 0x4D: ???
==77181==    by 0x6A8CD9F: ???
==77181== 
==77181== 16 bytes in 1 blocks are definitely lost in loss record 313 of 793
==77181==    at 0x4846828: malloc (in /usr/libexec/valgrind/vgpreload_memcheck-amd64-linux.so)
==77181==    by 0x728B99: __mn_range (in /mnt/c/Users/Juan/Documents/GitHub/Mapanare/mapanare/self/mnc-stage1)
==77181==    by 0x431335: parser__parse_method_args (in /mnt/c/Users/Juan/Documents/GitHub/Mapanare/mapanare/self/mnc-stage1)
==77181==    by 0x6A83E3F: ???
==77181==    by 0x62: ???
==77181==    by 0x7F: ???
==77181==    by 0x3F: ???
==77181== 
==77181== 16 bytes in 1 blocks are definitely lost in loss record 314 of 793
==77181==    at 0x4846828: malloc (in /usr/libexec/valgrind/vgpreload_memcheck-amd64-linux.so)
==77181==    by 0x728B99: __mn_range (in /mnt/c/Users/Juan/Documents/GitHub/Mapanare/mapanare/self/mnc-stage1)
==77181==    by 0x42FA6B: parser__parse_expr (in /mnt/c/Users/Juan/Documents/GitHub/Mapanare/mapanare/self/mnc-stage1)
==77181==    by 0x62: ???
==77181==    by 0x8: ???
==77181==    by 0x6A8D1EF: ???
==77181==    by 0x3F: ???
==77181==    by 0x62: ???
==77181==    by 0x7F: ???
==77181==    by 0x6A83E3F: ???
==77181==    by 0x6A83E3F: ???
==77181==    by 0x62: ???
==77181==    by 0x7F: ???
==77181==    by 0x3F: ???
==77181== 
==77181== 16 bytes in 1 blocks are definitely lost in loss record 315 of 793
==77181==    at 0x4846828: malloc (in /usr/libexec/valgrind/vgpreload_memcheck-amd64-linux.so)
==77181==    by 0x728B99: __mn_range (in /mnt/c/Users/Juan/Documents/GitHub/Mapanare/mapanare/self/mnc-stage1)
==77181==    by 0x42308E: parser__skip_semis (in /mnt/c/Users/Juan/Documents/GitHub/Mapanare/mapanare/self/mnc-stage1)
==77181==    by 0x6A8CC0F: ???
==77181== 
==77181== 16 bytes in 1 blocks are definitely lost in loss record 316 of 793
==77181==    at 0x4846828: malloc (in /usr/libexec/valgrind/vgpreload_memcheck-amd64-linux.so)
==77181==    by 0x728B99: __mn_range (in /mnt/c/Users/Juan/Documents/GitHub/Mapanare/mapanare/self/mnc-stage1)
==77181==    by 0x4324DA: parser__parse_struct_fields_to_list (in /mnt/c/Users/Juan/Documents/GitHub/Mapanare/mapanare/self/mnc-stage1)
==77181==    by 0x62: ???
==77181==    by 0x6A8CD4F: ???
==77181==    by 0x7F: ???
==77181==    by 0x3F: ???
==77181==    by 0x6A83E3F: ???
==77181==    by 0x430AE5: parser__parse_postfix (in /mnt/c/Users/Juan/Documents/GitHub/Mapanare/mapanare/self/mnc-stage1)
==77181==    by 0x6A7619F: ???
==77181==    by 0x800000000000004A: ???
==77181==    by 0x5: ???
==77181==    by 0x724D2C: __mn_str_eq (in /mnt/c/Users/Juan/Documents/GitHub/Mapanare/mapanare/self/mnc-stage1)
==77181==    by 0x724D2C: __mn_str_eq (in /mnt/c/Users/Juan/Documents/GitHub/Mapanare/mapanare/self/mnc-stage1)
==77181== 
==77181== 16 bytes in 1 blocks are definitely lost in loss record 317 of 793
==77181==    at 0x4846828: malloc (in /usr/libexec/valgrind/vgpreload_memcheck-amd64-linux.so)
==77181==    by 0x728B99: __mn_range (in /mnt/c/Users/Juan/Documents/GitHub/Mapanare/mapanare/self/mnc-stage1)
==77181==    by 0x4306E0: parser__parse_postfix (in /mnt/c/Users/Juan/Documents/GitHub/Mapanare/mapanare/self/mnc-stage1)
==77181==    by 0x58: ???
==77181==    by 0x6A8D3EF: ???
==77181== 
==77181== 16 bytes in 1 blocks are definitely lost in loss record 318 of 793
==77181==    at 0x4846828: malloc (in /usr/libexec/valgrind/vgpreload_memcheck-amd64-linux.so)
==77181==    by 0x728B99: __mn_range (in /mnt/c/Users/Juan/Documents/GitHub/Mapanare/mapanare/self/mnc-stage1)
==77181==    by 0x4306E0: parser__parse_postfix (in /mnt/c/Users/Juan/Documents/GitHub/Mapanare/mapanare/self/mnc-stage1)
==77181==    by 0x59: ???
==77181==    by 0x6A8D6BF: ???
==77181==    by 0x8: ???
==77181== 
==77181== 16 bytes in 1 blocks are definitely lost in loss record 319 of 793
==77181==    at 0x4846828: malloc (in /usr/libexec/valgrind/vgpreload_memcheck-amd64-linux.so)
==77181==    by 0x728B99: __mn_range (in /mnt/c/Users/Juan/Documents/GitHub/Mapanare/mapanare/self/mnc-stage1)
==77181==    by 0x42308E: parser__skip_semis (in /mnt/c/Users/Juan/Documents/GitHub/Mapanare/mapanare/self/mnc-stage1)
==77181==    by 0x6A8D34F: ???
==77181== 
==77181== 16 bytes in 1 blocks are definitely lost in loss record 320 of 793
==77181==    at 0x4846828: malloc (in /usr/libexec/valgrind/vgpreload_memcheck-amd64-linux.so)
==77181==    by 0x728B99: __mn_range (in /mnt/c/Users/Juan/Documents/GitHub/Mapanare/mapanare/self/mnc-stage1)
==77181==    by 0x4306E0: parser__parse_postfix (in /mnt/c/Users/Juan/Documents/GitHub/Mapanare/mapanare/self/mnc-stage1)
==77181==    by 0x5A: ???
==77181==    by 0x6A8D8EF: ???
==77181==    by 0x5: ???
==77181==    by 0x6A83E3F: ???
==77181==    by 0x62: ???
==77181==    by 0x7F: ???
==77181==    by 0x3F: ???
==77181==    by 0x6A8D7CF: ???
==77181==    by 0x1101: ???
==77181==    by 0x580053FF: ??? (in /usr/libexec/valgrind/memcheck-amd64-linux)
==77181==    by 0xF: ???
==77181== 
==77181== 16 bytes in 1 blocks are definitely lost in loss record 321 of 793
==77181==    at 0x4846828: malloc (in /usr/libexec/valgrind/vgpreload_memcheck-amd64-linux.so)
==77181==    by 0x728B99: __mn_range (in /mnt/c/Users/Juan/Documents/GitHub/Mapanare/mapanare/self/mnc-stage1)
==77181==    by 0x4306E0: parser__parse_postfix (in /mnt/c/Users/Juan/Documents/GitHub/Mapanare/mapanare/self/mnc-stage1)
==77181==    by 0x5C: ???
==77181==    by 0x6A8D98F: ???
==77181==    by 0x5: ???
==77181==    by 0x6A8D61F: ???
==77181==    by 0x1102: ???
==77181==    by 0x5800566F: ??? (in /usr/libexec/valgrind/memcheck-amd64-linux)
==77181== 
==77181== 16 bytes in 1 blocks are definitely lost in loss record 322 of 793
==77181==    at 0x4846828: malloc (in /usr/libexec/valgrind/vgpreload_memcheck-amd64-linux.so)
==77181==    by 0x728B99: __mn_range (in /mnt/c/Users/Juan/Documents/GitHub/Mapanare/mapanare/self/mnc-stage1)
==77181==    by 0x42FA6B: parser__parse_expr (in /mnt/c/Users/Juan/Documents/GitHub/Mapanare/mapanare/self/mnc-stage1)
==77181==    by 0x62: ???
==77181==    by 0x8: ???
==77181==    by 0x6A8DC6F: ???
==77181==    by 0x3F: ???
==77181==    by 0x62: ???
==77181==    by 0x7F: ???
==77181==    by 0x6A83E3F: ???
==77181==    by 0x6A83E3F: ???
==77181==    by 0x62: ???
==77181==    by 0x7F: ???
==77181==    by 0x3F: ???
==77181== 
==77181== 16 bytes in 1 blocks are definitely lost in loss record 323 of 793
==77181==    at 0x4846828: malloc (in /usr/libexec/valgrind/vgpreload_memcheck-amd64-linux.so)
==77181==    by 0x728B99: __mn_range (in /mnt/c/Users/Juan/Documents/GitHub/Mapanare/mapanare/self/mnc-stage1)
==77181==    by 0x42308E: parser__skip_semis (in /mnt/c/Users/Juan/Documents/GitHub/Mapanare/mapanare/self/mnc-stage1)
==77181==    by 0x6A8D89F: ???
==77181== 
==77181== 16 bytes in 1 blocks are definitely lost in loss record 324 of 793
==77181==    at 0x4846828: malloc (in /usr/libexec/valgrind/vgpreload_memcheck-amd64-linux.so)
==77181==    by 0x728B99: __mn_range (in /mnt/c/Users/Juan/Documents/GitHub/Mapanare/mapanare/self/mnc-stage1)
==77181==    by 0x42308E: parser__skip_semis (in /mnt/c/Users/Juan/Documents/GitHub/Mapanare/mapanare/self/mnc-stage1)
==77181==    by 0x6A8C01F: ???
==77181== 
==77181== 16 bytes in 1 blocks are definitely lost in loss record 325 of 793
==77181==    at 0x4846828: malloc (in /usr/libexec/valgrind/vgpreload_memcheck-amd64-linux.so)
==77181==    by 0x728B99: __mn_range (in /mnt/c/Users/Juan/Documents/GitHub/Mapanare/mapanare/self/mnc-stage1)
==77181==    by 0x4139FD: dir_of_path (in /mnt/c/Users/Juan/Documents/GitHub/Mapanare/mapanare/self/mnc-stage1)
==77181== 
==77181== 16 bytes in 1 blocks are definitely lost in loss record 326 of 793
==77181==    at 0x4846828: malloc (in /usr/libexec/valgrind/vgpreload_memcheck-amd64-linux.so)
==77181==    by 0x728B99: __mn_range (in /mnt/c/Users/Juan/Documents/GitHub/Mapanare/mapanare/self/mnc-stage1)
==77181==    by 0x414E82: resolve_imports (in /mnt/c/Users/Juan/Documents/GitHub/Mapanare/mapanare/self/mnc-stage1)
==77181==    by 0x6A73667: ???
==77181==    by 0x62: ???
==77181== 
==77181== 16 bytes in 1 blocks are definitely lost in loss record 327 of 793
==77181==    at 0x4846828: malloc (in /usr/libexec/valgrind/vgpreload_memcheck-amd64-linux.so)
==77181==    by 0x728B99: __mn_range (in /mnt/c/Users/Juan/Documents/GitHub/Mapanare/mapanare/self/mnc-stage1)
==77181==    by 0x41550C: resolve_imports (in /mnt/c/Users/Juan/Documents/GitHub/Mapanare/mapanare/self/mnc-stage1)
==77181==    by 0x6A73667: ???
==77181==    by 0x62: ???
==77181== 
==77181== 16 bytes in 1 blocks are definitely lost in loss record 328 of 793
==77181==    at 0x4846828: malloc (in /usr/libexec/valgrind/vgpreload_memcheck-amd64-linux.so)
==77181==    by 0x728B99: __mn_range (in /mnt/c/Users/Juan/Documents/GitHub/Mapanare/mapanare/self/mnc-stage1)
==77181==    by 0x47679C: semantic__register_definitions (in /mnt/c/Users/Juan/Documents/GitHub/Mapanare/mapanare/self/mnc-stage1)
==77181== 
==77181== 16 bytes in 1 blocks are definitely lost in loss record 329 of 793
==77181==    at 0x4846828: malloc (in /usr/libexec/valgrind/vgpreload_memcheck-amd64-linux.so)
==77181==    by 0x728B99: __mn_range (in /mnt/c/Users/Juan/Documents/GitHub/Mapanare/mapanare/self/mnc-stage1)
==77181==    by 0x4779A0: semantic__register_def (in /mnt/c/Users/Juan/Documents/GitHub/Mapanare/mapanare/self/mnc-stage1)
==77181== 
==77181== 16 bytes in 1 blocks are definitely lost in loss record 330 of 793
==77181==    at 0x4846828: malloc (in /usr/libexec/valgrind/vgpreload_memcheck-amd64-linux.so)
==77181==    by 0x728B99: __mn_range (in /mnt/c/Users/Juan/Documents/GitHub/Mapanare/mapanare/self/mnc-stage1)
==77181==    by 0x47E58C: semantic__check_definitions (in /mnt/c/Users/Juan/Documents/GitHub/Mapanare/mapanare/self/mnc-stage1)
==77181==    by 0x6A9BD5F: ???
==77181== 
==77181== 16 bytes in 1 blocks are definitely lost in loss record 331 of 793
==77181==    at 0x4846828: malloc (in /usr/libexec/valgrind/vgpreload_memcheck-amd64-linux.so)
==77181==    by 0x728B99: __mn_range (in /mnt/c/Users/Juan/Documents/GitHub/Mapanare/mapanare/self/mnc-stage1)
==77181==    by 0x437E86: semantic__scope_lookup (in /mnt/c/Users/Juan/Documents/GitHub/Mapanare/mapanare/self/mnc-stage1)
==77181==    by 0x9F: ???
==77181==    by 0x6A71FC7: ???
==77181==    by 0x6A9C3FF: ???
==77181== 
==77181== 16 bytes in 1 blocks are definitely lost in loss record 332 of 793
==77181==    at 0x4846828: malloc (in /usr/libexec/valgrind/vgpreload_memcheck-amd64-linux.so)
==77181==    by 0x728B99: __mn_range (in /mnt/c/Users/Juan/Documents/GitHub/Mapanare/mapanare/self/mnc-stage1)
==77181==    by 0x48559E: semantic__check_impl_body (in /mnt/c/Users/Juan/Documents/GitHub/Mapanare/mapanare/self/mnc-stage1)
==77181== 
==77181== 16 bytes in 1 blocks are definitely lost in loss record 333 of 793
==77181==    at 0x4846828: malloc (in /usr/libexec/valgrind/vgpreload_memcheck-amd64-linux.so)
==77181==    by 0x728B99: __mn_range (in /mnt/c/Users/Juan/Documents/GitHub/Mapanare/mapanare/self/mnc-stage1)
==77181==    by 0x46DF98: semantic__check_block (in /mnt/c/Users/Juan/Documents/GitHub/Mapanare/mapanare/self/mnc-stage1)
==77181==    by 0x6A9CF2F: ???
==77181== 
==77181== 16 bytes in 1 blocks are definitely lost in loss record 334 of 793
==77181==    at 0x4846828: malloc (in /usr/libexec/valgrind/vgpreload_memcheck-amd64-linux.so)
==77181==    by 0x728B99: __mn_range (in /mnt/c/Users/Juan/Documents/GitHub/Mapanare/mapanare/self/mnc-stage1)
==77181==    by 0x437E86: semantic__scope_lookup (in /mnt/c/Users/Juan/Documents/GitHub/Mapanare/mapanare/self/mnc-stage1)
==77181==    by 0xFFFFFFFFFF: ???
==77181==    by 0x6A64FD7: ???
==77181==    by 0x6A9C3FF: ???
==77181==    by 0x8: ???
==77181== 
==77181== 16 bytes in 1 blocks are definitely lost in loss record 335 of 793
==77181==    at 0x4846828: malloc (in /usr/libexec/valgrind/vgpreload_memcheck-amd64-linux.so)
==77181==    by 0x728B99: __mn_range (in /mnt/c/Users/Juan/Documents/GitHub/Mapanare/mapanare/self/mnc-stage1)
==77181==    by 0x4A7535: lower__register_declarations_pass1 (in /mnt/c/Users/Juan/Documents/GitHub/Mapanare/mapanare/self/mnc-stage1)
==77181== 
==77181== 16 bytes in 1 blocks are definitely lost in loss record 336 of 793
==77181==    at 0x4846828: malloc (in /usr/libexec/valgrind/vgpreload_memcheck-amd64-linux.so)
==77181==    by 0x728B99: __mn_range (in /mnt/c/Users/Juan/Documents/GitHub/Mapanare/mapanare/self/mnc-stage1)
==77181==    by 0x4ABBF5: lower__register_declarations_pass2 (in /mnt/c/Users/Juan/Documents/GitHub/Mapanare/mapanare/self/mnc-stage1)
==77181== 
==77181== 16 bytes in 1 blocks are definitely lost in loss record 337 of 793
==77181==    at 0x4846828: malloc (in /usr/libexec/valgrind/vgpreload_memcheck-amd64-linux.so)
==77181==    by 0x728B99: __mn_range (in /mnt/c/Users/Juan/Documents/GitHub/Mapanare/mapanare/self/mnc-stage1)
==77181==    by 0x595383: lower__find_generic_struct (in /mnt/c/Users/Juan/Documents/GitHub/Mapanare/mapanare/self/mnc-stage1)
==77181==    by 0x9F: ???
==77181== 
==77181== 16 bytes in 1 blocks are definitely lost in loss record 338 of 793
==77181==    at 0x4846828: malloc (in /usr/libexec/valgrind/vgpreload_memcheck-amd64-linux.so)
==77181==    by 0x728B99: __mn_range (in /mnt/c/Users/Juan/Documents/GitHub/Mapanare/mapanare/self/mnc-stage1)
==77181==    by 0x4B2D7D: lower__register_definition (in /mnt/c/Users/Juan/Documents/GitHub/Mapanare/mapanare/self/mnc-stage1)
==77181== 
==77181== 16 bytes in 1 blocks are definitely lost in loss record 339 of 793
==77181==    at 0x4846828: malloc (in /usr/libexec/valgrind/vgpreload_memcheck-amd64-linux.so)
==77181==    by 0x728B99: __mn_range (in /mnt/c/Users/Juan/Documents/GitHub/Mapanare/mapanare/self/mnc-stage1)
==77181==    by 0x4C4B65: lower__lower_definitions (in /mnt/c/Users/Juan/Documents/GitHub/Mapanare/mapanare/self/mnc-stage1)
==77181== 
==77181== 16 bytes in 1 blocks are definitely lost in loss record 340 of 793
==77181==    at 0x4846828: malloc (in /usr/libexec/valgrind/vgpreload_memcheck-amd64-linux.so)
==77181==    by 0x728B99: __mn_range (in /mnt/c/Users/Juan/Documents/GitHub/Mapanare/mapanare/self/mnc-stage1)
==77181==    by 0x4CD233: lower__collect_decorator_names (in /mnt/c/Users/Juan/Documents/GitHub/Mapanare/mapanare/self/mnc-stage1)
==77181== 
==77181== 16 bytes in 1 blocks are definitely lost in loss record 341 of 793
==77181==    at 0x4846828: malloc (in /usr/libexec/valgrind/vgpreload_memcheck-amd64-linux.so)
==77181==    by 0x728B99: __mn_range (in /mnt/c/Users/Juan/Documents/GitHub/Mapanare/mapanare/self/mnc-stage1)
==77181==    by 0x595BDF: lower__find_struct_field_for_tp (in /mnt/c/Users/Juan/Documents/GitHub/Mapanare/mapanare/self/mnc-stage1)
==77181== 
==77181== 16 bytes in 1 blocks are definitely lost in loss record 342 of 793
==77181==    at 0x4846828: malloc (in /usr/libexec/valgrind/vgpreload_memcheck-amd64-linux.so)
==77181==    by 0x728B99: __mn_range (in /mnt/c/Users/Juan/Documents/GitHub/Mapanare/mapanare/self/mnc-stage1)
==77181==    by 0x594951: lower__find_type_param_index (in /mnt/c/Users/Juan/Documents/GitHub/Mapanare/mapanare/self/mnc-stage1)
==77181==    by 0x6A7A07F: ???
==77181==    by 0x10F: ???
==77181== 
==77181== 16 bytes in 1 blocks are definitely lost in loss record 343 of 793
==77181==    at 0x4846828: malloc (in /usr/libexec/valgrind/vgpreload_memcheck-amd64-linux.so)
==77181==    by 0x728B99: __mn_range (in /mnt/c/Users/Juan/Documents/GitHub/Mapanare/mapanare/self/mnc-stage1)
==77181==    by 0x59CA7F: lower__monomorphize_impl_methods (in /mnt/c/Users/Juan/Documents/GitHub/Mapanare/mapanare/self/mnc-stage1)
==77181== 
==77181== 16 bytes in 1 blocks are definitely lost in loss record 344 of 793
==77181==    at 0x4846828: malloc (in /usr/libexec/valgrind/vgpreload_memcheck-amd64-linux.so)
==77181==    by 0x728B99: __mn_range (in /mnt/c/Users/Juan/Documents/GitHub/Mapanare/mapanare/self/mnc-stage1)
==77181==    by 0x58D793: lower__substitute_type_annotation (in /mnt/c/Users/Juan/Documents/GitHub/Mapanare/mapanare/self/mnc-stage1)
==77181==    by 0x4F: ???
==77181==    by 0x8000000000000000: ???
==77181==    by 0x6A7CCFF: ???
==77181==    by 0x3: ???
==77181== 
==77181== 16 bytes in 1 blocks are definitely lost in loss record 345 of 793
==77181==    at 0x4846828: malloc (in /usr/libexec/valgrind/vgpreload_memcheck-amd64-linux.so)
==77181==    by 0x58DA86: lower__substitute_type_annotation (in /mnt/c/Users/Juan/Documents/GitHub/Mapanare/mapanare/self/mnc-stage1)
==77181==    by 0x4F: ???
==77181==    by 0x8000000000000000: ???
==77181==    by 0x6A7CCFF: ???
==77181== 
==77181== 16 bytes in 1 blocks are definitely lost in loss record 346 of 793
==77181==    at 0x4846828: malloc (in /usr/libexec/valgrind/vgpreload_memcheck-amd64-linux.so)
==77181==    by 0x728B99: __mn_range (in /mnt/c/Users/Juan/Documents/GitHub/Mapanare/mapanare/self/mnc-stage1)
==77181==    by 0x5E40F3: lower__lookup_struct_field_type (in /mnt/c/Users/Juan/Documents/GitHub/Mapanare/mapanare/self/mnc-stage1)
==77181== 
==77181== 16 bytes in 1 blocks are definitely lost in loss record 347 of 793
==77181==    at 0x4846828: malloc (in /usr/libexec/valgrind/vgpreload_memcheck-amd64-linux.so)
==77181==    by 0x728B99: __mn_range (in /mnt/c/Users/Juan/Documents/GitHub/Mapanare/mapanare/self/mnc-stage1)
==77181==    by 0x5E4273: lower__lookup_struct_field_type (in /mnt/c/Users/Juan/Documents/GitHub/Mapanare/mapanare/self/mnc-stage1)
==77181==    by 0x6AA586F: ???
==77181==    by 0x5F: ???
==77181==    by 0x7: ???
==77181== 
==77181== 16 bytes in 1 blocks are definitely lost in loss record 348 of 793
==77181==    at 0x4846828: malloc (in /usr/libexec/valgrind/vgpreload_memcheck-amd64-linux.so)
==77181==    by 0x728B99: __mn_range (in /mnt/c/Users/Juan/Documents/GitHub/Mapanare/mapanare/self/mnc-stage1)
==77181==    by 0x58D793: lower__substitute_type_annotation (in /mnt/c/Users/Juan/Documents/GitHub/Mapanare/mapanare/self/mnc-stage1)
==77181==    by 0x73ECC7: ??? (in /mnt/c/Users/Juan/Documents/GitHub/Mapanare/mapanare/self/mnc-stage1)
==77181==    by 0x8000000000000000: ???
==77181==    by 0x6A8027F: ???
==77181==    by 0x800000000000004A: ???
==77181== 
==77181== 16 bytes in 1 blocks are definitely lost in loss record 349 of 793
==77181==    at 0x4846828: malloc (in /usr/libexec/valgrind/vgpreload_memcheck-amd64-linux.so)
==77181==    by 0x728B99: __mn_range (in /mnt/c/Users/Juan/Documents/GitHub/Mapanare/mapanare/self/mnc-stage1)
==77181==    by 0x58D793: lower__substitute_type_annotation (in /mnt/c/Users/Juan/Documents/GitHub/Mapanare/mapanare/self/mnc-stage1)
==77181==    by 0x73ECC7: ??? (in /mnt/c/Users/Juan/Documents/GitHub/Mapanare/mapanare/self/mnc-stage1)
==77181==    by 0x8000000000000000: ???
==77181==    by 0x6A8068F: ???
==77181== 
==77181== 16 bytes in 1 blocks are definitely lost in loss record 350 of 793
==77181==    at 0x4846828: malloc (in /usr/libexec/valgrind/vgpreload_memcheck-amd64-linux.so)
==77181==    by 0x58DA86: lower__substitute_type_annotation (in /mnt/c/Users/Juan/Documents/GitHub/Mapanare/mapanare/self/mnc-stage1)
==77181==    by 0x73ECC7: ??? (in /mnt/c/Users/Juan/Documents/GitHub/Mapanare/mapanare/self/mnc-stage1)
==77181==    by 0x8000000000000000: ???
==77181==    by 0x6A8068F: ???
==77181== 
==77181== 16 bytes in 1 blocks are definitely lost in loss record 351 of 793
==77181==    at 0x4846828: malloc (in /usr/libexec/valgrind/vgpreload_memcheck-amd64-linux.so)
==77181==    by 0x728B99: __mn_range (in /mnt/c/Users/Juan/Documents/GitHub/Mapanare/mapanare/self/mnc-stage1)
==77181==    by 0x4DE613: lower__lower_block_stmts (in /mnt/c/Users/Juan/Documents/GitHub/Mapanare/mapanare/self/mnc-stage1)
==77181==    by 0x1: ???
==77181== 
==77181== 16 bytes in 1 blocks are definitely lost in loss record 352 of 793
==77181==    at 0x4846828: malloc (in /usr/libexec/valgrind/vgpreload_memcheck-amd64-linux.so)
==77181==    by 0x728B99: __mn_range (in /mnt/c/Users/Juan/Documents/GitHub/Mapanare/mapanare/self/mnc-stage1)
==77181==    by 0x5DC01E: lower__lookup_impl_method (in /mnt/c/Users/Juan/Documents/GitHub/Mapanare/mapanare/self/mnc-stage1)
==77181==    by 0x6A26E77: ???
==77181==    by 0x725B35: __mn_list_push (in /mnt/c/Users/Juan/Documents/GitHub/Mapanare/mapanare/self/mnc-stage1)
==77181==    by 0x49D652: lower_state__emit_instr (in /mnt/c/Users/Juan/Documents/GitHub/Mapanare/mapanare/self/mnc-stage1)
==77181== 
==77181== 16 bytes in 1 blocks are definitely lost in loss record 353 of 793
==77181==    at 0x4846828: malloc (in /usr/libexec/valgrind/vgpreload_memcheck-amd64-linux.so)
==77181==    by 0x728B99: __mn_range (in /mnt/c/Users/Juan/Documents/GitHub/Mapanare/mapanare/self/mnc-stage1)
==77181==    by 0x5DC01E: lower__lookup_impl_method (in /mnt/c/Users/Juan/Documents/GitHub/Mapanare/mapanare/self/mnc-stage1)
==77181==    by 0x37: ???
==77181== 
==77181== 16 bytes in 1 blocks are definitely lost in loss record 354 of 793
==77181==    at 0x4846828: malloc (in /usr/libexec/valgrind/vgpreload_memcheck-amd64-linux.so)
==77181==    by 0x728B99: __mn_range (in /mnt/c/Users/Juan/Documents/GitHub/Mapanare/mapanare/self/mnc-stage1)
==77181==    by 0x595BDF: lower__find_struct_field_for_tp (in /mnt/c/Users/Juan/Documents/GitHub/Mapanare/mapanare/self/mnc-stage1)
==77181==    by 0x6AA154F: ???
==77181==    by 0x6AA1FAF: ???
==77181==    by 0x6A795DF: ???
==77181==    by 0x8000000000000000: ???
==77181==    by 0x6A8A2DF: ???
==77181==    by 0x6AA24EF: ???
==77181== 
==77181== 16 bytes in 1 blocks are definitely lost in loss record 355 of 793
==77181==    at 0x4846828: malloc (in /usr/libexec/valgrind/vgpreload_memcheck-amd64-linux.so)
==77181==    by 0x728B99: __mn_range (in /mnt/c/Users/Juan/Documents/GitHub/Mapanare/mapanare/self/mnc-stage1)
==77181==    by 0x5DC01E: lower__lookup_impl_method (in /mnt/c/Users/Juan/Documents/GitHub/Mapanare/mapanare/self/mnc-stage1)
==77181==    by 0x6A26E77: ???
==77181==    by 0x725B35: __mn_list_push (in /mnt/c/Users/Juan/Documents/GitHub/Mapanare/mapanare/self/mnc-stage1)
==77181==    by 0x49D652: lower_state__emit_instr (in /mnt/c/Users/Juan/Documents/GitHub/Mapanare/mapanare/self/mnc-stage1)
==77181==    by 0x2: ???
==77181==    by 0x6AAC67F: ???
==77181==    by 0x1102: ???
==77181==    by 0x5800566F: ??? (in /usr/libexec/valgrind/memcheck-amd64-linux)
==77181== 
==77181== 16 bytes in 1 blocks are definitely lost in loss record 356 of 793
==77181==    at 0x4846828: malloc (in /usr/libexec/valgrind/vgpreload_memcheck-amd64-linux.so)
==77181==    by 0x728B99: __mn_range (in /mnt/c/Users/Juan/Documents/GitHub/Mapanare/mapanare/self/mnc-stage1)
==77181==    by 0x68652A: mir_opt__optimize_mir (in /mnt/c/Users/Juan/Documents/GitHub/Mapanare/mapanare/self/mnc-stage1)
==77181==    by 0x6AA5F2F: ???
==77181==    by 0x800000000000004A: ???
==77181==    by 0x6A74317: ???
==77181== 
==77181== 16 bytes in 1 blocks are definitely lost in loss record 357 of 793
==77181==    at 0x4846828: malloc (in /usr/libexec/valgrind/vgpreload_memcheck-amd64-linux.so)
==77181==    by 0x728B99: __mn_range (in /mnt/c/Users/Juan/Documents/GitHub/Mapanare/mapanare/self/mnc-stage1)
==77181==    by 0x679303: mir_opt__constant_fold_function (in /mnt/c/Users/Juan/Documents/GitHub/Mapanare/mapanare/self/mnc-stage1)
==77181==    by 0x87: ???
==77181== 
==77181== 16 bytes in 1 blocks are definitely lost in loss record 358 of 793
==77181==    at 0x4846828: malloc (in /usr/libexec/valgrind/vgpreload_memcheck-amd64-linux.so)
==77181==    by 0x728B99: __mn_range (in /mnt/c/Users/Juan/Documents/GitHub/Mapanare/mapanare/self/mnc-stage1)
==77181==    by 0x6760E1: lower__verify_module (in /mnt/c/Users/Juan/Documents/GitHub/Mapanare/mapanare/self/mnc-stage1)
==77181==    by 0xF: ???
==77181== 
==77181== 16 bytes in 1 blocks are definitely lost in loss record 359 of 793
==77181==    at 0x4846828: malloc (in /usr/libexec/valgrind/vgpreload_memcheck-amd64-linux.so)
==77181==    by 0x728B99: __mn_range (in /mnt/c/Users/Juan/Documents/GitHub/Mapanare/mapanare/self/mnc-stage1)
==77181==    by 0x6765B5: lower__verify_function (in /mnt/c/Users/Juan/Documents/GitHub/Mapanare/mapanare/self/mnc-stage1)
==77181== 
==77181== 16 bytes in 1 blocks are definitely lost in loss record 360 of 793
==77181==    at 0x4846828: malloc (in /usr/libexec/valgrind/vgpreload_memcheck-amd64-linux.so)
==77181==    by 0x728B99: __mn_range (in /mnt/c/Users/Juan/Documents/GitHub/Mapanare/mapanare/self/mnc-stage1)
==77181==    by 0x6765B5: lower__verify_function (in /mnt/c/Users/Juan/Documents/GitHub/Mapanare/mapanare/self/mnc-stage1)
==77181==    by 0x4: ???
==77181==    by 0x7: ???
==77181==    by 0xF: ???
==77181== 
==77181== 16 bytes in 1 blocks are definitely lost in loss record 361 of 793
==77181==    at 0x4846828: malloc (in /usr/libexec/valgrind/vgpreload_memcheck-amd64-linux.so)
==77181==    by 0x728B99: __mn_range (in /mnt/c/Users/Juan/Documents/GitHub/Mapanare/mapanare/self/mnc-stage1)
==77181==    by 0x6765B5: lower__verify_function (in /mnt/c/Users/Juan/Documents/GitHub/Mapanare/mapanare/self/mnc-stage1)
==77181==    by 0x5: ???
==77181==    by 0x7: ???
==77181==    by 0xF: ???
==77181== 
==77181== 16 bytes in 1 blocks are definitely lost in loss record 362 of 793
==77181==    at 0x4846828: malloc (in /usr/libexec/valgrind/vgpreload_memcheck-amd64-linux.so)
==77181==    by 0x728B99: __mn_range (in /mnt/c/Users/Juan/Documents/GitHub/Mapanare/mapanare/self/mnc-stage1)
==77181==    by 0x413CD8: basename_of (in /mnt/c/Users/Juan/Documents/GitHub/Mapanare/mapanare/self/mnc-stage1)
==77181==    by 0xF: ???
==77181==    by 0x6A7619F: ???
==77181== 
==77181== 16 bytes in 1 blocks are definitely lost in loss record 363 of 793
==77181==    at 0x4846828: malloc (in /usr/libexec/valgrind/vgpreload_memcheck-amd64-linux.so)
==77181==    by 0x728B99: __mn_range (in /mnt/c/Users/Juan/Documents/GitHub/Mapanare/mapanare/self/mnc-stage1)
==77181==    by 0x413DE5: file_extension (in /mnt/c/Users/Juan/Documents/GitHub/Mapanare/mapanare/self/mnc-stage1)
==77181==    by 0x8000000000000011: ???
==77181== 
==77181== 16 bytes in 1 blocks are definitely lost in loss record 364 of 793
==77181==    at 0x484D953: calloc (in /usr/libexec/valgrind/vgpreload_memcheck-amd64-linux.so)
==77181==    by 0x723DE9: __mn_alloc (in /mnt/c/Users/Juan/Documents/GitHub/Mapanare/mapanare/self/mnc-stage1)
==77181==    by 0x7245AB: __mn_str_from_parts (in /mnt/c/Users/Juan/Documents/GitHub/Mapanare/mapanare/self/mnc-stage1)
==77181==    by 0x416CF9: compile (in /mnt/c/Users/Juan/Documents/GitHub/Mapanare/mapanare/self/mnc-stage1)
==77181== 
==77181== 16 bytes in 1 blocks are definitely lost in loss record 365 of 793
==77181==    at 0x484D953: calloc (in /usr/libexec/valgrind/vgpreload_memcheck-amd64-linux.so)
==77181==    by 0x723DE9: __mn_alloc (in /mnt/c/Users/Juan/Documents/GitHub/Mapanare/mapanare/self/mnc-stage1)
==77181==    by 0x7249CE: __mn_str_concat (in /mnt/c/Users/Juan/Documents/GitHub/Mapanare/mapanare/self/mnc-stage1)
==77181==    by 0x68F6E5: emit_llvm__declare_all_runtime (in /mnt/c/Users/Juan/Documents/GitHub/Mapanare/mapanare/self/mnc-stage1)
==77181==    by 0x7470F7: ??? (in /mnt/c/Users/Juan/Documents/GitHub/Mapanare/mapanare/self/mnc-stage1)
==77181==    by 0x3: ???
==77181== 
==77181== 16 bytes in 1 blocks are definitely lost in loss record 366 of 793
==77181==    at 0x484D953: calloc (in /usr/libexec/valgrind/vgpreload_memcheck-amd64-linux.so)
==77181==    by 0x723DE9: __mn_alloc (in /mnt/c/Users/Juan/Documents/GitHub/Mapanare/mapanare/self/mnc-stage1)
==77181==    by 0x7249CE: __mn_str_concat (in /mnt/c/Users/Juan/Documents/GitHub/Mapanare/mapanare/self/mnc-stage1)
==77181==    by 0x68F8BF: emit_llvm__declare_all_runtime (in /mnt/c/Users/Juan/Documents/GitHub/Mapanare/mapanare/self/mnc-stage1)
==77181== 
==77181== 16 bytes in 1 blocks are definitely lost in loss record 367 of 793
==77181==    at 0x484D953: calloc (in /usr/libexec/valgrind/vgpreload_memcheck-amd64-linux.so)
==77181==    by 0x723DE9: __mn_alloc (in /mnt/c/Users/Juan/Documents/GitHub/Mapanare/mapanare/self/mnc-stage1)
==77181==    by 0x7249CE: __mn_str_concat (in /mnt/c/Users/Juan/Documents/GitHub/Mapanare/mapanare/self/mnc-stage1)
==77181==    by 0x690EFB: emit_llvm__declare_all_runtime (in /mnt/c/Users/Juan/Documents/GitHub/Mapanare/mapanare/self/mnc-stage1)
==77181==    by 0x7470F7: ??? (in /mnt/c/Users/Juan/Documents/GitHub/Mapanare/mapanare/self/mnc-stage1)
==77181== 
==77181== 16 bytes in 1 blocks are definitely lost in loss record 368 of 793
==77181==    at 0x4846828: malloc (in /usr/libexec/valgrind/vgpreload_memcheck-amd64-linux.so)
==77181==    by 0x728B99: __mn_range (in /mnt/c/Users/Juan/Documents/GitHub/Mapanare/mapanare/self/mnc-stage1)
==77181==    by 0x69B602: emit_llvm__register_mir_struct (in /mnt/c/Users/Juan/Documents/GitHub/Mapanare/mapanare/self/mnc-stage1)
==77181== 
==77181== 16 bytes in 1 blocks are definitely lost in loss record 369 of 793
==77181==    at 0x484D953: calloc (in /usr/libexec/valgrind/vgpreload_memcheck-amd64-linux.so)
==77181==    by 0x723DE9: __mn_alloc (in /mnt/c/Users/Juan/Documents/GitHub/Mapanare/mapanare/self/mnc-stage1)
==77181==    by 0x7249CE: __mn_str_concat (in /mnt/c/Users/Juan/Documents/GitHub/Mapanare/mapanare/self/mnc-stage1)
==77181==    by 0x69B802: emit_llvm__register_mir_struct (in /mnt/c/Users/Juan/Documents/GitHub/Mapanare/mapanare/self/mnc-stage1)
==77181==    by 0x3F: ???
==77181== 
==77181== 16 bytes in 1 blocks are definitely lost in loss record 370 of 793
==77181==    at 0x484D953: calloc (in /usr/libexec/valgrind/vgpreload_memcheck-amd64-linux.so)
==77181==    by 0x723DE9: __mn_alloc (in /mnt/c/Users/Juan/Documents/GitHub/Mapanare/mapanare/self/mnc-stage1)
==77181==    by 0x7249CE: __mn_str_concat (in /mnt/c/Users/Juan/Documents/GitHub/Mapanare/mapanare/self/mnc-stage1)
==77181==    by 0x69B83D: emit_llvm__register_mir_struct (in /mnt/c/Users/Juan/Documents/GitHub/Mapanare/mapanare/self/mnc-stage1)
==77181==    by 0x3F: ???
==77181== 
==77181== 16 bytes in 1 blocks are definitely lost in loss record 371 of 793
==77181==    at 0x4846828: malloc (in /usr/libexec/valgrind/vgpreload_memcheck-amd64-linux.so)
==77181==    by 0x728B99: __mn_range (in /mnt/c/Users/Juan/Documents/GitHub/Mapanare/mapanare/self/mnc-stage1)
==77181==    by 0x6C00F4: emit_llvm__struct_byte_size (in /mnt/c/Users/Juan/Documents/GitHub/Mapanare/mapanare/self/mnc-stage1)
==77181==    by 0x8000000000000007: ???
==77181==    by 0x6ACBD7F: ???
==77181==    by 0x6F: ???
==77181==    by 0x1F: ???
==77181==    by 0x16: ???
==77181==    by 0x6AB2CAF: ???
==77181== 
==77181== 16 bytes in 1 blocks are definitely lost in loss record 372 of 793
==77181==    at 0x4846828: malloc (in /usr/libexec/valgrind/vgpreload_memcheck-amd64-linux.so)
==77181==    by 0x728B99: __mn_range (in /mnt/c/Users/Juan/Documents/GitHub/Mapanare/mapanare/self/mnc-stage1)
==77181==    by 0x6C00F4: emit_llvm__struct_byte_size (in /mnt/c/Users/Juan/Documents/GitHub/Mapanare/mapanare/self/mnc-stage1)
==77181==    by 0x8000000000000007: ???
==77181==    by 0x6ACC45F: ???
==77181==    by 0x6F: ???
==77181==    by 0x1F: ???
==77181==    by 0x16: ???
==77181==    by 0x6AB2CAF: ???
==77181== 
==77181== 16 bytes in 1 blocks are definitely lost in loss record 373 of 793
==77181==    at 0x4846828: malloc (in /usr/libexec/valgrind/vgpreload_memcheck-amd64-linux.so)
==77181==    by 0x728B99: __mn_range (in /mnt/c/Users/Juan/Documents/GitHub/Mapanare/mapanare/self/mnc-stage1)
==77181==    by 0x6C00F4: emit_llvm__struct_byte_size (in /mnt/c/Users/Juan/Documents/GitHub/Mapanare/mapanare/self/mnc-stage1)
==77181==    by 0x8000000000000007: ???
==77181==    by 0x6ACC71F: ???
==77181==    by 0x6F: ???
==77181==    by 0x1F: ???
==77181==    by 0x16: ???
==77181==    by 0x6AB2CAF: ???
==77181== 
==77181== 16 bytes in 1 blocks are definitely lost in loss record 374 of 793
==77181==    at 0x4846828: malloc (in /usr/libexec/valgrind/vgpreload_memcheck-amd64-linux.so)
==77181==    by 0x728B99: __mn_range (in /mnt/c/Users/Juan/Documents/GitHub/Mapanare/mapanare/self/mnc-stage1)
==77181==    by 0x68CE3B: emit_llvm__find_struct_entry (in /mnt/c/Users/Juan/Documents/GitHub/Mapanare/mapanare/self/mnc-stage1)
==77181==    by 0x6A686AF: ???
==77181==    by 0x6F: ???
==77181==    by 0x1F: ???
==77181==    by 0x16: ???
==77181==    by 0x6AB2CAF: ???
==77181==    by 0x6AA2FAF: ???
==77181==    by 0x8000000000000007: ???
==77181== 
==77181== 16 bytes in 1 blocks are definitely lost in loss record 375 of 793
==77181==    at 0x4846828: malloc (in /usr/libexec/valgrind/vgpreload_memcheck-amd64-linux.so)
==77181==    by 0x728B99: __mn_range (in /mnt/c/Users/Juan/Documents/GitHub/Mapanare/mapanare/self/mnc-stage1)
==77181==    by 0x6BA70F: emit_llvm__find_field_index (in /mnt/c/Users/Juan/Documents/GitHub/Mapanare/mapanare/self/mnc-stage1)
==77181==    by 0x6A686AF: ???
==77181==    by 0x6F: ???
==77181==    by 0x1F: ???
==77181==    by 0x6A7DE7F: ???
==77181== 
==77181== 16 bytes in 1 blocks are definitely lost in loss record 376 of 793
==77181==    at 0x4846828: malloc (in /usr/libexec/valgrind/vgpreload_memcheck-amd64-linux.so)
==77181==    by 0x728B99: __mn_range (in /mnt/c/Users/Juan/Documents/GitHub/Mapanare/mapanare/self/mnc-stage1)
==77181==    by 0x6C00F4: emit_llvm__struct_byte_size (in /mnt/c/Users/Juan/Documents/GitHub/Mapanare/mapanare/self/mnc-stage1)
==77181==    by 0x8000000000000007: ???
==77181==    by 0x6ACD92F: ???
==77181==    by 0x6F: ???
==77181==    by 0x1F: ???
==77181==    by 0x16: ???
==77181==    by 0x6AB2CAF: ???
==77181== 
==77181== 16 bytes in 1 blocks are definitely lost in loss record 377 of 793
==77181==    at 0x4846828: malloc (in /usr/libexec/valgrind/vgpreload_memcheck-amd64-linux.so)
==77181==    by 0x728B99: __mn_range (in /mnt/c/Users/Juan/Documents/GitHub/Mapanare/mapanare/self/mnc-stage1)
==77181==    by 0x6C00F4: emit_llvm__struct_byte_size (in /mnt/c/Users/Juan/Documents/GitHub/Mapanare/mapanare/self/mnc-stage1)
==77181==    by 0x8000000000000007: ???
==77181==    by 0x6ACE19F: ???
==77181==    by 0x6F: ???
==77181==    by 0x1F: ???
==77181==    by 0x16: ???
==77181==    by 0x6AB2CAF: ???
==77181== 
==77181== 16 bytes in 1 blocks are definitely lost in loss record 378 of 793
==77181==    at 0x4846828: malloc (in /usr/libexec/valgrind/vgpreload_memcheck-amd64-linux.so)
==77181==    by 0x728B99: __mn_range (in /mnt/c/Users/Juan/Documents/GitHub/Mapanare/mapanare/self/mnc-stage1)
==77181==    by 0x6C00F4: emit_llvm__struct_byte_size (in /mnt/c/Users/Juan/Documents/GitHub/Mapanare/mapanare/self/mnc-stage1)
==77181==    by 0x8000000000000007: ???
==77181==    by 0x6ACE45F: ???
==77181==    by 0x6F: ???
==77181==    by 0x1F: ???
==77181==    by 0x16: ???
==77181==    by 0x6AB2CAF: ???
==77181== 
==77181== 16 bytes in 1 blocks are definitely lost in loss record 379 of 793
==77181==    at 0x4846828: malloc (in /usr/libexec/valgrind/vgpreload_memcheck-amd64-linux.so)
==77181==    by 0x728B99: __mn_range (in /mnt/c/Users/Juan/Documents/GitHub/Mapanare/mapanare/self/mnc-stage1)
==77181==    by 0x69C37B: emit_llvm__is_enum_type (in /mnt/c/Users/Juan/Documents/GitHub/Mapanare/mapanare/self/mnc-stage1)
==77181==    by 0x6AC02CF: ???
==77181==    by 0x7E: ???
==77181==    by 0x73BE5F: ??? (in /mnt/c/Users/Juan/Documents/GitHub/Mapanare/mapanare/self/mnc-stage1)
==77181==    by 0x2: ???
==77181== 
==77181== 16 bytes in 1 blocks are definitely lost in loss record 380 of 793
==77181==    at 0x4846828: malloc (in /usr/libexec/valgrind/vgpreload_memcheck-amd64-linux.so)
==77181==    by 0x728B99: __mn_range (in /mnt/c/Users/Juan/Documents/GitHub/Mapanare/mapanare/self/mnc-stage1)
==77181==    by 0x6895A5: emit_llvm__lookup_struct_field_types (in /mnt/c/Users/Juan/Documents/GitHub/Mapanare/mapanare/self/mnc-stage1)
==77181==    by 0x6A68BFF: ???
==77181==    by 0x1F: ???
==77181==    by 0x16: ???
==77181==    by 0x6AB2CAF: ???
==77181==    by 0x6AA2FAF: ???
==77181==    by 0x8000000000000007: ???
==77181==    by 0xF: ???
==77181== 
==77181== 16 bytes in 1 blocks are definitely lost in loss record 381 of 793
==77181==    at 0x4846828: malloc (in /usr/libexec/valgrind/vgpreload_memcheck-amd64-linux.so)
==77181==    by 0x728B99: __mn_range (in /mnt/c/Users/Juan/Documents/GitHub/Mapanare/mapanare/self/mnc-stage1)
==77181==    by 0x69C37B: emit_llvm__is_enum_type (in /mnt/c/Users/Juan/Documents/GitHub/Mapanare/mapanare/self/mnc-stage1)
==77181==    by 0xFF: ???
==77181==    by 0xF: ???
==77181==    by 0x6AA2FAF: ???
==77181==    by 0x8000000000000007: ???
==77181== 
==77181== 16 bytes in 1 blocks are definitely lost in loss record 382 of 793
==77181==    at 0x4846828: malloc (in /usr/libexec/valgrind/vgpreload_memcheck-amd64-linux.so)
==77181==    by 0x728B99: __mn_range (in /mnt/c/Users/Juan/Documents/GitHub/Mapanare/mapanare/self/mnc-stage1)
==77181==    by 0x6C00F4: emit_llvm__struct_byte_size (in /mnt/c/Users/Juan/Documents/GitHub/Mapanare/mapanare/self/mnc-stage1)
==77181==    by 0x8000000000000007: ???
==77181==    by 0x6AD1FFF: ???
==77181==    by 0x6F: ???
==77181==    by 0x1F: ???
==77181==    by 0x16: ???
==77181==    by 0x6AB2CAF: ???
==77181== 
==77181== 16 bytes in 1 blocks are definitely lost in loss record 383 of 793
==77181==    at 0x4846828: malloc (in /usr/libexec/valgrind/vgpreload_memcheck-amd64-linux.so)
==77181==    by 0x728B99: __mn_range (in /mnt/c/Users/Juan/Documents/GitHub/Mapanare/mapanare/self/mnc-stage1)
==77181==    by 0x68CCAB: emit_llvm__find_function (in /mnt/c/Users/Juan/Documents/GitHub/Mapanare/mapanare/self/mnc-stage1)
==77181==    by 0x6A586E7: ???
==77181==    by 0x47: ???
==77181==    by 0x7: ???
==77181==    by 0x5: ???
==77181==    by 0x6ACB59F: ???
==77181==    by 0x6AA668F: ???
==77181==    by 0x800000000000000B: ???
==77181== 
==77181== 16 bytes in 1 blocks are definitely lost in loss record 384 of 793
==77181==    at 0x4846828: malloc (in /usr/libexec/valgrind/vgpreload_memcheck-amd64-linux.so)
==77181==    by 0x728B99: __mn_range (in /mnt/c/Users/Juan/Documents/GitHub/Mapanare/mapanare/self/mnc-stage1)
==77181==    by 0x6C00F4: emit_llvm__struct_byte_size (in /mnt/c/Users/Juan/Documents/GitHub/Mapanare/mapanare/self/mnc-stage1)
==77181==    by 0x8000000000000007: ???
==77181==    by 0x6AD2BFF: ???
==77181==    by 0x6F: ???
==77181==    by 0x1F: ???
==77181==    by 0x16: ???
==77181==    by 0x6AB2CAF: ???
==77181== 
==77181== 16 bytes in 1 blocks are definitely lost in loss record 385 of 793
==77181==    at 0x4846828: malloc (in /usr/libexec/valgrind/vgpreload_memcheck-amd64-linux.so)
==77181==    by 0x728B99: __mn_range (in /mnt/c/Users/Juan/Documents/GitHub/Mapanare/mapanare/self/mnc-stage1)
==77181==    by 0x68CCAB: emit_llvm__find_function (in /mnt/c/Users/Juan/Documents/GitHub/Mapanare/mapanare/self/mnc-stage1)
==77181==    by 0x6A5EB47: ???
==77181==    by 0x47: ???
==77181==    by 0x7: ???
==77181==    by 0x5: ???
==77181==    by 0x6ACB59F: ???
==77181==    by 0x6AA668F: ???
==77181==    by 0x800000000000000B: ???
==77181==    by 0x5800566F: ??? (in /usr/libexec/valgrind/memcheck-amd64-linux)
==77181== 
==77181== 16 bytes in 1 blocks are definitely lost in loss record 386 of 793
==77181==    at 0x4846828: malloc (in /usr/libexec/valgrind/vgpreload_memcheck-amd64-linux.so)
==77181==    by 0x728B99: __mn_range (in /mnt/c/Users/Juan/Documents/GitHub/Mapanare/mapanare/self/mnc-stage1)
==77181==    by 0x6895A5: emit_llvm__lookup_struct_field_types (in /mnt/c/Users/Juan/Documents/GitHub/Mapanare/mapanare/self/mnc-stage1)
==77181==    by 0x6A68BFF: ???
==77181==    by 0x1F: ???
==77181==    by 0x16: ???
==77181==    by 0x6AB2CAF: ???
==77181==    by 0x6AAB7CF: ???
==77181==    by 0x8000000000000007: ???
==77181==    by 0xF: ???
==77181== 
==77181== 16 bytes in 1 blocks are definitely lost in loss record 387 of 793
==77181==    at 0x4846828: malloc (in /usr/libexec/valgrind/vgpreload_memcheck-amd64-linux.so)
==77181==    by 0x728B99: __mn_range (in /mnt/c/Users/Juan/Documents/GitHub/Mapanare/mapanare/self/mnc-stage1)
==77181==    by 0x69C37B: emit_llvm__is_enum_type (in /mnt/c/Users/Juan/Documents/GitHub/Mapanare/mapanare/self/mnc-stage1)
==77181==    by 0xFF: ???
==77181==    by 0xF: ???
==77181==    by 0x6AAB7CF: ???
==77181==    by 0x8000000000000007: ???
==77181== 
==77181== 16 bytes in 1 blocks are definitely lost in loss record 388 of 793
==77181==    at 0x4846828: malloc (in /usr/libexec/valgrind/vgpreload_memcheck-amd64-linux.so)
==77181==    by 0x728B99: __mn_range (in /mnt/c/Users/Juan/Documents/GitHub/Mapanare/mapanare/self/mnc-stage1)
==77181==    by 0x6C00F4: emit_llvm__struct_byte_size (in /mnt/c/Users/Juan/Documents/GitHub/Mapanare/mapanare/self/mnc-stage1)
==77181==    by 0x8000000000000007: ???
==77181==    by 0x6AD4C6F: ???
==77181==    by 0x6F: ???
==77181==    by 0x1F: ???
==77181==    by 0x16: ???
==77181==    by 0x6AB2CAF: ???
==77181== 
==77181== 17 bytes in 1 blocks are indirectly lost in loss record 389 of 793
==77181==    at 0x484D953: calloc (in /usr/libexec/valgrind/vgpreload_memcheck-amd64-linux.so)
==77181==    by 0x723DE9: __mn_alloc (in /mnt/c/Users/Juan/Documents/GitHub/Mapanare/mapanare/self/mnc-stage1)
==77181==    by 0x7249CE: __mn_str_concat (in /mnt/c/Users/Juan/Documents/GitHub/Mapanare/mapanare/self/mnc-stage1)
==77181==    by 0x68BB44: emit_llvm__build_internal_struct_list (in /mnt/c/Users/Juan/Documents/GitHub/Mapanare/mapanare/self/mnc-stage1)
==77181==    by 0x1: ???
==77181==    by 0x7: ???
==77181==    by 0x6AB3AFF: ???
==77181==    by 0x7: ???
==77181==    by 0xF: ???
==77181== 
==77181== 17 bytes in 1 blocks are definitely lost in loss record 390 of 793
==77181==    at 0x484D953: calloc (in /usr/libexec/valgrind/vgpreload_memcheck-amd64-linux.so)
==77181==    by 0x723DE9: __mn_alloc (in /mnt/c/Users/Juan/Documents/GitHub/Mapanare/mapanare/self/mnc-stage1)
==77181==    by 0x7249CE: __mn_str_concat (in /mnt/c/Users/Juan/Documents/GitHub/Mapanare/mapanare/self/mnc-stage1)
==77181==    by 0x69B77C: emit_llvm__register_mir_struct (in /mnt/c/Users/Juan/Documents/GitHub/Mapanare/mapanare/self/mnc-stage1)
==77181==    by 0x3F: ???
==77181== 
==77181== 17 bytes in 1 blocks are definitely lost in loss record 391 of 793
==77181==    at 0x484D953: calloc (in /usr/libexec/valgrind/vgpreload_memcheck-amd64-linux.so)
==77181==    by 0x723DE9: __mn_alloc (in /mnt/c/Users/Juan/Documents/GitHub/Mapanare/mapanare/self/mnc-stage1)
==77181==    by 0x7249CE: __mn_str_concat (in /mnt/c/Users/Juan/Documents/GitHub/Mapanare/mapanare/self/mnc-stage1)
==77181==    by 0x69B7B0: emit_llvm__register_mir_struct (in /mnt/c/Users/Juan/Documents/GitHub/Mapanare/mapanare/self/mnc-stage1)
==77181==    by 0x3F: ???
==77181== 
==77181== 17 bytes in 1 blocks are definitely lost in loss record 392 of 793
==77181==    at 0x484D953: calloc (in /usr/libexec/valgrind/vgpreload_memcheck-amd64-linux.so)
==77181==    by 0x723DE9: __mn_alloc (in /mnt/c/Users/Juan/Documents/GitHub/Mapanare/mapanare/self/mnc-stage1)
==77181==    by 0x7249CE: __mn_str_concat (in /mnt/c/Users/Juan/Documents/GitHub/Mapanare/mapanare/self/mnc-stage1)
==77181==    by 0x7229D4: emit_llvm__emit_mir_module (in /mnt/c/Users/Juan/Documents/GitHub/Mapanare/mapanare/self/mnc-stage1)
==77181==    by 0x1F: ???
==77181==    by 0xF: ???
==77181== 
==77181== 17 bytes in 1 blocks are definitely lost in loss record 393 of 793
==77181==    at 0x484D953: calloc (in /usr/libexec/valgrind/vgpreload_memcheck-amd64-linux.so)
==77181==    by 0x723DE9: __mn_alloc (in /mnt/c/Users/Juan/Documents/GitHub/Mapanare/mapanare/self/mnc-stage1)
==77181==    by 0x7249CE: __mn_str_concat (in /mnt/c/Users/Juan/Documents/GitHub/Mapanare/mapanare/self/mnc-stage1)
==77181==    by 0x7229D4: emit_llvm__emit_mir_module (in /mnt/c/Users/Juan/Documents/GitHub/Mapanare/mapanare/self/mnc-stage1)
==77181==    by 0x3F: ???
==77181== 
==77181== 17 bytes in 1 blocks are definitely lost in loss record 394 of 793
==77181==    at 0x484D953: calloc (in /usr/libexec/valgrind/vgpreload_memcheck-amd64-linux.so)
==77181==    by 0x723DE9: __mn_alloc (in /mnt/c/Users/Juan/Documents/GitHub/Mapanare/mapanare/self/mnc-stage1)
==77181==    by 0x7245AB: __mn_str_from_parts (in /mnt/c/Users/Juan/Documents/GitHub/Mapanare/mapanare/self/mnc-stage1)
==77181==    by 0x71C30F: emit_llvm__emit_mir_function (in /mnt/c/Users/Juan/Documents/GitHub/Mapanare/mapanare/self/mnc-stage1)
==77181==    by 0x3F: ???
==77181== 
==77181== 18 bytes in 1 blocks are indirectly lost in loss record 395 of 793
==77181==    at 0x484D953: calloc (in /usr/libexec/valgrind/vgpreload_memcheck-amd64-linux.so)
==77181==    by 0x723DE9: __mn_alloc (in /mnt/c/Users/Juan/Documents/GitHub/Mapanare/mapanare/self/mnc-stage1)
==77181==    by 0x7249CE: __mn_str_concat (in /mnt/c/Users/Juan/Documents/GitHub/Mapanare/mapanare/self/mnc-stage1)
==77181==    by 0x68A102: emit_llvm__build_internal_struct_list (in /mnt/c/Users/Juan/Documents/GitHub/Mapanare/mapanare/self/mnc-stage1)
==77181==    by 0xF: ???
==77181== 
==77181== 18 bytes in 1 blocks are indirectly lost in loss record 396 of 793
==77181==    at 0x484D953: calloc (in /usr/libexec/valgrind/vgpreload_memcheck-amd64-linux.so)
==77181==    by 0x723DE9: __mn_alloc (in /mnt/c/Users/Juan/Documents/GitHub/Mapanare/mapanare/self/mnc-stage1)
==77181==    by 0x7249CE: __mn_str_concat (in /mnt/c/Users/Juan/Documents/GitHub/Mapanare/mapanare/self/mnc-stage1)
==77181==    by 0x68B5A2: emit_llvm__build_internal_struct_list (in /mnt/c/Users/Juan/Documents/GitHub/Mapanare/mapanare/self/mnc-stage1)
==77181==    by 0x1: ???
==77181==    by 0x7: ???
==77181==    by 0x6AB291F: ???
==77181==    by 0x7: ???
==77181==    by 0xF: ???
==77181== 
==77181== 18 bytes in 1 blocks are indirectly lost in loss record 397 of 793
==77181==    at 0x484D953: calloc (in /usr/libexec/valgrind/vgpreload_memcheck-amd64-linux.so)
==77181==    by 0x723DE9: __mn_alloc (in /mnt/c/Users/Juan/Documents/GitHub/Mapanare/mapanare/self/mnc-stage1)
==77181==    by 0x7249CE: __mn_str_concat (in /mnt/c/Users/Juan/Documents/GitHub/Mapanare/mapanare/self/mnc-stage1)
==77181==    by 0x68B980: emit_llvm__build_internal_struct_list (in /mnt/c/Users/Juan/Documents/GitHub/Mapanare/mapanare/self/mnc-stage1)
==77181==    by 0x3: ???
==77181==    by 0x7: ???
==77181==    by 0x6AB2B7F: ???
==77181==    by 0x7: ???
==77181==    by 0xF: ???
==77181== 
==77181== 18 bytes in 2 blocks are indirectly lost in loss record 398 of 793
==77181==    at 0x484D953: calloc (in /usr/libexec/valgrind/vgpreload_memcheck-amd64-linux.so)
==77181==    by 0x723DE9: __mn_alloc (in /mnt/c/Users/Juan/Documents/GitHub/Mapanare/mapanare/self/mnc-stage1)
==77181==    by 0x7249CE: __mn_str_concat (in /mnt/c/Users/Juan/Documents/GitHub/Mapanare/mapanare/self/mnc-stage1)
==77181==    by 0x58CED4: lower__mangle_generic_name (in /mnt/c/Users/Juan/Documents/GitHub/Mapanare/mapanare/self/mnc-stage1)
==77181== 
==77181== 18 bytes in 1 blocks are definitely lost in loss record 399 of 793
==77181==    at 0x484D953: calloc (in /usr/libexec/valgrind/vgpreload_memcheck-amd64-linux.so)
==77181==    by 0x723DE9: __mn_alloc (in /mnt/c/Users/Juan/Documents/GitHub/Mapanare/mapanare/self/mnc-stage1)
==77181==    by 0x7249CE: __mn_str_concat (in /mnt/c/Users/Juan/Documents/GitHub/Mapanare/mapanare/self/mnc-stage1)
==77181==    by 0x69B793: emit_llvm__register_mir_struct (in /mnt/c/Users/Juan/Documents/GitHub/Mapanare/mapanare/self/mnc-stage1)
==77181==    by 0x3F: ???
==77181== 
==77181== 18 bytes in 1 blocks are definitely lost in loss record 400 of 793
==77181==    at 0x484D953: calloc (in /usr/libexec/valgrind/vgpreload_memcheck-amd64-linux.so)
==77181==    by 0x723DE9: __mn_alloc (in /mnt/c/Users/Juan/Documents/GitHub/Mapanare/mapanare/self/mnc-stage1)
==77181==    by 0x7249CE: __mn_str_concat (in /mnt/c/Users/Juan/Documents/GitHub/Mapanare/mapanare/self/mnc-stage1)
==77181==    by 0x69B7C7: emit_llvm__register_mir_struct (in /mnt/c/Users/Juan/Documents/GitHub/Mapanare/mapanare/self/mnc-stage1)
==77181==    by 0x3F: ???
==77181== 
==77181== 19 bytes in 1 blocks are indirectly lost in loss record 401 of 793
==77181==    at 0x484D953: calloc (in /usr/libexec/valgrind/vgpreload_memcheck-amd64-linux.so)
==77181==    by 0x723DE9: __mn_alloc (in /mnt/c/Users/Juan/Documents/GitHub/Mapanare/mapanare/self/mnc-stage1)
==77181==    by 0x7249CE: __mn_str_concat (in /mnt/c/Users/Juan/Documents/GitHub/Mapanare/mapanare/self/mnc-stage1)
==77181==    by 0x68B766: emit_llvm__build_internal_struct_list (in /mnt/c/Users/Juan/Documents/GitHub/Mapanare/mapanare/self/mnc-stage1)
==77181==    by 0x1: ???
==77181==    by 0x7: ???
==77181==    by 0x6AB2A4F: ???
==77181==    by 0x7: ???
==77181==    by 0xF: ???
==77181== 
==77181== 19 bytes in 1 blocks are indirectly lost in loss record 402 of 793
==77181==    at 0x484D953: calloc (in /usr/libexec/valgrind/vgpreload_memcheck-amd64-linux.so)
==77181==    by 0x723DE9: __mn_alloc (in /mnt/c/Users/Juan/Documents/GitHub/Mapanare/mapanare/self/mnc-stage1)
==77181==    by 0x7249CE: __mn_str_concat (in /mnt/c/Users/Juan/Documents/GitHub/Mapanare/mapanare/self/mnc-stage1)
==77181==    by 0x68BF78: emit_llvm__build_internal_struct_list (in /mnt/c/Users/Juan/Documents/GitHub/Mapanare/mapanare/self/mnc-stage1)
==77181==    by 0x1: ???
==77181==    by 0x7: ???
==77181==    by 0x6AB3D5F: ???
==77181==    by 0x7: ???
==77181==    by 0xF: ???
==77181== 
==77181== 19 bytes in 2 blocks are indirectly lost in loss record 403 of 793
==77181==    at 0x484D953: calloc (in /usr/libexec/valgrind/vgpreload_memcheck-amd64-linux.so)
==77181==    by 0x723DE9: __mn_alloc (in /mnt/c/Users/Juan/Documents/GitHub/Mapanare/mapanare/self/mnc-stage1)
==77181==    by 0x7249CE: __mn_str_concat (in /mnt/c/Users/Juan/Documents/GitHub/Mapanare/mapanare/self/mnc-stage1)
==77181==    by 0x4EBE52: lower__lower_let (in /mnt/c/Users/Juan/Documents/GitHub/Mapanare/mapanare/self/mnc-stage1)
==77181==    by 0x8000000000000007: ???
==77181== 
==77181== 19 bytes in 1 blocks are definitely lost in loss record 404 of 793
==77181==    at 0x484D953: calloc (in /usr/libexec/valgrind/vgpreload_memcheck-amd64-linux.so)
==77181==    by 0x723DE9: __mn_alloc (in /mnt/c/Users/Juan/Documents/GitHub/Mapanare/mapanare/self/mnc-stage1)
==77181==    by 0x7245AB: __mn_str_from_parts (in /mnt/c/Users/Juan/Documents/GitHub/Mapanare/mapanare/self/mnc-stage1)
==77181==    by 0x413D6B: basename_of (in /mnt/c/Users/Juan/Documents/GitHub/Mapanare/mapanare/self/mnc-stage1)
==77181==    by 0xF: ???
==77181==    by 0x6A7619F: ???
==77181==    by 0x4A: ???
==77181== 
==77181== 19 bytes in 1 blocks are definitely lost in loss record 405 of 793
==77181==    at 0x484D953: calloc (in /usr/libexec/valgrind/vgpreload_memcheck-amd64-linux.so)
==77181==    by 0x723DE9: __mn_alloc (in /mnt/c/Users/Juan/Documents/GitHub/Mapanare/mapanare/self/mnc-stage1)
==77181==    by 0x7249CE: __mn_str_concat (in /mnt/c/Users/Juan/Documents/GitHub/Mapanare/mapanare/self/mnc-stage1)
==77181==    by 0x71C336: emit_llvm__emit_mir_function (in /mnt/c/Users/Juan/Documents/GitHub/Mapanare/mapanare/self/mnc-stage1)
==77181==    by 0x3F: ???
==77181== 
==77181== 20 bytes in 1 blocks are indirectly lost in loss record 406 of 793
==77181==    at 0x484D953: calloc (in /usr/libexec/valgrind/vgpreload_memcheck-amd64-linux.so)
==77181==    by 0x723DE9: __mn_alloc (in /mnt/c/Users/Juan/Documents/GitHub/Mapanare/mapanare/self/mnc-stage1)
==77181==    by 0x7249CE: __mn_str_concat (in /mnt/c/Users/Juan/Documents/GitHub/Mapanare/mapanare/self/mnc-stage1)
==77181==    by 0x68A28A: emit_llvm__build_internal_struct_list (in /mnt/c/Users/Juan/Documents/GitHub/Mapanare/mapanare/self/mnc-stage1)
==77181==    by 0xF: ???
==77181== 
==77181== 20 bytes in 1 blocks are indirectly lost in loss record 407 of 793
==77181==    at 0x484D953: calloc (in /usr/libexec/valgrind/vgpreload_memcheck-amd64-linux.so)
==77181==    by 0x723DE9: __mn_alloc (in /mnt/c/Users/Juan/Documents/GitHub/Mapanare/mapanare/self/mnc-stage1)
==77181==    by 0x7249CE: __mn_str_concat (in /mnt/c/Users/Juan/Documents/GitHub/Mapanare/mapanare/self/mnc-stage1)
==77181==    by 0x68AFAA: emit_llvm__build_internal_struct_list (in /mnt/c/Users/Juan/Documents/GitHub/Mapanare/mapanare/self/mnc-stage1)
==77181==    by 0x1: ???
==77181==    by 0x7: ???
==77181==    by 0x6AB258F: ???
==77181==    by 0x7: ???
==77181==    by 0xF: ???
==77181== 
==77181== 20 bytes in 1 blocks are indirectly lost in loss record 408 of 793
==77181==    at 0x484D953: calloc (in /usr/libexec/valgrind/vgpreload_memcheck-amd64-linux.so)
==77181==    by 0x723DE9: __mn_alloc (in /mnt/c/Users/Juan/Documents/GitHub/Mapanare/mapanare/self/mnc-stage1)
==77181==    by 0x7249CE: __mn_str_concat (in /mnt/c/Users/Juan/Documents/GitHub/Mapanare/mapanare/self/mnc-stage1)
==77181==    by 0x68B3DE: emit_llvm__build_internal_struct_list (in /mnt/c/Users/Juan/Documents/GitHub/Mapanare/mapanare/self/mnc-stage1)
==77181==    by 0x2: ???
==77181==    by 0x7: ???
==77181==    by 0x6AB27EF: ???
==77181==    by 0x7: ???
==77181==    by 0xF: ???
==77181== 
==77181== 20 bytes in 1 blocks are indirectly lost in loss record 409 of 793
==77181==    at 0x484D953: calloc (in /usr/libexec/valgrind/vgpreload_memcheck-amd64-linux.so)
==77181==    by 0x723DE9: __mn_alloc (in /mnt/c/Users/Juan/Documents/GitHub/Mapanare/mapanare/self/mnc-stage1)
==77181==    by 0x7249CE: __mn_str_concat (in /mnt/c/Users/Juan/Documents/GitHub/Mapanare/mapanare/self/mnc-stage1)
==77181==    by 0x68BDB4: emit_llvm__build_internal_struct_list (in /mnt/c/Users/Juan/Documents/GitHub/Mapanare/mapanare/self/mnc-stage1)
==77181==    by 0x5: ???
==77181==    by 0x7: ???
==77181==    by 0x6AB3C2F: ???
==77181==    by 0x7: ???
==77181==    by 0xF: ???
==77181== 
==77181== 20 bytes in 2 blocks are definitely lost in loss record 410 of 793
==77181==    at 0x484D953: calloc (in /usr/libexec/valgrind/vgpreload_memcheck-amd64-linux.so)
==77181==    by 0x723DE9: __mn_alloc (in /mnt/c/Users/Juan/Documents/GitHub/Mapanare/mapanare/self/mnc-stage1)
==77181==    by 0x7249CE: __mn_str_concat (in /mnt/c/Users/Juan/Documents/GitHub/Mapanare/mapanare/self/mnc-stage1)
==77181==    by 0x59CDC8: lower__monomorphize_impl_methods (in /mnt/c/Users/Juan/Documents/GitHub/Mapanare/mapanare/self/mnc-stage1)
==77181== 
==77181== 20 bytes in 2 blocks are definitely lost in loss record 411 of 793
==77181==    at 0x484D953: calloc (in /usr/libexec/valgrind/vgpreload_memcheck-amd64-linux.so)
==77181==    by 0x723DE9: __mn_alloc (in /mnt/c/Users/Juan/Documents/GitHub/Mapanare/mapanare/self/mnc-stage1)
==77181==    by 0x7249CE: __mn_str_concat (in /mnt/c/Users/Juan/Documents/GitHub/Mapanare/mapanare/self/mnc-stage1)
==77181==    by 0x59CDFB: lower__monomorphize_impl_methods (in /mnt/c/Users/Juan/Documents/GitHub/Mapanare/mapanare/self/mnc-stage1)
==77181== 
==77181== 21 bytes in 1 blocks are indirectly lost in loss record 412 of 793
==77181==    at 0x484D953: calloc (in /usr/libexec/valgrind/vgpreload_memcheck-amd64-linux.so)
==77181==    by 0x723DE9: __mn_alloc (in /mnt/c/Users/Juan/Documents/GitHub/Mapanare/mapanare/self/mnc-stage1)
==77181==    by 0x7249CE: __mn_str_concat (in /mnt/c/Users/Juan/Documents/GitHub/Mapanare/mapanare/self/mnc-stage1)
==77181==    by 0x68B1EF: emit_llvm__build_internal_struct_list (in /mnt/c/Users/Juan/Documents/GitHub/Mapanare/mapanare/self/mnc-stage1)
==77181==    by 0x4: ???
==77181==    by 0x7: ???
==77181==    by 0x6AB26BF: ???
==77181==    by 0x7: ???
==77181==    by 0xF: ???
==77181== 
==77181== 21 bytes in 3 blocks are indirectly lost in loss record 413 of 793
==77181==    at 0x484D953: calloc (in /usr/libexec/valgrind/vgpreload_memcheck-amd64-linux.so)
==77181==    by 0x723DE9: __mn_alloc (in /mnt/c/Users/Juan/Documents/GitHub/Mapanare/mapanare/self/mnc-stage1)
==77181==    by 0x7249CE: __mn_str_concat (in /mnt/c/Users/Juan/Documents/GitHub/Mapanare/mapanare/self/mnc-stage1)
==77181==    by 0x71C957: emit_llvm__emit_mir_function (in /mnt/c/Users/Juan/Documents/GitHub/Mapanare/mapanare/self/mnc-stage1)
==77181==    by 0x3F: ???
==77181== 
==77181== 21 bytes in 1 blocks are definitely lost in loss record 414 of 793
==77181==    at 0x484D953: calloc (in /usr/libexec/valgrind/vgpreload_memcheck-amd64-linux.so)
==77181==    by 0x723DE9: __mn_alloc (in /mnt/c/Users/Juan/Documents/GitHub/Mapanare/mapanare/self/mnc-stage1)
==77181==    by 0x7249CE: __mn_str_concat (in /mnt/c/Users/Juan/Documents/GitHub/Mapanare/mapanare/self/mnc-stage1)
==77181==    by 0x68FA94: emit_llvm__declare_all_runtime (in /mnt/c/Users/Juan/Documents/GitHub/Mapanare/mapanare/self/mnc-stage1)
==77181== 
==77181== 21 bytes in 1 blocks are definitely lost in loss record 415 of 793
==77181==    at 0x484D953: calloc (in /usr/libexec/valgrind/vgpreload_memcheck-amd64-linux.so)
==77181==    by 0x723DE9: __mn_alloc (in /mnt/c/Users/Juan/Documents/GitHub/Mapanare/mapanare/self/mnc-stage1)
==77181==    by 0x7249CE: __mn_str_concat (in /mnt/c/Users/Juan/Documents/GitHub/Mapanare/mapanare/self/mnc-stage1)
==77181==    by 0x697FD7: emit_llvm__declare_all_runtime (in /mnt/c/Users/Juan/Documents/GitHub/Mapanare/mapanare/self/mnc-stage1)
==77181==    by 0x7470F7: ??? (in /mnt/c/Users/Juan/Documents/GitHub/Mapanare/mapanare/self/mnc-stage1)
==77181== 
==77181== 21 bytes in 2 blocks are definitely lost in loss record 416 of 793
==77181==    at 0x484D953: calloc (in /usr/libexec/valgrind/vgpreload_memcheck-amd64-linux.so)
==77181==    by 0x723DE9: __mn_alloc (in /mnt/c/Users/Juan/Documents/GitHub/Mapanare/mapanare/self/mnc-stage1)
==77181==    by 0x7249CE: __mn_str_concat (in /mnt/c/Users/Juan/Documents/GitHub/Mapanare/mapanare/self/mnc-stage1)
==77181==    by 0x414BE5: dedup_definitions (in /mnt/c/Users/Juan/Documents/GitHub/Mapanare/mapanare/self/mnc-stage1)
==77181== 
==77181== 22 bytes in 1 blocks are indirectly lost in loss record 417 of 793
==77181==    at 0x484D953: calloc (in /usr/libexec/valgrind/vgpreload_memcheck-amd64-linux.so)
==77181==    by 0x723DE9: __mn_alloc (in /mnt/c/Users/Juan/Documents/GitHub/Mapanare/mapanare/self/mnc-stage1)
==77181==    by 0x7249CE: __mn_str_concat (in /mnt/c/Users/Juan/Documents/GitHub/Mapanare/mapanare/self/mnc-stage1)
==77181==    by 0x68A43D: emit_llvm__build_internal_struct_list (in /mnt/c/Users/Juan/Documents/GitHub/Mapanare/mapanare/self/mnc-stage1)
==77181==    by 0xF: ???
==77181== 
==77181== 22 bytes in 1 blocks are indirectly lost in loss record 418 of 793
==77181==    at 0x484D953: calloc (in /usr/libexec/valgrind/vgpreload_memcheck-amd64-linux.so)
==77181==    by 0x723DE9: __mn_alloc (in /mnt/c/Users/Juan/Documents/GitHub/Mapanare/mapanare/self/mnc-stage1)
==77181==    by 0x7249CE: __mn_str_concat (in /mnt/c/Users/Juan/Documents/GitHub/Mapanare/mapanare/self/mnc-stage1)
==77181==    by 0x6AA99A: emit_llvm__emit_const (in /mnt/c/Users/Juan/Documents/GitHub/Mapanare/mapanare/self/mnc-stage1)
==77181== 
==77181== 23 bytes in 1 blocks are definitely lost in loss record 419 of 793
==77181==    at 0x484D953: calloc (in /usr/libexec/valgrind/vgpreload_memcheck-amd64-linux.so)
==77181==    by 0x723DE9: __mn_alloc (in /mnt/c/Users/Juan/Documents/GitHub/Mapanare/mapanare/self/mnc-stage1)
==77181==    by 0x7249CE: __mn_str_concat (in /mnt/c/Users/Juan/Documents/GitHub/Mapanare/mapanare/self/mnc-stage1)
==77181==    by 0x68F16B: emit_llvm__declare_all_runtime (in /mnt/c/Users/Juan/Documents/GitHub/Mapanare/mapanare/self/mnc-stage1)
==77181== 
==77181== 23 bytes in 1 blocks are definitely lost in loss record 420 of 793
==77181==    at 0x484D953: calloc (in /usr/libexec/valgrind/vgpreload_memcheck-amd64-linux.so)
==77181==    by 0x723DE9: __mn_alloc (in /mnt/c/Users/Juan/Documents/GitHub/Mapanare/mapanare/self/mnc-stage1)
==77181==    by 0x7249CE: __mn_str_concat (in /mnt/c/Users/Juan/Documents/GitHub/Mapanare/mapanare/self/mnc-stage1)
==77181==    by 0x68F36E: emit_llvm__declare_all_runtime (in /mnt/c/Users/Juan/Documents/GitHub/Mapanare/mapanare/self/mnc-stage1)
==77181==    by 0x7470F7: ??? (in /mnt/c/Users/Juan/Documents/GitHub/Mapanare/mapanare/self/mnc-stage1)
==77181==    by 0x3: ???
==77181== 
==77181== 23 bytes in 1 blocks are definitely lost in loss record 421 of 793
==77181==    at 0x484D953: calloc (in /usr/libexec/valgrind/vgpreload_memcheck-amd64-linux.so)
==77181==    by 0x723DE9: __mn_alloc (in /mnt/c/Users/Juan/Documents/GitHub/Mapanare/mapanare/self/mnc-stage1)
==77181==    by 0x7249CE: __mn_str_concat (in /mnt/c/Users/Juan/Documents/GitHub/Mapanare/mapanare/self/mnc-stage1)
==77181==    by 0x69087E: emit_llvm__declare_all_runtime (in /mnt/c/Users/Juan/Documents/GitHub/Mapanare/mapanare/self/mnc-stage1)
==77181==    by 0x3: ???
==77181== 
==77181== 23 bytes in 1 blocks are definitely lost in loss record 422 of 793
==77181==    at 0x484D953: calloc (in /usr/libexec/valgrind/vgpreload_memcheck-amd64-linux.so)
==77181==    by 0x723DE9: __mn_alloc (in /mnt/c/Users/Juan/Documents/GitHub/Mapanare/mapanare/self/mnc-stage1)
==77181==    by 0x7249CE: __mn_str_concat (in /mnt/c/Users/Juan/Documents/GitHub/Mapanare/mapanare/self/mnc-stage1)
==77181==    by 0x690ABC: emit_llvm__declare_all_runtime (in /mnt/c/Users/Juan/Documents/GitHub/Mapanare/mapanare/self/mnc-stage1)
==77181==    by 0x7470F7: ??? (in /mnt/c/Users/Juan/Documents/GitHub/Mapanare/mapanare/self/mnc-stage1)
==77181== 
==77181== 23 bytes in 1 blocks are definitely lost in loss record 423 of 793
==77181==    at 0x484D953: calloc (in /usr/libexec/valgrind/vgpreload_memcheck-amd64-linux.so)
==77181==    by 0x723DE9: __mn_alloc (in /mnt/c/Users/Juan/Documents/GitHub/Mapanare/mapanare/self/mnc-stage1)
==77181==    by 0x7249CE: __mn_str_concat (in /mnt/c/Users/Juan/Documents/GitHub/Mapanare/mapanare/self/mnc-stage1)
==77181==    by 0x690CF1: emit_llvm__declare_all_runtime (in /mnt/c/Users/Juan/Documents/GitHub/Mapanare/mapanare/self/mnc-stage1)
==77181==    by 0x3: ???
==77181== 
==77181== 23 bytes in 1 blocks are definitely lost in loss record 424 of 793
==77181==    at 0x484D953: calloc (in /usr/libexec/valgrind/vgpreload_memcheck-amd64-linux.so)
==77181==    by 0x723DE9: __mn_alloc (in /mnt/c/Users/Juan/Documents/GitHub/Mapanare/mapanare/self/mnc-stage1)
==77181==    by 0x7249CE: __mn_str_concat (in /mnt/c/Users/Juan/Documents/GitHub/Mapanare/mapanare/self/mnc-stage1)
==77181==    by 0x692891: emit_llvm__declare_all_runtime (in /mnt/c/Users/Juan/Documents/GitHub/Mapanare/mapanare/self/mnc-stage1)
==77181==    by 0x3: ???
==77181== 
==77181== 23 bytes in 1 blocks are definitely lost in loss record 425 of 793
==77181==    at 0x484D953: calloc (in /usr/libexec/valgrind/vgpreload_memcheck-amd64-linux.so)
==77181==    by 0x723DE9: __mn_alloc (in /mnt/c/Users/Juan/Documents/GitHub/Mapanare/mapanare/self/mnc-stage1)
==77181==    by 0x7249CE: __mn_str_concat (in /mnt/c/Users/Juan/Documents/GitHub/Mapanare/mapanare/self/mnc-stage1)
==77181==    by 0x692C80: emit_llvm__declare_all_runtime (in /mnt/c/Users/Juan/Documents/GitHub/Mapanare/mapanare/self/mnc-stage1)
==77181==    by 0x3: ???
==77181== 
==77181== 23 bytes in 1 blocks are definitely lost in loss record 426 of 793
==77181==    at 0x484D953: calloc (in /usr/libexec/valgrind/vgpreload_memcheck-amd64-linux.so)
==77181==    by 0x723DE9: __mn_alloc (in /mnt/c/Users/Juan/Documents/GitHub/Mapanare/mapanare/self/mnc-stage1)
==77181==    by 0x7249CE: __mn_str_concat (in /mnt/c/Users/Juan/Documents/GitHub/Mapanare/mapanare/self/mnc-stage1)
==77181==    by 0x69375D: emit_llvm__declare_all_runtime (in /mnt/c/Users/Juan/Documents/GitHub/Mapanare/mapanare/self/mnc-stage1)
==77181==    by 0x3: ???
==77181== 
==77181== 23 bytes in 1 blocks are definitely lost in loss record 427 of 793
==77181==    at 0x484D953: calloc (in /usr/libexec/valgrind/vgpreload_memcheck-amd64-linux.so)
==77181==    by 0x723DE9: __mn_alloc (in /mnt/c/Users/Juan/Documents/GitHub/Mapanare/mapanare/self/mnc-stage1)
==77181==    by 0x7249CE: __mn_str_concat (in /mnt/c/Users/Juan/Documents/GitHub/Mapanare/mapanare/self/mnc-stage1)
==77181==    by 0x696BFE: emit_llvm__declare_all_runtime (in /mnt/c/Users/Juan/Documents/GitHub/Mapanare/mapanare/self/mnc-stage1)
==77181==    by 0x3: ???
==77181== 
==77181== 23 bytes in 1 blocks are definitely lost in loss record 428 of 793
==77181==    at 0x484D953: calloc (in /usr/libexec/valgrind/vgpreload_memcheck-amd64-linux.so)
==77181==    by 0x723DE9: __mn_alloc (in /mnt/c/Users/Juan/Documents/GitHub/Mapanare/mapanare/self/mnc-stage1)
==77181==    by 0x7249CE: __mn_str_concat (in /mnt/c/Users/Juan/Documents/GitHub/Mapanare/mapanare/self/mnc-stage1)
==77181==    by 0x697876: emit_llvm__declare_all_runtime (in /mnt/c/Users/Juan/Documents/GitHub/Mapanare/mapanare/self/mnc-stage1)
==77181==    by 0x7470F7: ??? (in /mnt/c/Users/Juan/Documents/GitHub/Mapanare/mapanare/self/mnc-stage1)
==77181== 
==77181== 23 bytes in 1 blocks are definitely lost in loss record 429 of 793
==77181==    at 0x484D953: calloc (in /usr/libexec/valgrind/vgpreload_memcheck-amd64-linux.so)
==77181==    by 0x723DE9: __mn_alloc (in /mnt/c/Users/Juan/Documents/GitHub/Mapanare/mapanare/self/mnc-stage1)
==77181==    by 0x7249CE: __mn_str_concat (in /mnt/c/Users/Juan/Documents/GitHub/Mapanare/mapanare/self/mnc-stage1)
==77181==    by 0x698EEA: emit_llvm__declare_all_runtime (in /mnt/c/Users/Juan/Documents/GitHub/Mapanare/mapanare/self/mnc-stage1)
==77181==    by 0x3: ???
==77181== 
==77181== 23 bytes in 1 blocks are definitely lost in loss record 430 of 793
==77181==    at 0x484D953: calloc (in /usr/libexec/valgrind/vgpreload_memcheck-amd64-linux.so)
==77181==    by 0x723DE9: __mn_alloc (in /mnt/c/Users/Juan/Documents/GitHub/Mapanare/mapanare/self/mnc-stage1)
==77181==    by 0x7249CE: __mn_str_concat (in /mnt/c/Users/Juan/Documents/GitHub/Mapanare/mapanare/self/mnc-stage1)
==77181==    by 0x699122: emit_llvm__declare_all_runtime (in /mnt/c/Users/Juan/Documents/GitHub/Mapanare/mapanare/self/mnc-stage1)
==77181==    by 0x7470F7: ??? (in /mnt/c/Users/Juan/Documents/GitHub/Mapanare/mapanare/self/mnc-stage1)
==77181== 
==77181== 23 bytes in 1 blocks are definitely lost in loss record 431 of 793
==77181==    at 0x484D953: calloc (in /usr/libexec/valgrind/vgpreload_memcheck-amd64-linux.so)
==77181==    by 0x723DE9: __mn_alloc (in /mnt/c/Users/Juan/Documents/GitHub/Mapanare/mapanare/self/mnc-stage1)
==77181==    by 0x7249CE: __mn_str_concat (in /mnt/c/Users/Juan/Documents/GitHub/Mapanare/mapanare/self/mnc-stage1)
==77181==    by 0x71C361: emit_llvm__emit_mir_function (in /mnt/c/Users/Juan/Documents/GitHub/Mapanare/mapanare/self/mnc-stage1)
==77181==    by 0x3F: ???
==77181== 
==77181== 24 bytes in 1 blocks are indirectly lost in loss record 432 of 793
==77181==    at 0x4846828: malloc (in /usr/libexec/valgrind/vgpreload_memcheck-amd64-linux.so)
==77181==    by 0x430B06: parser__parse_postfix (in /mnt/c/Users/Juan/Documents/GitHub/Mapanare/mapanare/self/mnc-stage1)
==77181==    by 0x1E: ???
==77181==    by 0x6A8AC6F: ???
==77181==    by 0x5: ???
==77181== 
==77181== 24 bytes in 1 blocks are indirectly lost in loss record 433 of 793
==77181==    at 0x484D953: calloc (in /usr/libexec/valgrind/vgpreload_memcheck-amd64-linux.so)
==77181==    by 0x723DE9: __mn_alloc (in /mnt/c/Users/Juan/Documents/GitHub/Mapanare/mapanare/self/mnc-stage1)
==77181==    by 0x7249CE: __mn_str_concat (in /mnt/c/Users/Juan/Documents/GitHub/Mapanare/mapanare/self/mnc-stage1)
==77181==    by 0x68AC22: emit_llvm__build_internal_struct_list (in /mnt/c/Users/Juan/Documents/GitHub/Mapanare/mapanare/self/mnc-stage1)
==77181==    by 0x2: ???
==77181==    by 0x7: ???
==77181==    by 0x6AB232F: ???
==77181==    by 0x7: ???
==77181==    by 0xF: ???
==77181== 
==77181== 24 bytes in 3 blocks are indirectly lost in loss record 434 of 793
==77181==    at 0x4846828: malloc (in /usr/libexec/valgrind/vgpreload_memcheck-amd64-linux.so)
==77181==    by 0x432B31: parser__parse_atom (in /mnt/c/Users/Juan/Documents/GitHub/Mapanare/mapanare/self/mnc-stage1)
==77181== 
==77181== 25 bytes in 1 blocks are indirectly lost in loss record 435 of 793
==77181==    at 0x484D953: calloc (in /usr/libexec/valgrind/vgpreload_memcheck-amd64-linux.so)
==77181==    by 0x723DE9: __mn_alloc (in /mnt/c/Users/Juan/Documents/GitHub/Mapanare/mapanare/self/mnc-stage1)
==77181==    by 0x7249CE: __mn_str_concat (in /mnt/c/Users/Juan/Documents/GitHub/Mapanare/mapanare/self/mnc-stage1)
==77181==    by 0x68A655: emit_llvm__build_internal_struct_list (in /mnt/c/Users/Juan/Documents/GitHub/Mapanare/mapanare/self/mnc-stage1)
==77181==    by 0x4: ???
==77181==    by 0x7: ???
==77181==    by 0x6AB186F: ???
==77181==    by 0x7: ???
==77181==    by 0xF: ???
==77181== 
==77181== 25 bytes in 1 blocks are indirectly lost in loss record 436 of 793
==77181==    at 0x484D953: calloc (in /usr/libexec/valgrind/vgpreload_memcheck-amd64-linux.so)
==77181==    by 0x723DE9: __mn_alloc (in /mnt/c/Users/Juan/Documents/GitHub/Mapanare/mapanare/self/mnc-stage1)
==77181==    by 0x7249CE: __mn_str_concat (in /mnt/c/Users/Juan/Documents/GitHub/Mapanare/mapanare/self/mnc-stage1)
==77181==    by 0x68ADE6: emit_llvm__build_internal_struct_list (in /mnt/c/Users/Juan/Documents/GitHub/Mapanare/mapanare/self/mnc-stage1)
==77181==    by 0x1: ???
==77181==    by 0x7: ???
==77181==    by 0x6AB245F: ???
==77181==    by 0x7: ???
==77181==    by 0xF: ???
==77181== 
==77181== 26 bytes in 1 blocks are indirectly lost in loss record 437 of 793
==77181==    at 0x484D953: calloc (in /usr/libexec/valgrind/vgpreload_memcheck-amd64-linux.so)
==77181==    by 0x723DE9: __mn_alloc (in /mnt/c/Users/Juan/Documents/GitHub/Mapanare/mapanare/self/mnc-stage1)
==77181==    by 0x7249CE: __mn_str_concat (in /mnt/c/Users/Juan/Documents/GitHub/Mapanare/mapanare/self/mnc-stage1)
==77181==    by 0x7132FD: emit_llvm__emit_mir_return (in /mnt/c/Users/Juan/Documents/GitHub/Mapanare/mapanare/self/mnc-stage1)
==77181== 
==77181== 26 bytes in 2 blocks are indirectly lost in loss record 438 of 793
==77181==    at 0x484D953: calloc (in /usr/libexec/valgrind/vgpreload_memcheck-amd64-linux.so)
==77181==    by 0x723DE9: __mn_alloc (in /mnt/c/Users/Juan/Documents/GitHub/Mapanare/mapanare/self/mnc-stage1)
==77181==    by 0x7249CE: __mn_str_concat (in /mnt/c/Users/Juan/Documents/GitHub/Mapanare/mapanare/self/mnc-stage1)
==77181==    by 0x59CDD9: lower__monomorphize_impl_methods (in /mnt/c/Users/Juan/Documents/GitHub/Mapanare/mapanare/self/mnc-stage1)
==77181== 
==77181== 26 bytes in 2 blocks are indirectly lost in loss record 439 of 793
==77181==    at 0x484D953: calloc (in /usr/libexec/valgrind/vgpreload_memcheck-amd64-linux.so)
==77181==    by 0x723DE9: __mn_alloc (in /mnt/c/Users/Juan/Documents/GitHub/Mapanare/mapanare/self/mnc-stage1)
==77181==    by 0x7249CE: __mn_str_concat (in /mnt/c/Users/Juan/Documents/GitHub/Mapanare/mapanare/self/mnc-stage1)
==77181==    by 0x59CE11: lower__monomorphize_impl_methods (in /mnt/c/Users/Juan/Documents/GitHub/Mapanare/mapanare/self/mnc-stage1)
==77181== 
==77181== 28 bytes in 14 blocks are indirectly lost in loss record 440 of 793
==77181==    at 0x484D953: calloc (in /usr/libexec/valgrind/vgpreload_memcheck-amd64-linux.so)
==77181==    by 0x723DE9: __mn_alloc (in /mnt/c/Users/Juan/Documents/GitHub/Mapanare/mapanare/self/mnc-stage1)
==77181==    by 0x7245AB: __mn_str_from_parts (in /mnt/c/Users/Juan/Documents/GitHub/Mapanare/mapanare/self/mnc-stage1)
==77181==    by 0x41FA94: lexer__scan_ident (in /mnt/c/Users/Juan/Documents/GitHub/Mapanare/mapanare/self/mnc-stage1)
==77181==    by 0x73C56F: ??? (in /mnt/c/Users/Juan/Documents/GitHub/Mapanare/mapanare/self/mnc-stage1)
==77181== 
==77181== 30 bytes in 3 blocks are indirectly lost in loss record 441 of 793
==77181==    at 0x484D953: calloc (in /usr/libexec/valgrind/vgpreload_memcheck-amd64-linux.so)
==77181==    by 0x723DE9: __mn_alloc (in /mnt/c/Users/Juan/Documents/GitHub/Mapanare/mapanare/self/mnc-stage1)
==77181==    by 0x7249CE: __mn_str_concat (in /mnt/c/Users/Juan/Documents/GitHub/Mapanare/mapanare/self/mnc-stage1)
==77181==    by 0x4CE52F: lower__bind_fn_params (in /mnt/c/Users/Juan/Documents/GitHub/Mapanare/mapanare/self/mnc-stage1)
==77181== 
==77181== 31 bytes in 1 blocks are indirectly lost in loss record 442 of 793
==77181==    at 0x484D953: calloc (in /usr/libexec/valgrind/vgpreload_memcheck-amd64-linux.so)
==77181==    by 0x723DE9: __mn_alloc (in /mnt/c/Users/Juan/Documents/GitHub/Mapanare/mapanare/self/mnc-stage1)
==77181==    by 0x7249CE: __mn_str_concat (in /mnt/c/Users/Juan/Documents/GitHub/Mapanare/mapanare/self/mnc-stage1)
==77181==    by 0x7202A7: emit_llvm__emit_mir_module (in /mnt/c/Users/Juan/Documents/GitHub/Mapanare/mapanare/self/mnc-stage1)
==77181== 
==77181== 31 bytes in 3 blocks are indirectly lost in loss record 443 of 793
==77181==    at 0x484D953: calloc (in /usr/libexec/valgrind/vgpreload_memcheck-amd64-linux.so)
==77181==    by 0x723DE9: __mn_alloc (in /mnt/c/Users/Juan/Documents/GitHub/Mapanare/mapanare/self/mnc-stage1)
==77181==    by 0x7245AB: __mn_str_from_parts (in /mnt/c/Users/Juan/Documents/GitHub/Mapanare/mapanare/self/mnc-stage1)
==77181==    by 0x4D0FB5: lower__lower_fn (in /mnt/c/Users/Juan/Documents/GitHub/Mapanare/mapanare/self/mnc-stage1)
==77181== 
==77181== 32 bytes in 1 blocks are indirectly lost in loss record 444 of 793
==77181==    at 0x484D953: calloc (in /usr/libexec/valgrind/vgpreload_memcheck-amd64-linux.so)
==77181==    by 0x723DE9: __mn_alloc (in /mnt/c/Users/Juan/Documents/GitHub/Mapanare/mapanare/self/mnc-stage1)
==77181==    by 0x7249CE: __mn_str_concat (in /mnt/c/Users/Juan/Documents/GitHub/Mapanare/mapanare/self/mnc-stage1)
==77181==    by 0x69BD05: emit_llvm__register_mir_struct (in /mnt/c/Users/Juan/Documents/GitHub/Mapanare/mapanare/self/mnc-stage1)
==77181==    by 0x3F: ???
==77181== 
==77181== 32 bytes in 2 blocks are indirectly lost in loss record 445 of 793
==77181==    at 0x4846828: malloc (in /usr/libexec/valgrind/vgpreload_memcheck-amd64-linux.so)
==77181==    by 0x43127C: parser__parse_method_args (in /mnt/c/Users/Juan/Documents/GitHub/Mapanare/mapanare/self/mnc-stage1)
==77181==    by 0x6A83E3F: ???
==77181==    by 0x62: ???
==77181==    by 0x7F: ???
==77181==    by 0x3F: ???
==77181== 
==77181== 32 bytes in 2 blocks are indirectly lost in loss record 446 of 793
==77181==    at 0x4846828: malloc (in /usr/libexec/valgrind/vgpreload_memcheck-amd64-linux.so)
==77181==    by 0x4DC4F0: lower__fix_self_param_type (in /mnt/c/Users/Juan/Documents/GitHub/Mapanare/mapanare/self/mnc-stage1)
==77181==    by 0x10000000000000F: ???
==77181== 
==77181== 32 bytes in 2 blocks are indirectly lost in loss record 447 of 793
==77181==    at 0x484D953: calloc (in /usr/libexec/valgrind/vgpreload_memcheck-amd64-linux.so)
==77181==    by 0x723DE9: __mn_alloc (in /mnt/c/Users/Juan/Documents/GitHub/Mapanare/mapanare/self/mnc-stage1)
==77181==    by 0x7249CE: __mn_str_concat (in /mnt/c/Users/Juan/Documents/GitHub/Mapanare/mapanare/self/mnc-stage1)
==77181==    by 0x713B9B: emit_llvm__emit_mir_return (in /mnt/c/Users/Juan/Documents/GitHub/Mapanare/mapanare/self/mnc-stage1)
==77181== 
==77181== 32 bytes in 2 blocks are definitely lost in loss record 448 of 793
==77181==    at 0x4846828: malloc (in /usr/libexec/valgrind/vgpreload_memcheck-amd64-linux.so)
==77181==    by 0x728B99: __mn_range (in /mnt/c/Users/Juan/Documents/GitHub/Mapanare/mapanare/self/mnc-stage1)
==77181==    by 0x42C419: parser__parse_fn_params_as_data (in /mnt/c/Users/Juan/Documents/GitHub/Mapanare/mapanare/self/mnc-stage1)
==77181==    by 0x62: ???
==77181== 
==77181== 32 bytes in 2 blocks are definitely lost in loss record 449 of 793
==77181==    at 0x4846828: malloc (in /usr/libexec/valgrind/vgpreload_memcheck-amd64-linux.so)
==77181==    by 0x728B99: __mn_range (in /mnt/c/Users/Juan/Documents/GitHub/Mapanare/mapanare/self/mnc-stage1)
==77181==    by 0x42EB95: parser__parse_block (in /mnt/c/Users/Juan/Documents/GitHub/Mapanare/mapanare/self/mnc-stage1)
==77181== 
==77181== 32 bytes in 2 blocks are definitely lost in loss record 450 of 793
==77181==    at 0x4846828: malloc (in /usr/libexec/valgrind/vgpreload_memcheck-amd64-linux.so)
==77181==    by 0x728B99: __mn_range (in /mnt/c/Users/Juan/Documents/GitHub/Mapanare/mapanare/self/mnc-stage1)
==77181==    by 0x42FA6B: parser__parse_expr (in /mnt/c/Users/Juan/Documents/GitHub/Mapanare/mapanare/self/mnc-stage1)
==77181==    by 0x6A83E3F: ???
==77181== 
==77181== 32 bytes in 2 blocks are definitely lost in loss record 451 of 793
==77181==    at 0x4846828: malloc (in /usr/libexec/valgrind/vgpreload_memcheck-amd64-linux.so)
==77181==    by 0x728B99: __mn_range (in /mnt/c/Users/Juan/Documents/GitHub/Mapanare/mapanare/self/mnc-stage1)
==77181==    by 0x46DF98: semantic__check_block (in /mnt/c/Users/Juan/Documents/GitHub/Mapanare/mapanare/self/mnc-stage1)
==77181== 
==77181== 32 bytes in 2 blocks are definitely lost in loss record 452 of 793
==77181==    at 0x4846828: malloc (in /usr/libexec/valgrind/vgpreload_memcheck-amd64-linux.so)
==77181==    by 0x728B99: __mn_range (in /mnt/c/Users/Juan/Documents/GitHub/Mapanare/mapanare/self/mnc-stage1)
==77181==    by 0x437E86: semantic__scope_lookup (in /mnt/c/Users/Juan/Documents/GitHub/Mapanare/mapanare/self/mnc-stage1)
==77181==    by 0xFFFFFFFFFF: ???
==77181==    by 0x6A65927: ???
==77181==    by 0x6A9C3FF: ???
==77181==    by 0x8: ???
==77181== 
==77181== 32 bytes in 2 blocks are definitely lost in loss record 453 of 793
==77181==    at 0x4846828: malloc (in /usr/libexec/valgrind/vgpreload_memcheck-amd64-linux.so)
==77181==    by 0x728B99: __mn_range (in /mnt/c/Users/Juan/Documents/GitHub/Mapanare/mapanare/self/mnc-stage1)
==77181==    by 0x4DE613: lower__lower_block_stmts (in /mnt/c/Users/Juan/Documents/GitHub/Mapanare/mapanare/self/mnc-stage1)
==77181== 
==77181== 32 bytes in 2 blocks are definitely lost in loss record 454 of 793
==77181==    at 0x4846828: malloc (in /usr/libexec/valgrind/vgpreload_memcheck-amd64-linux.so)
==77181==    by 0x728B99: __mn_range (in /mnt/c/Users/Juan/Documents/GitHub/Mapanare/mapanare/self/mnc-stage1)
==77181==    by 0x4A026B: lower_state__is_struct_name (in /mnt/c/Users/Juan/Documents/GitHub/Mapanare/mapanare/self/mnc-stage1)
==77181==    by 0x6AA0F7F: ???
==77181== 
==77181== 32 bytes in 2 blocks are definitely lost in loss record 455 of 793
==77181==    at 0x4846828: malloc (in /usr/libexec/valgrind/vgpreload_memcheck-amd64-linux.so)
==77181==    by 0x728B99: __mn_range (in /mnt/c/Users/Juan/Documents/GitHub/Mapanare/mapanare/self/mnc-stage1)
==77181==    by 0x4CD233: lower__collect_decorator_names (in /mnt/c/Users/Juan/Documents/GitHub/Mapanare/mapanare/self/mnc-stage1)
==77181==    by 0x6AA1FAF: ???
==77181== 
==77181== 32 bytes in 2 blocks are definitely lost in loss record 456 of 793
==77181==    at 0x4846828: malloc (in /usr/libexec/valgrind/vgpreload_memcheck-amd64-linux.so)
==77181==    by 0x728B99: __mn_range (in /mnt/c/Users/Juan/Documents/GitHub/Mapanare/mapanare/self/mnc-stage1)
==77181==    by 0x4A03E4: lower_state__get_struct_field_names (in /mnt/c/Users/Juan/Documents/GitHub/Mapanare/mapanare/self/mnc-stage1)
==77181==    by 0x6A22D3F: ???
==77181==    by 0x7: ???
==77181== 
==77181== 32 bytes in 2 blocks are definitely lost in loss record 457 of 793
==77181==    at 0x4846828: malloc (in /usr/libexec/valgrind/vgpreload_memcheck-amd64-linux.so)
==77181==    by 0x728B99: __mn_range (in /mnt/c/Users/Juan/Documents/GitHub/Mapanare/mapanare/self/mnc-stage1)
==77181==    by 0x679303: mir_opt__constant_fold_function (in /mnt/c/Users/Juan/Documents/GitHub/Mapanare/mapanare/self/mnc-stage1)
==77181==    by 0xF: ???
==77181== 
==77181== 32 bytes in 2 blocks are definitely lost in loss record 458 of 793
==77181==    at 0x4846828: malloc (in /usr/libexec/valgrind/vgpreload_memcheck-amd64-linux.so)
==77181==    by 0x728B99: __mn_range (in /mnt/c/Users/Juan/Documents/GitHub/Mapanare/mapanare/self/mnc-stage1)
==77181==    by 0x68CCAB: emit_llvm__find_function (in /mnt/c/Users/Juan/Documents/GitHub/Mapanare/mapanare/self/mnc-stage1)
==77181==    by 0x6A586E7: ???
==77181==    by 0x47: ???
==77181==    by 0x7: ???
==77181==    by 0x5: ???
==77181==    by 0x6ACB59F: ???
==77181==    by 0x6AA3E4F: ???
==77181==    by 0x800000000000000B: ???
==77181== 
==77181== 32 bytes in 2 blocks are definitely lost in loss record 459 of 793
==77181==    at 0x4846828: malloc (in /usr/libexec/valgrind/vgpreload_memcheck-amd64-linux.so)
==77181==    by 0x728B99: __mn_range (in /mnt/c/Users/Juan/Documents/GitHub/Mapanare/mapanare/self/mnc-stage1)
==77181==    by 0x68CCAB: emit_llvm__find_function (in /mnt/c/Users/Juan/Documents/GitHub/Mapanare/mapanare/self/mnc-stage1)
==77181==    by 0x6A5EB47: ???
==77181==    by 0x47: ???
==77181==    by 0x7: ???
==77181==    by 0x5: ???
==77181==    by 0x6ACB59F: ???
==77181==    by 0x6AA3E4F: ???
==77181==    by 0x800000000000000B: ???
==77181==    by 0x5800566F: ??? (in /usr/libexec/valgrind/memcheck-amd64-linux)
==77181== 
==77181== 33 bytes in 1 blocks are definitely lost in loss record 460 of 793
==77181==    at 0x484D953: calloc (in /usr/libexec/valgrind/vgpreload_memcheck-amd64-linux.so)
==77181==    by 0x723DE9: __mn_alloc (in /mnt/c/Users/Juan/Documents/GitHub/Mapanare/mapanare/self/mnc-stage1)
==77181==    by 0x7249CE: __mn_str_concat (in /mnt/c/Users/Juan/Documents/GitHub/Mapanare/mapanare/self/mnc-stage1)
==77181==    by 0x69825C: emit_llvm__declare_all_runtime (in /mnt/c/Users/Juan/Documents/GitHub/Mapanare/mapanare/self/mnc-stage1)
==77181== 
==77181== 33 bytes in 5 blocks are definitely lost in loss record 461 of 793
==77181==    at 0x484D953: calloc (in /usr/libexec/valgrind/vgpreload_memcheck-amd64-linux.so)
==77181==    by 0x723DE9: __mn_alloc (in /mnt/c/Users/Juan/Documents/GitHub/Mapanare/mapanare/self/mnc-stage1)
==77181==    by 0x7249CE: __mn_str_concat (in /mnt/c/Users/Juan/Documents/GitHub/Mapanare/mapanare/self/mnc-stage1)
==77181==    by 0x56A289: lower__lower_identifier (in /mnt/c/Users/Juan/Documents/GitHub/Mapanare/mapanare/self/mnc-stage1)
==77181== 
==77181== 34 bytes in 2 blocks are indirectly lost in loss record 462 of 793
==77181==    at 0x484D953: calloc (in /usr/libexec/valgrind/vgpreload_memcheck-amd64-linux.so)
==77181==    by 0x723DE9: __mn_alloc (in /mnt/c/Users/Juan/Documents/GitHub/Mapanare/mapanare/self/mnc-stage1)
==77181==    by 0x7249CE: __mn_str_concat (in /mnt/c/Users/Juan/Documents/GitHub/Mapanare/mapanare/self/mnc-stage1)
==77181==    by 0x722B43: emit_llvm__emit_mir_module (in /mnt/c/Users/Juan/Documents/GitHub/Mapanare/mapanare/self/mnc-stage1)
==77181==    by 0x3F: ???
==77181== 
==77181== 34 bytes in 2 blocks are indirectly lost in loss record 463 of 793
==77181==    at 0x484D953: calloc (in /usr/libexec/valgrind/vgpreload_memcheck-amd64-linux.so)
==77181==    by 0x723DE9: __mn_alloc (in /mnt/c/Users/Juan/Documents/GitHub/Mapanare/mapanare/self/mnc-stage1)
==77181==    by 0x7249CE: __mn_str_concat (in /mnt/c/Users/Juan/Documents/GitHub/Mapanare/mapanare/self/mnc-stage1)
==77181==    by 0x71BFEE: emit_llvm__emit_mir_function (in /mnt/c/Users/Juan/Documents/GitHub/Mapanare/mapanare/self/mnc-stage1)
==77181==    by 0x3F: ???
==77181== 
==77181== 34 bytes in 2 blocks are definitely lost in loss record 464 of 793
==77181==    at 0x484D953: calloc (in /usr/libexec/valgrind/vgpreload_memcheck-amd64-linux.so)
==77181==    by 0x723DE9: __mn_alloc (in /mnt/c/Users/Juan/Documents/GitHub/Mapanare/mapanare/self/mnc-stage1)
==77181==    by 0x7249CE: __mn_str_concat (in /mnt/c/Users/Juan/Documents/GitHub/Mapanare/mapanare/self/mnc-stage1)
==77181==    by 0x71CC74: emit_llvm__emit_mir_function (in /mnt/c/Users/Juan/Documents/GitHub/Mapanare/mapanare/self/mnc-stage1)
==77181==    by 0x3F: ???
==77181== 
==77181== 34 bytes in 2 blocks are definitely lost in loss record 465 of 793
==77181==    at 0x484D953: calloc (in /usr/libexec/valgrind/vgpreload_memcheck-amd64-linux.so)
==77181==    by 0x723DE9: __mn_alloc (in /mnt/c/Users/Juan/Documents/GitHub/Mapanare/mapanare/self/mnc-stage1)
==77181==    by 0x7249CE: __mn_str_concat (in /mnt/c/Users/Juan/Documents/GitHub/Mapanare/mapanare/self/mnc-stage1)
==77181==    by 0x71D667: emit_llvm__emit_mir_function (in /mnt/c/Users/Juan/Documents/GitHub/Mapanare/mapanare/self/mnc-stage1)
==77181==    by 0x3F: ???
==77181== 
==77181== 34 bytes in 2 blocks are definitely lost in loss record 466 of 793
==77181==    at 0x484D953: calloc (in /usr/libexec/valgrind/vgpreload_memcheck-amd64-linux.so)
==77181==    by 0x723DE9: __mn_alloc (in /mnt/c/Users/Juan/Documents/GitHub/Mapanare/mapanare/self/mnc-stage1)
==77181==    by 0x7249CE: __mn_str_concat (in /mnt/c/Users/Juan/Documents/GitHub/Mapanare/mapanare/self/mnc-stage1)
==77181==    by 0x6B61F7: emit_llvm__emit_struct_init (in /mnt/c/Users/Juan/Documents/GitHub/Mapanare/mapanare/self/mnc-stage1)
==77181==    by 0x3F: ???
==77181== 
==77181== 35 bytes in 1 blocks are definitely lost in loss record 467 of 793
==77181==    at 0x484D953: calloc (in /usr/libexec/valgrind/vgpreload_memcheck-amd64-linux.so)
==77181==    by 0x723DE9: __mn_alloc (in /mnt/c/Users/Juan/Documents/GitHub/Mapanare/mapanare/self/mnc-stage1)
==77181==    by 0x7249CE: __mn_str_concat (in /mnt/c/Users/Juan/Documents/GitHub/Mapanare/mapanare/self/mnc-stage1)
==77181==    by 0x692658: emit_llvm__declare_all_runtime (in /mnt/c/Users/Juan/Documents/GitHub/Mapanare/mapanare/self/mnc-stage1)
==77181== 
==77181== 36 bytes in 1 blocks are indirectly lost in loss record 468 of 793
==77181==    at 0x484D953: calloc (in /usr/libexec/valgrind/vgpreload_memcheck-amd64-linux.so)
==77181==    by 0x723DE9: __mn_alloc (in /mnt/c/Users/Juan/Documents/GitHub/Mapanare/mapanare/self/mnc-stage1)
==77181==    by 0x7249CE: __mn_str_concat (in /mnt/c/Users/Juan/Documents/GitHub/Mapanare/mapanare/self/mnc-stage1)
==77181==    by 0x72035A: emit_llvm__emit_mir_module (in /mnt/c/Users/Juan/Documents/GitHub/Mapanare/mapanare/self/mnc-stage1)
==77181== 
==77181== 36 bytes in 18 blocks are definitely lost in loss record 469 of 793
==77181==    at 0x484D953: calloc (in /usr/libexec/valgrind/vgpreload_memcheck-amd64-linux.so)
==77181==    by 0x723DE9: __mn_alloc (in /mnt/c/Users/Juan/Documents/GitHub/Mapanare/mapanare/self/mnc-stage1)
==77181==    by 0x7245AB: __mn_str_from_parts (in /mnt/c/Users/Juan/Documents/GitHub/Mapanare/mapanare/self/mnc-stage1)
==77181==    by 0x413A46: dir_of_path (in /mnt/c/Users/Juan/Documents/GitHub/Mapanare/mapanare/self/mnc-stage1)
==77181== 
==77181== 36 bytes in 18 blocks are definitely lost in loss record 470 of 793
==77181==    at 0x484D953: calloc (in /usr/libexec/valgrind/vgpreload_memcheck-amd64-linux.so)
==77181==    by 0x723DE9: __mn_alloc (in /mnt/c/Users/Juan/Documents/GitHub/Mapanare/mapanare/self/mnc-stage1)
==77181==    by 0x7245AB: __mn_str_from_parts (in /mnt/c/Users/Juan/Documents/GitHub/Mapanare/mapanare/self/mnc-stage1)
==77181==    by 0x413D28: basename_of (in /mnt/c/Users/Juan/Documents/GitHub/Mapanare/mapanare/self/mnc-stage1)
==77181==    by 0xF: ???
==77181==    by 0x6A7619F: ???
==77181==    by 0x4A: ???
==77181== 
==77181== 38 bytes in 1 blocks are indirectly lost in loss record 471 of 793
==77181==    at 0x484D953: calloc (in /usr/libexec/valgrind/vgpreload_memcheck-amd64-linux.so)
==77181==    by 0x723DE9: __mn_alloc (in /mnt/c/Users/Juan/Documents/GitHub/Mapanare/mapanare/self/mnc-stage1)
==77181==    by 0x7245AB: __mn_str_from_parts (in /mnt/c/Users/Juan/Documents/GitHub/Mapanare/mapanare/self/mnc-stage1)
==77181==    by 0x68D511: emit_llvm__declare_runtime_fn (in /mnt/c/Users/Juan/Documents/GitHub/Mapanare/mapanare/self/mnc-stage1)
==77181==    by 0x2: ???
==77181==    by 0x6AC02CF: ???
==77181==    by 0xF: ???
==77181== 
==77181== 39 bytes in 3 blocks are definitely lost in loss record 472 of 793
==77181==    at 0x484D953: calloc (in /usr/libexec/valgrind/vgpreload_memcheck-amd64-linux.so)
==77181==    by 0x723DE9: __mn_alloc (in /mnt/c/Users/Juan/Documents/GitHub/Mapanare/mapanare/self/mnc-stage1)
==77181==    by 0x7249CE: __mn_str_concat (in /mnt/c/Users/Juan/Documents/GitHub/Mapanare/mapanare/self/mnc-stage1)
==77181==    by 0x5D97E7: lower__lower_method_call (in /mnt/c/Users/Juan/Documents/GitHub/Mapanare/mapanare/self/mnc-stage1)
==77181== 
==77181== 40 bytes in 2 blocks are indirectly lost in loss record 473 of 793
==77181==    at 0x484D953: calloc (in /usr/libexec/valgrind/vgpreload_memcheck-amd64-linux.so)
==77181==    by 0x723DE9: __mn_alloc (in /mnt/c/Users/Juan/Documents/GitHub/Mapanare/mapanare/self/mnc-stage1)
==77181==    by 0x7249CE: __mn_str_concat (in /mnt/c/Users/Juan/Documents/GitHub/Mapanare/mapanare/self/mnc-stage1)
==77181==    by 0x59DD62: lower__monomorphize_impl_methods (in /mnt/c/Users/Juan/Documents/GitHub/Mapanare/mapanare/self/mnc-stage1)
==77181== 
==77181== 40 bytes in 1 blocks are definitely lost in loss record 474 of 793
==77181==    at 0x4846828: malloc (in /usr/libexec/valgrind/vgpreload_memcheck-amd64-linux.so)
==77181==    by 0x4326DA: parser__parse_struct_fields_to_list (in /mnt/c/Users/Juan/Documents/GitHub/Mapanare/mapanare/self/mnc-stage1)
==77181==    by 0x7F: ???
==77181==    by 0x6A8C10F: ???
==77181==    by 0x6A83E3F: ???
==77181==    by 0x62: ???
==77181==    by 0x7F: ???
==77181==    by 0x3F: ???
==77181== 
==77181== 40 bytes in 1 blocks are definitely lost in loss record 475 of 793
==77181==    at 0x4846828: malloc (in /usr/libexec/valgrind/vgpreload_memcheck-amd64-linux.so)
==77181==    by 0x4326DA: parser__parse_struct_fields_to_list (in /mnt/c/Users/Juan/Documents/GitHub/Mapanare/mapanare/self/mnc-stage1)
==77181==    by 0x62: ???
==77181==    by 0x6A8D39F: ???
==77181==    by 0x6A83E3F: ???
==77181==    by 0x62: ???
==77181==    by 0x7F: ???
==77181==    by 0x3F: ???
==77181== 
==77181== 44 bytes in 2 blocks are indirectly lost in loss record 476 of 793
==77181==    at 0x484D953: calloc (in /usr/libexec/valgrind/vgpreload_memcheck-amd64-linux.so)
==77181==    by 0x723DE9: __mn_alloc (in /mnt/c/Users/Juan/Documents/GitHub/Mapanare/mapanare/self/mnc-stage1)
==77181==    by 0x7249CE: __mn_str_concat (in /mnt/c/Users/Juan/Documents/GitHub/Mapanare/mapanare/self/mnc-stage1)
==77181==    by 0x6AA99A: emit_llvm__emit_const (in /mnt/c/Users/Juan/Documents/GitHub/Mapanare/mapanare/self/mnc-stage1)
==77181==    by 0x800000000000000F: ???
==77181== 
==77181== 48 bytes in 1 blocks are indirectly lost in loss record 477 of 793
==77181==    at 0x4846828: malloc (in /usr/libexec/valgrind/vgpreload_memcheck-amd64-linux.so)
==77181==    by 0x432865: parser__parse_struct_construct (in /mnt/c/Users/Juan/Documents/GitHub/Mapanare/mapanare/self/mnc-stage1)
==77181==    by 0x6A8BDBF: ???
==77181==    by 0x8000000000000002: ???
==77181==    by 0x6A82C5F: ???
==77181== 
==77181== 48 bytes in 1 blocks are indirectly lost in loss record 478 of 793
==77181==    at 0x4846828: malloc (in /usr/libexec/valgrind/vgpreload_memcheck-amd64-linux.so)
==77181==    by 0x432865: parser__parse_struct_construct (in /mnt/c/Users/Juan/Documents/GitHub/Mapanare/mapanare/self/mnc-stage1)
==77181== 
==77181== 48 bytes in 2 blocks are indirectly lost in loss record 479 of 793
==77181==    at 0x4846828: malloc (in /usr/libexec/valgrind/vgpreload_memcheck-amd64-linux.so)
==77181==    by 0x42F608: parser__parse_return_stmt (in /mnt/c/Users/Juan/Documents/GitHub/Mapanare/mapanare/self/mnc-stage1)
==77181==    by 0x3F: ???
==77181== 
==77181== 48 bytes in 3 blocks are indirectly lost in loss record 480 of 793
==77181==    at 0x4846828: malloc (in /usr/libexec/valgrind/vgpreload_memcheck-amd64-linux.so)
==77181==    by 0x431081: parser__parse_call_args (in /mnt/c/Users/Juan/Documents/GitHub/Mapanare/mapanare/self/mnc-stage1)
==77181==    by 0x6A83E3F: ???
==77181==    by 0x62: ???
==77181==    by 0x7F: ???
==77181==    by 0x3F: ???
==77181== 
==77181== 48 bytes in 3 blocks are indirectly lost in loss record 481 of 793
==77181==    at 0x4846828: malloc (in /usr/libexec/valgrind/vgpreload_memcheck-amd64-linux.so)
==77181==    by 0x42F15E: parser__parse_stmt (in /mnt/c/Users/Juan/Documents/GitHub/Mapanare/mapanare/self/mnc-stage1)
==77181==    by 0x3F: ???
==77181== 
==77181== 48 bytes in 3 blocks are definitely lost in loss record 482 of 793
==77181==    at 0x4846828: malloc (in /usr/libexec/valgrind/vgpreload_memcheck-amd64-linux.so)
==77181==    by 0x728B99: __mn_range (in /mnt/c/Users/Juan/Documents/GitHub/Mapanare/mapanare/self/mnc-stage1)
==77181==    by 0x430E1A: parser__parse_call_args (in /mnt/c/Users/Juan/Documents/GitHub/Mapanare/mapanare/self/mnc-stage1)
==77181==    by 0x6A83E3F: ???
==77181==    by 0x62: ???
==77181==    by 0x7F: ???
==77181==    by 0x3F: ???
==77181== 
==77181== 48 bytes in 3 blocks are definitely lost in loss record 483 of 793
==77181==    at 0x4846828: malloc (in /usr/libexec/valgrind/vgpreload_memcheck-amd64-linux.so)
==77181==    by 0x728B99: __mn_range (in /mnt/c/Users/Juan/Documents/GitHub/Mapanare/mapanare/self/mnc-stage1)
==77181==    by 0x481942: semantic__check_fn_body (in /mnt/c/Users/Juan/Documents/GitHub/Mapanare/mapanare/self/mnc-stage1)
==77181== 
==77181== 48 bytes in 3 blocks are definitely lost in loss record 484 of 793
==77181==    at 0x4846828: malloc (in /usr/libexec/valgrind/vgpreload_memcheck-amd64-linux.so)
==77181==    by 0x728B99: __mn_range (in /mnt/c/Users/Juan/Documents/GitHub/Mapanare/mapanare/self/mnc-stage1)
==77181==    by 0x43EC34: semantic__infer_expr (in /mnt/c/Users/Juan/Documents/GitHub/Mapanare/mapanare/self/mnc-stage1)
==77181==    by 0x6A9C72F: ???
==77181== 
==77181== 48 bytes in 3 blocks are definitely lost in loss record 485 of 793
==77181==    at 0x4846828: malloc (in /usr/libexec/valgrind/vgpreload_memcheck-amd64-linux.so)
==77181==    by 0x728B99: __mn_range (in /mnt/c/Users/Juan/Documents/GitHub/Mapanare/mapanare/self/mnc-stage1)
==77181==    by 0x595383: lower__find_generic_struct (in /mnt/c/Users/Juan/Documents/GitHub/Mapanare/mapanare/self/mnc-stage1)
==77181== 
==77181== 48 bytes in 3 blocks are definitely lost in loss record 486 of 793
==77181==    at 0x4846828: malloc (in /usr/libexec/valgrind/vgpreload_memcheck-amd64-linux.so)
==77181==    by 0x728B99: __mn_range (in /mnt/c/Users/Juan/Documents/GitHub/Mapanare/mapanare/self/mnc-stage1)
==77181==    by 0x4CC9DE: lower__build_mir_params (in /mnt/c/Users/Juan/Documents/GitHub/Mapanare/mapanare/self/mnc-stage1)
==77181== 
==77181== 48 bytes in 3 blocks are definitely lost in loss record 487 of 793
==77181==    at 0x4846828: malloc (in /usr/libexec/valgrind/vgpreload_memcheck-amd64-linux.so)
==77181==    by 0x728B99: __mn_range (in /mnt/c/Users/Juan/Documents/GitHub/Mapanare/mapanare/self/mnc-stage1)
==77181==    by 0x4CDB49: lower__bind_fn_params (in /mnt/c/Users/Juan/Documents/GitHub/Mapanare/mapanare/self/mnc-stage1)
==77181== 
==77181== 48 bytes in 3 blocks are definitely lost in loss record 488 of 793
==77181==    at 0x4846828: malloc (in /usr/libexec/valgrind/vgpreload_memcheck-amd64-linux.so)
==77181==    by 0x728B99: __mn_range (in /mnt/c/Users/Juan/Documents/GitHub/Mapanare/mapanare/self/mnc-stage1)
==77181==    by 0x678E3F: mir_opt__constant_fold_block (in /mnt/c/Users/Juan/Documents/GitHub/Mapanare/mapanare/self/mnc-stage1)
==77181== 
==77181== 51 bytes in 3 blocks are definitely lost in loss record 489 of 793
==77181==    at 0x484D953: calloc (in /usr/libexec/valgrind/vgpreload_memcheck-amd64-linux.so)
==77181==    by 0x723DE9: __mn_alloc (in /mnt/c/Users/Juan/Documents/GitHub/Mapanare/mapanare/self/mnc-stage1)
==77181==    by 0x7249CE: __mn_str_concat (in /mnt/c/Users/Juan/Documents/GitHub/Mapanare/mapanare/self/mnc-stage1)
==77181==    by 0x703906: emit_llvm__emit_mir_call (in /mnt/c/Users/Juan/Documents/GitHub/Mapanare/mapanare/self/mnc-stage1)
==77181==    by 0x3F: ???
==77181== 
==77181== 52 bytes in 1 blocks are indirectly lost in loss record 490 of 793
==77181==    at 0x484D953: calloc (in /usr/libexec/valgrind/vgpreload_memcheck-amd64-linux.so)
==77181==    by 0x723DE9: __mn_alloc (in /mnt/c/Users/Juan/Documents/GitHub/Mapanare/mapanare/self/mnc-stage1)
==77181==    by 0x7249CE: __mn_str_concat (in /mnt/c/Users/Juan/Documents/GitHub/Mapanare/mapanare/self/mnc-stage1)
==77181==    by 0x689294: emit_llvm_ir__emit_extractvalue (in /mnt/c/Users/Juan/Documents/GitHub/Mapanare/mapanare/self/mnc-stage1)
==77181== 
==77181== 54 bytes in 1 blocks are indirectly lost in loss record 491 of 793
==77181==    at 0x484D953: calloc (in /usr/libexec/valgrind/vgpreload_memcheck-amd64-linux.so)
==77181==    by 0x723DE9: __mn_alloc (in /mnt/c/Users/Juan/Documents/GitHub/Mapanare/mapanare/self/mnc-stage1)
==77181==    by 0x7245AB: __mn_str_from_parts (in /mnt/c/Users/Juan/Documents/GitHub/Mapanare/mapanare/self/mnc-stage1)
==77181==    by 0x68D511: emit_llvm__declare_runtime_fn (in /mnt/c/Users/Juan/Documents/GitHub/Mapanare/mapanare/self/mnc-stage1)
==77181==    by 0x9: ???
==77181==    by 0x6AB433F: ???
==77181==    by 0xF: ???
==77181== 
==77181== 56 bytes in 1 blocks are indirectly lost in loss record 492 of 793
==77181==    at 0x4846828: malloc (in /usr/libexec/valgrind/vgpreload_memcheck-amd64-linux.so)
==77181==    by 0x4780C8: semantic__register_def (in /mnt/c/Users/Juan/Documents/GitHub/Mapanare/mapanare/self/mnc-stage1)
==77181== 
==77181== 56 bytes in 1 blocks are definitely lost in loss record 493 of 793
==77181==    at 0x484D953: calloc (in /usr/libexec/valgrind/vgpreload_memcheck-amd64-linux.so)
==77181==    by 0x415B0F: compile (in /mnt/c/Users/Juan/Documents/GitHub/Mapanare/mapanare/self/mnc-stage1)
==77181== 
==77181== 56 bytes in 1 blocks are definitely lost in loss record 494 of 793
==77181==    at 0x4846828: malloc (in /usr/libexec/valgrind/vgpreload_memcheck-amd64-linux.so)
==77181==    by 0x48A513: semantic__register_builtins (in /mnt/c/Users/Juan/Documents/GitHub/Mapanare/mapanare/self/mnc-stage1)
==77181== 
==77181== 56 bytes in 1 blocks are definitely lost in loss record 495 of 793
==77181==    at 0x4846828: malloc (in /usr/libexec/valgrind/vgpreload_memcheck-amd64-linux.so)
==77181==    by 0x497D52: semantic__register_builtins (in /mnt/c/Users/Juan/Documents/GitHub/Mapanare/mapanare/self/mnc-stage1)
==77181== 
==77181== 57 bytes in 1 blocks are indirectly lost in loss record 496 of 793
==77181==    at 0x484D953: calloc (in /usr/libexec/valgrind/vgpreload_memcheck-amd64-linux.so)
==77181==    by 0x723DE9: __mn_alloc (in /mnt/c/Users/Juan/Documents/GitHub/Mapanare/mapanare/self/mnc-stage1)
==77181==    by 0x7249CE: __mn_str_concat (in /mnt/c/Users/Juan/Documents/GitHub/Mapanare/mapanare/self/mnc-stage1)
==77181==    by 0x688CB5: emit_llvm_ir__emit_call_ir (in /mnt/c/Users/Juan/Documents/GitHub/Mapanare/mapanare/self/mnc-stage1)
==77181==    by 0x6ACB59F: ???
==77181==    by 0x8000000000000004: ???
==77181==    by 0x800000000000000C: ???
==77181==    by 0x800000000000000F: ???
==77181==    by 0x8000000000000011: ???
==77181==    by 0x800000000000001D: ???
==77181==    by 0x800000000000001E: ???
==77181==    by 0x8000000000000036: ???
==77181==    by 0x6AD24DF: ???
==77181==    by 0x5: ???
==77181==    by 0x6AD253F: ???
==77181==    by 0x800000000000000F: ???
==77181==    by 0x7: ???
==77181==    by 0xF: ???
==77181==    by 0x6ACBC4F: ???
==77181== 
==77181== 58 bytes in 1 blocks are definitely lost in loss record 497 of 793
==77181==    at 0x484D953: calloc (in /usr/libexec/valgrind/vgpreload_memcheck-amd64-linux.so)
==77181==    by 0x723DE9: __mn_alloc (in /mnt/c/Users/Juan/Documents/GitHub/Mapanare/mapanare/self/mnc-stage1)
==77181==    by 0x7245AB: __mn_str_from_parts (in /mnt/c/Users/Juan/Documents/GitHub/Mapanare/mapanare/self/mnc-stage1)
==77181==    by 0x413A7B: dir_of_path (in /mnt/c/Users/Juan/Documents/GitHub/Mapanare/mapanare/self/mnc-stage1)
==77181== 
==77181== 59 bytes in 1 blocks are indirectly lost in loss record 498 of 793
==77181==    at 0x484D953: calloc (in /usr/libexec/valgrind/vgpreload_memcheck-amd64-linux.so)
==77181==    by 0x723DE9: __mn_alloc (in /mnt/c/Users/Juan/Documents/GitHub/Mapanare/mapanare/self/mnc-stage1)
==77181==    by 0x7249CE: __mn_str_concat (in /mnt/c/Users/Juan/Documents/GitHub/Mapanare/mapanare/self/mnc-stage1)
==77181==    by 0x688CB5: emit_llvm_ir__emit_call_ir (in /mnt/c/Users/Juan/Documents/GitHub/Mapanare/mapanare/self/mnc-stage1)
==77181==    by 0x6ACB59F: ???
==77181==    by 0x8000000000000005: ???
==77181==    by 0x800000000000000D: ???
==77181==    by 0x8000000000000010: ???
==77181==    by 0x8000000000000012: ???
==77181==    by 0x800000000000001E: ???
==77181==    by 0x800000000000001F: ???
==77181==    by 0x8000000000000038: ???
==77181==    by 0x6AD514F: ???
==77181==    by 0x5: ???
==77181==    by 0x6AD51BF: ???
==77181==    by 0x800000000000000F: ???
==77181==    by 0x7: ???
==77181==    by 0xF: ???
==77181==    by 0x6ACBC4F: ???
==77181== 
==77181== 62 bytes in 31 blocks are definitely lost in loss record 499 of 793
==77181==    at 0x484D953: calloc (in /usr/libexec/valgrind/vgpreload_memcheck-amd64-linux.so)
==77181==    by 0x723DE9: __mn_alloc (in /mnt/c/Users/Juan/Documents/GitHub/Mapanare/mapanare/self/mnc-stage1)
==77181==    by 0x7245AB: __mn_str_from_parts (in /mnt/c/Users/Juan/Documents/GitHub/Mapanare/mapanare/self/mnc-stage1)
==77181==    by 0x41FA94: lexer__scan_ident (in /mnt/c/Users/Juan/Documents/GitHub/Mapanare/mapanare/self/mnc-stage1)
==77181==    by 0x73C56F: ??? (in /mnt/c/Users/Juan/Documents/GitHub/Mapanare/mapanare/self/mnc-stage1)
==77181== 
==77181== 64 bytes in 1 blocks are indirectly lost in loss record 500 of 793
==77181==    at 0x4846828: malloc (in /usr/libexec/valgrind/vgpreload_memcheck-amd64-linux.so)
==77181==    by 0x42F454: parser__parse_let_stmt (in /mnt/c/Users/Juan/Documents/GitHub/Mapanare/mapanare/self/mnc-stage1)
==77181== 
==77181== 64 bytes in 1 blocks are indirectly lost in loss record 501 of 793
==77181==    at 0x4846828: malloc (in /usr/libexec/valgrind/vgpreload_memcheck-amd64-linux.so)
==77181==    by 0x431584: parser__parse_method_args (in /mnt/c/Users/Juan/Documents/GitHub/Mapanare/mapanare/self/mnc-stage1)
==77181==    by 0x6A83E3F: ???
==77181==    by 0x62: ???
==77181==    by 0x7F: ???
==77181==    by 0x3F: ???
==77181== 
==77181== 64 bytes in 1 blocks are indirectly lost in loss record 502 of 793
==77181==    at 0x4846828: malloc (in /usr/libexec/valgrind/vgpreload_memcheck-amd64-linux.so)
==77181==    by 0x42F454: parser__parse_let_stmt (in /mnt/c/Users/Juan/Documents/GitHub/Mapanare/mapanare/self/mnc-stage1)
==77181==    by 0x6A83E3F: ???
==77181== 
==77181== 64 bytes in 4 blocks are indirectly lost in loss record 503 of 793
==77181==    at 0x4846828: malloc (in /usr/libexec/valgrind/vgpreload_memcheck-amd64-linux.so)
==77181==    by 0x436607: parser__parse_type_expr (in /mnt/c/Users/Juan/Documents/GitHub/Mapanare/mapanare/self/mnc-stage1)
==77181==    by 0x62: ???
==77181==    by 0x6A83E3F: ???
==77181==    by 0x62: ???
==77181==    by 0x7F: ???
==77181==    by 0x3F: ???
==77181== 
==77181== 64 bytes in 4 blocks are definitely lost in loss record 504 of 793
==77181==    at 0x4846828: malloc (in /usr/libexec/valgrind/vgpreload_memcheck-amd64-linux.so)
==77181==    by 0x728B99: __mn_range (in /mnt/c/Users/Juan/Documents/GitHub/Mapanare/mapanare/self/mnc-stage1)
==77181==    by 0x42308E: parser__skip_semis (in /mnt/c/Users/Juan/Documents/GitHub/Mapanare/mapanare/self/mnc-stage1)
==77181== 
==77181== 66 bytes in 1 blocks are indirectly lost in loss record 505 of 793
==77181==    at 0x484D953: calloc (in /usr/libexec/valgrind/vgpreload_memcheck-amd64-linux.so)
==77181==    by 0x723DE9: __mn_alloc (in /mnt/c/Users/Juan/Documents/GitHub/Mapanare/mapanare/self/mnc-stage1)
==77181==    by 0x7249CE: __mn_str_concat (in /mnt/c/Users/Juan/Documents/GitHub/Mapanare/mapanare/self/mnc-stage1)
==77181==    by 0x688CB5: emit_llvm_ir__emit_call_ir (in /mnt/c/Users/Juan/Documents/GitHub/Mapanare/mapanare/self/mnc-stage1)
==77181==    by 0x6ACB59F: ???
==77181==    by 0x8000000000000004: ???
==77181==    by 0x800000000000000C: ???
==77181==    by 0x800000000000000F: ???
==77181==    by 0x8000000000000011: ???
==77181==    by 0x800000000000001D: ???
==77181==    by 0x800000000000001E: ???
==77181==    by 0x800000000000003F: ???
==77181==    by 0x6AD326F: ???
==77181==    by 0x5: ???
==77181==    by 0x6AD32CF: ???
==77181==    by 0x2: ???
==77181==    by 0x7: ???
==77181==    by 0xF: ???
==77181==    by 0x7407FF: ??? (in /mnt/c/Users/Juan/Documents/GitHub/Mapanare/mapanare/self/mnc-stage1)
==77181== 
==77181== 66 bytes in 2 blocks are indirectly lost in loss record 506 of 793
==77181==    at 0x484D953: calloc (in /usr/libexec/valgrind/vgpreload_memcheck-amd64-linux.so)
==77181==    by 0x723DE9: __mn_alloc (in /mnt/c/Users/Juan/Documents/GitHub/Mapanare/mapanare/self/mnc-stage1)
==77181==    by 0x7245AB: __mn_str_from_parts (in /mnt/c/Users/Juan/Documents/GitHub/Mapanare/mapanare/self/mnc-stage1)
==77181==    by 0x68D511: emit_llvm__declare_runtime_fn (in /mnt/c/Users/Juan/Documents/GitHub/Mapanare/mapanare/self/mnc-stage1)
==77181==    by 0x3: ???
==77181==    by 0x6AB934F: ???
==77181==    by 0xF: ???
==77181== 
==77181== 66 bytes in 11 blocks are indirectly lost in loss record 507 of 793
==77181==    at 0x484D953: calloc (in /usr/libexec/valgrind/vgpreload_memcheck-amd64-linux.so)
==77181==    by 0x723DE9: __mn_alloc (in /mnt/c/Users/Juan/Documents/GitHub/Mapanare/mapanare/self/mnc-stage1)
==77181==    by 0x7249CE: __mn_str_concat (in /mnt/c/Users/Juan/Documents/GitHub/Mapanare/mapanare/self/mnc-stage1)
==77181==    by 0x499B12: lower_state__fresh_tmp (in /mnt/c/Users/Juan/Documents/GitHub/Mapanare/mapanare/self/mnc-stage1)
==77181==    by 0xFFFFFFFFFFFF: ???
==77181==    by 0x6AA154F: ???
==77181==    by 0x73ECC7: ??? (in /mnt/c/Users/Juan/Documents/GitHub/Mapanare/mapanare/self/mnc-stage1)
==77181== 
==77181== 71 bytes in 2 blocks are indirectly lost in loss record 508 of 793
==77181==    at 0x484D953: calloc (in /usr/libexec/valgrind/vgpreload_memcheck-amd64-linux.so)
==77181==    by 0x723DE9: __mn_alloc (in /mnt/c/Users/Juan/Documents/GitHub/Mapanare/mapanare/self/mnc-stage1)
==77181==    by 0x7249CE: __mn_str_concat (in /mnt/c/Users/Juan/Documents/GitHub/Mapanare/mapanare/self/mnc-stage1)
==77181==    by 0x6B6D4E: emit_llvm__emit_struct_init (in /mnt/c/Users/Juan/Documents/GitHub/Mapanare/mapanare/self/mnc-stage1)
==77181==    by 0x3F: ???
==77181== 
==77181== 74 bytes in 1 blocks are indirectly lost in loss record 509 of 793
==77181==    at 0x484D953: calloc (in /usr/libexec/valgrind/vgpreload_memcheck-amd64-linux.so)
==77181==    by 0x723DE9: __mn_alloc (in /mnt/c/Users/Juan/Documents/GitHub/Mapanare/mapanare/self/mnc-stage1)
==77181==    by 0x7249CE: __mn_str_concat (in /mnt/c/Users/Juan/Documents/GitHub/Mapanare/mapanare/self/mnc-stage1)
==77181==    by 0x68D511: emit_llvm__declare_runtime_fn (in /mnt/c/Users/Juan/Documents/GitHub/Mapanare/mapanare/self/mnc-stage1)
==77181==    by 0x18: ???
==77181==    by 0x6AB59DF: ???
==77181==    by 0xF: ???
==77181== 
==77181== 75 bytes in 1 blocks are indirectly lost in loss record 510 of 793
==77181==    at 0x484D953: calloc (in /usr/libexec/valgrind/vgpreload_memcheck-amd64-linux.so)
==77181==    by 0x723DE9: __mn_alloc (in /mnt/c/Users/Juan/Documents/GitHub/Mapanare/mapanare/self/mnc-stage1)
==77181==    by 0x7249CE: __mn_str_concat (in /mnt/c/Users/Juan/Documents/GitHub/Mapanare/mapanare/self/mnc-stage1)
==77181==    by 0x68D511: emit_llvm__declare_runtime_fn (in /mnt/c/Users/Juan/Documents/GitHub/Mapanare/mapanare/self/mnc-stage1)
==77181==    by 0x5: ???
==77181==    by 0x6AB59DF: ???
==77181==    by 0xF: ???
==77181== 
==77181== 76 bytes in 1 blocks are indirectly lost in loss record 511 of 793
==77181==    at 0x484D953: calloc (in /usr/libexec/valgrind/vgpreload_memcheck-amd64-linux.so)
==77181==    by 0x723DE9: __mn_alloc (in /mnt/c/Users/Juan/Documents/GitHub/Mapanare/mapanare/self/mnc-stage1)
==77181==    by 0x7244D2: __mn_str_from_cstr (in /mnt/c/Users/Juan/Documents/GitHub/Mapanare/mapanare/self/mnc-stage1)
==77181==    by 0x418B0A: mn_main (in /mnt/c/Users/Juan/Documents/GitHub/Mapanare/mapanare/self/mnc-stage1)
==77181==    by 0x4989A63: clone (clone.S:100)
==77181== 
==77181== 78 bytes in 1 blocks are indirectly lost in loss record 512 of 793
==77181==    at 0x484D953: calloc (in /usr/libexec/valgrind/vgpreload_memcheck-amd64-linux.so)
==77181==    by 0x723DE9: __mn_alloc (in /mnt/c/Users/Juan/Documents/GitHub/Mapanare/mapanare/self/mnc-stage1)
==77181==    by 0x7249CE: __mn_str_concat (in /mnt/c/Users/Juan/Documents/GitHub/Mapanare/mapanare/self/mnc-stage1)
==77181==    by 0x68D511: emit_llvm__declare_runtime_fn (in /mnt/c/Users/Juan/Documents/GitHub/Mapanare/mapanare/self/mnc-stage1)
==77181==    by 0x1: ???
==77181==    by 0x6AC02CF: ???
==77181==    by 0xF: ???
==77181== 
==77181== 80 bytes in 1 blocks are indirectly lost in loss record 513 of 793
==77181==    at 0x4846828: malloc (in /usr/libexec/valgrind/vgpreload_memcheck-amd64-linux.so)
==77181==    by 0x42D81C: parser__parse_impl_def (in /mnt/c/Users/Juan/Documents/GitHub/Mapanare/mapanare/self/mnc-stage1)
==77181==    by 0x3F: ???
==77181== 
==77181== 80 bytes in 1 blocks are indirectly lost in loss record 514 of 793
==77181==    at 0x484D953: calloc (in /usr/libexec/valgrind/vgpreload_memcheck-amd64-linux.so)
==77181==    by 0x723DE9: __mn_alloc (in /mnt/c/Users/Juan/Documents/GitHub/Mapanare/mapanare/self/mnc-stage1)
==77181==    by 0x7249CE: __mn_str_concat (in /mnt/c/Users/Juan/Documents/GitHub/Mapanare/mapanare/self/mnc-stage1)
==77181==    by 0x68D511: emit_llvm__declare_runtime_fn (in /mnt/c/Users/Juan/Documents/GitHub/Mapanare/mapanare/self/mnc-stage1)
==77181==    by 0x9: ???
==77181== 
==77181== 80 bytes in 1 blocks are definitely lost in loss record 515 of 793
==77181==    at 0x484D953: calloc (in /usr/libexec/valgrind/vgpreload_memcheck-amd64-linux.so)
==77181==    by 0x723DE9: __mn_alloc (in /mnt/c/Users/Juan/Documents/GitHub/Mapanare/mapanare/self/mnc-stage1)
==77181==    by 0x725AFA: __mn_list_push (in /mnt/c/Users/Juan/Documents/GitHub/Mapanare/mapanare/self/mnc-stage1)
==77181==    by 0x4D333F: lower__lower_fn (in /mnt/c/Users/Juan/Documents/GitHub/Mapanare/mapanare/self/mnc-stage1)
==77181== 
==77181== 80 bytes in 5 blocks are definitely lost in loss record 516 of 793
==77181==    at 0x4846828: malloc (in /usr/libexec/valgrind/vgpreload_memcheck-amd64-linux.so)
==77181==    by 0x728B99: __mn_range (in /mnt/c/Users/Juan/Documents/GitHub/Mapanare/mapanare/self/mnc-stage1)
==77181==    by 0x458D45: semantic__check_call_expr (in /mnt/c/Users/Juan/Documents/GitHub/Mapanare/mapanare/self/mnc-stage1)
==77181== 
==77181== 80 bytes in 5 blocks are definitely lost in loss record 517 of 793
==77181==    at 0x4846828: malloc (in /usr/libexec/valgrind/vgpreload_memcheck-amd64-linux.so)
==77181==    by 0x728B99: __mn_range (in /mnt/c/Users/Juan/Documents/GitHub/Mapanare/mapanare/self/mnc-stage1)
==77181==    by 0x4A008F: lower_state__lookup_var (in /mnt/c/Users/Juan/Documents/GitHub/Mapanare/mapanare/self/mnc-stage1)
==77181== 
==77181== 86 bytes in 2 blocks are indirectly lost in loss record 518 of 793
==77181==    at 0x484D953: calloc (in /usr/libexec/valgrind/vgpreload_memcheck-amd64-linux.so)
==77181==    by 0x723DE9: __mn_alloc (in /mnt/c/Users/Juan/Documents/GitHub/Mapanare/mapanare/self/mnc-stage1)
==77181==    by 0x7249CE: __mn_str_concat (in /mnt/c/Users/Juan/Documents/GitHub/Mapanare/mapanare/self/mnc-stage1)
==77181==    by 0x6B6FFD: emit_llvm__emit_struct_init (in /mnt/c/Users/Juan/Documents/GitHub/Mapanare/mapanare/self/mnc-stage1)
==77181==    by 0x3F: ???
==77181== 
==77181== 88 bytes in 1 blocks are indirectly lost in loss record 519 of 793
==77181==    at 0x484D953: calloc (in /usr/libexec/valgrind/vgpreload_memcheck-amd64-linux.so)
==77181==    by 0x4D4E42: lower__lower_fn (in /mnt/c/Users/Juan/Documents/GitHub/Mapanare/mapanare/self/mnc-stage1)
==77181== 
==77181== 90 bytes in 2 blocks are indirectly lost in loss record 520 of 793
==77181==    at 0x484D953: calloc (in /usr/libexec/valgrind/vgpreload_memcheck-amd64-linux.so)
==77181==    by 0x723DE9: __mn_alloc (in /mnt/c/Users/Juan/Documents/GitHub/Mapanare/mapanare/self/mnc-stage1)
==77181==    by 0x7249CE: __mn_str_concat (in /mnt/c/Users/Juan/Documents/GitHub/Mapanare/mapanare/self/mnc-stage1)
==77181==    by 0x6B6EAF: emit_llvm__emit_struct_init (in /mnt/c/Users/Juan/Documents/GitHub/Mapanare/mapanare/self/mnc-stage1)
==77181==    by 0x3F: ???
==77181== 
==77181== 90 bytes in 45 blocks are definitely lost in loss record 521 of 793
==77181==    at 0x484D953: calloc (in /usr/libexec/valgrind/vgpreload_memcheck-amd64-linux.so)
==77181==    by 0x723DE9: __mn_alloc (in /mnt/c/Users/Juan/Documents/GitHub/Mapanare/mapanare/self/mnc-stage1)
==77181==    by 0x7245AB: __mn_str_from_parts (in /mnt/c/Users/Juan/Documents/GitHub/Mapanare/mapanare/self/mnc-stage1)
==77181==    by 0x41FA6B: lexer__scan_ident (in /mnt/c/Users/Juan/Documents/GitHub/Mapanare/mapanare/self/mnc-stage1)
==77181==    by 0x73C56F: ??? (in /mnt/c/Users/Juan/Documents/GitHub/Mapanare/mapanare/self/mnc-stage1)
==77181== 
==77181== 91 bytes in 2 blocks are indirectly lost in loss record 522 of 793
==77181==    at 0x484D953: calloc (in /usr/libexec/valgrind/vgpreload_memcheck-amd64-linux.so)
==77181==    by 0x723DE9: __mn_alloc (in /mnt/c/Users/Juan/Documents/GitHub/Mapanare/mapanare/self/mnc-stage1)
==77181==    by 0x7245AB: __mn_str_from_parts (in /mnt/c/Users/Juan/Documents/GitHub/Mapanare/mapanare/self/mnc-stage1)
==77181==    by 0x68D511: emit_llvm__declare_runtime_fn (in /mnt/c/Users/Juan/Documents/GitHub/Mapanare/mapanare/self/mnc-stage1)
==77181==    by 0x9: ???
==77181==    by 0x6AB934F: ???
==77181==    by 0xF: ???
==77181== 
==77181== 102 bytes in 51 blocks are definitely lost in loss record 523 of 793
==77181==    at 0x484D953: calloc (in /usr/libexec/valgrind/vgpreload_memcheck-amd64-linux.so)
==77181==    by 0x723DE9: __mn_alloc (in /mnt/c/Users/Juan/Documents/GitHub/Mapanare/mapanare/self/mnc-stage1)
==77181==    by 0x7245AB: __mn_str_from_parts (in /mnt/c/Users/Juan/Documents/GitHub/Mapanare/mapanare/self/mnc-stage1)
==77181==    by 0x420FFD: lexer__scan_op (in /mnt/c/Users/Juan/Documents/GitHub/Mapanare/mapanare/self/mnc-stage1)
==77181==    by 0x1102: ???
==77181==    by 0x6A73417: ???
==77181== 
==77181== 112 bytes in 2 blocks are definitely lost in loss record 524 of 793
==77181==    at 0x4846828: malloc (in /usr/libexec/valgrind/vgpreload_memcheck-amd64-linux.so)
==77181==    by 0x439008: semantic__define_in_scope (in /mnt/c/Users/Juan/Documents/GitHub/Mapanare/mapanare/self/mnc-stage1)
==77181== 
==77181== 112 bytes in 2 blocks are definitely lost in loss record 525 of 793
==77181==    at 0x4846828: malloc (in /usr/libexec/valgrind/vgpreload_memcheck-amd64-linux.so)
==77181==    by 0x473172: semantic__check_let_stmt (in /mnt/c/Users/Juan/Documents/GitHub/Mapanare/mapanare/self/mnc-stage1)
==77181== 
==77181== 112 bytes in 7 blocks are definitely lost in loss record 526 of 793
==77181==    at 0x4846828: malloc (in /usr/libexec/valgrind/vgpreload_memcheck-amd64-linux.so)
==77181==    by 0x728B99: __mn_range (in /mnt/c/Users/Juan/Documents/GitHub/Mapanare/mapanare/self/mnc-stage1)
==77181==    by 0x42FA6B: parser__parse_expr (in /mnt/c/Users/Juan/Documents/GitHub/Mapanare/mapanare/self/mnc-stage1)
==77181== 
==77181== 112 bytes in 56 blocks are definitely lost in loss record 527 of 793
==77181==    at 0x484D953: calloc (in /usr/libexec/valgrind/vgpreload_memcheck-amd64-linux.so)
==77181==    by 0x723DE9: __mn_alloc (in /mnt/c/Users/Juan/Documents/GitHub/Mapanare/mapanare/self/mnc-stage1)
==77181==    by 0x7245AB: __mn_str_from_parts (in /mnt/c/Users/Juan/Documents/GitHub/Mapanare/mapanare/self/mnc-stage1)
==77181==    by 0x4221F4: lexer__skip_comment_to_eol (in /mnt/c/Users/Juan/Documents/GitHub/Mapanare/mapanare/self/mnc-stage1)
==77181==    by 0x800000000000016A: ???
==77181==    by 0x6A7751F: ???
==77181==    by 0x8000000000000000: ???
==77181==    by 0x6A776CF: ???
==77181==    by 0x1: ???
==77181==    by 0x16A: ???
==77181==    by 0x800000000000016A: ???
==77181==    by 0x4225F0: lexer__tokenize (in /mnt/c/Users/Juan/Documents/GitHub/Mapanare/mapanare/self/mnc-stage1)
==77181== 
==77181== 118 bytes in 2 blocks are indirectly lost in loss record 528 of 793
==77181==    at 0x484D953: calloc (in /usr/libexec/valgrind/vgpreload_memcheck-amd64-linux.so)
==77181==    by 0x723DE9: __mn_alloc (in /mnt/c/Users/Juan/Documents/GitHub/Mapanare/mapanare/self/mnc-stage1)
==77181==    by 0x7249CE: __mn_str_concat (in /mnt/c/Users/Juan/Documents/GitHub/Mapanare/mapanare/self/mnc-stage1)
==77181==    by 0x6B68C1: emit_llvm__emit_struct_init (in /mnt/c/Users/Juan/Documents/GitHub/Mapanare/mapanare/self/mnc-stage1)
==77181==    by 0x3F: ???
==77181== 
==77181== 128 bytes in 2 blocks are indirectly lost in loss record 529 of 793
==77181==    at 0x4846828: malloc (in /usr/libexec/valgrind/vgpreload_memcheck-amd64-linux.so)
==77181==    by 0x431266: parser__parse_method_args (in /mnt/c/Users/Juan/Documents/GitHub/Mapanare/mapanare/self/mnc-stage1)
==77181==    by 0x6A83E3F: ???
==77181==    by 0x62: ???
==77181==    by 0x7F: ???
==77181==    by 0x3F: ???
==77181== 
==77181== 136 bytes in 1 blocks are indirectly lost in loss record 530 of 793
==77181==    at 0x4846828: malloc (in /usr/libexec/valgrind/vgpreload_memcheck-amd64-linux.so)
==77181==    by 0x4287FE: parser__parse_struct_fields (in /mnt/c/Users/Juan/Documents/GitHub/Mapanare/mapanare/self/mnc-stage1)
==77181== 
==77181== 144 bytes in 1 blocks are indirectly lost in loss record 531 of 793
==77181==    at 0x484D953: calloc (in /usr/libexec/valgrind/vgpreload_memcheck-amd64-linux.so)
==77181==    by 0x723DE9: __mn_alloc (in /mnt/c/Users/Juan/Documents/GitHub/Mapanare/mapanare/self/mnc-stage1)
==77181==    by 0x725AFA: __mn_list_push (in /mnt/c/Users/Juan/Documents/GitHub/Mapanare/mapanare/self/mnc-stage1)
==77181==    by 0x4280A1: parser__parse_struct_def (in /mnt/c/Users/Juan/Documents/GitHub/Mapanare/mapanare/self/mnc-stage1)
==77181==    by 0x5: ???
==77181==    by 0x7F: ???
==77181==    by 0x6A83E3F: ???
==77181==    by 0x62: ???
==77181==    by 0x3F: ???
==77181== 
==77181== 144 bytes in 1 blocks are indirectly lost in loss record 532 of 793
==77181==    at 0x484D953: calloc (in /usr/libexec/valgrind/vgpreload_memcheck-amd64-linux.so)
==77181==    by 0x723DE9: __mn_alloc (in /mnt/c/Users/Juan/Documents/GitHub/Mapanare/mapanare/self/mnc-stage1)
==77181==    by 0x725AFA: __mn_list_push (in /mnt/c/Users/Juan/Documents/GitHub/Mapanare/mapanare/self/mnc-stage1)
==77181==    by 0x42ED12: parser__parse_block (in /mnt/c/Users/Juan/Documents/GitHub/Mapanare/mapanare/self/mnc-stage1)
==77181==    by 0x6A8ABCF: ???
==77181==    by 0x1E: ???
==77181== 
==77181== 144 bytes in 1 blocks are indirectly lost in loss record 533 of 793
==77181==    at 0x484D953: calloc (in /usr/libexec/valgrind/vgpreload_memcheck-amd64-linux.so)
==77181==    by 0x723DE9: __mn_alloc (in /mnt/c/Users/Juan/Documents/GitHub/Mapanare/mapanare/self/mnc-stage1)
==77181==    by 0x725AFA: __mn_list_push (in /mnt/c/Users/Juan/Documents/GitHub/Mapanare/mapanare/self/mnc-stage1)
==77181==    by 0x42ED12: parser__parse_block (in /mnt/c/Users/Juan/Documents/GitHub/Mapanare/mapanare/self/mnc-stage1)
==77181==    by 0x6A8BC2F: ???
==77181==    by 0x2D: ???
==77181== 
==77181== 144 bytes in 1 blocks are indirectly lost in loss record 534 of 793
==77181==    at 0x484D953: calloc (in /usr/libexec/valgrind/vgpreload_memcheck-amd64-linux.so)
==77181==    by 0x723DE9: __mn_alloc (in /mnt/c/Users/Juan/Documents/GitHub/Mapanare/mapanare/self/mnc-stage1)
==77181==    by 0x725AFA: __mn_list_push (in /mnt/c/Users/Juan/Documents/GitHub/Mapanare/mapanare/self/mnc-stage1)
==77181==    by 0x43262D: parser__parse_struct_fields_to_list (in /mnt/c/Users/Juan/Documents/GitHub/Mapanare/mapanare/self/mnc-stage1)
==77181==    by 0x7F: ???
==77181==    by 0x6A8C10F: ???
==77181==    by 0x6A83E3F: ???
==77181==    by 0x62: ???
==77181==    by 0x7F: ???
==77181==    by 0x3F: ???
==77181== 
==77181== 144 bytes in 1 blocks are indirectly lost in loss record 535 of 793
==77181==    at 0x484D953: calloc (in /usr/libexec/valgrind/vgpreload_memcheck-amd64-linux.so)
==77181==    by 0x723DE9: __mn_alloc (in /mnt/c/Users/Juan/Documents/GitHub/Mapanare/mapanare/self/mnc-stage1)
==77181==    by 0x725AFA: __mn_list_push (in /mnt/c/Users/Juan/Documents/GitHub/Mapanare/mapanare/self/mnc-stage1)
==77181==    by 0x42ED12: parser__parse_block (in /mnt/c/Users/Juan/Documents/GitHub/Mapanare/mapanare/self/mnc-stage1)
==77181==    by 0x6A8C06F: ???
==77181==    by 0x3E: ???
==77181== 
==77181== 144 bytes in 1 blocks are indirectly lost in loss record 536 of 793
==77181==    at 0x484D953: calloc (in /usr/libexec/valgrind/vgpreload_memcheck-amd64-linux.so)
==77181==    by 0x723DE9: __mn_alloc (in /mnt/c/Users/Juan/Documents/GitHub/Mapanare/mapanare/self/mnc-stage1)
==77181==    by 0x725AFA: __mn_list_push (in /mnt/c/Users/Juan/Documents/GitHub/Mapanare/mapanare/self/mnc-stage1)
==77181==    by 0x431329: parser__parse_method_args (in /mnt/c/Users/Juan/Documents/GitHub/Mapanare/mapanare/self/mnc-stage1)
==77181==    by 0x6A83E3F: ???
==77181==    by 0x62: ???
==77181==    by 0x7F: ???
==77181==    by 0x3F: ???
==77181== 
==77181== 144 bytes in 1 blocks are indirectly lost in loss record 537 of 793
==77181==    at 0x484D953: calloc (in /usr/libexec/valgrind/vgpreload_memcheck-amd64-linux.so)
==77181==    by 0x723DE9: __mn_alloc (in /mnt/c/Users/Juan/Documents/GitHub/Mapanare/mapanare/self/mnc-stage1)
==77181==    by 0x725AFA: __mn_list_push (in /mnt/c/Users/Juan/Documents/GitHub/Mapanare/mapanare/self/mnc-stage1)
==77181==    by 0x43262D: parser__parse_struct_fields_to_list (in /mnt/c/Users/Juan/Documents/GitHub/Mapanare/mapanare/self/mnc-stage1)
==77181==    by 0x62: ???
==77181==    by 0x6A8D39F: ???
==77181==    by 0x6A83E3F: ???
==77181==    by 0x62: ???
==77181==    by 0x7F: ???
==77181==    by 0x3F: ???
==77181== 
==77181== 144 bytes in 1 blocks are indirectly lost in loss record 538 of 793
==77181==    at 0x484D953: calloc (in /usr/libexec/valgrind/vgpreload_memcheck-amd64-linux.so)
==77181==    by 0x723DE9: __mn_alloc (in /mnt/c/Users/Juan/Documents/GitHub/Mapanare/mapanare/self/mnc-stage1)
==77181==    by 0x725AFA: __mn_list_push (in /mnt/c/Users/Juan/Documents/GitHub/Mapanare/mapanare/self/mnc-stage1)
==77181==    by 0x598850: lower__try_monomorphize_struct (in /mnt/c/Users/Juan/Documents/GitHub/Mapanare/mapanare/self/mnc-stage1)
==77181==    by 0xFFFFFFFFFFFFFF: ???
==77181== 
==77181== 144 bytes in 1 blocks are indirectly lost in loss record 539 of 793
==77181==    at 0x484D953: calloc (in /usr/libexec/valgrind/vgpreload_memcheck-amd64-linux.so)
==77181==    by 0x723DE9: __mn_alloc (in /mnt/c/Users/Juan/Documents/GitHub/Mapanare/mapanare/self/mnc-stage1)
==77181==    by 0x725AFA: __mn_list_push (in /mnt/c/Users/Juan/Documents/GitHub/Mapanare/mapanare/self/mnc-stage1)
==77181==    by 0x689793: emit_llvm__build_internal_struct_list (in /mnt/c/Users/Juan/Documents/GitHub/Mapanare/mapanare/self/mnc-stage1)
==77181== 
==77181== 144 bytes in 1 blocks are indirectly lost in loss record 540 of 793
==77181==    at 0x484D953: calloc (in /usr/libexec/valgrind/vgpreload_memcheck-amd64-linux.so)
==77181==    by 0x723DE9: __mn_alloc (in /mnt/c/Users/Juan/Documents/GitHub/Mapanare/mapanare/self/mnc-stage1)
==77181==    by 0x725AFA: __mn_list_push (in /mnt/c/Users/Juan/Documents/GitHub/Mapanare/mapanare/self/mnc-stage1)
==77181==    by 0x68A1EE: emit_llvm__build_internal_struct_list (in /mnt/c/Users/Juan/Documents/GitHub/Mapanare/mapanare/self/mnc-stage1)
==77181==    by 0xF: ???
==77181== 
==77181== 144 bytes in 1 blocks are indirectly lost in loss record 541 of 793
==77181==    at 0x484D953: calloc (in /usr/libexec/valgrind/vgpreload_memcheck-amd64-linux.so)
==77181==    by 0x723DE9: __mn_alloc (in /mnt/c/Users/Juan/Documents/GitHub/Mapanare/mapanare/self/mnc-stage1)
==77181==    by 0x725AFA: __mn_list_push (in /mnt/c/Users/Juan/Documents/GitHub/Mapanare/mapanare/self/mnc-stage1)
==77181==    by 0x68A376: emit_llvm__build_internal_struct_list (in /mnt/c/Users/Juan/Documents/GitHub/Mapanare/mapanare/self/mnc-stage1)
==77181==    by 0xF: ???
==77181== 
==77181== 144 bytes in 1 blocks are indirectly lost in loss record 542 of 793
==77181==    at 0x484D953: calloc (in /usr/libexec/valgrind/vgpreload_memcheck-amd64-linux.so)
==77181==    by 0x723DE9: __mn_alloc (in /mnt/c/Users/Juan/Documents/GitHub/Mapanare/mapanare/self/mnc-stage1)
==77181==    by 0x725AFA: __mn_list_push (in /mnt/c/Users/Juan/Documents/GitHub/Mapanare/mapanare/self/mnc-stage1)
==77181==    by 0x68A529: emit_llvm__build_internal_struct_list (in /mnt/c/Users/Juan/Documents/GitHub/Mapanare/mapanare/self/mnc-stage1)
==77181==    by 0xF: ???
==77181== 
==77181== 144 bytes in 1 blocks are indirectly lost in loss record 543 of 793
==77181==    at 0x484D953: calloc (in /usr/libexec/valgrind/vgpreload_memcheck-amd64-linux.so)
==77181==    by 0x723DE9: __mn_alloc (in /mnt/c/Users/Juan/Documents/GitHub/Mapanare/mapanare/self/mnc-stage1)
==77181==    by 0x725AFA: __mn_list_push (in /mnt/c/Users/Juan/Documents/GitHub/Mapanare/mapanare/self/mnc-stage1)
==77181==    by 0x68A76E: emit_llvm__build_internal_struct_list (in /mnt/c/Users/Juan/Documents/GitHub/Mapanare/mapanare/self/mnc-stage1)
==77181==    by 0x4: ???
==77181==    by 0x7: ???
==77181==    by 0x6AB186F: ???
==77181==    by 0x7: ???
==77181==    by 0xF: ???
==77181== 
==77181== 144 bytes in 1 blocks are indirectly lost in loss record 544 of 793
==77181==    at 0x484D953: calloc (in /usr/libexec/valgrind/vgpreload_memcheck-amd64-linux.so)
==77181==    by 0x723DE9: __mn_alloc (in /mnt/c/Users/Juan/Documents/GitHub/Mapanare/mapanare/self/mnc-stage1)
==77181==    by 0x725AFA: __mn_list_push (in /mnt/c/Users/Juan/Documents/GitHub/Mapanare/mapanare/self/mnc-stage1)
==77181==    by 0x68A95D: emit_llvm__build_internal_struct_list (in /mnt/c/Users/Juan/Documents/GitHub/Mapanare/mapanare/self/mnc-stage1)
==77181==    by 0x2: ???
==77181==    by 0x7: ???
==77181==    by 0x6AB199F: ???
==77181==    by 0x7: ???
==77181==    by 0xF: ???
==77181== 
==77181== 144 bytes in 1 blocks are indirectly lost in loss record 545 of 793
==77181==    at 0x484D953: calloc (in /usr/libexec/valgrind/vgpreload_memcheck-amd64-linux.so)
==77181==    by 0x723DE9: __mn_alloc (in /mnt/c/Users/Juan/Documents/GitHub/Mapanare/mapanare/self/mnc-stage1)
==77181==    by 0x725AFA: __mn_list_push (in /mnt/c/Users/Juan/Documents/GitHub/Mapanare/mapanare/self/mnc-stage1)
==77181==    by 0x68AB4C: emit_llvm__build_internal_struct_list (in /mnt/c/Users/Juan/Documents/GitHub/Mapanare/mapanare/self/mnc-stage1)
==77181==    by 0x2: ???
==77181==    by 0x7: ???
==77181==    by 0x6AB1ABF: ???
==77181==    by 0x7: ???
==77181==    by 0xF: ???
==77181== 
==77181== 144 bytes in 1 blocks are indirectly lost in loss record 546 of 793
==77181==    at 0x484D953: calloc (in /usr/libexec/valgrind/vgpreload_memcheck-amd64-linux.so)
==77181==    by 0x723DE9: __mn_alloc (in /mnt/c/Users/Juan/Documents/GitHub/Mapanare/mapanare/self/mnc-stage1)
==77181==    by 0x725AFA: __mn_list_push (in /mnt/c/Users/Juan/Documents/GitHub/Mapanare/mapanare/self/mnc-stage1)
==77181==    by 0x68AD3B: emit_llvm__build_internal_struct_list (in /mnt/c/Users/Juan/Documents/GitHub/Mapanare/mapanare/self/mnc-stage1)
==77181==    by 0x2: ???
==77181==    by 0x7: ???
==77181==    by 0x6AB232F: ???
==77181==    by 0x7: ???
==77181==    by 0xF: ???
==77181== 
==77181== 144 bytes in 1 blocks are indirectly lost in loss record 547 of 793
==77181==    at 0x484D953: calloc (in /usr/libexec/valgrind/vgpreload_memcheck-amd64-linux.so)
==77181==    by 0x723DE9: __mn_alloc (in /mnt/c/Users/Juan/Documents/GitHub/Mapanare/mapanare/self/mnc-stage1)
==77181==    by 0x725AFA: __mn_list_push (in /mnt/c/Users/Juan/Documents/GitHub/Mapanare/mapanare/self/mnc-stage1)
==77181==    by 0x68AEFF: emit_llvm__build_internal_struct_list (in /mnt/c/Users/Juan/Documents/GitHub/Mapanare/mapanare/self/mnc-stage1)
==77181==    by 0x1: ???
==77181==    by 0x7: ???
==77181==    by 0x6AB245F: ???
==77181==    by 0x7: ???
==77181==    by 0xF: ???
==77181== 
==77181== 144 bytes in 1 blocks are indirectly lost in loss record 548 of 793
==77181==    at 0x484D953: calloc (in /usr/libexec/valgrind/vgpreload_memcheck-amd64-linux.so)
==77181==    by 0x723DE9: __mn_alloc (in /mnt/c/Users/Juan/Documents/GitHub/Mapanare/mapanare/self/mnc-stage1)
==77181==    by 0x725AFA: __mn_list_push (in /mnt/c/Users/Juan/Documents/GitHub/Mapanare/mapanare/self/mnc-stage1)
==77181==    by 0x68B0C3: emit_llvm__build_internal_struct_list (in /mnt/c/Users/Juan/Documents/GitHub/Mapanare/mapanare/self/mnc-stage1)
==77181==    by 0x1: ???
==77181==    by 0x7: ???
==77181==    by 0x6AB258F: ???
==77181==    by 0x7: ???
==77181==    by 0xF: ???
==77181== 
==77181== 144 bytes in 1 blocks are indirectly lost in loss record 549 of 793
==77181==    at 0x484D953: calloc (in /usr/libexec/valgrind/vgpreload_memcheck-amd64-linux.so)
==77181==    by 0x723DE9: __mn_alloc (in /mnt/c/Users/Juan/Documents/GitHub/Mapanare/mapanare/self/mnc-stage1)
==77181==    by 0x725AFA: __mn_list_push (in /mnt/c/Users/Juan/Documents/GitHub/Mapanare/mapanare/self/mnc-stage1)
==77181==    by 0x68B308: emit_llvm__build_internal_struct_list (in /mnt/c/Users/Juan/Documents/GitHub/Mapanare/mapanare/self/mnc-stage1)
==77181==    by 0x4: ???
==77181==    by 0x7: ???
==77181==    by 0x6AB26BF: ???
==77181==    by 0x7: ???
==77181==    by 0xF: ???
==77181== 
==77181== 144 bytes in 1 blocks are indirectly lost in loss record 550 of 793
==77181==    at 0x484D953: calloc (in /usr/libexec/valgrind/vgpreload_memcheck-amd64-linux.so)
==77181==    by 0x723DE9: __mn_alloc (in /mnt/c/Users/Juan/Documents/GitHub/Mapanare/mapanare/self/mnc-stage1)
==77181==    by 0x725AFA: __mn_list_push (in /mnt/c/Users/Juan/Documents/GitHub/Mapanare/mapanare/self/mnc-stage1)
==77181==    by 0x68B4F7: emit_llvm__build_internal_struct_list (in /mnt/c/Users/Juan/Documents/GitHub/Mapanare/mapanare/self/mnc-stage1)
==77181==    by 0x2: ???
==77181==    by 0x7: ???
==77181==    by 0x6AB27EF: ???
==77181==    by 0x7: ???
==77181==    by 0xF: ???
==77181== 
==77181== 144 bytes in 1 blocks are indirectly lost in loss record 551 of 793
==77181==    at 0x484D953: calloc (in /usr/libexec/valgrind/vgpreload_memcheck-amd64-linux.so)
==77181==    by 0x723DE9: __mn_alloc (in /mnt/c/Users/Juan/Documents/GitHub/Mapanare/mapanare/self/mnc-stage1)
==77181==    by 0x725AFA: __mn_list_push (in /mnt/c/Users/Juan/Documents/GitHub/Mapanare/mapanare/self/mnc-stage1)
==77181==    by 0x68B6BB: emit_llvm__build_internal_struct_list (in /mnt/c/Users/Juan/Documents/GitHub/Mapanare/mapanare/self/mnc-stage1)
==77181==    by 0x1: ???
==77181==    by 0x7: ???
==77181==    by 0x6AB291F: ???
==77181==    by 0x7: ???
==77181==    by 0xF: ???
==77181== 
==77181== 144 bytes in 1 blocks are indirectly lost in loss record 552 of 793
==77181==    at 0x484D953: calloc (in /usr/libexec/valgrind/vgpreload_memcheck-amd64-linux.so)
==77181==    by 0x723DE9: __mn_alloc (in /mnt/c/Users/Juan/Documents/GitHub/Mapanare/mapanare/self/mnc-stage1)
==77181==    by 0x725AFA: __mn_list_push (in /mnt/c/Users/Juan/Documents/GitHub/Mapanare/mapanare/self/mnc-stage1)
==77181==    by 0x68B87F: emit_llvm__build_internal_struct_list (in /mnt/c/Users/Juan/Documents/GitHub/Mapanare/mapanare/self/mnc-stage1)
==77181==    by 0x1: ???
==77181==    by 0x7: ???
==77181==    by 0x6AB2A4F: ???
==77181==    by 0x7: ???
==77181==    by 0xF: ???
==77181== 
==77181== 144 bytes in 1 blocks are indirectly lost in loss record 553 of 793
==77181==    at 0x484D953: calloc (in /usr/libexec/valgrind/vgpreload_memcheck-amd64-linux.so)
==77181==    by 0x723DE9: __mn_alloc (in /mnt/c/Users/Juan/Documents/GitHub/Mapanare/mapanare/self/mnc-stage1)
==77181==    by 0x725AFA: __mn_list_push (in /mnt/c/Users/Juan/Documents/GitHub/Mapanare/mapanare/self/mnc-stage1)
==77181==    by 0x68BA99: emit_llvm__build_internal_struct_list (in /mnt/c/Users/Juan/Documents/GitHub/Mapanare/mapanare/self/mnc-stage1)
==77181==    by 0x3: ???
==77181==    by 0x7: ???
==77181==    by 0x6AB2B7F: ???
==77181==    by 0x7: ???
==77181==    by 0xF: ???
==77181== 
==77181== 144 bytes in 1 blocks are indirectly lost in loss record 554 of 793
==77181==    at 0x484D953: calloc (in /usr/libexec/valgrind/vgpreload_memcheck-amd64-linux.so)
==77181==    by 0x723DE9: __mn_alloc (in /mnt/c/Users/Juan/Documents/GitHub/Mapanare/mapanare/self/mnc-stage1)
==77181==    by 0x725AFA: __mn_list_push (in /mnt/c/Users/Juan/Documents/GitHub/Mapanare/mapanare/self/mnc-stage1)
==77181==    by 0x68BC5D: emit_llvm__build_internal_struct_list (in /mnt/c/Users/Juan/Documents/GitHub/Mapanare/mapanare/self/mnc-stage1)
==77181==    by 0x1: ???
==77181==    by 0x7: ???
==77181==    by 0x6AB3AFF: ???
==77181==    by 0x7: ???
==77181==    by 0xF: ???
==77181== 
==77181== 144 bytes in 1 blocks are indirectly lost in loss record 555 of 793
==77181==    at 0x484D953: calloc (in /usr/libexec/valgrind/vgpreload_memcheck-amd64-linux.so)
==77181==    by 0x723DE9: __mn_alloc (in /mnt/c/Users/Juan/Documents/GitHub/Mapanare/mapanare/self/mnc-stage1)
==77181==    by 0x725AFA: __mn_list_push (in /mnt/c/Users/Juan/Documents/GitHub/Mapanare/mapanare/self/mnc-stage1)
==77181==    by 0x68BECD: emit_llvm__build_internal_struct_list (in /mnt/c/Users/Juan/Documents/GitHub/Mapanare/mapanare/self/mnc-stage1)
==77181==    by 0x5: ???
==77181==    by 0x7: ???
==77181==    by 0x6AB3C2F: ???
==77181==    by 0x7: ???
==77181==    by 0xF: ???
==77181== 
==77181== 144 bytes in 1 blocks are indirectly lost in loss record 556 of 793
==77181==    at 0x484D953: calloc (in /usr/libexec/valgrind/vgpreload_memcheck-amd64-linux.so)
==77181==    by 0x723DE9: __mn_alloc (in /mnt/c/Users/Juan/Documents/GitHub/Mapanare/mapanare/self/mnc-stage1)
==77181==    by 0x725AFA: __mn_list_push (in /mnt/c/Users/Juan/Documents/GitHub/Mapanare/mapanare/self/mnc-stage1)
==77181==    by 0x68C091: emit_llvm__build_internal_struct_list (in /mnt/c/Users/Juan/Documents/GitHub/Mapanare/mapanare/self/mnc-stage1)
==77181==    by 0x1: ???
==77181==    by 0x7: ???
==77181==    by 0x6AB3D5F: ???
==77181==    by 0x7: ???
==77181==    by 0xF: ???
==77181== 
==77181== 144 bytes in 1 blocks are indirectly lost in loss record 557 of 793
==77181==    at 0x484D953: calloc (in /usr/libexec/valgrind/vgpreload_memcheck-amd64-linux.so)
==77181==    by 0x723DE9: __mn_alloc (in /mnt/c/Users/Juan/Documents/GitHub/Mapanare/mapanare/self/mnc-stage1)
==77181==    by 0x725AFA: __mn_list_push (in /mnt/c/Users/Juan/Documents/GitHub/Mapanare/mapanare/self/mnc-stage1)
==77181==    by 0x68C280: emit_llvm__build_internal_struct_list (in /mnt/c/Users/Juan/Documents/GitHub/Mapanare/mapanare/self/mnc-stage1)
==77181==    by 0x2: ???
==77181==    by 0x7: ???
==77181==    by 0x6AB3E8F: ???
==77181==    by 0x7: ???
==77181==    by 0xF: ???
==77181== 
==77181== 144 bytes in 1 blocks are indirectly lost in loss record 558 of 793
==77181==    at 0x484D953: calloc (in /usr/libexec/valgrind/vgpreload_memcheck-amd64-linux.so)
==77181==    by 0x723DE9: __mn_alloc (in /mnt/c/Users/Juan/Documents/GitHub/Mapanare/mapanare/self/mnc-stage1)
==77181==    by 0x725AFA: __mn_list_push (in /mnt/c/Users/Juan/Documents/GitHub/Mapanare/mapanare/self/mnc-stage1)
==77181==    by 0x69B8E2: emit_llvm__register_mir_struct (in /mnt/c/Users/Juan/Documents/GitHub/Mapanare/mapanare/self/mnc-stage1)
==77181==    by 0x3F: ???
==77181== 
==77181== 144 bytes in 1 blocks are indirectly lost in loss record 559 of 793
==77181==    at 0x484D953: calloc (in /usr/libexec/valgrind/vgpreload_memcheck-amd64-linux.so)
==77181==    by 0x723DE9: __mn_alloc (in /mnt/c/Users/Juan/Documents/GitHub/Mapanare/mapanare/self/mnc-stage1)
==77181==    by 0x725AFA: __mn_list_push (in /mnt/c/Users/Juan/Documents/GitHub/Mapanare/mapanare/self/mnc-stage1)
==77181==    by 0x69B96C: emit_llvm__register_mir_struct (in /mnt/c/Users/Juan/Documents/GitHub/Mapanare/mapanare/self/mnc-stage1)
==77181==    by 0x3F: ???
==77181== 
==77181== 144 bytes in 3 blocks are indirectly lost in loss record 560 of 793
==77181==    at 0x4846828: malloc (in /usr/libexec/valgrind/vgpreload_memcheck-amd64-linux.so)
==77181==    by 0x431074: parser__parse_call_args (in /mnt/c/Users/Juan/Documents/GitHub/Mapanare/mapanare/self/mnc-stage1)
==77181==    by 0x6A83E3F: ???
==77181==    by 0x62: ???
==77181==    by 0x7F: ???
==77181==    by 0x3F: ???
==77181== 
==77181== 144 bytes in 1 blocks are definitely lost in loss record 561 of 793
==77181==    at 0x484D953: calloc (in /usr/libexec/valgrind/vgpreload_memcheck-amd64-linux.so)
==77181==    by 0x723DE9: __mn_alloc (in /mnt/c/Users/Juan/Documents/GitHub/Mapanare/mapanare/self/mnc-stage1)
==77181==    by 0x725AFA: __mn_list_push (in /mnt/c/Users/Juan/Documents/GitHub/Mapanare/mapanare/self/mnc-stage1)
==77181==    by 0x415634: resolve_imports (in /mnt/c/Users/Juan/Documents/GitHub/Mapanare/mapanare/self/mnc-stage1)
==77181==    by 0x6A73667: ???
==77181==    by 0x62: ???
==77181== 
==77181== 144 bytes in 1 blocks are definitely lost in loss record 562 of 793
==77181==    at 0x484D953: calloc (in /usr/libexec/valgrind/vgpreload_memcheck-amd64-linux.so)
==77181==    by 0x723DE9: __mn_alloc (in /mnt/c/Users/Juan/Documents/GitHub/Mapanare/mapanare/self/mnc-stage1)
==77181==    by 0x725AFA: __mn_list_push (in /mnt/c/Users/Juan/Documents/GitHub/Mapanare/mapanare/self/mnc-stage1)
==77181==    by 0x414B11: dedup_definitions (in /mnt/c/Users/Juan/Documents/GitHub/Mapanare/mapanare/self/mnc-stage1)
==77181== 
==77181== 145 bytes in 4 blocks are indirectly lost in loss record 563 of 793
==77181==    at 0x484D953: calloc (in /usr/libexec/valgrind/vgpreload_memcheck-amd64-linux.so)
==77181==    by 0x723DE9: __mn_alloc (in /mnt/c/Users/Juan/Documents/GitHub/Mapanare/mapanare/self/mnc-stage1)
==77181==    by 0x7245AB: __mn_str_from_parts (in /mnt/c/Users/Juan/Documents/GitHub/Mapanare/mapanare/self/mnc-stage1)
==77181==    by 0x68D511: emit_llvm__declare_runtime_fn (in /mnt/c/Users/Juan/Documents/GitHub/Mapanare/mapanare/self/mnc-stage1)
==77181==    by 0x2: ???
==77181==    by 0x6AB934F: ???
==77181==    by 0xF: ???
==77181== 
==77181== 152 bytes in 2 blocks are indirectly lost in loss record 564 of 793
==77181==    at 0x484D953: calloc (in /usr/libexec/valgrind/vgpreload_memcheck-amd64-linux.so)
==77181==    by 0x723DE9: __mn_alloc (in /mnt/c/Users/Juan/Documents/GitHub/Mapanare/mapanare/self/mnc-stage1)
==77181==    by 0x7249CE: __mn_str_concat (in /mnt/c/Users/Juan/Documents/GitHub/Mapanare/mapanare/self/mnc-stage1)
==77181==    by 0x68D511: emit_llvm__declare_runtime_fn (in /mnt/c/Users/Juan/Documents/GitHub/Mapanare/mapanare/self/mnc-stage1)
==77181==    by 0x1: ???
==77181==    by 0x6AB934F: ???
==77181==    by 0xF: ???
==77181== 
==77181== 160 bytes in 10 blocks are definitely lost in loss record 565 of 793
==77181==    at 0x4846828: malloc (in /usr/libexec/valgrind/vgpreload_memcheck-amd64-linux.so)
==77181==    by 0x728B99: __mn_range (in /mnt/c/Users/Juan/Documents/GitHub/Mapanare/mapanare/self/mnc-stage1)
==77181==    by 0x6BFBE1: emit_llvm__is_name_in_byref (in /mnt/c/Users/Juan/Documents/GitHub/Mapanare/mapanare/self/mnc-stage1)
==77181== 
==77181== 168 bytes in 1 blocks are indirectly lost in loss record 566 of 793
==77181==    at 0x484D953: calloc (in /usr/libexec/valgrind/vgpreload_memcheck-amd64-linux.so)
==77181==    by 0x48A2CF: semantic__register_builtins (in /mnt/c/Users/Juan/Documents/GitHub/Mapanare/mapanare/self/mnc-stage1)
==77181== 
==77181== 168 bytes in 1 blocks are indirectly lost in loss record 567 of 793
==77181==    at 0x4846828: malloc (in /usr/libexec/valgrind/vgpreload_memcheck-amd64-linux.so)
==77181==    by 0x48A350: semantic__register_builtins (in /mnt/c/Users/Juan/Documents/GitHub/Mapanare/mapanare/self/mnc-stage1)
==77181== 
==77181== 168 bytes in 1 blocks are indirectly lost in loss record 568 of 793
==77181==    at 0x484D953: calloc (in /usr/libexec/valgrind/vgpreload_memcheck-amd64-linux.so)
==77181==    by 0x48A5D6: semantic__register_builtins (in /mnt/c/Users/Juan/Documents/GitHub/Mapanare/mapanare/self/mnc-stage1)
==77181== 
==77181== 168 bytes in 1 blocks are indirectly lost in loss record 569 of 793
==77181==    at 0x4846828: malloc (in /usr/libexec/valgrind/vgpreload_memcheck-amd64-linux.so)
==77181==    by 0x48A65F: semantic__register_builtins (in /mnt/c/Users/Juan/Documents/GitHub/Mapanare/mapanare/self/mnc-stage1)
==77181== 
==77181== 168 bytes in 1 blocks are indirectly lost in loss record 570 of 793
==77181==    at 0x484D953: calloc (in /usr/libexec/valgrind/vgpreload_memcheck-amd64-linux.so)
==77181==    by 0x48A8B4: semantic__register_builtins (in /mnt/c/Users/Juan/Documents/GitHub/Mapanare/mapanare/self/mnc-stage1)
==77181== 
==77181== 168 bytes in 1 blocks are indirectly lost in loss record 571 of 793
==77181==    at 0x4846828: malloc (in /usr/libexec/valgrind/vgpreload_memcheck-amd64-linux.so)
==77181==    by 0x48A93D: semantic__register_builtins (in /mnt/c/Users/Juan/Documents/GitHub/Mapanare/mapanare/self/mnc-stage1)
==77181== 
==77181== 168 bytes in 1 blocks are indirectly lost in loss record 572 of 793
==77181==    at 0x484D953: calloc (in /usr/libexec/valgrind/vgpreload_memcheck-amd64-linux.so)
==77181==    by 0x48AB92: semantic__register_builtins (in /mnt/c/Users/Juan/Documents/GitHub/Mapanare/mapanare/self/mnc-stage1)
==77181== 
==77181== 168 bytes in 1 blocks are indirectly lost in loss record 573 of 793
==77181==    at 0x4846828: malloc (in /usr/libexec/valgrind/vgpreload_memcheck-amd64-linux.so)
==77181==    by 0x48AC1B: semantic__register_builtins (in /mnt/c/Users/Juan/Documents/GitHub/Mapanare/mapanare/self/mnc-stage1)
==77181== 
==77181== 168 bytes in 1 blocks are indirectly lost in loss record 574 of 793
==77181==    at 0x484D953: calloc (in /usr/libexec/valgrind/vgpreload_memcheck-amd64-linux.so)
==77181==    by 0x48AE70: semantic__register_builtins (in /mnt/c/Users/Juan/Documents/GitHub/Mapanare/mapanare/self/mnc-stage1)
==77181== 
==77181== 168 bytes in 1 blocks are indirectly lost in loss record 575 of 793
==77181==    at 0x4846828: malloc (in /usr/libexec/valgrind/vgpreload_memcheck-amd64-linux.so)
==77181==    by 0x48AEF9: semantic__register_builtins (in /mnt/c/Users/Juan/Documents/GitHub/Mapanare/mapanare/self/mnc-stage1)
==77181== 
==77181== 168 bytes in 1 blocks are indirectly lost in loss record 576 of 793
==77181==    at 0x484D953: calloc (in /usr/libexec/valgrind/vgpreload_memcheck-amd64-linux.so)
==77181==    by 0x48B157: semantic__register_builtins (in /mnt/c/Users/Juan/Documents/GitHub/Mapanare/mapanare/self/mnc-stage1)
==77181== 
==77181== 168 bytes in 1 blocks are indirectly lost in loss record 577 of 793
==77181==    at 0x4846828: malloc (in /usr/libexec/valgrind/vgpreload_memcheck-amd64-linux.so)
==77181==    by 0x48B20C: semantic__register_builtins (in /mnt/c/Users/Juan/Documents/GitHub/Mapanare/mapanare/self/mnc-stage1)
==77181== 
==77181== 168 bytes in 1 blocks are indirectly lost in loss record 578 of 793
==77181==    at 0x484D953: calloc (in /usr/libexec/valgrind/vgpreload_memcheck-amd64-linux.so)
==77181==    by 0x48B4C2: semantic__register_builtins (in /mnt/c/Users/Juan/Documents/GitHub/Mapanare/mapanare/self/mnc-stage1)
==77181== 
==77181== 168 bytes in 1 blocks are indirectly lost in loss record 579 of 793
==77181==    at 0x4846828: malloc (in /usr/libexec/valgrind/vgpreload_memcheck-amd64-linux.so)
==77181==    by 0x48B587: semantic__register_builtins (in /mnt/c/Users/Juan/Documents/GitHub/Mapanare/mapanare/self/mnc-stage1)
==77181== 
==77181== 168 bytes in 1 blocks are indirectly lost in loss record 580 of 793
==77181==    at 0x484D953: calloc (in /usr/libexec/valgrind/vgpreload_memcheck-amd64-linux.so)
==77181==    by 0x48B87F: semantic__register_builtins (in /mnt/c/Users/Juan/Documents/GitHub/Mapanare/mapanare/self/mnc-stage1)
==77181== 
==77181== 168 bytes in 1 blocks are indirectly lost in loss record 581 of 793
==77181==    at 0x4846828: malloc (in /usr/libexec/valgrind/vgpreload_memcheck-amd64-linux.so)
==77181==    by 0x48B944: semantic__register_builtins (in /mnt/c/Users/Juan/Documents/GitHub/Mapanare/mapanare/self/mnc-stage1)
==77181== 
==77181== 168 bytes in 1 blocks are indirectly lost in loss record 582 of 793
==77181==    at 0x484D953: calloc (in /usr/libexec/valgrind/vgpreload_memcheck-amd64-linux.so)
==77181==    by 0x48BC3C: semantic__register_builtins (in /mnt/c/Users/Juan/Documents/GitHub/Mapanare/mapanare/self/mnc-stage1)
==77181== 
==77181== 168 bytes in 1 blocks are indirectly lost in loss record 583 of 793
==77181==    at 0x4846828: malloc (in /usr/libexec/valgrind/vgpreload_memcheck-amd64-linux.so)
==77181==    by 0x48BD01: semantic__register_builtins (in /mnt/c/Users/Juan/Documents/GitHub/Mapanare/mapanare/self/mnc-stage1)
==77181== 
==77181== 168 bytes in 1 blocks are indirectly lost in loss record 584 of 793
==77181==    at 0x484D953: calloc (in /usr/libexec/valgrind/vgpreload_memcheck-amd64-linux.so)
==77181==    by 0x48BFF9: semantic__register_builtins (in /mnt/c/Users/Juan/Documents/GitHub/Mapanare/mapanare/self/mnc-stage1)
==77181== 
==77181== 168 bytes in 1 blocks are indirectly lost in loss record 585 of 793
==77181==    at 0x4846828: malloc (in /usr/libexec/valgrind/vgpreload_memcheck-amd64-linux.so)
==77181==    by 0x48C0BE: semantic__register_builtins (in /mnt/c/Users/Juan/Documents/GitHub/Mapanare/mapanare/self/mnc-stage1)
==77181== 
==77181== 168 bytes in 1 blocks are indirectly lost in loss record 586 of 793
==77181==    at 0x484D953: calloc (in /usr/libexec/valgrind/vgpreload_memcheck-amd64-linux.so)
==77181==    by 0x48C3B6: semantic__register_builtins (in /mnt/c/Users/Juan/Documents/GitHub/Mapanare/mapanare/self/mnc-stage1)
==77181== 
==77181== 168 bytes in 1 blocks are indirectly lost in loss record 587 of 793
==77181==    at 0x4846828: malloc (in /usr/libexec/valgrind/vgpreload_memcheck-amd64-linux.so)
==77181==    by 0x48C47B: semantic__register_builtins (in /mnt/c/Users/Juan/Documents/GitHub/Mapanare/mapanare/self/mnc-stage1)
==77181== 
==77181== 168 bytes in 1 blocks are indirectly lost in loss record 588 of 793
==77181==    at 0x484D953: calloc (in /usr/libexec/valgrind/vgpreload_memcheck-amd64-linux.so)
==77181==    by 0x48C773: semantic__register_builtins (in /mnt/c/Users/Juan/Documents/GitHub/Mapanare/mapanare/self/mnc-stage1)
==77181== 
==77181== 168 bytes in 1 blocks are indirectly lost in loss record 589 of 793
==77181==    at 0x4846828: malloc (in /usr/libexec/valgrind/vgpreload_memcheck-amd64-linux.so)
==77181==    by 0x48C838: semantic__register_builtins (in /mnt/c/Users/Juan/Documents/GitHub/Mapanare/mapanare/self/mnc-stage1)
==77181== 
==77181== 168 bytes in 1 blocks are indirectly lost in loss record 590 of 793
==77181==    at 0x484D953: calloc (in /usr/libexec/valgrind/vgpreload_memcheck-amd64-linux.so)
==77181==    by 0x48CB2E: semantic__register_builtins (in /mnt/c/Users/Juan/Documents/GitHub/Mapanare/mapanare/self/mnc-stage1)
==77181== 
==77181== 168 bytes in 1 blocks are indirectly lost in loss record 591 of 793
==77181==    at 0x4846828: malloc (in /usr/libexec/valgrind/vgpreload_memcheck-amd64-linux.so)
==77181==    by 0x48CBF3: semantic__register_builtins (in /mnt/c/Users/Juan/Documents/GitHub/Mapanare/mapanare/self/mnc-stage1)
==77181== 
==77181== 168 bytes in 1 blocks are indirectly lost in loss record 592 of 793
==77181==    at 0x484D953: calloc (in /usr/libexec/valgrind/vgpreload_memcheck-amd64-linux.so)
==77181==    by 0x48CEE7: semantic__register_builtins (in /mnt/c/Users/Juan/Documents/GitHub/Mapanare/mapanare/self/mnc-stage1)
==77181== 
==77181== 168 bytes in 1 blocks are indirectly lost in loss record 593 of 793
==77181==    at 0x4846828: malloc (in /usr/libexec/valgrind/vgpreload_memcheck-amd64-linux.so)
==77181==    by 0x48CFAC: semantic__register_builtins (in /mnt/c/Users/Juan/Documents/GitHub/Mapanare/mapanare/self/mnc-stage1)
==77181== 
==77181== 168 bytes in 1 blocks are indirectly lost in loss record 594 of 793
==77181==    at 0x484D953: calloc (in /usr/libexec/valgrind/vgpreload_memcheck-amd64-linux.so)
==77181==    by 0x48D2A0: semantic__register_builtins (in /mnt/c/Users/Juan/Documents/GitHub/Mapanare/mapanare/self/mnc-stage1)
==77181== 
==77181== 168 bytes in 1 blocks are indirectly lost in loss record 595 of 793
==77181==    at 0x4846828: malloc (in /usr/libexec/valgrind/vgpreload_memcheck-amd64-linux.so)
==77181==    by 0x48D365: semantic__register_builtins (in /mnt/c/Users/Juan/Documents/GitHub/Mapanare/mapanare/self/mnc-stage1)
==77181== 
==77181== 168 bytes in 1 blocks are indirectly lost in loss record 596 of 793
==77181==    at 0x484D953: calloc (in /usr/libexec/valgrind/vgpreload_memcheck-amd64-linux.so)
==77181==    by 0x48D659: semantic__register_builtins (in /mnt/c/Users/Juan/Documents/GitHub/Mapanare/mapanare/self/mnc-stage1)
==77181== 
==77181== 168 bytes in 1 blocks are indirectly lost in loss record 597 of 793
==77181==    at 0x4846828: malloc (in /usr/libexec/valgrind/vgpreload_memcheck-amd64-linux.so)
==77181==    by 0x48D71E: semantic__register_builtins (in /mnt/c/Users/Juan/Documents/GitHub/Mapanare/mapanare/self/mnc-stage1)
==77181== 
==77181== 168 bytes in 1 blocks are indirectly lost in loss record 598 of 793
==77181==    at 0x484D953: calloc (in /usr/libexec/valgrind/vgpreload_memcheck-amd64-linux.so)
==77181==    by 0x48DA12: semantic__register_builtins (in /mnt/c/Users/Juan/Documents/GitHub/Mapanare/mapanare/self/mnc-stage1)
==77181== 
==77181== 168 bytes in 1 blocks are indirectly lost in loss record 599 of 793
==77181==    at 0x4846828: malloc (in /usr/libexec/valgrind/vgpreload_memcheck-amd64-linux.so)
==77181==    by 0x48DAD7: semantic__register_builtins (in /mnt/c/Users/Juan/Documents/GitHub/Mapanare/mapanare/self/mnc-stage1)
==77181== 
==77181== 168 bytes in 1 blocks are indirectly lost in loss record 600 of 793
==77181==    at 0x484D953: calloc (in /usr/libexec/valgrind/vgpreload_memcheck-amd64-linux.so)
==77181==    by 0x48DDCB: semantic__register_builtins (in /mnt/c/Users/Juan/Documents/GitHub/Mapanare/mapanare/self/mnc-stage1)
==77181== 
==77181== 168 bytes in 1 blocks are indirectly lost in loss record 601 of 793
==77181==    at 0x4846828: malloc (in /usr/libexec/valgrind/vgpreload_memcheck-amd64-linux.so)
==77181==    by 0x48DE90: semantic__register_builtins (in /mnt/c/Users/Juan/Documents/GitHub/Mapanare/mapanare/self/mnc-stage1)
==77181== 
==77181== 168 bytes in 1 blocks are indirectly lost in loss record 602 of 793
==77181==    at 0x484D953: calloc (in /usr/libexec/valgrind/vgpreload_memcheck-amd64-linux.so)
==77181==    by 0x48E184: semantic__register_builtins (in /mnt/c/Users/Juan/Documents/GitHub/Mapanare/mapanare/self/mnc-stage1)
==77181== 
==77181== 168 bytes in 1 blocks are indirectly lost in loss record 603 of 793
==77181==    at 0x4846828: malloc (in /usr/libexec/valgrind/vgpreload_memcheck-amd64-linux.so)
==77181==    by 0x48E249: semantic__register_builtins (in /mnt/c/Users/Juan/Documents/GitHub/Mapanare/mapanare/self/mnc-stage1)
==77181== 
==77181== 168 bytes in 1 blocks are indirectly lost in loss record 604 of 793
==77181==    at 0x484D953: calloc (in /usr/libexec/valgrind/vgpreload_memcheck-amd64-linux.so)
==77181==    by 0x48E53D: semantic__register_builtins (in /mnt/c/Users/Juan/Documents/GitHub/Mapanare/mapanare/self/mnc-stage1)
==77181== 
==77181== 168 bytes in 1 blocks are indirectly lost in loss record 605 of 793
==77181==    at 0x4846828: malloc (in /usr/libexec/valgrind/vgpreload_memcheck-amd64-linux.so)
==77181==    by 0x48E602: semantic__register_builtins (in /mnt/c/Users/Juan/Documents/GitHub/Mapanare/mapanare/self/mnc-stage1)
==77181== 
==77181== 168 bytes in 1 blocks are indirectly lost in loss record 606 of 793
==77181==    at 0x484D953: calloc (in /usr/libexec/valgrind/vgpreload_memcheck-amd64-linux.so)
==77181==    by 0x48E8F6: semantic__register_builtins (in /mnt/c/Users/Juan/Documents/GitHub/Mapanare/mapanare/self/mnc-stage1)
==77181== 
==77181== 168 bytes in 1 blocks are indirectly lost in loss record 607 of 793
==77181==    at 0x4846828: malloc (in /usr/libexec/valgrind/vgpreload_memcheck-amd64-linux.so)
==77181==    by 0x48E9BB: semantic__register_builtins (in /mnt/c/Users/Juan/Documents/GitHub/Mapanare/mapanare/self/mnc-stage1)
==77181== 
==77181== 168 bytes in 1 blocks are indirectly lost in loss record 608 of 793
==77181==    at 0x484D953: calloc (in /usr/libexec/valgrind/vgpreload_memcheck-amd64-linux.so)
==77181==    by 0x48ECAF: semantic__register_builtins (in /mnt/c/Users/Juan/Documents/GitHub/Mapanare/mapanare/self/mnc-stage1)
==77181== 
==77181== 168 bytes in 1 blocks are indirectly lost in loss record 609 of 793
==77181==    at 0x4846828: malloc (in /usr/libexec/valgrind/vgpreload_memcheck-amd64-linux.so)
==77181==    by 0x48ED74: semantic__register_builtins (in /mnt/c/Users/Juan/Documents/GitHub/Mapanare/mapanare/self/mnc-stage1)
==77181== 
==77181== 168 bytes in 1 blocks are indirectly lost in loss record 610 of 793
==77181==    at 0x484D953: calloc (in /usr/libexec/valgrind/vgpreload_memcheck-amd64-linux.so)
==77181==    by 0x48F068: semantic__register_builtins (in /mnt/c/Users/Juan/Documents/GitHub/Mapanare/mapanare/self/mnc-stage1)
==77181== 
==77181== 168 bytes in 1 blocks are indirectly lost in loss record 611 of 793
==77181==    at 0x4846828: malloc (in /usr/libexec/valgrind/vgpreload_memcheck-amd64-linux.so)
==77181==    by 0x48F12D: semantic__register_builtins (in /mnt/c/Users/Juan/Documents/GitHub/Mapanare/mapanare/self/mnc-stage1)
==77181== 
==77181== 168 bytes in 1 blocks are indirectly lost in loss record 612 of 793
==77181==    at 0x484D953: calloc (in /usr/libexec/valgrind/vgpreload_memcheck-amd64-linux.so)
==77181==    by 0x48F421: semantic__register_builtins (in /mnt/c/Users/Juan/Documents/GitHub/Mapanare/mapanare/self/mnc-stage1)
==77181== 
==77181== 168 bytes in 1 blocks are indirectly lost in loss record 613 of 793
==77181==    at 0x4846828: malloc (in /usr/libexec/valgrind/vgpreload_memcheck-amd64-linux.so)
==77181==    by 0x48F4E6: semantic__register_builtins (in /mnt/c/Users/Juan/Documents/GitHub/Mapanare/mapanare/self/mnc-stage1)
==77181== 
==77181== 168 bytes in 1 blocks are indirectly lost in loss record 614 of 793
==77181==    at 0x484D953: calloc (in /usr/libexec/valgrind/vgpreload_memcheck-amd64-linux.so)
==77181==    by 0x48F7DA: semantic__register_builtins (in /mnt/c/Users/Juan/Documents/GitHub/Mapanare/mapanare/self/mnc-stage1)
==77181== 
==77181== 168 bytes in 1 blocks are indirectly lost in loss record 615 of 793
==77181==    at 0x4846828: malloc (in /usr/libexec/valgrind/vgpreload_memcheck-amd64-linux.so)
==77181==    by 0x48F89F: semantic__register_builtins (in /mnt/c/Users/Juan/Documents/GitHub/Mapanare/mapanare/self/mnc-stage1)
==77181== 
==77181== 168 bytes in 1 blocks are indirectly lost in loss record 616 of 793
==77181==    at 0x484D953: calloc (in /usr/libexec/valgrind/vgpreload_memcheck-amd64-linux.so)
==77181==    by 0x48FB93: semantic__register_builtins (in /mnt/c/Users/Juan/Documents/GitHub/Mapanare/mapanare/self/mnc-stage1)
==77181== 
==77181== 168 bytes in 1 blocks are indirectly lost in loss record 617 of 793
==77181==    at 0x4846828: malloc (in /usr/libexec/valgrind/vgpreload_memcheck-amd64-linux.so)
==77181==    by 0x48FC58: semantic__register_builtins (in /mnt/c/Users/Juan/Documents/GitHub/Mapanare/mapanare/self/mnc-stage1)
==77181== 
==77181== 168 bytes in 1 blocks are indirectly lost in loss record 618 of 793
==77181==    at 0x484D953: calloc (in /usr/libexec/valgrind/vgpreload_memcheck-amd64-linux.so)
==77181==    by 0x48FF4C: semantic__register_builtins (in /mnt/c/Users/Juan/Documents/GitHub/Mapanare/mapanare/self/mnc-stage1)
==77181== 
==77181== 168 bytes in 1 blocks are indirectly lost in loss record 619 of 793
==77181==    at 0x4846828: malloc (in /usr/libexec/valgrind/vgpreload_memcheck-amd64-linux.so)
==77181==    by 0x490011: semantic__register_builtins (in /mnt/c/Users/Juan/Documents/GitHub/Mapanare/mapanare/self/mnc-stage1)
==77181== 
==77181== 168 bytes in 1 blocks are indirectly lost in loss record 620 of 793
==77181==    at 0x484D953: calloc (in /usr/libexec/valgrind/vgpreload_memcheck-amd64-linux.so)
==77181==    by 0x490305: semantic__register_builtins (in /mnt/c/Users/Juan/Documents/GitHub/Mapanare/mapanare/self/mnc-stage1)
==77181== 
==77181== 168 bytes in 1 blocks are indirectly lost in loss record 621 of 793
==77181==    at 0x4846828: malloc (in /usr/libexec/valgrind/vgpreload_memcheck-amd64-linux.so)
==77181==    by 0x4903CA: semantic__register_builtins (in /mnt/c/Users/Juan/Documents/GitHub/Mapanare/mapanare/self/mnc-stage1)
==77181== 
==77181== 168 bytes in 1 blocks are indirectly lost in loss record 622 of 793
==77181==    at 0x484D953: calloc (in /usr/libexec/valgrind/vgpreload_memcheck-amd64-linux.so)
==77181==    by 0x4906C0: semantic__register_builtins (in /mnt/c/Users/Juan/Documents/GitHub/Mapanare/mapanare/self/mnc-stage1)
==77181== 
==77181== 168 bytes in 1 blocks are indirectly lost in loss record 623 of 793
==77181==    at 0x4846828: malloc (in /usr/libexec/valgrind/vgpreload_memcheck-amd64-linux.so)
==77181==    by 0x490785: semantic__register_builtins (in /mnt/c/Users/Juan/Documents/GitHub/Mapanare/mapanare/self/mnc-stage1)
==77181== 
==77181== 168 bytes in 1 blocks are indirectly lost in loss record 624 of 793
==77181==    at 0x484D953: calloc (in /usr/libexec/valgrind/vgpreload_memcheck-amd64-linux.so)
==77181==    by 0x490A7D: semantic__register_builtins (in /mnt/c/Users/Juan/Documents/GitHub/Mapanare/mapanare/self/mnc-stage1)
==77181== 
==77181== 168 bytes in 1 blocks are indirectly lost in loss record 625 of 793
==77181==    at 0x4846828: malloc (in /usr/libexec/valgrind/vgpreload_memcheck-amd64-linux.so)
==77181==    by 0x490B42: semantic__register_builtins (in /mnt/c/Users/Juan/Documents/GitHub/Mapanare/mapanare/self/mnc-stage1)
==77181== 
==77181== 168 bytes in 1 blocks are indirectly lost in loss record 626 of 793
==77181==    at 0x484D953: calloc (in /usr/libexec/valgrind/vgpreload_memcheck-amd64-linux.so)
==77181==    by 0x490E38: semantic__register_builtins (in /mnt/c/Users/Juan/Documents/GitHub/Mapanare/mapanare/self/mnc-stage1)
==77181== 
==77181== 168 bytes in 1 blocks are indirectly lost in loss record 627 of 793
==77181==    at 0x4846828: malloc (in /usr/libexec/valgrind/vgpreload_memcheck-amd64-linux.so)
==77181==    by 0x490EFD: semantic__register_builtins (in /mnt/c/Users/Juan/Documents/GitHub/Mapanare/mapanare/self/mnc-stage1)
==77181== 
==77181== 168 bytes in 1 blocks are indirectly lost in loss record 628 of 793
==77181==    at 0x484D953: calloc (in /usr/libexec/valgrind/vgpreload_memcheck-amd64-linux.so)
==77181==    by 0x4911F1: semantic__register_builtins (in /mnt/c/Users/Juan/Documents/GitHub/Mapanare/mapanare/self/mnc-stage1)
==77181== 
==77181== 168 bytes in 1 blocks are indirectly lost in loss record 629 of 793
==77181==    at 0x4846828: malloc (in /usr/libexec/valgrind/vgpreload_memcheck-amd64-linux.so)
==77181==    by 0x4912B6: semantic__register_builtins (in /mnt/c/Users/Juan/Documents/GitHub/Mapanare/mapanare/self/mnc-stage1)
==77181== 
==77181== 168 bytes in 1 blocks are indirectly lost in loss record 630 of 793
==77181==    at 0x484D953: calloc (in /usr/libexec/valgrind/vgpreload_memcheck-amd64-linux.so)
==77181==    by 0x4915AA: semantic__register_builtins (in /mnt/c/Users/Juan/Documents/GitHub/Mapanare/mapanare/self/mnc-stage1)
==77181== 
==77181== 168 bytes in 1 blocks are indirectly lost in loss record 631 of 793
==77181==    at 0x4846828: malloc (in /usr/libexec/valgrind/vgpreload_memcheck-amd64-linux.so)
==77181==    by 0x49166F: semantic__register_builtins (in /mnt/c/Users/Juan/Documents/GitHub/Mapanare/mapanare/self/mnc-stage1)
==77181== 
==77181== 168 bytes in 1 blocks are indirectly lost in loss record 632 of 793
==77181==    at 0x484D953: calloc (in /usr/libexec/valgrind/vgpreload_memcheck-amd64-linux.so)
==77181==    by 0x491963: semantic__register_builtins (in /mnt/c/Users/Juan/Documents/GitHub/Mapanare/mapanare/self/mnc-stage1)
==77181== 
==77181== 168 bytes in 1 blocks are indirectly lost in loss record 633 of 793
==77181==    at 0x4846828: malloc (in /usr/libexec/valgrind/vgpreload_memcheck-amd64-linux.so)
==77181==    by 0x491A28: semantic__register_builtins (in /mnt/c/Users/Juan/Documents/GitHub/Mapanare/mapanare/self/mnc-stage1)
==77181== 
==77181== 168 bytes in 1 blocks are indirectly lost in loss record 634 of 793
==77181==    at 0x484D953: calloc (in /usr/libexec/valgrind/vgpreload_memcheck-amd64-linux.so)
==77181==    by 0x491D1C: semantic__register_builtins (in /mnt/c/Users/Juan/Documents/GitHub/Mapanare/mapanare/self/mnc-stage1)
==77181== 
==77181== 168 bytes in 1 blocks are indirectly lost in loss record 635 of 793
==77181==    at 0x4846828: malloc (in /usr/libexec/valgrind/vgpreload_memcheck-amd64-linux.so)
==77181==    by 0x491DE1: semantic__register_builtins (in /mnt/c/Users/Juan/Documents/GitHub/Mapanare/mapanare/self/mnc-stage1)
==77181== 
==77181== 168 bytes in 1 blocks are indirectly lost in loss record 636 of 793
==77181==    at 0x484D953: calloc (in /usr/libexec/valgrind/vgpreload_memcheck-amd64-linux.so)
==77181==    by 0x4920D5: semantic__register_builtins (in /mnt/c/Users/Juan/Documents/GitHub/Mapanare/mapanare/self/mnc-stage1)
==77181== 
==77181== 168 bytes in 1 blocks are indirectly lost in loss record 637 of 793
==77181==    at 0x4846828: malloc (in /usr/libexec/valgrind/vgpreload_memcheck-amd64-linux.so)
==77181==    by 0x49219A: semantic__register_builtins (in /mnt/c/Users/Juan/Documents/GitHub/Mapanare/mapanare/self/mnc-stage1)
==77181== 
==77181== 168 bytes in 1 blocks are indirectly lost in loss record 638 of 793
==77181==    at 0x484D953: calloc (in /usr/libexec/valgrind/vgpreload_memcheck-amd64-linux.so)
==77181==    by 0x49248E: semantic__register_builtins (in /mnt/c/Users/Juan/Documents/GitHub/Mapanare/mapanare/self/mnc-stage1)
==77181== 
==77181== 168 bytes in 1 blocks are indirectly lost in loss record 639 of 793
==77181==    at 0x4846828: malloc (in /usr/libexec/valgrind/vgpreload_memcheck-amd64-linux.so)
==77181==    by 0x492553: semantic__register_builtins (in /mnt/c/Users/Juan/Documents/GitHub/Mapanare/mapanare/self/mnc-stage1)
==77181== 
==77181== 168 bytes in 1 blocks are indirectly lost in loss record 640 of 793
==77181==    at 0x484D953: calloc (in /usr/libexec/valgrind/vgpreload_memcheck-amd64-linux.so)
==77181==    by 0x492849: semantic__register_builtins (in /mnt/c/Users/Juan/Documents/GitHub/Mapanare/mapanare/self/mnc-stage1)
==77181== 
==77181== 168 bytes in 1 blocks are indirectly lost in loss record 641 of 793
==77181==    at 0x4846828: malloc (in /usr/libexec/valgrind/vgpreload_memcheck-amd64-linux.so)
==77181==    by 0x49290E: semantic__register_builtins (in /mnt/c/Users/Juan/Documents/GitHub/Mapanare/mapanare/self/mnc-stage1)
==77181== 
==77181== 168 bytes in 1 blocks are indirectly lost in loss record 642 of 793
==77181==    at 0x484D953: calloc (in /usr/libexec/valgrind/vgpreload_memcheck-amd64-linux.so)
==77181==    by 0x492C04: semantic__register_builtins (in /mnt/c/Users/Juan/Documents/GitHub/Mapanare/mapanare/self/mnc-stage1)
==77181== 
==77181== 168 bytes in 1 blocks are indirectly lost in loss record 643 of 793
==77181==    at 0x4846828: malloc (in /usr/libexec/valgrind/vgpreload_memcheck-amd64-linux.so)
==77181==    by 0x492CC9: semantic__register_builtins (in /mnt/c/Users/Juan/Documents/GitHub/Mapanare/mapanare/self/mnc-stage1)
==77181== 
==77181== 168 bytes in 1 blocks are indirectly lost in loss record 644 of 793
==77181==    at 0x484D953: calloc (in /usr/libexec/valgrind/vgpreload_memcheck-amd64-linux.so)
==77181==    by 0x492FBF: semantic__register_builtins (in /mnt/c/Users/Juan/Documents/GitHub/Mapanare/mapanare/self/mnc-stage1)
==77181== 
==77181== 168 bytes in 1 blocks are indirectly lost in loss record 645 of 793
==77181==    at 0x4846828: malloc (in /usr/libexec/valgrind/vgpreload_memcheck-amd64-linux.so)
==77181==    by 0x493084: semantic__register_builtins (in /mnt/c/Users/Juan/Documents/GitHub/Mapanare/mapanare/self/mnc-stage1)
==77181== 
==77181== 168 bytes in 1 blocks are indirectly lost in loss record 646 of 793
==77181==    at 0x484D953: calloc (in /usr/libexec/valgrind/vgpreload_memcheck-amd64-linux.so)
==77181==    by 0x49337A: semantic__register_builtins (in /mnt/c/Users/Juan/Documents/GitHub/Mapanare/mapanare/self/mnc-stage1)
==77181== 
==77181== 168 bytes in 1 blocks are indirectly lost in loss record 647 of 793
==77181==    at 0x4846828: malloc (in /usr/libexec/valgrind/vgpreload_memcheck-amd64-linux.so)
==77181==    by 0x49343F: semantic__register_builtins (in /mnt/c/Users/Juan/Documents/GitHub/Mapanare/mapanare/self/mnc-stage1)
==77181== 
==77181== 168 bytes in 1 blocks are indirectly lost in loss record 648 of 793
==77181==    at 0x484D953: calloc (in /usr/libexec/valgrind/vgpreload_memcheck-amd64-linux.so)
==77181==    by 0x493735: semantic__register_builtins (in /mnt/c/Users/Juan/Documents/GitHub/Mapanare/mapanare/self/mnc-stage1)
==77181== 
==77181== 168 bytes in 1 blocks are indirectly lost in loss record 649 of 793
==77181==    at 0x4846828: malloc (in /usr/libexec/valgrind/vgpreload_memcheck-amd64-linux.so)
==77181==    by 0x4937FA: semantic__register_builtins (in /mnt/c/Users/Juan/Documents/GitHub/Mapanare/mapanare/self/mnc-stage1)
==77181== 
==77181== 168 bytes in 1 blocks are indirectly lost in loss record 650 of 793
==77181==    at 0x484D953: calloc (in /usr/libexec/valgrind/vgpreload_memcheck-amd64-linux.so)
==77181==    by 0x493AF2: semantic__register_builtins (in /mnt/c/Users/Juan/Documents/GitHub/Mapanare/mapanare/self/mnc-stage1)
==77181== 
==77181== 168 bytes in 1 blocks are indirectly lost in loss record 651 of 793
==77181==    at 0x4846828: malloc (in /usr/libexec/valgrind/vgpreload_memcheck-amd64-linux.so)
==77181==    by 0x493BB7: semantic__register_builtins (in /mnt/c/Users/Juan/Documents/GitHub/Mapanare/mapanare/self/mnc-stage1)
==77181== 
==77181== 168 bytes in 1 blocks are indirectly lost in loss record 652 of 793
==77181==    at 0x484D953: calloc (in /usr/libexec/valgrind/vgpreload_memcheck-amd64-linux.so)
==77181==    by 0x493EAF: semantic__register_builtins (in /mnt/c/Users/Juan/Documents/GitHub/Mapanare/mapanare/self/mnc-stage1)
==77181== 
==77181== 168 bytes in 1 blocks are indirectly lost in loss record 653 of 793
==77181==    at 0x4846828: malloc (in /usr/libexec/valgrind/vgpreload_memcheck-amd64-linux.so)
==77181==    by 0x493F74: semantic__register_builtins (in /mnt/c/Users/Juan/Documents/GitHub/Mapanare/mapanare/self/mnc-stage1)
==77181== 
==77181== 168 bytes in 1 blocks are indirectly lost in loss record 654 of 793
==77181==    at 0x484D953: calloc (in /usr/libexec/valgrind/vgpreload_memcheck-amd64-linux.so)
==77181==    by 0x49426C: semantic__register_builtins (in /mnt/c/Users/Juan/Documents/GitHub/Mapanare/mapanare/self/mnc-stage1)
==77181== 
==77181== 168 bytes in 1 blocks are indirectly lost in loss record 655 of 793
==77181==    at 0x4846828: malloc (in /usr/libexec/valgrind/vgpreload_memcheck-amd64-linux.so)
==77181==    by 0x494331: semantic__register_builtins (in /mnt/c/Users/Juan/Documents/GitHub/Mapanare/mapanare/self/mnc-stage1)
==77181== 
==77181== 168 bytes in 1 blocks are indirectly lost in loss record 656 of 793
==77181==    at 0x484D953: calloc (in /usr/libexec/valgrind/vgpreload_memcheck-amd64-linux.so)
==77181==    by 0x494629: semantic__register_builtins (in /mnt/c/Users/Juan/Documents/GitHub/Mapanare/mapanare/self/mnc-stage1)
==77181== 
==77181== 168 bytes in 1 blocks are indirectly lost in loss record 657 of 793
==77181==    at 0x4846828: malloc (in /usr/libexec/valgrind/vgpreload_memcheck-amd64-linux.so)
==77181==    by 0x4946EE: semantic__register_builtins (in /mnt/c/Users/Juan/Documents/GitHub/Mapanare/mapanare/self/mnc-stage1)
==77181== 
==77181== 168 bytes in 1 blocks are indirectly lost in loss record 658 of 793
==77181==    at 0x484D953: calloc (in /usr/libexec/valgrind/vgpreload_memcheck-amd64-linux.so)
==77181==    by 0x4949E6: semantic__register_builtins (in /mnt/c/Users/Juan/Documents/GitHub/Mapanare/mapanare/self/mnc-stage1)
==77181== 
==77181== 168 bytes in 1 blocks are indirectly lost in loss record 659 of 793
==77181==    at 0x4846828: malloc (in /usr/libexec/valgrind/vgpreload_memcheck-amd64-linux.so)
==77181==    by 0x494AAB: semantic__register_builtins (in /mnt/c/Users/Juan/Documents/GitHub/Mapanare/mapanare/self/mnc-stage1)
==77181== 
==77181== 168 bytes in 1 blocks are indirectly lost in loss record 660 of 793
==77181==    at 0x484D953: calloc (in /usr/libexec/valgrind/vgpreload_memcheck-amd64-linux.so)
==77181==    by 0x494DA3: semantic__register_builtins (in /mnt/c/Users/Juan/Documents/GitHub/Mapanare/mapanare/self/mnc-stage1)
==77181== 
==77181== 168 bytes in 1 blocks are indirectly lost in loss record 661 of 793
==77181==    at 0x4846828: malloc (in /usr/libexec/valgrind/vgpreload_memcheck-amd64-linux.so)
==77181==    by 0x494E68: semantic__register_builtins (in /mnt/c/Users/Juan/Documents/GitHub/Mapanare/mapanare/self/mnc-stage1)
==77181== 
==77181== 168 bytes in 1 blocks are indirectly lost in loss record 662 of 793
==77181==    at 0x484D953: calloc (in /usr/libexec/valgrind/vgpreload_memcheck-amd64-linux.so)
==77181==    by 0x495160: semantic__register_builtins (in /mnt/c/Users/Juan/Documents/GitHub/Mapanare/mapanare/self/mnc-stage1)
==77181== 
==77181== 168 bytes in 1 blocks are indirectly lost in loss record 663 of 793
==77181==    at 0x4846828: malloc (in /usr/libexec/valgrind/vgpreload_memcheck-amd64-linux.so)
==77181==    by 0x495225: semantic__register_builtins (in /mnt/c/Users/Juan/Documents/GitHub/Mapanare/mapanare/self/mnc-stage1)
==77181== 
==77181== 168 bytes in 1 blocks are indirectly lost in loss record 664 of 793
==77181==    at 0x484D953: calloc (in /usr/libexec/valgrind/vgpreload_memcheck-amd64-linux.so)
==77181==    by 0x49551B: semantic__register_builtins (in /mnt/c/Users/Juan/Documents/GitHub/Mapanare/mapanare/self/mnc-stage1)
==77181== 
==77181== 168 bytes in 1 blocks are indirectly lost in loss record 665 of 793
==77181==    at 0x4846828: malloc (in /usr/libexec/valgrind/vgpreload_memcheck-amd64-linux.so)
==77181==    by 0x4955E0: semantic__register_builtins (in /mnt/c/Users/Juan/Documents/GitHub/Mapanare/mapanare/self/mnc-stage1)
==77181== 
==77181== 168 bytes in 1 blocks are indirectly lost in loss record 666 of 793
==77181==    at 0x484D953: calloc (in /usr/libexec/valgrind/vgpreload_memcheck-amd64-linux.so)
==77181==    by 0x4958D6: semantic__register_builtins (in /mnt/c/Users/Juan/Documents/GitHub/Mapanare/mapanare/self/mnc-stage1)
==77181== 
==77181== 168 bytes in 1 blocks are indirectly lost in loss record 667 of 793
==77181==    at 0x4846828: malloc (in /usr/libexec/valgrind/vgpreload_memcheck-amd64-linux.so)
==77181==    by 0x49599B: semantic__register_builtins (in /mnt/c/Users/Juan/Documents/GitHub/Mapanare/mapanare/self/mnc-stage1)
==77181== 
==77181== 168 bytes in 1 blocks are indirectly lost in loss record 668 of 793
==77181==    at 0x484D953: calloc (in /usr/libexec/valgrind/vgpreload_memcheck-amd64-linux.so)
==77181==    by 0x495C91: semantic__register_builtins (in /mnt/c/Users/Juan/Documents/GitHub/Mapanare/mapanare/self/mnc-stage1)
==77181== 
==77181== 168 bytes in 1 blocks are indirectly lost in loss record 669 of 793
==77181==    at 0x4846828: malloc (in /usr/libexec/valgrind/vgpreload_memcheck-amd64-linux.so)
==77181==    by 0x495D56: semantic__register_builtins (in /mnt/c/Users/Juan/Documents/GitHub/Mapanare/mapanare/self/mnc-stage1)
==77181== 
==77181== 168 bytes in 1 blocks are indirectly lost in loss record 670 of 793
==77181==    at 0x484D953: calloc (in /usr/libexec/valgrind/vgpreload_memcheck-amd64-linux.so)
==77181==    by 0x49604A: semantic__register_builtins (in /mnt/c/Users/Juan/Documents/GitHub/Mapanare/mapanare/self/mnc-stage1)
==77181== 
==77181== 168 bytes in 1 blocks are indirectly lost in loss record 671 of 793
==77181==    at 0x4846828: malloc (in /usr/libexec/valgrind/vgpreload_memcheck-amd64-linux.so)
==77181==    by 0x49610F: semantic__register_builtins (in /mnt/c/Users/Juan/Documents/GitHub/Mapanare/mapanare/self/mnc-stage1)
==77181== 
==77181== 168 bytes in 1 blocks are indirectly lost in loss record 672 of 793
==77181==    at 0x484D953: calloc (in /usr/libexec/valgrind/vgpreload_memcheck-amd64-linux.so)
==77181==    by 0x496403: semantic__register_builtins (in /mnt/c/Users/Juan/Documents/GitHub/Mapanare/mapanare/self/mnc-stage1)
==77181== 
==77181== 168 bytes in 1 blocks are indirectly lost in loss record 673 of 793
==77181==    at 0x4846828: malloc (in /usr/libexec/valgrind/vgpreload_memcheck-amd64-linux.so)
==77181==    by 0x4964C8: semantic__register_builtins (in /mnt/c/Users/Juan/Documents/GitHub/Mapanare/mapanare/self/mnc-stage1)
==77181== 
==77181== 168 bytes in 1 blocks are indirectly lost in loss record 674 of 793
==77181==    at 0x484D953: calloc (in /usr/libexec/valgrind/vgpreload_memcheck-amd64-linux.so)
==77181==    by 0x4967BC: semantic__register_builtins (in /mnt/c/Users/Juan/Documents/GitHub/Mapanare/mapanare/self/mnc-stage1)
==77181== 
==77181== 168 bytes in 1 blocks are indirectly lost in loss record 675 of 793
==77181==    at 0x4846828: malloc (in /usr/libexec/valgrind/vgpreload_memcheck-amd64-linux.so)
==77181==    by 0x496881: semantic__register_builtins (in /mnt/c/Users/Juan/Documents/GitHub/Mapanare/mapanare/self/mnc-stage1)
==77181== 
==77181== 168 bytes in 1 blocks are indirectly lost in loss record 676 of 793
==77181==    at 0x484D953: calloc (in /usr/libexec/valgrind/vgpreload_memcheck-amd64-linux.so)
==77181==    by 0x496B75: semantic__register_builtins (in /mnt/c/Users/Juan/Documents/GitHub/Mapanare/mapanare/self/mnc-stage1)
==77181== 
==77181== 168 bytes in 1 blocks are indirectly lost in loss record 677 of 793
==77181==    at 0x4846828: malloc (in /usr/libexec/valgrind/vgpreload_memcheck-amd64-linux.so)
==77181==    by 0x496C3A: semantic__register_builtins (in /mnt/c/Users/Juan/Documents/GitHub/Mapanare/mapanare/self/mnc-stage1)
==77181== 
==77181== 168 bytes in 1 blocks are indirectly lost in loss record 678 of 793
==77181==    at 0x484D953: calloc (in /usr/libexec/valgrind/vgpreload_memcheck-amd64-linux.so)
==77181==    by 0x496F2E: semantic__register_builtins (in /mnt/c/Users/Juan/Documents/GitHub/Mapanare/mapanare/self/mnc-stage1)
==77181== 
==77181== 168 bytes in 1 blocks are indirectly lost in loss record 679 of 793
==77181==    at 0x4846828: malloc (in /usr/libexec/valgrind/vgpreload_memcheck-amd64-linux.so)
==77181==    by 0x496FF3: semantic__register_builtins (in /mnt/c/Users/Juan/Documents/GitHub/Mapanare/mapanare/self/mnc-stage1)
==77181== 
==77181== 168 bytes in 1 blocks are indirectly lost in loss record 680 of 793
==77181==    at 0x484D953: calloc (in /usr/libexec/valgrind/vgpreload_memcheck-amd64-linux.so)
==77181==    by 0x4972E7: semantic__register_builtins (in /mnt/c/Users/Juan/Documents/GitHub/Mapanare/mapanare/self/mnc-stage1)
==77181== 
==77181== 168 bytes in 1 blocks are indirectly lost in loss record 681 of 793
==77181==    at 0x4846828: malloc (in /usr/libexec/valgrind/vgpreload_memcheck-amd64-linux.so)
==77181==    by 0x4973AC: semantic__register_builtins (in /mnt/c/Users/Juan/Documents/GitHub/Mapanare/mapanare/self/mnc-stage1)
==77181== 
==77181== 168 bytes in 1 blocks are indirectly lost in loss record 682 of 793
==77181==    at 0x484D953: calloc (in /usr/libexec/valgrind/vgpreload_memcheck-amd64-linux.so)
==77181==    by 0x4976A1: semantic__register_builtins (in /mnt/c/Users/Juan/Documents/GitHub/Mapanare/mapanare/self/mnc-stage1)
==77181== 
==77181== 168 bytes in 1 blocks are indirectly lost in loss record 683 of 793
==77181==    at 0x4846828: malloc (in /usr/libexec/valgrind/vgpreload_memcheck-amd64-linux.so)
==77181==    by 0x497766: semantic__register_builtins (in /mnt/c/Users/Juan/Documents/GitHub/Mapanare/mapanare/self/mnc-stage1)
==77181== 
==77181== 168 bytes in 1 blocks are indirectly lost in loss record 684 of 793
==77181==    at 0x484D953: calloc (in /usr/libexec/valgrind/vgpreload_memcheck-amd64-linux.so)
==77181==    by 0x497A5C: semantic__register_builtins (in /mnt/c/Users/Juan/Documents/GitHub/Mapanare/mapanare/self/mnc-stage1)
==77181== 
==77181== 168 bytes in 1 blocks are indirectly lost in loss record 685 of 793
==77181==    at 0x4846828: malloc (in /usr/libexec/valgrind/vgpreload_memcheck-amd64-linux.so)
==77181==    by 0x497B21: semantic__register_builtins (in /mnt/c/Users/Juan/Documents/GitHub/Mapanare/mapanare/self/mnc-stage1)
==77181== 
==77181== 168 bytes in 1 blocks are indirectly lost in loss record 686 of 793
==77181==    at 0x4846828: malloc (in /usr/libexec/valgrind/vgpreload_memcheck-amd64-linux.so)
==77181==    by 0x437A97: semantic__make_builtin_fn_type (in /mnt/c/Users/Juan/Documents/GitHub/Mapanare/mapanare/self/mnc-stage1)
==77181==    by 0xC7: ???
==77181== 
==77181== 168 bytes in 1 blocks are indirectly lost in loss record 687 of 793
==77181==    at 0x484D953: calloc (in /usr/libexec/valgrind/vgpreload_memcheck-amd64-linux.so)
==77181==    by 0x43AEBD: semantic__resolve_type_opt (in /mnt/c/Users/Juan/Documents/GitHub/Mapanare/mapanare/self/mnc-stage1)
==77181==    by 0xC7: ???
==77181== 
==77181== 168 bytes in 1 blocks are indirectly lost in loss record 688 of 793
==77181==    at 0x4846828: malloc (in /usr/libexec/valgrind/vgpreload_memcheck-amd64-linux.so)
==77181==    by 0x477EA4: semantic__register_def (in /mnt/c/Users/Juan/Documents/GitHub/Mapanare/mapanare/self/mnc-stage1)
==77181== 
==77181== 168 bytes in 1 blocks are indirectly lost in loss record 689 of 793
==77181==    at 0x484D953: calloc (in /usr/libexec/valgrind/vgpreload_memcheck-amd64-linux.so)
==77181==    by 0x439E73: semantic__resolve_type_expr (in /mnt/c/Users/Juan/Documents/GitHub/Mapanare/mapanare/self/mnc-stage1)
==77181== 
==77181== 168 bytes in 1 blocks are indirectly lost in loss record 690 of 793
==77181==    at 0x484D953: calloc (in /usr/libexec/valgrind/vgpreload_memcheck-amd64-linux.so)
==77181==    by 0x43AEBD: semantic__resolve_type_opt (in /mnt/c/Users/Juan/Documents/GitHub/Mapanare/mapanare/self/mnc-stage1)
==77181==    by 0x6A7CCFF: ???
==77181== 
==77181== 168 bytes in 1 blocks are indirectly lost in loss record 691 of 793
==77181==    at 0x484D953: calloc (in /usr/libexec/valgrind/vgpreload_memcheck-amd64-linux.so)
==77181==    by 0x43AEBD: semantic__resolve_type_opt (in /mnt/c/Users/Juan/Documents/GitHub/Mapanare/mapanare/self/mnc-stage1)
==77181==    by 0x6A8068F: ???
==77181== 
==77181== 168 bytes in 1 blocks are definitely lost in loss record 692 of 793
==77181==    at 0x484D953: calloc (in /usr/libexec/valgrind/vgpreload_memcheck-amd64-linux.so)
==77181==    by 0x415BCF: compile (in /mnt/c/Users/Juan/Documents/GitHub/Mapanare/mapanare/self/mnc-stage1)
==77181== 
==77181== 168 bytes in 1 blocks are definitely lost in loss record 693 of 793
==77181==    at 0x484D953: calloc (in /usr/libexec/valgrind/vgpreload_memcheck-amd64-linux.so)
==77181==    by 0x436E4B: semantic__unknown_type (in /mnt/c/Users/Juan/Documents/GitHub/Mapanare/mapanare/self/mnc-stage1)
==77181== 
==77181== 168 bytes in 1 blocks are definitely lost in loss record 694 of 793
==77181==    at 0x484D953: calloc (in /usr/libexec/valgrind/vgpreload_memcheck-amd64-linux.so)
==77181==    by 0x43AEBD: semantic__resolve_type_opt (in /mnt/c/Users/Juan/Documents/GitHub/Mapanare/mapanare/self/mnc-stage1)
==77181== 
==77181== 168 bytes in 1 blocks are definitely lost in loss record 695 of 793
==77181==    at 0x484D953: calloc (in /usr/libexec/valgrind/vgpreload_memcheck-amd64-linux.so)
==77181==    by 0x43B478: semantic__infer_expr (in /mnt/c/Users/Juan/Documents/GitHub/Mapanare/mapanare/self/mnc-stage1)
==77181== 
==77181== 168 bytes in 1 blocks are definitely lost in loss record 696 of 793
==77181==    at 0x484D953: calloc (in /usr/libexec/valgrind/vgpreload_memcheck-amd64-linux.so)
==77181==    by 0x43AEBD: semantic__resolve_type_opt (in /mnt/c/Users/Juan/Documents/GitHub/Mapanare/mapanare/self/mnc-stage1)
==77181==    by 0x6A7F87F: ???
==77181== 
==77181== 168 bytes in 1 blocks are definitely lost in loss record 697 of 793
==77181==    at 0x484D953: calloc (in /usr/libexec/valgrind/vgpreload_memcheck-amd64-linux.so)
==77181==    by 0x43AEBD: semantic__resolve_type_opt (in /mnt/c/Users/Juan/Documents/GitHub/Mapanare/mapanare/self/mnc-stage1)
==77181==    by 0x73D92F: ??? (in /mnt/c/Users/Juan/Documents/GitHub/Mapanare/mapanare/self/mnc-stage1)
==77181== 
==77181== 168 bytes in 3 blocks are definitely lost in loss record 698 of 793
==77181==    at 0x4846828: malloc (in /usr/libexec/valgrind/vgpreload_memcheck-amd64-linux.so)
==77181==    by 0x481C65: semantic__check_fn_body (in /mnt/c/Users/Juan/Documents/GitHub/Mapanare/mapanare/self/mnc-stage1)
==77181== 
==77181== 170 bytes in 2 blocks are indirectly lost in loss record 699 of 793
==77181==    at 0x484D953: calloc (in /usr/libexec/valgrind/vgpreload_memcheck-amd64-linux.so)
==77181==    by 0x723DE9: __mn_alloc (in /mnt/c/Users/Juan/Documents/GitHub/Mapanare/mapanare/self/mnc-stage1)
==77181==    by 0x7249CE: __mn_str_concat (in /mnt/c/Users/Juan/Documents/GitHub/Mapanare/mapanare/self/mnc-stage1)
==77181==    by 0x68D511: emit_llvm__declare_runtime_fn (in /mnt/c/Users/Juan/Documents/GitHub/Mapanare/mapanare/self/mnc-stage1)
==77181==    by 0x1: ???
==77181==    by 0x6AB59DF: ???
==77181==    by 0xF: ???
==77181== 
==77181== 172 bytes in 3 blocks are indirectly lost in loss record 700 of 793
==77181==    at 0x484D953: calloc (in /usr/libexec/valgrind/vgpreload_memcheck-amd64-linux.so)
==77181==    by 0x723DE9: __mn_alloc (in /mnt/c/Users/Juan/Documents/GitHub/Mapanare/mapanare/self/mnc-stage1)
==77181==    by 0x7249CE: __mn_str_concat (in /mnt/c/Users/Juan/Documents/GitHub/Mapanare/mapanare/self/mnc-stage1)
==77181==    by 0x68D511: emit_llvm__declare_runtime_fn (in /mnt/c/Users/Juan/Documents/GitHub/Mapanare/mapanare/self/mnc-stage1)
==77181==    by 0x3: ???
==77181==    by 0x6AB59DF: ???
==77181==    by 0xF: ???
==77181== 
==77181== 172 bytes in 3 blocks are indirectly lost in loss record 701 of 793
==77181==    at 0x484D953: calloc (in /usr/libexec/valgrind/vgpreload_memcheck-amd64-linux.so)
==77181==    by 0x723DE9: __mn_alloc (in /mnt/c/Users/Juan/Documents/GitHub/Mapanare/mapanare/self/mnc-stage1)
==77181==    by 0x7249CE: __mn_str_concat (in /mnt/c/Users/Juan/Documents/GitHub/Mapanare/mapanare/self/mnc-stage1)
==77181==    by 0x70CEA1: emit_llvm__emit_builtin_print (in /mnt/c/Users/Juan/Documents/GitHub/Mapanare/mapanare/self/mnc-stage1)
==77181== 
==77181== 176 bytes in 1 blocks are indirectly lost in loss record 702 of 793
==77181==    at 0x4846828: malloc (in /usr/libexec/valgrind/vgpreload_memcheck-amd64-linux.so)
==77181==    by 0x5E7B64: lower__lower_field_access (in /mnt/c/Users/Juan/Documents/GitHub/Mapanare/mapanare/self/mnc-stage1)
==77181==    by 0x1: ???
==77181== 
==77181== 176 bytes in 2 blocks are indirectly lost in loss record 703 of 793
==77181==    at 0x4846828: malloc (in /usr/libexec/valgrind/vgpreload_memcheck-amd64-linux.so)
==77181==    by 0x4F1797: lower__lower_return (in /mnt/c/Users/Juan/Documents/GitHub/Mapanare/mapanare/self/mnc-stage1)
==77181== 
==77181== 176 bytes in 5 blocks are indirectly lost in loss record 704 of 793
==77181==    at 0x484D953: calloc (in /usr/libexec/valgrind/vgpreload_memcheck-amd64-linux.so)
==77181==    by 0x723DE9: __mn_alloc (in /mnt/c/Users/Juan/Documents/GitHub/Mapanare/mapanare/self/mnc-stage1)
==77181==    by 0x7249CE: __mn_str_concat (in /mnt/c/Users/Juan/Documents/GitHub/Mapanare/mapanare/self/mnc-stage1)
==77181==    by 0x6A2C1D: emit_llvm__emit_mir_by_kind (in /mnt/c/Users/Juan/Documents/GitHub/Mapanare/mapanare/self/mnc-stage1)
==77181== 
==77181== 184 bytes in 1 blocks are indirectly lost in loss record 705 of 793
==77181==    at 0x4846828: malloc (in /usr/libexec/valgrind/vgpreload_memcheck-amd64-linux.so)
==77181==    by 0x59B29A: lower__try_monomorphize_struct (in /mnt/c/Users/Juan/Documents/GitHub/Mapanare/mapanare/self/mnc-stage1)
==77181==    by 0xFFFFFFFFFFFFFF: ???
==77181==    by 0x8000000000000007: ???
==77181==    by 0x9: ???
==77181==    by 0x6AA8B5F: ???
==77181==    by 0x6AA2FAF: ???
==77181== 
==77181== 184 bytes in 1 blocks are indirectly lost in loss record 706 of 793
==77181==    at 0x4846828: malloc (in /usr/libexec/valgrind/vgpreload_memcheck-amd64-linux.so)
==77181==    by 0x59B29A: lower__try_monomorphize_struct (in /mnt/c/Users/Juan/Documents/GitHub/Mapanare/mapanare/self/mnc-stage1)
==77181==    by 0xFFFFFFFFFFFFFF: ???
==77181==    by 0x8000000000000007: ???
==77181==    by 0x9: ???
==77181==    by 0x6AABCAF: ???
==77181==    by 0x6AAB7CF: ???
==77181== 
==77181== 187 bytes in 3 blocks are indirectly lost in loss record 707 of 793
==77181==    at 0x484D953: calloc (in /usr/libexec/valgrind/vgpreload_memcheck-amd64-linux.so)
==77181==    by 0x723DE9: __mn_alloc (in /mnt/c/Users/Juan/Documents/GitHub/Mapanare/mapanare/self/mnc-stage1)
==77181==    by 0x7249CE: __mn_str_concat (in /mnt/c/Users/Juan/Documents/GitHub/Mapanare/mapanare/self/mnc-stage1)
==77181==    by 0x68D511: emit_llvm__declare_runtime_fn (in /mnt/c/Users/Juan/Documents/GitHub/Mapanare/mapanare/self/mnc-stage1)
==77181==    by 0x3: ???
==77181==    by 0x6AC02CF: ???
==77181==    by 0xF: ???
==77181== 
==77181== 191 bytes in 3 blocks are indirectly lost in loss record 708 of 793
==77181==    at 0x484D953: calloc (in /usr/libexec/valgrind/vgpreload_memcheck-amd64-linux.so)
==77181==    by 0x723DE9: __mn_alloc (in /mnt/c/Users/Juan/Documents/GitHub/Mapanare/mapanare/self/mnc-stage1)
==77181==    by 0x7249CE: __mn_str_concat (in /mnt/c/Users/Juan/Documents/GitHub/Mapanare/mapanare/self/mnc-stage1)
==77181==    by 0x71C78C: emit_llvm__emit_mir_function (in /mnt/c/Users/Juan/Documents/GitHub/Mapanare/mapanare/self/mnc-stage1)
==77181==    by 0x3F: ???
==77181== 
==77181== 192 bytes in 12 blocks are definitely lost in loss record 709 of 793
==77181==    at 0x4846828: malloc (in /usr/libexec/valgrind/vgpreload_memcheck-amd64-linux.so)
==77181==    by 0x728B99: __mn_range (in /mnt/c/Users/Juan/Documents/GitHub/Mapanare/mapanare/self/mnc-stage1)
==77181==    by 0x437E86: semantic__scope_lookup (in /mnt/c/Users/Juan/Documents/GitHub/Mapanare/mapanare/self/mnc-stage1)
==77181== 
==77181== 210 bytes in 5 blocks are indirectly lost in loss record 710 of 793
==77181==    at 0x484D953: calloc (in /usr/libexec/valgrind/vgpreload_memcheck-amd64-linux.so)
==77181==    by 0x723DE9: __mn_alloc (in /mnt/c/Users/Juan/Documents/GitHub/Mapanare/mapanare/self/mnc-stage1)
==77181==    by 0x7249CE: __mn_str_concat (in /mnt/c/Users/Juan/Documents/GitHub/Mapanare/mapanare/self/mnc-stage1)
==77181==    by 0x6CF7C4: emit_llvm__emit_store (in /mnt/c/Users/Juan/Documents/GitHub/Mapanare/mapanare/self/mnc-stage1)
==77181== 
==77181== 220 (144 direct, 76 indirect) bytes in 1 blocks are definitely lost in loss record 711 of 793
==77181==    at 0x484D953: calloc (in /usr/libexec/valgrind/vgpreload_memcheck-amd64-linux.so)
==77181==    by 0x723DE9: __mn_alloc (in /mnt/c/Users/Juan/Documents/GitHub/Mapanare/mapanare/self/mnc-stage1)
==77181==    by 0x725AFA: __mn_list_push (in /mnt/c/Users/Juan/Documents/GitHub/Mapanare/mapanare/self/mnc-stage1)
==77181==    by 0x414DD2: resolve_imports (in /mnt/c/Users/Juan/Documents/GitHub/Mapanare/mapanare/self/mnc-stage1)
==77181==    by 0x6A73667: ???
==77181==    by 0x62: ???
==77181== 
==77181== 233 bytes in 5 blocks are indirectly lost in loss record 712 of 793
==77181==    at 0x484D953: calloc (in /usr/libexec/valgrind/vgpreload_memcheck-amd64-linux.so)
==77181==    by 0x723DE9: __mn_alloc (in /mnt/c/Users/Juan/Documents/GitHub/Mapanare/mapanare/self/mnc-stage1)
==77181==    by 0x7249CE: __mn_str_concat (in /mnt/c/Users/Juan/Documents/GitHub/Mapanare/mapanare/self/mnc-stage1)
==77181==    by 0x6CE754: emit_llvm__emit_load (in /mnt/c/Users/Juan/Documents/GitHub/Mapanare/mapanare/self/mnc-stage1)
==77181== 
==77181== 250 bytes in 3 blocks are indirectly lost in loss record 713 of 793
==77181==    at 0x484D953: calloc (in /usr/libexec/valgrind/vgpreload_memcheck-amd64-linux.so)
==77181==    by 0x723DE9: __mn_alloc (in /mnt/c/Users/Juan/Documents/GitHub/Mapanare/mapanare/self/mnc-stage1)
==77181==    by 0x7249CE: __mn_str_concat (in /mnt/c/Users/Juan/Documents/GitHub/Mapanare/mapanare/self/mnc-stage1)
==77181==    by 0x68D511: emit_llvm__declare_runtime_fn (in /mnt/c/Users/Juan/Documents/GitHub/Mapanare/mapanare/self/mnc-stage1)
==77181==    by 0x18: ???
==77181==    by 0x6AB934F: ???
==77181==    by 0xF: ???
==77181== 
==77181== 272 bytes in 1 blocks are indirectly lost in loss record 714 of 793
==77181==    at 0x4846828: malloc (in /usr/libexec/valgrind/vgpreload_memcheck-amd64-linux.so)
==77181==    by 0x42797A: parser__parse_fn_body (in /mnt/c/Users/Juan/Documents/GitHub/Mapanare/mapanare/self/mnc-stage1)
==77181== 
==77181== 272 bytes in 1 blocks are indirectly lost in loss record 715 of 793
==77181==    at 0x484D953: calloc (in /usr/libexec/valgrind/vgpreload_memcheck-amd64-linux.so)
==77181==    by 0x723DE9: __mn_alloc (in /mnt/c/Users/Juan/Documents/GitHub/Mapanare/mapanare/self/mnc-stage1)
==77181==    by 0x725BBF: __mn_list_push (in /mnt/c/Users/Juan/Documents/GitHub/Mapanare/mapanare/self/mnc-stage1)
==77181==    by 0x689AB0: emit_llvm__build_internal_struct_list (in /mnt/c/Users/Juan/Documents/GitHub/Mapanare/mapanare/self/mnc-stage1)
==77181==    by 0xF: ???
==77181== 
==77181== 272 bytes in 1 blocks are indirectly lost in loss record 716 of 793
==77181==    at 0x484D953: calloc (in /usr/libexec/valgrind/vgpreload_memcheck-amd64-linux.so)
==77181==    by 0x723DE9: __mn_alloc (in /mnt/c/Users/Juan/Documents/GitHub/Mapanare/mapanare/self/mnc-stage1)
==77181==    by 0x725BBF: __mn_list_push (in /mnt/c/Users/Juan/Documents/GitHub/Mapanare/mapanare/self/mnc-stage1)
==77181==    by 0x689D47: emit_llvm__build_internal_struct_list (in /mnt/c/Users/Juan/Documents/GitHub/Mapanare/mapanare/self/mnc-stage1)
==77181==    by 0xF: ???
==77181== 
==77181== 272 bytes in 1 blocks are indirectly lost in loss record 717 of 793
==77181==    at 0x484D953: calloc (in /usr/libexec/valgrind/vgpreload_memcheck-amd64-linux.so)
==77181==    by 0x723DE9: __mn_alloc (in /mnt/c/Users/Juan/Documents/GitHub/Mapanare/mapanare/self/mnc-stage1)
==77181==    by 0x725BBF: __mn_list_push (in /mnt/c/Users/Juan/Documents/GitHub/Mapanare/mapanare/self/mnc-stage1)
==77181==    by 0x68A05F: emit_llvm__build_internal_struct_list (in /mnt/c/Users/Juan/Documents/GitHub/Mapanare/mapanare/self/mnc-stage1)
==77181==    by 0xF: ???
==77181== 
==77181== 277 bytes in 4 blocks are indirectly lost in loss record 718 of 793
==77181==    at 0x484D953: calloc (in /usr/libexec/valgrind/vgpreload_memcheck-amd64-linux.so)
==77181==    by 0x723DE9: __mn_alloc (in /mnt/c/Users/Juan/Documents/GitHub/Mapanare/mapanare/self/mnc-stage1)
==77181==    by 0x7249CE: __mn_str_concat (in /mnt/c/Users/Juan/Documents/GitHub/Mapanare/mapanare/self/mnc-stage1)
==77181==    by 0x68D511: emit_llvm__declare_runtime_fn (in /mnt/c/Users/Juan/Documents/GitHub/Mapanare/mapanare/self/mnc-stage1)
==77181==    by 0x2: ???
==77181==    by 0x6AB59DF: ???
==77181==    by 0xF: ???
==77181== 
==77181== 284 bytes in 5 blocks are indirectly lost in loss record 719 of 793
==77181==    at 0x484D953: calloc (in /usr/libexec/valgrind/vgpreload_memcheck-amd64-linux.so)
==77181==    by 0x723DE9: __mn_alloc (in /mnt/c/Users/Juan/Documents/GitHub/Mapanare/mapanare/self/mnc-stage1)
==77181==    by 0x7249CE: __mn_str_concat (in /mnt/c/Users/Juan/Documents/GitHub/Mapanare/mapanare/self/mnc-stage1)
==77181==    by 0x68D511: emit_llvm__declare_runtime_fn (in /mnt/c/Users/Juan/Documents/GitHub/Mapanare/mapanare/self/mnc-stage1)
==77181==    by 0x3: ???
==77181==    by 0x6AB934F: ???
==77181==    by 0xF: ???
==77181== 
==77181== 288 bytes in 2 blocks are indirectly lost in loss record 720 of 793
==77181==    at 0x484D953: calloc (in /usr/libexec/valgrind/vgpreload_memcheck-amd64-linux.so)
==77181==    by 0x723DE9: __mn_alloc (in /mnt/c/Users/Juan/Documents/GitHub/Mapanare/mapanare/self/mnc-stage1)
==77181==    by 0x725AFA: __mn_list_push (in /mnt/c/Users/Juan/Documents/GitHub/Mapanare/mapanare/self/mnc-stage1)
==77181==    by 0x49D5DD: lower_state__emit_instr (in /mnt/c/Users/Juan/Documents/GitHub/Mapanare/mapanare/self/mnc-stage1)
==77181== 
==77181== 288 bytes in 2 blocks are indirectly lost in loss record 721 of 793
==77181==    at 0x4846828: malloc (in /usr/libexec/valgrind/vgpreload_memcheck-amd64-linux.so)
==77181==    by 0x4EBE65: lower__lower_let (in /mnt/c/Users/Juan/Documents/GitHub/Mapanare/mapanare/self/mnc-stage1)
==77181==    by 0x8000000000000007: ???
==77181== 
==77181== 288 bytes in 2 blocks are indirectly lost in loss record 722 of 793
==77181==    at 0x484D953: calloc (in /usr/libexec/valgrind/vgpreload_memcheck-amd64-linux.so)
==77181==    by 0x723DE9: __mn_alloc (in /mnt/c/Users/Juan/Documents/GitHub/Mapanare/mapanare/self/mnc-stage1)
==77181==    by 0x725AFA: __mn_list_push (in /mnt/c/Users/Juan/Documents/GitHub/Mapanare/mapanare/self/mnc-stage1)
==77181==    by 0x722B68: emit_llvm__emit_mir_module (in /mnt/c/Users/Juan/Documents/GitHub/Mapanare/mapanare/self/mnc-stage1)
==77181==    by 0x3F: ???
==77181== 
==77181== 288 bytes in 2 blocks are indirectly lost in loss record 723 of 793
==77181==    at 0x484D953: calloc (in /usr/libexec/valgrind/vgpreload_memcheck-amd64-linux.so)
==77181==    by 0x723DE9: __mn_alloc (in /mnt/c/Users/Juan/Documents/GitHub/Mapanare/mapanare/self/mnc-stage1)
==77181==    by 0x725AFA: __mn_list_push (in /mnt/c/Users/Juan/Documents/GitHub/Mapanare/mapanare/self/mnc-stage1)
==77181==    by 0x71C01C: emit_llvm__emit_mir_function (in /mnt/c/Users/Juan/Documents/GitHub/Mapanare/mapanare/self/mnc-stage1)
==77181==    by 0x3F: ???
==77181== 
==77181== 288 bytes in 2 blocks are definitely lost in loss record 724 of 793
==77181==    at 0x484D953: calloc (in /usr/libexec/valgrind/vgpreload_memcheck-amd64-linux.so)
==77181==    by 0x723DE9: __mn_alloc (in /mnt/c/Users/Juan/Documents/GitHub/Mapanare/mapanare/self/mnc-stage1)
==77181==    by 0x725AFA: __mn_list_push (in /mnt/c/Users/Juan/Documents/GitHub/Mapanare/mapanare/self/mnc-stage1)
==77181==    by 0x678F74: mir_opt__constant_fold_block (in /mnt/c/Users/Juan/Documents/GitHub/Mapanare/mapanare/self/mnc-stage1)
==77181== 
==77181== 288 bytes in 18 blocks are definitely lost in loss record 725 of 793
==77181==    at 0x4846828: malloc (in /usr/libexec/valgrind/vgpreload_memcheck-amd64-linux.so)
==77181==    by 0x728B99: __mn_range (in /mnt/c/Users/Juan/Documents/GitHub/Mapanare/mapanare/self/mnc-stage1)
==77181==    by 0x69C37B: emit_llvm__is_enum_type (in /mnt/c/Users/Juan/Documents/GitHub/Mapanare/mapanare/self/mnc-stage1)
==77181== 
==77181== 289 bytes in 17 blocks are definitely lost in loss record 726 of 793
==77181==    at 0x484D953: calloc (in /usr/libexec/valgrind/vgpreload_memcheck-amd64-linux.so)
==77181==    by 0x723DE9: __mn_alloc (in /mnt/c/Users/Juan/Documents/GitHub/Mapanare/mapanare/self/mnc-stage1)
==77181==    by 0x7249CE: __mn_str_concat (in /mnt/c/Users/Juan/Documents/GitHub/Mapanare/mapanare/self/mnc-stage1)
==77181==    by 0x68D0BD: emit_llvm__resolve_type (in /mnt/c/Users/Juan/Documents/GitHub/Mapanare/mapanare/self/mnc-stage1)
==77181==    by 0x3F: ???
==77181== 
==77181== 298 (272 direct, 26 indirect) bytes in 1 blocks are definitely lost in loss record 727 of 793
==77181==    at 0x484D953: calloc (in /usr/libexec/valgrind/vgpreload_memcheck-amd64-linux.so)
==77181==    by 0x723DE9: __mn_alloc (in /mnt/c/Users/Juan/Documents/GitHub/Mapanare/mapanare/self/mnc-stage1)
==77181==    by 0x725AFA: __mn_list_push (in /mnt/c/Users/Juan/Documents/GitHub/Mapanare/mapanare/self/mnc-stage1)
==77181==    by 0x59CEA6: lower__monomorphize_impl_methods (in /mnt/c/Users/Juan/Documents/GitHub/Mapanare/mapanare/self/mnc-stage1)
==77181== 
==77181== 300 bytes in 4 blocks are indirectly lost in loss record 728 of 793
==77181==    at 0x484D953: calloc (in /usr/libexec/valgrind/vgpreload_memcheck-amd64-linux.so)
==77181==    by 0x723DE9: __mn_alloc (in /mnt/c/Users/Juan/Documents/GitHub/Mapanare/mapanare/self/mnc-stage1)
==77181==    by 0x7249CE: __mn_str_concat (in /mnt/c/Users/Juan/Documents/GitHub/Mapanare/mapanare/self/mnc-stage1)
==77181==    by 0x68D511: emit_llvm__declare_runtime_fn (in /mnt/c/Users/Juan/Documents/GitHub/Mapanare/mapanare/self/mnc-stage1)
==77181==    by 0x2: ???
==77181==    by 0x6AB433F: ???
==77181==    by 0xF: ???
==77181== 
==77181== 320 bytes in 2 blocks are indirectly lost in loss record 729 of 793
==77181==    at 0x4846828: malloc (in /usr/libexec/valgrind/vgpreload_memcheck-amd64-linux.so)
==77181==    by 0x4EEA49: lower__lower_let (in /mnt/c/Users/Juan/Documents/GitHub/Mapanare/mapanare/self/mnc-stage1)
==77181==    by 0x8000000000000007: ???
==77181== 
==77181== 336 bytes in 2 blocks are indirectly lost in loss record 730 of 793
==77181==    at 0x484D953: calloc (in /usr/libexec/valgrind/vgpreload_memcheck-amd64-linux.so)
==77181==    by 0x437669: semantic__make_type (in /mnt/c/Users/Juan/Documents/GitHub/Mapanare/mapanare/self/mnc-stage1)
==77181== 
==77181== 336 bytes in 2 blocks are indirectly lost in loss record 731 of 793
==77181==    at 0x484D953: calloc (in /usr/libexec/valgrind/vgpreload_memcheck-amd64-linux.so)
==77181==    by 0x43B478: semantic__infer_expr (in /mnt/c/Users/Juan/Documents/GitHub/Mapanare/mapanare/self/mnc-stage1)
==77181== 
==77181== 336 bytes in 2 blocks are definitely lost in loss record 732 of 793
==77181==    at 0x484D953: calloc (in /usr/libexec/valgrind/vgpreload_memcheck-amd64-linux.so)
==77181==    by 0x439E73: semantic__resolve_type_expr (in /mnt/c/Users/Juan/Documents/GitHub/Mapanare/mapanare/self/mnc-stage1)
==77181== 
==77181== 344 bytes in 5 blocks are indirectly lost in loss record 733 of 793
==77181==    at 0x484D953: calloc (in /usr/libexec/valgrind/vgpreload_memcheck-amd64-linux.so)
==77181==    by 0x723DE9: __mn_alloc (in /mnt/c/Users/Juan/Documents/GitHub/Mapanare/mapanare/self/mnc-stage1)
==77181==    by 0x7249CE: __mn_str_concat (in /mnt/c/Users/Juan/Documents/GitHub/Mapanare/mapanare/self/mnc-stage1)
==77181==    by 0x68D511: emit_llvm__declare_runtime_fn (in /mnt/c/Users/Juan/Documents/GitHub/Mapanare/mapanare/self/mnc-stage1)
==77181==    by 0x9: ???
==77181==    by 0x6AB59DF: ???
==77181==    by 0xF: ???
==77181== 
==77181== 350 (272 direct, 78 indirect) bytes in 1 blocks are definitely lost in loss record 734 of 793
==77181==    at 0x484D953: calloc (in /usr/libexec/valgrind/vgpreload_memcheck-amd64-linux.so)
==77181==    by 0x723DE9: __mn_alloc (in /mnt/c/Users/Juan/Documents/GitHub/Mapanare/mapanare/self/mnc-stage1)
==77181==    by 0x725AFA: __mn_list_push (in /mnt/c/Users/Juan/Documents/GitHub/Mapanare/mapanare/self/mnc-stage1)
==77181==    by 0x4B78AD: lower__register_definition (in /mnt/c/Users/Juan/Documents/GitHub/Mapanare/mapanare/self/mnc-stage1)
==77181== 
==77181== 364 bytes in 1 blocks are definitely lost in loss record 735 of 793
==77181==    at 0x484D953: calloc (in /usr/libexec/valgrind/vgpreload_memcheck-amd64-linux.so)
==77181==    by 0x723DE9: __mn_alloc (in /mnt/c/Users/Juan/Documents/GitHub/Mapanare/mapanare/self/mnc-stage1)
==77181==    by 0x7266C3: __mn_file_read (in /mnt/c/Users/Juan/Documents/GitHub/Mapanare/mapanare/self/mnc-stage1)
==77181==    by 0x728A47: __mn_file_read_or_empty (in /mnt/c/Users/Juan/Documents/GitHub/Mapanare/mapanare/self/mnc-stage1)
==77181==    by 0x418E28: mn_main (in /mnt/c/Users/Juan/Documents/GitHub/Mapanare/mapanare/self/mnc-stage1)
==77181==    by 0x4989A63: clone (clone.S:100)
==77181== 
==77181== 408 bytes in 3 blocks are indirectly lost in loss record 736 of 793
==77181==    at 0x4846828: malloc (in /usr/libexec/valgrind/vgpreload_memcheck-amd64-linux.so)
==77181==    by 0x5DAB24: lower__lower_method_call (in /mnt/c/Users/Juan/Documents/GitHub/Mapanare/mapanare/self/mnc-stage1)
==77181== 
==77181== 408 bytes in 3 blocks are indirectly lost in loss record 737 of 793
==77181==    at 0x4846828: malloc (in /usr/libexec/valgrind/vgpreload_memcheck-amd64-linux.so)
==77181==    by 0x5A9239: lower__lower_call_by_name (in /mnt/c/Users/Juan/Documents/GitHub/Mapanare/mapanare/self/mnc-stage1)
==77181== 
==77181== 426 bytes in 213 blocks are definitely lost in loss record 738 of 793
==77181==    at 0x484D953: calloc (in /usr/libexec/valgrind/vgpreload_memcheck-amd64-linux.so)
==77181==    by 0x723DE9: __mn_alloc (in /mnt/c/Users/Juan/Documents/GitHub/Mapanare/mapanare/self/mnc-stage1)
==77181==    by 0x7245AB: __mn_str_from_parts (in /mnt/c/Users/Juan/Documents/GitHub/Mapanare/mapanare/self/mnc-stage1)
==77181==    by 0x42244E: lexer__tokenize (in /mnt/c/Users/Juan/Documents/GitHub/Mapanare/mapanare/self/mnc-stage1)
==77181== 
==77181== 427 bytes in 6 blocks are indirectly lost in loss record 739 of 793
==77181==    at 0x484D953: calloc (in /usr/libexec/valgrind/vgpreload_memcheck-amd64-linux.so)
==77181==    by 0x723DE9: __mn_alloc (in /mnt/c/Users/Juan/Documents/GitHub/Mapanare/mapanare/self/mnc-stage1)
==77181==    by 0x7249CE: __mn_str_concat (in /mnt/c/Users/Juan/Documents/GitHub/Mapanare/mapanare/self/mnc-stage1)
==77181==    by 0x68D511: emit_llvm__declare_runtime_fn (in /mnt/c/Users/Juan/Documents/GitHub/Mapanare/mapanare/self/mnc-stage1)
==77181==    by 0x9: ???
==77181==    by 0x6AB934F: ???
==77181==    by 0xF: ???
==77181== 
==77181== 432 bytes in 3 blocks are indirectly lost in loss record 740 of 793
==77181==    at 0x484D953: calloc (in /usr/libexec/valgrind/vgpreload_memcheck-amd64-linux.so)
==77181==    by 0x723DE9: __mn_alloc (in /mnt/c/Users/Juan/Documents/GitHub/Mapanare/mapanare/self/mnc-stage1)
==77181==    by 0x725AFA: __mn_list_push (in /mnt/c/Users/Juan/Documents/GitHub/Mapanare/mapanare/self/mnc-stage1)
==77181==    by 0x430E0E: parser__parse_call_args (in /mnt/c/Users/Juan/Documents/GitHub/Mapanare/mapanare/self/mnc-stage1)
==77181==    by 0x6A83E3F: ???
==77181==    by 0x62: ???
==77181==    by 0x7F: ???
==77181==    by 0x3F: ???
==77181== 
==77181== 432 bytes in 3 blocks are indirectly lost in loss record 741 of 793
==77181==    at 0x4846828: malloc (in /usr/libexec/valgrind/vgpreload_memcheck-amd64-linux.so)
==77181==    by 0x4CE573: lower__bind_fn_params (in /mnt/c/Users/Juan/Documents/GitHub/Mapanare/mapanare/self/mnc-stage1)
==77181== 
==77181== 464 bytes in 1 blocks are indirectly lost in loss record 742 of 793
==77181==    at 0x484D953: calloc (in /usr/libexec/valgrind/vgpreload_memcheck-amd64-linux.so)
==77181==    by 0x723DE9: __mn_alloc (in /mnt/c/Users/Juan/Documents/GitHub/Mapanare/mapanare/self/mnc-stage1)
==77181==    by 0x725AFA: __mn_list_push (in /mnt/c/Users/Juan/Documents/GitHub/Mapanare/mapanare/self/mnc-stage1)
==77181==    by 0x67B7BB: mir_opt__const_prop_function (in /mnt/c/Users/Juan/Documents/GitHub/Mapanare/mapanare/self/mnc-stage1)
==77181== 
==77181== 464 bytes in 1 blocks are definitely lost in loss record 743 of 793
==77181==    at 0x484D953: calloc (in /usr/libexec/valgrind/vgpreload_memcheck-amd64-linux.so)
==77181==    by 0x723DE9: __mn_alloc (in /mnt/c/Users/Juan/Documents/GitHub/Mapanare/mapanare/self/mnc-stage1)
==77181==    by 0x725AFA: __mn_list_push (in /mnt/c/Users/Juan/Documents/GitHub/Mapanare/mapanare/self/mnc-stage1)
==77181==    by 0x679476: mir_opt__constant_fold_function (in /mnt/c/Users/Juan/Documents/GitHub/Mapanare/mapanare/self/mnc-stage1)
==77181==    by 0xF: ???
==77181== 
==77181== 480 bytes in 3 blocks are indirectly lost in loss record 744 of 793
==77181==    at 0x4846828: malloc (in /usr/libexec/valgrind/vgpreload_memcheck-amd64-linux.so)
==77181==    by 0x542D4C: lower__lower_expr (in /mnt/c/Users/Juan/Documents/GitHub/Mapanare/mapanare/self/mnc-stage1)
==77181== 
==77181== 480 bytes in 3 blocks are indirectly lost in loss record 745 of 793
==77181==    at 0x4846828: malloc (in /usr/libexec/valgrind/vgpreload_memcheck-amd64-linux.so)
==77181==    by 0x4CF084: lower__bind_fn_params (in /mnt/c/Users/Juan/Documents/GitHub/Mapanare/mapanare/self/mnc-stage1)
==77181== 
==77181== 488 bytes in 8 blocks are indirectly lost in loss record 746 of 793
==77181==    at 0x484D953: calloc (in /usr/libexec/valgrind/vgpreload_memcheck-amd64-linux.so)
==77181==    by 0x723DE9: __mn_alloc (in /mnt/c/Users/Juan/Documents/GitHub/Mapanare/mapanare/self/mnc-stage1)
==77181==    by 0x7249CE: __mn_str_concat (in /mnt/c/Users/Juan/Documents/GitHub/Mapanare/mapanare/self/mnc-stage1)
==77181==    by 0x68D511: emit_llvm__declare_runtime_fn (in /mnt/c/Users/Juan/Documents/GitHub/Mapanare/mapanare/self/mnc-stage1)
==77181==    by 0x2: ???
==77181==    by 0x6AB934F: ???
==77181==    by 0xF: ???
==77181== 
==77181== 504 bytes in 3 blocks are indirectly lost in loss record 747 of 793
==77181==    at 0x484D953: calloc (in /usr/libexec/valgrind/vgpreload_memcheck-amd64-linux.so)
==77181==    by 0x436E4B: semantic__unknown_type (in /mnt/c/Users/Juan/Documents/GitHub/Mapanare/mapanare/self/mnc-stage1)
==77181== 
==77181== 528 bytes in 1 blocks are indirectly lost in loss record 748 of 793
==77181==    at 0x484D953: calloc (in /usr/libexec/valgrind/vgpreload_memcheck-amd64-linux.so)
==77181==    by 0x723DE9: __mn_alloc (in /mnt/c/Users/Juan/Documents/GitHub/Mapanare/mapanare/self/mnc-stage1)
==77181==    by 0x725AFA: __mn_list_push (in /mnt/c/Users/Juan/Documents/GitHub/Mapanare/mapanare/self/mnc-stage1)
==77181==    by 0x42868D: parser__parse_struct_fields (in /mnt/c/Users/Juan/Documents/GitHub/Mapanare/mapanare/self/mnc-stage1)
==77181== 
==77181== 528 bytes in 1 blocks are indirectly lost in loss record 749 of 793
==77181==    at 0x484D953: calloc (in /usr/libexec/valgrind/vgpreload_memcheck-amd64-linux.so)
==77181==    by 0x723DE9: __mn_alloc (in /mnt/c/Users/Juan/Documents/GitHub/Mapanare/mapanare/self/mnc-stage1)
==77181==    by 0x725AFA: __mn_list_push (in /mnt/c/Users/Juan/Documents/GitHub/Mapanare/mapanare/self/mnc-stage1)
==77181==    by 0x59892C: lower__try_monomorphize_struct (in /mnt/c/Users/Juan/Documents/GitHub/Mapanare/mapanare/self/mnc-stage1)
==77181==    by 0xFFFFFFFFFFFFFF: ???
==77181== 
==77181== 528 bytes in 1 blocks are indirectly lost in loss record 750 of 793
==77181==    at 0x484D953: calloc (in /usr/libexec/valgrind/vgpreload_memcheck-amd64-linux.so)
==77181==    by 0x723DE9: __mn_alloc (in /mnt/c/Users/Juan/Documents/GitHub/Mapanare/mapanare/self/mnc-stage1)
==77181==    by 0x725BBF: __mn_list_push (in /mnt/c/Users/Juan/Documents/GitHub/Mapanare/mapanare/self/mnc-stage1)
==77181==    by 0x49D5DD: lower_state__emit_instr (in /mnt/c/Users/Juan/Documents/GitHub/Mapanare/mapanare/self/mnc-stage1)
==77181==    by 0x7: ???
==77181==    by 0x37: ???
==77181== 
==77181== 528 bytes in 1 blocks are indirectly lost in loss record 751 of 793
==77181==    at 0x484D953: calloc (in /usr/libexec/valgrind/vgpreload_memcheck-amd64-linux.so)
==77181==    by 0x723DE9: __mn_alloc (in /mnt/c/Users/Juan/Documents/GitHub/Mapanare/mapanare/self/mnc-stage1)
==77181==    by 0x725BBF: __mn_list_push (in /mnt/c/Users/Juan/Documents/GitHub/Mapanare/mapanare/self/mnc-stage1)
==77181==    by 0x67B6A8: mir_opt__const_prop_function (in /mnt/c/Users/Juan/Documents/GitHub/Mapanare/mapanare/self/mnc-stage1)
==77181== 
==77181== 528 bytes in 1 blocks are definitely lost in loss record 752 of 793
==77181==    at 0x484D953: calloc (in /usr/libexec/valgrind/vgpreload_memcheck-amd64-linux.so)
==77181==    by 0x723DE9: __mn_alloc (in /mnt/c/Users/Juan/Documents/GitHub/Mapanare/mapanare/self/mnc-stage1)
==77181==    by 0x725AFA: __mn_list_push (in /mnt/c/Users/Juan/Documents/GitHub/Mapanare/mapanare/self/mnc-stage1)
==77181==    by 0x595A4D: lower__infer_struct_type_args (in /mnt/c/Users/Juan/Documents/GitHub/Mapanare/mapanare/self/mnc-stage1)
==77181== 
==77181== 528 bytes in 1 blocks are definitely lost in loss record 753 of 793
==77181==    at 0x484D953: calloc (in /usr/libexec/valgrind/vgpreload_memcheck-amd64-linux.so)
==77181==    by 0x723DE9: __mn_alloc (in /mnt/c/Users/Juan/Documents/GitHub/Mapanare/mapanare/self/mnc-stage1)
==77181==    by 0x725AFA: __mn_list_push (in /mnt/c/Users/Juan/Documents/GitHub/Mapanare/mapanare/self/mnc-stage1)
==77181==    by 0x595A4D: lower__infer_struct_type_args (in /mnt/c/Users/Juan/Documents/GitHub/Mapanare/mapanare/self/mnc-stage1)
==77181==    by 0x87: ???
==77181==    by 0x6AAB43F: ???
==77181== 
==77181== 528 bytes in 1 blocks are definitely lost in loss record 754 of 793
==77181==    at 0x484D953: calloc (in /usr/libexec/valgrind/vgpreload_memcheck-amd64-linux.so)
==77181==    by 0x723DE9: __mn_alloc (in /mnt/c/Users/Juan/Documents/GitHub/Mapanare/mapanare/self/mnc-stage1)
==77181==    by 0x725BBF: __mn_list_push (in /mnt/c/Users/Juan/Documents/GitHub/Mapanare/mapanare/self/mnc-stage1)
==77181==    by 0x678F74: mir_opt__constant_fold_block (in /mnt/c/Users/Juan/Documents/GitHub/Mapanare/mapanare/self/mnc-stage1)
==77181== 
==77181== 532 bytes in 6 blocks are indirectly lost in loss record 755 of 793
==77181==    at 0x484D953: calloc (in /usr/libexec/valgrind/vgpreload_memcheck-amd64-linux.so)
==77181==    by 0x723DE9: __mn_alloc (in /mnt/c/Users/Juan/Documents/GitHub/Mapanare/mapanare/self/mnc-stage1)
==77181==    by 0x7249CE: __mn_str_concat (in /mnt/c/Users/Juan/Documents/GitHub/Mapanare/mapanare/self/mnc-stage1)
==77181==    by 0x68D511: emit_llvm__declare_runtime_fn (in /mnt/c/Users/Juan/Documents/GitHub/Mapanare/mapanare/self/mnc-stage1)
==77181==    by 0x18: ???
==77181==    by 0x6AC02CF: ???
==77181==    by 0xF: ???
==77181== 
==77181== 592 bytes in 1 blocks are definitely lost in loss record 756 of 793
==77181==    at 0x484D953: calloc (in /usr/libexec/valgrind/vgpreload_memcheck-amd64-linux.so)
==77181==    by 0x723DE9: __mn_alloc (in /mnt/c/Users/Juan/Documents/GitHub/Mapanare/mapanare/self/mnc-stage1)
==77181==    by 0x725AFA: __mn_list_push (in /mnt/c/Users/Juan/Documents/GitHub/Mapanare/mapanare/self/mnc-stage1)
==77181==    by 0x58DE6D: lower__specialize_fn (in /mnt/c/Users/Juan/Documents/GitHub/Mapanare/mapanare/self/mnc-stage1)
==77181==    by 0x1000000000007: ???
==77181== 
==77181== 608 (592 direct, 16 indirect) bytes in 1 blocks are definitely lost in loss record 757 of 793
==77181==    at 0x484D953: calloc (in /usr/libexec/valgrind/vgpreload_memcheck-amd64-linux.so)
==77181==    by 0x723DE9: __mn_alloc (in /mnt/c/Users/Juan/Documents/GitHub/Mapanare/mapanare/self/mnc-stage1)
==77181==    by 0x725AFA: __mn_list_push (in /mnt/c/Users/Juan/Documents/GitHub/Mapanare/mapanare/self/mnc-stage1)
==77181==    by 0x58DE6D: lower__specialize_fn (in /mnt/c/Users/Juan/Documents/GitHub/Mapanare/mapanare/self/mnc-stage1)
==77181==    by 0x1000006AA218F: ???
==77181== 
==77181== 720 bytes in 45 blocks are definitely lost in loss record 758 of 793
==77181==    at 0x4846828: malloc (in /usr/libexec/valgrind/vgpreload_memcheck-amd64-linux.so)
==77181==    by 0x728B99: __mn_range (in /mnt/c/Users/Juan/Documents/GitHub/Mapanare/mapanare/self/mnc-stage1)
==77181==    by 0x41FA11: lexer__scan_ident (in /mnt/c/Users/Juan/Documents/GitHub/Mapanare/mapanare/self/mnc-stage1)
==77181== 
==77181== 784 bytes in 1 blocks are indirectly lost in loss record 759 of 793
==77181==    at 0x484D953: calloc (in /usr/libexec/valgrind/vgpreload_memcheck-amd64-linux.so)
==77181==    by 0x723DE9: __mn_alloc (in /mnt/c/Users/Juan/Documents/GitHub/Mapanare/mapanare/self/mnc-stage1)
==77181==    by 0x725AFA: __mn_list_push (in /mnt/c/Users/Juan/Documents/GitHub/Mapanare/mapanare/self/mnc-stage1)
==77181==    by 0x5987DB: lower__try_monomorphize_struct (in /mnt/c/Users/Juan/Documents/GitHub/Mapanare/mapanare/self/mnc-stage1)
==77181==    by 0xFFFFFFFFFFFFFF: ???
==77181== 
==77181== 800 bytes in 5 blocks are indirectly lost in loss record 760 of 793
==77181==    at 0x4846828: malloc (in /usr/libexec/valgrind/vgpreload_memcheck-amd64-linux.so)
==77181==    by 0x56ADD0: lower__lower_identifier (in /mnt/c/Users/Juan/Documents/GitHub/Mapanare/mapanare/self/mnc-stage1)
==77181== 
==77181== 848 bytes in 1 blocks are definitely lost in loss record 761 of 793
==77181==    at 0x484D953: calloc (in /usr/libexec/valgrind/vgpreload_memcheck-amd64-linux.so)
==77181==    by 0x723DE9: __mn_alloc (in /mnt/c/Users/Juan/Documents/GitHub/Mapanare/mapanare/self/mnc-stage1)
==77181==    by 0x725AFA: __mn_list_push (in /mnt/c/Users/Juan/Documents/GitHub/Mapanare/mapanare/self/mnc-stage1)
==77181==    by 0x4EFA15: lower__lower_let (in /mnt/c/Users/Juan/Documents/GitHub/Mapanare/mapanare/self/mnc-stage1)
==77181== 
==77181== 848 bytes in 1 blocks are definitely lost in loss record 762 of 793
==77181==    at 0x484D953: calloc (in /usr/libexec/valgrind/vgpreload_memcheck-amd64-linux.so)
==77181==    by 0x723DE9: __mn_alloc (in /mnt/c/Users/Juan/Documents/GitHub/Mapanare/mapanare/self/mnc-stage1)
==77181==    by 0x725AFA: __mn_list_push (in /mnt/c/Users/Juan/Documents/GitHub/Mapanare/mapanare/self/mnc-stage1)
==77181==    by 0x49EEB4: lower_state__lower_pop_scope (in /mnt/c/Users/Juan/Documents/GitHub/Mapanare/mapanare/self/mnc-stage1)
==77181==    by 0xC: ???
==77181==    by 0xFFFFFFFFFFFF: ???
==77181==    by 0x6AA8F5F: ???
==77181==    by 0x1: ???
==77181==    by 0x7: ???
==77181==    by 0x67: ???
==77181== 
==77181== 851 bytes in 12 blocks are indirectly lost in loss record 763 of 793
==77181==    at 0x484D953: calloc (in /usr/libexec/valgrind/vgpreload_memcheck-amd64-linux.so)
==77181==    by 0x723DE9: __mn_alloc (in /mnt/c/Users/Juan/Documents/GitHub/Mapanare/mapanare/self/mnc-stage1)
==77181==    by 0x7249CE: __mn_str_concat (in /mnt/c/Users/Juan/Documents/GitHub/Mapanare/mapanare/self/mnc-stage1)
==77181==    by 0x68D511: emit_llvm__declare_runtime_fn (in /mnt/c/Users/Juan/Documents/GitHub/Mapanare/mapanare/self/mnc-stage1)
==77181==    by 0x9: ???
==77181==    by 0x6AC02CF: ???
==77181==    by 0xF: ???
==77181== 
==77181== 928 bytes in 2 blocks are indirectly lost in loss record 764 of 793
==77181==    at 0x484D953: calloc (in /usr/libexec/valgrind/vgpreload_memcheck-amd64-linux.so)
==77181==    by 0x723DE9: __mn_alloc (in /mnt/c/Users/Juan/Documents/GitHub/Mapanare/mapanare/self/mnc-stage1)
==77181==    by 0x725AFA: __mn_list_push (in /mnt/c/Users/Juan/Documents/GitHub/Mapanare/mapanare/self/mnc-stage1)
==77181==    by 0x679476: mir_opt__constant_fold_function (in /mnt/c/Users/Juan/Documents/GitHub/Mapanare/mapanare/self/mnc-stage1)
==77181==    by 0xF: ???
==77181== 
==77181== 1,104 bytes in 1 blocks are definitely lost in loss record 765 of 793
==77181==    at 0x484D953: calloc (in /usr/libexec/valgrind/vgpreload_memcheck-amd64-linux.so)
==77181==    by 0x723DE9: __mn_alloc (in /mnt/c/Users/Juan/Documents/GitHub/Mapanare/mapanare/self/mnc-stage1)
==77181==    by 0x725AFA: __mn_list_push (in /mnt/c/Users/Juan/Documents/GitHub/Mapanare/mapanare/self/mnc-stage1)
==77181==    by 0x4AFF7D: lower__register_definition (in /mnt/c/Users/Juan/Documents/GitHub/Mapanare/mapanare/self/mnc-stage1)
==77181== 
==77181== 1,184 bytes in 2 blocks are indirectly lost in loss record 766 of 793
==77181==    at 0x484D953: calloc (in /usr/libexec/valgrind/vgpreload_memcheck-amd64-linux.so)
==77181==    by 0x723DE9: __mn_alloc (in /mnt/c/Users/Juan/Documents/GitHub/Mapanare/mapanare/self/mnc-stage1)
==77181==    by 0x725AFA: __mn_list_push (in /mnt/c/Users/Juan/Documents/GitHub/Mapanare/mapanare/self/mnc-stage1)
==77181==    by 0x42C3CC: parser__parse_fn_params_as_data (in /mnt/c/Users/Juan/Documents/GitHub/Mapanare/mapanare/self/mnc-stage1)
==77181==    by 0x62: ???
==77181== 
==77181== 1,216 (1,184 direct, 32 indirect) bytes in 2 blocks are definitely lost in loss record 767 of 793
==77181==    at 0x484D953: calloc (in /usr/libexec/valgrind/vgpreload_memcheck-amd64-linux.so)
==77181==    by 0x723DE9: __mn_alloc (in /mnt/c/Users/Juan/Documents/GitHub/Mapanare/mapanare/self/mnc-stage1)
==77181==    by 0x725AFA: __mn_list_push (in /mnt/c/Users/Juan/Documents/GitHub/Mapanare/mapanare/self/mnc-stage1)
==77181==    by 0x4DC5A8: lower__fix_self_param_type (in /mnt/c/Users/Juan/Documents/GitHub/Mapanare/mapanare/self/mnc-stage1)
==77181==    by 0x10000000000000F: ???
==77181== 
==77181== 1,236 (592 direct, 644 indirect) bytes in 1 blocks are definitely lost in loss record 768 of 793
==77181==    at 0x484D953: calloc (in /usr/libexec/valgrind/vgpreload_memcheck-amd64-linux.so)
==77181==    by 0x723DE9: __mn_alloc (in /mnt/c/Users/Juan/Documents/GitHub/Mapanare/mapanare/self/mnc-stage1)
==77181==    by 0x725AFA: __mn_list_push (in /mnt/c/Users/Juan/Documents/GitHub/Mapanare/mapanare/self/mnc-stage1)
==77181==    by 0x7226FC: emit_llvm__emit_mir_module (in /mnt/c/Users/Juan/Documents/GitHub/Mapanare/mapanare/self/mnc-stage1)
==77181==    by 0x3F: ???
==77181== 
==77181== 1,248 (464 direct, 784 indirect) bytes in 1 blocks are definitely lost in loss record 769 of 793
==77181==    at 0x484D953: calloc (in /usr/libexec/valgrind/vgpreload_memcheck-amd64-linux.so)
==77181==    by 0x723DE9: __mn_alloc (in /mnt/c/Users/Juan/Documents/GitHub/Mapanare/mapanare/self/mnc-stage1)
==77181==    by 0x725AFA: __mn_list_push (in /mnt/c/Users/Juan/Documents/GitHub/Mapanare/mapanare/self/mnc-stage1)
==77181==    by 0x598B0E: lower__try_monomorphize_struct (in /mnt/c/Users/Juan/Documents/GitHub/Mapanare/mapanare/self/mnc-stage1)
==77181==    by 0xFFFFFFFFFFFFFF: ???
==77181== 
==77181== 1,312 bytes in 2 blocks are indirectly lost in loss record 770 of 793
==77181==    at 0x484D953: calloc (in /usr/libexec/valgrind/vgpreload_memcheck-amd64-linux.so)
==77181==    by 0x723DE9: __mn_alloc (in /mnt/c/Users/Juan/Documents/GitHub/Mapanare/mapanare/self/mnc-stage1)
==77181==    by 0x725AFA: __mn_list_push (in /mnt/c/Users/Juan/Documents/GitHub/Mapanare/mapanare/self/mnc-stage1)
==77181==    by 0x4CD0DE: lower__build_mir_params (in /mnt/c/Users/Juan/Documents/GitHub/Mapanare/mapanare/self/mnc-stage1)
==77181== 
==77181== 1,312 bytes in 2 blocks are definitely lost in loss record 771 of 793
==77181==    at 0x484D953: calloc (in /usr/libexec/valgrind/vgpreload_memcheck-amd64-linux.so)
==77181==    by 0x723DE9: __mn_alloc (in /mnt/c/Users/Juan/Documents/GitHub/Mapanare/mapanare/self/mnc-stage1)
==77181==    by 0x725AFA: __mn_list_push (in /mnt/c/Users/Juan/Documents/GitHub/Mapanare/mapanare/self/mnc-stage1)
==77181==    by 0x58198E: lower__lower_call (in /mnt/c/Users/Juan/Documents/GitHub/Mapanare/mapanare/self/mnc-stage1)
==77181==    by 0x6AA154F: ???
==77181==    by 0x1: ???
==77181== 
==77181== 1,392 bytes in 3 blocks are indirectly lost in loss record 772 of 793
==77181==    at 0x484D953: calloc (in /usr/libexec/valgrind/vgpreload_memcheck-amd64-linux.so)
==77181==    by 0x723DE9: __mn_alloc (in /mnt/c/Users/Juan/Documents/GitHub/Mapanare/mapanare/self/mnc-stage1)
==77181==    by 0x725AFA: __mn_list_push (in /mnt/c/Users/Juan/Documents/GitHub/Mapanare/mapanare/self/mnc-stage1)
==77181==    by 0x4D2313: lower__lower_fn (in /mnt/c/Users/Juan/Documents/GitHub/Mapanare/mapanare/self/mnc-stage1)
==77181== 
==77181== 1,456 (784 direct, 672 indirect) bytes in 1 blocks are definitely lost in loss record 773 of 793
==77181==    at 0x484D953: calloc (in /usr/libexec/valgrind/vgpreload_memcheck-amd64-linux.so)
==77181==    by 0x723DE9: __mn_alloc (in /mnt/c/Users/Juan/Documents/GitHub/Mapanare/mapanare/self/mnc-stage1)
==77181==    by 0x725AFA: __mn_list_push (in /mnt/c/Users/Juan/Documents/GitHub/Mapanare/mapanare/self/mnc-stage1)
==77181==    by 0x598C48: lower__try_monomorphize_struct (in /mnt/c/Users/Juan/Documents/GitHub/Mapanare/mapanare/self/mnc-stage1)
==77181==    by 0xFFFFFFFFFFFFFF: ???
==77181== 
==77181== 1,534 bytes in 23 blocks are indirectly lost in loss record 774 of 793
==77181==    at 0x484D953: calloc (in /usr/libexec/valgrind/vgpreload_memcheck-amd64-linux.so)
==77181==    by 0x723DE9: __mn_alloc (in /mnt/c/Users/Juan/Documents/GitHub/Mapanare/mapanare/self/mnc-stage1)
==77181==    by 0x7249CE: __mn_str_concat (in /mnt/c/Users/Juan/Documents/GitHub/Mapanare/mapanare/self/mnc-stage1)
==77181==    by 0x68D511: emit_llvm__declare_runtime_fn (in /mnt/c/Users/Juan/Documents/GitHub/Mapanare/mapanare/self/mnc-stage1)
==77181==    by 0x2: ???
==77181==    by 0x6AC02CF: ???
==77181==    by 0xF: ???
==77181== 
==77181== 1,568 bytes in 2 blocks are indirectly lost in loss record 775 of 793
==77181==    at 0x484D953: calloc (in /usr/libexec/valgrind/vgpreload_memcheck-amd64-linux.so)
==77181==    by 0x723DE9: __mn_alloc (in /mnt/c/Users/Juan/Documents/GitHub/Mapanare/mapanare/self/mnc-stage1)
==77181==    by 0x725AFA: __mn_list_push (in /mnt/c/Users/Juan/Documents/GitHub/Mapanare/mapanare/self/mnc-stage1)
==77181==    by 0x59A6F9: lower__try_monomorphize_struct (in /mnt/c/Users/Juan/Documents/GitHub/Mapanare/mapanare/self/mnc-stage1)
==77181==    by 0xFFFFFFFFFFFFFF: ???
==77181== 
==77181== 1,616 bytes in 1 blocks are definitely lost in loss record 776 of 793
==77181==    at 0x484D953: calloc (in /usr/libexec/valgrind/vgpreload_memcheck-amd64-linux.so)
==77181==    by 0x723DE9: __mn_alloc (in /mnt/c/Users/Juan/Documents/GitHub/Mapanare/mapanare/self/mnc-stage1)
==77181==    by 0x725AFA: __mn_list_push (in /mnt/c/Users/Juan/Documents/GitHub/Mapanare/mapanare/self/mnc-stage1)
==77181==    by 0x473140: semantic__check_let_stmt (in /mnt/c/Users/Juan/Documents/GitHub/Mapanare/mapanare/self/mnc-stage1)
==77181== 
==77181== 1,696 bytes in 2 blocks are definitely lost in loss record 777 of 793
==77181==    at 0x484D953: calloc (in /usr/libexec/valgrind/vgpreload_memcheck-amd64-linux.so)
==77181==    by 0x723DE9: __mn_alloc (in /mnt/c/Users/Juan/Documents/GitHub/Mapanare/mapanare/self/mnc-stage1)
==77181==    by 0x725AFA: __mn_list_push (in /mnt/c/Users/Juan/Documents/GitHub/Mapanare/mapanare/self/mnc-stage1)
==77181==    by 0x4CFF4F: lower__bind_fn_params (in /mnt/c/Users/Juan/Documents/GitHub/Mapanare/mapanare/self/mnc-stage1)
==77181== 
==77181== 1,696 bytes in 2 blocks are definitely lost in loss record 778 of 793
==77181==    at 0x484D953: calloc (in /usr/libexec/valgrind/vgpreload_memcheck-amd64-linux.so)
==77181==    by 0x723DE9: __mn_alloc (in /mnt/c/Users/Juan/Documents/GitHub/Mapanare/mapanare/self/mnc-stage1)
==77181==    by 0x725AFA: __mn_list_push (in /mnt/c/Users/Juan/Documents/GitHub/Mapanare/mapanare/self/mnc-stage1)
==77181==    by 0x49EEB4: lower_state__lower_pop_scope (in /mnt/c/Users/Juan/Documents/GitHub/Mapanare/mapanare/self/mnc-stage1)
==77181== 
==77181== 1,968 bytes in 3 blocks are indirectly lost in loss record 779 of 793
==77181==    at 0x484D953: calloc (in /usr/libexec/valgrind/vgpreload_memcheck-amd64-linux.so)
==77181==    by 0x723DE9: __mn_alloc (in /mnt/c/Users/Juan/Documents/GitHub/Mapanare/mapanare/self/mnc-stage1)
==77181==    by 0x725AFA: __mn_list_push (in /mnt/c/Users/Juan/Documents/GitHub/Mapanare/mapanare/self/mnc-stage1)
==77181==    by 0x58198E: lower__lower_call (in /mnt/c/Users/Juan/Documents/GitHub/Mapanare/mapanare/self/mnc-stage1)
==77181==    by 0x6AA154F: ???
==77181==    by 0x1: ???
==77181== 
==77181== 1,968 bytes in 3 blocks are indirectly lost in loss record 780 of 793
==77181==    at 0x484D953: calloc (in /usr/libexec/valgrind/vgpreload_memcheck-amd64-linux.so)
==77181==    by 0x723DE9: __mn_alloc (in /mnt/c/Users/Juan/Documents/GitHub/Mapanare/mapanare/self/mnc-stage1)
==77181==    by 0x725AFA: __mn_list_push (in /mnt/c/Users/Juan/Documents/GitHub/Mapanare/mapanare/self/mnc-stage1)
==77181==    by 0x5D82A2: lower__lower_method_call (in /mnt/c/Users/Juan/Documents/GitHub/Mapanare/mapanare/self/mnc-stage1)
==77181== 
==77181== 2,192 bytes in 1 blocks are indirectly lost in loss record 781 of 793
==77181==    at 0x484D953: calloc (in /usr/libexec/valgrind/vgpreload_memcheck-amd64-linux.so)
==77181==    by 0x723DE9: __mn_alloc (in /mnt/c/Users/Juan/Documents/GitHub/Mapanare/mapanare/self/mnc-stage1)
==77181==    by 0x725AFA: __mn_list_push (in /mnt/c/Users/Juan/Documents/GitHub/Mapanare/mapanare/self/mnc-stage1)
==77181==    by 0x42D7E1: parser__parse_impl_def (in /mnt/c/Users/Juan/Documents/GitHub/Mapanare/mapanare/self/mnc-stage1)
==77181==    by 0x3F: ???
==77181== 
==77181== 2,208 (2,192 direct, 16 indirect) bytes in 1 blocks are definitely lost in loss record 782 of 793
==77181==    at 0x484D953: calloc (in /usr/libexec/valgrind/vgpreload_memcheck-amd64-linux.so)
==77181==    by 0x723DE9: __mn_alloc (in /mnt/c/Users/Juan/Documents/GitHub/Mapanare/mapanare/self/mnc-stage1)
==77181==    by 0x725AFA: __mn_list_push (in /mnt/c/Users/Juan/Documents/GitHub/Mapanare/mapanare/self/mnc-stage1)
==77181==    by 0x4B30C8: lower__register_definition (in /mnt/c/Users/Juan/Documents/GitHub/Mapanare/mapanare/self/mnc-stage1)
==77181== 
==77181== 3,600 (1,680 direct, 1,920 indirect) bytes in 1 blocks are definitely lost in loss record 783 of 793
==77181==    at 0x484D953: calloc (in /usr/libexec/valgrind/vgpreload_memcheck-amd64-linux.so)
==77181==    by 0x723DE9: __mn_alloc (in /mnt/c/Users/Juan/Documents/GitHub/Mapanare/mapanare/self/mnc-stage1)
==77181==    by 0x725AFA: __mn_list_push (in /mnt/c/Users/Juan/Documents/GitHub/Mapanare/mapanare/self/mnc-stage1)
==77181==    by 0x686B39: mir_opt__optimize_mir (in /mnt/c/Users/Juan/Documents/GitHub/Mapanare/mapanare/self/mnc-stage1)
==77181==    by 0x6AA5F2F: ???
==77181==    by 0x800000000000004A: ???
==77181==    by 0x6A74317: ???
==77181== 
==77181== 3,736 (3,232 direct, 504 indirect) bytes in 2 blocks are definitely lost in loss record 784 of 793
==77181==    at 0x484D953: calloc (in /usr/libexec/valgrind/vgpreload_memcheck-amd64-linux.so)
==77181==    by 0x723DE9: __mn_alloc (in /mnt/c/Users/Juan/Documents/GitHub/Mapanare/mapanare/self/mnc-stage1)
==77181==    by 0x725AFA: __mn_list_push (in /mnt/c/Users/Juan/Documents/GitHub/Mapanare/mapanare/self/mnc-stage1)
==77181==    by 0x481C1A: semantic__check_fn_body (in /mnt/c/Users/Juan/Documents/GitHub/Mapanare/mapanare/self/mnc-stage1)
==77181== 
==77181== 7,068 (144 direct, 6,924 indirect) bytes in 1 blocks are definitely lost in loss record 785 of 793
==77181==    at 0x484D953: calloc (in /usr/libexec/valgrind/vgpreload_memcheck-amd64-linux.so)
==77181==    by 0x723DE9: __mn_alloc (in /mnt/c/Users/Juan/Documents/GitHub/Mapanare/mapanare/self/mnc-stage1)
==77181==    by 0x725AFA: __mn_list_push (in /mnt/c/Users/Juan/Documents/GitHub/Mapanare/mapanare/self/mnc-stage1)
==77181==    by 0x423E21: parser__parse (in /mnt/c/Users/Juan/Documents/GitHub/Mapanare/mapanare/self/mnc-stage1)
==77181== 
==77181== 7,320 (6,480 direct, 840 indirect) bytes in 5 blocks are definitely lost in loss record 786 of 793
==77181==    at 0x484D953: calloc (in /usr/libexec/valgrind/vgpreload_memcheck-amd64-linux.so)
==77181==    by 0x723DE9: __mn_alloc (in /mnt/c/Users/Juan/Documents/GitHub/Mapanare/mapanare/self/mnc-stage1)
==77181==    by 0x725AFA: __mn_list_push (in /mnt/c/Users/Juan/Documents/GitHub/Mapanare/mapanare/self/mnc-stage1)
==77181==    by 0x459466: semantic__check_call_expr (in /mnt/c/Users/Juan/Documents/GitHub/Mapanare/mapanare/self/mnc-stage1)
==77181== 
==77181== 7,816 (3,600 direct, 4,216 indirect) bytes in 1 blocks are definitely lost in loss record 787 of 793
==77181==    at 0x484D953: calloc (in /usr/libexec/valgrind/vgpreload_memcheck-amd64-linux.so)
==77181==    by 0x723DE9: __mn_alloc (in /mnt/c/Users/Juan/Documents/GitHub/Mapanare/mapanare/self/mnc-stage1)
==77181==    by 0x725BBF: __mn_list_push (in /mnt/c/Users/Juan/Documents/GitHub/Mapanare/mapanare/self/mnc-stage1)
==77181==    by 0x68BA04: emit_llvm__build_internal_struct_list (in /mnt/c/Users/Juan/Documents/GitHub/Mapanare/mapanare/self/mnc-stage1)
==77181==    by 0x3: ???
==77181==    by 0x7: ???
==77181==    by 0x6AB2B7F: ???
==77181==    by 0x7: ???
==77181==    by 0xF: ???
==77181== 
==77181== 8,393 (8,208 direct, 185 indirect) bytes in 1 blocks are definitely lost in loss record 788 of 793
==77181==    at 0x484D953: calloc (in /usr/libexec/valgrind/vgpreload_memcheck-amd64-linux.so)
==77181==    by 0x723DE9: __mn_alloc (in /mnt/c/Users/Juan/Documents/GitHub/Mapanare/mapanare/self/mnc-stage1)
==77181==    by 0x725BBF: __mn_list_push (in /mnt/c/Users/Juan/Documents/GitHub/Mapanare/mapanare/self/mnc-stage1)
==77181==    by 0x4229EF: lexer__tokenize (in /mnt/c/Users/Juan/Documents/GitHub/Mapanare/mapanare/self/mnc-stage1)
==77181== 
==77181== 8,999 bytes in 1 blocks are definitely lost in loss record 789 of 793
==77181==    at 0x484D953: calloc (in /usr/libexec/valgrind/vgpreload_memcheck-amd64-linux.so)
==77181==    by 0x723DE9: __mn_alloc (in /mnt/c/Users/Juan/Documents/GitHub/Mapanare/mapanare/self/mnc-stage1)
==77181==    by 0x725918: __mn_str_join (in /mnt/c/Users/Juan/Documents/GitHub/Mapanare/mapanare/self/mnc-stage1)
==77181==    by 0x72373A: emit_llvm__emit_mir_module (in /mnt/c/Users/Juan/Documents/GitHub/Mapanare/mapanare/self/mnc-stage1)
==77181==    by 0x11: ???
==77181==    by 0x1: ???
==77181==    by 0x6ACF0EF: ???
==77181==    by 0xF: ???
==77181==    by 0xA1: ???
==77181== 
==77181== 12,606 (4,112 direct, 8,494 indirect) bytes in 1 blocks are definitely lost in loss record 790 of 793
==77181==    at 0x484D953: calloc (in /usr/libexec/valgrind/vgpreload_memcheck-amd64-linux.so)
==77181==    by 0x723DE9: __mn_alloc (in /mnt/c/Users/Juan/Documents/GitHub/Mapanare/mapanare/self/mnc-stage1)
==77181==    by 0x725BBF: __mn_list_push (in /mnt/c/Users/Juan/Documents/GitHub/Mapanare/mapanare/self/mnc-stage1)
==77181==    by 0x6CF830: emit_llvm__emit_store (in /mnt/c/Users/Juan/Documents/GitHub/Mapanare/mapanare/self/mnc-stage1)
==77181== 
==77181== 12,816 bytes in 1 blocks are indirectly lost in loss record 791 of 793
==77181==    at 0x484D953: calloc (in /usr/libexec/valgrind/vgpreload_memcheck-amd64-linux.so)
==77181==    by 0x723DE9: __mn_alloc (in /mnt/c/Users/Juan/Documents/GitHub/Mapanare/mapanare/self/mnc-stage1)
==77181==    by 0x725BBF: __mn_list_push (in /mnt/c/Users/Juan/Documents/GitHub/Mapanare/mapanare/self/mnc-stage1)
==77181==    by 0x491898: semantic__register_builtins (in /mnt/c/Users/Juan/Documents/GitHub/Mapanare/mapanare/self/mnc-stage1)
==77181== 
==77181== 15,363 (1,680 direct, 13,683 indirect) bytes in 1 blocks are definitely lost in loss record 792 of 793
==77181==    at 0x484D953: calloc (in /usr/libexec/valgrind/vgpreload_memcheck-amd64-linux.so)
==77181==    by 0x723DE9: __mn_alloc (in /mnt/c/Users/Juan/Documents/GitHub/Mapanare/mapanare/self/mnc-stage1)
==77181==    by 0x725AFA: __mn_list_push (in /mnt/c/Users/Juan/Documents/GitHub/Mapanare/mapanare/self/mnc-stage1)
==77181==    by 0x4D6372: lower__lower_fn (in /mnt/c/Users/Juan/Documents/GitHub/Mapanare/mapanare/self/mnc-stage1)
==77181== 
==77181== 34,050 (168 direct, 33,882 indirect) bytes in 3 blocks are definitely lost in loss record 793 of 793
==77181==    at 0x4846828: malloc (in /usr/libexec/valgrind/vgpreload_memcheck-amd64-linux.so)
==77181==    by 0x48175A: semantic__check_fn_body (in /mnt/c/Users/Juan/Documents/GitHub/Mapanare/mapanare/self/mnc-stage1)
==77181== 
==77181== LEAK SUMMARY:
==77181==    definitely lost: 66,424 bytes in 1,051 blocks
==77181==    indirectly lost: 72,992 bytes in 541 blocks
==77181==      possibly lost: 0 bytes in 0 blocks
==77181==    still reachable: 0 bytes in 0 blocks
==77181==         suppressed: 0 bytes in 0 blocks
==77181== 
==77181== For lists of detected and suppressed errors, rerun with: -s
==77181== ERROR SUMMARY: 4 errors from 2 contexts (suppressed: 0 from 0)
