==78260== Memcheck, a memory error detector
==78260== Copyright (C) 2002-2022, and GNU GPL'd, by Julian Seward et al.
==78260== Using Valgrind-3.22.0 and LibVEX; rerun with -h for copyright info
==78260== Command: /mnt/c/Users/Juan/Documents/GitHub/Mapanare/mapanare/self/mnc-stage1 /mnt/c/Users/Juan/Documents/GitHub/Mapanare/tests/golden/57_real_await.mn -o /tmp/v4_135_valgrind/57_real_await.ll
==78260== 
/mnt/c/Users/Juan/Documents/GitHub/Mapanare/tests/golden/57_real_await.mn:0:0: error: Undefined function 'block_on'
==78260== 
==78260== HEAP SUMMARY:
==78260==     in use at exit: 80,803 bytes in 1,325 blocks
==78260==   total heap usage: 1,397 allocs, 72 frees, 117,500 bytes allocated
==78260== 
==78260== 2 bytes in 1 blocks are definitely lost in loss record 1 of 604
==78260==    at 0x484D953: calloc (in /usr/libexec/valgrind/vgpreload_memcheck-amd64-linux.so)
==78260==    by 0x723DE9: __mn_alloc (in /mnt/c/Users/Juan/Documents/GitHub/Mapanare/mapanare/self/mnc-stage1)
==78260==    by 0x7245AB: __mn_str_from_parts (in /mnt/c/Users/Juan/Documents/GitHub/Mapanare/mapanare/self/mnc-stage1)
==78260==    by 0x41FA6B: lexer__scan_ident (in /mnt/c/Users/Juan/Documents/GitHub/Mapanare/mapanare/self/mnc-stage1)
==78260==    by 0x6A7C24F: ???
==78260==    by 0x8000000000000000: ???
==78260==    by 0x6A733D7: ???
==78260== 
==78260== 2 bytes in 1 blocks are definitely lost in loss record 2 of 604
==78260==    at 0x484D953: calloc (in /usr/libexec/valgrind/vgpreload_memcheck-amd64-linux.so)
==78260==    by 0x723DE9: __mn_alloc (in /mnt/c/Users/Juan/Documents/GitHub/Mapanare/mapanare/self/mnc-stage1)
==78260==    by 0x7245AB: __mn_str_from_parts (in /mnt/c/Users/Juan/Documents/GitHub/Mapanare/mapanare/self/mnc-stage1)
==78260==    by 0x41FA6B: lexer__scan_ident (in /mnt/c/Users/Juan/Documents/GitHub/Mapanare/mapanare/self/mnc-stage1)
==78260==    by 0x6A7C2EF: ???
==78260==    by 0x8000000000000001: ???
==78260==    by 0x6A733D7: ???
==78260== 
==78260== 2 bytes in 1 blocks are definitely lost in loss record 3 of 604
==78260==    at 0x484D953: calloc (in /usr/libexec/valgrind/vgpreload_memcheck-amd64-linux.so)
==78260==    by 0x723DE9: __mn_alloc (in /mnt/c/Users/Juan/Documents/GitHub/Mapanare/mapanare/self/mnc-stage1)
==78260==    by 0x7245AB: __mn_str_from_parts (in /mnt/c/Users/Juan/Documents/GitHub/Mapanare/mapanare/self/mnc-stage1)
==78260==    by 0x41FA6B: lexer__scan_ident (in /mnt/c/Users/Juan/Documents/GitHub/Mapanare/mapanare/self/mnc-stage1)
==78260==    by 0x6A7C38F: ???
==78260==    by 0x8000000000000002: ???
==78260==    by 0x6A733D7: ???
==78260== 
==78260== 2 bytes in 1 blocks are definitely lost in loss record 4 of 604
==78260==    at 0x484D953: calloc (in /usr/libexec/valgrind/vgpreload_memcheck-amd64-linux.so)
==78260==    by 0x723DE9: __mn_alloc (in /mnt/c/Users/Juan/Documents/GitHub/Mapanare/mapanare/self/mnc-stage1)
==78260==    by 0x7245AB: __mn_str_from_parts (in /mnt/c/Users/Juan/Documents/GitHub/Mapanare/mapanare/self/mnc-stage1)
==78260==    by 0x41FA6B: lexer__scan_ident (in /mnt/c/Users/Juan/Documents/GitHub/Mapanare/mapanare/self/mnc-stage1)
==78260==    by 0x6A7C42F: ???
==78260==    by 0x8000000000000003: ???
==78260==    by 0x6A733D7: ???
==78260== 
==78260== 2 bytes in 1 blocks are definitely lost in loss record 5 of 604
==78260==    at 0x484D953: calloc (in /usr/libexec/valgrind/vgpreload_memcheck-amd64-linux.so)
==78260==    by 0x723DE9: __mn_alloc (in /mnt/c/Users/Juan/Documents/GitHub/Mapanare/mapanare/self/mnc-stage1)
==78260==    by 0x7245AB: __mn_str_from_parts (in /mnt/c/Users/Juan/Documents/GitHub/Mapanare/mapanare/self/mnc-stage1)
==78260==    by 0x41FA6B: lexer__scan_ident (in /mnt/c/Users/Juan/Documents/GitHub/Mapanare/mapanare/self/mnc-stage1)
==78260==    by 0x6A7C4CF: ???
==78260==    by 0x8000000000000004: ???
==78260==    by 0x6A733D7: ???
==78260== 
==78260== 2 bytes in 1 blocks are definitely lost in loss record 6 of 604
==78260==    at 0x484D953: calloc (in /usr/libexec/valgrind/vgpreload_memcheck-amd64-linux.so)
==78260==    by 0x723DE9: __mn_alloc (in /mnt/c/Users/Juan/Documents/GitHub/Mapanare/mapanare/self/mnc-stage1)
==78260==    by 0x7245AB: __mn_str_from_parts (in /mnt/c/Users/Juan/Documents/GitHub/Mapanare/mapanare/self/mnc-stage1)
==78260==    by 0x41FA6B: lexer__scan_ident (in /mnt/c/Users/Juan/Documents/GitHub/Mapanare/mapanare/self/mnc-stage1)
==78260==    by 0x6A7C8FF: ???
==78260==    by 0x8000000000000000: ???
==78260==    by 0x6A733D7: ???
==78260==    by 0x6: ???
==78260==    by 0x5: ???
==78260==    by 0x6A7751F: ???
==78260==    by 0x8000000000000000: ???
==78260==    by 0x6: ???
==78260==    by 0xED: ???
==78260== 
==78260== 2 bytes in 1 blocks are definitely lost in loss record 7 of 604
==78260==    at 0x484D953: calloc (in /usr/libexec/valgrind/vgpreload_memcheck-amd64-linux.so)
==78260==    by 0x723DE9: __mn_alloc (in /mnt/c/Users/Juan/Documents/GitHub/Mapanare/mapanare/self/mnc-stage1)
==78260==    by 0x7245AB: __mn_str_from_parts (in /mnt/c/Users/Juan/Documents/GitHub/Mapanare/mapanare/self/mnc-stage1)
==78260==    by 0x41FA6B: lexer__scan_ident (in /mnt/c/Users/Juan/Documents/GitHub/Mapanare/mapanare/self/mnc-stage1)
==78260==    by 0x6A7C99F: ???
==78260==    by 0x8000000000000001: ???
==78260==    by 0x6A733D7: ???
==78260==    by 0x6: ???
==78260==    by 0x5: ???
==78260==    by 0x6A7751F: ???
==78260==    by 0x8000000000000000: ???
==78260==    by 0x6: ???
==78260==    by 0xED: ???
==78260== 
==78260== 2 bytes in 1 blocks are definitely lost in loss record 8 of 604
==78260==    at 0x484D953: calloc (in /usr/libexec/valgrind/vgpreload_memcheck-amd64-linux.so)
==78260==    by 0x723DE9: __mn_alloc (in /mnt/c/Users/Juan/Documents/GitHub/Mapanare/mapanare/self/mnc-stage1)
==78260==    by 0x7245AB: __mn_str_from_parts (in /mnt/c/Users/Juan/Documents/GitHub/Mapanare/mapanare/self/mnc-stage1)
==78260==    by 0x41FA6B: lexer__scan_ident (in /mnt/c/Users/Juan/Documents/GitHub/Mapanare/mapanare/self/mnc-stage1)
==78260==    by 0x6A7CB7F: ???
==78260==    by 0x8000000000000000: ???
==78260==    by 0x6A733D7: ???
==78260==    by 0x9: ???
==78260==    by 0x5: ???
==78260==    by 0x6A7751F: ???
==78260==    by 0x8000000000000000: ???
==78260==    by 0x9: ???
==78260==    by 0xF0: ???
==78260== 
==78260== 2 bytes in 1 blocks are definitely lost in loss record 9 of 604
==78260==    at 0x484D953: calloc (in /usr/libexec/valgrind/vgpreload_memcheck-amd64-linux.so)
==78260==    by 0x723DE9: __mn_alloc (in /mnt/c/Users/Juan/Documents/GitHub/Mapanare/mapanare/self/mnc-stage1)
==78260==    by 0x7245AB: __mn_str_from_parts (in /mnt/c/Users/Juan/Documents/GitHub/Mapanare/mapanare/self/mnc-stage1)
==78260==    by 0x41FA6B: lexer__scan_ident (in /mnt/c/Users/Juan/Documents/GitHub/Mapanare/mapanare/self/mnc-stage1)
==78260==    by 0x6A7CC1F: ???
==78260==    by 0x8000000000000001: ???
==78260==    by 0x6A733D7: ???
==78260==    by 0x9: ???
==78260==    by 0x5: ???
==78260==    by 0x6A7751F: ???
==78260==    by 0x8000000000000000: ???
==78260==    by 0x9: ???
==78260==    by 0xF0: ???
==78260== 
==78260== 2 bytes in 1 blocks are definitely lost in loss record 10 of 604
==78260==    at 0x484D953: calloc (in /usr/libexec/valgrind/vgpreload_memcheck-amd64-linux.so)
==78260==    by 0x723DE9: __mn_alloc (in /mnt/c/Users/Juan/Documents/GitHub/Mapanare/mapanare/self/mnc-stage1)
==78260==    by 0x7245AB: __mn_str_from_parts (in /mnt/c/Users/Juan/Documents/GitHub/Mapanare/mapanare/self/mnc-stage1)
==78260==    by 0x41FA6B: lexer__scan_ident (in /mnt/c/Users/Juan/Documents/GitHub/Mapanare/mapanare/self/mnc-stage1)
==78260==    by 0x6A7CCBF: ???
==78260==    by 0x8000000000000002: ???
==78260==    by 0x6A733D7: ???
==78260==    by 0x9: ???
==78260==    by 0x5: ???
==78260==    by 0x6A7751F: ???
==78260==    by 0x8000000000000000: ???
==78260==    by 0x9: ???
==78260==    by 0xF0: ???
==78260== 
==78260== 2 bytes in 1 blocks are definitely lost in loss record 11 of 604
==78260==    at 0x484D953: calloc (in /usr/libexec/valgrind/vgpreload_memcheck-amd64-linux.so)
==78260==    by 0x723DE9: __mn_alloc (in /mnt/c/Users/Juan/Documents/GitHub/Mapanare/mapanare/self/mnc-stage1)
==78260==    by 0x7245AB: __mn_str_from_parts (in /mnt/c/Users/Juan/Documents/GitHub/Mapanare/mapanare/self/mnc-stage1)
==78260==    by 0x41FA6B: lexer__scan_ident (in /mnt/c/Users/Juan/Documents/GitHub/Mapanare/mapanare/self/mnc-stage1)
==78260==    by 0x6A7CD5F: ???
==78260==    by 0x8000000000000003: ???
==78260==    by 0x6A733D7: ???
==78260==    by 0x9: ???
==78260==    by 0x5: ???
==78260==    by 0x6A7751F: ???
==78260==    by 0x8000000000000000: ???
==78260==    by 0x9: ???
==78260==    by 0xF0: ???
==78260== 
==78260== 2 bytes in 1 blocks are definitely lost in loss record 12 of 604
==78260==    at 0x484D953: calloc (in /usr/libexec/valgrind/vgpreload_memcheck-amd64-linux.so)
==78260==    by 0x723DE9: __mn_alloc (in /mnt/c/Users/Juan/Documents/GitHub/Mapanare/mapanare/self/mnc-stage1)
==78260==    by 0x7245AB: __mn_str_from_parts (in /mnt/c/Users/Juan/Documents/GitHub/Mapanare/mapanare/self/mnc-stage1)
==78260==    by 0x41FA6B: lexer__scan_ident (in /mnt/c/Users/Juan/Documents/GitHub/Mapanare/mapanare/self/mnc-stage1)
==78260==    by 0x6A7CDFF: ???
==78260==    by 0x8000000000000004: ???
==78260==    by 0x6A733D7: ???
==78260==    by 0x9: ???
==78260==    by 0x5: ???
==78260==    by 0x6A7751F: ???
==78260==    by 0x8000000000000000: ???
==78260==    by 0x9: ???
==78260==    by 0xF0: ???
==78260== 
==78260== 2 bytes in 1 blocks are definitely lost in loss record 13 of 604
==78260==    at 0x484D953: calloc (in /usr/libexec/valgrind/vgpreload_memcheck-amd64-linux.so)
==78260==    by 0x723DE9: __mn_alloc (in /mnt/c/Users/Juan/Documents/GitHub/Mapanare/mapanare/self/mnc-stage1)
==78260==    by 0x7245AB: __mn_str_from_parts (in /mnt/c/Users/Juan/Documents/GitHub/Mapanare/mapanare/self/mnc-stage1)
==78260==    by 0x41FA6B: lexer__scan_ident (in /mnt/c/Users/Juan/Documents/GitHub/Mapanare/mapanare/self/mnc-stage1)
==78260==    by 0x6A7CE9F: ???
==78260==    by 0x8000000000000005: ???
==78260==    by 0x6A733D7: ???
==78260==    by 0x9: ???
==78260==    by 0x5: ???
==78260==    by 0x6A7751F: ???
==78260==    by 0x8000000000000000: ???
==78260==    by 0x9: ???
==78260==    by 0xF0: ???
==78260== 
==78260== 2 bytes in 1 blocks are definitely lost in loss record 14 of 604
==78260==    at 0x484D953: calloc (in /usr/libexec/valgrind/vgpreload_memcheck-amd64-linux.so)
==78260==    by 0x723DE9: __mn_alloc (in /mnt/c/Users/Juan/Documents/GitHub/Mapanare/mapanare/self/mnc-stage1)
==78260==    by 0x7245AB: __mn_str_from_parts (in /mnt/c/Users/Juan/Documents/GitHub/Mapanare/mapanare/self/mnc-stage1)
==78260==    by 0x41FA6B: lexer__scan_ident (in /mnt/c/Users/Juan/Documents/GitHub/Mapanare/mapanare/self/mnc-stage1)
==78260==    by 0x6A7CF3F: ???
==78260==    by 0x8000000000000006: ???
==78260==    by 0x6A733D7: ???
==78260==    by 0x9: ???
==78260==    by 0x5: ???
==78260==    by 0x6A7751F: ???
==78260==    by 0x8000000000000000: ???
==78260==    by 0x9: ???
==78260==    by 0xF0: ???
==78260== 
==78260== 2 bytes in 1 blocks are definitely lost in loss record 15 of 604
==78260==    at 0x484D953: calloc (in /usr/libexec/valgrind/vgpreload_memcheck-amd64-linux.so)
==78260==    by 0x723DE9: __mn_alloc (in /mnt/c/Users/Juan/Documents/GitHub/Mapanare/mapanare/self/mnc-stage1)
==78260==    by 0x7245AB: __mn_str_from_parts (in /mnt/c/Users/Juan/Documents/GitHub/Mapanare/mapanare/self/mnc-stage1)
==78260==    by 0x41FA6B: lexer__scan_ident (in /mnt/c/Users/Juan/Documents/GitHub/Mapanare/mapanare/self/mnc-stage1)
==78260==    by 0x6A7D43F: ???
==78260==    by 0x8000000000000000: ???
==78260==    by 0x6A733D7: ???
==78260==    by 0x16: ???
==78260==    by 0x5: ???
==78260==    by 0x6A7751F: ???
==78260==    by 0x8000000000000000: ???
==78260==    by 0x16: ???
==78260==    by 0xFD: ???
==78260== 
==78260== 2 bytes in 1 blocks are definitely lost in loss record 16 of 604
==78260==    at 0x484D953: calloc (in /usr/libexec/valgrind/vgpreload_memcheck-amd64-linux.so)
==78260==    by 0x723DE9: __mn_alloc (in /mnt/c/Users/Juan/Documents/GitHub/Mapanare/mapanare/self/mnc-stage1)
==78260==    by 0x7245AB: __mn_str_from_parts (in /mnt/c/Users/Juan/Documents/GitHub/Mapanare/mapanare/self/mnc-stage1)
==78260==    by 0x41FA6B: lexer__scan_ident (in /mnt/c/Users/Juan/Documents/GitHub/Mapanare/mapanare/self/mnc-stage1)
==78260==    by 0x6A7D4DF: ???
==78260==    by 0x8000000000000001: ???
==78260==    by 0x6A733D7: ???
==78260==    by 0x16: ???
==78260==    by 0x5: ???
==78260==    by 0x6A7751F: ???
==78260==    by 0x8000000000000000: ???
==78260==    by 0x16: ???
==78260==    by 0xFD: ???
==78260== 
==78260== 2 bytes in 1 blocks are definitely lost in loss record 17 of 604
==78260==    at 0x484D953: calloc (in /usr/libexec/valgrind/vgpreload_memcheck-amd64-linux.so)
==78260==    by 0x723DE9: __mn_alloc (in /mnt/c/Users/Juan/Documents/GitHub/Mapanare/mapanare/self/mnc-stage1)
==78260==    by 0x7245AB: __mn_str_from_parts (in /mnt/c/Users/Juan/Documents/GitHub/Mapanare/mapanare/self/mnc-stage1)
==78260==    by 0x41FA6B: lexer__scan_ident (in /mnt/c/Users/Juan/Documents/GitHub/Mapanare/mapanare/self/mnc-stage1)
==78260==    by 0x6A7D57F: ???
==78260==    by 0x8000000000000002: ???
==78260==    by 0x6A733D7: ???
==78260==    by 0x16: ???
==78260==    by 0x5: ???
==78260==    by 0x6A7751F: ???
==78260==    by 0x8000000000000000: ???
==78260==    by 0x16: ???
==78260==    by 0xFD: ???
==78260== 
==78260== 2 bytes in 1 blocks are definitely lost in loss record 18 of 604
==78260==    at 0x484D953: calloc (in /usr/libexec/valgrind/vgpreload_memcheck-amd64-linux.so)
==78260==    by 0x723DE9: __mn_alloc (in /mnt/c/Users/Juan/Documents/GitHub/Mapanare/mapanare/self/mnc-stage1)
==78260==    by 0x7245AB: __mn_str_from_parts (in /mnt/c/Users/Juan/Documents/GitHub/Mapanare/mapanare/self/mnc-stage1)
==78260==    by 0x41FA6B: lexer__scan_ident (in /mnt/c/Users/Juan/Documents/GitHub/Mapanare/mapanare/self/mnc-stage1)
==78260==    by 0x6A7D9DF: ???
==78260==    by 0x8000000000000000: ???
==78260==    by 0x6A733D7: ???
==78260==    by 0x4: ???
==78260==    by 0x6: ???
==78260==    by 0x6A7751F: ???
==78260==    by 0x8000000000000000: ???
==78260==    by 0x4: ???
==78260==    by 0x107: ???
==78260== 
==78260== 2 bytes in 1 blocks are definitely lost in loss record 19 of 604
==78260==    at 0x484D953: calloc (in /usr/libexec/valgrind/vgpreload_memcheck-amd64-linux.so)
==78260==    by 0x723DE9: __mn_alloc (in /mnt/c/Users/Juan/Documents/GitHub/Mapanare/mapanare/self/mnc-stage1)
==78260==    by 0x7245AB: __mn_str_from_parts (in /mnt/c/Users/Juan/Documents/GitHub/Mapanare/mapanare/self/mnc-stage1)
==78260==    by 0x41FA6B: lexer__scan_ident (in /mnt/c/Users/Juan/Documents/GitHub/Mapanare/mapanare/self/mnc-stage1)
==78260==    by 0x6A7DA7F: ???
==78260==    by 0x8000000000000001: ???
==78260==    by 0x6A733D7: ???
==78260==    by 0x4: ???
==78260==    by 0x6: ???
==78260==    by 0x6A7751F: ???
==78260==    by 0x8000000000000000: ???
==78260==    by 0x4: ???
==78260==    by 0x107: ???
==78260== 
==78260== 2 bytes in 1 blocks are definitely lost in loss record 20 of 604
==78260==    at 0x484D953: calloc (in /usr/libexec/valgrind/vgpreload_memcheck-amd64-linux.so)
==78260==    by 0x723DE9: __mn_alloc (in /mnt/c/Users/Juan/Documents/GitHub/Mapanare/mapanare/self/mnc-stage1)
==78260==    by 0x7245AB: __mn_str_from_parts (in /mnt/c/Users/Juan/Documents/GitHub/Mapanare/mapanare/self/mnc-stage1)
==78260==    by 0x41FA6B: lexer__scan_ident (in /mnt/c/Users/Juan/Documents/GitHub/Mapanare/mapanare/self/mnc-stage1)
==78260==    by 0x6A7DB1F: ???
==78260==    by 0x8000000000000002: ???
==78260==    by 0x6A733D7: ???
==78260==    by 0x4: ???
==78260==    by 0x6: ???
==78260==    by 0x6A7751F: ???
==78260==    by 0x8000000000000000: ???
==78260==    by 0x4: ???
==78260==    by 0x107: ???
==78260== 
==78260== 2 bytes in 1 blocks are definitely lost in loss record 21 of 604
==78260==    at 0x484D953: calloc (in /usr/libexec/valgrind/vgpreload_memcheck-amd64-linux.so)
==78260==    by 0x723DE9: __mn_alloc (in /mnt/c/Users/Juan/Documents/GitHub/Mapanare/mapanare/self/mnc-stage1)
==78260==    by 0x7245AB: __mn_str_from_parts (in /mnt/c/Users/Juan/Documents/GitHub/Mapanare/mapanare/self/mnc-stage1)
==78260==    by 0x41FA6B: lexer__scan_ident (in /mnt/c/Users/Juan/Documents/GitHub/Mapanare/mapanare/self/mnc-stage1)
==78260==    by 0x6A7DBBF: ???
==78260==    by 0x8000000000000003: ???
==78260==    by 0x6A733D7: ???
==78260==    by 0x4: ???
==78260==    by 0x6: ???
==78260==    by 0x6A7751F: ???
==78260==    by 0x8000000000000000: ???
==78260==    by 0x4: ???
==78260==    by 0x107: ???
==78260== 
==78260== 2 bytes in 1 blocks are definitely lost in loss record 22 of 604
==78260==    at 0x484D953: calloc (in /usr/libexec/valgrind/vgpreload_memcheck-amd64-linux.so)
==78260==    by 0x723DE9: __mn_alloc (in /mnt/c/Users/Juan/Documents/GitHub/Mapanare/mapanare/self/mnc-stage1)
==78260==    by 0x7245AB: __mn_str_from_parts (in /mnt/c/Users/Juan/Documents/GitHub/Mapanare/mapanare/self/mnc-stage1)
==78260==    by 0x41FA6B: lexer__scan_ident (in /mnt/c/Users/Juan/Documents/GitHub/Mapanare/mapanare/self/mnc-stage1)
==78260==    by 0x6A7DC5F: ???
==78260==    by 0x8000000000000004: ???
==78260==    by 0x6A733D7: ???
==78260==    by 0x4: ???
==78260==    by 0x6: ???
==78260==    by 0x6A7751F: ???
==78260==    by 0x8000000000000000: ???
==78260==    by 0x4: ???
==78260==    by 0x107: ???
==78260== 
==78260== 2 bytes in 1 blocks are definitely lost in loss record 23 of 604
==78260==    at 0x484D953: calloc (in /usr/libexec/valgrind/vgpreload_memcheck-amd64-linux.so)
==78260==    by 0x723DE9: __mn_alloc (in /mnt/c/Users/Juan/Documents/GitHub/Mapanare/mapanare/self/mnc-stage1)
==78260==    by 0x7245AB: __mn_str_from_parts (in /mnt/c/Users/Juan/Documents/GitHub/Mapanare/mapanare/self/mnc-stage1)
==78260==    by 0x41FA6B: lexer__scan_ident (in /mnt/c/Users/Juan/Documents/GitHub/Mapanare/mapanare/self/mnc-stage1)
==78260==    by 0x6A7DCFF: ???
==78260==    by 0x8000000000000005: ???
==78260==    by 0x6A733D7: ???
==78260==    by 0x4: ???
==78260==    by 0x6: ???
==78260==    by 0x6A7751F: ???
==78260==    by 0x8000000000000000: ???
==78260==    by 0x4: ???
==78260==    by 0x107: ???
==78260== 
==78260== 2 bytes in 1 blocks are definitely lost in loss record 24 of 604
==78260==    at 0x484D953: calloc (in /usr/libexec/valgrind/vgpreload_memcheck-amd64-linux.so)
==78260==    by 0x723DE9: __mn_alloc (in /mnt/c/Users/Juan/Documents/GitHub/Mapanare/mapanare/self/mnc-stage1)
==78260==    by 0x7245AB: __mn_str_from_parts (in /mnt/c/Users/Juan/Documents/GitHub/Mapanare/mapanare/self/mnc-stage1)
==78260==    by 0x42002C: lexer__scan_number (in /mnt/c/Users/Juan/Documents/GitHub/Mapanare/mapanare/self/mnc-stage1)
==78260==    by 0x6A7E37F: ???
==78260==    by 0x6A73257: ???
==78260==    by 0x8000000000000000: ???
==78260==    by 0x6A7E28F: ???
==78260==    by 0x8000000000000000: ???
==78260== 
==78260== 2 bytes in 1 blocks are definitely lost in loss record 25 of 604
==78260==    at 0x484D953: calloc (in /usr/libexec/valgrind/vgpreload_memcheck-amd64-linux.so)
==78260==    by 0x723DE9: __mn_alloc (in /mnt/c/Users/Juan/Documents/GitHub/Mapanare/mapanare/self/mnc-stage1)
==78260==    by 0x7245AB: __mn_str_from_parts (in /mnt/c/Users/Juan/Documents/GitHub/Mapanare/mapanare/self/mnc-stage1)
==78260==    by 0x42002C: lexer__scan_number (in /mnt/c/Users/Juan/Documents/GitHub/Mapanare/mapanare/self/mnc-stage1)
==78260==    by 0x6A7E41F: ???
==78260==    by 0x6A73257: ???
==78260==    by 0x8000000000000001: ???
==78260==    by 0x6A7E28F: ???
==78260==    by 0x8000000000000000: ???
==78260== 
==78260== 2 bytes in 1 blocks are definitely lost in loss record 26 of 604
==78260==    at 0x484D953: calloc (in /usr/libexec/valgrind/vgpreload_memcheck-amd64-linux.so)
==78260==    by 0x723DE9: __mn_alloc (in /mnt/c/Users/Juan/Documents/GitHub/Mapanare/mapanare/self/mnc-stage1)
==78260==    by 0x7245AB: __mn_str_from_parts (in /mnt/c/Users/Juan/Documents/GitHub/Mapanare/mapanare/self/mnc-stage1)
==78260==    by 0x41FA6B: lexer__scan_ident (in /mnt/c/Users/Juan/Documents/GitHub/Mapanare/mapanare/self/mnc-stage1)
==78260==    by 0x6A7E78F: ???
==78260==    by 0x8000000000000000: ???
==78260==    by 0x6A733D7: ???
==78260== 
==78260== 2 bytes in 1 blocks are definitely lost in loss record 27 of 604
==78260==    at 0x484D953: calloc (in /usr/libexec/valgrind/vgpreload_memcheck-amd64-linux.so)
==78260==    by 0x723DE9: __mn_alloc (in /mnt/c/Users/Juan/Documents/GitHub/Mapanare/mapanare/self/mnc-stage1)
==78260==    by 0x7245AB: __mn_str_from_parts (in /mnt/c/Users/Juan/Documents/GitHub/Mapanare/mapanare/self/mnc-stage1)
==78260==    by 0x41FA6B: lexer__scan_ident (in /mnt/c/Users/Juan/Documents/GitHub/Mapanare/mapanare/self/mnc-stage1)
==78260==    by 0x6A7E82F: ???
==78260==    by 0x8000000000000001: ???
==78260==    by 0x6A733D7: ???
==78260== 
==78260== 2 bytes in 1 blocks are definitely lost in loss record 28 of 604
==78260==    at 0x484D953: calloc (in /usr/libexec/valgrind/vgpreload_memcheck-amd64-linux.so)
==78260==    by 0x723DE9: __mn_alloc (in /mnt/c/Users/Juan/Documents/GitHub/Mapanare/mapanare/self/mnc-stage1)
==78260==    by 0x7245AB: __mn_str_from_parts (in /mnt/c/Users/Juan/Documents/GitHub/Mapanare/mapanare/self/mnc-stage1)
==78260==    by 0x41FA6B: lexer__scan_ident (in /mnt/c/Users/Juan/Documents/GitHub/Mapanare/mapanare/self/mnc-stage1)
==78260==    by 0x6A7E8CF: ???
==78260==    by 0x8000000000000002: ???
==78260==    by 0x6A733D7: ???
==78260== 
==78260== 2 bytes in 1 blocks are definitely lost in loss record 29 of 604
==78260==    at 0x484D953: calloc (in /usr/libexec/valgrind/vgpreload_memcheck-amd64-linux.so)
==78260==    by 0x723DE9: __mn_alloc (in /mnt/c/Users/Juan/Documents/GitHub/Mapanare/mapanare/self/mnc-stage1)
==78260==    by 0x7245AB: __mn_str_from_parts (in /mnt/c/Users/Juan/Documents/GitHub/Mapanare/mapanare/self/mnc-stage1)
==78260==    by 0x41FA6B: lexer__scan_ident (in /mnt/c/Users/Juan/Documents/GitHub/Mapanare/mapanare/self/mnc-stage1)
==78260==    by 0x6A7E96F: ???
==78260==    by 0x8000000000000003: ???
==78260==    by 0x6A733D7: ???
==78260== 
==78260== 2 bytes in 1 blocks are definitely lost in loss record 30 of 604
==78260==    at 0x484D953: calloc (in /usr/libexec/valgrind/vgpreload_memcheck-amd64-linux.so)
==78260==    by 0x723DE9: __mn_alloc (in /mnt/c/Users/Juan/Documents/GitHub/Mapanare/mapanare/self/mnc-stage1)
==78260==    by 0x7245AB: __mn_str_from_parts (in /mnt/c/Users/Juan/Documents/GitHub/Mapanare/mapanare/self/mnc-stage1)
==78260==    by 0x41FA6B: lexer__scan_ident (in /mnt/c/Users/Juan/Documents/GitHub/Mapanare/mapanare/self/mnc-stage1)
==78260==    by 0x6A7EA0F: ???
==78260==    by 0x8000000000000004: ???
==78260==    by 0x6A733D7: ???
==78260== 
==78260== 2 bytes in 1 blocks are definitely lost in loss record 31 of 604
==78260==    at 0x484D953: calloc (in /usr/libexec/valgrind/vgpreload_memcheck-amd64-linux.so)
==78260==    by 0x723DE9: __mn_alloc (in /mnt/c/Users/Juan/Documents/GitHub/Mapanare/mapanare/self/mnc-stage1)
==78260==    by 0x7245AB: __mn_str_from_parts (in /mnt/c/Users/Juan/Documents/GitHub/Mapanare/mapanare/self/mnc-stage1)
==78260==    by 0x41FA6B: lexer__scan_ident (in /mnt/c/Users/Juan/Documents/GitHub/Mapanare/mapanare/self/mnc-stage1)
==78260==    by 0x6A7EBEF: ???
==78260==    by 0x8000000000000000: ???
==78260==    by 0x6A733D7: ???
==78260==    by 0x6: ???
==78260==    by 0x9: ???
==78260==    by 0x6A7751F: ???
==78260==    by 0x8000000000000000: ???
==78260==    by 0x6: ???
==78260==    by 0x11A: ???
==78260== 
==78260== 2 bytes in 1 blocks are definitely lost in loss record 32 of 604
==78260==    at 0x484D953: calloc (in /usr/libexec/valgrind/vgpreload_memcheck-amd64-linux.so)
==78260==    by 0x723DE9: __mn_alloc (in /mnt/c/Users/Juan/Documents/GitHub/Mapanare/mapanare/self/mnc-stage1)
==78260==    by 0x7245AB: __mn_str_from_parts (in /mnt/c/Users/Juan/Documents/GitHub/Mapanare/mapanare/self/mnc-stage1)
==78260==    by 0x41FA6B: lexer__scan_ident (in /mnt/c/Users/Juan/Documents/GitHub/Mapanare/mapanare/self/mnc-stage1)
==78260==    by 0x6A7EC8F: ???
==78260==    by 0x8000000000000001: ???
==78260==    by 0x6A733D7: ???
==78260==    by 0x6: ???
==78260==    by 0x9: ???
==78260==    by 0x6A7751F: ???
==78260==    by 0x8000000000000000: ???
==78260==    by 0x6: ???
==78260==    by 0x11A: ???
==78260== 
==78260== 2 bytes in 1 blocks are definitely lost in loss record 33 of 604
==78260==    at 0x484D953: calloc (in /usr/libexec/valgrind/vgpreload_memcheck-amd64-linux.so)
==78260==    by 0x723DE9: __mn_alloc (in /mnt/c/Users/Juan/Documents/GitHub/Mapanare/mapanare/self/mnc-stage1)
==78260==    by 0x7245AB: __mn_str_from_parts (in /mnt/c/Users/Juan/Documents/GitHub/Mapanare/mapanare/self/mnc-stage1)
==78260==    by 0x41FA6B: lexer__scan_ident (in /mnt/c/Users/Juan/Documents/GitHub/Mapanare/mapanare/self/mnc-stage1)
==78260==    by 0x6A7EE6F: ???
==78260==    by 0x8000000000000000: ???
==78260==    by 0x6A733D7: ???
==78260==    by 0x9: ???
==78260==    by 0x9: ???
==78260==    by 0x6A7751F: ???
==78260==    by 0x8000000000000000: ???
==78260==    by 0x9: ???
==78260==    by 0x11D: ???
==78260== 
==78260== 2 bytes in 1 blocks are definitely lost in loss record 34 of 604
==78260==    at 0x484D953: calloc (in /usr/libexec/valgrind/vgpreload_memcheck-amd64-linux.so)
==78260==    by 0x723DE9: __mn_alloc (in /mnt/c/Users/Juan/Documents/GitHub/Mapanare/mapanare/self/mnc-stage1)
==78260==    by 0x7245AB: __mn_str_from_parts (in /mnt/c/Users/Juan/Documents/GitHub/Mapanare/mapanare/self/mnc-stage1)
==78260==    by 0x41FA6B: lexer__scan_ident (in /mnt/c/Users/Juan/Documents/GitHub/Mapanare/mapanare/self/mnc-stage1)
==78260==    by 0x6A7EF0F: ???
==78260==    by 0x8000000000000001: ???
==78260==    by 0x6A733D7: ???
==78260==    by 0x9: ???
==78260==    by 0x9: ???
==78260==    by 0x6A7751F: ???
==78260==    by 0x8000000000000000: ???
==78260==    by 0x9: ???
==78260==    by 0x11D: ???
==78260== 
==78260== 2 bytes in 1 blocks are definitely lost in loss record 35 of 604
==78260==    at 0x484D953: calloc (in /usr/libexec/valgrind/vgpreload_memcheck-amd64-linux.so)
==78260==    by 0x723DE9: __mn_alloc (in /mnt/c/Users/Juan/Documents/GitHub/Mapanare/mapanare/self/mnc-stage1)
==78260==    by 0x7245AB: __mn_str_from_parts (in /mnt/c/Users/Juan/Documents/GitHub/Mapanare/mapanare/self/mnc-stage1)
==78260==    by 0x41FA6B: lexer__scan_ident (in /mnt/c/Users/Juan/Documents/GitHub/Mapanare/mapanare/self/mnc-stage1)
==78260==    by 0x6A7EFAF: ???
==78260==    by 0x8000000000000002: ???
==78260==    by 0x6A733D7: ???
==78260==    by 0x9: ???
==78260==    by 0x9: ???
==78260==    by 0x6A7751F: ???
==78260==    by 0x8000000000000000: ???
==78260==    by 0x9: ???
==78260==    by 0x11D: ???
==78260== 
==78260== 2 bytes in 1 blocks are definitely lost in loss record 36 of 604
==78260==    at 0x484D953: calloc (in /usr/libexec/valgrind/vgpreload_memcheck-amd64-linux.so)
==78260==    by 0x723DE9: __mn_alloc (in /mnt/c/Users/Juan/Documents/GitHub/Mapanare/mapanare/self/mnc-stage1)
==78260==    by 0x7245AB: __mn_str_from_parts (in /mnt/c/Users/Juan/Documents/GitHub/Mapanare/mapanare/self/mnc-stage1)
==78260==    by 0x41FA6B: lexer__scan_ident (in /mnt/c/Users/Juan/Documents/GitHub/Mapanare/mapanare/self/mnc-stage1)
==78260==    by 0x6A7F04F: ???
==78260==    by 0x8000000000000003: ???
==78260==    by 0x6A733D7: ???
==78260==    by 0x9: ???
==78260==    by 0x9: ???
==78260==    by 0x6A7751F: ???
==78260==    by 0x8000000000000000: ???
==78260==    by 0x9: ???
==78260==    by 0x11D: ???
==78260== 
==78260== 2 bytes in 1 blocks are definitely lost in loss record 37 of 604
==78260==    at 0x484D953: calloc (in /usr/libexec/valgrind/vgpreload_memcheck-amd64-linux.so)
==78260==    by 0x723DE9: __mn_alloc (in /mnt/c/Users/Juan/Documents/GitHub/Mapanare/mapanare/self/mnc-stage1)
==78260==    by 0x7245AB: __mn_str_from_parts (in /mnt/c/Users/Juan/Documents/GitHub/Mapanare/mapanare/self/mnc-stage1)
==78260==    by 0x41FA6B: lexer__scan_ident (in /mnt/c/Users/Juan/Documents/GitHub/Mapanare/mapanare/self/mnc-stage1)
==78260==    by 0x6A7F0EF: ???
==78260==    by 0x8000000000000004: ???
==78260==    by 0x6A733D7: ???
==78260==    by 0x9: ???
==78260==    by 0x9: ???
==78260==    by 0x6A7751F: ???
==78260==    by 0x8000000000000000: ???
==78260==    by 0x9: ???
==78260==    by 0x11D: ???
==78260== 
==78260== 2 bytes in 1 blocks are definitely lost in loss record 38 of 604
==78260==    at 0x484D953: calloc (in /usr/libexec/valgrind/vgpreload_memcheck-amd64-linux.so)
==78260==    by 0x723DE9: __mn_alloc (in /mnt/c/Users/Juan/Documents/GitHub/Mapanare/mapanare/self/mnc-stage1)
==78260==    by 0x7245AB: __mn_str_from_parts (in /mnt/c/Users/Juan/Documents/GitHub/Mapanare/mapanare/self/mnc-stage1)
==78260==    by 0x41FA6B: lexer__scan_ident (in /mnt/c/Users/Juan/Documents/GitHub/Mapanare/mapanare/self/mnc-stage1)
==78260==    by 0x6A7F18F: ???
==78260==    by 0x8000000000000005: ???
==78260==    by 0x6A733D7: ???
==78260==    by 0x9: ???
==78260==    by 0x9: ???
==78260==    by 0x6A7751F: ???
==78260==    by 0x8000000000000000: ???
==78260==    by 0x9: ???
==78260==    by 0x11D: ???
==78260== 
==78260== 2 bytes in 1 blocks are definitely lost in loss record 39 of 604
==78260==    at 0x484D953: calloc (in /usr/libexec/valgrind/vgpreload_memcheck-amd64-linux.so)
==78260==    by 0x723DE9: __mn_alloc (in /mnt/c/Users/Juan/Documents/GitHub/Mapanare/mapanare/self/mnc-stage1)
==78260==    by 0x7245AB: __mn_str_from_parts (in /mnt/c/Users/Juan/Documents/GitHub/Mapanare/mapanare/self/mnc-stage1)
==78260==    by 0x41FA6B: lexer__scan_ident (in /mnt/c/Users/Juan/Documents/GitHub/Mapanare/mapanare/self/mnc-stage1)
==78260==    by 0x6A7F22F: ???
==78260==    by 0x8000000000000006: ???
==78260==    by 0x6A733D7: ???
==78260==    by 0x9: ???
==78260==    by 0x9: ???
==78260==    by 0x6A7751F: ???
==78260==    by 0x8000000000000000: ???
==78260==    by 0x9: ???
==78260==    by 0x11D: ???
==78260== 
==78260== 2 bytes in 1 blocks are definitely lost in loss record 40 of 604
==78260==    at 0x484D953: calloc (in /usr/libexec/valgrind/vgpreload_memcheck-amd64-linux.so)
==78260==    by 0x723DE9: __mn_alloc (in /mnt/c/Users/Juan/Documents/GitHub/Mapanare/mapanare/self/mnc-stage1)
==78260==    by 0x7245AB: __mn_str_from_parts (in /mnt/c/Users/Juan/Documents/GitHub/Mapanare/mapanare/self/mnc-stage1)
==78260==    by 0x41FA6B: lexer__scan_ident (in /mnt/c/Users/Juan/Documents/GitHub/Mapanare/mapanare/self/mnc-stage1)
==78260==    by 0x6A7FF7F: ???
==78260==    by 0x8000000000000000: ???
==78260==    by 0x6A733D7: ???
==78260==    by 0x16: ???
==78260==    by 0x9: ???
==78260==    by 0x6A7751F: ???
==78260==    by 0x8000000000000000: ???
==78260==    by 0x16: ???
==78260==    by 0x12A: ???
==78260== 
==78260== 2 bytes in 1 blocks are definitely lost in loss record 41 of 604
==78260==    at 0x484D953: calloc (in /usr/libexec/valgrind/vgpreload_memcheck-amd64-linux.so)
==78260==    by 0x723DE9: __mn_alloc (in /mnt/c/Users/Juan/Documents/GitHub/Mapanare/mapanare/self/mnc-stage1)
==78260==    by 0x7245AB: __mn_str_from_parts (in /mnt/c/Users/Juan/Documents/GitHub/Mapanare/mapanare/self/mnc-stage1)
==78260==    by 0x41FA6B: lexer__scan_ident (in /mnt/c/Users/Juan/Documents/GitHub/Mapanare/mapanare/self/mnc-stage1)
==78260==    by 0x6A8001F: ???
==78260==    by 0x8000000000000001: ???
==78260==    by 0x6A733D7: ???
==78260==    by 0x16: ???
==78260==    by 0x9: ???
==78260==    by 0x6A7751F: ???
==78260==    by 0x8000000000000000: ???
==78260==    by 0x16: ???
==78260==    by 0x12A: ???
==78260== 
==78260== 2 bytes in 1 blocks are definitely lost in loss record 42 of 604
==78260==    at 0x484D953: calloc (in /usr/libexec/valgrind/vgpreload_memcheck-amd64-linux.so)
==78260==    by 0x723DE9: __mn_alloc (in /mnt/c/Users/Juan/Documents/GitHub/Mapanare/mapanare/self/mnc-stage1)
==78260==    by 0x7245AB: __mn_str_from_parts (in /mnt/c/Users/Juan/Documents/GitHub/Mapanare/mapanare/self/mnc-stage1)
==78260==    by 0x41FA6B: lexer__scan_ident (in /mnt/c/Users/Juan/Documents/GitHub/Mapanare/mapanare/self/mnc-stage1)
==78260==    by 0x6A800BF: ???
==78260==    by 0x8000000000000002: ???
==78260==    by 0x6A733D7: ???
==78260==    by 0x16: ???
==78260==    by 0x9: ???
==78260==    by 0x6A7751F: ???
==78260==    by 0x8000000000000000: ???
==78260==    by 0x16: ???
==78260==    by 0x12A: ???
==78260== 
==78260== 2 bytes in 1 blocks are definitely lost in loss record 43 of 604
==78260==    at 0x484D953: calloc (in /usr/libexec/valgrind/vgpreload_memcheck-amd64-linux.so)
==78260==    by 0x723DE9: __mn_alloc (in /mnt/c/Users/Juan/Documents/GitHub/Mapanare/mapanare/self/mnc-stage1)
==78260==    by 0x7245AB: __mn_str_from_parts (in /mnt/c/Users/Juan/Documents/GitHub/Mapanare/mapanare/self/mnc-stage1)
==78260==    by 0x41FA6B: lexer__scan_ident (in /mnt/c/Users/Juan/Documents/GitHub/Mapanare/mapanare/self/mnc-stage1)
==78260==    by 0x6A8051F: ???
==78260==    by 0x8000000000000000: ???
==78260==    by 0x6A733D7: ???
==78260==    by 0x4: ???
==78260==    by 0xA: ???
==78260==    by 0x6A7751F: ???
==78260==    by 0x8000000000000000: ???
==78260==    by 0x4: ???
==78260==    by 0x134: ???
==78260== 
==78260== 2 bytes in 1 blocks are definitely lost in loss record 44 of 604
==78260==    at 0x484D953: calloc (in /usr/libexec/valgrind/vgpreload_memcheck-amd64-linux.so)
==78260==    by 0x723DE9: __mn_alloc (in /mnt/c/Users/Juan/Documents/GitHub/Mapanare/mapanare/self/mnc-stage1)
==78260==    by 0x7245AB: __mn_str_from_parts (in /mnt/c/Users/Juan/Documents/GitHub/Mapanare/mapanare/self/mnc-stage1)
==78260==    by 0x41FA6B: lexer__scan_ident (in /mnt/c/Users/Juan/Documents/GitHub/Mapanare/mapanare/self/mnc-stage1)
==78260==    by 0x6A805BF: ???
==78260==    by 0x8000000000000001: ???
==78260==    by 0x6A733D7: ???
==78260==    by 0x4: ???
==78260==    by 0xA: ???
==78260==    by 0x6A7751F: ???
==78260==    by 0x8000000000000000: ???
==78260==    by 0x4: ???
==78260==    by 0x134: ???
==78260== 
==78260== 2 bytes in 1 blocks are definitely lost in loss record 45 of 604
==78260==    at 0x484D953: calloc (in /usr/libexec/valgrind/vgpreload_memcheck-amd64-linux.so)
==78260==    by 0x723DE9: __mn_alloc (in /mnt/c/Users/Juan/Documents/GitHub/Mapanare/mapanare/self/mnc-stage1)
==78260==    by 0x7245AB: __mn_str_from_parts (in /mnt/c/Users/Juan/Documents/GitHub/Mapanare/mapanare/self/mnc-stage1)
==78260==    by 0x41FA6B: lexer__scan_ident (in /mnt/c/Users/Juan/Documents/GitHub/Mapanare/mapanare/self/mnc-stage1)
==78260==    by 0x6A8065F: ???
==78260==    by 0x8000000000000002: ???
==78260==    by 0x6A733D7: ???
==78260==    by 0x4: ???
==78260==    by 0xA: ???
==78260==    by 0x6A7751F: ???
==78260==    by 0x8000000000000000: ???
==78260==    by 0x4: ???
==78260==    by 0x134: ???
==78260== 
==78260== 2 bytes in 1 blocks are definitely lost in loss record 46 of 604
==78260==    at 0x484D953: calloc (in /usr/libexec/valgrind/vgpreload_memcheck-amd64-linux.so)
==78260==    by 0x723DE9: __mn_alloc (in /mnt/c/Users/Juan/Documents/GitHub/Mapanare/mapanare/self/mnc-stage1)
==78260==    by 0x7245AB: __mn_str_from_parts (in /mnt/c/Users/Juan/Documents/GitHub/Mapanare/mapanare/self/mnc-stage1)
==78260==    by 0x41FA6B: lexer__scan_ident (in /mnt/c/Users/Juan/Documents/GitHub/Mapanare/mapanare/self/mnc-stage1)
==78260==    by 0x6A806FF: ???
==78260==    by 0x8000000000000003: ???
==78260==    by 0x6A733D7: ???
==78260==    by 0x4: ???
==78260==    by 0xA: ???
==78260==    by 0x6A7751F: ???
==78260==    by 0x8000000000000000: ???
==78260==    by 0x4: ???
==78260==    by 0x134: ???
==78260== 
==78260== 2 bytes in 1 blocks are definitely lost in loss record 47 of 604
==78260==    at 0x484D953: calloc (in /usr/libexec/valgrind/vgpreload_memcheck-amd64-linux.so)
==78260==    by 0x723DE9: __mn_alloc (in /mnt/c/Users/Juan/Documents/GitHub/Mapanare/mapanare/self/mnc-stage1)
==78260==    by 0x7245AB: __mn_str_from_parts (in /mnt/c/Users/Juan/Documents/GitHub/Mapanare/mapanare/self/mnc-stage1)
==78260==    by 0x41FA6B: lexer__scan_ident (in /mnt/c/Users/Juan/Documents/GitHub/Mapanare/mapanare/self/mnc-stage1)
==78260==    by 0x6A8079F: ???
==78260==    by 0x8000000000000004: ???
==78260==    by 0x6A733D7: ???
==78260==    by 0x4: ???
==78260==    by 0xA: ???
==78260==    by 0x6A7751F: ???
==78260==    by 0x8000000000000000: ???
==78260==    by 0x4: ???
==78260==    by 0x134: ???
==78260== 
==78260== 2 bytes in 1 blocks are definitely lost in loss record 48 of 604
==78260==    at 0x484D953: calloc (in /usr/libexec/valgrind/vgpreload_memcheck-amd64-linux.so)
==78260==    by 0x723DE9: __mn_alloc (in /mnt/c/Users/Juan/Documents/GitHub/Mapanare/mapanare/self/mnc-stage1)
==78260==    by 0x7245AB: __mn_str_from_parts (in /mnt/c/Users/Juan/Documents/GitHub/Mapanare/mapanare/self/mnc-stage1)
==78260==    by 0x41FA6B: lexer__scan_ident (in /mnt/c/Users/Juan/Documents/GitHub/Mapanare/mapanare/self/mnc-stage1)
==78260==    by 0x6A8083F: ???
==78260==    by 0x8000000000000005: ???
==78260==    by 0x6A733D7: ???
==78260==    by 0x4: ???
==78260==    by 0xA: ???
==78260==    by 0x6A7751F: ???
==78260==    by 0x8000000000000000: ???
==78260==    by 0x4: ???
==78260==    by 0x134: ???
==78260== 
==78260== 2 bytes in 1 blocks are definitely lost in loss record 49 of 604
==78260==    at 0x484D953: calloc (in /usr/libexec/valgrind/vgpreload_memcheck-amd64-linux.so)
==78260==    by 0x723DE9: __mn_alloc (in /mnt/c/Users/Juan/Documents/GitHub/Mapanare/mapanare/self/mnc-stage1)
==78260==    by 0x7245AB: __mn_str_from_parts (in /mnt/c/Users/Juan/Documents/GitHub/Mapanare/mapanare/self/mnc-stage1)
==78260==    by 0x42002C: lexer__scan_number (in /mnt/c/Users/Juan/Documents/GitHub/Mapanare/mapanare/self/mnc-stage1)
==78260==    by 0x6A80A6F: ???
==78260==    by 0x6A73257: ???
==78260==    by 0x8000000000000000: ???
==78260==    by 0x6A8097F: ???
==78260==    by 0x8000000000000000: ???
==78260== 
==78260== 2 bytes in 1 blocks are definitely lost in loss record 50 of 604
==78260==    at 0x484D953: calloc (in /usr/libexec/valgrind/vgpreload_memcheck-amd64-linux.so)
==78260==    by 0x723DE9: __mn_alloc (in /mnt/c/Users/Juan/Documents/GitHub/Mapanare/mapanare/self/mnc-stage1)
==78260==    by 0x7245AB: __mn_str_from_parts (in /mnt/c/Users/Juan/Documents/GitHub/Mapanare/mapanare/self/mnc-stage1)
==78260==    by 0x42002C: lexer__scan_number (in /mnt/c/Users/Juan/Documents/GitHub/Mapanare/mapanare/self/mnc-stage1)
==78260==    by 0x6A80B0F: ???
==78260==    by 0x6A73257: ???
==78260==    by 0x8000000000000001: ???
==78260==    by 0x6A8097F: ???
==78260==    by 0x8000000000000000: ???
==78260== 
==78260== 2 bytes in 1 blocks are definitely lost in loss record 51 of 604
==78260==    at 0x484D953: calloc (in /usr/libexec/valgrind/vgpreload_memcheck-amd64-linux.so)
==78260==    by 0x723DE9: __mn_alloc (in /mnt/c/Users/Juan/Documents/GitHub/Mapanare/mapanare/self/mnc-stage1)
==78260==    by 0x7245AB: __mn_str_from_parts (in /mnt/c/Users/Juan/Documents/GitHub/Mapanare/mapanare/self/mnc-stage1)
==78260==    by 0x41FA6B: lexer__scan_ident (in /mnt/c/Users/Juan/Documents/GitHub/Mapanare/mapanare/self/mnc-stage1)
==78260==    by 0x6A80E7F: ???
==78260==    by 0x8000000000000000: ???
==78260==    by 0x6A733D7: ???
==78260== 
==78260== 2 bytes in 1 blocks are definitely lost in loss record 52 of 604
==78260==    at 0x484D953: calloc (in /usr/libexec/valgrind/vgpreload_memcheck-amd64-linux.so)
==78260==    by 0x723DE9: __mn_alloc (in /mnt/c/Users/Juan/Documents/GitHub/Mapanare/mapanare/self/mnc-stage1)
==78260==    by 0x7245AB: __mn_str_from_parts (in /mnt/c/Users/Juan/Documents/GitHub/Mapanare/mapanare/self/mnc-stage1)
==78260==    by 0x41FA6B: lexer__scan_ident (in /mnt/c/Users/Juan/Documents/GitHub/Mapanare/mapanare/self/mnc-stage1)
==78260==    by 0x6A80F1F: ???
==78260==    by 0x8000000000000001: ???
==78260==    by 0x6A733D7: ???
==78260== 
==78260== 2 bytes in 1 blocks are definitely lost in loss record 53 of 604
==78260==    at 0x484D953: calloc (in /usr/libexec/valgrind/vgpreload_memcheck-amd64-linux.so)
==78260==    by 0x723DE9: __mn_alloc (in /mnt/c/Users/Juan/Documents/GitHub/Mapanare/mapanare/self/mnc-stage1)
==78260==    by 0x7245AB: __mn_str_from_parts (in /mnt/c/Users/Juan/Documents/GitHub/Mapanare/mapanare/self/mnc-stage1)
==78260==    by 0x41FA6B: lexer__scan_ident (in /mnt/c/Users/Juan/Documents/GitHub/Mapanare/mapanare/self/mnc-stage1)
==78260==    by 0x6A80FBF: ???
==78260==    by 0x8000000000000002: ???
==78260==    by 0x6A733D7: ???
==78260== 
==78260== 2 bytes in 1 blocks are definitely lost in loss record 54 of 604
==78260==    at 0x484D953: calloc (in /usr/libexec/valgrind/vgpreload_memcheck-amd64-linux.so)
==78260==    by 0x723DE9: __mn_alloc (in /mnt/c/Users/Juan/Documents/GitHub/Mapanare/mapanare/self/mnc-stage1)
==78260==    by 0x7245AB: __mn_str_from_parts (in /mnt/c/Users/Juan/Documents/GitHub/Mapanare/mapanare/self/mnc-stage1)
==78260==    by 0x41FA6B: lexer__scan_ident (in /mnt/c/Users/Juan/Documents/GitHub/Mapanare/mapanare/self/mnc-stage1)
==78260==    by 0x6A8105F: ???
==78260==    by 0x8000000000000003: ???
==78260==    by 0x6A733D7: ???
==78260== 
==78260== 2 bytes in 1 blocks are definitely lost in loss record 55 of 604
==78260==    at 0x484D953: calloc (in /usr/libexec/valgrind/vgpreload_memcheck-amd64-linux.so)
==78260==    by 0x723DE9: __mn_alloc (in /mnt/c/Users/Juan/Documents/GitHub/Mapanare/mapanare/self/mnc-stage1)
==78260==    by 0x7245AB: __mn_str_from_parts (in /mnt/c/Users/Juan/Documents/GitHub/Mapanare/mapanare/self/mnc-stage1)
==78260==    by 0x41FA6B: lexer__scan_ident (in /mnt/c/Users/Juan/Documents/GitHub/Mapanare/mapanare/self/mnc-stage1)
==78260==    by 0x6A810FF: ???
==78260==    by 0x8000000000000004: ???
==78260==    by 0x6A733D7: ???
==78260== 
==78260== 2 bytes in 1 blocks are definitely lost in loss record 56 of 604
==78260==    at 0x484D953: calloc (in /usr/libexec/valgrind/vgpreload_memcheck-amd64-linux.so)
==78260==    by 0x723DE9: __mn_alloc (in /mnt/c/Users/Juan/Documents/GitHub/Mapanare/mapanare/self/mnc-stage1)
==78260==    by 0x7245AB: __mn_str_from_parts (in /mnt/c/Users/Juan/Documents/GitHub/Mapanare/mapanare/self/mnc-stage1)
==78260==    by 0x41FA6B: lexer__scan_ident (in /mnt/c/Users/Juan/Documents/GitHub/Mapanare/mapanare/self/mnc-stage1)
==78260==    by 0x6A812DF: ???
==78260==    by 0x8000000000000000: ???
==78260==    by 0x6A733D7: ???
==78260==    by 0x6: ???
==78260==    by 0xD: ???
==78260==    by 0x6A7751F: ???
==78260==    by 0x8000000000000000: ???
==78260==    by 0x6: ???
==78260==    by 0x147: ???
==78260== 
==78260== 2 bytes in 1 blocks are definitely lost in loss record 57 of 604
==78260==    at 0x484D953: calloc (in /usr/libexec/valgrind/vgpreload_memcheck-amd64-linux.so)
==78260==    by 0x723DE9: __mn_alloc (in /mnt/c/Users/Juan/Documents/GitHub/Mapanare/mapanare/self/mnc-stage1)
==78260==    by 0x7245AB: __mn_str_from_parts (in /mnt/c/Users/Juan/Documents/GitHub/Mapanare/mapanare/self/mnc-stage1)
==78260==    by 0x41FA6B: lexer__scan_ident (in /mnt/c/Users/Juan/Documents/GitHub/Mapanare/mapanare/self/mnc-stage1)
==78260==    by 0x6A8137F: ???
==78260==    by 0x8000000000000001: ???
==78260==    by 0x6A733D7: ???
==78260==    by 0x6: ???
==78260==    by 0xD: ???
==78260==    by 0x6A7751F: ???
==78260==    by 0x8000000000000000: ???
==78260==    by 0x6: ???
==78260==    by 0x147: ???
==78260== 
==78260== 2 bytes in 1 blocks are definitely lost in loss record 58 of 604
==78260==    at 0x484D953: calloc (in /usr/libexec/valgrind/vgpreload_memcheck-amd64-linux.so)
==78260==    by 0x723DE9: __mn_alloc (in /mnt/c/Users/Juan/Documents/GitHub/Mapanare/mapanare/self/mnc-stage1)
==78260==    by 0x7245AB: __mn_str_from_parts (in /mnt/c/Users/Juan/Documents/GitHub/Mapanare/mapanare/self/mnc-stage1)
==78260==    by 0x41FA6B: lexer__scan_ident (in /mnt/c/Users/Juan/Documents/GitHub/Mapanare/mapanare/self/mnc-stage1)
==78260==    by 0x6A8155F: ???
==78260==    by 0x8000000000000000: ???
==78260==    by 0x6A733D7: ???
==78260==    by 0x9: ???
==78260==    by 0xD: ???
==78260==    by 0x6A7751F: ???
==78260==    by 0x8000000000000000: ???
==78260==    by 0x9: ???
==78260==    by 0x14A: ???
==78260== 
==78260== 2 bytes in 1 blocks are definitely lost in loss record 59 of 604
==78260==    at 0x484D953: calloc (in /usr/libexec/valgrind/vgpreload_memcheck-amd64-linux.so)
==78260==    by 0x723DE9: __mn_alloc (in /mnt/c/Users/Juan/Documents/GitHub/Mapanare/mapanare/self/mnc-stage1)
==78260==    by 0x7245AB: __mn_str_from_parts (in /mnt/c/Users/Juan/Documents/GitHub/Mapanare/mapanare/self/mnc-stage1)
==78260==    by 0x41FA6B: lexer__scan_ident (in /mnt/c/Users/Juan/Documents/GitHub/Mapanare/mapanare/self/mnc-stage1)
==78260==    by 0x6A815FF: ???
==78260==    by 0x8000000000000001: ???
==78260==    by 0x6A733D7: ???
==78260==    by 0x9: ???
==78260==    by 0xD: ???
==78260==    by 0x6A7751F: ???
==78260==    by 0x8000000000000000: ???
==78260==    by 0x9: ???
==78260==    by 0x14A: ???
==78260== 
==78260== 2 bytes in 1 blocks are definitely lost in loss record 60 of 604
==78260==    at 0x484D953: calloc (in /usr/libexec/valgrind/vgpreload_memcheck-amd64-linux.so)
==78260==    by 0x723DE9: __mn_alloc (in /mnt/c/Users/Juan/Documents/GitHub/Mapanare/mapanare/self/mnc-stage1)
==78260==    by 0x7245AB: __mn_str_from_parts (in /mnt/c/Users/Juan/Documents/GitHub/Mapanare/mapanare/self/mnc-stage1)
==78260==    by 0x41FA6B: lexer__scan_ident (in /mnt/c/Users/Juan/Documents/GitHub/Mapanare/mapanare/self/mnc-stage1)
==78260==    by 0x6A8169F: ???
==78260==    by 0x8000000000000002: ???
==78260==    by 0x6A733D7: ???
==78260==    by 0x9: ???
==78260==    by 0xD: ???
==78260==    by 0x6A7751F: ???
==78260==    by 0x8000000000000000: ???
==78260==    by 0x9: ???
==78260==    by 0x14A: ???
==78260== 
==78260== 2 bytes in 1 blocks are definitely lost in loss record 61 of 604
==78260==    at 0x484D953: calloc (in /usr/libexec/valgrind/vgpreload_memcheck-amd64-linux.so)
==78260==    by 0x723DE9: __mn_alloc (in /mnt/c/Users/Juan/Documents/GitHub/Mapanare/mapanare/self/mnc-stage1)
==78260==    by 0x7245AB: __mn_str_from_parts (in /mnt/c/Users/Juan/Documents/GitHub/Mapanare/mapanare/self/mnc-stage1)
==78260==    by 0x41FA6B: lexer__scan_ident (in /mnt/c/Users/Juan/Documents/GitHub/Mapanare/mapanare/self/mnc-stage1)
==78260==    by 0x6A8173F: ???
==78260==    by 0x8000000000000003: ???
==78260==    by 0x6A733D7: ???
==78260==    by 0x9: ???
==78260==    by 0xD: ???
==78260==    by 0x6A7751F: ???
==78260==    by 0x8000000000000000: ???
==78260==    by 0x9: ???
==78260==    by 0x14A: ???
==78260== 
==78260== 2 bytes in 1 blocks are definitely lost in loss record 62 of 604
==78260==    at 0x484D953: calloc (in /usr/libexec/valgrind/vgpreload_memcheck-amd64-linux.so)
==78260==    by 0x723DE9: __mn_alloc (in /mnt/c/Users/Juan/Documents/GitHub/Mapanare/mapanare/self/mnc-stage1)
==78260==    by 0x7245AB: __mn_str_from_parts (in /mnt/c/Users/Juan/Documents/GitHub/Mapanare/mapanare/self/mnc-stage1)
==78260==    by 0x41FA6B: lexer__scan_ident (in /mnt/c/Users/Juan/Documents/GitHub/Mapanare/mapanare/self/mnc-stage1)
==78260==    by 0x6A817DF: ???
==78260==    by 0x8000000000000004: ???
==78260==    by 0x6A733D7: ???
==78260==    by 0x9: ???
==78260==    by 0xD: ???
==78260==    by 0x6A7751F: ???
==78260==    by 0x8000000000000000: ???
==78260==    by 0x9: ???
==78260==    by 0x14A: ???
==78260== 
==78260== 2 bytes in 1 blocks are definitely lost in loss record 63 of 604
==78260==    at 0x484D953: calloc (in /usr/libexec/valgrind/vgpreload_memcheck-amd64-linux.so)
==78260==    by 0x723DE9: __mn_alloc (in /mnt/c/Users/Juan/Documents/GitHub/Mapanare/mapanare/self/mnc-stage1)
==78260==    by 0x7245AB: __mn_str_from_parts (in /mnt/c/Users/Juan/Documents/GitHub/Mapanare/mapanare/self/mnc-stage1)
==78260==    by 0x41FA6B: lexer__scan_ident (in /mnt/c/Users/Juan/Documents/GitHub/Mapanare/mapanare/self/mnc-stage1)
==78260==    by 0x6A8187F: ???
==78260==    by 0x8000000000000005: ???
==78260==    by 0x6A733D7: ???
==78260==    by 0x9: ???
==78260==    by 0xD: ???
==78260==    by 0x6A7751F: ???
==78260==    by 0x8000000000000000: ???
==78260==    by 0x9: ???
==78260==    by 0x14A: ???
==78260== 
==78260== 2 bytes in 1 blocks are definitely lost in loss record 64 of 604
==78260==    at 0x484D953: calloc (in /usr/libexec/valgrind/vgpreload_memcheck-amd64-linux.so)
==78260==    by 0x723DE9: __mn_alloc (in /mnt/c/Users/Juan/Documents/GitHub/Mapanare/mapanare/self/mnc-stage1)
==78260==    by 0x7245AB: __mn_str_from_parts (in /mnt/c/Users/Juan/Documents/GitHub/Mapanare/mapanare/self/mnc-stage1)
==78260==    by 0x41FA6B: lexer__scan_ident (in /mnt/c/Users/Juan/Documents/GitHub/Mapanare/mapanare/self/mnc-stage1)
==78260==    by 0x6A8191F: ???
==78260==    by 0x8000000000000006: ???
==78260==    by 0x6A733D7: ???
==78260==    by 0x9: ???
==78260==    by 0xD: ???
==78260==    by 0x6A7751F: ???
==78260==    by 0x8000000000000000: ???
==78260==    by 0x9: ???
==78260==    by 0x14A: ???
==78260== 
==78260== 2 bytes in 1 blocks are definitely lost in loss record 65 of 604
==78260==    at 0x484D953: calloc (in /usr/libexec/valgrind/vgpreload_memcheck-amd64-linux.so)
==78260==    by 0x723DE9: __mn_alloc (in /mnt/c/Users/Juan/Documents/GitHub/Mapanare/mapanare/self/mnc-stage1)
==78260==    by 0x7245AB: __mn_str_from_parts (in /mnt/c/Users/Juan/Documents/GitHub/Mapanare/mapanare/self/mnc-stage1)
==78260==    by 0x41FA6B: lexer__scan_ident (in /mnt/c/Users/Juan/Documents/GitHub/Mapanare/mapanare/self/mnc-stage1)
==78260==    by 0x6A81E1F: ???
==78260==    by 0x8000000000000000: ???
==78260==    by 0x6A733D7: ???
==78260==    by 0x16: ???
==78260==    by 0xD: ???
==78260==    by 0x6A7751F: ???
==78260==    by 0x8000000000000000: ???
==78260==    by 0x16: ???
==78260==    by 0x157: ???
==78260== 
==78260== 2 bytes in 1 blocks are definitely lost in loss record 66 of 604
==78260==    at 0x484D953: calloc (in /usr/libexec/valgrind/vgpreload_memcheck-amd64-linux.so)
==78260==    by 0x723DE9: __mn_alloc (in /mnt/c/Users/Juan/Documents/GitHub/Mapanare/mapanare/self/mnc-stage1)
==78260==    by 0x7245AB: __mn_str_from_parts (in /mnt/c/Users/Juan/Documents/GitHub/Mapanare/mapanare/self/mnc-stage1)
==78260==    by 0x41FA6B: lexer__scan_ident (in /mnt/c/Users/Juan/Documents/GitHub/Mapanare/mapanare/self/mnc-stage1)
==78260==    by 0x6A81EBF: ???
==78260==    by 0x8000000000000001: ???
==78260==    by 0x6A733D7: ???
==78260==    by 0x16: ???
==78260==    by 0xD: ???
==78260==    by 0x6A7751F: ???
==78260==    by 0x8000000000000000: ???
==78260==    by 0x16: ???
==78260==    by 0x157: ???
==78260== 
==78260== 2 bytes in 1 blocks are definitely lost in loss record 67 of 604
==78260==    at 0x484D953: calloc (in /usr/libexec/valgrind/vgpreload_memcheck-amd64-linux.so)
==78260==    by 0x723DE9: __mn_alloc (in /mnt/c/Users/Juan/Documents/GitHub/Mapanare/mapanare/self/mnc-stage1)
==78260==    by 0x7245AB: __mn_str_from_parts (in /mnt/c/Users/Juan/Documents/GitHub/Mapanare/mapanare/self/mnc-stage1)
==78260==    by 0x41FA6B: lexer__scan_ident (in /mnt/c/Users/Juan/Documents/GitHub/Mapanare/mapanare/self/mnc-stage1)
==78260==    by 0x6A81F5F: ???
==78260==    by 0x8000000000000002: ???
==78260==    by 0x6A733D7: ???
==78260==    by 0x16: ???
==78260==    by 0xD: ???
==78260==    by 0x6A7751F: ???
==78260==    by 0x8000000000000000: ???
==78260==    by 0x16: ???
==78260==    by 0x157: ???
==78260== 
==78260== 2 bytes in 1 blocks are definitely lost in loss record 68 of 604
==78260==    at 0x484D953: calloc (in /usr/libexec/valgrind/vgpreload_memcheck-amd64-linux.so)
==78260==    by 0x723DE9: __mn_alloc (in /mnt/c/Users/Juan/Documents/GitHub/Mapanare/mapanare/self/mnc-stage1)
==78260==    by 0x7245AB: __mn_str_from_parts (in /mnt/c/Users/Juan/Documents/GitHub/Mapanare/mapanare/self/mnc-stage1)
==78260==    by 0x41FA6B: lexer__scan_ident (in /mnt/c/Users/Juan/Documents/GitHub/Mapanare/mapanare/self/mnc-stage1)
==78260==    by 0x6A823BF: ???
==78260==    by 0x8000000000000000: ???
==78260==    by 0x6A733D7: ???
==78260==    by 0x4: ???
==78260==    by 0xE: ???
==78260==    by 0x6A7751F: ???
==78260==    by 0x8000000000000000: ???
==78260==    by 0x4: ???
==78260==    by 0x161: ???
==78260== 
==78260== 2 bytes in 1 blocks are definitely lost in loss record 69 of 604
==78260==    at 0x484D953: calloc (in /usr/libexec/valgrind/vgpreload_memcheck-amd64-linux.so)
==78260==    by 0x723DE9: __mn_alloc (in /mnt/c/Users/Juan/Documents/GitHub/Mapanare/mapanare/self/mnc-stage1)
==78260==    by 0x7245AB: __mn_str_from_parts (in /mnt/c/Users/Juan/Documents/GitHub/Mapanare/mapanare/self/mnc-stage1)
==78260==    by 0x41FA6B: lexer__scan_ident (in /mnt/c/Users/Juan/Documents/GitHub/Mapanare/mapanare/self/mnc-stage1)
==78260==    by 0x6A8245F: ???
==78260==    by 0x8000000000000001: ???
==78260==    by 0x6A733D7: ???
==78260==    by 0x4: ???
==78260==    by 0xE: ???
==78260==    by 0x6A7751F: ???
==78260==    by 0x8000000000000000: ???
==78260==    by 0x4: ???
==78260==    by 0x161: ???
==78260== 
==78260== 2 bytes in 1 blocks are definitely lost in loss record 70 of 604
==78260==    at 0x484D953: calloc (in /usr/libexec/valgrind/vgpreload_memcheck-amd64-linux.so)
==78260==    by 0x723DE9: __mn_alloc (in /mnt/c/Users/Juan/Documents/GitHub/Mapanare/mapanare/self/mnc-stage1)
==78260==    by 0x7245AB: __mn_str_from_parts (in /mnt/c/Users/Juan/Documents/GitHub/Mapanare/mapanare/self/mnc-stage1)
==78260==    by 0x41FA6B: lexer__scan_ident (in /mnt/c/Users/Juan/Documents/GitHub/Mapanare/mapanare/self/mnc-stage1)
==78260==    by 0x6A824FF: ???
==78260==    by 0x8000000000000002: ???
==78260==    by 0x6A733D7: ???
==78260==    by 0x4: ???
==78260==    by 0xE: ???
==78260==    by 0x6A7751F: ???
==78260==    by 0x8000000000000000: ???
==78260==    by 0x4: ???
==78260==    by 0x161: ???
==78260== 
==78260== 2 bytes in 1 blocks are definitely lost in loss record 71 of 604
==78260==    at 0x484D953: calloc (in /usr/libexec/valgrind/vgpreload_memcheck-amd64-linux.so)
==78260==    by 0x723DE9: __mn_alloc (in /mnt/c/Users/Juan/Documents/GitHub/Mapanare/mapanare/self/mnc-stage1)
==78260==    by 0x7245AB: __mn_str_from_parts (in /mnt/c/Users/Juan/Documents/GitHub/Mapanare/mapanare/self/mnc-stage1)
==78260==    by 0x41FA6B: lexer__scan_ident (in /mnt/c/Users/Juan/Documents/GitHub/Mapanare/mapanare/self/mnc-stage1)
==78260==    by 0x6A8259F: ???
==78260==    by 0x8000000000000003: ???
==78260==    by 0x6A733D7: ???
==78260==    by 0x4: ???
==78260==    by 0xE: ???
==78260==    by 0x6A7751F: ???
==78260==    by 0x8000000000000000: ???
==78260==    by 0x4: ???
==78260==    by 0x161: ???
==78260== 
==78260== 2 bytes in 1 blocks are definitely lost in loss record 72 of 604
==78260==    at 0x484D953: calloc (in /usr/libexec/valgrind/vgpreload_memcheck-amd64-linux.so)
==78260==    by 0x723DE9: __mn_alloc (in /mnt/c/Users/Juan/Documents/GitHub/Mapanare/mapanare/self/mnc-stage1)
==78260==    by 0x7245AB: __mn_str_from_parts (in /mnt/c/Users/Juan/Documents/GitHub/Mapanare/mapanare/self/mnc-stage1)
==78260==    by 0x41FA6B: lexer__scan_ident (in /mnt/c/Users/Juan/Documents/GitHub/Mapanare/mapanare/self/mnc-stage1)
==78260==    by 0x6A8263F: ???
==78260==    by 0x8000000000000004: ???
==78260==    by 0x6A733D7: ???
==78260==    by 0x4: ???
==78260==    by 0xE: ???
==78260==    by 0x6A7751F: ???
==78260==    by 0x8000000000000000: ???
==78260==    by 0x4: ???
==78260==    by 0x161: ???
==78260== 
==78260== 2 bytes in 1 blocks are definitely lost in loss record 73 of 604
==78260==    at 0x484D953: calloc (in /usr/libexec/valgrind/vgpreload_memcheck-amd64-linux.so)
==78260==    by 0x723DE9: __mn_alloc (in /mnt/c/Users/Juan/Documents/GitHub/Mapanare/mapanare/self/mnc-stage1)
==78260==    by 0x7245AB: __mn_str_from_parts (in /mnt/c/Users/Juan/Documents/GitHub/Mapanare/mapanare/self/mnc-stage1)
==78260==    by 0x41FA6B: lexer__scan_ident (in /mnt/c/Users/Juan/Documents/GitHub/Mapanare/mapanare/self/mnc-stage1)
==78260==    by 0x6A826DF: ???
==78260==    by 0x8000000000000005: ???
==78260==    by 0x6A733D7: ???
==78260==    by 0x4: ???
==78260==    by 0xE: ???
==78260==    by 0x6A7751F: ???
==78260==    by 0x8000000000000000: ???
==78260==    by 0x4: ???
==78260==    by 0x161: ???
==78260== 
==78260== 2 bytes in 1 blocks are definitely lost in loss record 74 of 604
==78260==    at 0x484D953: calloc (in /usr/libexec/valgrind/vgpreload_memcheck-amd64-linux.so)
==78260==    by 0x723DE9: __mn_alloc (in /mnt/c/Users/Juan/Documents/GitHub/Mapanare/mapanare/self/mnc-stage1)
==78260==    by 0x7245AB: __mn_str_from_parts (in /mnt/c/Users/Juan/Documents/GitHub/Mapanare/mapanare/self/mnc-stage1)
==78260==    by 0x42002C: lexer__scan_number (in /mnt/c/Users/Juan/Documents/GitHub/Mapanare/mapanare/self/mnc-stage1)
==78260==    by 0x6A8290F: ???
==78260==    by 0x6A73257: ???
==78260==    by 0x8000000000000000: ???
==78260==    by 0x6A8281F: ???
==78260==    by 0x8000000000000000: ???
==78260== 
==78260== 2 bytes in 1 blocks are definitely lost in loss record 75 of 604
==78260==    at 0x484D953: calloc (in /usr/libexec/valgrind/vgpreload_memcheck-amd64-linux.so)
==78260==    by 0x723DE9: __mn_alloc (in /mnt/c/Users/Juan/Documents/GitHub/Mapanare/mapanare/self/mnc-stage1)
==78260==    by 0x7245AB: __mn_str_from_parts (in /mnt/c/Users/Juan/Documents/GitHub/Mapanare/mapanare/self/mnc-stage1)
==78260==    by 0x42002C: lexer__scan_number (in /mnt/c/Users/Juan/Documents/GitHub/Mapanare/mapanare/self/mnc-stage1)
==78260==    by 0x6A829AF: ???
==78260==    by 0x6A73257: ???
==78260==    by 0x8000000000000001: ???
==78260==    by 0x6A8281F: ???
==78260==    by 0x8000000000000000: ???
==78260== 
==78260== 2 bytes in 1 blocks are definitely lost in loss record 76 of 604
==78260==    at 0x484D953: calloc (in /usr/libexec/valgrind/vgpreload_memcheck-amd64-linux.so)
==78260==    by 0x723DE9: __mn_alloc (in /mnt/c/Users/Juan/Documents/GitHub/Mapanare/mapanare/self/mnc-stage1)
==78260==    by 0x7245AB: __mn_str_from_parts (in /mnt/c/Users/Juan/Documents/GitHub/Mapanare/mapanare/self/mnc-stage1)
==78260==    by 0x41FA6B: lexer__scan_ident (in /mnt/c/Users/Juan/Documents/GitHub/Mapanare/mapanare/self/mnc-stage1)
==78260==    by 0x6A83D6F: ???
==78260==    by 0x8000000000000000: ???
==78260==    by 0x6A733D7: ???
==78260== 
==78260== 2 bytes in 1 blocks are definitely lost in loss record 77 of 604
==78260==    at 0x484D953: calloc (in /usr/libexec/valgrind/vgpreload_memcheck-amd64-linux.so)
==78260==    by 0x723DE9: __mn_alloc (in /mnt/c/Users/Juan/Documents/GitHub/Mapanare/mapanare/self/mnc-stage1)
==78260==    by 0x7245AB: __mn_str_from_parts (in /mnt/c/Users/Juan/Documents/GitHub/Mapanare/mapanare/self/mnc-stage1)
==78260==    by 0x41FA6B: lexer__scan_ident (in /mnt/c/Users/Juan/Documents/GitHub/Mapanare/mapanare/self/mnc-stage1)
==78260==    by 0x6A83E0F: ???
==78260==    by 0x8000000000000001: ???
==78260==    by 0x6A733D7: ???
==78260== 
==78260== 2 bytes in 1 blocks are definitely lost in loss record 78 of 604
==78260==    at 0x484D953: calloc (in /usr/libexec/valgrind/vgpreload_memcheck-amd64-linux.so)
==78260==    by 0x723DE9: __mn_alloc (in /mnt/c/Users/Juan/Documents/GitHub/Mapanare/mapanare/self/mnc-stage1)
==78260==    by 0x7245AB: __mn_str_from_parts (in /mnt/c/Users/Juan/Documents/GitHub/Mapanare/mapanare/self/mnc-stage1)
==78260==    by 0x41FA6B: lexer__scan_ident (in /mnt/c/Users/Juan/Documents/GitHub/Mapanare/mapanare/self/mnc-stage1)
==78260==    by 0x6A83EAF: ???
==78260==    by 0x8000000000000002: ???
==78260==    by 0x6A733D7: ???
==78260== 
==78260== 2 bytes in 1 blocks are definitely lost in loss record 79 of 604
==78260==    at 0x484D953: calloc (in /usr/libexec/valgrind/vgpreload_memcheck-amd64-linux.so)
==78260==    by 0x723DE9: __mn_alloc (in /mnt/c/Users/Juan/Documents/GitHub/Mapanare/mapanare/self/mnc-stage1)
==78260==    by 0x7245AB: __mn_str_from_parts (in /mnt/c/Users/Juan/Documents/GitHub/Mapanare/mapanare/self/mnc-stage1)
==78260==    by 0x41FA6B: lexer__scan_ident (in /mnt/c/Users/Juan/Documents/GitHub/Mapanare/mapanare/self/mnc-stage1)
==78260==    by 0x6A83F4F: ???
==78260==    by 0x8000000000000003: ???
==78260==    by 0x6A733D7: ???
==78260== 
==78260== 2 bytes in 1 blocks are definitely lost in loss record 80 of 604
==78260==    at 0x484D953: calloc (in /usr/libexec/valgrind/vgpreload_memcheck-amd64-linux.so)
==78260==    by 0x723DE9: __mn_alloc (in /mnt/c/Users/Juan/Documents/GitHub/Mapanare/mapanare/self/mnc-stage1)
==78260==    by 0x7245AB: __mn_str_from_parts (in /mnt/c/Users/Juan/Documents/GitHub/Mapanare/mapanare/self/mnc-stage1)
==78260==    by 0x41FA6B: lexer__scan_ident (in /mnt/c/Users/Juan/Documents/GitHub/Mapanare/mapanare/self/mnc-stage1)
==78260==    by 0x6A83FEF: ???
==78260==    by 0x8000000000000004: ???
==78260==    by 0x6A733D7: ???
==78260== 
==78260== 2 bytes in 1 blocks are definitely lost in loss record 81 of 604
==78260==    at 0x484D953: calloc (in /usr/libexec/valgrind/vgpreload_memcheck-amd64-linux.so)
==78260==    by 0x723DE9: __mn_alloc (in /mnt/c/Users/Juan/Documents/GitHub/Mapanare/mapanare/self/mnc-stage1)
==78260==    by 0x7245AB: __mn_str_from_parts (in /mnt/c/Users/Juan/Documents/GitHub/Mapanare/mapanare/self/mnc-stage1)
==78260==    by 0x41FA6B: lexer__scan_ident (in /mnt/c/Users/Juan/Documents/GitHub/Mapanare/mapanare/self/mnc-stage1)
==78260==    by 0x6A841CF: ???
==78260==    by 0x8000000000000000: ???
==78260==    by 0x6A733D7: ???
==78260==    by 0x6: ???
==78260==    by 0x11: ???
==78260==    by 0x6A7751F: ???
==78260==    by 0x8000000000000000: ???
==78260==    by 0x6: ???
==78260==    by 0x174: ???
==78260== 
==78260== 2 bytes in 1 blocks are definitely lost in loss record 82 of 604
==78260==    at 0x484D953: calloc (in /usr/libexec/valgrind/vgpreload_memcheck-amd64-linux.so)
==78260==    by 0x723DE9: __mn_alloc (in /mnt/c/Users/Juan/Documents/GitHub/Mapanare/mapanare/self/mnc-stage1)
==78260==    by 0x7245AB: __mn_str_from_parts (in /mnt/c/Users/Juan/Documents/GitHub/Mapanare/mapanare/self/mnc-stage1)
==78260==    by 0x41FA6B: lexer__scan_ident (in /mnt/c/Users/Juan/Documents/GitHub/Mapanare/mapanare/self/mnc-stage1)
==78260==    by 0x6A8426F: ???
==78260==    by 0x8000000000000001: ???
==78260==    by 0x6A733D7: ???
==78260==    by 0x6: ???
==78260==    by 0x11: ???
==78260==    by 0x6A7751F: ???
==78260==    by 0x8000000000000000: ???
==78260==    by 0x6: ???
==78260==    by 0x174: ???
==78260== 
==78260== 2 bytes in 1 blocks are definitely lost in loss record 83 of 604
==78260==    at 0x484D953: calloc (in /usr/libexec/valgrind/vgpreload_memcheck-amd64-linux.so)
==78260==    by 0x723DE9: __mn_alloc (in /mnt/c/Users/Juan/Documents/GitHub/Mapanare/mapanare/self/mnc-stage1)
==78260==    by 0x7245AB: __mn_str_from_parts (in /mnt/c/Users/Juan/Documents/GitHub/Mapanare/mapanare/self/mnc-stage1)
==78260==    by 0x41FA6B: lexer__scan_ident (in /mnt/c/Users/Juan/Documents/GitHub/Mapanare/mapanare/self/mnc-stage1)
==78260==    by 0x6A8444F: ???
==78260==    by 0x8000000000000000: ???
==78260==    by 0x6A733D7: ???
==78260==    by 0x9: ???
==78260==    by 0x11: ???
==78260==    by 0x6A7751F: ???
==78260==    by 0x8000000000000000: ???
==78260==    by 0x9: ???
==78260==    by 0x177: ???
==78260== 
==78260== 2 bytes in 1 blocks are definitely lost in loss record 84 of 604
==78260==    at 0x484D953: calloc (in /usr/libexec/valgrind/vgpreload_memcheck-amd64-linux.so)
==78260==    by 0x723DE9: __mn_alloc (in /mnt/c/Users/Juan/Documents/GitHub/Mapanare/mapanare/self/mnc-stage1)
==78260==    by 0x7245AB: __mn_str_from_parts (in /mnt/c/Users/Juan/Documents/GitHub/Mapanare/mapanare/self/mnc-stage1)
==78260==    by 0x41FA6B: lexer__scan_ident (in /mnt/c/Users/Juan/Documents/GitHub/Mapanare/mapanare/self/mnc-stage1)
==78260==    by 0x6A844EF: ???
==78260==    by 0x8000000000000001: ???
==78260==    by 0x6A733D7: ???
==78260==    by 0x9: ???
==78260==    by 0x11: ???
==78260==    by 0x6A7751F: ???
==78260==    by 0x8000000000000000: ???
==78260==    by 0x9: ???
==78260==    by 0x177: ???
==78260== 
==78260== 2 bytes in 1 blocks are definitely lost in loss record 85 of 604
==78260==    at 0x484D953: calloc (in /usr/libexec/valgrind/vgpreload_memcheck-amd64-linux.so)
==78260==    by 0x723DE9: __mn_alloc (in /mnt/c/Users/Juan/Documents/GitHub/Mapanare/mapanare/self/mnc-stage1)
==78260==    by 0x7245AB: __mn_str_from_parts (in /mnt/c/Users/Juan/Documents/GitHub/Mapanare/mapanare/self/mnc-stage1)
==78260==    by 0x41FA6B: lexer__scan_ident (in /mnt/c/Users/Juan/Documents/GitHub/Mapanare/mapanare/self/mnc-stage1)
==78260==    by 0x6A8458F: ???
==78260==    by 0x8000000000000002: ???
==78260==    by 0x6A733D7: ???
==78260==    by 0x9: ???
==78260==    by 0x11: ???
==78260==    by 0x6A7751F: ???
==78260==    by 0x8000000000000000: ???
==78260==    by 0x9: ???
==78260==    by 0x177: ???
==78260== 
==78260== 2 bytes in 1 blocks are definitely lost in loss record 86 of 604
==78260==    at 0x484D953: calloc (in /usr/libexec/valgrind/vgpreload_memcheck-amd64-linux.so)
==78260==    by 0x723DE9: __mn_alloc (in /mnt/c/Users/Juan/Documents/GitHub/Mapanare/mapanare/self/mnc-stage1)
==78260==    by 0x7245AB: __mn_str_from_parts (in /mnt/c/Users/Juan/Documents/GitHub/Mapanare/mapanare/self/mnc-stage1)
==78260==    by 0x41FA6B: lexer__scan_ident (in /mnt/c/Users/Juan/Documents/GitHub/Mapanare/mapanare/self/mnc-stage1)
==78260==    by 0x6A8462F: ???
==78260==    by 0x8000000000000003: ???
==78260==    by 0x6A733D7: ???
==78260==    by 0x9: ???
==78260==    by 0x11: ???
==78260==    by 0x6A7751F: ???
==78260==    by 0x8000000000000000: ???
==78260==    by 0x9: ???
==78260==    by 0x177: ???
==78260== 
==78260== 2 bytes in 1 blocks are definitely lost in loss record 87 of 604
==78260==    at 0x484D953: calloc (in /usr/libexec/valgrind/vgpreload_memcheck-amd64-linux.so)
==78260==    by 0x723DE9: __mn_alloc (in /mnt/c/Users/Juan/Documents/GitHub/Mapanare/mapanare/self/mnc-stage1)
==78260==    by 0x7245AB: __mn_str_from_parts (in /mnt/c/Users/Juan/Documents/GitHub/Mapanare/mapanare/self/mnc-stage1)
==78260==    by 0x41FA6B: lexer__scan_ident (in /mnt/c/Users/Juan/Documents/GitHub/Mapanare/mapanare/self/mnc-stage1)
==78260==    by 0x6A846CF: ???
==78260==    by 0x8000000000000004: ???
==78260==    by 0x6A733D7: ???
==78260==    by 0x9: ???
==78260==    by 0x11: ???
==78260==    by 0x6A7751F: ???
==78260==    by 0x8000000000000000: ???
==78260==    by 0x9: ???
==78260==    by 0x177: ???
==78260== 
==78260== 2 bytes in 1 blocks are definitely lost in loss record 88 of 604
==78260==    at 0x484D953: calloc (in /usr/libexec/valgrind/vgpreload_memcheck-amd64-linux.so)
==78260==    by 0x723DE9: __mn_alloc (in /mnt/c/Users/Juan/Documents/GitHub/Mapanare/mapanare/self/mnc-stage1)
==78260==    by 0x7245AB: __mn_str_from_parts (in /mnt/c/Users/Juan/Documents/GitHub/Mapanare/mapanare/self/mnc-stage1)
==78260==    by 0x41FA6B: lexer__scan_ident (in /mnt/c/Users/Juan/Documents/GitHub/Mapanare/mapanare/self/mnc-stage1)
==78260==    by 0x6A8476F: ???
==78260==    by 0x8000000000000005: ???
==78260==    by 0x6A733D7: ???
==78260==    by 0x9: ???
==78260==    by 0x11: ???
==78260==    by 0x6A7751F: ???
==78260==    by 0x8000000000000000: ???
==78260==    by 0x9: ???
==78260==    by 0x177: ???
==78260== 
==78260== 2 bytes in 1 blocks are definitely lost in loss record 89 of 604
==78260==    at 0x484D953: calloc (in /usr/libexec/valgrind/vgpreload_memcheck-amd64-linux.so)
==78260==    by 0x723DE9: __mn_alloc (in /mnt/c/Users/Juan/Documents/GitHub/Mapanare/mapanare/self/mnc-stage1)
==78260==    by 0x7245AB: __mn_str_from_parts (in /mnt/c/Users/Juan/Documents/GitHub/Mapanare/mapanare/self/mnc-stage1)
==78260==    by 0x41FA6B: lexer__scan_ident (in /mnt/c/Users/Juan/Documents/GitHub/Mapanare/mapanare/self/mnc-stage1)
==78260==    by 0x6A84C6F: ???
==78260==    by 0x8000000000000000: ???
==78260==    by 0x6A733D7: ???
==78260==    by 0x15: ???
==78260==    by 0x11: ???
==78260==    by 0x6A7751F: ???
==78260==    by 0x8000000000000000: ???
==78260==    by 0x15: ???
==78260==    by 0x183: ???
==78260== 
==78260== 2 bytes in 1 blocks are definitely lost in loss record 90 of 604
==78260==    at 0x484D953: calloc (in /usr/libexec/valgrind/vgpreload_memcheck-amd64-linux.so)
==78260==    by 0x723DE9: __mn_alloc (in /mnt/c/Users/Juan/Documents/GitHub/Mapanare/mapanare/self/mnc-stage1)
==78260==    by 0x7245AB: __mn_str_from_parts (in /mnt/c/Users/Juan/Documents/GitHub/Mapanare/mapanare/self/mnc-stage1)
==78260==    by 0x41FA6B: lexer__scan_ident (in /mnt/c/Users/Juan/Documents/GitHub/Mapanare/mapanare/self/mnc-stage1)
==78260==    by 0x6A84D0F: ???
==78260==    by 0x8000000000000001: ???
==78260==    by 0x6A733D7: ???
==78260==    by 0x15: ???
==78260==    by 0x11: ???
==78260==    by 0x6A7751F: ???
==78260==    by 0x8000000000000000: ???
==78260==    by 0x15: ???
==78260==    by 0x183: ???
==78260== 
==78260== 2 bytes in 1 blocks are definitely lost in loss record 91 of 604
==78260==    at 0x484D953: calloc (in /usr/libexec/valgrind/vgpreload_memcheck-amd64-linux.so)
==78260==    by 0x723DE9: __mn_alloc (in /mnt/c/Users/Juan/Documents/GitHub/Mapanare/mapanare/self/mnc-stage1)
==78260==    by 0x7245AB: __mn_str_from_parts (in /mnt/c/Users/Juan/Documents/GitHub/Mapanare/mapanare/self/mnc-stage1)
==78260==    by 0x41FA6B: lexer__scan_ident (in /mnt/c/Users/Juan/Documents/GitHub/Mapanare/mapanare/self/mnc-stage1)
==78260==    by 0x6A84DAF: ???
==78260==    by 0x8000000000000002: ???
==78260==    by 0x6A733D7: ???
==78260==    by 0x15: ???
==78260==    by 0x11: ???
==78260==    by 0x6A7751F: ???
==78260==    by 0x8000000000000000: ???
==78260==    by 0x15: ???
==78260==    by 0x183: ???
==78260== 
==78260== 2 bytes in 1 blocks are definitely lost in loss record 92 of 604
==78260==    at 0x484D953: calloc (in /usr/libexec/valgrind/vgpreload_memcheck-amd64-linux.so)
==78260==    by 0x723DE9: __mn_alloc (in /mnt/c/Users/Juan/Documents/GitHub/Mapanare/mapanare/self/mnc-stage1)
==78260==    by 0x7245AB: __mn_str_from_parts (in /mnt/c/Users/Juan/Documents/GitHub/Mapanare/mapanare/self/mnc-stage1)
==78260==    by 0x41FA6B: lexer__scan_ident (in /mnt/c/Users/Juan/Documents/GitHub/Mapanare/mapanare/self/mnc-stage1)
==78260==    by 0x6A8520F: ???
==78260==    by 0x8000000000000000: ???
==78260==    by 0x6A733D7: ???
==78260==    by 0x4: ???
==78260==    by 0x12: ???
==78260==    by 0x6A7751F: ???
==78260==    by 0x8000000000000000: ???
==78260==    by 0x4: ???
==78260==    by 0x18D: ???
==78260== 
==78260== 2 bytes in 1 blocks are definitely lost in loss record 93 of 604
==78260==    at 0x484D953: calloc (in /usr/libexec/valgrind/vgpreload_memcheck-amd64-linux.so)
==78260==    by 0x723DE9: __mn_alloc (in /mnt/c/Users/Juan/Documents/GitHub/Mapanare/mapanare/self/mnc-stage1)
==78260==    by 0x7245AB: __mn_str_from_parts (in /mnt/c/Users/Juan/Documents/GitHub/Mapanare/mapanare/self/mnc-stage1)
==78260==    by 0x41FA6B: lexer__scan_ident (in /mnt/c/Users/Juan/Documents/GitHub/Mapanare/mapanare/self/mnc-stage1)
==78260==    by 0x6A852AF: ???
==78260==    by 0x8000000000000001: ???
==78260==    by 0x6A733D7: ???
==78260==    by 0x4: ???
==78260==    by 0x12: ???
==78260==    by 0x6A7751F: ???
==78260==    by 0x8000000000000000: ???
==78260==    by 0x4: ???
==78260==    by 0x18D: ???
==78260== 
==78260== 2 bytes in 1 blocks are definitely lost in loss record 94 of 604
==78260==    at 0x484D953: calloc (in /usr/libexec/valgrind/vgpreload_memcheck-amd64-linux.so)
==78260==    by 0x723DE9: __mn_alloc (in /mnt/c/Users/Juan/Documents/GitHub/Mapanare/mapanare/self/mnc-stage1)
==78260==    by 0x7245AB: __mn_str_from_parts (in /mnt/c/Users/Juan/Documents/GitHub/Mapanare/mapanare/self/mnc-stage1)
==78260==    by 0x41FA6B: lexer__scan_ident (in /mnt/c/Users/Juan/Documents/GitHub/Mapanare/mapanare/self/mnc-stage1)
==78260==    by 0x6A8534F: ???
==78260==    by 0x8000000000000002: ???
==78260==    by 0x6A733D7: ???
==78260==    by 0x4: ???
==78260==    by 0x12: ???
==78260==    by 0x6A7751F: ???
==78260==    by 0x8000000000000000: ???
==78260==    by 0x4: ???
==78260==    by 0x18D: ???
==78260== 
==78260== 2 bytes in 1 blocks are definitely lost in loss record 95 of 604
==78260==    at 0x484D953: calloc (in /usr/libexec/valgrind/vgpreload_memcheck-amd64-linux.so)
==78260==    by 0x723DE9: __mn_alloc (in /mnt/c/Users/Juan/Documents/GitHub/Mapanare/mapanare/self/mnc-stage1)
==78260==    by 0x7245AB: __mn_str_from_parts (in /mnt/c/Users/Juan/Documents/GitHub/Mapanare/mapanare/self/mnc-stage1)
==78260==    by 0x41FA6B: lexer__scan_ident (in /mnt/c/Users/Juan/Documents/GitHub/Mapanare/mapanare/self/mnc-stage1)
==78260==    by 0x6A8552F: ???
==78260==    by 0x8000000000000000: ???
==78260==    by 0x6A733D7: ???
==78260==    by 0x8: ???
==78260==    by 0x12: ???
==78260==    by 0x6A7751F: ???
==78260==    by 0x8000000000000000: ???
==78260==    by 0x8: ???
==78260==    by 0x191: ???
==78260== 
==78260== 2 bytes in 1 blocks are definitely lost in loss record 96 of 604
==78260==    at 0x484D953: calloc (in /usr/libexec/valgrind/vgpreload_memcheck-amd64-linux.so)
==78260==    by 0x723DE9: __mn_alloc (in /mnt/c/Users/Juan/Documents/GitHub/Mapanare/mapanare/self/mnc-stage1)
==78260==    by 0x7245AB: __mn_str_from_parts (in /mnt/c/Users/Juan/Documents/GitHub/Mapanare/mapanare/self/mnc-stage1)
==78260==    by 0x41FA6B: lexer__scan_ident (in /mnt/c/Users/Juan/Documents/GitHub/Mapanare/mapanare/self/mnc-stage1)
==78260==    by 0x6A8584F: ???
==78260==    by 0x8000000000000000: ???
==78260==    by 0x6A733D7: ???
==78260==    by 0xC: ???
==78260==    by 0x12: ???
==78260==    by 0x6A7751F: ???
==78260==    by 0x8000000000000000: ???
==78260==    by 0xC: ???
==78260==    by 0x195: ???
==78260== 
==78260== 2 bytes in 1 blocks are definitely lost in loss record 97 of 604
==78260==    at 0x484D953: calloc (in /usr/libexec/valgrind/vgpreload_memcheck-amd64-linux.so)
==78260==    by 0x723DE9: __mn_alloc (in /mnt/c/Users/Juan/Documents/GitHub/Mapanare/mapanare/self/mnc-stage1)
==78260==    by 0x7245AB: __mn_str_from_parts (in /mnt/c/Users/Juan/Documents/GitHub/Mapanare/mapanare/self/mnc-stage1)
==78260==    by 0x41FA6B: lexer__scan_ident (in /mnt/c/Users/Juan/Documents/GitHub/Mapanare/mapanare/self/mnc-stage1)
==78260==    by 0x6A858EF: ???
==78260==    by 0x8000000000000001: ???
==78260==    by 0x6A733D7: ???
==78260==    by 0xC: ???
==78260==    by 0x12: ???
==78260==    by 0x6A7751F: ???
==78260==    by 0x8000000000000000: ???
==78260==    by 0xC: ???
==78260==    by 0x195: ???
==78260== 
==78260== 2 bytes in 1 blocks are definitely lost in loss record 98 of 604
==78260==    at 0x484D953: calloc (in /usr/libexec/valgrind/vgpreload_memcheck-amd64-linux.so)
==78260==    by 0x723DE9: __mn_alloc (in /mnt/c/Users/Juan/Documents/GitHub/Mapanare/mapanare/self/mnc-stage1)
==78260==    by 0x7245AB: __mn_str_from_parts (in /mnt/c/Users/Juan/Documents/GitHub/Mapanare/mapanare/self/mnc-stage1)
==78260==    by 0x41FA6B: lexer__scan_ident (in /mnt/c/Users/Juan/Documents/GitHub/Mapanare/mapanare/self/mnc-stage1)
==78260==    by 0x6A8598F: ???
==78260==    by 0x8000000000000002: ???
==78260==    by 0x6A733D7: ???
==78260==    by 0xC: ???
==78260==    by 0x12: ???
==78260==    by 0x6A7751F: ???
==78260==    by 0x8000000000000000: ???
==78260==    by 0xC: ???
==78260==    by 0x195: ???
==78260== 
==78260== 2 bytes in 1 blocks are definitely lost in loss record 99 of 604
==78260==    at 0x484D953: calloc (in /usr/libexec/valgrind/vgpreload_memcheck-amd64-linux.so)
==78260==    by 0x723DE9: __mn_alloc (in /mnt/c/Users/Juan/Documents/GitHub/Mapanare/mapanare/self/mnc-stage1)
==78260==    by 0x7245AB: __mn_str_from_parts (in /mnt/c/Users/Juan/Documents/GitHub/Mapanare/mapanare/self/mnc-stage1)
==78260==    by 0x41FA6B: lexer__scan_ident (in /mnt/c/Users/Juan/Documents/GitHub/Mapanare/mapanare/self/mnc-stage1)
==78260==    by 0x6A85A2F: ???
==78260==    by 0x8000000000000003: ???
==78260==    by 0x6A733D7: ???
==78260==    by 0xC: ???
==78260==    by 0x12: ???
==78260==    by 0x6A7751F: ???
==78260==    by 0x8000000000000000: ???
==78260==    by 0xC: ???
==78260==    by 0x195: ???
==78260== 
==78260== 2 bytes in 1 blocks are definitely lost in loss record 100 of 604
==78260==    at 0x484D953: calloc (in /usr/libexec/valgrind/vgpreload_memcheck-amd64-linux.so)
==78260==    by 0x723DE9: __mn_alloc (in /mnt/c/Users/Juan/Documents/GitHub/Mapanare/mapanare/self/mnc-stage1)
==78260==    by 0x7245AB: __mn_str_from_parts (in /mnt/c/Users/Juan/Documents/GitHub/Mapanare/mapanare/self/mnc-stage1)
==78260==    by 0x41FA6B: lexer__scan_ident (in /mnt/c/Users/Juan/Documents/GitHub/Mapanare/mapanare/self/mnc-stage1)
==78260==    by 0x6A85ACF: ???
==78260==    by 0x8000000000000004: ???
==78260==    by 0x6A733D7: ???
==78260==    by 0xC: ???
==78260==    by 0x12: ???
==78260==    by 0x6A7751F: ???
==78260==    by 0x8000000000000000: ???
==78260==    by 0xC: ???
==78260==    by 0x195: ???
==78260== 
==78260== 2 bytes in 1 blocks are definitely lost in loss record 101 of 604
==78260==    at 0x484D953: calloc (in /usr/libexec/valgrind/vgpreload_memcheck-amd64-linux.so)
==78260==    by 0x723DE9: __mn_alloc (in /mnt/c/Users/Juan/Documents/GitHub/Mapanare/mapanare/self/mnc-stage1)
==78260==    by 0x7245AB: __mn_str_from_parts (in /mnt/c/Users/Juan/Documents/GitHub/Mapanare/mapanare/self/mnc-stage1)
==78260==    by 0x41FA6B: lexer__scan_ident (in /mnt/c/Users/Juan/Documents/GitHub/Mapanare/mapanare/self/mnc-stage1)
==78260==    by 0x6A85CAF: ???
==78260==    by 0x8000000000000000: ???
==78260==    by 0x6A733D7: ???
==78260==    by 0x12: ???
==78260==    by 0x12: ???
==78260==    by 0x6A7751F: ???
==78260==    by 0x8000000000000000: ???
==78260==    by 0x12: ???
==78260==    by 0x19B: ???
==78260== 
==78260== 2 bytes in 1 blocks are definitely lost in loss record 102 of 604
==78260==    at 0x484D953: calloc (in /usr/libexec/valgrind/vgpreload_memcheck-amd64-linux.so)
==78260==    by 0x723DE9: __mn_alloc (in /mnt/c/Users/Juan/Documents/GitHub/Mapanare/mapanare/self/mnc-stage1)
==78260==    by 0x7245AB: __mn_str_from_parts (in /mnt/c/Users/Juan/Documents/GitHub/Mapanare/mapanare/self/mnc-stage1)
==78260==    by 0x41FA6B: lexer__scan_ident (in /mnt/c/Users/Juan/Documents/GitHub/Mapanare/mapanare/self/mnc-stage1)
==78260==    by 0x6A85D4F: ???
==78260==    by 0x8000000000000001: ???
==78260==    by 0x6A733D7: ???
==78260==    by 0x12: ???
==78260==    by 0x12: ???
==78260==    by 0x6A7751F: ???
==78260==    by 0x8000000000000000: ???
==78260==    by 0x12: ???
==78260==    by 0x19B: ???
==78260== 
==78260== 2 bytes in 1 blocks are definitely lost in loss record 103 of 604
==78260==    at 0x484D953: calloc (in /usr/libexec/valgrind/vgpreload_memcheck-amd64-linux.so)
==78260==    by 0x723DE9: __mn_alloc (in /mnt/c/Users/Juan/Documents/GitHub/Mapanare/mapanare/self/mnc-stage1)
==78260==    by 0x7245AB: __mn_str_from_parts (in /mnt/c/Users/Juan/Documents/GitHub/Mapanare/mapanare/self/mnc-stage1)
==78260==    by 0x41FA6B: lexer__scan_ident (in /mnt/c/Users/Juan/Documents/GitHub/Mapanare/mapanare/self/mnc-stage1)
==78260==    by 0x6A85DEF: ???
==78260==    by 0x8000000000000002: ???
==78260==    by 0x6A733D7: ???
==78260==    by 0x12: ???
==78260==    by 0x12: ???
==78260==    by 0x6A7751F: ???
==78260==    by 0x8000000000000000: ???
==78260==    by 0x12: ???
==78260==    by 0x19B: ???
==78260== 
==78260== 2 bytes in 1 blocks are definitely lost in loss record 104 of 604
==78260==    at 0x484D953: calloc (in /usr/libexec/valgrind/vgpreload_memcheck-amd64-linux.so)
==78260==    by 0x723DE9: __mn_alloc (in /mnt/c/Users/Juan/Documents/GitHub/Mapanare/mapanare/self/mnc-stage1)
==78260==    by 0x7245AB: __mn_str_from_parts (in /mnt/c/Users/Juan/Documents/GitHub/Mapanare/mapanare/self/mnc-stage1)
==78260==    by 0x41FA6B: lexer__scan_ident (in /mnt/c/Users/Juan/Documents/GitHub/Mapanare/mapanare/self/mnc-stage1)
==78260==    by 0x6A85E8F: ???
==78260==    by 0x8000000000000003: ???
==78260==    by 0x6A733D7: ???
==78260==    by 0x12: ???
==78260==    by 0x12: ???
==78260==    by 0x6A7751F: ???
==78260==    by 0x8000000000000000: ???
==78260==    by 0x12: ???
==78260==    by 0x19B: ???
==78260== 
==78260== 2 bytes in 1 blocks are definitely lost in loss record 105 of 604
==78260==    at 0x484D953: calloc (in /usr/libexec/valgrind/vgpreload_memcheck-amd64-linux.so)
==78260==    by 0x723DE9: __mn_alloc (in /mnt/c/Users/Juan/Documents/GitHub/Mapanare/mapanare/self/mnc-stage1)
==78260==    by 0x7245AB: __mn_str_from_parts (in /mnt/c/Users/Juan/Documents/GitHub/Mapanare/mapanare/self/mnc-stage1)
==78260==    by 0x41FA6B: lexer__scan_ident (in /mnt/c/Users/Juan/Documents/GitHub/Mapanare/mapanare/self/mnc-stage1)
==78260==    by 0x6A85F2F: ???
==78260==    by 0x8000000000000004: ???
==78260==    by 0x6A733D7: ???
==78260==    by 0x12: ???
==78260==    by 0x12: ???
==78260==    by 0x6A7751F: ???
==78260==    by 0x8000000000000000: ???
==78260==    by 0x12: ???
==78260==    by 0x19B: ???
==78260== 
==78260== 2 bytes in 1 blocks are definitely lost in loss record 106 of 604
==78260==    at 0x484D953: calloc (in /usr/libexec/valgrind/vgpreload_memcheck-amd64-linux.so)
==78260==    by 0x723DE9: __mn_alloc (in /mnt/c/Users/Juan/Documents/GitHub/Mapanare/mapanare/self/mnc-stage1)
==78260==    by 0x7245AB: __mn_str_from_parts (in /mnt/c/Users/Juan/Documents/GitHub/Mapanare/mapanare/self/mnc-stage1)
==78260==    by 0x41FA6B: lexer__scan_ident (in /mnt/c/Users/Juan/Documents/GitHub/Mapanare/mapanare/self/mnc-stage1)
==78260==    by 0x6A85FCF: ???
==78260==    by 0x8000000000000005: ???
==78260==    by 0x6A733D7: ???
==78260==    by 0x12: ???
==78260==    by 0x12: ???
==78260==    by 0x6A7751F: ???
==78260==    by 0x8000000000000000: ???
==78260==    by 0x12: ???
==78260==    by 0x19B: ???
==78260== 
==78260== 2 bytes in 1 blocks are definitely lost in loss record 107 of 604
==78260==    at 0x484D953: calloc (in /usr/libexec/valgrind/vgpreload_memcheck-amd64-linux.so)
==78260==    by 0x723DE9: __mn_alloc (in /mnt/c/Users/Juan/Documents/GitHub/Mapanare/mapanare/self/mnc-stage1)
==78260==    by 0x7245AB: __mn_str_from_parts (in /mnt/c/Users/Juan/Documents/GitHub/Mapanare/mapanare/self/mnc-stage1)
==78260==    by 0x41FA6B: lexer__scan_ident (in /mnt/c/Users/Juan/Documents/GitHub/Mapanare/mapanare/self/mnc-stage1)
==78260==    by 0x6A8606F: ???
==78260==    by 0x8000000000000006: ???
==78260==    by 0x6A733D7: ???
==78260==    by 0x12: ???
==78260==    by 0x12: ???
==78260==    by 0x6A7751F: ???
==78260==    by 0x8000000000000000: ???
==78260==    by 0x12: ???
==78260==    by 0x19B: ???
==78260== 
==78260== 2 bytes in 1 blocks are definitely lost in loss record 108 of 604
==78260==    at 0x484D953: calloc (in /usr/libexec/valgrind/vgpreload_memcheck-amd64-linux.so)
==78260==    by 0x723DE9: __mn_alloc (in /mnt/c/Users/Juan/Documents/GitHub/Mapanare/mapanare/self/mnc-stage1)
==78260==    by 0x7245AB: __mn_str_from_parts (in /mnt/c/Users/Juan/Documents/GitHub/Mapanare/mapanare/self/mnc-stage1)
==78260==    by 0x41FA6B: lexer__scan_ident (in /mnt/c/Users/Juan/Documents/GitHub/Mapanare/mapanare/self/mnc-stage1)
==78260==    by 0x6A8656F: ???
==78260==    by 0x8000000000000000: ???
==78260==    by 0x6A733D7: ???
==78260==    by 0x4: ???
==78260==    by 0x13: ???
==78260==    by 0x6A7751F: ???
==78260==    by 0x8000000000000000: ???
==78260==    by 0x4: ???
==78260==    by 0x1A9: ???
==78260== 
==78260== 2 bytes in 1 blocks are definitely lost in loss record 109 of 604
==78260==    at 0x484D953: calloc (in /usr/libexec/valgrind/vgpreload_memcheck-amd64-linux.so)
==78260==    by 0x723DE9: __mn_alloc (in /mnt/c/Users/Juan/Documents/GitHub/Mapanare/mapanare/self/mnc-stage1)
==78260==    by 0x7245AB: __mn_str_from_parts (in /mnt/c/Users/Juan/Documents/GitHub/Mapanare/mapanare/self/mnc-stage1)
==78260==    by 0x41FA6B: lexer__scan_ident (in /mnt/c/Users/Juan/Documents/GitHub/Mapanare/mapanare/self/mnc-stage1)
==78260==    by 0x6A8660F: ???
==78260==    by 0x8000000000000001: ???
==78260==    by 0x6A733D7: ???
==78260==    by 0x4: ???
==78260==    by 0x13: ???
==78260==    by 0x6A7751F: ???
==78260==    by 0x8000000000000000: ???
==78260==    by 0x4: ???
==78260==    by 0x1A9: ???
==78260== 
==78260== 2 bytes in 1 blocks are definitely lost in loss record 110 of 604
==78260==    at 0x484D953: calloc (in /usr/libexec/valgrind/vgpreload_memcheck-amd64-linux.so)
==78260==    by 0x723DE9: __mn_alloc (in /mnt/c/Users/Juan/Documents/GitHub/Mapanare/mapanare/self/mnc-stage1)
==78260==    by 0x7245AB: __mn_str_from_parts (in /mnt/c/Users/Juan/Documents/GitHub/Mapanare/mapanare/self/mnc-stage1)
==78260==    by 0x41FA6B: lexer__scan_ident (in /mnt/c/Users/Juan/Documents/GitHub/Mapanare/mapanare/self/mnc-stage1)
==78260==    by 0x6A866AF: ???
==78260==    by 0x8000000000000002: ???
==78260==    by 0x6A733D7: ???
==78260==    by 0x4: ???
==78260==    by 0x13: ???
==78260==    by 0x6A7751F: ???
==78260==    by 0x8000000000000000: ???
==78260==    by 0x4: ???
==78260==    by 0x1A9: ???
==78260== 
==78260== 2 bytes in 1 blocks are definitely lost in loss record 111 of 604
==78260==    at 0x484D953: calloc (in /usr/libexec/valgrind/vgpreload_memcheck-amd64-linux.so)
==78260==    by 0x723DE9: __mn_alloc (in /mnt/c/Users/Juan/Documents/GitHub/Mapanare/mapanare/self/mnc-stage1)
==78260==    by 0x7245AB: __mn_str_from_parts (in /mnt/c/Users/Juan/Documents/GitHub/Mapanare/mapanare/self/mnc-stage1)
==78260==    by 0x41FA6B: lexer__scan_ident (in /mnt/c/Users/Juan/Documents/GitHub/Mapanare/mapanare/self/mnc-stage1)
==78260==    by 0x6A8688F: ???
==78260==    by 0x8000000000000000: ???
==78260==    by 0x6A733D7: ???
==78260==    by 0x8: ???
==78260==    by 0x13: ???
==78260==    by 0x6A7751F: ???
==78260==    by 0x8000000000000000: ???
==78260==    by 0x8: ???
==78260==    by 0x1AD: ???
==78260== 
==78260== 2 bytes in 1 blocks are definitely lost in loss record 112 of 604
==78260==    at 0x484D953: calloc (in /usr/libexec/valgrind/vgpreload_memcheck-amd64-linux.so)
==78260==    by 0x723DE9: __mn_alloc (in /mnt/c/Users/Juan/Documents/GitHub/Mapanare/mapanare/self/mnc-stage1)
==78260==    by 0x7245AB: __mn_str_from_parts (in /mnt/c/Users/Juan/Documents/GitHub/Mapanare/mapanare/self/mnc-stage1)
==78260==    by 0x41FA6B: lexer__scan_ident (in /mnt/c/Users/Juan/Documents/GitHub/Mapanare/mapanare/self/mnc-stage1)
==78260==    by 0x6A86BAF: ???
==78260==    by 0x8000000000000000: ???
==78260==    by 0x6A733D7: ???
==78260==    by 0xC: ???
==78260==    by 0x13: ???
==78260==    by 0x6A7751F: ???
==78260==    by 0x8000000000000000: ???
==78260==    by 0xC: ???
==78260==    by 0x1B1: ???
==78260== 
==78260== 2 bytes in 1 blocks are definitely lost in loss record 113 of 604
==78260==    at 0x484D953: calloc (in /usr/libexec/valgrind/vgpreload_memcheck-amd64-linux.so)
==78260==    by 0x723DE9: __mn_alloc (in /mnt/c/Users/Juan/Documents/GitHub/Mapanare/mapanare/self/mnc-stage1)
==78260==    by 0x7245AB: __mn_str_from_parts (in /mnt/c/Users/Juan/Documents/GitHub/Mapanare/mapanare/self/mnc-stage1)
==78260==    by 0x41FA6B: lexer__scan_ident (in /mnt/c/Users/Juan/Documents/GitHub/Mapanare/mapanare/self/mnc-stage1)
==78260==    by 0x6A86C4F: ???
==78260==    by 0x8000000000000001: ???
==78260==    by 0x6A733D7: ???
==78260==    by 0xC: ???
==78260==    by 0x13: ???
==78260==    by 0x6A7751F: ???
==78260==    by 0x8000000000000000: ???
==78260==    by 0xC: ???
==78260==    by 0x1B1: ???
==78260== 
==78260== 2 bytes in 1 blocks are definitely lost in loss record 114 of 604
==78260==    at 0x484D953: calloc (in /usr/libexec/valgrind/vgpreload_memcheck-amd64-linux.so)
==78260==    by 0x723DE9: __mn_alloc (in /mnt/c/Users/Juan/Documents/GitHub/Mapanare/mapanare/self/mnc-stage1)
==78260==    by 0x7245AB: __mn_str_from_parts (in /mnt/c/Users/Juan/Documents/GitHub/Mapanare/mapanare/self/mnc-stage1)
==78260==    by 0x41FA6B: lexer__scan_ident (in /mnt/c/Users/Juan/Documents/GitHub/Mapanare/mapanare/self/mnc-stage1)
==78260==    by 0x6A86CEF: ???
==78260==    by 0x8000000000000002: ???
==78260==    by 0x6A733D7: ???
==78260==    by 0xC: ???
==78260==    by 0x13: ???
==78260==    by 0x6A7751F: ???
==78260==    by 0x8000000000000000: ???
==78260==    by 0xC: ???
==78260==    by 0x1B1: ???
==78260== 
==78260== 2 bytes in 1 blocks are definitely lost in loss record 115 of 604
==78260==    at 0x484D953: calloc (in /usr/libexec/valgrind/vgpreload_memcheck-amd64-linux.so)
==78260==    by 0x723DE9: __mn_alloc (in /mnt/c/Users/Juan/Documents/GitHub/Mapanare/mapanare/self/mnc-stage1)
==78260==    by 0x7245AB: __mn_str_from_parts (in /mnt/c/Users/Juan/Documents/GitHub/Mapanare/mapanare/self/mnc-stage1)
==78260==    by 0x41FA6B: lexer__scan_ident (in /mnt/c/Users/Juan/Documents/GitHub/Mapanare/mapanare/self/mnc-stage1)
==78260==    by 0x6A86D8F: ???
==78260==    by 0x8000000000000003: ???
==78260==    by 0x6A733D7: ???
==78260==    by 0xC: ???
==78260==    by 0x13: ???
==78260==    by 0x6A7751F: ???
==78260==    by 0x8000000000000000: ???
==78260==    by 0xC: ???
==78260==    by 0x1B1: ???
==78260== 
==78260== 2 bytes in 1 blocks are definitely lost in loss record 116 of 604
==78260==    at 0x484D953: calloc (in /usr/libexec/valgrind/vgpreload_memcheck-amd64-linux.so)
==78260==    by 0x723DE9: __mn_alloc (in /mnt/c/Users/Juan/Documents/GitHub/Mapanare/mapanare/self/mnc-stage1)
==78260==    by 0x7245AB: __mn_str_from_parts (in /mnt/c/Users/Juan/Documents/GitHub/Mapanare/mapanare/self/mnc-stage1)
==78260==    by 0x41FA6B: lexer__scan_ident (in /mnt/c/Users/Juan/Documents/GitHub/Mapanare/mapanare/self/mnc-stage1)
==78260==    by 0x6A86E2F: ???
==78260==    by 0x8000000000000004: ???
==78260==    by 0x6A733D7: ???
==78260==    by 0xC: ???
==78260==    by 0x13: ???
==78260==    by 0x6A7751F: ???
==78260==    by 0x8000000000000000: ???
==78260==    by 0xC: ???
==78260==    by 0x1B1: ???
==78260== 
==78260== 2 bytes in 1 blocks are definitely lost in loss record 117 of 604
==78260==    at 0x484D953: calloc (in /usr/libexec/valgrind/vgpreload_memcheck-amd64-linux.so)
==78260==    by 0x723DE9: __mn_alloc (in /mnt/c/Users/Juan/Documents/GitHub/Mapanare/mapanare/self/mnc-stage1)
==78260==    by 0x7245AB: __mn_str_from_parts (in /mnt/c/Users/Juan/Documents/GitHub/Mapanare/mapanare/self/mnc-stage1)
==78260==    by 0x41FA6B: lexer__scan_ident (in /mnt/c/Users/Juan/Documents/GitHub/Mapanare/mapanare/self/mnc-stage1)
==78260==    by 0x6A8700F: ???
==78260==    by 0x8000000000000000: ???
==78260==    by 0x6A733D7: ???
==78260==    by 0x12: ???
==78260==    by 0x13: ???
==78260==    by 0x6A7751F: ???
==78260==    by 0x8000000000000000: ???
==78260==    by 0x12: ???
==78260==    by 0x1B7: ???
==78260== 
==78260== 2 bytes in 1 blocks are definitely lost in loss record 118 of 604
==78260==    at 0x484D953: calloc (in /usr/libexec/valgrind/vgpreload_memcheck-amd64-linux.so)
==78260==    by 0x723DE9: __mn_alloc (in /mnt/c/Users/Juan/Documents/GitHub/Mapanare/mapanare/self/mnc-stage1)
==78260==    by 0x7245AB: __mn_str_from_parts (in /mnt/c/Users/Juan/Documents/GitHub/Mapanare/mapanare/self/mnc-stage1)
==78260==    by 0x41FA6B: lexer__scan_ident (in /mnt/c/Users/Juan/Documents/GitHub/Mapanare/mapanare/self/mnc-stage1)
==78260==    by 0x6A870AF: ???
==78260==    by 0x8000000000000001: ???
==78260==    by 0x6A733D7: ???
==78260==    by 0x12: ???
==78260==    by 0x13: ???
==78260==    by 0x6A7751F: ???
==78260==    by 0x8000000000000000: ???
==78260==    by 0x12: ???
==78260==    by 0x1B7: ???
==78260== 
==78260== 2 bytes in 1 blocks are definitely lost in loss record 119 of 604
==78260==    at 0x484D953: calloc (in /usr/libexec/valgrind/vgpreload_memcheck-amd64-linux.so)
==78260==    by 0x723DE9: __mn_alloc (in /mnt/c/Users/Juan/Documents/GitHub/Mapanare/mapanare/self/mnc-stage1)
==78260==    by 0x7245AB: __mn_str_from_parts (in /mnt/c/Users/Juan/Documents/GitHub/Mapanare/mapanare/self/mnc-stage1)
==78260==    by 0x41FA6B: lexer__scan_ident (in /mnt/c/Users/Juan/Documents/GitHub/Mapanare/mapanare/self/mnc-stage1)
==78260==    by 0x6A8714F: ???
==78260==    by 0x8000000000000002: ???
==78260==    by 0x6A733D7: ???
==78260==    by 0x12: ???
==78260==    by 0x13: ???
==78260==    by 0x6A7751F: ???
==78260==    by 0x8000000000000000: ???
==78260==    by 0x12: ???
==78260==    by 0x1B7: ???
==78260== 
==78260== 2 bytes in 1 blocks are definitely lost in loss record 120 of 604
==78260==    at 0x484D953: calloc (in /usr/libexec/valgrind/vgpreload_memcheck-amd64-linux.so)
==78260==    by 0x723DE9: __mn_alloc (in /mnt/c/Users/Juan/Documents/GitHub/Mapanare/mapanare/self/mnc-stage1)
==78260==    by 0x7245AB: __mn_str_from_parts (in /mnt/c/Users/Juan/Documents/GitHub/Mapanare/mapanare/self/mnc-stage1)
==78260==    by 0x41FA6B: lexer__scan_ident (in /mnt/c/Users/Juan/Documents/GitHub/Mapanare/mapanare/self/mnc-stage1)
==78260==    by 0x6A871EF: ???
==78260==    by 0x8000000000000003: ???
==78260==    by 0x6A733D7: ???
==78260==    by 0x12: ???
==78260==    by 0x13: ???
==78260==    by 0x6A7751F: ???
==78260==    by 0x8000000000000000: ???
==78260==    by 0x12: ???
==78260==    by 0x1B7: ???
==78260== 
==78260== 2 bytes in 1 blocks are definitely lost in loss record 121 of 604
==78260==    at 0x484D953: calloc (in /usr/libexec/valgrind/vgpreload_memcheck-amd64-linux.so)
==78260==    by 0x723DE9: __mn_alloc (in /mnt/c/Users/Juan/Documents/GitHub/Mapanare/mapanare/self/mnc-stage1)
==78260==    by 0x7245AB: __mn_str_from_parts (in /mnt/c/Users/Juan/Documents/GitHub/Mapanare/mapanare/self/mnc-stage1)
==78260==    by 0x41FA6B: lexer__scan_ident (in /mnt/c/Users/Juan/Documents/GitHub/Mapanare/mapanare/self/mnc-stage1)
==78260==    by 0x6A8728F: ???
==78260==    by 0x8000000000000004: ???
==78260==    by 0x6A733D7: ???
==78260==    by 0x12: ???
==78260==    by 0x13: ???
==78260==    by 0x6A7751F: ???
==78260==    by 0x8000000000000000: ???
==78260==    by 0x12: ???
==78260==    by 0x1B7: ???
==78260== 
==78260== 2 bytes in 1 blocks are definitely lost in loss record 122 of 604
==78260==    at 0x484D953: calloc (in /usr/libexec/valgrind/vgpreload_memcheck-amd64-linux.so)
==78260==    by 0x723DE9: __mn_alloc (in /mnt/c/Users/Juan/Documents/GitHub/Mapanare/mapanare/self/mnc-stage1)
==78260==    by 0x7245AB: __mn_str_from_parts (in /mnt/c/Users/Juan/Documents/GitHub/Mapanare/mapanare/self/mnc-stage1)
==78260==    by 0x41FA6B: lexer__scan_ident (in /mnt/c/Users/Juan/Documents/GitHub/Mapanare/mapanare/self/mnc-stage1)
==78260==    by 0x6A8732F: ???
==78260==    by 0x8000000000000005: ???
==78260==    by 0x6A733D7: ???
==78260==    by 0x12: ???
==78260==    by 0x13: ???
==78260==    by 0x6A7751F: ???
==78260==    by 0x8000000000000000: ???
==78260==    by 0x12: ???
==78260==    by 0x1B7: ???
==78260== 
==78260== 2 bytes in 1 blocks are definitely lost in loss record 123 of 604
==78260==    at 0x484D953: calloc (in /usr/libexec/valgrind/vgpreload_memcheck-amd64-linux.so)
==78260==    by 0x723DE9: __mn_alloc (in /mnt/c/Users/Juan/Documents/GitHub/Mapanare/mapanare/self/mnc-stage1)
==78260==    by 0x7245AB: __mn_str_from_parts (in /mnt/c/Users/Juan/Documents/GitHub/Mapanare/mapanare/self/mnc-stage1)
==78260==    by 0x41FA6B: lexer__scan_ident (in /mnt/c/Users/Juan/Documents/GitHub/Mapanare/mapanare/self/mnc-stage1)
==78260==    by 0x6A873CF: ???
==78260==    by 0x8000000000000006: ???
==78260==    by 0x6A733D7: ???
==78260==    by 0x12: ???
==78260==    by 0x13: ???
==78260==    by 0x6A7751F: ???
==78260==    by 0x8000000000000000: ???
==78260==    by 0x12: ???
==78260==    by 0x1B7: ???
==78260== 
==78260== 2 bytes in 1 blocks are definitely lost in loss record 124 of 604
==78260==    at 0x484D953: calloc (in /usr/libexec/valgrind/vgpreload_memcheck-amd64-linux.so)
==78260==    by 0x723DE9: __mn_alloc (in /mnt/c/Users/Juan/Documents/GitHub/Mapanare/mapanare/self/mnc-stage1)
==78260==    by 0x7245AB: __mn_str_from_parts (in /mnt/c/Users/Juan/Documents/GitHub/Mapanare/mapanare/self/mnc-stage1)
==78260==    by 0x41FA6B: lexer__scan_ident (in /mnt/c/Users/Juan/Documents/GitHub/Mapanare/mapanare/self/mnc-stage1)
==78260==    by 0x6A878CF: ???
==78260==    by 0x8000000000000000: ???
==78260==    by 0x6A733D7: ???
==78260==    by 0x4: ???
==78260==    by 0x14: ???
==78260==    by 0x6A7751F: ???
==78260==    by 0x8000000000000000: ???
==78260==    by 0x4: ???
==78260==    by 0x1C5: ???
==78260== 
==78260== 2 bytes in 1 blocks are definitely lost in loss record 125 of 604
==78260==    at 0x484D953: calloc (in /usr/libexec/valgrind/vgpreload_memcheck-amd64-linux.so)
==78260==    by 0x723DE9: __mn_alloc (in /mnt/c/Users/Juan/Documents/GitHub/Mapanare/mapanare/self/mnc-stage1)
==78260==    by 0x7245AB: __mn_str_from_parts (in /mnt/c/Users/Juan/Documents/GitHub/Mapanare/mapanare/self/mnc-stage1)
==78260==    by 0x41FA6B: lexer__scan_ident (in /mnt/c/Users/Juan/Documents/GitHub/Mapanare/mapanare/self/mnc-stage1)
==78260==    by 0x6A8796F: ???
==78260==    by 0x8000000000000001: ???
==78260==    by 0x6A733D7: ???
==78260==    by 0x4: ???
==78260==    by 0x14: ???
==78260==    by 0x6A7751F: ???
==78260==    by 0x8000000000000000: ???
==78260==    by 0x4: ???
==78260==    by 0x1C5: ???
==78260== 
==78260== 2 bytes in 1 blocks are definitely lost in loss record 126 of 604
==78260==    at 0x484D953: calloc (in /usr/libexec/valgrind/vgpreload_memcheck-amd64-linux.so)
==78260==    by 0x723DE9: __mn_alloc (in /mnt/c/Users/Juan/Documents/GitHub/Mapanare/mapanare/self/mnc-stage1)
==78260==    by 0x7245AB: __mn_str_from_parts (in /mnt/c/Users/Juan/Documents/GitHub/Mapanare/mapanare/self/mnc-stage1)
==78260==    by 0x41FA6B: lexer__scan_ident (in /mnt/c/Users/Juan/Documents/GitHub/Mapanare/mapanare/self/mnc-stage1)
==78260==    by 0x6A87A0F: ???
==78260==    by 0x8000000000000002: ???
==78260==    by 0x6A733D7: ???
==78260==    by 0x4: ???
==78260==    by 0x14: ???
==78260==    by 0x6A7751F: ???
==78260==    by 0x8000000000000000: ???
==78260==    by 0x4: ???
==78260==    by 0x1C5: ???
==78260== 
==78260== 2 bytes in 1 blocks are definitely lost in loss record 127 of 604
==78260==    at 0x484D953: calloc (in /usr/libexec/valgrind/vgpreload_memcheck-amd64-linux.so)
==78260==    by 0x723DE9: __mn_alloc (in /mnt/c/Users/Juan/Documents/GitHub/Mapanare/mapanare/self/mnc-stage1)
==78260==    by 0x7245AB: __mn_str_from_parts (in /mnt/c/Users/Juan/Documents/GitHub/Mapanare/mapanare/self/mnc-stage1)
==78260==    by 0x41FA6B: lexer__scan_ident (in /mnt/c/Users/Juan/Documents/GitHub/Mapanare/mapanare/self/mnc-stage1)
==78260==    by 0x6A87BEF: ???
==78260==    by 0x8000000000000000: ???
==78260==    by 0x6A733D7: ???
==78260==    by 0x8: ???
==78260==    by 0x14: ???
==78260==    by 0x6A7751F: ???
==78260==    by 0x8000000000000000: ???
==78260==    by 0x8: ???
==78260==    by 0x1C9: ???
==78260== 
==78260== 2 bytes in 1 blocks are definitely lost in loss record 128 of 604
==78260==    at 0x484D953: calloc (in /usr/libexec/valgrind/vgpreload_memcheck-amd64-linux.so)
==78260==    by 0x723DE9: __mn_alloc (in /mnt/c/Users/Juan/Documents/GitHub/Mapanare/mapanare/self/mnc-stage1)
==78260==    by 0x7245AB: __mn_str_from_parts (in /mnt/c/Users/Juan/Documents/GitHub/Mapanare/mapanare/self/mnc-stage1)
==78260==    by 0x41FA6B: lexer__scan_ident (in /mnt/c/Users/Juan/Documents/GitHub/Mapanare/mapanare/self/mnc-stage1)
==78260==    by 0x6A87F0F: ???
==78260==    by 0x8000000000000000: ???
==78260==    by 0x6A733D7: ???
==78260==    by 0xC: ???
==78260==    by 0x14: ???
==78260==    by 0x6A7751F: ???
==78260==    by 0x8000000000000000: ???
==78260==    by 0xC: ???
==78260==    by 0x1CD: ???
==78260== 
==78260== 2 bytes in 1 blocks are definitely lost in loss record 129 of 604
==78260==    at 0x484D953: calloc (in /usr/libexec/valgrind/vgpreload_memcheck-amd64-linux.so)
==78260==    by 0x723DE9: __mn_alloc (in /mnt/c/Users/Juan/Documents/GitHub/Mapanare/mapanare/self/mnc-stage1)
==78260==    by 0x7245AB: __mn_str_from_parts (in /mnt/c/Users/Juan/Documents/GitHub/Mapanare/mapanare/self/mnc-stage1)
==78260==    by 0x41FA6B: lexer__scan_ident (in /mnt/c/Users/Juan/Documents/GitHub/Mapanare/mapanare/self/mnc-stage1)
==78260==    by 0x6A87FAF: ???
==78260==    by 0x8000000000000001: ???
==78260==    by 0x6A733D7: ???
==78260==    by 0xC: ???
==78260==    by 0x14: ???
==78260==    by 0x6A7751F: ???
==78260==    by 0x8000000000000000: ???
==78260==    by 0xC: ???
==78260==    by 0x1CD: ???
==78260== 
==78260== 2 bytes in 1 blocks are definitely lost in loss record 130 of 604
==78260==    at 0x484D953: calloc (in /usr/libexec/valgrind/vgpreload_memcheck-amd64-linux.so)
==78260==    by 0x723DE9: __mn_alloc (in /mnt/c/Users/Juan/Documents/GitHub/Mapanare/mapanare/self/mnc-stage1)
==78260==    by 0x7245AB: __mn_str_from_parts (in /mnt/c/Users/Juan/Documents/GitHub/Mapanare/mapanare/self/mnc-stage1)
==78260==    by 0x41FA6B: lexer__scan_ident (in /mnt/c/Users/Juan/Documents/GitHub/Mapanare/mapanare/self/mnc-stage1)
==78260==    by 0x6A8804F: ???
==78260==    by 0x8000000000000002: ???
==78260==    by 0x6A733D7: ???
==78260==    by 0xC: ???
==78260==    by 0x14: ???
==78260==    by 0x6A7751F: ???
==78260==    by 0x8000000000000000: ???
==78260==    by 0xC: ???
==78260==    by 0x1CD: ???
==78260== 
==78260== 2 bytes in 1 blocks are definitely lost in loss record 131 of 604
==78260==    at 0x484D953: calloc (in /usr/libexec/valgrind/vgpreload_memcheck-amd64-linux.so)
==78260==    by 0x723DE9: __mn_alloc (in /mnt/c/Users/Juan/Documents/GitHub/Mapanare/mapanare/self/mnc-stage1)
==78260==    by 0x7245AB: __mn_str_from_parts (in /mnt/c/Users/Juan/Documents/GitHub/Mapanare/mapanare/self/mnc-stage1)
==78260==    by 0x41FA6B: lexer__scan_ident (in /mnt/c/Users/Juan/Documents/GitHub/Mapanare/mapanare/self/mnc-stage1)
==78260==    by 0x6A880EF: ???
==78260==    by 0x8000000000000003: ???
==78260==    by 0x6A733D7: ???
==78260==    by 0xC: ???
==78260==    by 0x14: ???
==78260==    by 0x6A7751F: ???
==78260==    by 0x8000000000000000: ???
==78260==    by 0xC: ???
==78260==    by 0x1CD: ???
==78260== 
==78260== 2 bytes in 1 blocks are definitely lost in loss record 132 of 604
==78260==    at 0x484D953: calloc (in /usr/libexec/valgrind/vgpreload_memcheck-amd64-linux.so)
==78260==    by 0x723DE9: __mn_alloc (in /mnt/c/Users/Juan/Documents/GitHub/Mapanare/mapanare/self/mnc-stage1)
==78260==    by 0x7245AB: __mn_str_from_parts (in /mnt/c/Users/Juan/Documents/GitHub/Mapanare/mapanare/self/mnc-stage1)
==78260==    by 0x41FA6B: lexer__scan_ident (in /mnt/c/Users/Juan/Documents/GitHub/Mapanare/mapanare/self/mnc-stage1)
==78260==    by 0x6A8818F: ???
==78260==    by 0x8000000000000004: ???
==78260==    by 0x6A733D7: ???
==78260==    by 0xC: ???
==78260==    by 0x14: ???
==78260==    by 0x6A7751F: ???
==78260==    by 0x8000000000000000: ???
==78260==    by 0xC: ???
==78260==    by 0x1CD: ???
==78260== 
==78260== 2 bytes in 1 blocks are definitely lost in loss record 133 of 604
==78260==    at 0x484D953: calloc (in /usr/libexec/valgrind/vgpreload_memcheck-amd64-linux.so)
==78260==    by 0x723DE9: __mn_alloc (in /mnt/c/Users/Juan/Documents/GitHub/Mapanare/mapanare/self/mnc-stage1)
==78260==    by 0x7245AB: __mn_str_from_parts (in /mnt/c/Users/Juan/Documents/GitHub/Mapanare/mapanare/self/mnc-stage1)
==78260==    by 0x41FA6B: lexer__scan_ident (in /mnt/c/Users/Juan/Documents/GitHub/Mapanare/mapanare/self/mnc-stage1)
==78260==    by 0x6A8836F: ???
==78260==    by 0x8000000000000000: ???
==78260==    by 0x6A733D7: ???
==78260==    by 0x12: ???
==78260==    by 0x14: ???
==78260==    by 0x6A7751F: ???
==78260==    by 0x8000000000000000: ???
==78260==    by 0x12: ???
==78260==    by 0x1D3: ???
==78260== 
==78260== 2 bytes in 1 blocks are definitely lost in loss record 134 of 604
==78260==    at 0x484D953: calloc (in /usr/libexec/valgrind/vgpreload_memcheck-amd64-linux.so)
==78260==    by 0x723DE9: __mn_alloc (in /mnt/c/Users/Juan/Documents/GitHub/Mapanare/mapanare/self/mnc-stage1)
==78260==    by 0x7245AB: __mn_str_from_parts (in /mnt/c/Users/Juan/Documents/GitHub/Mapanare/mapanare/self/mnc-stage1)
==78260==    by 0x41FA6B: lexer__scan_ident (in /mnt/c/Users/Juan/Documents/GitHub/Mapanare/mapanare/self/mnc-stage1)
==78260==    by 0x6A8840F: ???
==78260==    by 0x8000000000000001: ???
==78260==    by 0x6A733D7: ???
==78260==    by 0x12: ???
==78260==    by 0x14: ???
==78260==    by 0x6A7751F: ???
==78260==    by 0x8000000000000000: ???
==78260==    by 0x12: ???
==78260==    by 0x1D3: ???
==78260== 
==78260== 2 bytes in 1 blocks are definitely lost in loss record 135 of 604
==78260==    at 0x484D953: calloc (in /usr/libexec/valgrind/vgpreload_memcheck-amd64-linux.so)
==78260==    by 0x723DE9: __mn_alloc (in /mnt/c/Users/Juan/Documents/GitHub/Mapanare/mapanare/self/mnc-stage1)
==78260==    by 0x7245AB: __mn_str_from_parts (in /mnt/c/Users/Juan/Documents/GitHub/Mapanare/mapanare/self/mnc-stage1)
==78260==    by 0x41FA6B: lexer__scan_ident (in /mnt/c/Users/Juan/Documents/GitHub/Mapanare/mapanare/self/mnc-stage1)
==78260==    by 0x6A884AF: ???
==78260==    by 0x8000000000000002: ???
==78260==    by 0x6A733D7: ???
==78260==    by 0x12: ???
==78260==    by 0x14: ???
==78260==    by 0x6A7751F: ???
==78260==    by 0x8000000000000000: ???
==78260==    by 0x12: ???
==78260==    by 0x1D3: ???
==78260== 
==78260== 2 bytes in 1 blocks are definitely lost in loss record 136 of 604
==78260==    at 0x484D953: calloc (in /usr/libexec/valgrind/vgpreload_memcheck-amd64-linux.so)
==78260==    by 0x723DE9: __mn_alloc (in /mnt/c/Users/Juan/Documents/GitHub/Mapanare/mapanare/self/mnc-stage1)
==78260==    by 0x7245AB: __mn_str_from_parts (in /mnt/c/Users/Juan/Documents/GitHub/Mapanare/mapanare/self/mnc-stage1)
==78260==    by 0x41FA6B: lexer__scan_ident (in /mnt/c/Users/Juan/Documents/GitHub/Mapanare/mapanare/self/mnc-stage1)
==78260==    by 0x6A8854F: ???
==78260==    by 0x8000000000000003: ???
==78260==    by 0x6A733D7: ???
==78260==    by 0x12: ???
==78260==    by 0x14: ???
==78260==    by 0x6A7751F: ???
==78260==    by 0x8000000000000000: ???
==78260==    by 0x12: ???
==78260==    by 0x1D3: ???
==78260== 
==78260== 2 bytes in 1 blocks are definitely lost in loss record 137 of 604
==78260==    at 0x484D953: calloc (in /usr/libexec/valgrind/vgpreload_memcheck-amd64-linux.so)
==78260==    by 0x723DE9: __mn_alloc (in /mnt/c/Users/Juan/Documents/GitHub/Mapanare/mapanare/self/mnc-stage1)
==78260==    by 0x7245AB: __mn_str_from_parts (in /mnt/c/Users/Juan/Documents/GitHub/Mapanare/mapanare/self/mnc-stage1)
==78260==    by 0x41FA6B: lexer__scan_ident (in /mnt/c/Users/Juan/Documents/GitHub/Mapanare/mapanare/self/mnc-stage1)
==78260==    by 0x6A885EF: ???
==78260==    by 0x8000000000000004: ???
==78260==    by 0x6A733D7: ???
==78260==    by 0x12: ???
==78260==    by 0x14: ???
==78260==    by 0x6A7751F: ???
==78260==    by 0x8000000000000000: ???
==78260==    by 0x12: ???
==78260==    by 0x1D3: ???
==78260== 
==78260== 2 bytes in 1 blocks are definitely lost in loss record 138 of 604
==78260==    at 0x484D953: calloc (in /usr/libexec/valgrind/vgpreload_memcheck-amd64-linux.so)
==78260==    by 0x723DE9: __mn_alloc (in /mnt/c/Users/Juan/Documents/GitHub/Mapanare/mapanare/self/mnc-stage1)
==78260==    by 0x7245AB: __mn_str_from_parts (in /mnt/c/Users/Juan/Documents/GitHub/Mapanare/mapanare/self/mnc-stage1)
==78260==    by 0x41FA6B: lexer__scan_ident (in /mnt/c/Users/Juan/Documents/GitHub/Mapanare/mapanare/self/mnc-stage1)
==78260==    by 0x6A8868F: ???
==78260==    by 0x8000000000000005: ???
==78260==    by 0x6A733D7: ???
==78260==    by 0x12: ???
==78260==    by 0x14: ???
==78260==    by 0x6A7751F: ???
==78260==    by 0x8000000000000000: ???
==78260==    by 0x12: ???
==78260==    by 0x1D3: ???
==78260== 
==78260== 2 bytes in 1 blocks are definitely lost in loss record 139 of 604
==78260==    at 0x484D953: calloc (in /usr/libexec/valgrind/vgpreload_memcheck-amd64-linux.so)
==78260==    by 0x723DE9: __mn_alloc (in /mnt/c/Users/Juan/Documents/GitHub/Mapanare/mapanare/self/mnc-stage1)
==78260==    by 0x7245AB: __mn_str_from_parts (in /mnt/c/Users/Juan/Documents/GitHub/Mapanare/mapanare/self/mnc-stage1)
==78260==    by 0x41FA6B: lexer__scan_ident (in /mnt/c/Users/Juan/Documents/GitHub/Mapanare/mapanare/self/mnc-stage1)
==78260==    by 0x6A8872F: ???
==78260==    by 0x8000000000000006: ???
==78260==    by 0x6A733D7: ???
==78260==    by 0x12: ???
==78260==    by 0x14: ???
==78260==    by 0x6A7751F: ???
==78260==    by 0x8000000000000000: ???
==78260==    by 0x12: ???
==78260==    by 0x1D3: ???
==78260== 
==78260== 2 bytes in 1 blocks are definitely lost in loss record 140 of 604
==78260==    at 0x484D953: calloc (in /usr/libexec/valgrind/vgpreload_memcheck-amd64-linux.so)
==78260==    by 0x723DE9: __mn_alloc (in /mnt/c/Users/Juan/Documents/GitHub/Mapanare/mapanare/self/mnc-stage1)
==78260==    by 0x7245AB: __mn_str_from_parts (in /mnt/c/Users/Juan/Documents/GitHub/Mapanare/mapanare/self/mnc-stage1)
==78260==    by 0x41FA6B: lexer__scan_ident (in /mnt/c/Users/Juan/Documents/GitHub/Mapanare/mapanare/self/mnc-stage1)
==78260==    by 0x6A88C2F: ???
==78260==    by 0x8000000000000000: ???
==78260==    by 0x6A733D7: ???
==78260==    by 0x4: ???
==78260==    by 0x15: ???
==78260==    by 0x6A7751F: ???
==78260==    by 0x8000000000000000: ???
==78260==    by 0x4: ???
==78260==    by 0x1E1: ???
==78260== 
==78260== 2 bytes in 1 blocks are definitely lost in loss record 141 of 604
==78260==    at 0x484D953: calloc (in /usr/libexec/valgrind/vgpreload_memcheck-amd64-linux.so)
==78260==    by 0x723DE9: __mn_alloc (in /mnt/c/Users/Juan/Documents/GitHub/Mapanare/mapanare/self/mnc-stage1)
==78260==    by 0x7245AB: __mn_str_from_parts (in /mnt/c/Users/Juan/Documents/GitHub/Mapanare/mapanare/self/mnc-stage1)
==78260==    by 0x41FA6B: lexer__scan_ident (in /mnt/c/Users/Juan/Documents/GitHub/Mapanare/mapanare/self/mnc-stage1)
==78260==    by 0x6A88CCF: ???
==78260==    by 0x8000000000000001: ???
==78260==    by 0x6A733D7: ???
==78260==    by 0x4: ???
==78260==    by 0x15: ???
==78260==    by 0x6A7751F: ???
==78260==    by 0x8000000000000000: ???
==78260==    by 0x4: ???
==78260==    by 0x1E1: ???
==78260== 
==78260== 2 bytes in 1 blocks are definitely lost in loss record 142 of 604
==78260==    at 0x484D953: calloc (in /usr/libexec/valgrind/vgpreload_memcheck-amd64-linux.so)
==78260==    by 0x723DE9: __mn_alloc (in /mnt/c/Users/Juan/Documents/GitHub/Mapanare/mapanare/self/mnc-stage1)
==78260==    by 0x7245AB: __mn_str_from_parts (in /mnt/c/Users/Juan/Documents/GitHub/Mapanare/mapanare/self/mnc-stage1)
==78260==    by 0x41FA6B: lexer__scan_ident (in /mnt/c/Users/Juan/Documents/GitHub/Mapanare/mapanare/self/mnc-stage1)
==78260==    by 0x6A88D6F: ???
==78260==    by 0x8000000000000002: ???
==78260==    by 0x6A733D7: ???
==78260==    by 0x4: ???
==78260==    by 0x15: ???
==78260==    by 0x6A7751F: ???
==78260==    by 0x8000000000000000: ???
==78260==    by 0x4: ???
==78260==    by 0x1E1: ???
==78260== 
==78260== 2 bytes in 1 blocks are definitely lost in loss record 143 of 604
==78260==    at 0x484D953: calloc (in /usr/libexec/valgrind/vgpreload_memcheck-amd64-linux.so)
==78260==    by 0x723DE9: __mn_alloc (in /mnt/c/Users/Juan/Documents/GitHub/Mapanare/mapanare/self/mnc-stage1)
==78260==    by 0x7245AB: __mn_str_from_parts (in /mnt/c/Users/Juan/Documents/GitHub/Mapanare/mapanare/self/mnc-stage1)
==78260==    by 0x41FA6B: lexer__scan_ident (in /mnt/c/Users/Juan/Documents/GitHub/Mapanare/mapanare/self/mnc-stage1)
==78260==    by 0x6A88E0F: ???
==78260==    by 0x8000000000000003: ???
==78260==    by 0x6A733D7: ???
==78260==    by 0x4: ???
==78260==    by 0x15: ???
==78260==    by 0x6A7751F: ???
==78260==    by 0x8000000000000000: ???
==78260==    by 0x4: ???
==78260==    by 0x1E1: ???
==78260== 
==78260== 2 bytes in 1 blocks are definitely lost in loss record 144 of 604
==78260==    at 0x484D953: calloc (in /usr/libexec/valgrind/vgpreload_memcheck-amd64-linux.so)
==78260==    by 0x723DE9: __mn_alloc (in /mnt/c/Users/Juan/Documents/GitHub/Mapanare/mapanare/self/mnc-stage1)
==78260==    by 0x7245AB: __mn_str_from_parts (in /mnt/c/Users/Juan/Documents/GitHub/Mapanare/mapanare/self/mnc-stage1)
==78260==    by 0x41FA6B: lexer__scan_ident (in /mnt/c/Users/Juan/Documents/GitHub/Mapanare/mapanare/self/mnc-stage1)
==78260==    by 0x6A88EAF: ???
==78260==    by 0x8000000000000004: ???
==78260==    by 0x6A733D7: ???
==78260==    by 0x4: ???
==78260==    by 0x15: ???
==78260==    by 0x6A7751F: ???
==78260==    by 0x8000000000000000: ???
==78260==    by 0x4: ???
==78260==    by 0x1E1: ???
==78260== 
==78260== 2 bytes in 1 blocks are definitely lost in loss record 145 of 604
==78260==    at 0x484D953: calloc (in /usr/libexec/valgrind/vgpreload_memcheck-amd64-linux.so)
==78260==    by 0x723DE9: __mn_alloc (in /mnt/c/Users/Juan/Documents/GitHub/Mapanare/mapanare/self/mnc-stage1)
==78260==    by 0x7245AB: __mn_str_from_parts (in /mnt/c/Users/Juan/Documents/GitHub/Mapanare/mapanare/self/mnc-stage1)
==78260==    by 0x41FA6B: lexer__scan_ident (in /mnt/c/Users/Juan/Documents/GitHub/Mapanare/mapanare/self/mnc-stage1)
==78260==    by 0x6A88F4F: ???
==78260==    by 0x8000000000000005: ???
==78260==    by 0x6A733D7: ???
==78260==    by 0x4: ???
==78260==    by 0x15: ???
==78260==    by 0x6A7751F: ???
==78260==    by 0x8000000000000000: ???
==78260==    by 0x4: ???
==78260==    by 0x1E1: ???
==78260== 
==78260== 2 bytes in 1 blocks are definitely lost in loss record 146 of 604
==78260==    at 0x484D953: calloc (in /usr/libexec/valgrind/vgpreload_memcheck-amd64-linux.so)
==78260==    by 0x723DE9: __mn_alloc (in /mnt/c/Users/Juan/Documents/GitHub/Mapanare/mapanare/self/mnc-stage1)
==78260==    by 0x7245AB: __mn_str_from_parts (in /mnt/c/Users/Juan/Documents/GitHub/Mapanare/mapanare/self/mnc-stage1)
==78260==    by 0x41FA6B: lexer__scan_ident (in /mnt/c/Users/Juan/Documents/GitHub/Mapanare/mapanare/self/mnc-stage1)
==78260==    by 0x6A8912F: ???
==78260==    by 0x8000000000000000: ???
==78260==    by 0x6A733D7: ???
==78260==    by 0xB: ???
==78260==    by 0x15: ???
==78260==    by 0x6A7751F: ???
==78260==    by 0x8000000000000000: ???
==78260==    by 0xB: ???
==78260==    by 0x1E8: ???
==78260== 
==78260== 2 bytes in 1 blocks are definitely lost in loss record 147 of 604
==78260==    at 0x484D953: calloc (in /usr/libexec/valgrind/vgpreload_memcheck-amd64-linux.so)
==78260==    by 0x723DE9: __mn_alloc (in /mnt/c/Users/Juan/Documents/GitHub/Mapanare/mapanare/self/mnc-stage1)
==78260==    by 0x7245AB: __mn_str_from_parts (in /mnt/c/Users/Juan/Documents/GitHub/Mapanare/mapanare/self/mnc-stage1)
==78260==    by 0x41FA6B: lexer__scan_ident (in /mnt/c/Users/Juan/Documents/GitHub/Mapanare/mapanare/self/mnc-stage1)
==78260==    by 0x6A8B49F: ???
==78260==    by 0x8000000000000000: ???
==78260==    by 0x6A733D7: ???
==78260==    by 0xF: ???
==78260==    by 0x15: ???
==78260==    by 0x6A7751F: ???
==78260==    by 0x8000000000000000: ???
==78260==    by 0xF: ???
==78260==    by 0x1EC: ???
==78260== 
==78260== 2 bytes in 1 blocks are definitely lost in loss record 148 of 604
==78260==    at 0x484D953: calloc (in /usr/libexec/valgrind/vgpreload_memcheck-amd64-linux.so)
==78260==    by 0x723DE9: __mn_alloc (in /mnt/c/Users/Juan/Documents/GitHub/Mapanare/mapanare/self/mnc-stage1)
==78260==    by 0x7245AB: __mn_str_from_parts (in /mnt/c/Users/Juan/Documents/GitHub/Mapanare/mapanare/self/mnc-stage1)
==78260==    by 0x41FA6B: lexer__scan_ident (in /mnt/c/Users/Juan/Documents/GitHub/Mapanare/mapanare/self/mnc-stage1)
==78260==    by 0x6A8B7BF: ???
==78260==    by 0x8000000000000000: ???
==78260==    by 0x6A733D7: ???
==78260==    by 0x13: ???
==78260==    by 0x15: ???
==78260==    by 0x6A7751F: ???
==78260==    by 0x8000000000000000: ???
==78260==    by 0x13: ???
==78260==    by 0x1F0: ???
==78260== 
==78260== 2 bytes in 1 blocks are definitely lost in loss record 149 of 604
==78260==    at 0x484D953: calloc (in /usr/libexec/valgrind/vgpreload_memcheck-amd64-linux.so)
==78260==    by 0x723DE9: __mn_alloc (in /mnt/c/Users/Juan/Documents/GitHub/Mapanare/mapanare/self/mnc-stage1)
==78260==    by 0x7245AB: __mn_str_from_parts (in /mnt/c/Users/Juan/Documents/GitHub/Mapanare/mapanare/self/mnc-stage1)
==78260==    by 0x41FA6B: lexer__scan_ident (in /mnt/c/Users/Juan/Documents/GitHub/Mapanare/mapanare/self/mnc-stage1)
==78260==    by 0x6A8BB2F: ???
==78260==    by 0x8000000000000000: ???
==78260==    by 0x6A733D7: ???
==78260== 
==78260== 2 bytes in 1 blocks are definitely lost in loss record 150 of 604
==78260==    at 0x484D953: calloc (in /usr/libexec/valgrind/vgpreload_memcheck-amd64-linux.so)
==78260==    by 0x723DE9: __mn_alloc (in /mnt/c/Users/Juan/Documents/GitHub/Mapanare/mapanare/self/mnc-stage1)
==78260==    by 0x7245AB: __mn_str_from_parts (in /mnt/c/Users/Juan/Documents/GitHub/Mapanare/mapanare/self/mnc-stage1)
==78260==    by 0x41FA6B: lexer__scan_ident (in /mnt/c/Users/Juan/Documents/GitHub/Mapanare/mapanare/self/mnc-stage1)
==78260==    by 0x6A8BBCF: ???
==78260==    by 0x8000000000000001: ???
==78260==    by 0x6A733D7: ???
==78260== 
==78260== 2 bytes in 1 blocks are definitely lost in loss record 151 of 604
==78260==    at 0x484D953: calloc (in /usr/libexec/valgrind/vgpreload_memcheck-amd64-linux.so)
==78260==    by 0x723DE9: __mn_alloc (in /mnt/c/Users/Juan/Documents/GitHub/Mapanare/mapanare/self/mnc-stage1)
==78260==    by 0x7245AB: __mn_str_from_parts (in /mnt/c/Users/Juan/Documents/GitHub/Mapanare/mapanare/self/mnc-stage1)
==78260==    by 0x41FA6B: lexer__scan_ident (in /mnt/c/Users/Juan/Documents/GitHub/Mapanare/mapanare/self/mnc-stage1)
==78260==    by 0x6A8BDAF: ???
==78260==    by 0x8000000000000000: ???
==78260==    by 0x6A733D7: ???
==78260==    by 0x3: ???
==78260==    by 0x18: ???
==78260==    by 0x6A7751F: ???
==78260==    by 0x8000000000000000: ???
==78260==    by 0x3: ???
==78260==    by 0x1F8: ???
==78260== 
==78260== 2 bytes in 1 blocks are definitely lost in loss record 152 of 604
==78260==    at 0x484D953: calloc (in /usr/libexec/valgrind/vgpreload_memcheck-amd64-linux.so)
==78260==    by 0x723DE9: __mn_alloc (in /mnt/c/Users/Juan/Documents/GitHub/Mapanare/mapanare/self/mnc-stage1)
==78260==    by 0x7245AB: __mn_str_from_parts (in /mnt/c/Users/Juan/Documents/GitHub/Mapanare/mapanare/self/mnc-stage1)
==78260==    by 0x41FA6B: lexer__scan_ident (in /mnt/c/Users/Juan/Documents/GitHub/Mapanare/mapanare/self/mnc-stage1)
==78260==    by 0x6A8BE4F: ???
==78260==    by 0x8000000000000001: ???
==78260==    by 0x6A733D7: ???
==78260==    by 0x3: ???
==78260==    by 0x18: ???
==78260==    by 0x6A7751F: ???
==78260==    by 0x8000000000000000: ???
==78260==    by 0x3: ???
==78260==    by 0x1F8: ???
==78260== 
==78260== 2 bytes in 1 blocks are definitely lost in loss record 153 of 604
==78260==    at 0x484D953: calloc (in /usr/libexec/valgrind/vgpreload_memcheck-amd64-linux.so)
==78260==    by 0x723DE9: __mn_alloc (in /mnt/c/Users/Juan/Documents/GitHub/Mapanare/mapanare/self/mnc-stage1)
==78260==    by 0x7245AB: __mn_str_from_parts (in /mnt/c/Users/Juan/Documents/GitHub/Mapanare/mapanare/self/mnc-stage1)
==78260==    by 0x41FA6B: lexer__scan_ident (in /mnt/c/Users/Juan/Documents/GitHub/Mapanare/mapanare/self/mnc-stage1)
==78260==    by 0x6A8BEEF: ???
==78260==    by 0x8000000000000002: ???
==78260==    by 0x6A733D7: ???
==78260==    by 0x3: ???
==78260==    by 0x18: ???
==78260==    by 0x6A7751F: ???
==78260==    by 0x8000000000000000: ???
==78260==    by 0x3: ???
==78260==    by 0x1F8: ???
==78260== 
==78260== 2 bytes in 1 blocks are definitely lost in loss record 154 of 604
==78260==    at 0x484D953: calloc (in /usr/libexec/valgrind/vgpreload_memcheck-amd64-linux.so)
==78260==    by 0x723DE9: __mn_alloc (in /mnt/c/Users/Juan/Documents/GitHub/Mapanare/mapanare/self/mnc-stage1)
==78260==    by 0x7245AB: __mn_str_from_parts (in /mnt/c/Users/Juan/Documents/GitHub/Mapanare/mapanare/self/mnc-stage1)
==78260==    by 0x41FA6B: lexer__scan_ident (in /mnt/c/Users/Juan/Documents/GitHub/Mapanare/mapanare/self/mnc-stage1)
==78260==    by 0x6A8BF8F: ???
==78260==    by 0x8000000000000003: ???
==78260==    by 0x6A733D7: ???
==78260==    by 0x3: ???
==78260==    by 0x18: ???
==78260==    by 0x6A7751F: ???
==78260==    by 0x8000000000000000: ???
==78260==    by 0x3: ???
==78260==    by 0x1F8: ???
==78260== 
==78260== 2 bytes in 1 blocks are definitely lost in loss record 155 of 604
==78260==    at 0x484D953: calloc (in /usr/libexec/valgrind/vgpreload_memcheck-amd64-linux.so)
==78260==    by 0x723DE9: __mn_alloc (in /mnt/c/Users/Juan/Documents/GitHub/Mapanare/mapanare/self/mnc-stage1)
==78260==    by 0x7245AB: __mn_str_from_parts (in /mnt/c/Users/Juan/Documents/GitHub/Mapanare/mapanare/self/mnc-stage1)
==78260==    by 0x41FA6B: lexer__scan_ident (in /mnt/c/Users/Juan/Documents/GitHub/Mapanare/mapanare/self/mnc-stage1)
==78260==    by 0x6A8C5CF: ???
==78260==    by 0x8000000000000000: ???
==78260==    by 0x6A733D7: ???
==78260==    by 0x4: ???
==78260==    by 0x19: ???
==78260==    by 0x6A7751F: ???
==78260==    by 0x8000000000000000: ???
==78260==    by 0x4: ???
==78260==    by 0x205: ???
==78260== 
==78260== 2 bytes in 1 blocks are definitely lost in loss record 156 of 604
==78260==    at 0x484D953: calloc (in /usr/libexec/valgrind/vgpreload_memcheck-amd64-linux.so)
==78260==    by 0x723DE9: __mn_alloc (in /mnt/c/Users/Juan/Documents/GitHub/Mapanare/mapanare/self/mnc-stage1)
==78260==    by 0x7245AB: __mn_str_from_parts (in /mnt/c/Users/Juan/Documents/GitHub/Mapanare/mapanare/self/mnc-stage1)
==78260==    by 0x41FA6B: lexer__scan_ident (in /mnt/c/Users/Juan/Documents/GitHub/Mapanare/mapanare/self/mnc-stage1)
==78260==    by 0x6A8C66F: ???
==78260==    by 0x8000000000000001: ???
==78260==    by 0x6A733D7: ???
==78260==    by 0x4: ???
==78260==    by 0x19: ???
==78260==    by 0x6A7751F: ???
==78260==    by 0x8000000000000000: ???
==78260==    by 0x4: ???
==78260==    by 0x205: ???
==78260== 
==78260== 2 bytes in 1 blocks are definitely lost in loss record 157 of 604
==78260==    at 0x484D953: calloc (in /usr/libexec/valgrind/vgpreload_memcheck-amd64-linux.so)
==78260==    by 0x723DE9: __mn_alloc (in /mnt/c/Users/Juan/Documents/GitHub/Mapanare/mapanare/self/mnc-stage1)
==78260==    by 0x7245AB: __mn_str_from_parts (in /mnt/c/Users/Juan/Documents/GitHub/Mapanare/mapanare/self/mnc-stage1)
==78260==    by 0x41FA6B: lexer__scan_ident (in /mnt/c/Users/Juan/Documents/GitHub/Mapanare/mapanare/self/mnc-stage1)
==78260==    by 0x6A8C70F: ???
==78260==    by 0x8000000000000002: ???
==78260==    by 0x6A733D7: ???
==78260==    by 0x4: ???
==78260==    by 0x19: ???
==78260==    by 0x6A7751F: ???
==78260==    by 0x8000000000000000: ???
==78260==    by 0x4: ???
==78260==    by 0x205: ???
==78260== 
==78260== 2 bytes in 1 blocks are definitely lost in loss record 158 of 604
==78260==    at 0x484D953: calloc (in /usr/libexec/valgrind/vgpreload_memcheck-amd64-linux.so)
==78260==    by 0x723DE9: __mn_alloc (in /mnt/c/Users/Juan/Documents/GitHub/Mapanare/mapanare/self/mnc-stage1)
==78260==    by 0x7245AB: __mn_str_from_parts (in /mnt/c/Users/Juan/Documents/GitHub/Mapanare/mapanare/self/mnc-stage1)
==78260==    by 0x41FA6B: lexer__scan_ident (in /mnt/c/Users/Juan/Documents/GitHub/Mapanare/mapanare/self/mnc-stage1)
==78260==    by 0x6A8C8EF: ???
==78260==    by 0x8000000000000000: ???
==78260==    by 0x6A733D7: ???
==78260==    by 0x8: ???
==78260==    by 0x19: ???
==78260==    by 0x6A7751F: ???
==78260==    by 0x8000000000000000: ???
==78260==    by 0x8: ???
==78260==    by 0x209: ???
==78260== 
==78260== 2 bytes in 1 blocks are definitely lost in loss record 159 of 604
==78260==    at 0x484D953: calloc (in /usr/libexec/valgrind/vgpreload_memcheck-amd64-linux.so)
==78260==    by 0x723DE9: __mn_alloc (in /mnt/c/Users/Juan/Documents/GitHub/Mapanare/mapanare/self/mnc-stage1)
==78260==    by 0x7245AB: __mn_str_from_parts (in /mnt/c/Users/Juan/Documents/GitHub/Mapanare/mapanare/self/mnc-stage1)
==78260==    by 0x41FA6B: lexer__scan_ident (in /mnt/c/Users/Juan/Documents/GitHub/Mapanare/mapanare/self/mnc-stage1)
==78260==    by 0x6A8C98F: ???
==78260==    by 0x8000000000000001: ???
==78260==    by 0x6A733D7: ???
==78260==    by 0x8: ???
==78260==    by 0x19: ???
==78260==    by 0x6A7751F: ???
==78260==    by 0x8000000000000000: ???
==78260==    by 0x8: ???
==78260==    by 0x209: ???
==78260== 
==78260== 2 bytes in 1 blocks are definitely lost in loss record 160 of 604
==78260==    at 0x484D953: calloc (in /usr/libexec/valgrind/vgpreload_memcheck-amd64-linux.so)
==78260==    by 0x723DE9: __mn_alloc (in /mnt/c/Users/Juan/Documents/GitHub/Mapanare/mapanare/self/mnc-stage1)
==78260==    by 0x7245AB: __mn_str_from_parts (in /mnt/c/Users/Juan/Documents/GitHub/Mapanare/mapanare/self/mnc-stage1)
==78260==    by 0x41FA6B: lexer__scan_ident (in /mnt/c/Users/Juan/Documents/GitHub/Mapanare/mapanare/self/mnc-stage1)
==78260==    by 0x6A8CA2F: ???
==78260==    by 0x8000000000000002: ???
==78260==    by 0x6A733D7: ???
==78260==    by 0x8: ???
==78260==    by 0x19: ???
==78260==    by 0x6A7751F: ???
==78260==    by 0x8000000000000000: ???
==78260==    by 0x8: ???
==78260==    by 0x209: ???
==78260== 
==78260== 2 bytes in 1 blocks are definitely lost in loss record 161 of 604
==78260==    at 0x484D953: calloc (in /usr/libexec/valgrind/vgpreload_memcheck-amd64-linux.so)
==78260==    by 0x723DE9: __mn_alloc (in /mnt/c/Users/Juan/Documents/GitHub/Mapanare/mapanare/self/mnc-stage1)
==78260==    by 0x7245AB: __mn_str_from_parts (in /mnt/c/Users/Juan/Documents/GitHub/Mapanare/mapanare/self/mnc-stage1)
==78260==    by 0x41FA6B: lexer__scan_ident (in /mnt/c/Users/Juan/Documents/GitHub/Mapanare/mapanare/self/mnc-stage1)
==78260==    by 0x6A8CACF: ???
==78260==    by 0x8000000000000003: ???
==78260==    by 0x6A733D7: ???
==78260==    by 0x8: ???
==78260==    by 0x19: ???
==78260==    by 0x6A7751F: ???
==78260==    by 0x8000000000000000: ???
==78260==    by 0x8: ???
==78260==    by 0x209: ???
==78260== 
==78260== 2 bytes in 1 blocks are definitely lost in loss record 162 of 604
==78260==    at 0x484D953: calloc (in /usr/libexec/valgrind/vgpreload_memcheck-amd64-linux.so)
==78260==    by 0x723DE9: __mn_alloc (in /mnt/c/Users/Juan/Documents/GitHub/Mapanare/mapanare/self/mnc-stage1)
==78260==    by 0x7245AB: __mn_str_from_parts (in /mnt/c/Users/Juan/Documents/GitHub/Mapanare/mapanare/self/mnc-stage1)
==78260==    by 0x41FA6B: lexer__scan_ident (in /mnt/c/Users/Juan/Documents/GitHub/Mapanare/mapanare/self/mnc-stage1)
==78260==    by 0x6A8CB6F: ???
==78260==    by 0x8000000000000004: ???
==78260==    by 0x6A733D7: ???
==78260==    by 0x8: ???
==78260==    by 0x19: ???
==78260==    by 0x6A7751F: ???
==78260==    by 0x8000000000000000: ???
==78260==    by 0x8: ???
==78260==    by 0x209: ???
==78260== 
==78260== 2 bytes in 1 blocks are definitely lost in loss record 163 of 604
==78260==    at 0x484D953: calloc (in /usr/libexec/valgrind/vgpreload_memcheck-amd64-linux.so)
==78260==    by 0x723DE9: __mn_alloc (in /mnt/c/Users/Juan/Documents/GitHub/Mapanare/mapanare/self/mnc-stage1)
==78260==    by 0x7245AB: __mn_str_from_parts (in /mnt/c/Users/Juan/Documents/GitHub/Mapanare/mapanare/self/mnc-stage1)
==78260==    by 0x41FA6B: lexer__scan_ident (in /mnt/c/Users/Juan/Documents/GitHub/Mapanare/mapanare/self/mnc-stage1)
==78260==    by 0x6A8CE8F: ???
==78260==    by 0x8000000000000000: ???
==78260==    by 0x6A733D7: ???
==78260==    by 0x10: ???
==78260==    by 0x19: ???
==78260==    by 0x6A7751F: ???
==78260==    by 0x8000000000000000: ???
==78260==    by 0x10: ???
==78260==    by 0x211: ???
==78260== 
==78260== 2 bytes in 1 blocks are definitely lost in loss record 164 of 604
==78260==    at 0x484D953: calloc (in /usr/libexec/valgrind/vgpreload_memcheck-amd64-linux.so)
==78260==    by 0x723DE9: __mn_alloc (in /mnt/c/Users/Juan/Documents/GitHub/Mapanare/mapanare/self/mnc-stage1)
==78260==    by 0x7245AB: __mn_str_from_parts (in /mnt/c/Users/Juan/Documents/GitHub/Mapanare/mapanare/self/mnc-stage1)
==78260==    by 0x41FA6B: lexer__scan_ident (in /mnt/c/Users/Juan/Documents/GitHub/Mapanare/mapanare/self/mnc-stage1)
==78260==    by 0x6A8CF2F: ???
==78260==    by 0x8000000000000001: ???
==78260==    by 0x6A733D7: ???
==78260==    by 0x10: ???
==78260==    by 0x19: ???
==78260==    by 0x6A7751F: ???
==78260==    by 0x8000000000000000: ???
==78260==    by 0x10: ???
==78260==    by 0x211: ???
==78260== 
==78260== 2 bytes in 1 blocks are definitely lost in loss record 165 of 604
==78260==    at 0x484D953: calloc (in /usr/libexec/valgrind/vgpreload_memcheck-amd64-linux.so)
==78260==    by 0x723DE9: __mn_alloc (in /mnt/c/Users/Juan/Documents/GitHub/Mapanare/mapanare/self/mnc-stage1)
==78260==    by 0x7245AB: __mn_str_from_parts (in /mnt/c/Users/Juan/Documents/GitHub/Mapanare/mapanare/self/mnc-stage1)
==78260==    by 0x41FA6B: lexer__scan_ident (in /mnt/c/Users/Juan/Documents/GitHub/Mapanare/mapanare/self/mnc-stage1)
==78260==    by 0x6A8CFCF: ???
==78260==    by 0x8000000000000002: ???
==78260==    by 0x6A733D7: ???
==78260==    by 0x10: ???
==78260==    by 0x19: ???
==78260==    by 0x6A7751F: ???
==78260==    by 0x8000000000000000: ???
==78260==    by 0x10: ???
==78260==    by 0x211: ???
==78260== 
==78260== 2 bytes in 1 blocks are definitely lost in loss record 166 of 604
==78260==    at 0x484D953: calloc (in /usr/libexec/valgrind/vgpreload_memcheck-amd64-linux.so)
==78260==    by 0x723DE9: __mn_alloc (in /mnt/c/Users/Juan/Documents/GitHub/Mapanare/mapanare/self/mnc-stage1)
==78260==    by 0x7245AB: __mn_str_from_parts (in /mnt/c/Users/Juan/Documents/GitHub/Mapanare/mapanare/self/mnc-stage1)
==78260==    by 0x41FA6B: lexer__scan_ident (in /mnt/c/Users/Juan/Documents/GitHub/Mapanare/mapanare/self/mnc-stage1)
==78260==    by 0x6A8D06F: ???
==78260==    by 0x8000000000000003: ???
==78260==    by 0x6A733D7: ???
==78260==    by 0x10: ???
==78260==    by 0x19: ???
==78260==    by 0x6A7751F: ???
==78260==    by 0x8000000000000000: ???
==78260==    by 0x10: ???
==78260==    by 0x211: ???
==78260== 
==78260== 2 bytes in 1 blocks are definitely lost in loss record 167 of 604
==78260==    at 0x484D953: calloc (in /usr/libexec/valgrind/vgpreload_memcheck-amd64-linux.so)
==78260==    by 0x723DE9: __mn_alloc (in /mnt/c/Users/Juan/Documents/GitHub/Mapanare/mapanare/self/mnc-stage1)
==78260==    by 0x7245AB: __mn_str_from_parts (in /mnt/c/Users/Juan/Documents/GitHub/Mapanare/mapanare/self/mnc-stage1)
==78260==    by 0x41FA6B: lexer__scan_ident (in /mnt/c/Users/Juan/Documents/GitHub/Mapanare/mapanare/self/mnc-stage1)
==78260==    by 0x6A8D10F: ???
==78260==    by 0x8000000000000004: ???
==78260==    by 0x6A733D7: ???
==78260==    by 0x10: ???
==78260==    by 0x19: ???
==78260==    by 0x6A7751F: ???
==78260==    by 0x8000000000000000: ???
==78260==    by 0x10: ???
==78260==    by 0x211: ???
==78260== 
==78260== 2 bytes in 1 blocks are definitely lost in loss record 168 of 604
==78260==    at 0x484D953: calloc (in /usr/libexec/valgrind/vgpreload_memcheck-amd64-linux.so)
==78260==    by 0x723DE9: __mn_alloc (in /mnt/c/Users/Juan/Documents/GitHub/Mapanare/mapanare/self/mnc-stage1)
==78260==    by 0x7245AB: __mn_str_from_parts (in /mnt/c/Users/Juan/Documents/GitHub/Mapanare/mapanare/self/mnc-stage1)
==78260==    by 0x41FA6B: lexer__scan_ident (in /mnt/c/Users/Juan/Documents/GitHub/Mapanare/mapanare/self/mnc-stage1)
==78260==    by 0x6A8D1AF: ???
==78260==    by 0x8000000000000005: ???
==78260==    by 0x6A733D7: ???
==78260==    by 0x10: ???
==78260==    by 0x19: ???
==78260==    by 0x6A7751F: ???
==78260==    by 0x8000000000000000: ???
==78260==    by 0x10: ???
==78260==    by 0x211: ???
==78260== 
==78260== 2 bytes in 1 blocks are definitely lost in loss record 169 of 604
==78260==    at 0x484D953: calloc (in /usr/libexec/valgrind/vgpreload_memcheck-amd64-linux.so)
==78260==    by 0x723DE9: __mn_alloc (in /mnt/c/Users/Juan/Documents/GitHub/Mapanare/mapanare/self/mnc-stage1)
==78260==    by 0x7245AB: __mn_str_from_parts (in /mnt/c/Users/Juan/Documents/GitHub/Mapanare/mapanare/self/mnc-stage1)
==78260==    by 0x41FA6B: lexer__scan_ident (in /mnt/c/Users/Juan/Documents/GitHub/Mapanare/mapanare/self/mnc-stage1)
==78260==    by 0x6A8D24F: ???
==78260==    by 0x8000000000000006: ???
==78260==    by 0x6A733D7: ???
==78260==    by 0x10: ???
==78260==    by 0x19: ???
==78260==    by 0x6A7751F: ???
==78260==    by 0x8000000000000000: ???
==78260==    by 0x10: ???
==78260==    by 0x211: ???
==78260== 
==78260== 2 bytes in 1 blocks are definitely lost in loss record 170 of 604
==78260==    at 0x484D953: calloc (in /usr/libexec/valgrind/vgpreload_memcheck-amd64-linux.so)
==78260==    by 0x723DE9: __mn_alloc (in /mnt/c/Users/Juan/Documents/GitHub/Mapanare/mapanare/self/mnc-stage1)
==78260==    by 0x7245AB: __mn_str_from_parts (in /mnt/c/Users/Juan/Documents/GitHub/Mapanare/mapanare/self/mnc-stage1)
==78260==    by 0x41FA6B: lexer__scan_ident (in /mnt/c/Users/Juan/Documents/GitHub/Mapanare/mapanare/self/mnc-stage1)
==78260==    by 0x6A8D2EF: ???
==78260==    by 0x8000000000000007: ???
==78260==    by 0x6A733D7: ???
==78260==    by 0x10: ???
==78260==    by 0x19: ???
==78260==    by 0x6A7751F: ???
==78260==    by 0x8000000000000000: ???
==78260==    by 0x10: ???
==78260==    by 0x211: ???
==78260== 
==78260== 2 bytes in 1 blocks are definitely lost in loss record 171 of 604
==78260==    at 0x484D953: calloc (in /usr/libexec/valgrind/vgpreload_memcheck-amd64-linux.so)
==78260==    by 0x723DE9: __mn_alloc (in /mnt/c/Users/Juan/Documents/GitHub/Mapanare/mapanare/self/mnc-stage1)
==78260==    by 0x7245AB: __mn_str_from_parts (in /mnt/c/Users/Juan/Documents/GitHub/Mapanare/mapanare/self/mnc-stage1)
==78260==    by 0x41FA6B: lexer__scan_ident (in /mnt/c/Users/Juan/Documents/GitHub/Mapanare/mapanare/self/mnc-stage1)
==78260==    by 0x6A8D56F: ???
==78260==    by 0x8000000000000000: ???
==78260==    by 0x6A733D7: ???
==78260==    by 0x19: ???
==78260==    by 0x19: ???
==78260==    by 0x6A7751F: ???
==78260==    by 0x8000000000000000: ???
==78260==    by 0x19: ???
==78260==    by 0x21A: ???
==78260== 
==78260== 2 bytes in 1 blocks are definitely lost in loss record 172 of 604
==78260==    at 0x484D953: calloc (in /usr/libexec/valgrind/vgpreload_memcheck-amd64-linux.so)
==78260==    by 0x723DE9: __mn_alloc (in /mnt/c/Users/Juan/Documents/GitHub/Mapanare/mapanare/self/mnc-stage1)
==78260==    by 0x7245AB: __mn_str_from_parts (in /mnt/c/Users/Juan/Documents/GitHub/Mapanare/mapanare/self/mnc-stage1)
==78260==    by 0x41FA6B: lexer__scan_ident (in /mnt/c/Users/Juan/Documents/GitHub/Mapanare/mapanare/self/mnc-stage1)
==78260==    by 0x6A8D60F: ???
==78260==    by 0x8000000000000001: ???
==78260==    by 0x6A733D7: ???
==78260==    by 0x19: ???
==78260==    by 0x19: ???
==78260==    by 0x6A7751F: ???
==78260==    by 0x8000000000000000: ???
==78260==    by 0x19: ???
==78260==    by 0x21A: ???
==78260== 
==78260== 2 bytes in 1 blocks are definitely lost in loss record 173 of 604
==78260==    at 0x484D953: calloc (in /usr/libexec/valgrind/vgpreload_memcheck-amd64-linux.so)
==78260==    by 0x723DE9: __mn_alloc (in /mnt/c/Users/Juan/Documents/GitHub/Mapanare/mapanare/self/mnc-stage1)
==78260==    by 0x7245AB: __mn_str_from_parts (in /mnt/c/Users/Juan/Documents/GitHub/Mapanare/mapanare/self/mnc-stage1)
==78260==    by 0x41FA6B: lexer__scan_ident (in /mnt/c/Users/Juan/Documents/GitHub/Mapanare/mapanare/self/mnc-stage1)
==78260==    by 0x6A8D6AF: ???
==78260==    by 0x8000000000000002: ???
==78260==    by 0x6A733D7: ???
==78260==    by 0x19: ???
==78260==    by 0x19: ???
==78260==    by 0x6A7751F: ???
==78260==    by 0x8000000000000000: ???
==78260==    by 0x19: ???
==78260==    by 0x21A: ???
==78260== 
==78260== 2 bytes in 1 blocks are definitely lost in loss record 174 of 604
==78260==    at 0x484D953: calloc (in /usr/libexec/valgrind/vgpreload_memcheck-amd64-linux.so)
==78260==    by 0x723DE9: __mn_alloc (in /mnt/c/Users/Juan/Documents/GitHub/Mapanare/mapanare/self/mnc-stage1)
==78260==    by 0x7245AB: __mn_str_from_parts (in /mnt/c/Users/Juan/Documents/GitHub/Mapanare/mapanare/self/mnc-stage1)
==78260==    by 0x41FA6B: lexer__scan_ident (in /mnt/c/Users/Juan/Documents/GitHub/Mapanare/mapanare/self/mnc-stage1)
==78260==    by 0x6A8D74F: ???
==78260==    by 0x8000000000000003: ???
==78260==    by 0x6A733D7: ???
==78260==    by 0x19: ???
==78260==    by 0x19: ???
==78260==    by 0x6A7751F: ???
==78260==    by 0x8000000000000000: ???
==78260==    by 0x19: ???
==78260==    by 0x21A: ???
==78260== 
==78260== 2 bytes in 1 blocks are definitely lost in loss record 175 of 604
==78260==    at 0x484D953: calloc (in /usr/libexec/valgrind/vgpreload_memcheck-amd64-linux.so)
==78260==    by 0x723DE9: __mn_alloc (in /mnt/c/Users/Juan/Documents/GitHub/Mapanare/mapanare/self/mnc-stage1)
==78260==    by 0x7245AB: __mn_str_from_parts (in /mnt/c/Users/Juan/Documents/GitHub/Mapanare/mapanare/self/mnc-stage1)
==78260==    by 0x41FA6B: lexer__scan_ident (in /mnt/c/Users/Juan/Documents/GitHub/Mapanare/mapanare/self/mnc-stage1)
==78260==    by 0x6A8D7EF: ???
==78260==    by 0x8000000000000004: ???
==78260==    by 0x6A733D7: ???
==78260==    by 0x19: ???
==78260==    by 0x19: ???
==78260==    by 0x6A7751F: ???
==78260==    by 0x8000000000000000: ???
==78260==    by 0x19: ???
==78260==    by 0x21A: ???
==78260== 
==78260== 2 bytes in 1 blocks are definitely lost in loss record 176 of 604
==78260==    at 0x484D953: calloc (in /usr/libexec/valgrind/vgpreload_memcheck-amd64-linux.so)
==78260==    by 0x723DE9: __mn_alloc (in /mnt/c/Users/Juan/Documents/GitHub/Mapanare/mapanare/self/mnc-stage1)
==78260==    by 0x7245AB: __mn_str_from_parts (in /mnt/c/Users/Juan/Documents/GitHub/Mapanare/mapanare/self/mnc-stage1)
==78260==    by 0x41FA6B: lexer__scan_ident (in /mnt/c/Users/Juan/Documents/GitHub/Mapanare/mapanare/self/mnc-stage1)
==78260==    by 0x6A8D88F: ???
==78260==    by 0x8000000000000005: ???
==78260==    by 0x6A733D7: ???
==78260==    by 0x19: ???
==78260==    by 0x19: ???
==78260==    by 0x6A7751F: ???
==78260==    by 0x8000000000000000: ???
==78260==    by 0x19: ???
==78260==    by 0x21A: ???
==78260== 
==78260== 2 bytes in 1 blocks are definitely lost in loss record 177 of 604
==78260==    at 0x484D953: calloc (in /usr/libexec/valgrind/vgpreload_memcheck-amd64-linux.so)
==78260==    by 0x723DE9: __mn_alloc (in /mnt/c/Users/Juan/Documents/GitHub/Mapanare/mapanare/self/mnc-stage1)
==78260==    by 0x7245AB: __mn_str_from_parts (in /mnt/c/Users/Juan/Documents/GitHub/Mapanare/mapanare/self/mnc-stage1)
==78260==    by 0x41FA6B: lexer__scan_ident (in /mnt/c/Users/Juan/Documents/GitHub/Mapanare/mapanare/self/mnc-stage1)
==78260==    by 0x6A8DE7F: ???
==78260==    by 0x8000000000000000: ???
==78260==    by 0x6A733D7: ???
==78260==    by 0x4: ???
==78260==    by 0x1A: ???
==78260==    by 0x6A7751F: ???
==78260==    by 0x8000000000000000: ???
==78260==    by 0x4: ???
==78260==    by 0x228: ???
==78260== 
==78260== 2 bytes in 1 blocks are definitely lost in loss record 178 of 604
==78260==    at 0x484D953: calloc (in /usr/libexec/valgrind/vgpreload_memcheck-amd64-linux.so)
==78260==    by 0x723DE9: __mn_alloc (in /mnt/c/Users/Juan/Documents/GitHub/Mapanare/mapanare/self/mnc-stage1)
==78260==    by 0x7245AB: __mn_str_from_parts (in /mnt/c/Users/Juan/Documents/GitHub/Mapanare/mapanare/self/mnc-stage1)
==78260==    by 0x41FA6B: lexer__scan_ident (in /mnt/c/Users/Juan/Documents/GitHub/Mapanare/mapanare/self/mnc-stage1)
==78260==    by 0x6A8DF1F: ???
==78260==    by 0x8000000000000001: ???
==78260==    by 0x6A733D7: ???
==78260==    by 0x4: ???
==78260==    by 0x1A: ???
==78260==    by 0x6A7751F: ???
==78260==    by 0x8000000000000000: ???
==78260==    by 0x4: ???
==78260==    by 0x228: ???
==78260== 
==78260== 2 bytes in 1 blocks are definitely lost in loss record 179 of 604
==78260==    at 0x484D953: calloc (in /usr/libexec/valgrind/vgpreload_memcheck-amd64-linux.so)
==78260==    by 0x723DE9: __mn_alloc (in /mnt/c/Users/Juan/Documents/GitHub/Mapanare/mapanare/self/mnc-stage1)
==78260==    by 0x7245AB: __mn_str_from_parts (in /mnt/c/Users/Juan/Documents/GitHub/Mapanare/mapanare/self/mnc-stage1)
==78260==    by 0x41FA6B: lexer__scan_ident (in /mnt/c/Users/Juan/Documents/GitHub/Mapanare/mapanare/self/mnc-stage1)
==78260==    by 0x6A8DFBF: ???
==78260==    by 0x8000000000000002: ???
==78260==    by 0x6A733D7: ???
==78260==    by 0x4: ???
==78260==    by 0x1A: ???
==78260==    by 0x6A7751F: ???
==78260==    by 0x8000000000000000: ???
==78260==    by 0x4: ???
==78260==    by 0x228: ???
==78260== 
==78260== 2 bytes in 1 blocks are definitely lost in loss record 180 of 604
==78260==    at 0x484D953: calloc (in /usr/libexec/valgrind/vgpreload_memcheck-amd64-linux.so)
==78260==    by 0x723DE9: __mn_alloc (in /mnt/c/Users/Juan/Documents/GitHub/Mapanare/mapanare/self/mnc-stage1)
==78260==    by 0x7245AB: __mn_str_from_parts (in /mnt/c/Users/Juan/Documents/GitHub/Mapanare/mapanare/self/mnc-stage1)
==78260==    by 0x41FA6B: lexer__scan_ident (in /mnt/c/Users/Juan/Documents/GitHub/Mapanare/mapanare/self/mnc-stage1)
==78260==    by 0x6A8E05F: ???
==78260==    by 0x8000000000000003: ???
==78260==    by 0x6A733D7: ???
==78260==    by 0x4: ???
==78260==    by 0x1A: ???
==78260==    by 0x6A7751F: ???
==78260==    by 0x8000000000000000: ???
==78260==    by 0x4: ???
==78260==    by 0x228: ???
==78260== 
==78260== 2 bytes in 1 blocks are definitely lost in loss record 181 of 604
==78260==    at 0x484D953: calloc (in /usr/libexec/valgrind/vgpreload_memcheck-amd64-linux.so)
==78260==    by 0x723DE9: __mn_alloc (in /mnt/c/Users/Juan/Documents/GitHub/Mapanare/mapanare/self/mnc-stage1)
==78260==    by 0x7245AB: __mn_str_from_parts (in /mnt/c/Users/Juan/Documents/GitHub/Mapanare/mapanare/self/mnc-stage1)
==78260==    by 0x41FA6B: lexer__scan_ident (in /mnt/c/Users/Juan/Documents/GitHub/Mapanare/mapanare/self/mnc-stage1)
==78260==    by 0x6A8E0FF: ???
==78260==    by 0x8000000000000004: ???
==78260==    by 0x6A733D7: ???
==78260==    by 0x4: ???
==78260==    by 0x1A: ???
==78260==    by 0x6A7751F: ???
==78260==    by 0x8000000000000000: ???
==78260==    by 0x4: ???
==78260==    by 0x228: ???
==78260== 
==78260== 2 bytes in 1 blocks are definitely lost in loss record 182 of 604
==78260==    at 0x484D953: calloc (in /usr/libexec/valgrind/vgpreload_memcheck-amd64-linux.so)
==78260==    by 0x723DE9: __mn_alloc (in /mnt/c/Users/Juan/Documents/GitHub/Mapanare/mapanare/self/mnc-stage1)
==78260==    by 0x7245AB: __mn_str_from_parts (in /mnt/c/Users/Juan/Documents/GitHub/Mapanare/mapanare/self/mnc-stage1)
==78260==    by 0x41FA6B: lexer__scan_ident (in /mnt/c/Users/Juan/Documents/GitHub/Mapanare/mapanare/self/mnc-stage1)
==78260==    by 0x6A8E37F: ???
==78260==    by 0x8000000000000000: ???
==78260==    by 0x6A733D7: ???
==78260==    by 0xA: ???
==78260==    by 0x1A: ???
==78260==    by 0x6A7751F: ???
==78260==    by 0x8000000000000000: ???
==78260==    by 0xA: ???
==78260==    by 0x22E: ???
==78260== 
==78260== 2 bytes in 1 blocks are definitely lost in loss record 183 of 604
==78260==    at 0x484D953: calloc (in /usr/libexec/valgrind/vgpreload_memcheck-amd64-linux.so)
==78260==    by 0x723DE9: __mn_alloc (in /mnt/c/Users/Juan/Documents/GitHub/Mapanare/mapanare/self/mnc-stage1)
==78260==    by 0x7245AB: __mn_str_from_parts (in /mnt/c/Users/Juan/Documents/GitHub/Mapanare/mapanare/self/mnc-stage1)
==78260==    by 0x41FA6B: lexer__scan_ident (in /mnt/c/Users/Juan/Documents/GitHub/Mapanare/mapanare/self/mnc-stage1)
==78260==    by 0x6A8E41F: ???
==78260==    by 0x8000000000000001: ???
==78260==    by 0x6A733D7: ???
==78260==    by 0xA: ???
==78260==    by 0x1A: ???
==78260==    by 0x6A7751F: ???
==78260==    by 0x8000000000000000: ???
==78260==    by 0xA: ???
==78260==    by 0x22E: ???
==78260== 
==78260== 2 bytes in 1 blocks are definitely lost in loss record 184 of 604
==78260==    at 0x484D953: calloc (in /usr/libexec/valgrind/vgpreload_memcheck-amd64-linux.so)
==78260==    by 0x723DE9: __mn_alloc (in /mnt/c/Users/Juan/Documents/GitHub/Mapanare/mapanare/self/mnc-stage1)
==78260==    by 0x7245AB: __mn_str_from_parts (in /mnt/c/Users/Juan/Documents/GitHub/Mapanare/mapanare/self/mnc-stage1)
==78260==    by 0x41FA6B: lexer__scan_ident (in /mnt/c/Users/Juan/Documents/GitHub/Mapanare/mapanare/self/mnc-stage1)
==78260==    by 0x6A8E4BF: ???
==78260==    by 0x8000000000000002: ???
==78260==    by 0x6A733D7: ???
==78260==    by 0xA: ???
==78260==    by 0x1A: ???
==78260==    by 0x6A7751F: ???
==78260==    by 0x8000000000000000: ???
==78260==    by 0xA: ???
==78260==    by 0x22E: ???
==78260== 
==78260== 2 bytes in 1 blocks are definitely lost in loss record 185 of 604
==78260==    at 0x484D953: calloc (in /usr/libexec/valgrind/vgpreload_memcheck-amd64-linux.so)
==78260==    by 0x723DE9: __mn_alloc (in /mnt/c/Users/Juan/Documents/GitHub/Mapanare/mapanare/self/mnc-stage1)
==78260==    by 0x7245AB: __mn_str_from_parts (in /mnt/c/Users/Juan/Documents/GitHub/Mapanare/mapanare/self/mnc-stage1)
==78260==    by 0x41FA6B: lexer__scan_ident (in /mnt/c/Users/Juan/Documents/GitHub/Mapanare/mapanare/self/mnc-stage1)
==78260==    by 0x6A8E73F: ???
==78260==    by 0x8000000000000000: ???
==78260==    by 0x6A733D7: ???
==78260==    by 0xE: ???
==78260==    by 0x1A: ???
==78260==    by 0x6A7751F: ???
==78260==    by 0x8000000000000000: ???
==78260==    by 0xE: ???
==78260==    by 0x232: ???
==78260== 
==78260== 2 bytes in 1 blocks are definitely lost in loss record 186 of 604
==78260==    at 0x484D953: calloc (in /usr/libexec/valgrind/vgpreload_memcheck-amd64-linux.so)
==78260==    by 0x723DE9: __mn_alloc (in /mnt/c/Users/Juan/Documents/GitHub/Mapanare/mapanare/self/mnc-stage1)
==78260==    by 0x7245AB: __mn_str_from_parts (in /mnt/c/Users/Juan/Documents/GitHub/Mapanare/mapanare/self/mnc-stage1)
==78260==    by 0x41FA6B: lexer__scan_ident (in /mnt/c/Users/Juan/Documents/GitHub/Mapanare/mapanare/self/mnc-stage1)
==78260==    by 0x6A8E7DF: ???
==78260==    by 0x8000000000000001: ???
==78260==    by 0x6A733D7: ???
==78260==    by 0xE: ???
==78260==    by 0x1A: ???
==78260==    by 0x6A7751F: ???
==78260==    by 0x8000000000000000: ???
==78260==    by 0xE: ???
==78260==    by 0x232: ???
==78260== 
==78260== 2 bytes in 1 blocks are definitely lost in loss record 187 of 604
==78260==    at 0x484D953: calloc (in /usr/libexec/valgrind/vgpreload_memcheck-amd64-linux.so)
==78260==    by 0x723DE9: __mn_alloc (in /mnt/c/Users/Juan/Documents/GitHub/Mapanare/mapanare/self/mnc-stage1)
==78260==    by 0x7245AB: __mn_str_from_parts (in /mnt/c/Users/Juan/Documents/GitHub/Mapanare/mapanare/self/mnc-stage1)
==78260==    by 0x41FA6B: lexer__scan_ident (in /mnt/c/Users/Juan/Documents/GitHub/Mapanare/mapanare/self/mnc-stage1)
==78260==    by 0x6A8E87F: ???
==78260==    by 0x8000000000000002: ???
==78260==    by 0x6A733D7: ???
==78260==    by 0xE: ???
==78260==    by 0x1A: ???
==78260==    by 0x6A7751F: ???
==78260==    by 0x8000000000000000: ???
==78260==    by 0xE: ???
==78260==    by 0x232: ???
==78260== 
==78260== 2 bytes in 1 blocks are definitely lost in loss record 188 of 604
==78260==    at 0x484D953: calloc (in /usr/libexec/valgrind/vgpreload_memcheck-amd64-linux.so)
==78260==    by 0x723DE9: __mn_alloc (in /mnt/c/Users/Juan/Documents/GitHub/Mapanare/mapanare/self/mnc-stage1)
==78260==    by 0x7245AB: __mn_str_from_parts (in /mnt/c/Users/Juan/Documents/GitHub/Mapanare/mapanare/self/mnc-stage1)
==78260==    by 0x41FA6B: lexer__scan_ident (in /mnt/c/Users/Juan/Documents/GitHub/Mapanare/mapanare/self/mnc-stage1)
==78260==    by 0x6A8E91F: ???
==78260==    by 0x8000000000000003: ???
==78260==    by 0x6A733D7: ???
==78260==    by 0xE: ???
==78260==    by 0x1A: ???
==78260==    by 0x6A7751F: ???
==78260==    by 0x8000000000000000: ???
==78260==    by 0xE: ???
==78260==    by 0x232: ???
==78260== 
==78260== 2 bytes in 1 blocks are definitely lost in loss record 189 of 604
==78260==    at 0x484D953: calloc (in /usr/libexec/valgrind/vgpreload_memcheck-amd64-linux.so)
==78260==    by 0x723DE9: __mn_alloc (in /mnt/c/Users/Juan/Documents/GitHub/Mapanare/mapanare/self/mnc-stage1)
==78260==    by 0x7245AB: __mn_str_from_parts (in /mnt/c/Users/Juan/Documents/GitHub/Mapanare/mapanare/self/mnc-stage1)
==78260==    by 0x41FA6B: lexer__scan_ident (in /mnt/c/Users/Juan/Documents/GitHub/Mapanare/mapanare/self/mnc-stage1)
==78260==    by 0x6A8E9BF: ???
==78260==    by 0x8000000000000004: ???
==78260==    by 0x6A733D7: ???
==78260==    by 0xE: ???
==78260==    by 0x1A: ???
==78260==    by 0x6A7751F: ???
==78260==    by 0x8000000000000000: ???
==78260==    by 0xE: ???
==78260==    by 0x232: ???
==78260== 
==78260== 3 bytes in 1 blocks are indirectly lost in loss record 190 of 604
==78260==    at 0x484D953: calloc (in /usr/libexec/valgrind/vgpreload_memcheck-amd64-linux.so)
==78260==    by 0x723DE9: __mn_alloc (in /mnt/c/Users/Juan/Documents/GitHub/Mapanare/mapanare/self/mnc-stage1)
==78260==    by 0x7249CE: __mn_str_concat (in /mnt/c/Users/Juan/Documents/GitHub/Mapanare/mapanare/self/mnc-stage1)
==78260==    by 0x41FA94: lexer__scan_ident (in /mnt/c/Users/Juan/Documents/GitHub/Mapanare/mapanare/self/mnc-stage1)
==78260==    by 0x6A7C8FF: ???
==78260==    by 0x8000000000000000: ???
==78260==    by 0x6A733D7: ???
==78260==    by 0x6: ???
==78260==    by 0x5: ???
==78260==    by 0x6A7751F: ???
==78260==    by 0x8000000000000000: ???
==78260==    by 0x6: ???
==78260==    by 0xED: ???
==78260== 
==78260== 3 bytes in 1 blocks are indirectly lost in loss record 191 of 604
==78260==    at 0x484D953: calloc (in /usr/libexec/valgrind/vgpreload_memcheck-amd64-linux.so)
==78260==    by 0x723DE9: __mn_alloc (in /mnt/c/Users/Juan/Documents/GitHub/Mapanare/mapanare/self/mnc-stage1)
==78260==    by 0x7249CE: __mn_str_concat (in /mnt/c/Users/Juan/Documents/GitHub/Mapanare/mapanare/self/mnc-stage1)
==78260==    by 0x420082: lexer__scan_number (in /mnt/c/Users/Juan/Documents/GitHub/Mapanare/mapanare/self/mnc-stage1)
==78260==    by 0x6A7E37F: ???
==78260==    by 0x6A73257: ???
==78260==    by 0x8000000000000000: ???
==78260==    by 0x6A7E28F: ???
==78260==    by 0x8000000000000000: ???
==78260== 
==78260== 3 bytes in 1 blocks are indirectly lost in loss record 192 of 604
==78260==    at 0x484D953: calloc (in /usr/libexec/valgrind/vgpreload_memcheck-amd64-linux.so)
==78260==    by 0x723DE9: __mn_alloc (in /mnt/c/Users/Juan/Documents/GitHub/Mapanare/mapanare/self/mnc-stage1)
==78260==    by 0x7249CE: __mn_str_concat (in /mnt/c/Users/Juan/Documents/GitHub/Mapanare/mapanare/self/mnc-stage1)
==78260==    by 0x41FA94: lexer__scan_ident (in /mnt/c/Users/Juan/Documents/GitHub/Mapanare/mapanare/self/mnc-stage1)
==78260==    by 0x6A7EBEF: ???
==78260==    by 0x8000000000000000: ???
==78260==    by 0x6A733D7: ???
==78260==    by 0x6: ???
==78260==    by 0x9: ???
==78260==    by 0x6A7751F: ???
==78260==    by 0x8000000000000000: ???
==78260==    by 0x6: ???
==78260==    by 0x11A: ???
==78260== 
==78260== 3 bytes in 1 blocks are indirectly lost in loss record 193 of 604
==78260==    at 0x484D953: calloc (in /usr/libexec/valgrind/vgpreload_memcheck-amd64-linux.so)
==78260==    by 0x723DE9: __mn_alloc (in /mnt/c/Users/Juan/Documents/GitHub/Mapanare/mapanare/self/mnc-stage1)
==78260==    by 0x7249CE: __mn_str_concat (in /mnt/c/Users/Juan/Documents/GitHub/Mapanare/mapanare/self/mnc-stage1)
==78260==    by 0x420082: lexer__scan_number (in /mnt/c/Users/Juan/Documents/GitHub/Mapanare/mapanare/self/mnc-stage1)
==78260==    by 0x6A80A6F: ???
==78260==    by 0x6A73257: ???
==78260==    by 0x8000000000000000: ???
==78260==    by 0x6A8097F: ???
==78260==    by 0x8000000000000000: ???
==78260== 
==78260== 3 bytes in 1 blocks are indirectly lost in loss record 194 of 604
==78260==    at 0x484D953: calloc (in /usr/libexec/valgrind/vgpreload_memcheck-amd64-linux.so)
==78260==    by 0x723DE9: __mn_alloc (in /mnt/c/Users/Juan/Documents/GitHub/Mapanare/mapanare/self/mnc-stage1)
==78260==    by 0x7249CE: __mn_str_concat (in /mnt/c/Users/Juan/Documents/GitHub/Mapanare/mapanare/self/mnc-stage1)
==78260==    by 0x41FA94: lexer__scan_ident (in /mnt/c/Users/Juan/Documents/GitHub/Mapanare/mapanare/self/mnc-stage1)
==78260==    by 0x6A812DF: ???
==78260==    by 0x8000000000000000: ???
==78260==    by 0x6A733D7: ???
==78260==    by 0x6: ???
==78260==    by 0xD: ???
==78260==    by 0x6A7751F: ???
==78260==    by 0x8000000000000000: ???
==78260==    by 0x6: ???
==78260==    by 0x147: ???
==78260== 
==78260== 3 bytes in 1 blocks are indirectly lost in loss record 195 of 604
==78260==    at 0x484D953: calloc (in /usr/libexec/valgrind/vgpreload_memcheck-amd64-linux.so)
==78260==    by 0x723DE9: __mn_alloc (in /mnt/c/Users/Juan/Documents/GitHub/Mapanare/mapanare/self/mnc-stage1)
==78260==    by 0x7249CE: __mn_str_concat (in /mnt/c/Users/Juan/Documents/GitHub/Mapanare/mapanare/self/mnc-stage1)
==78260==    by 0x420082: lexer__scan_number (in /mnt/c/Users/Juan/Documents/GitHub/Mapanare/mapanare/self/mnc-stage1)
==78260==    by 0x6A8290F: ???
==78260==    by 0x6A73257: ???
==78260==    by 0x8000000000000000: ???
==78260==    by 0x6A8281F: ???
==78260==    by 0x8000000000000000: ???
==78260== 
==78260== 3 bytes in 1 blocks are indirectly lost in loss record 196 of 604
==78260==    at 0x484D953: calloc (in /usr/libexec/valgrind/vgpreload_memcheck-amd64-linux.so)
==78260==    by 0x723DE9: __mn_alloc (in /mnt/c/Users/Juan/Documents/GitHub/Mapanare/mapanare/self/mnc-stage1)
==78260==    by 0x7249CE: __mn_str_concat (in /mnt/c/Users/Juan/Documents/GitHub/Mapanare/mapanare/self/mnc-stage1)
==78260==    by 0x41FA94: lexer__scan_ident (in /mnt/c/Users/Juan/Documents/GitHub/Mapanare/mapanare/self/mnc-stage1)
==78260==    by 0x6A841CF: ???
==78260==    by 0x8000000000000000: ???
==78260==    by 0x6A733D7: ???
==78260==    by 0x6: ???
==78260==    by 0x11: ???
==78260==    by 0x6A7751F: ???
==78260==    by 0x8000000000000000: ???
==78260==    by 0x6: ???
==78260==    by 0x174: ???
==78260== 
==78260== 3 bytes in 1 blocks are indirectly lost in loss record 197 of 604
==78260==    at 0x484D953: calloc (in /usr/libexec/valgrind/vgpreload_memcheck-amd64-linux.so)
==78260==    by 0x723DE9: __mn_alloc (in /mnt/c/Users/Juan/Documents/GitHub/Mapanare/mapanare/self/mnc-stage1)
==78260==    by 0x7249CE: __mn_str_concat (in /mnt/c/Users/Juan/Documents/GitHub/Mapanare/mapanare/self/mnc-stage1)
==78260==    by 0x41FA94: lexer__scan_ident (in /mnt/c/Users/Juan/Documents/GitHub/Mapanare/mapanare/self/mnc-stage1)
==78260==    by 0x6A8BB2F: ???
==78260==    by 0x8000000000000000: ???
==78260==    by 0x6A733D7: ???
==78260== 
==78260== 3 bytes in 1 blocks are definitely lost in loss record 198 of 604
==78260==    at 0x484D953: calloc (in /usr/libexec/valgrind/vgpreload_memcheck-amd64-linux.so)
==78260==    by 0x723DE9: __mn_alloc (in /mnt/c/Users/Juan/Documents/GitHub/Mapanare/mapanare/self/mnc-stage1)
==78260==    by 0x7249CE: __mn_str_concat (in /mnt/c/Users/Juan/Documents/GitHub/Mapanare/mapanare/self/mnc-stage1)
==78260==    by 0x41FA94: lexer__scan_ident (in /mnt/c/Users/Juan/Documents/GitHub/Mapanare/mapanare/self/mnc-stage1)
==78260==    by 0x6A7C24F: ???
==78260==    by 0x8000000000000000: ???
==78260==    by 0x6A733D7: ???
==78260== 
==78260== 3 bytes in 1 blocks are definitely lost in loss record 199 of 604
==78260==    at 0x484D953: calloc (in /usr/libexec/valgrind/vgpreload_memcheck-amd64-linux.so)
==78260==    by 0x723DE9: __mn_alloc (in /mnt/c/Users/Juan/Documents/GitHub/Mapanare/mapanare/self/mnc-stage1)
==78260==    by 0x7249CE: __mn_str_concat (in /mnt/c/Users/Juan/Documents/GitHub/Mapanare/mapanare/self/mnc-stage1)
==78260==    by 0x41FA94: lexer__scan_ident (in /mnt/c/Users/Juan/Documents/GitHub/Mapanare/mapanare/self/mnc-stage1)
==78260==    by 0x6A7CB7F: ???
==78260==    by 0x8000000000000000: ???
==78260==    by 0x6A733D7: ???
==78260==    by 0x9: ???
==78260==    by 0x5: ???
==78260==    by 0x6A7751F: ???
==78260==    by 0x8000000000000000: ???
==78260==    by 0x9: ???
==78260==    by 0xF0: ???
==78260== 
==78260== 3 bytes in 1 blocks are definitely lost in loss record 200 of 604
==78260==    at 0x484D953: calloc (in /usr/libexec/valgrind/vgpreload_memcheck-amd64-linux.so)
==78260==    by 0x723DE9: __mn_alloc (in /mnt/c/Users/Juan/Documents/GitHub/Mapanare/mapanare/self/mnc-stage1)
==78260==    by 0x7249CE: __mn_str_concat (in /mnt/c/Users/Juan/Documents/GitHub/Mapanare/mapanare/self/mnc-stage1)
==78260==    by 0x41FA94: lexer__scan_ident (in /mnt/c/Users/Juan/Documents/GitHub/Mapanare/mapanare/self/mnc-stage1)
==78260==    by 0x6A7D43F: ???
==78260==    by 0x8000000000000000: ???
==78260==    by 0x6A733D7: ???
==78260==    by 0x16: ???
==78260==    by 0x5: ???
==78260==    by 0x6A7751F: ???
==78260==    by 0x8000000000000000: ???
==78260==    by 0x16: ???
==78260==    by 0xFD: ???
==78260== 
==78260== 3 bytes in 1 blocks are definitely lost in loss record 201 of 604
==78260==    at 0x484D953: calloc (in /usr/libexec/valgrind/vgpreload_memcheck-amd64-linux.so)
==78260==    by 0x723DE9: __mn_alloc (in /mnt/c/Users/Juan/Documents/GitHub/Mapanare/mapanare/self/mnc-stage1)
==78260==    by 0x7249CE: __mn_str_concat (in /mnt/c/Users/Juan/Documents/GitHub/Mapanare/mapanare/self/mnc-stage1)
==78260==    by 0x41FA94: lexer__scan_ident (in /mnt/c/Users/Juan/Documents/GitHub/Mapanare/mapanare/self/mnc-stage1)
==78260==    by 0x6A7D9DF: ???
==78260==    by 0x8000000000000000: ???
==78260==    by 0x6A733D7: ???
==78260==    by 0x4: ???
==78260==    by 0x6: ???
==78260==    by 0x6A7751F: ???
==78260==    by 0x8000000000000000: ???
==78260==    by 0x4: ???
==78260==    by 0x107: ???
==78260== 
==78260== 3 bytes in 1 blocks are definitely lost in loss record 202 of 604
==78260==    at 0x484D953: calloc (in /usr/libexec/valgrind/vgpreload_memcheck-amd64-linux.so)
==78260==    by 0x723DE9: __mn_alloc (in /mnt/c/Users/Juan/Documents/GitHub/Mapanare/mapanare/self/mnc-stage1)
==78260==    by 0x7249CE: __mn_str_concat (in /mnt/c/Users/Juan/Documents/GitHub/Mapanare/mapanare/self/mnc-stage1)
==78260==    by 0x41FA94: lexer__scan_ident (in /mnt/c/Users/Juan/Documents/GitHub/Mapanare/mapanare/self/mnc-stage1)
==78260==    by 0x6A7E78F: ???
==78260==    by 0x8000000000000000: ???
==78260==    by 0x6A733D7: ???
==78260== 
==78260== 3 bytes in 1 blocks are definitely lost in loss record 203 of 604
==78260==    at 0x484D953: calloc (in /usr/libexec/valgrind/vgpreload_memcheck-amd64-linux.so)
==78260==    by 0x723DE9: __mn_alloc (in /mnt/c/Users/Juan/Documents/GitHub/Mapanare/mapanare/self/mnc-stage1)
==78260==    by 0x7249CE: __mn_str_concat (in /mnt/c/Users/Juan/Documents/GitHub/Mapanare/mapanare/self/mnc-stage1)
==78260==    by 0x41FA94: lexer__scan_ident (in /mnt/c/Users/Juan/Documents/GitHub/Mapanare/mapanare/self/mnc-stage1)
==78260==    by 0x6A7EE6F: ???
==78260==    by 0x8000000000000000: ???
==78260==    by 0x6A733D7: ???
==78260==    by 0x9: ???
==78260==    by 0x9: ???
==78260==    by 0x6A7751F: ???
==78260==    by 0x8000000000000000: ???
==78260==    by 0x9: ???
==78260==    by 0x11D: ???
==78260== 
==78260== 3 bytes in 1 blocks are definitely lost in loss record 204 of 604
==78260==    at 0x484D953: calloc (in /usr/libexec/valgrind/vgpreload_memcheck-amd64-linux.so)
==78260==    by 0x723DE9: __mn_alloc (in /mnt/c/Users/Juan/Documents/GitHub/Mapanare/mapanare/self/mnc-stage1)
==78260==    by 0x7249CE: __mn_str_concat (in /mnt/c/Users/Juan/Documents/GitHub/Mapanare/mapanare/self/mnc-stage1)
==78260==    by 0x41FA94: lexer__scan_ident (in /mnt/c/Users/Juan/Documents/GitHub/Mapanare/mapanare/self/mnc-stage1)
==78260==    by 0x6A7FF7F: ???
==78260==    by 0x8000000000000000: ???
==78260==    by 0x6A733D7: ???
==78260==    by 0x16: ???
==78260==    by 0x9: ???
==78260==    by 0x6A7751F: ???
==78260==    by 0x8000000000000000: ???
==78260==    by 0x16: ???
==78260==    by 0x12A: ???
==78260== 
==78260== 3 bytes in 1 blocks are definitely lost in loss record 205 of 604
==78260==    at 0x484D953: calloc (in /usr/libexec/valgrind/vgpreload_memcheck-amd64-linux.so)
==78260==    by 0x723DE9: __mn_alloc (in /mnt/c/Users/Juan/Documents/GitHub/Mapanare/mapanare/self/mnc-stage1)
==78260==    by 0x7249CE: __mn_str_concat (in /mnt/c/Users/Juan/Documents/GitHub/Mapanare/mapanare/self/mnc-stage1)
==78260==    by 0x41FA94: lexer__scan_ident (in /mnt/c/Users/Juan/Documents/GitHub/Mapanare/mapanare/self/mnc-stage1)
==78260==    by 0x6A8051F: ???
==78260==    by 0x8000000000000000: ???
==78260==    by 0x6A733D7: ???
==78260==    by 0x4: ???
==78260==    by 0xA: ???
==78260==    by 0x6A7751F: ???
==78260==    by 0x8000000000000000: ???
==78260==    by 0x4: ???
==78260==    by 0x134: ???
==78260== 
==78260== 3 bytes in 1 blocks are definitely lost in loss record 206 of 604
==78260==    at 0x484D953: calloc (in /usr/libexec/valgrind/vgpreload_memcheck-amd64-linux.so)
==78260==    by 0x723DE9: __mn_alloc (in /mnt/c/Users/Juan/Documents/GitHub/Mapanare/mapanare/self/mnc-stage1)
==78260==    by 0x7249CE: __mn_str_concat (in /mnt/c/Users/Juan/Documents/GitHub/Mapanare/mapanare/self/mnc-stage1)
==78260==    by 0x41FA94: lexer__scan_ident (in /mnt/c/Users/Juan/Documents/GitHub/Mapanare/mapanare/self/mnc-stage1)
==78260==    by 0x6A80E7F: ???
==78260==    by 0x8000000000000000: ???
==78260==    by 0x6A733D7: ???
==78260== 
==78260== 3 bytes in 1 blocks are definitely lost in loss record 207 of 604
==78260==    at 0x484D953: calloc (in /usr/libexec/valgrind/vgpreload_memcheck-amd64-linux.so)
==78260==    by 0x723DE9: __mn_alloc (in /mnt/c/Users/Juan/Documents/GitHub/Mapanare/mapanare/self/mnc-stage1)
==78260==    by 0x7249CE: __mn_str_concat (in /mnt/c/Users/Juan/Documents/GitHub/Mapanare/mapanare/self/mnc-stage1)
==78260==    by 0x41FA94: lexer__scan_ident (in /mnt/c/Users/Juan/Documents/GitHub/Mapanare/mapanare/self/mnc-stage1)
==78260==    by 0x6A8155F: ???
==78260==    by 0x8000000000000000: ???
==78260==    by 0x6A733D7: ???
==78260==    by 0x9: ???
==78260==    by 0xD: ???
==78260==    by 0x6A7751F: ???
==78260==    by 0x8000000000000000: ???
==78260==    by 0x9: ???
==78260==    by 0x14A: ???
==78260== 
==78260== 3 bytes in 1 blocks are definitely lost in loss record 208 of 604
==78260==    at 0x484D953: calloc (in /usr/libexec/valgrind/vgpreload_memcheck-amd64-linux.so)
==78260==    by 0x723DE9: __mn_alloc (in /mnt/c/Users/Juan/Documents/GitHub/Mapanare/mapanare/self/mnc-stage1)
==78260==    by 0x7249CE: __mn_str_concat (in /mnt/c/Users/Juan/Documents/GitHub/Mapanare/mapanare/self/mnc-stage1)
==78260==    by 0x41FA94: lexer__scan_ident (in /mnt/c/Users/Juan/Documents/GitHub/Mapanare/mapanare/self/mnc-stage1)
==78260==    by 0x6A81E1F: ???
==78260==    by 0x8000000000000000: ???
==78260==    by 0x6A733D7: ???
==78260==    by 0x16: ???
==78260==    by 0xD: ???
==78260==    by 0x6A7751F: ???
==78260==    by 0x8000000000000000: ???
==78260==    by 0x16: ???
==78260==    by 0x157: ???
==78260== 
==78260== 3 bytes in 1 blocks are definitely lost in loss record 209 of 604
==78260==    at 0x484D953: calloc (in /usr/libexec/valgrind/vgpreload_memcheck-amd64-linux.so)
==78260==    by 0x723DE9: __mn_alloc (in /mnt/c/Users/Juan/Documents/GitHub/Mapanare/mapanare/self/mnc-stage1)
==78260==    by 0x7249CE: __mn_str_concat (in /mnt/c/Users/Juan/Documents/GitHub/Mapanare/mapanare/self/mnc-stage1)
==78260==    by 0x41FA94: lexer__scan_ident (in /mnt/c/Users/Juan/Documents/GitHub/Mapanare/mapanare/self/mnc-stage1)
==78260==    by 0x6A823BF: ???
==78260==    by 0x8000000000000000: ???
==78260==    by 0x6A733D7: ???
==78260==    by 0x4: ???
==78260==    by 0xE: ???
==78260==    by 0x6A7751F: ???
==78260==    by 0x8000000000000000: ???
==78260==    by 0x4: ???
==78260==    by 0x161: ???
==78260== 
==78260== 3 bytes in 1 blocks are definitely lost in loss record 210 of 604
==78260==    at 0x484D953: calloc (in /usr/libexec/valgrind/vgpreload_memcheck-amd64-linux.so)
==78260==    by 0x723DE9: __mn_alloc (in /mnt/c/Users/Juan/Documents/GitHub/Mapanare/mapanare/self/mnc-stage1)
==78260==    by 0x7249CE: __mn_str_concat (in /mnt/c/Users/Juan/Documents/GitHub/Mapanare/mapanare/self/mnc-stage1)
==78260==    by 0x41FA94: lexer__scan_ident (in /mnt/c/Users/Juan/Documents/GitHub/Mapanare/mapanare/self/mnc-stage1)
==78260==    by 0x6A83D6F: ???
==78260==    by 0x8000000000000000: ???
==78260==    by 0x6A733D7: ???
==78260== 
==78260== 3 bytes in 1 blocks are definitely lost in loss record 211 of 604
==78260==    at 0x484D953: calloc (in /usr/libexec/valgrind/vgpreload_memcheck-amd64-linux.so)
==78260==    by 0x723DE9: __mn_alloc (in /mnt/c/Users/Juan/Documents/GitHub/Mapanare/mapanare/self/mnc-stage1)
==78260==    by 0x7249CE: __mn_str_concat (in /mnt/c/Users/Juan/Documents/GitHub/Mapanare/mapanare/self/mnc-stage1)
==78260==    by 0x41FA94: lexer__scan_ident (in /mnt/c/Users/Juan/Documents/GitHub/Mapanare/mapanare/self/mnc-stage1)
==78260==    by 0x6A8444F: ???
==78260==    by 0x8000000000000000: ???
==78260==    by 0x6A733D7: ???
==78260==    by 0x9: ???
==78260==    by 0x11: ???
==78260==    by 0x6A7751F: ???
==78260==    by 0x8000000000000000: ???
==78260==    by 0x9: ???
==78260==    by 0x177: ???
==78260== 
==78260== 3 bytes in 1 blocks are definitely lost in loss record 212 of 604
==78260==    at 0x484D953: calloc (in /usr/libexec/valgrind/vgpreload_memcheck-amd64-linux.so)
==78260==    by 0x723DE9: __mn_alloc (in /mnt/c/Users/Juan/Documents/GitHub/Mapanare/mapanare/self/mnc-stage1)
==78260==    by 0x7249CE: __mn_str_concat (in /mnt/c/Users/Juan/Documents/GitHub/Mapanare/mapanare/self/mnc-stage1)
==78260==    by 0x41FA94: lexer__scan_ident (in /mnt/c/Users/Juan/Documents/GitHub/Mapanare/mapanare/self/mnc-stage1)
==78260==    by 0x6A84C6F: ???
==78260==    by 0x8000000000000000: ???
==78260==    by 0x6A733D7: ???
==78260==    by 0x15: ???
==78260==    by 0x11: ???
==78260==    by 0x6A7751F: ???
==78260==    by 0x8000000000000000: ???
==78260==    by 0x15: ???
==78260==    by 0x183: ???
==78260== 
==78260== 3 bytes in 1 blocks are definitely lost in loss record 213 of 604
==78260==    at 0x484D953: calloc (in /usr/libexec/valgrind/vgpreload_memcheck-amd64-linux.so)
==78260==    by 0x723DE9: __mn_alloc (in /mnt/c/Users/Juan/Documents/GitHub/Mapanare/mapanare/self/mnc-stage1)
==78260==    by 0x7249CE: __mn_str_concat (in /mnt/c/Users/Juan/Documents/GitHub/Mapanare/mapanare/self/mnc-stage1)
==78260==    by 0x41FA94: lexer__scan_ident (in /mnt/c/Users/Juan/Documents/GitHub/Mapanare/mapanare/self/mnc-stage1)
==78260==    by 0x6A8520F: ???
==78260==    by 0x8000000000000000: ???
==78260==    by 0x6A733D7: ???
==78260==    by 0x4: ???
==78260==    by 0x12: ???
==78260==    by 0x6A7751F: ???
==78260==    by 0x8000000000000000: ???
==78260==    by 0x4: ???
==78260==    by 0x18D: ???
==78260== 
==78260== 3 bytes in 1 blocks are definitely lost in loss record 214 of 604
==78260==    at 0x484D953: calloc (in /usr/libexec/valgrind/vgpreload_memcheck-amd64-linux.so)
==78260==    by 0x723DE9: __mn_alloc (in /mnt/c/Users/Juan/Documents/GitHub/Mapanare/mapanare/self/mnc-stage1)
==78260==    by 0x7249CE: __mn_str_concat (in /mnt/c/Users/Juan/Documents/GitHub/Mapanare/mapanare/self/mnc-stage1)
==78260==    by 0x41FA94: lexer__scan_ident (in /mnt/c/Users/Juan/Documents/GitHub/Mapanare/mapanare/self/mnc-stage1)
==78260==    by 0x6A8584F: ???
==78260==    by 0x8000000000000000: ???
==78260==    by 0x6A733D7: ???
==78260==    by 0xC: ???
==78260==    by 0x12: ???
==78260==    by 0x6A7751F: ???
==78260==    by 0x8000000000000000: ???
==78260==    by 0xC: ???
==78260==    by 0x195: ???
==78260== 
==78260== 3 bytes in 1 blocks are definitely lost in loss record 215 of 604
==78260==    at 0x484D953: calloc (in /usr/libexec/valgrind/vgpreload_memcheck-amd64-linux.so)
==78260==    by 0x723DE9: __mn_alloc (in /mnt/c/Users/Juan/Documents/GitHub/Mapanare/mapanare/self/mnc-stage1)
==78260==    by 0x7249CE: __mn_str_concat (in /mnt/c/Users/Juan/Documents/GitHub/Mapanare/mapanare/self/mnc-stage1)
==78260==    by 0x41FA94: lexer__scan_ident (in /mnt/c/Users/Juan/Documents/GitHub/Mapanare/mapanare/self/mnc-stage1)
==78260==    by 0x6A85CAF: ???
==78260==    by 0x8000000000000000: ???
==78260==    by 0x6A733D7: ???
==78260==    by 0x12: ???
==78260==    by 0x12: ???
==78260==    by 0x6A7751F: ???
==78260==    by 0x8000000000000000: ???
==78260==    by 0x12: ???
==78260==    by 0x19B: ???
==78260== 
==78260== 3 bytes in 1 blocks are definitely lost in loss record 216 of 604
==78260==    at 0x484D953: calloc (in /usr/libexec/valgrind/vgpreload_memcheck-amd64-linux.so)
==78260==    by 0x723DE9: __mn_alloc (in /mnt/c/Users/Juan/Documents/GitHub/Mapanare/mapanare/self/mnc-stage1)
==78260==    by 0x7249CE: __mn_str_concat (in /mnt/c/Users/Juan/Documents/GitHub/Mapanare/mapanare/self/mnc-stage1)
==78260==    by 0x41FA94: lexer__scan_ident (in /mnt/c/Users/Juan/Documents/GitHub/Mapanare/mapanare/self/mnc-stage1)
==78260==    by 0x6A8656F: ???
==78260==    by 0x8000000000000000: ???
==78260==    by 0x6A733D7: ???
==78260==    by 0x4: ???
==78260==    by 0x13: ???
==78260==    by 0x6A7751F: ???
==78260==    by 0x8000000000000000: ???
==78260==    by 0x4: ???
==78260==    by 0x1A9: ???
==78260== 
==78260== 3 bytes in 1 blocks are definitely lost in loss record 217 of 604
==78260==    at 0x484D953: calloc (in /usr/libexec/valgrind/vgpreload_memcheck-amd64-linux.so)
==78260==    by 0x723DE9: __mn_alloc (in /mnt/c/Users/Juan/Documents/GitHub/Mapanare/mapanare/self/mnc-stage1)
==78260==    by 0x7249CE: __mn_str_concat (in /mnt/c/Users/Juan/Documents/GitHub/Mapanare/mapanare/self/mnc-stage1)
==78260==    by 0x41FA94: lexer__scan_ident (in /mnt/c/Users/Juan/Documents/GitHub/Mapanare/mapanare/self/mnc-stage1)
==78260==    by 0x6A86BAF: ???
==78260==    by 0x8000000000000000: ???
==78260==    by 0x6A733D7: ???
==78260==    by 0xC: ???
==78260==    by 0x13: ???
==78260==    by 0x6A7751F: ???
==78260==    by 0x8000000000000000: ???
==78260==    by 0xC: ???
==78260==    by 0x1B1: ???
==78260== 
==78260== 3 bytes in 1 blocks are definitely lost in loss record 218 of 604
==78260==    at 0x484D953: calloc (in /usr/libexec/valgrind/vgpreload_memcheck-amd64-linux.so)
==78260==    by 0x723DE9: __mn_alloc (in /mnt/c/Users/Juan/Documents/GitHub/Mapanare/mapanare/self/mnc-stage1)
==78260==    by 0x7249CE: __mn_str_concat (in /mnt/c/Users/Juan/Documents/GitHub/Mapanare/mapanare/self/mnc-stage1)
==78260==    by 0x41FA94: lexer__scan_ident (in /mnt/c/Users/Juan/Documents/GitHub/Mapanare/mapanare/self/mnc-stage1)
==78260==    by 0x6A8700F: ???
==78260==    by 0x8000000000000000: ???
==78260==    by 0x6A733D7: ???
==78260==    by 0x12: ???
==78260==    by 0x13: ???
==78260==    by 0x6A7751F: ???
==78260==    by 0x8000000000000000: ???
==78260==    by 0x12: ???
==78260==    by 0x1B7: ???
==78260== 
==78260== 3 bytes in 1 blocks are definitely lost in loss record 219 of 604
==78260==    at 0x484D953: calloc (in /usr/libexec/valgrind/vgpreload_memcheck-amd64-linux.so)
==78260==    by 0x723DE9: __mn_alloc (in /mnt/c/Users/Juan/Documents/GitHub/Mapanare/mapanare/self/mnc-stage1)
==78260==    by 0x7249CE: __mn_str_concat (in /mnt/c/Users/Juan/Documents/GitHub/Mapanare/mapanare/self/mnc-stage1)
==78260==    by 0x41FA94: lexer__scan_ident (in /mnt/c/Users/Juan/Documents/GitHub/Mapanare/mapanare/self/mnc-stage1)
==78260==    by 0x6A878CF: ???
==78260==    by 0x8000000000000000: ???
==78260==    by 0x6A733D7: ???
==78260==    by 0x4: ???
==78260==    by 0x14: ???
==78260==    by 0x6A7751F: ???
==78260==    by 0x8000000000000000: ???
==78260==    by 0x4: ???
==78260==    by 0x1C5: ???
==78260== 
==78260== 3 bytes in 1 blocks are definitely lost in loss record 220 of 604
==78260==    at 0x484D953: calloc (in /usr/libexec/valgrind/vgpreload_memcheck-amd64-linux.so)
==78260==    by 0x723DE9: __mn_alloc (in /mnt/c/Users/Juan/Documents/GitHub/Mapanare/mapanare/self/mnc-stage1)
==78260==    by 0x7249CE: __mn_str_concat (in /mnt/c/Users/Juan/Documents/GitHub/Mapanare/mapanare/self/mnc-stage1)
==78260==    by 0x41FA94: lexer__scan_ident (in /mnt/c/Users/Juan/Documents/GitHub/Mapanare/mapanare/self/mnc-stage1)
==78260==    by 0x6A87F0F: ???
==78260==    by 0x8000000000000000: ???
==78260==    by 0x6A733D7: ???
==78260==    by 0xC: ???
==78260==    by 0x14: ???
==78260==    by 0x6A7751F: ???
==78260==    by 0x8000000000000000: ???
==78260==    by 0xC: ???
==78260==    by 0x1CD: ???
==78260== 
==78260== 3 bytes in 1 blocks are definitely lost in loss record 221 of 604
==78260==    at 0x484D953: calloc (in /usr/libexec/valgrind/vgpreload_memcheck-amd64-linux.so)
==78260==    by 0x723DE9: __mn_alloc (in /mnt/c/Users/Juan/Documents/GitHub/Mapanare/mapanare/self/mnc-stage1)
==78260==    by 0x7249CE: __mn_str_concat (in /mnt/c/Users/Juan/Documents/GitHub/Mapanare/mapanare/self/mnc-stage1)
==78260==    by 0x41FA94: lexer__scan_ident (in /mnt/c/Users/Juan/Documents/GitHub/Mapanare/mapanare/self/mnc-stage1)
==78260==    by 0x6A8836F: ???
==78260==    by 0x8000000000000000: ???
==78260==    by 0x6A733D7: ???
==78260==    by 0x12: ???
==78260==    by 0x14: ???
==78260==    by 0x6A7751F: ???
==78260==    by 0x8000000000000000: ???
==78260==    by 0x12: ???
==78260==    by 0x1D3: ???
==78260== 
==78260== 3 bytes in 1 blocks are definitely lost in loss record 222 of 604
==78260==    at 0x484D953: calloc (in /usr/libexec/valgrind/vgpreload_memcheck-amd64-linux.so)
==78260==    by 0x723DE9: __mn_alloc (in /mnt/c/Users/Juan/Documents/GitHub/Mapanare/mapanare/self/mnc-stage1)
==78260==    by 0x7249CE: __mn_str_concat (in /mnt/c/Users/Juan/Documents/GitHub/Mapanare/mapanare/self/mnc-stage1)
==78260==    by 0x41FA94: lexer__scan_ident (in /mnt/c/Users/Juan/Documents/GitHub/Mapanare/mapanare/self/mnc-stage1)
==78260==    by 0x6A88C2F: ???
==78260==    by 0x8000000000000000: ???
==78260==    by 0x6A733D7: ???
==78260==    by 0x4: ???
==78260==    by 0x15: ???
==78260==    by 0x6A7751F: ???
==78260==    by 0x8000000000000000: ???
==78260==    by 0x4: ???
==78260==    by 0x1E1: ???
==78260== 
==78260== 3 bytes in 1 blocks are definitely lost in loss record 223 of 604
==78260==    at 0x484D953: calloc (in /usr/libexec/valgrind/vgpreload_memcheck-amd64-linux.so)
==78260==    by 0x723DE9: __mn_alloc (in /mnt/c/Users/Juan/Documents/GitHub/Mapanare/mapanare/self/mnc-stage1)
==78260==    by 0x7249CE: __mn_str_concat (in /mnt/c/Users/Juan/Documents/GitHub/Mapanare/mapanare/self/mnc-stage1)
==78260==    by 0x41FA94: lexer__scan_ident (in /mnt/c/Users/Juan/Documents/GitHub/Mapanare/mapanare/self/mnc-stage1)
==78260==    by 0x6A8BDAF: ???
==78260==    by 0x8000000000000000: ???
==78260==    by 0x6A733D7: ???
==78260==    by 0x3: ???
==78260==    by 0x18: ???
==78260==    by 0x6A7751F: ???
==78260==    by 0x8000000000000000: ???
==78260==    by 0x3: ???
==78260==    by 0x1F8: ???
==78260== 
==78260== 3 bytes in 1 blocks are definitely lost in loss record 224 of 604
==78260==    at 0x484D953: calloc (in /usr/libexec/valgrind/vgpreload_memcheck-amd64-linux.so)
==78260==    by 0x723DE9: __mn_alloc (in /mnt/c/Users/Juan/Documents/GitHub/Mapanare/mapanare/self/mnc-stage1)
==78260==    by 0x7249CE: __mn_str_concat (in /mnt/c/Users/Juan/Documents/GitHub/Mapanare/mapanare/self/mnc-stage1)
==78260==    by 0x41FA94: lexer__scan_ident (in /mnt/c/Users/Juan/Documents/GitHub/Mapanare/mapanare/self/mnc-stage1)
==78260==    by 0x6A8C5CF: ???
==78260==    by 0x8000000000000000: ???
==78260==    by 0x6A733D7: ???
==78260==    by 0x4: ???
==78260==    by 0x19: ???
==78260==    by 0x6A7751F: ???
==78260==    by 0x8000000000000000: ???
==78260==    by 0x4: ???
==78260==    by 0x205: ???
==78260== 
==78260== 3 bytes in 1 blocks are definitely lost in loss record 225 of 604
==78260==    at 0x484D953: calloc (in /usr/libexec/valgrind/vgpreload_memcheck-amd64-linux.so)
==78260==    by 0x723DE9: __mn_alloc (in /mnt/c/Users/Juan/Documents/GitHub/Mapanare/mapanare/self/mnc-stage1)
==78260==    by 0x7249CE: __mn_str_concat (in /mnt/c/Users/Juan/Documents/GitHub/Mapanare/mapanare/self/mnc-stage1)
==78260==    by 0x41FA94: lexer__scan_ident (in /mnt/c/Users/Juan/Documents/GitHub/Mapanare/mapanare/self/mnc-stage1)
==78260==    by 0x6A8C8EF: ???
==78260==    by 0x8000000000000000: ???
==78260==    by 0x6A733D7: ???
==78260==    by 0x8: ???
==78260==    by 0x19: ???
==78260==    by 0x6A7751F: ???
==78260==    by 0x8000000000000000: ???
==78260==    by 0x8: ???
==78260==    by 0x209: ???
==78260== 
==78260== 3 bytes in 1 blocks are definitely lost in loss record 226 of 604
==78260==    at 0x484D953: calloc (in /usr/libexec/valgrind/vgpreload_memcheck-amd64-linux.so)
==78260==    by 0x723DE9: __mn_alloc (in /mnt/c/Users/Juan/Documents/GitHub/Mapanare/mapanare/self/mnc-stage1)
==78260==    by 0x7249CE: __mn_str_concat (in /mnt/c/Users/Juan/Documents/GitHub/Mapanare/mapanare/self/mnc-stage1)
==78260==    by 0x41FA94: lexer__scan_ident (in /mnt/c/Users/Juan/Documents/GitHub/Mapanare/mapanare/self/mnc-stage1)
==78260==    by 0x6A8CE8F: ???
==78260==    by 0x8000000000000000: ???
==78260==    by 0x6A733D7: ???
==78260==    by 0x10: ???
==78260==    by 0x19: ???
==78260==    by 0x6A7751F: ???
==78260==    by 0x8000000000000000: ???
==78260==    by 0x10: ???
==78260==    by 0x211: ???
==78260== 
==78260== 3 bytes in 1 blocks are definitely lost in loss record 227 of 604
==78260==    at 0x484D953: calloc (in /usr/libexec/valgrind/vgpreload_memcheck-amd64-linux.so)
==78260==    by 0x723DE9: __mn_alloc (in /mnt/c/Users/Juan/Documents/GitHub/Mapanare/mapanare/self/mnc-stage1)
==78260==    by 0x7249CE: __mn_str_concat (in /mnt/c/Users/Juan/Documents/GitHub/Mapanare/mapanare/self/mnc-stage1)
==78260==    by 0x41FA94: lexer__scan_ident (in /mnt/c/Users/Juan/Documents/GitHub/Mapanare/mapanare/self/mnc-stage1)
==78260==    by 0x6A8D56F: ???
==78260==    by 0x8000000000000000: ???
==78260==    by 0x6A733D7: ???
==78260==    by 0x19: ???
==78260==    by 0x19: ???
==78260==    by 0x6A7751F: ???
==78260==    by 0x8000000000000000: ???
==78260==    by 0x19: ???
==78260==    by 0x21A: ???
==78260== 
==78260== 3 bytes in 1 blocks are definitely lost in loss record 228 of 604
==78260==    at 0x484D953: calloc (in /usr/libexec/valgrind/vgpreload_memcheck-amd64-linux.so)
==78260==    by 0x723DE9: __mn_alloc (in /mnt/c/Users/Juan/Documents/GitHub/Mapanare/mapanare/self/mnc-stage1)
==78260==    by 0x7249CE: __mn_str_concat (in /mnt/c/Users/Juan/Documents/GitHub/Mapanare/mapanare/self/mnc-stage1)
==78260==    by 0x41FA94: lexer__scan_ident (in /mnt/c/Users/Juan/Documents/GitHub/Mapanare/mapanare/self/mnc-stage1)
==78260==    by 0x6A8DE7F: ???
==78260==    by 0x8000000000000000: ???
==78260==    by 0x6A733D7: ???
==78260==    by 0x4: ???
==78260==    by 0x1A: ???
==78260==    by 0x6A7751F: ???
==78260==    by 0x8000000000000000: ???
==78260==    by 0x4: ???
==78260==    by 0x228: ???
==78260== 
==78260== 3 bytes in 1 blocks are definitely lost in loss record 229 of 604
==78260==    at 0x484D953: calloc (in /usr/libexec/valgrind/vgpreload_memcheck-amd64-linux.so)
==78260==    by 0x723DE9: __mn_alloc (in /mnt/c/Users/Juan/Documents/GitHub/Mapanare/mapanare/self/mnc-stage1)
==78260==    by 0x7249CE: __mn_str_concat (in /mnt/c/Users/Juan/Documents/GitHub/Mapanare/mapanare/self/mnc-stage1)
==78260==    by 0x41FA94: lexer__scan_ident (in /mnt/c/Users/Juan/Documents/GitHub/Mapanare/mapanare/self/mnc-stage1)
==78260==    by 0x6A8E37F: ???
==78260==    by 0x8000000000000000: ???
==78260==    by 0x6A733D7: ???
==78260==    by 0xA: ???
==78260==    by 0x1A: ???
==78260==    by 0x6A7751F: ???
==78260==    by 0x8000000000000000: ???
==78260==    by 0xA: ???
==78260==    by 0x22E: ???
==78260== 
==78260== 3 bytes in 1 blocks are definitely lost in loss record 230 of 604
==78260==    at 0x484D953: calloc (in /usr/libexec/valgrind/vgpreload_memcheck-amd64-linux.so)
==78260==    by 0x723DE9: __mn_alloc (in /mnt/c/Users/Juan/Documents/GitHub/Mapanare/mapanare/self/mnc-stage1)
==78260==    by 0x7249CE: __mn_str_concat (in /mnt/c/Users/Juan/Documents/GitHub/Mapanare/mapanare/self/mnc-stage1)
==78260==    by 0x41FA94: lexer__scan_ident (in /mnt/c/Users/Juan/Documents/GitHub/Mapanare/mapanare/self/mnc-stage1)
==78260==    by 0x6A8E73F: ???
==78260==    by 0x8000000000000000: ???
==78260==    by 0x6A733D7: ???
==78260==    by 0xE: ???
==78260==    by 0x1A: ???
==78260==    by 0x6A7751F: ???
==78260==    by 0x8000000000000000: ???
==78260==    by 0xE: ???
==78260==    by 0x232: ???
==78260== 
==78260== 4 bytes in 1 blocks are indirectly lost in loss record 231 of 604
==78260==    at 0x484D953: calloc (in /usr/libexec/valgrind/vgpreload_memcheck-amd64-linux.so)
==78260==    by 0x723DE9: __mn_alloc (in /mnt/c/Users/Juan/Documents/GitHub/Mapanare/mapanare/self/mnc-stage1)
==78260==    by 0x7249CE: __mn_str_concat (in /mnt/c/Users/Juan/Documents/GitHub/Mapanare/mapanare/self/mnc-stage1)
==78260==    by 0x41FA94: lexer__scan_ident (in /mnt/c/Users/Juan/Documents/GitHub/Mapanare/mapanare/self/mnc-stage1)
==78260==    by 0x6A7D4DF: ???
==78260==    by 0x8000000000000001: ???
==78260==    by 0x6A733D7: ???
==78260==    by 0x16: ???
==78260==    by 0x5: ???
==78260==    by 0x6A7751F: ???
==78260==    by 0x8000000000000000: ???
==78260==    by 0x16: ???
==78260==    by 0xFD: ???
==78260== 
==78260== 4 bytes in 1 blocks are indirectly lost in loss record 232 of 604
==78260==    at 0x484D953: calloc (in /usr/libexec/valgrind/vgpreload_memcheck-amd64-linux.so)
==78260==    by 0x723DE9: __mn_alloc (in /mnt/c/Users/Juan/Documents/GitHub/Mapanare/mapanare/self/mnc-stage1)
==78260==    by 0x7249CE: __mn_str_concat (in /mnt/c/Users/Juan/Documents/GitHub/Mapanare/mapanare/self/mnc-stage1)
==78260==    by 0x41FA94: lexer__scan_ident (in /mnt/c/Users/Juan/Documents/GitHub/Mapanare/mapanare/self/mnc-stage1)
==78260==    by 0x6A8001F: ???
==78260==    by 0x8000000000000001: ???
==78260==    by 0x6A733D7: ???
==78260==    by 0x16: ???
==78260==    by 0x9: ???
==78260==    by 0x6A7751F: ???
==78260==    by 0x8000000000000000: ???
==78260==    by 0x16: ???
==78260==    by 0x12A: ???
==78260== 
==78260== 4 bytes in 1 blocks are indirectly lost in loss record 233 of 604
==78260==    at 0x484D953: calloc (in /usr/libexec/valgrind/vgpreload_memcheck-amd64-linux.so)
==78260==    by 0x723DE9: __mn_alloc (in /mnt/c/Users/Juan/Documents/GitHub/Mapanare/mapanare/self/mnc-stage1)
==78260==    by 0x7249CE: __mn_str_concat (in /mnt/c/Users/Juan/Documents/GitHub/Mapanare/mapanare/self/mnc-stage1)
==78260==    by 0x41FA94: lexer__scan_ident (in /mnt/c/Users/Juan/Documents/GitHub/Mapanare/mapanare/self/mnc-stage1)
==78260==    by 0x6A81EBF: ???
==78260==    by 0x8000000000000001: ???
==78260==    by 0x6A733D7: ???
==78260==    by 0x16: ???
==78260==    by 0xD: ???
==78260==    by 0x6A7751F: ???
==78260==    by 0x8000000000000000: ???
==78260==    by 0x16: ???
==78260==    by 0x157: ???
==78260== 
==78260== 4 bytes in 1 blocks are indirectly lost in loss record 234 of 604
==78260==    at 0x484D953: calloc (in /usr/libexec/valgrind/vgpreload_memcheck-amd64-linux.so)
==78260==    by 0x723DE9: __mn_alloc (in /mnt/c/Users/Juan/Documents/GitHub/Mapanare/mapanare/self/mnc-stage1)
==78260==    by 0x7249CE: __mn_str_concat (in /mnt/c/Users/Juan/Documents/GitHub/Mapanare/mapanare/self/mnc-stage1)
==78260==    by 0x41FA94: lexer__scan_ident (in /mnt/c/Users/Juan/Documents/GitHub/Mapanare/mapanare/self/mnc-stage1)
==78260==    by 0x6A84D0F: ???
==78260==    by 0x8000000000000001: ???
==78260==    by 0x6A733D7: ???
==78260==    by 0x15: ???
==78260==    by 0x11: ???
==78260==    by 0x6A7751F: ???
==78260==    by 0x8000000000000000: ???
==78260==    by 0x15: ???
==78260==    by 0x183: ???
==78260== 
==78260== 4 bytes in 1 blocks are indirectly lost in loss record 235 of 604
==78260==    at 0x484D953: calloc (in /usr/libexec/valgrind/vgpreload_memcheck-amd64-linux.so)
==78260==    by 0x723DE9: __mn_alloc (in /mnt/c/Users/Juan/Documents/GitHub/Mapanare/mapanare/self/mnc-stage1)
==78260==    by 0x7249CE: __mn_str_concat (in /mnt/c/Users/Juan/Documents/GitHub/Mapanare/mapanare/self/mnc-stage1)
==78260==    by 0x41FA94: lexer__scan_ident (in /mnt/c/Users/Juan/Documents/GitHub/Mapanare/mapanare/self/mnc-stage1)
==78260==    by 0x6A852AF: ???
==78260==    by 0x8000000000000001: ???
==78260==    by 0x6A733D7: ???
==78260==    by 0x4: ???
==78260==    by 0x12: ???
==78260==    by 0x6A7751F: ???
==78260==    by 0x8000000000000000: ???
==78260==    by 0x4: ???
==78260==    by 0x18D: ???
==78260== 
==78260== 4 bytes in 1 blocks are indirectly lost in loss record 236 of 604
==78260==    at 0x484D953: calloc (in /usr/libexec/valgrind/vgpreload_memcheck-amd64-linux.so)
==78260==    by 0x723DE9: __mn_alloc (in /mnt/c/Users/Juan/Documents/GitHub/Mapanare/mapanare/self/mnc-stage1)
==78260==    by 0x7249CE: __mn_str_concat (in /mnt/c/Users/Juan/Documents/GitHub/Mapanare/mapanare/self/mnc-stage1)
==78260==    by 0x41FA94: lexer__scan_ident (in /mnt/c/Users/Juan/Documents/GitHub/Mapanare/mapanare/self/mnc-stage1)
==78260==    by 0x6A8660F: ???
==78260==    by 0x8000000000000001: ???
==78260==    by 0x6A733D7: ???
==78260==    by 0x4: ???
==78260==    by 0x13: ???
==78260==    by 0x6A7751F: ???
==78260==    by 0x8000000000000000: ???
==78260==    by 0x4: ???
==78260==    by 0x1A9: ???
==78260== 
==78260== 4 bytes in 1 blocks are indirectly lost in loss record 237 of 604
==78260==    at 0x484D953: calloc (in /usr/libexec/valgrind/vgpreload_memcheck-amd64-linux.so)
==78260==    by 0x723DE9: __mn_alloc (in /mnt/c/Users/Juan/Documents/GitHub/Mapanare/mapanare/self/mnc-stage1)
==78260==    by 0x7249CE: __mn_str_concat (in /mnt/c/Users/Juan/Documents/GitHub/Mapanare/mapanare/self/mnc-stage1)
==78260==    by 0x41FA94: lexer__scan_ident (in /mnt/c/Users/Juan/Documents/GitHub/Mapanare/mapanare/self/mnc-stage1)
==78260==    by 0x6A8796F: ???
==78260==    by 0x8000000000000001: ???
==78260==    by 0x6A733D7: ???
==78260==    by 0x4: ???
==78260==    by 0x14: ???
==78260==    by 0x6A7751F: ???
==78260==    by 0x8000000000000000: ???
==78260==    by 0x4: ???
==78260==    by 0x1C5: ???
==78260== 
==78260== 4 bytes in 1 blocks are indirectly lost in loss record 238 of 604
==78260==    at 0x484D953: calloc (in /usr/libexec/valgrind/vgpreload_memcheck-amd64-linux.so)
==78260==    by 0x723DE9: __mn_alloc (in /mnt/c/Users/Juan/Documents/GitHub/Mapanare/mapanare/self/mnc-stage1)
==78260==    by 0x7249CE: __mn_str_concat (in /mnt/c/Users/Juan/Documents/GitHub/Mapanare/mapanare/self/mnc-stage1)
==78260==    by 0x41FA94: lexer__scan_ident (in /mnt/c/Users/Juan/Documents/GitHub/Mapanare/mapanare/self/mnc-stage1)
==78260==    by 0x6A8C66F: ???
==78260==    by 0x8000000000000001: ???
==78260==    by 0x6A733D7: ???
==78260==    by 0x4: ???
==78260==    by 0x19: ???
==78260==    by 0x6A7751F: ???
==78260==    by 0x8000000000000000: ???
==78260==    by 0x4: ???
==78260==    by 0x205: ???
==78260== 
==78260== 4 bytes in 1 blocks are indirectly lost in loss record 239 of 604
==78260==    at 0x484D953: calloc (in /usr/libexec/valgrind/vgpreload_memcheck-amd64-linux.so)
==78260==    by 0x723DE9: __mn_alloc (in /mnt/c/Users/Juan/Documents/GitHub/Mapanare/mapanare/self/mnc-stage1)
==78260==    by 0x7249CE: __mn_str_concat (in /mnt/c/Users/Juan/Documents/GitHub/Mapanare/mapanare/self/mnc-stage1)
==78260==    by 0x41FA94: lexer__scan_ident (in /mnt/c/Users/Juan/Documents/GitHub/Mapanare/mapanare/self/mnc-stage1)
==78260==    by 0x6A8E41F: ???
==78260==    by 0x8000000000000001: ???
==78260==    by 0x6A733D7: ???
==78260==    by 0xA: ???
==78260==    by 0x1A: ???
==78260==    by 0x6A7751F: ???
==78260==    by 0x8000000000000000: ???
==78260==    by 0xA: ???
==78260==    by 0x22E: ???
==78260== 
==78260== 4 bytes in 1 blocks are definitely lost in loss record 240 of 604
==78260==    at 0x484D953: calloc (in /usr/libexec/valgrind/vgpreload_memcheck-amd64-linux.so)
==78260==    by 0x723DE9: __mn_alloc (in /mnt/c/Users/Juan/Documents/GitHub/Mapanare/mapanare/self/mnc-stage1)
==78260==    by 0x7249CE: __mn_str_concat (in /mnt/c/Users/Juan/Documents/GitHub/Mapanare/mapanare/self/mnc-stage1)
==78260==    by 0x41FA94: lexer__scan_ident (in /mnt/c/Users/Juan/Documents/GitHub/Mapanare/mapanare/self/mnc-stage1)
==78260==    by 0x6A7C2EF: ???
==78260==    by 0x8000000000000001: ???
==78260==    by 0x6A733D7: ???
==78260== 
==78260== 4 bytes in 1 blocks are definitely lost in loss record 241 of 604
==78260==    at 0x484D953: calloc (in /usr/libexec/valgrind/vgpreload_memcheck-amd64-linux.so)
==78260==    by 0x723DE9: __mn_alloc (in /mnt/c/Users/Juan/Documents/GitHub/Mapanare/mapanare/self/mnc-stage1)
==78260==    by 0x7249CE: __mn_str_concat (in /mnt/c/Users/Juan/Documents/GitHub/Mapanare/mapanare/self/mnc-stage1)
==78260==    by 0x41FA94: lexer__scan_ident (in /mnt/c/Users/Juan/Documents/GitHub/Mapanare/mapanare/self/mnc-stage1)
==78260==    by 0x6A7CC1F: ???
==78260==    by 0x8000000000000001: ???
==78260==    by 0x6A733D7: ???
==78260==    by 0x9: ???
==78260==    by 0x5: ???
==78260==    by 0x6A7751F: ???
==78260==    by 0x8000000000000000: ???
==78260==    by 0x9: ???
==78260==    by 0xF0: ???
==78260== 
==78260== 4 bytes in 1 blocks are definitely lost in loss record 242 of 604
==78260==    at 0x484D953: calloc (in /usr/libexec/valgrind/vgpreload_memcheck-amd64-linux.so)
==78260==    by 0x723DE9: __mn_alloc (in /mnt/c/Users/Juan/Documents/GitHub/Mapanare/mapanare/self/mnc-stage1)
==78260==    by 0x7249CE: __mn_str_concat (in /mnt/c/Users/Juan/Documents/GitHub/Mapanare/mapanare/self/mnc-stage1)
==78260==    by 0x41FA94: lexer__scan_ident (in /mnt/c/Users/Juan/Documents/GitHub/Mapanare/mapanare/self/mnc-stage1)
==78260==    by 0x6A7DA7F: ???
==78260==    by 0x8000000000000001: ???
==78260==    by 0x6A733D7: ???
==78260==    by 0x4: ???
==78260==    by 0x6: ???
==78260==    by 0x6A7751F: ???
==78260==    by 0x8000000000000000: ???
==78260==    by 0x4: ???
==78260==    by 0x107: ???
==78260== 
==78260== 4 bytes in 1 blocks are definitely lost in loss record 243 of 604
==78260==    at 0x484D953: calloc (in /usr/libexec/valgrind/vgpreload_memcheck-amd64-linux.so)
==78260==    by 0x723DE9: __mn_alloc (in /mnt/c/Users/Juan/Documents/GitHub/Mapanare/mapanare/self/mnc-stage1)
==78260==    by 0x7249CE: __mn_str_concat (in /mnt/c/Users/Juan/Documents/GitHub/Mapanare/mapanare/self/mnc-stage1)
==78260==    by 0x41FA94: lexer__scan_ident (in /mnt/c/Users/Juan/Documents/GitHub/Mapanare/mapanare/self/mnc-stage1)
==78260==    by 0x6A7E82F: ???
==78260==    by 0x8000000000000001: ???
==78260==    by 0x6A733D7: ???
==78260== 
==78260== 4 bytes in 1 blocks are definitely lost in loss record 244 of 604
==78260==    at 0x484D953: calloc (in /usr/libexec/valgrind/vgpreload_memcheck-amd64-linux.so)
==78260==    by 0x723DE9: __mn_alloc (in /mnt/c/Users/Juan/Documents/GitHub/Mapanare/mapanare/self/mnc-stage1)
==78260==    by 0x7249CE: __mn_str_concat (in /mnt/c/Users/Juan/Documents/GitHub/Mapanare/mapanare/self/mnc-stage1)
==78260==    by 0x41FA94: lexer__scan_ident (in /mnt/c/Users/Juan/Documents/GitHub/Mapanare/mapanare/self/mnc-stage1)
==78260==    by 0x6A7EF0F: ???
==78260==    by 0x8000000000000001: ???
==78260==    by 0x6A733D7: ???
==78260==    by 0x9: ???
==78260==    by 0x9: ???
==78260==    by 0x6A7751F: ???
==78260==    by 0x8000000000000000: ???
==78260==    by 0x9: ???
==78260==    by 0x11D: ???
==78260== 
==78260== 4 bytes in 1 blocks are definitely lost in loss record 245 of 604
==78260==    at 0x484D953: calloc (in /usr/libexec/valgrind/vgpreload_memcheck-amd64-linux.so)
==78260==    by 0x723DE9: __mn_alloc (in /mnt/c/Users/Juan/Documents/GitHub/Mapanare/mapanare/self/mnc-stage1)
==78260==    by 0x7249CE: __mn_str_concat (in /mnt/c/Users/Juan/Documents/GitHub/Mapanare/mapanare/self/mnc-stage1)
==78260==    by 0x41FA94: lexer__scan_ident (in /mnt/c/Users/Juan/Documents/GitHub/Mapanare/mapanare/self/mnc-stage1)
==78260==    by 0x6A805BF: ???
==78260==    by 0x8000000000000001: ???
==78260==    by 0x6A733D7: ???
==78260==    by 0x4: ???
==78260==    by 0xA: ???
==78260==    by 0x6A7751F: ???
==78260==    by 0x8000000000000000: ???
==78260==    by 0x4: ???
==78260==    by 0x134: ???
==78260== 
==78260== 4 bytes in 1 blocks are definitely lost in loss record 246 of 604
==78260==    at 0x484D953: calloc (in /usr/libexec/valgrind/vgpreload_memcheck-amd64-linux.so)
==78260==    by 0x723DE9: __mn_alloc (in /mnt/c/Users/Juan/Documents/GitHub/Mapanare/mapanare/self/mnc-stage1)
==78260==    by 0x7249CE: __mn_str_concat (in /mnt/c/Users/Juan/Documents/GitHub/Mapanare/mapanare/self/mnc-stage1)
==78260==    by 0x41FA94: lexer__scan_ident (in /mnt/c/Users/Juan/Documents/GitHub/Mapanare/mapanare/self/mnc-stage1)
==78260==    by 0x6A80F1F: ???
==78260==    by 0x8000000000000001: ???
==78260==    by 0x6A733D7: ???
==78260== 
==78260== 4 bytes in 1 blocks are definitely lost in loss record 247 of 604
==78260==    at 0x484D953: calloc (in /usr/libexec/valgrind/vgpreload_memcheck-amd64-linux.so)
==78260==    by 0x723DE9: __mn_alloc (in /mnt/c/Users/Juan/Documents/GitHub/Mapanare/mapanare/self/mnc-stage1)
==78260==    by 0x7249CE: __mn_str_concat (in /mnt/c/Users/Juan/Documents/GitHub/Mapanare/mapanare/self/mnc-stage1)
==78260==    by 0x41FA94: lexer__scan_ident (in /mnt/c/Users/Juan/Documents/GitHub/Mapanare/mapanare/self/mnc-stage1)
==78260==    by 0x6A815FF: ???
==78260==    by 0x8000000000000001: ???
==78260==    by 0x6A733D7: ???
==78260==    by 0x9: ???
==78260==    by 0xD: ???
==78260==    by 0x6A7751F: ???
==78260==    by 0x8000000000000000: ???
==78260==    by 0x9: ???
==78260==    by 0x14A: ???
==78260== 
==78260== 4 bytes in 1 blocks are definitely lost in loss record 248 of 604
==78260==    at 0x484D953: calloc (in /usr/libexec/valgrind/vgpreload_memcheck-amd64-linux.so)
==78260==    by 0x723DE9: __mn_alloc (in /mnt/c/Users/Juan/Documents/GitHub/Mapanare/mapanare/self/mnc-stage1)
==78260==    by 0x7249CE: __mn_str_concat (in /mnt/c/Users/Juan/Documents/GitHub/Mapanare/mapanare/self/mnc-stage1)
==78260==    by 0x41FA94: lexer__scan_ident (in /mnt/c/Users/Juan/Documents/GitHub/Mapanare/mapanare/self/mnc-stage1)
==78260==    by 0x6A8245F: ???
==78260==    by 0x8000000000000001: ???
==78260==    by 0x6A733D7: ???
==78260==    by 0x4: ???
==78260==    by 0xE: ???
==78260==    by 0x6A7751F: ???
==78260==    by 0x8000000000000000: ???
==78260==    by 0x4: ???
==78260==    by 0x161: ???
==78260== 
==78260== 4 bytes in 1 blocks are definitely lost in loss record 249 of 604
==78260==    at 0x484D953: calloc (in /usr/libexec/valgrind/vgpreload_memcheck-amd64-linux.so)
==78260==    by 0x723DE9: __mn_alloc (in /mnt/c/Users/Juan/Documents/GitHub/Mapanare/mapanare/self/mnc-stage1)
==78260==    by 0x7249CE: __mn_str_concat (in /mnt/c/Users/Juan/Documents/GitHub/Mapanare/mapanare/self/mnc-stage1)
==78260==    by 0x41FA94: lexer__scan_ident (in /mnt/c/Users/Juan/Documents/GitHub/Mapanare/mapanare/self/mnc-stage1)
==78260==    by 0x6A83E0F: ???
==78260==    by 0x8000000000000001: ???
==78260==    by 0x6A733D7: ???
==78260== 
==78260== 4 bytes in 1 blocks are definitely lost in loss record 250 of 604
==78260==    at 0x484D953: calloc (in /usr/libexec/valgrind/vgpreload_memcheck-amd64-linux.so)
==78260==    by 0x723DE9: __mn_alloc (in /mnt/c/Users/Juan/Documents/GitHub/Mapanare/mapanare/self/mnc-stage1)
==78260==    by 0x7249CE: __mn_str_concat (in /mnt/c/Users/Juan/Documents/GitHub/Mapanare/mapanare/self/mnc-stage1)
==78260==    by 0x41FA94: lexer__scan_ident (in /mnt/c/Users/Juan/Documents/GitHub/Mapanare/mapanare/self/mnc-stage1)
==78260==    by 0x6A844EF: ???
==78260==    by 0x8000000000000001: ???
==78260==    by 0x6A733D7: ???
==78260==    by 0x9: ???
==78260==    by 0x11: ???
==78260==    by 0x6A7751F: ???
==78260==    by 0x8000000000000000: ???
==78260==    by 0x9: ???
==78260==    by 0x177: ???
==78260== 
==78260== 4 bytes in 1 blocks are definitely lost in loss record 251 of 604
==78260==    at 0x484D953: calloc (in /usr/libexec/valgrind/vgpreload_memcheck-amd64-linux.so)
==78260==    by 0x723DE9: __mn_alloc (in /mnt/c/Users/Juan/Documents/GitHub/Mapanare/mapanare/self/mnc-stage1)
==78260==    by 0x7249CE: __mn_str_concat (in /mnt/c/Users/Juan/Documents/GitHub/Mapanare/mapanare/self/mnc-stage1)
==78260==    by 0x41FA94: lexer__scan_ident (in /mnt/c/Users/Juan/Documents/GitHub/Mapanare/mapanare/self/mnc-stage1)
==78260==    by 0x6A858EF: ???
==78260==    by 0x8000000000000001: ???
==78260==    by 0x6A733D7: ???
==78260==    by 0xC: ???
==78260==    by 0x12: ???
==78260==    by 0x6A7751F: ???
==78260==    by 0x8000000000000000: ???
==78260==    by 0xC: ???
==78260==    by 0x195: ???
==78260== 
==78260== 4 bytes in 1 blocks are definitely lost in loss record 252 of 604
==78260==    at 0x484D953: calloc (in /usr/libexec/valgrind/vgpreload_memcheck-amd64-linux.so)
==78260==    by 0x723DE9: __mn_alloc (in /mnt/c/Users/Juan/Documents/GitHub/Mapanare/mapanare/self/mnc-stage1)
==78260==    by 0x7249CE: __mn_str_concat (in /mnt/c/Users/Juan/Documents/GitHub/Mapanare/mapanare/self/mnc-stage1)
==78260==    by 0x41FA94: lexer__scan_ident (in /mnt/c/Users/Juan/Documents/GitHub/Mapanare/mapanare/self/mnc-stage1)
==78260==    by 0x6A85D4F: ???
==78260==    by 0x8000000000000001: ???
==78260==    by 0x6A733D7: ???
==78260==    by 0x12: ???
==78260==    by 0x12: ???
==78260==    by 0x6A7751F: ???
==78260==    by 0x8000000000000000: ???
==78260==    by 0x12: ???
==78260==    by 0x19B: ???
==78260== 
==78260== 4 bytes in 1 blocks are definitely lost in loss record 253 of 604
==78260==    at 0x484D953: calloc (in /usr/libexec/valgrind/vgpreload_memcheck-amd64-linux.so)
==78260==    by 0x723DE9: __mn_alloc (in /mnt/c/Users/Juan/Documents/GitHub/Mapanare/mapanare/self/mnc-stage1)
==78260==    by 0x7249CE: __mn_str_concat (in /mnt/c/Users/Juan/Documents/GitHub/Mapanare/mapanare/self/mnc-stage1)
==78260==    by 0x41FA94: lexer__scan_ident (in /mnt/c/Users/Juan/Documents/GitHub/Mapanare/mapanare/self/mnc-stage1)
==78260==    by 0x6A86C4F: ???
==78260==    by 0x8000000000000001: ???
==78260==    by 0x6A733D7: ???
==78260==    by 0xC: ???
==78260==    by 0x13: ???
==78260==    by 0x6A7751F: ???
==78260==    by 0x8000000000000000: ???
==78260==    by 0xC: ???
==78260==    by 0x1B1: ???
==78260== 
==78260== 4 bytes in 1 blocks are definitely lost in loss record 254 of 604
==78260==    at 0x484D953: calloc (in /usr/libexec/valgrind/vgpreload_memcheck-amd64-linux.so)
==78260==    by 0x723DE9: __mn_alloc (in /mnt/c/Users/Juan/Documents/GitHub/Mapanare/mapanare/self/mnc-stage1)
==78260==    by 0x7249CE: __mn_str_concat (in /mnt/c/Users/Juan/Documents/GitHub/Mapanare/mapanare/self/mnc-stage1)
==78260==    by 0x41FA94: lexer__scan_ident (in /mnt/c/Users/Juan/Documents/GitHub/Mapanare/mapanare/self/mnc-stage1)
==78260==    by 0x6A870AF: ???
==78260==    by 0x8000000000000001: ???
==78260==    by 0x6A733D7: ???
==78260==    by 0x12: ???
==78260==    by 0x13: ???
==78260==    by 0x6A7751F: ???
==78260==    by 0x8000000000000000: ???
==78260==    by 0x12: ???
==78260==    by 0x1B7: ???
==78260== 
==78260== 4 bytes in 1 blocks are definitely lost in loss record 255 of 604
==78260==    at 0x484D953: calloc (in /usr/libexec/valgrind/vgpreload_memcheck-amd64-linux.so)
==78260==    by 0x723DE9: __mn_alloc (in /mnt/c/Users/Juan/Documents/GitHub/Mapanare/mapanare/self/mnc-stage1)
==78260==    by 0x7249CE: __mn_str_concat (in /mnt/c/Users/Juan/Documents/GitHub/Mapanare/mapanare/self/mnc-stage1)
==78260==    by 0x41FA94: lexer__scan_ident (in /mnt/c/Users/Juan/Documents/GitHub/Mapanare/mapanare/self/mnc-stage1)
==78260==    by 0x6A87FAF: ???
==78260==    by 0x8000000000000001: ???
==78260==    by 0x6A733D7: ???
==78260==    by 0xC: ???
==78260==    by 0x14: ???
==78260==    by 0x6A7751F: ???
==78260==    by 0x8000000000000000: ???
==78260==    by 0xC: ???
==78260==    by 0x1CD: ???
==78260== 
==78260== 4 bytes in 1 blocks are definitely lost in loss record 256 of 604
==78260==    at 0x484D953: calloc (in /usr/libexec/valgrind/vgpreload_memcheck-amd64-linux.so)
==78260==    by 0x723DE9: __mn_alloc (in /mnt/c/Users/Juan/Documents/GitHub/Mapanare/mapanare/self/mnc-stage1)
==78260==    by 0x7249CE: __mn_str_concat (in /mnt/c/Users/Juan/Documents/GitHub/Mapanare/mapanare/self/mnc-stage1)
==78260==    by 0x41FA94: lexer__scan_ident (in /mnt/c/Users/Juan/Documents/GitHub/Mapanare/mapanare/self/mnc-stage1)
==78260==    by 0x6A8840F: ???
==78260==    by 0x8000000000000001: ???
==78260==    by 0x6A733D7: ???
==78260==    by 0x12: ???
==78260==    by 0x14: ???
==78260==    by 0x6A7751F: ???
==78260==    by 0x8000000000000000: ???
==78260==    by 0x12: ???
==78260==    by 0x1D3: ???
==78260== 
==78260== 4 bytes in 1 blocks are definitely lost in loss record 257 of 604
==78260==    at 0x484D953: calloc (in /usr/libexec/valgrind/vgpreload_memcheck-amd64-linux.so)
==78260==    by 0x723DE9: __mn_alloc (in /mnt/c/Users/Juan/Documents/GitHub/Mapanare/mapanare/self/mnc-stage1)
==78260==    by 0x7249CE: __mn_str_concat (in /mnt/c/Users/Juan/Documents/GitHub/Mapanare/mapanare/self/mnc-stage1)
==78260==    by 0x41FA94: lexer__scan_ident (in /mnt/c/Users/Juan/Documents/GitHub/Mapanare/mapanare/self/mnc-stage1)
==78260==    by 0x6A88CCF: ???
==78260==    by 0x8000000000000001: ???
==78260==    by 0x6A733D7: ???
==78260==    by 0x4: ???
==78260==    by 0x15: ???
==78260==    by 0x6A7751F: ???
==78260==    by 0x8000000000000000: ???
==78260==    by 0x4: ???
==78260==    by 0x1E1: ???
==78260== 
==78260== 4 bytes in 1 blocks are definitely lost in loss record 258 of 604
==78260==    at 0x484D953: calloc (in /usr/libexec/valgrind/vgpreload_memcheck-amd64-linux.so)
==78260==    by 0x723DE9: __mn_alloc (in /mnt/c/Users/Juan/Documents/GitHub/Mapanare/mapanare/self/mnc-stage1)
==78260==    by 0x7249CE: __mn_str_concat (in /mnt/c/Users/Juan/Documents/GitHub/Mapanare/mapanare/self/mnc-stage1)
==78260==    by 0x41FA94: lexer__scan_ident (in /mnt/c/Users/Juan/Documents/GitHub/Mapanare/mapanare/self/mnc-stage1)
==78260==    by 0x6A8BE4F: ???
==78260==    by 0x8000000000000001: ???
==78260==    by 0x6A733D7: ???
==78260==    by 0x3: ???
==78260==    by 0x18: ???
==78260==    by 0x6A7751F: ???
==78260==    by 0x8000000000000000: ???
==78260==    by 0x3: ???
==78260==    by 0x1F8: ???
==78260== 
==78260== 4 bytes in 1 blocks are definitely lost in loss record 259 of 604
==78260==    at 0x484D953: calloc (in /usr/libexec/valgrind/vgpreload_memcheck-amd64-linux.so)
==78260==    by 0x723DE9: __mn_alloc (in /mnt/c/Users/Juan/Documents/GitHub/Mapanare/mapanare/self/mnc-stage1)
==78260==    by 0x7249CE: __mn_str_concat (in /mnt/c/Users/Juan/Documents/GitHub/Mapanare/mapanare/self/mnc-stage1)
==78260==    by 0x41FA94: lexer__scan_ident (in /mnt/c/Users/Juan/Documents/GitHub/Mapanare/mapanare/self/mnc-stage1)
==78260==    by 0x6A8C98F: ???
==78260==    by 0x8000000000000001: ???
==78260==    by 0x6A733D7: ???
==78260==    by 0x8: ???
==78260==    by 0x19: ???
==78260==    by 0x6A7751F: ???
==78260==    by 0x8000000000000000: ???
==78260==    by 0x8: ???
==78260==    by 0x209: ???
==78260== 
==78260== 4 bytes in 1 blocks are definitely lost in loss record 260 of 604
==78260==    at 0x484D953: calloc (in /usr/libexec/valgrind/vgpreload_memcheck-amd64-linux.so)
==78260==    by 0x723DE9: __mn_alloc (in /mnt/c/Users/Juan/Documents/GitHub/Mapanare/mapanare/self/mnc-stage1)
==78260==    by 0x7249CE: __mn_str_concat (in /mnt/c/Users/Juan/Documents/GitHub/Mapanare/mapanare/self/mnc-stage1)
==78260==    by 0x41FA94: lexer__scan_ident (in /mnt/c/Users/Juan/Documents/GitHub/Mapanare/mapanare/self/mnc-stage1)
==78260==    by 0x6A8CF2F: ???
==78260==    by 0x8000000000000001: ???
==78260==    by 0x6A733D7: ???
==78260==    by 0x10: ???
==78260==    by 0x19: ???
==78260==    by 0x6A7751F: ???
==78260==    by 0x8000000000000000: ???
==78260==    by 0x10: ???
==78260==    by 0x211: ???
==78260== 
==78260== 4 bytes in 1 blocks are definitely lost in loss record 261 of 604
==78260==    at 0x484D953: calloc (in /usr/libexec/valgrind/vgpreload_memcheck-amd64-linux.so)
==78260==    by 0x723DE9: __mn_alloc (in /mnt/c/Users/Juan/Documents/GitHub/Mapanare/mapanare/self/mnc-stage1)
==78260==    by 0x7249CE: __mn_str_concat (in /mnt/c/Users/Juan/Documents/GitHub/Mapanare/mapanare/self/mnc-stage1)
==78260==    by 0x41FA94: lexer__scan_ident (in /mnt/c/Users/Juan/Documents/GitHub/Mapanare/mapanare/self/mnc-stage1)
==78260==    by 0x6A8D60F: ???
==78260==    by 0x8000000000000001: ???
==78260==    by 0x6A733D7: ???
==78260==    by 0x19: ???
==78260==    by 0x19: ???
==78260==    by 0x6A7751F: ???
==78260==    by 0x8000000000000000: ???
==78260==    by 0x19: ???
==78260==    by 0x21A: ???
==78260== 
==78260== 4 bytes in 1 blocks are definitely lost in loss record 262 of 604
==78260==    at 0x484D953: calloc (in /usr/libexec/valgrind/vgpreload_memcheck-amd64-linux.so)
==78260==    by 0x723DE9: __mn_alloc (in /mnt/c/Users/Juan/Documents/GitHub/Mapanare/mapanare/self/mnc-stage1)
==78260==    by 0x7249CE: __mn_str_concat (in /mnt/c/Users/Juan/Documents/GitHub/Mapanare/mapanare/self/mnc-stage1)
==78260==    by 0x41FA94: lexer__scan_ident (in /mnt/c/Users/Juan/Documents/GitHub/Mapanare/mapanare/self/mnc-stage1)
==78260==    by 0x6A8DF1F: ???
==78260==    by 0x8000000000000001: ???
==78260==    by 0x6A733D7: ???
==78260==    by 0x4: ???
==78260==    by 0x1A: ???
==78260==    by 0x6A7751F: ???
==78260==    by 0x8000000000000000: ???
==78260==    by 0x4: ???
==78260==    by 0x228: ???
==78260== 
==78260== 4 bytes in 1 blocks are definitely lost in loss record 263 of 604
==78260==    at 0x484D953: calloc (in /usr/libexec/valgrind/vgpreload_memcheck-amd64-linux.so)
==78260==    by 0x723DE9: __mn_alloc (in /mnt/c/Users/Juan/Documents/GitHub/Mapanare/mapanare/self/mnc-stage1)
==78260==    by 0x7249CE: __mn_str_concat (in /mnt/c/Users/Juan/Documents/GitHub/Mapanare/mapanare/self/mnc-stage1)
==78260==    by 0x41FA94: lexer__scan_ident (in /mnt/c/Users/Juan/Documents/GitHub/Mapanare/mapanare/self/mnc-stage1)
==78260==    by 0x6A8E7DF: ???
==78260==    by 0x8000000000000001: ???
==78260==    by 0x6A733D7: ???
==78260==    by 0xE: ???
==78260==    by 0x1A: ???
==78260==    by 0x6A7751F: ???
==78260==    by 0x8000000000000000: ???
==78260==    by 0xE: ???
==78260==    by 0x232: ???
==78260== 
==78260== 5 bytes in 1 blocks are indirectly lost in loss record 264 of 604
==78260==    at 0x484D953: calloc (in /usr/libexec/valgrind/vgpreload_memcheck-amd64-linux.so)
==78260==    by 0x723DE9: __mn_alloc (in /mnt/c/Users/Juan/Documents/GitHub/Mapanare/mapanare/self/mnc-stage1)
==78260==    by 0x7249CE: __mn_str_concat (in /mnt/c/Users/Juan/Documents/GitHub/Mapanare/mapanare/self/mnc-stage1)
==78260==    by 0x41FA94: lexer__scan_ident (in /mnt/c/Users/Juan/Documents/GitHub/Mapanare/mapanare/self/mnc-stage1)
==78260==    by 0x6A8BEEF: ???
==78260==    by 0x8000000000000002: ???
==78260==    by 0x6A733D7: ???
==78260==    by 0x3: ???
==78260==    by 0x18: ???
==78260==    by 0x6A7751F: ???
==78260==    by 0x8000000000000000: ???
==78260==    by 0x3: ???
==78260==    by 0x1F8: ???
==78260== 
==78260== 5 bytes in 1 blocks are definitely lost in loss record 265 of 604
==78260==    at 0x484D953: calloc (in /usr/libexec/valgrind/vgpreload_memcheck-amd64-linux.so)
==78260==    by 0x723DE9: __mn_alloc (in /mnt/c/Users/Juan/Documents/GitHub/Mapanare/mapanare/self/mnc-stage1)
==78260==    by 0x7249CE: __mn_str_concat (in /mnt/c/Users/Juan/Documents/GitHub/Mapanare/mapanare/self/mnc-stage1)
==78260==    by 0x41FA94: lexer__scan_ident (in /mnt/c/Users/Juan/Documents/GitHub/Mapanare/mapanare/self/mnc-stage1)
==78260==    by 0x6A7C38F: ???
==78260==    by 0x8000000000000002: ???
==78260==    by 0x6A733D7: ???
==78260== 
==78260== 5 bytes in 1 blocks are definitely lost in loss record 266 of 604
==78260==    at 0x484D953: calloc (in /usr/libexec/valgrind/vgpreload_memcheck-amd64-linux.so)
==78260==    by 0x723DE9: __mn_alloc (in /mnt/c/Users/Juan/Documents/GitHub/Mapanare/mapanare/self/mnc-stage1)
==78260==    by 0x7249CE: __mn_str_concat (in /mnt/c/Users/Juan/Documents/GitHub/Mapanare/mapanare/self/mnc-stage1)
==78260==    by 0x41FA94: lexer__scan_ident (in /mnt/c/Users/Juan/Documents/GitHub/Mapanare/mapanare/self/mnc-stage1)
==78260==    by 0x6A7CCBF: ???
==78260==    by 0x8000000000000002: ???
==78260==    by 0x6A733D7: ???
==78260==    by 0x9: ???
==78260==    by 0x5: ???
==78260==    by 0x6A7751F: ???
==78260==    by 0x8000000000000000: ???
==78260==    by 0x9: ???
==78260==    by 0xF0: ???
==78260== 
==78260== 5 bytes in 1 blocks are definitely lost in loss record 267 of 604
==78260==    at 0x484D953: calloc (in /usr/libexec/valgrind/vgpreload_memcheck-amd64-linux.so)
==78260==    by 0x723DE9: __mn_alloc (in /mnt/c/Users/Juan/Documents/GitHub/Mapanare/mapanare/self/mnc-stage1)
==78260==    by 0x7249CE: __mn_str_concat (in /mnt/c/Users/Juan/Documents/GitHub/Mapanare/mapanare/self/mnc-stage1)
==78260==    by 0x41FA94: lexer__scan_ident (in /mnt/c/Users/Juan/Documents/GitHub/Mapanare/mapanare/self/mnc-stage1)
==78260==    by 0x6A7DB1F: ???
==78260==    by 0x8000000000000002: ???
==78260==    by 0x6A733D7: ???
==78260==    by 0x4: ???
==78260==    by 0x6: ???
==78260==    by 0x6A7751F: ???
==78260==    by 0x8000000000000000: ???
==78260==    by 0x4: ???
==78260==    by 0x107: ???
==78260== 
==78260== 5 bytes in 1 blocks are definitely lost in loss record 268 of 604
==78260==    at 0x484D953: calloc (in /usr/libexec/valgrind/vgpreload_memcheck-amd64-linux.so)
==78260==    by 0x723DE9: __mn_alloc (in /mnt/c/Users/Juan/Documents/GitHub/Mapanare/mapanare/self/mnc-stage1)
==78260==    by 0x7249CE: __mn_str_concat (in /mnt/c/Users/Juan/Documents/GitHub/Mapanare/mapanare/self/mnc-stage1)
==78260==    by 0x41FA94: lexer__scan_ident (in /mnt/c/Users/Juan/Documents/GitHub/Mapanare/mapanare/self/mnc-stage1)
==78260==    by 0x6A7E8CF: ???
==78260==    by 0x8000000000000002: ???
==78260==    by 0x6A733D7: ???
==78260== 
==78260== 5 bytes in 1 blocks are definitely lost in loss record 269 of 604
==78260==    at 0x484D953: calloc (in /usr/libexec/valgrind/vgpreload_memcheck-amd64-linux.so)
==78260==    by 0x723DE9: __mn_alloc (in /mnt/c/Users/Juan/Documents/GitHub/Mapanare/mapanare/self/mnc-stage1)
==78260==    by 0x7249CE: __mn_str_concat (in /mnt/c/Users/Juan/Documents/GitHub/Mapanare/mapanare/self/mnc-stage1)
==78260==    by 0x41FA94: lexer__scan_ident (in /mnt/c/Users/Juan/Documents/GitHub/Mapanare/mapanare/self/mnc-stage1)
==78260==    by 0x6A7EFAF: ???
==78260==    by 0x8000000000000002: ???
==78260==    by 0x6A733D7: ???
==78260==    by 0x9: ???
==78260==    by 0x9: ???
==78260==    by 0x6A7751F: ???
==78260==    by 0x8000000000000000: ???
==78260==    by 0x9: ???
==78260==    by 0x11D: ???
==78260== 
==78260== 5 bytes in 1 blocks are definitely lost in loss record 270 of 604
==78260==    at 0x484D953: calloc (in /usr/libexec/valgrind/vgpreload_memcheck-amd64-linux.so)
==78260==    by 0x723DE9: __mn_alloc (in /mnt/c/Users/Juan/Documents/GitHub/Mapanare/mapanare/self/mnc-stage1)
==78260==    by 0x7249CE: __mn_str_concat (in /mnt/c/Users/Juan/Documents/GitHub/Mapanare/mapanare/self/mnc-stage1)
==78260==    by 0x41FA94: lexer__scan_ident (in /mnt/c/Users/Juan/Documents/GitHub/Mapanare/mapanare/self/mnc-stage1)
==78260==    by 0x6A8065F: ???
==78260==    by 0x8000000000000002: ???
==78260==    by 0x6A733D7: ???
==78260==    by 0x4: ???
==78260==    by 0xA: ???
==78260==    by 0x6A7751F: ???
==78260==    by 0x8000000000000000: ???
==78260==    by 0x4: ???
==78260==    by 0x134: ???
==78260== 
==78260== 5 bytes in 1 blocks are definitely lost in loss record 271 of 604
==78260==    at 0x484D953: calloc (in /usr/libexec/valgrind/vgpreload_memcheck-amd64-linux.so)
==78260==    by 0x723DE9: __mn_alloc (in /mnt/c/Users/Juan/Documents/GitHub/Mapanare/mapanare/self/mnc-stage1)
==78260==    by 0x7249CE: __mn_str_concat (in /mnt/c/Users/Juan/Documents/GitHub/Mapanare/mapanare/self/mnc-stage1)
==78260==    by 0x41FA94: lexer__scan_ident (in /mnt/c/Users/Juan/Documents/GitHub/Mapanare/mapanare/self/mnc-stage1)
==78260==    by 0x6A80FBF: ???
==78260==    by 0x8000000000000002: ???
==78260==    by 0x6A733D7: ???
==78260== 
==78260== 5 bytes in 1 blocks are definitely lost in loss record 272 of 604
==78260==    at 0x484D953: calloc (in /usr/libexec/valgrind/vgpreload_memcheck-amd64-linux.so)
==78260==    by 0x723DE9: __mn_alloc (in /mnt/c/Users/Juan/Documents/GitHub/Mapanare/mapanare/self/mnc-stage1)
==78260==    by 0x7249CE: __mn_str_concat (in /mnt/c/Users/Juan/Documents/GitHub/Mapanare/mapanare/self/mnc-stage1)
==78260==    by 0x41FA94: lexer__scan_ident (in /mnt/c/Users/Juan/Documents/GitHub/Mapanare/mapanare/self/mnc-stage1)
==78260==    by 0x6A8169F: ???
==78260==    by 0x8000000000000002: ???
==78260==    by 0x6A733D7: ???
==78260==    by 0x9: ???
==78260==    by 0xD: ???
==78260==    by 0x6A7751F: ???
==78260==    by 0x8000000000000000: ???
==78260==    by 0x9: ???
==78260==    by 0x14A: ???
==78260== 
==78260== 5 bytes in 1 blocks are definitely lost in loss record 273 of 604
==78260==    at 0x484D953: calloc (in /usr/libexec/valgrind/vgpreload_memcheck-amd64-linux.so)
==78260==    by 0x723DE9: __mn_alloc (in /mnt/c/Users/Juan/Documents/GitHub/Mapanare/mapanare/self/mnc-stage1)
==78260==    by 0x7249CE: __mn_str_concat (in /mnt/c/Users/Juan/Documents/GitHub/Mapanare/mapanare/self/mnc-stage1)
==78260==    by 0x41FA94: lexer__scan_ident (in /mnt/c/Users/Juan/Documents/GitHub/Mapanare/mapanare/self/mnc-stage1)
==78260==    by 0x6A824FF: ???
==78260==    by 0x8000000000000002: ???
==78260==    by 0x6A733D7: ???
==78260==    by 0x4: ???
==78260==    by 0xE: ???
==78260==    by 0x6A7751F: ???
==78260==    by 0x8000000000000000: ???
==78260==    by 0x4: ???
==78260==    by 0x161: ???
==78260== 
==78260== 5 bytes in 1 blocks are definitely lost in loss record 274 of 604
==78260==    at 0x484D953: calloc (in /usr/libexec/valgrind/vgpreload_memcheck-amd64-linux.so)
==78260==    by 0x723DE9: __mn_alloc (in /mnt/c/Users/Juan/Documents/GitHub/Mapanare/mapanare/self/mnc-stage1)
==78260==    by 0x7249CE: __mn_str_concat (in /mnt/c/Users/Juan/Documents/GitHub/Mapanare/mapanare/self/mnc-stage1)
==78260==    by 0x41FA94: lexer__scan_ident (in /mnt/c/Users/Juan/Documents/GitHub/Mapanare/mapanare/self/mnc-stage1)
==78260==    by 0x6A83EAF: ???
==78260==    by 0x8000000000000002: ???
==78260==    by 0x6A733D7: ???
==78260== 
==78260== 5 bytes in 1 blocks are definitely lost in loss record 275 of 604
==78260==    at 0x484D953: calloc (in /usr/libexec/valgrind/vgpreload_memcheck-amd64-linux.so)
==78260==    by 0x723DE9: __mn_alloc (in /mnt/c/Users/Juan/Documents/GitHub/Mapanare/mapanare/self/mnc-stage1)
==78260==    by 0x7249CE: __mn_str_concat (in /mnt/c/Users/Juan/Documents/GitHub/Mapanare/mapanare/self/mnc-stage1)
==78260==    by 0x41FA94: lexer__scan_ident (in /mnt/c/Users/Juan/Documents/GitHub/Mapanare/mapanare/self/mnc-stage1)
==78260==    by 0x6A8458F: ???
==78260==    by 0x8000000000000002: ???
==78260==    by 0x6A733D7: ???
==78260==    by 0x9: ???
==78260==    by 0x11: ???
==78260==    by 0x6A7751F: ???
==78260==    by 0x8000000000000000: ???
==78260==    by 0x9: ???
==78260==    by 0x177: ???
==78260== 
==78260== 5 bytes in 1 blocks are definitely lost in loss record 276 of 604
==78260==    at 0x484D953: calloc (in /usr/libexec/valgrind/vgpreload_memcheck-amd64-linux.so)
==78260==    by 0x723DE9: __mn_alloc (in /mnt/c/Users/Juan/Documents/GitHub/Mapanare/mapanare/self/mnc-stage1)
==78260==    by 0x7249CE: __mn_str_concat (in /mnt/c/Users/Juan/Documents/GitHub/Mapanare/mapanare/self/mnc-stage1)
==78260==    by 0x41FA94: lexer__scan_ident (in /mnt/c/Users/Juan/Documents/GitHub/Mapanare/mapanare/self/mnc-stage1)
==78260==    by 0x6A8598F: ???
==78260==    by 0x8000000000000002: ???
==78260==    by 0x6A733D7: ???
==78260==    by 0xC: ???
==78260==    by 0x12: ???
==78260==    by 0x6A7751F: ???
==78260==    by 0x8000000000000000: ???
==78260==    by 0xC: ???
==78260==    by 0x195: ???
==78260== 
==78260== 5 bytes in 1 blocks are definitely lost in loss record 277 of 604
==78260==    at 0x484D953: calloc (in /usr/libexec/valgrind/vgpreload_memcheck-amd64-linux.so)
==78260==    by 0x723DE9: __mn_alloc (in /mnt/c/Users/Juan/Documents/GitHub/Mapanare/mapanare/self/mnc-stage1)
==78260==    by 0x7249CE: __mn_str_concat (in /mnt/c/Users/Juan/Documents/GitHub/Mapanare/mapanare/self/mnc-stage1)
==78260==    by 0x41FA94: lexer__scan_ident (in /mnt/c/Users/Juan/Documents/GitHub/Mapanare/mapanare/self/mnc-stage1)
==78260==    by 0x6A85DEF: ???
==78260==    by 0x8000000000000002: ???
==78260==    by 0x6A733D7: ???
==78260==    by 0x12: ???
==78260==    by 0x12: ???
==78260==    by 0x6A7751F: ???
==78260==    by 0x8000000000000000: ???
==78260==    by 0x12: ???
==78260==    by 0x19B: ???
==78260== 
==78260== 5 bytes in 1 blocks are definitely lost in loss record 278 of 604
==78260==    at 0x484D953: calloc (in /usr/libexec/valgrind/vgpreload_memcheck-amd64-linux.so)
==78260==    by 0x723DE9: __mn_alloc (in /mnt/c/Users/Juan/Documents/GitHub/Mapanare/mapanare/self/mnc-stage1)
==78260==    by 0x7249CE: __mn_str_concat (in /mnt/c/Users/Juan/Documents/GitHub/Mapanare/mapanare/self/mnc-stage1)
==78260==    by 0x41FA94: lexer__scan_ident (in /mnt/c/Users/Juan/Documents/GitHub/Mapanare/mapanare/self/mnc-stage1)
==78260==    by 0x6A86CEF: ???
==78260==    by 0x8000000000000002: ???
==78260==    by 0x6A733D7: ???
==78260==    by 0xC: ???
==78260==    by 0x13: ???
==78260==    by 0x6A7751F: ???
==78260==    by 0x8000000000000000: ???
==78260==    by 0xC: ???
==78260==    by 0x1B1: ???
==78260== 
==78260== 5 bytes in 1 blocks are definitely lost in loss record 279 of 604
==78260==    at 0x484D953: calloc (in /usr/libexec/valgrind/vgpreload_memcheck-amd64-linux.so)
==78260==    by 0x723DE9: __mn_alloc (in /mnt/c/Users/Juan/Documents/GitHub/Mapanare/mapanare/self/mnc-stage1)
==78260==    by 0x7249CE: __mn_str_concat (in /mnt/c/Users/Juan/Documents/GitHub/Mapanare/mapanare/self/mnc-stage1)
==78260==    by 0x41FA94: lexer__scan_ident (in /mnt/c/Users/Juan/Documents/GitHub/Mapanare/mapanare/self/mnc-stage1)
==78260==    by 0x6A8714F: ???
==78260==    by 0x8000000000000002: ???
==78260==    by 0x6A733D7: ???
==78260==    by 0x12: ???
==78260==    by 0x13: ???
==78260==    by 0x6A7751F: ???
==78260==    by 0x8000000000000000: ???
==78260==    by 0x12: ???
==78260==    by 0x1B7: ???
==78260== 
==78260== 5 bytes in 1 blocks are definitely lost in loss record 280 of 604
==78260==    at 0x484D953: calloc (in /usr/libexec/valgrind/vgpreload_memcheck-amd64-linux.so)
==78260==    by 0x723DE9: __mn_alloc (in /mnt/c/Users/Juan/Documents/GitHub/Mapanare/mapanare/self/mnc-stage1)
==78260==    by 0x7249CE: __mn_str_concat (in /mnt/c/Users/Juan/Documents/GitHub/Mapanare/mapanare/self/mnc-stage1)
==78260==    by 0x41FA94: lexer__scan_ident (in /mnt/c/Users/Juan/Documents/GitHub/Mapanare/mapanare/self/mnc-stage1)
==78260==    by 0x6A8804F: ???
==78260==    by 0x8000000000000002: ???
==78260==    by 0x6A733D7: ???
==78260==    by 0xC: ???
==78260==    by 0x14: ???
==78260==    by 0x6A7751F: ???
==78260==    by 0x8000000000000000: ???
==78260==    by 0xC: ???
==78260==    by 0x1CD: ???
==78260== 
==78260== 5 bytes in 1 blocks are definitely lost in loss record 281 of 604
==78260==    at 0x484D953: calloc (in /usr/libexec/valgrind/vgpreload_memcheck-amd64-linux.so)
==78260==    by 0x723DE9: __mn_alloc (in /mnt/c/Users/Juan/Documents/GitHub/Mapanare/mapanare/self/mnc-stage1)
==78260==    by 0x7249CE: __mn_str_concat (in /mnt/c/Users/Juan/Documents/GitHub/Mapanare/mapanare/self/mnc-stage1)
==78260==    by 0x41FA94: lexer__scan_ident (in /mnt/c/Users/Juan/Documents/GitHub/Mapanare/mapanare/self/mnc-stage1)
==78260==    by 0x6A884AF: ???
==78260==    by 0x8000000000000002: ???
==78260==    by 0x6A733D7: ???
==78260==    by 0x12: ???
==78260==    by 0x14: ???
==78260==    by 0x6A7751F: ???
==78260==    by 0x8000000000000000: ???
==78260==    by 0x12: ???
==78260==    by 0x1D3: ???
==78260== 
==78260== 5 bytes in 1 blocks are definitely lost in loss record 282 of 604
==78260==    at 0x484D953: calloc (in /usr/libexec/valgrind/vgpreload_memcheck-amd64-linux.so)
==78260==    by 0x723DE9: __mn_alloc (in /mnt/c/Users/Juan/Documents/GitHub/Mapanare/mapanare/self/mnc-stage1)
==78260==    by 0x7249CE: __mn_str_concat (in /mnt/c/Users/Juan/Documents/GitHub/Mapanare/mapanare/self/mnc-stage1)
==78260==    by 0x41FA94: lexer__scan_ident (in /mnt/c/Users/Juan/Documents/GitHub/Mapanare/mapanare/self/mnc-stage1)
==78260==    by 0x6A88D6F: ???
==78260==    by 0x8000000000000002: ???
==78260==    by 0x6A733D7: ???
==78260==    by 0x4: ???
==78260==    by 0x15: ???
==78260==    by 0x6A7751F: ???
==78260==    by 0x8000000000000000: ???
==78260==    by 0x4: ???
==78260==    by 0x1E1: ???
==78260== 
==78260== 5 bytes in 1 blocks are definitely lost in loss record 283 of 604
==78260==    at 0x484D953: calloc (in /usr/libexec/valgrind/vgpreload_memcheck-amd64-linux.so)
==78260==    by 0x723DE9: __mn_alloc (in /mnt/c/Users/Juan/Documents/GitHub/Mapanare/mapanare/self/mnc-stage1)
==78260==    by 0x7249CE: __mn_str_concat (in /mnt/c/Users/Juan/Documents/GitHub/Mapanare/mapanare/self/mnc-stage1)
==78260==    by 0x41FA94: lexer__scan_ident (in /mnt/c/Users/Juan/Documents/GitHub/Mapanare/mapanare/self/mnc-stage1)
==78260==    by 0x6A8CA2F: ???
==78260==    by 0x8000000000000002: ???
==78260==    by 0x6A733D7: ???
==78260==    by 0x8: ???
==78260==    by 0x19: ???
==78260==    by 0x6A7751F: ???
==78260==    by 0x8000000000000000: ???
==78260==    by 0x8: ???
==78260==    by 0x209: ???
==78260== 
==78260== 5 bytes in 1 blocks are definitely lost in loss record 284 of 604
==78260==    at 0x484D953: calloc (in /usr/libexec/valgrind/vgpreload_memcheck-amd64-linux.so)
==78260==    by 0x723DE9: __mn_alloc (in /mnt/c/Users/Juan/Documents/GitHub/Mapanare/mapanare/self/mnc-stage1)
==78260==    by 0x7249CE: __mn_str_concat (in /mnt/c/Users/Juan/Documents/GitHub/Mapanare/mapanare/self/mnc-stage1)
==78260==    by 0x41FA94: lexer__scan_ident (in /mnt/c/Users/Juan/Documents/GitHub/Mapanare/mapanare/self/mnc-stage1)
==78260==    by 0x6A8CFCF: ???
==78260==    by 0x8000000000000002: ???
==78260==    by 0x6A733D7: ???
==78260==    by 0x10: ???
==78260==    by 0x19: ???
==78260==    by 0x6A7751F: ???
==78260==    by 0x8000000000000000: ???
==78260==    by 0x10: ???
==78260==    by 0x211: ???
==78260== 
==78260== 5 bytes in 1 blocks are definitely lost in loss record 285 of 604
==78260==    at 0x484D953: calloc (in /usr/libexec/valgrind/vgpreload_memcheck-amd64-linux.so)
==78260==    by 0x723DE9: __mn_alloc (in /mnt/c/Users/Juan/Documents/GitHub/Mapanare/mapanare/self/mnc-stage1)
==78260==    by 0x7249CE: __mn_str_concat (in /mnt/c/Users/Juan/Documents/GitHub/Mapanare/mapanare/self/mnc-stage1)
==78260==    by 0x41FA94: lexer__scan_ident (in /mnt/c/Users/Juan/Documents/GitHub/Mapanare/mapanare/self/mnc-stage1)
==78260==    by 0x6A8D6AF: ???
==78260==    by 0x8000000000000002: ???
==78260==    by 0x6A733D7: ???
==78260==    by 0x19: ???
==78260==    by 0x19: ???
==78260==    by 0x6A7751F: ???
==78260==    by 0x8000000000000000: ???
==78260==    by 0x19: ???
==78260==    by 0x21A: ???
==78260== 
==78260== 5 bytes in 1 blocks are definitely lost in loss record 286 of 604
==78260==    at 0x484D953: calloc (in /usr/libexec/valgrind/vgpreload_memcheck-amd64-linux.so)
==78260==    by 0x723DE9: __mn_alloc (in /mnt/c/Users/Juan/Documents/GitHub/Mapanare/mapanare/self/mnc-stage1)
==78260==    by 0x7249CE: __mn_str_concat (in /mnt/c/Users/Juan/Documents/GitHub/Mapanare/mapanare/self/mnc-stage1)
==78260==    by 0x41FA94: lexer__scan_ident (in /mnt/c/Users/Juan/Documents/GitHub/Mapanare/mapanare/self/mnc-stage1)
==78260==    by 0x6A8DFBF: ???
==78260==    by 0x8000000000000002: ???
==78260==    by 0x6A733D7: ???
==78260==    by 0x4: ???
==78260==    by 0x1A: ???
==78260==    by 0x6A7751F: ???
==78260==    by 0x8000000000000000: ???
==78260==    by 0x4: ???
==78260==    by 0x228: ???
==78260== 
==78260== 5 bytes in 1 blocks are definitely lost in loss record 287 of 604
==78260==    at 0x484D953: calloc (in /usr/libexec/valgrind/vgpreload_memcheck-amd64-linux.so)
==78260==    by 0x723DE9: __mn_alloc (in /mnt/c/Users/Juan/Documents/GitHub/Mapanare/mapanare/self/mnc-stage1)
==78260==    by 0x7249CE: __mn_str_concat (in /mnt/c/Users/Juan/Documents/GitHub/Mapanare/mapanare/self/mnc-stage1)
==78260==    by 0x41FA94: lexer__scan_ident (in /mnt/c/Users/Juan/Documents/GitHub/Mapanare/mapanare/self/mnc-stage1)
==78260==    by 0x6A8E87F: ???
==78260==    by 0x8000000000000002: ???
==78260==    by 0x6A733D7: ???
==78260==    by 0xE: ???
==78260==    by 0x1A: ???
==78260==    by 0x6A7751F: ???
==78260==    by 0x8000000000000000: ???
==78260==    by 0xE: ???
==78260==    by 0x232: ???
==78260== 
==78260== 6 bytes in 1 blocks are indirectly lost in loss record 288 of 604
==78260==    at 0x484D953: calloc (in /usr/libexec/valgrind/vgpreload_memcheck-amd64-linux.so)
==78260==    by 0x723DE9: __mn_alloc (in /mnt/c/Users/Juan/Documents/GitHub/Mapanare/mapanare/self/mnc-stage1)
==78260==    by 0x7249CE: __mn_str_concat (in /mnt/c/Users/Juan/Documents/GitHub/Mapanare/mapanare/self/mnc-stage1)
==78260==    by 0x41FA94: lexer__scan_ident (in /mnt/c/Users/Juan/Documents/GitHub/Mapanare/mapanare/self/mnc-stage1)
==78260==    by 0x6A7C42F: ???
==78260==    by 0x8000000000000003: ???
==78260==    by 0x6A733D7: ???
==78260== 
==78260== 6 bytes in 1 blocks are indirectly lost in loss record 289 of 604
==78260==    at 0x484D953: calloc (in /usr/libexec/valgrind/vgpreload_memcheck-amd64-linux.so)
==78260==    by 0x723DE9: __mn_alloc (in /mnt/c/Users/Juan/Documents/GitHub/Mapanare/mapanare/self/mnc-stage1)
==78260==    by 0x7249CE: __mn_str_concat (in /mnt/c/Users/Juan/Documents/GitHub/Mapanare/mapanare/self/mnc-stage1)
==78260==    by 0x41FA94: lexer__scan_ident (in /mnt/c/Users/Juan/Documents/GitHub/Mapanare/mapanare/self/mnc-stage1)
==78260==    by 0x6A7E96F: ???
==78260==    by 0x8000000000000003: ???
==78260==    by 0x6A733D7: ???
==78260== 
==78260== 6 bytes in 1 blocks are indirectly lost in loss record 290 of 604
==78260==    at 0x484D953: calloc (in /usr/libexec/valgrind/vgpreload_memcheck-amd64-linux.so)
==78260==    by 0x723DE9: __mn_alloc (in /mnt/c/Users/Juan/Documents/GitHub/Mapanare/mapanare/self/mnc-stage1)
==78260==    by 0x7249CE: __mn_str_concat (in /mnt/c/Users/Juan/Documents/GitHub/Mapanare/mapanare/self/mnc-stage1)
==78260==    by 0x41FA94: lexer__scan_ident (in /mnt/c/Users/Juan/Documents/GitHub/Mapanare/mapanare/self/mnc-stage1)
==78260==    by 0x6A8105F: ???
==78260==    by 0x8000000000000003: ???
==78260==    by 0x6A733D7: ???
==78260== 
==78260== 6 bytes in 1 blocks are indirectly lost in loss record 291 of 604
==78260==    at 0x484D953: calloc (in /usr/libexec/valgrind/vgpreload_memcheck-amd64-linux.so)
==78260==    by 0x723DE9: __mn_alloc (in /mnt/c/Users/Juan/Documents/GitHub/Mapanare/mapanare/self/mnc-stage1)
==78260==    by 0x7249CE: __mn_str_concat (in /mnt/c/Users/Juan/Documents/GitHub/Mapanare/mapanare/self/mnc-stage1)
==78260==    by 0x41FA94: lexer__scan_ident (in /mnt/c/Users/Juan/Documents/GitHub/Mapanare/mapanare/self/mnc-stage1)
==78260==    by 0x6A83F4F: ???
==78260==    by 0x8000000000000003: ???
==78260==    by 0x6A733D7: ???
==78260== 
==78260== 6 bytes in 1 blocks are indirectly lost in loss record 292 of 604
==78260==    at 0x484D953: calloc (in /usr/libexec/valgrind/vgpreload_memcheck-amd64-linux.so)
==78260==    by 0x723DE9: __mn_alloc (in /mnt/c/Users/Juan/Documents/GitHub/Mapanare/mapanare/self/mnc-stage1)
==78260==    by 0x7249CE: __mn_str_concat (in /mnt/c/Users/Juan/Documents/GitHub/Mapanare/mapanare/self/mnc-stage1)
==78260==    by 0x41FA94: lexer__scan_ident (in /mnt/c/Users/Juan/Documents/GitHub/Mapanare/mapanare/self/mnc-stage1)
==78260==    by 0x6A85A2F: ???
==78260==    by 0x8000000000000003: ???
==78260==    by 0x6A733D7: ???
==78260==    by 0xC: ???
==78260==    by 0x12: ???
==78260==    by 0x6A7751F: ???
==78260==    by 0x8000000000000000: ???
==78260==    by 0xC: ???
==78260==    by 0x195: ???
==78260== 
==78260== 6 bytes in 1 blocks are indirectly lost in loss record 293 of 604
==78260==    at 0x484D953: calloc (in /usr/libexec/valgrind/vgpreload_memcheck-amd64-linux.so)
==78260==    by 0x723DE9: __mn_alloc (in /mnt/c/Users/Juan/Documents/GitHub/Mapanare/mapanare/self/mnc-stage1)
==78260==    by 0x7249CE: __mn_str_concat (in /mnt/c/Users/Juan/Documents/GitHub/Mapanare/mapanare/self/mnc-stage1)
==78260==    by 0x41FA94: lexer__scan_ident (in /mnt/c/Users/Juan/Documents/GitHub/Mapanare/mapanare/self/mnc-stage1)
==78260==    by 0x6A86D8F: ???
==78260==    by 0x8000000000000003: ???
==78260==    by 0x6A733D7: ???
==78260==    by 0xC: ???
==78260==    by 0x13: ???
==78260==    by 0x6A7751F: ???
==78260==    by 0x8000000000000000: ???
==78260==    by 0xC: ???
==78260==    by 0x1B1: ???
==78260== 
==78260== 6 bytes in 1 blocks are indirectly lost in loss record 294 of 604
==78260==    at 0x484D953: calloc (in /usr/libexec/valgrind/vgpreload_memcheck-amd64-linux.so)
==78260==    by 0x723DE9: __mn_alloc (in /mnt/c/Users/Juan/Documents/GitHub/Mapanare/mapanare/self/mnc-stage1)
==78260==    by 0x7249CE: __mn_str_concat (in /mnt/c/Users/Juan/Documents/GitHub/Mapanare/mapanare/self/mnc-stage1)
==78260==    by 0x41FA94: lexer__scan_ident (in /mnt/c/Users/Juan/Documents/GitHub/Mapanare/mapanare/self/mnc-stage1)
==78260==    by 0x6A880EF: ???
==78260==    by 0x8000000000000003: ???
==78260==    by 0x6A733D7: ???
==78260==    by 0xC: ???
==78260==    by 0x14: ???
==78260==    by 0x6A7751F: ???
==78260==    by 0x8000000000000000: ???
==78260==    by 0xC: ???
==78260==    by 0x1CD: ???
==78260== 
==78260== 6 bytes in 1 blocks are indirectly lost in loss record 295 of 604
==78260==    at 0x484D953: calloc (in /usr/libexec/valgrind/vgpreload_memcheck-amd64-linux.so)
==78260==    by 0x723DE9: __mn_alloc (in /mnt/c/Users/Juan/Documents/GitHub/Mapanare/mapanare/self/mnc-stage1)
==78260==    by 0x7249CE: __mn_str_concat (in /mnt/c/Users/Juan/Documents/GitHub/Mapanare/mapanare/self/mnc-stage1)
==78260==    by 0x41FA94: lexer__scan_ident (in /mnt/c/Users/Juan/Documents/GitHub/Mapanare/mapanare/self/mnc-stage1)
==78260==    by 0x6A8CACF: ???
==78260==    by 0x8000000000000003: ???
==78260==    by 0x6A733D7: ???
==78260==    by 0x8: ???
==78260==    by 0x19: ???
==78260==    by 0x6A7751F: ???
==78260==    by 0x8000000000000000: ???
==78260==    by 0x8: ???
==78260==    by 0x209: ???
==78260== 
==78260== 6 bytes in 1 blocks are indirectly lost in loss record 296 of 604
==78260==    at 0x484D953: calloc (in /usr/libexec/valgrind/vgpreload_memcheck-amd64-linux.so)
==78260==    by 0x723DE9: __mn_alloc (in /mnt/c/Users/Juan/Documents/GitHub/Mapanare/mapanare/self/mnc-stage1)
==78260==    by 0x7249CE: __mn_str_concat (in /mnt/c/Users/Juan/Documents/GitHub/Mapanare/mapanare/self/mnc-stage1)
==78260==    by 0x41FA94: lexer__scan_ident (in /mnt/c/Users/Juan/Documents/GitHub/Mapanare/mapanare/self/mnc-stage1)
==78260==    by 0x6A8E05F: ???
==78260==    by 0x8000000000000003: ???
==78260==    by 0x6A733D7: ???
==78260==    by 0x4: ???
==78260==    by 0x1A: ???
==78260==    by 0x6A7751F: ???
==78260==    by 0x8000000000000000: ???
==78260==    by 0x4: ???
==78260==    by 0x228: ???
==78260== 
==78260== 6 bytes in 1 blocks are indirectly lost in loss record 297 of 604
==78260==    at 0x484D953: calloc (in /usr/libexec/valgrind/vgpreload_memcheck-amd64-linux.so)
==78260==    by 0x723DE9: __mn_alloc (in /mnt/c/Users/Juan/Documents/GitHub/Mapanare/mapanare/self/mnc-stage1)
==78260==    by 0x7249CE: __mn_str_concat (in /mnt/c/Users/Juan/Documents/GitHub/Mapanare/mapanare/self/mnc-stage1)
==78260==    by 0x41FA94: lexer__scan_ident (in /mnt/c/Users/Juan/Documents/GitHub/Mapanare/mapanare/self/mnc-stage1)
==78260==    by 0x6A8E91F: ???
==78260==    by 0x8000000000000003: ???
==78260==    by 0x6A733D7: ???
==78260==    by 0xE: ???
==78260==    by 0x1A: ???
==78260==    by 0x6A7751F: ???
==78260==    by 0x8000000000000000: ???
==78260==    by 0xE: ???
==78260==    by 0x232: ???
==78260== 
==78260== 6 bytes in 1 blocks are definitely lost in loss record 298 of 604
==78260==    at 0x484D953: calloc (in /usr/libexec/valgrind/vgpreload_memcheck-amd64-linux.so)
==78260==    by 0x723DE9: __mn_alloc (in /mnt/c/Users/Juan/Documents/GitHub/Mapanare/mapanare/self/mnc-stage1)
==78260==    by 0x7249CE: __mn_str_concat (in /mnt/c/Users/Juan/Documents/GitHub/Mapanare/mapanare/self/mnc-stage1)
==78260==    by 0x41FA94: lexer__scan_ident (in /mnt/c/Users/Juan/Documents/GitHub/Mapanare/mapanare/self/mnc-stage1)
==78260==    by 0x6A7CD5F: ???
==78260==    by 0x8000000000000003: ???
==78260==    by 0x6A733D7: ???
==78260==    by 0x9: ???
==78260==    by 0x5: ???
==78260==    by 0x6A7751F: ???
==78260==    by 0x8000000000000000: ???
==78260==    by 0x9: ???
==78260==    by 0xF0: ???
==78260== 
==78260== 6 bytes in 1 blocks are definitely lost in loss record 299 of 604
==78260==    at 0x484D953: calloc (in /usr/libexec/valgrind/vgpreload_memcheck-amd64-linux.so)
==78260==    by 0x723DE9: __mn_alloc (in /mnt/c/Users/Juan/Documents/GitHub/Mapanare/mapanare/self/mnc-stage1)
==78260==    by 0x7249CE: __mn_str_concat (in /mnt/c/Users/Juan/Documents/GitHub/Mapanare/mapanare/self/mnc-stage1)
==78260==    by 0x41FA94: lexer__scan_ident (in /mnt/c/Users/Juan/Documents/GitHub/Mapanare/mapanare/self/mnc-stage1)
==78260==    by 0x6A7DBBF: ???
==78260==    by 0x8000000000000003: ???
==78260==    by 0x6A733D7: ???
==78260==    by 0x4: ???
==78260==    by 0x6: ???
==78260==    by 0x6A7751F: ???
==78260==    by 0x8000000000000000: ???
==78260==    by 0x4: ???
==78260==    by 0x107: ???
==78260== 
==78260== 6 bytes in 1 blocks are definitely lost in loss record 300 of 604
==78260==    at 0x484D953: calloc (in /usr/libexec/valgrind/vgpreload_memcheck-amd64-linux.so)
==78260==    by 0x723DE9: __mn_alloc (in /mnt/c/Users/Juan/Documents/GitHub/Mapanare/mapanare/self/mnc-stage1)
==78260==    by 0x7249CE: __mn_str_concat (in /mnt/c/Users/Juan/Documents/GitHub/Mapanare/mapanare/self/mnc-stage1)
==78260==    by 0x41FA94: lexer__scan_ident (in /mnt/c/Users/Juan/Documents/GitHub/Mapanare/mapanare/self/mnc-stage1)
==78260==    by 0x6A7F04F: ???
==78260==    by 0x8000000000000003: ???
==78260==    by 0x6A733D7: ???
==78260==    by 0x9: ???
==78260==    by 0x9: ???
==78260==    by 0x6A7751F: ???
==78260==    by 0x8000000000000000: ???
==78260==    by 0x9: ???
==78260==    by 0x11D: ???
==78260== 
==78260== 6 bytes in 1 blocks are definitely lost in loss record 301 of 604
==78260==    at 0x484D953: calloc (in /usr/libexec/valgrind/vgpreload_memcheck-amd64-linux.so)
==78260==    by 0x723DE9: __mn_alloc (in /mnt/c/Users/Juan/Documents/GitHub/Mapanare/mapanare/self/mnc-stage1)
==78260==    by 0x7249CE: __mn_str_concat (in /mnt/c/Users/Juan/Documents/GitHub/Mapanare/mapanare/self/mnc-stage1)
==78260==    by 0x41FA94: lexer__scan_ident (in /mnt/c/Users/Juan/Documents/GitHub/Mapanare/mapanare/self/mnc-stage1)
==78260==    by 0x6A806FF: ???
==78260==    by 0x8000000000000003: ???
==78260==    by 0x6A733D7: ???
==78260==    by 0x4: ???
==78260==    by 0xA: ???
==78260==    by 0x6A7751F: ???
==78260==    by 0x8000000000000000: ???
==78260==    by 0x4: ???
==78260==    by 0x134: ???
==78260== 
==78260== 6 bytes in 1 blocks are definitely lost in loss record 302 of 604
==78260==    at 0x484D953: calloc (in /usr/libexec/valgrind/vgpreload_memcheck-amd64-linux.so)
==78260==    by 0x723DE9: __mn_alloc (in /mnt/c/Users/Juan/Documents/GitHub/Mapanare/mapanare/self/mnc-stage1)
==78260==    by 0x7249CE: __mn_str_concat (in /mnt/c/Users/Juan/Documents/GitHub/Mapanare/mapanare/self/mnc-stage1)
==78260==    by 0x41FA94: lexer__scan_ident (in /mnt/c/Users/Juan/Documents/GitHub/Mapanare/mapanare/self/mnc-stage1)
==78260==    by 0x6A8173F: ???
==78260==    by 0x8000000000000003: ???
==78260==    by 0x6A733D7: ???
==78260==    by 0x9: ???
==78260==    by 0xD: ???
==78260==    by 0x6A7751F: ???
==78260==    by 0x8000000000000000: ???
==78260==    by 0x9: ???
==78260==    by 0x14A: ???
==78260== 
==78260== 6 bytes in 1 blocks are definitely lost in loss record 303 of 604
==78260==    at 0x484D953: calloc (in /usr/libexec/valgrind/vgpreload_memcheck-amd64-linux.so)
==78260==    by 0x723DE9: __mn_alloc (in /mnt/c/Users/Juan/Documents/GitHub/Mapanare/mapanare/self/mnc-stage1)
==78260==    by 0x7249CE: __mn_str_concat (in /mnt/c/Users/Juan/Documents/GitHub/Mapanare/mapanare/self/mnc-stage1)
==78260==    by 0x41FA94: lexer__scan_ident (in /mnt/c/Users/Juan/Documents/GitHub/Mapanare/mapanare/self/mnc-stage1)
==78260==    by 0x6A8259F: ???
==78260==    by 0x8000000000000003: ???
==78260==    by 0x6A733D7: ???
==78260==    by 0x4: ???
==78260==    by 0xE: ???
==78260==    by 0x6A7751F: ???
==78260==    by 0x8000000000000000: ???
==78260==    by 0x4: ???
==78260==    by 0x161: ???
==78260== 
==78260== 6 bytes in 1 blocks are definitely lost in loss record 304 of 604
==78260==    at 0x484D953: calloc (in /usr/libexec/valgrind/vgpreload_memcheck-amd64-linux.so)
==78260==    by 0x723DE9: __mn_alloc (in /mnt/c/Users/Juan/Documents/GitHub/Mapanare/mapanare/self/mnc-stage1)
==78260==    by 0x7249CE: __mn_str_concat (in /mnt/c/Users/Juan/Documents/GitHub/Mapanare/mapanare/self/mnc-stage1)
==78260==    by 0x41FA94: lexer__scan_ident (in /mnt/c/Users/Juan/Documents/GitHub/Mapanare/mapanare/self/mnc-stage1)
==78260==    by 0x6A8462F: ???
==78260==    by 0x8000000000000003: ???
==78260==    by 0x6A733D7: ???
==78260==    by 0x9: ???
==78260==    by 0x11: ???
==78260==    by 0x6A7751F: ???
==78260==    by 0x8000000000000000: ???
==78260==    by 0x9: ???
==78260==    by 0x177: ???
==78260== 
==78260== 6 bytes in 1 blocks are definitely lost in loss record 305 of 604
==78260==    at 0x484D953: calloc (in /usr/libexec/valgrind/vgpreload_memcheck-amd64-linux.so)
==78260==    by 0x723DE9: __mn_alloc (in /mnt/c/Users/Juan/Documents/GitHub/Mapanare/mapanare/self/mnc-stage1)
==78260==    by 0x7249CE: __mn_str_concat (in /mnt/c/Users/Juan/Documents/GitHub/Mapanare/mapanare/self/mnc-stage1)
==78260==    by 0x41FA94: lexer__scan_ident (in /mnt/c/Users/Juan/Documents/GitHub/Mapanare/mapanare/self/mnc-stage1)
==78260==    by 0x6A85E8F: ???
==78260==    by 0x8000000000000003: ???
==78260==    by 0x6A733D7: ???
==78260==    by 0x12: ???
==78260==    by 0x12: ???
==78260==    by 0x6A7751F: ???
==78260==    by 0x8000000000000000: ???
==78260==    by 0x12: ???
==78260==    by 0x19B: ???
==78260== 
==78260== 6 bytes in 1 blocks are definitely lost in loss record 306 of 604
==78260==    at 0x484D953: calloc (in /usr/libexec/valgrind/vgpreload_memcheck-amd64-linux.so)
==78260==    by 0x723DE9: __mn_alloc (in /mnt/c/Users/Juan/Documents/GitHub/Mapanare/mapanare/self/mnc-stage1)
==78260==    by 0x7249CE: __mn_str_concat (in /mnt/c/Users/Juan/Documents/GitHub/Mapanare/mapanare/self/mnc-stage1)
==78260==    by 0x41FA94: lexer__scan_ident (in /mnt/c/Users/Juan/Documents/GitHub/Mapanare/mapanare/self/mnc-stage1)
==78260==    by 0x6A871EF: ???
==78260==    by 0x8000000000000003: ???
==78260==    by 0x6A733D7: ???
==78260==    by 0x12: ???
==78260==    by 0x13: ???
==78260==    by 0x6A7751F: ???
==78260==    by 0x8000000000000000: ???
==78260==    by 0x12: ???
==78260==    by 0x1B7: ???
==78260== 
==78260== 6 bytes in 1 blocks are definitely lost in loss record 307 of 604
==78260==    at 0x484D953: calloc (in /usr/libexec/valgrind/vgpreload_memcheck-amd64-linux.so)
==78260==    by 0x723DE9: __mn_alloc (in /mnt/c/Users/Juan/Documents/GitHub/Mapanare/mapanare/self/mnc-stage1)
==78260==    by 0x7249CE: __mn_str_concat (in /mnt/c/Users/Juan/Documents/GitHub/Mapanare/mapanare/self/mnc-stage1)
==78260==    by 0x41FA94: lexer__scan_ident (in /mnt/c/Users/Juan/Documents/GitHub/Mapanare/mapanare/self/mnc-stage1)
==78260==    by 0x6A8854F: ???
==78260==    by 0x8000000000000003: ???
==78260==    by 0x6A733D7: ???
==78260==    by 0x12: ???
==78260==    by 0x14: ???
==78260==    by 0x6A7751F: ???
==78260==    by 0x8000000000000000: ???
==78260==    by 0x12: ???
==78260==    by 0x1D3: ???
==78260== 
==78260== 6 bytes in 1 blocks are definitely lost in loss record 308 of 604
==78260==    at 0x484D953: calloc (in /usr/libexec/valgrind/vgpreload_memcheck-amd64-linux.so)
==78260==    by 0x723DE9: __mn_alloc (in /mnt/c/Users/Juan/Documents/GitHub/Mapanare/mapanare/self/mnc-stage1)
==78260==    by 0x7249CE: __mn_str_concat (in /mnt/c/Users/Juan/Documents/GitHub/Mapanare/mapanare/self/mnc-stage1)
==78260==    by 0x41FA94: lexer__scan_ident (in /mnt/c/Users/Juan/Documents/GitHub/Mapanare/mapanare/self/mnc-stage1)
==78260==    by 0x6A88E0F: ???
==78260==    by 0x8000000000000003: ???
==78260==    by 0x6A733D7: ???
==78260==    by 0x4: ???
==78260==    by 0x15: ???
==78260==    by 0x6A7751F: ???
==78260==    by 0x8000000000000000: ???
==78260==    by 0x4: ???
==78260==    by 0x1E1: ???
==78260== 
==78260== 6 bytes in 1 blocks are definitely lost in loss record 309 of 604
==78260==    at 0x484D953: calloc (in /usr/libexec/valgrind/vgpreload_memcheck-amd64-linux.so)
==78260==    by 0x723DE9: __mn_alloc (in /mnt/c/Users/Juan/Documents/GitHub/Mapanare/mapanare/self/mnc-stage1)
==78260==    by 0x7249CE: __mn_str_concat (in /mnt/c/Users/Juan/Documents/GitHub/Mapanare/mapanare/self/mnc-stage1)
==78260==    by 0x41FA94: lexer__scan_ident (in /mnt/c/Users/Juan/Documents/GitHub/Mapanare/mapanare/self/mnc-stage1)
==78260==    by 0x6A8D06F: ???
==78260==    by 0x8000000000000003: ???
==78260==    by 0x6A733D7: ???
==78260==    by 0x10: ???
==78260==    by 0x19: ???
==78260==    by 0x6A7751F: ???
==78260==    by 0x8000000000000000: ???
==78260==    by 0x10: ???
==78260==    by 0x211: ???
==78260== 
==78260== 6 bytes in 1 blocks are definitely lost in loss record 310 of 604
==78260==    at 0x484D953: calloc (in /usr/libexec/valgrind/vgpreload_memcheck-amd64-linux.so)
==78260==    by 0x723DE9: __mn_alloc (in /mnt/c/Users/Juan/Documents/GitHub/Mapanare/mapanare/self/mnc-stage1)
==78260==    by 0x7249CE: __mn_str_concat (in /mnt/c/Users/Juan/Documents/GitHub/Mapanare/mapanare/self/mnc-stage1)
==78260==    by 0x41FA94: lexer__scan_ident (in /mnt/c/Users/Juan/Documents/GitHub/Mapanare/mapanare/self/mnc-stage1)
==78260==    by 0x6A8D74F: ???
==78260==    by 0x8000000000000003: ???
==78260==    by 0x6A733D7: ???
==78260==    by 0x19: ???
==78260==    by 0x19: ???
==78260==    by 0x6A7751F: ???
==78260==    by 0x8000000000000000: ???
==78260==    by 0x19: ???
==78260==    by 0x21A: ???
==78260== 
==78260== 6 bytes in 3 blocks are definitely lost in loss record 311 of 604
==78260==    at 0x484D953: calloc (in /usr/libexec/valgrind/vgpreload_memcheck-amd64-linux.so)
==78260==    by 0x723DE9: __mn_alloc (in /mnt/c/Users/Juan/Documents/GitHub/Mapanare/mapanare/self/mnc-stage1)
==78260==    by 0x7245AB: __mn_str_from_parts (in /mnt/c/Users/Juan/Documents/GitHub/Mapanare/mapanare/self/mnc-stage1)
==78260==    by 0x42002C: lexer__scan_number (in /mnt/c/Users/Juan/Documents/GitHub/Mapanare/mapanare/self/mnc-stage1)
==78260==    by 0x73C56F: ??? (in /mnt/c/Users/Juan/Documents/GitHub/Mapanare/mapanare/self/mnc-stage1)
==78260==    by 0x6A73257: ???
==78260== 
==78260== 6 bytes in 3 blocks are definitely lost in loss record 312 of 604
==78260==    at 0x484D953: calloc (in /usr/libexec/valgrind/vgpreload_memcheck-amd64-linux.so)
==78260==    by 0x723DE9: __mn_alloc (in /mnt/c/Users/Juan/Documents/GitHub/Mapanare/mapanare/self/mnc-stage1)
==78260==    by 0x7245AB: __mn_str_from_parts (in /mnt/c/Users/Juan/Documents/GitHub/Mapanare/mapanare/self/mnc-stage1)
==78260==    by 0x420082: lexer__scan_number (in /mnt/c/Users/Juan/Documents/GitHub/Mapanare/mapanare/self/mnc-stage1)
==78260==    by 0x73C56F: ??? (in /mnt/c/Users/Juan/Documents/GitHub/Mapanare/mapanare/self/mnc-stage1)
==78260==    by 0x6A73257: ???
==78260== 
==78260== 7 bytes in 1 blocks are indirectly lost in loss record 313 of 604
==78260==    at 0x484D953: calloc (in /usr/libexec/valgrind/vgpreload_memcheck-amd64-linux.so)
==78260==    by 0x723DE9: __mn_alloc (in /mnt/c/Users/Juan/Documents/GitHub/Mapanare/mapanare/self/mnc-stage1)
==78260==    by 0x7249CE: __mn_str_concat (in /mnt/c/Users/Juan/Documents/GitHub/Mapanare/mapanare/self/mnc-stage1)
==78260==    by 0x41FA94: lexer__scan_ident (in /mnt/c/Users/Juan/Documents/GitHub/Mapanare/mapanare/self/mnc-stage1)
==78260==    by 0x6A7DC5F: ???
==78260==    by 0x8000000000000004: ???
==78260==    by 0x6A733D7: ???
==78260==    by 0x4: ???
==78260==    by 0x6: ???
==78260==    by 0x6A7751F: ???
==78260==    by 0x8000000000000000: ???
==78260==    by 0x4: ???
==78260==    by 0x107: ???
==78260== 
==78260== 7 bytes in 1 blocks are indirectly lost in loss record 314 of 604
==78260==    at 0x484D953: calloc (in /usr/libexec/valgrind/vgpreload_memcheck-amd64-linux.so)
==78260==    by 0x723DE9: __mn_alloc (in /mnt/c/Users/Juan/Documents/GitHub/Mapanare/mapanare/self/mnc-stage1)
==78260==    by 0x7249CE: __mn_str_concat (in /mnt/c/Users/Juan/Documents/GitHub/Mapanare/mapanare/self/mnc-stage1)
==78260==    by 0x41FA94: lexer__scan_ident (in /mnt/c/Users/Juan/Documents/GitHub/Mapanare/mapanare/self/mnc-stage1)
==78260==    by 0x6A8079F: ???
==78260==    by 0x8000000000000004: ???
==78260==    by 0x6A733D7: ???
==78260==    by 0x4: ???
==78260==    by 0xA: ???
==78260==    by 0x6A7751F: ???
==78260==    by 0x8000000000000000: ???
==78260==    by 0x4: ???
==78260==    by 0x134: ???
==78260== 
==78260== 7 bytes in 1 blocks are indirectly lost in loss record 315 of 604
==78260==    at 0x484D953: calloc (in /usr/libexec/valgrind/vgpreload_memcheck-amd64-linux.so)
==78260==    by 0x723DE9: __mn_alloc (in /mnt/c/Users/Juan/Documents/GitHub/Mapanare/mapanare/self/mnc-stage1)
==78260==    by 0x7249CE: __mn_str_concat (in /mnt/c/Users/Juan/Documents/GitHub/Mapanare/mapanare/self/mnc-stage1)
==78260==    by 0x41FA94: lexer__scan_ident (in /mnt/c/Users/Juan/Documents/GitHub/Mapanare/mapanare/self/mnc-stage1)
==78260==    by 0x6A8263F: ???
==78260==    by 0x8000000000000004: ???
==78260==    by 0x6A733D7: ???
==78260==    by 0x4: ???
==78260==    by 0xE: ???
==78260==    by 0x6A7751F: ???
==78260==    by 0x8000000000000000: ???
==78260==    by 0x4: ???
==78260==    by 0x161: ???
==78260== 
==78260== 7 bytes in 1 blocks are indirectly lost in loss record 316 of 604
==78260==    at 0x484D953: calloc (in /usr/libexec/valgrind/vgpreload_memcheck-amd64-linux.so)
==78260==    by 0x723DE9: __mn_alloc (in /mnt/c/Users/Juan/Documents/GitHub/Mapanare/mapanare/self/mnc-stage1)
==78260==    by 0x7249CE: __mn_str_concat (in /mnt/c/Users/Juan/Documents/GitHub/Mapanare/mapanare/self/mnc-stage1)
==78260==    by 0x41FA94: lexer__scan_ident (in /mnt/c/Users/Juan/Documents/GitHub/Mapanare/mapanare/self/mnc-stage1)
==78260==    by 0x6A846CF: ???
==78260==    by 0x8000000000000004: ???
==78260==    by 0x6A733D7: ???
==78260==    by 0x9: ???
==78260==    by 0x11: ???
==78260==    by 0x6A7751F: ???
==78260==    by 0x8000000000000000: ???
==78260==    by 0x9: ???
==78260==    by 0x177: ???
==78260== 
==78260== 7 bytes in 1 blocks are indirectly lost in loss record 317 of 604
==78260==    at 0x484D953: calloc (in /usr/libexec/valgrind/vgpreload_memcheck-amd64-linux.so)
==78260==    by 0x723DE9: __mn_alloc (in /mnt/c/Users/Juan/Documents/GitHub/Mapanare/mapanare/self/mnc-stage1)
==78260==    by 0x7249CE: __mn_str_concat (in /mnt/c/Users/Juan/Documents/GitHub/Mapanare/mapanare/self/mnc-stage1)
==78260==    by 0x41FA94: lexer__scan_ident (in /mnt/c/Users/Juan/Documents/GitHub/Mapanare/mapanare/self/mnc-stage1)
==78260==    by 0x6A88EAF: ???
==78260==    by 0x8000000000000004: ???
==78260==    by 0x6A733D7: ???
==78260==    by 0x4: ???
==78260==    by 0x15: ???
==78260==    by 0x6A7751F: ???
==78260==    by 0x8000000000000000: ???
==78260==    by 0x4: ???
==78260==    by 0x1E1: ???
==78260== 
==78260== 7 bytes in 1 blocks are indirectly lost in loss record 318 of 604
==78260==    at 0x484D953: calloc (in /usr/libexec/valgrind/vgpreload_memcheck-amd64-linux.so)
==78260==    by 0x723DE9: __mn_alloc (in /mnt/c/Users/Juan/Documents/GitHub/Mapanare/mapanare/self/mnc-stage1)
==78260==    by 0x7249CE: __mn_str_concat (in /mnt/c/Users/Juan/Documents/GitHub/Mapanare/mapanare/self/mnc-stage1)
==78260==    by 0x41FA94: lexer__scan_ident (in /mnt/c/Users/Juan/Documents/GitHub/Mapanare/mapanare/self/mnc-stage1)
==78260==    by 0x6A8D7EF: ???
==78260==    by 0x8000000000000004: ???
==78260==    by 0x6A733D7: ???
==78260==    by 0x19: ???
==78260==    by 0x19: ???
==78260==    by 0x6A7751F: ???
==78260==    by 0x8000000000000000: ???
==78260==    by 0x19: ???
==78260==    by 0x21A: ???
==78260== 
==78260== 7 bytes in 1 blocks are definitely lost in loss record 319 of 604
==78260==    at 0x484D953: calloc (in /usr/libexec/valgrind/vgpreload_memcheck-amd64-linux.so)
==78260==    by 0x723DE9: __mn_alloc (in /mnt/c/Users/Juan/Documents/GitHub/Mapanare/mapanare/self/mnc-stage1)
==78260==    by 0x7249CE: __mn_str_concat (in /mnt/c/Users/Juan/Documents/GitHub/Mapanare/mapanare/self/mnc-stage1)
==78260==    by 0x41FA94: lexer__scan_ident (in /mnt/c/Users/Juan/Documents/GitHub/Mapanare/mapanare/self/mnc-stage1)
==78260==    by 0x6A7CDFF: ???
==78260==    by 0x8000000000000004: ???
==78260==    by 0x6A733D7: ???
==78260==    by 0x9: ???
==78260==    by 0x5: ???
==78260==    by 0x6A7751F: ???
==78260==    by 0x8000000000000000: ???
==78260==    by 0x9: ???
==78260==    by 0xF0: ???
==78260== 
==78260== 7 bytes in 1 blocks are definitely lost in loss record 320 of 604
==78260==    at 0x484D953: calloc (in /usr/libexec/valgrind/vgpreload_memcheck-amd64-linux.so)
==78260==    by 0x723DE9: __mn_alloc (in /mnt/c/Users/Juan/Documents/GitHub/Mapanare/mapanare/self/mnc-stage1)
==78260==    by 0x7249CE: __mn_str_concat (in /mnt/c/Users/Juan/Documents/GitHub/Mapanare/mapanare/self/mnc-stage1)
==78260==    by 0x41FA94: lexer__scan_ident (in /mnt/c/Users/Juan/Documents/GitHub/Mapanare/mapanare/self/mnc-stage1)
==78260==    by 0x6A7F0EF: ???
==78260==    by 0x8000000000000004: ???
==78260==    by 0x6A733D7: ???
==78260==    by 0x9: ???
==78260==    by 0x9: ???
==78260==    by 0x6A7751F: ???
==78260==    by 0x8000000000000000: ???
==78260==    by 0x9: ???
==78260==    by 0x11D: ???
==78260== 
==78260== 7 bytes in 1 blocks are definitely lost in loss record 321 of 604
==78260==    at 0x484D953: calloc (in /usr/libexec/valgrind/vgpreload_memcheck-amd64-linux.so)
==78260==    by 0x723DE9: __mn_alloc (in /mnt/c/Users/Juan/Documents/GitHub/Mapanare/mapanare/self/mnc-stage1)
==78260==    by 0x7249CE: __mn_str_concat (in /mnt/c/Users/Juan/Documents/GitHub/Mapanare/mapanare/self/mnc-stage1)
==78260==    by 0x41FA94: lexer__scan_ident (in /mnt/c/Users/Juan/Documents/GitHub/Mapanare/mapanare/self/mnc-stage1)
==78260==    by 0x6A817DF: ???
==78260==    by 0x8000000000000004: ???
==78260==    by 0x6A733D7: ???
==78260==    by 0x9: ???
==78260==    by 0xD: ???
==78260==    by 0x6A7751F: ???
==78260==    by 0x8000000000000000: ???
==78260==    by 0x9: ???
==78260==    by 0x14A: ???
==78260== 
==78260== 7 bytes in 1 blocks are definitely lost in loss record 322 of 604
==78260==    at 0x484D953: calloc (in /usr/libexec/valgrind/vgpreload_memcheck-amd64-linux.so)
==78260==    by 0x723DE9: __mn_alloc (in /mnt/c/Users/Juan/Documents/GitHub/Mapanare/mapanare/self/mnc-stage1)
==78260==    by 0x7249CE: __mn_str_concat (in /mnt/c/Users/Juan/Documents/GitHub/Mapanare/mapanare/self/mnc-stage1)
==78260==    by 0x41FA94: lexer__scan_ident (in /mnt/c/Users/Juan/Documents/GitHub/Mapanare/mapanare/self/mnc-stage1)
==78260==    by 0x6A85F2F: ???
==78260==    by 0x8000000000000004: ???
==78260==    by 0x6A733D7: ???
==78260==    by 0x12: ???
==78260==    by 0x12: ???
==78260==    by 0x6A7751F: ???
==78260==    by 0x8000000000000000: ???
==78260==    by 0x12: ???
==78260==    by 0x19B: ???
==78260== 
==78260== 7 bytes in 1 blocks are definitely lost in loss record 323 of 604
==78260==    at 0x484D953: calloc (in /usr/libexec/valgrind/vgpreload_memcheck-amd64-linux.so)
==78260==    by 0x723DE9: __mn_alloc (in /mnt/c/Users/Juan/Documents/GitHub/Mapanare/mapanare/self/mnc-stage1)
==78260==    by 0x7249CE: __mn_str_concat (in /mnt/c/Users/Juan/Documents/GitHub/Mapanare/mapanare/self/mnc-stage1)
==78260==    by 0x41FA94: lexer__scan_ident (in /mnt/c/Users/Juan/Documents/GitHub/Mapanare/mapanare/self/mnc-stage1)
==78260==    by 0x6A8728F: ???
==78260==    by 0x8000000000000004: ???
==78260==    by 0x6A733D7: ???
==78260==    by 0x12: ???
==78260==    by 0x13: ???
==78260==    by 0x6A7751F: ???
==78260==    by 0x8000000000000000: ???
==78260==    by 0x12: ???
==78260==    by 0x1B7: ???
==78260== 
==78260== 7 bytes in 1 blocks are definitely lost in loss record 324 of 604
==78260==    at 0x484D953: calloc (in /usr/libexec/valgrind/vgpreload_memcheck-amd64-linux.so)
==78260==    by 0x723DE9: __mn_alloc (in /mnt/c/Users/Juan/Documents/GitHub/Mapanare/mapanare/self/mnc-stage1)
==78260==    by 0x7249CE: __mn_str_concat (in /mnt/c/Users/Juan/Documents/GitHub/Mapanare/mapanare/self/mnc-stage1)
==78260==    by 0x41FA94: lexer__scan_ident (in /mnt/c/Users/Juan/Documents/GitHub/Mapanare/mapanare/self/mnc-stage1)
==78260==    by 0x6A885EF: ???
==78260==    by 0x8000000000000004: ???
==78260==    by 0x6A733D7: ???
==78260==    by 0x12: ???
==78260==    by 0x14: ???
==78260==    by 0x6A7751F: ???
==78260==    by 0x8000000000000000: ???
==78260==    by 0x12: ???
==78260==    by 0x1D3: ???
==78260== 
==78260== 7 bytes in 1 blocks are definitely lost in loss record 325 of 604
==78260==    at 0x484D953: calloc (in /usr/libexec/valgrind/vgpreload_memcheck-amd64-linux.so)
==78260==    by 0x723DE9: __mn_alloc (in /mnt/c/Users/Juan/Documents/GitHub/Mapanare/mapanare/self/mnc-stage1)
==78260==    by 0x7249CE: __mn_str_concat (in /mnt/c/Users/Juan/Documents/GitHub/Mapanare/mapanare/self/mnc-stage1)
==78260==    by 0x41FA94: lexer__scan_ident (in /mnt/c/Users/Juan/Documents/GitHub/Mapanare/mapanare/self/mnc-stage1)
==78260==    by 0x6A8D10F: ???
==78260==    by 0x8000000000000004: ???
==78260==    by 0x6A733D7: ???
==78260==    by 0x10: ???
==78260==    by 0x19: ???
==78260==    by 0x6A7751F: ???
==78260==    by 0x8000000000000000: ???
==78260==    by 0x10: ???
==78260==    by 0x211: ???
==78260== 
==78260== 8 bytes in 1 blocks are indirectly lost in loss record 326 of 604
==78260==    at 0x484D953: calloc (in /usr/libexec/valgrind/vgpreload_memcheck-amd64-linux.so)
==78260==    by 0x723DE9: __mn_alloc (in /mnt/c/Users/Juan/Documents/GitHub/Mapanare/mapanare/self/mnc-stage1)
==78260==    by 0x7249CE: __mn_str_concat (in /mnt/c/Users/Juan/Documents/GitHub/Mapanare/mapanare/self/mnc-stage1)
==78260==    by 0x41FA94: lexer__scan_ident (in /mnt/c/Users/Juan/Documents/GitHub/Mapanare/mapanare/self/mnc-stage1)
==78260==    by 0x6A7CE9F: ???
==78260==    by 0x8000000000000005: ???
==78260==    by 0x6A733D7: ???
==78260==    by 0x9: ???
==78260==    by 0x5: ???
==78260==    by 0x6A7751F: ???
==78260==    by 0x8000000000000000: ???
==78260==    by 0x9: ???
==78260==    by 0xF0: ???
==78260== 
==78260== 8 bytes in 1 blocks are indirectly lost in loss record 327 of 604
==78260==    at 0x484D953: calloc (in /usr/libexec/valgrind/vgpreload_memcheck-amd64-linux.so)
==78260==    by 0x723DE9: __mn_alloc (in /mnt/c/Users/Juan/Documents/GitHub/Mapanare/mapanare/self/mnc-stage1)
==78260==    by 0x7249CE: __mn_str_concat (in /mnt/c/Users/Juan/Documents/GitHub/Mapanare/mapanare/self/mnc-stage1)
==78260==    by 0x41FA94: lexer__scan_ident (in /mnt/c/Users/Juan/Documents/GitHub/Mapanare/mapanare/self/mnc-stage1)
==78260==    by 0x6A7F18F: ???
==78260==    by 0x8000000000000005: ???
==78260==    by 0x6A733D7: ???
==78260==    by 0x9: ???
==78260==    by 0x9: ???
==78260==    by 0x6A7751F: ???
==78260==    by 0x8000000000000000: ???
==78260==    by 0x9: ???
==78260==    by 0x11D: ???
==78260== 
==78260== 8 bytes in 1 blocks are indirectly lost in loss record 328 of 604
==78260==    at 0x484D953: calloc (in /usr/libexec/valgrind/vgpreload_memcheck-amd64-linux.so)
==78260==    by 0x723DE9: __mn_alloc (in /mnt/c/Users/Juan/Documents/GitHub/Mapanare/mapanare/self/mnc-stage1)
==78260==    by 0x7249CE: __mn_str_concat (in /mnt/c/Users/Juan/Documents/GitHub/Mapanare/mapanare/self/mnc-stage1)
==78260==    by 0x41FA94: lexer__scan_ident (in /mnt/c/Users/Juan/Documents/GitHub/Mapanare/mapanare/self/mnc-stage1)
==78260==    by 0x6A8187F: ???
==78260==    by 0x8000000000000005: ???
==78260==    by 0x6A733D7: ???
==78260==    by 0x9: ???
==78260==    by 0xD: ???
==78260==    by 0x6A7751F: ???
==78260==    by 0x8000000000000000: ???
==78260==    by 0x9: ???
==78260==    by 0x14A: ???
==78260== 
==78260== 8 bytes in 1 blocks are indirectly lost in loss record 329 of 604
==78260==    at 0x484D953: calloc (in /usr/libexec/valgrind/vgpreload_memcheck-amd64-linux.so)
==78260==    by 0x723DE9: __mn_alloc (in /mnt/c/Users/Juan/Documents/GitHub/Mapanare/mapanare/self/mnc-stage1)
==78260==    by 0x7249CE: __mn_str_concat (in /mnt/c/Users/Juan/Documents/GitHub/Mapanare/mapanare/self/mnc-stage1)
==78260==    by 0x41FA94: lexer__scan_ident (in /mnt/c/Users/Juan/Documents/GitHub/Mapanare/mapanare/self/mnc-stage1)
==78260==    by 0x6A85FCF: ???
==78260==    by 0x8000000000000005: ???
==78260==    by 0x6A733D7: ???
==78260==    by 0x12: ???
==78260==    by 0x12: ???
==78260==    by 0x6A7751F: ???
==78260==    by 0x8000000000000000: ???
==78260==    by 0x12: ???
==78260==    by 0x19B: ???
==78260== 
==78260== 8 bytes in 1 blocks are indirectly lost in loss record 330 of 604
==78260==    at 0x484D953: calloc (in /usr/libexec/valgrind/vgpreload_memcheck-amd64-linux.so)
==78260==    by 0x723DE9: __mn_alloc (in /mnt/c/Users/Juan/Documents/GitHub/Mapanare/mapanare/self/mnc-stage1)
==78260==    by 0x7249CE: __mn_str_concat (in /mnt/c/Users/Juan/Documents/GitHub/Mapanare/mapanare/self/mnc-stage1)
==78260==    by 0x41FA94: lexer__scan_ident (in /mnt/c/Users/Juan/Documents/GitHub/Mapanare/mapanare/self/mnc-stage1)
==78260==    by 0x6A8732F: ???
==78260==    by 0x8000000000000005: ???
==78260==    by 0x6A733D7: ???
==78260==    by 0x12: ???
==78260==    by 0x13: ???
==78260==    by 0x6A7751F: ???
==78260==    by 0x8000000000000000: ???
==78260==    by 0x12: ???
==78260==    by 0x1B7: ???
==78260== 
==78260== 8 bytes in 1 blocks are indirectly lost in loss record 331 of 604
==78260==    at 0x484D953: calloc (in /usr/libexec/valgrind/vgpreload_memcheck-amd64-linux.so)
==78260==    by 0x723DE9: __mn_alloc (in /mnt/c/Users/Juan/Documents/GitHub/Mapanare/mapanare/self/mnc-stage1)
==78260==    by 0x7249CE: __mn_str_concat (in /mnt/c/Users/Juan/Documents/GitHub/Mapanare/mapanare/self/mnc-stage1)
==78260==    by 0x41FA94: lexer__scan_ident (in /mnt/c/Users/Juan/Documents/GitHub/Mapanare/mapanare/self/mnc-stage1)
==78260==    by 0x6A8868F: ???
==78260==    by 0x8000000000000005: ???
==78260==    by 0x6A733D7: ???
==78260==    by 0x12: ???
==78260==    by 0x14: ???
==78260==    by 0x6A7751F: ???
==78260==    by 0x8000000000000000: ???
==78260==    by 0x12: ???
==78260==    by 0x1D3: ???
==78260== 
==78260== 8 bytes in 1 blocks are definitely lost in loss record 332 of 604
==78260==    at 0x484D953: calloc (in /usr/libexec/valgrind/vgpreload_memcheck-amd64-linux.so)
==78260==    by 0x723DE9: __mn_alloc (in /mnt/c/Users/Juan/Documents/GitHub/Mapanare/mapanare/self/mnc-stage1)
==78260==    by 0x7249CE: __mn_str_concat (in /mnt/c/Users/Juan/Documents/GitHub/Mapanare/mapanare/self/mnc-stage1)
==78260==    by 0x41FA94: lexer__scan_ident (in /mnt/c/Users/Juan/Documents/GitHub/Mapanare/mapanare/self/mnc-stage1)
==78260==    by 0x6A8D1AF: ???
==78260==    by 0x8000000000000005: ???
==78260==    by 0x6A733D7: ???
==78260==    by 0x10: ???
==78260==    by 0x19: ???
==78260==    by 0x6A7751F: ???
==78260==    by 0x8000000000000000: ???
==78260==    by 0x10: ???
==78260==    by 0x211: ???
==78260== 
==78260== 8 bytes in 4 blocks are definitely lost in loss record 333 of 604
==78260==    at 0x484D953: calloc (in /usr/libexec/valgrind/vgpreload_memcheck-amd64-linux.so)
==78260==    by 0x723DE9: __mn_alloc (in /mnt/c/Users/Juan/Documents/GitHub/Mapanare/mapanare/self/mnc-stage1)
==78260==    by 0x7245AB: __mn_str_from_parts (in /mnt/c/Users/Juan/Documents/GitHub/Mapanare/mapanare/self/mnc-stage1)
==78260==    by 0x42257E: lexer__tokenize (in /mnt/c/Users/Juan/Documents/GitHub/Mapanare/mapanare/self/mnc-stage1)
==78260== 
==78260== 9 bytes in 1 blocks are indirectly lost in loss record 334 of 604
==78260==    at 0x484D953: calloc (in /usr/libexec/valgrind/vgpreload_memcheck-amd64-linux.so)
==78260==    by 0x723DE9: __mn_alloc (in /mnt/c/Users/Juan/Documents/GitHub/Mapanare/mapanare/self/mnc-stage1)
==78260==    by 0x7249CE: __mn_str_concat (in /mnt/c/Users/Juan/Documents/GitHub/Mapanare/mapanare/self/mnc-stage1)
==78260==    by 0x41FA94: lexer__scan_ident (in /mnt/c/Users/Juan/Documents/GitHub/Mapanare/mapanare/self/mnc-stage1)
==78260==    by 0x6A8D24F: ???
==78260==    by 0x8000000000000006: ???
==78260==    by 0x6A733D7: ???
==78260==    by 0x10: ???
==78260==    by 0x19: ???
==78260==    by 0x6A7751F: ???
==78260==    by 0x8000000000000000: ???
==78260==    by 0x10: ???
==78260==    by 0x211: ???
==78260== 
==78260== 12 bytes in 6 blocks are indirectly lost in loss record 335 of 604
==78260==    at 0x484D953: calloc (in /usr/libexec/valgrind/vgpreload_memcheck-amd64-linux.so)
==78260==    by 0x723DE9: __mn_alloc (in /mnt/c/Users/Juan/Documents/GitHub/Mapanare/mapanare/self/mnc-stage1)
==78260==    by 0x7245AB: __mn_str_from_parts (in /mnt/c/Users/Juan/Documents/GitHub/Mapanare/mapanare/self/mnc-stage1)
==78260==    by 0x41FA94: lexer__scan_ident (in /mnt/c/Users/Juan/Documents/GitHub/Mapanare/mapanare/self/mnc-stage1)
==78260==    by 0x73C56F: ??? (in /mnt/c/Users/Juan/Documents/GitHub/Mapanare/mapanare/self/mnc-stage1)
==78260== 
==78260== 16 bytes in 1 blocks are indirectly lost in loss record 336 of 604
==78260==    at 0x4846828: malloc (in /usr/libexec/valgrind/vgpreload_memcheck-amd64-linux.so)
==78260==    by 0x433542: parser__parse_atom (in /mnt/c/Users/Juan/Documents/GitHub/Mapanare/mapanare/self/mnc-stage1)
==78260==    by 0x7F: ???
==78260==    by 0x3E: ???
==78260== 
==78260== 16 bytes in 1 blocks are indirectly lost in loss record 337 of 604
==78260==    at 0x4846828: malloc (in /usr/libexec/valgrind/vgpreload_memcheck-amd64-linux.so)
==78260==    by 0x42FDB5: parser__parse_expr (in /mnt/c/Users/Juan/Documents/GitHub/Mapanare/mapanare/self/mnc-stage1)
==78260==    by 0x6A8931F: ???
==78260==    by 0x5: ???
==78260==    by 0x6A9146F: ???
==78260==    by 0x3F: ???
==78260==    by 0x5A: ???
==78260==    by 0x7F: ???
==78260==    by 0x6A8931F: ???
==78260==    by 0x6A8931F: ???
==78260==    by 0x5A: ???
==78260==    by 0x7F: ???
==78260==    by 0x3F: ???
==78260== 
==78260== 16 bytes in 1 blocks are indirectly lost in loss record 338 of 604
==78260==    at 0x4846828: malloc (in /usr/libexec/valgrind/vgpreload_memcheck-amd64-linux.so)
==78260==    by 0x42FDDE: parser__parse_expr (in /mnt/c/Users/Juan/Documents/GitHub/Mapanare/mapanare/self/mnc-stage1)
==78260==    by 0x6A8931F: ???
==78260==    by 0x5: ???
==78260==    by 0x6A9146F: ???
==78260==    by 0x3F: ???
==78260==    by 0x5A: ???
==78260==    by 0x7F: ???
==78260==    by 0x6A8931F: ???
==78260==    by 0x6A8931F: ???
==78260==    by 0x5A: ???
==78260==    by 0x7F: ???
==78260==    by 0x3F: ???
==78260== 
==78260== 16 bytes in 1 blocks are indirectly lost in loss record 339 of 604
==78260==    at 0x4846828: malloc (in /usr/libexec/valgrind/vgpreload_memcheck-amd64-linux.so)
==78260==    by 0x42FDB5: parser__parse_expr (in /mnt/c/Users/Juan/Documents/GitHub/Mapanare/mapanare/self/mnc-stage1)
==78260==    by 0x6A8931F: ???
==78260==    by 0x6: ???
==78260==    by 0x6A9165F: ???
==78260==    by 0x3F: ???
==78260==    by 0x5A: ???
==78260==    by 0x7F: ???
==78260==    by 0x6A8931F: ???
==78260==    by 0x6A8931F: ???
==78260==    by 0x5A: ???
==78260==    by 0x7F: ???
==78260==    by 0x3F: ???
==78260== 
==78260== 16 bytes in 1 blocks are indirectly lost in loss record 340 of 604
==78260==    at 0x4846828: malloc (in /usr/libexec/valgrind/vgpreload_memcheck-amd64-linux.so)
==78260==    by 0x42FDDE: parser__parse_expr (in /mnt/c/Users/Juan/Documents/GitHub/Mapanare/mapanare/self/mnc-stage1)
==78260==    by 0x6A8931F: ???
==78260==    by 0x6: ???
==78260==    by 0x6A9165F: ???
==78260==    by 0x3F: ???
==78260==    by 0x5A: ???
==78260==    by 0x7F: ???
==78260==    by 0x6A8931F: ???
==78260==    by 0x6A8931F: ???
==78260==    by 0x5A: ???
==78260==    by 0x7F: ???
==78260==    by 0x3F: ???
==78260== 
==78260== 16 bytes in 1 blocks are indirectly lost in loss record 341 of 604
==78260==    at 0x4846828: malloc (in /usr/libexec/valgrind/vgpreload_memcheck-amd64-linux.so)
==78260==    by 0x433542: parser__parse_atom (in /mnt/c/Users/Juan/Documents/GitHub/Mapanare/mapanare/self/mnc-stage1)
==78260==    by 0x5A: ???
==78260==    by 0x52: ???
==78260== 
==78260== 16 bytes in 1 blocks are indirectly lost in loss record 342 of 604
==78260==    at 0x4846828: malloc (in /usr/libexec/valgrind/vgpreload_memcheck-amd64-linux.so)
==78260==    by 0x433542: parser__parse_atom (in /mnt/c/Users/Juan/Documents/GitHub/Mapanare/mapanare/self/mnc-stage1)
==78260==    by 0x5A: ???
==78260==    by 0x54: ???
==78260== 
==78260== 16 bytes in 1 blocks are indirectly lost in loss record 343 of 604
==78260==    at 0x4846828: malloc (in /usr/libexec/valgrind/vgpreload_memcheck-amd64-linux.so)
==78260==    by 0x42F15E: parser__parse_stmt (in /mnt/c/Users/Juan/Documents/GitHub/Mapanare/mapanare/self/mnc-stage1)
==78260==    by 0x3F: ???
==78260== 
==78260== 16 bytes in 1 blocks are definitely lost in loss record 344 of 604
==78260==    at 0x4846828: malloc (in /usr/libexec/valgrind/vgpreload_memcheck-amd64-linux.so)
==78260==    by 0x728B99: __mn_range (in /mnt/c/Users/Juan/Documents/GitHub/Mapanare/mapanare/self/mnc-stage1)
==78260==    by 0x4221C3: lexer__skip_comment_to_eol (in /mnt/c/Users/Juan/Documents/GitHub/Mapanare/mapanare/self/mnc-stage1)
==78260==    by 0x800000000000023C: ???
==78260==    by 0x6A7751F: ???
==78260==    by 0x8000000000000000: ???
==78260==    by 0x6A7779F: ???
==78260==    by 0x1: ???
==78260==    by 0x23C: ???
==78260==    by 0x800000000000023C: ???
==78260==    by 0x4225F0: lexer__tokenize (in /mnt/c/Users/Juan/Documents/GitHub/Mapanare/mapanare/self/mnc-stage1)
==78260== 
==78260== 16 bytes in 1 blocks are definitely lost in loss record 345 of 604
==78260==    at 0x4846828: malloc (in /usr/libexec/valgrind/vgpreload_memcheck-amd64-linux.so)
==78260==    by 0x728B99: __mn_range (in /mnt/c/Users/Juan/Documents/GitHub/Mapanare/mapanare/self/mnc-stage1)
==78260==    by 0x4221C3: lexer__skip_comment_to_eol (in /mnt/c/Users/Juan/Documents/GitHub/Mapanare/mapanare/self/mnc-stage1)
==78260==    by 0x800000000000023C: ???
==78260==    by 0x6A7751F: ???
==78260==    by 0x8000000000000000: ???
==78260==    by 0x6A78D7F: ???
==78260==    by 0x46: ???
==78260==    by 0x23C: ???
==78260==    by 0x800000000000023C: ???
==78260==    by 0x4225F0: lexer__tokenize (in /mnt/c/Users/Juan/Documents/GitHub/Mapanare/mapanare/self/mnc-stage1)
==78260== 
==78260== 16 bytes in 1 blocks are definitely lost in loss record 346 of 604
==78260==    at 0x4846828: malloc (in /usr/libexec/valgrind/vgpreload_memcheck-amd64-linux.so)
==78260==    by 0x728B99: __mn_range (in /mnt/c/Users/Juan/Documents/GitHub/Mapanare/mapanare/self/mnc-stage1)
==78260==    by 0x4221C3: lexer__skip_comment_to_eol (in /mnt/c/Users/Juan/Documents/GitHub/Mapanare/mapanare/self/mnc-stage1)
==78260==    by 0x800000000000023C: ???
==78260==    by 0x6A7751F: ???
==78260==    by 0x8000000000000000: ???
==78260==    by 0x6A7A26F: ???
==78260==    by 0x88: ???
==78260==    by 0x23C: ???
==78260==    by 0x800000000000023C: ???
==78260==    by 0x4225F0: lexer__tokenize (in /mnt/c/Users/Juan/Documents/GitHub/Mapanare/mapanare/self/mnc-stage1)
==78260== 
==78260== 16 bytes in 1 blocks are definitely lost in loss record 347 of 604
==78260==    at 0x4846828: malloc (in /usr/libexec/valgrind/vgpreload_memcheck-amd64-linux.so)
==78260==    by 0x728B99: __mn_range (in /mnt/c/Users/Juan/Documents/GitHub/Mapanare/mapanare/self/mnc-stage1)
==78260==    by 0x4221C3: lexer__skip_comment_to_eol (in /mnt/c/Users/Juan/Documents/GitHub/Mapanare/mapanare/self/mnc-stage1)
==78260==    by 0x800000000000023C: ???
==78260==    by 0x6A7751F: ???
==78260==    by 0x8000000000000000: ???
==78260==    by 0x6A7B93F: ???
==78260==    by 0xD0: ???
==78260==    by 0x23C: ???
==78260==    by 0x800000000000023C: ???
==78260==    by 0x4225F0: lexer__tokenize (in /mnt/c/Users/Juan/Documents/GitHub/Mapanare/mapanare/self/mnc-stage1)
==78260== 
==78260== 16 bytes in 1 blocks are definitely lost in loss record 348 of 604
==78260==    at 0x4846828: malloc (in /usr/libexec/valgrind/vgpreload_memcheck-amd64-linux.so)
==78260==    by 0x728B99: __mn_range (in /mnt/c/Users/Juan/Documents/GitHub/Mapanare/mapanare/self/mnc-stage1)
==78260==    by 0x41FF75: lexer__scan_number (in /mnt/c/Users/Juan/Documents/GitHub/Mapanare/mapanare/self/mnc-stage1)
==78260==    by 0x6A7762D: ???
==78260==    by 0x6A73257: ???
==78260==    by 0x100: ???
==78260==    by 0x6A7E28F: ???
==78260==    by 0x8000000000000000: ???
==78260==    by 0x6A7E23F: ???
==78260==    by 0x1102: ???
==78260==    by 0x5800566F: ??? (in /usr/libexec/valgrind/memcheck-amd64-linux)
==78260== 
==78260== 16 bytes in 1 blocks are definitely lost in loss record 349 of 604
==78260==    at 0x4846828: malloc (in /usr/libexec/valgrind/vgpreload_memcheck-amd64-linux.so)
==78260==    by 0x728B99: __mn_range (in /mnt/c/Users/Juan/Documents/GitHub/Mapanare/mapanare/self/mnc-stage1)
==78260==    by 0x41FF75: lexer__scan_number (in /mnt/c/Users/Juan/Documents/GitHub/Mapanare/mapanare/self/mnc-stage1)
==78260==    by 0x6A7765A: ???
==78260==    by 0x6A73257: ???
==78260==    by 0x100: ???
==78260==    by 0x6A8097F: ???
==78260==    by 0x8000000000000000: ???
==78260==    by 0x6A8092F: ???
==78260==    by 0x1102: ???
==78260==    by 0x5800566F: ??? (in /usr/libexec/valgrind/memcheck-amd64-linux)
==78260== 
==78260== 16 bytes in 1 blocks are definitely lost in loss record 350 of 604
==78260==    at 0x4846828: malloc (in /usr/libexec/valgrind/vgpreload_memcheck-amd64-linux.so)
==78260==    by 0x728B99: __mn_range (in /mnt/c/Users/Juan/Documents/GitHub/Mapanare/mapanare/self/mnc-stage1)
==78260==    by 0x41FF75: lexer__scan_number (in /mnt/c/Users/Juan/Documents/GitHub/Mapanare/mapanare/self/mnc-stage1)
==78260==    by 0x6A77687: ???
==78260==    by 0x6A73257: ???
==78260==    by 0x100: ???
==78260==    by 0x6A8281F: ???
==78260==    by 0x8000000000000000: ???
==78260==    by 0x6A827CF: ???
==78260==    by 0x1102: ???
==78260==    by 0x5800566F: ??? (in /usr/libexec/valgrind/memcheck-amd64-linux)
==78260== 
==78260== 16 bytes in 1 blocks are definitely lost in loss record 351 of 604
==78260==    at 0x4846828: malloc (in /usr/libexec/valgrind/vgpreload_memcheck-amd64-linux.so)
==78260==    by 0x728B99: __mn_range (in /mnt/c/Users/Juan/Documents/GitHub/Mapanare/mapanare/self/mnc-stage1)
==78260==    by 0x423BE0: parser__parse (in /mnt/c/Users/Juan/Documents/GitHub/Mapanare/mapanare/self/mnc-stage1)
==78260== 
==78260== 16 bytes in 1 blocks are definitely lost in loss record 352 of 604
==78260==    at 0x4846828: malloc (in /usr/libexec/valgrind/vgpreload_memcheck-amd64-linux.so)
==78260==    by 0x728B99: __mn_range (in /mnt/c/Users/Juan/Documents/GitHub/Mapanare/mapanare/self/mnc-stage1)
==78260==    by 0x42308E: parser__skip_semis (in /mnt/c/Users/Juan/Documents/GitHub/Mapanare/mapanare/self/mnc-stage1)
==78260==    by 0x1: ???
==78260==    by 0x73CAE7: ??? (in /mnt/c/Users/Juan/Documents/GitHub/Mapanare/mapanare/self/mnc-stage1)
==78260==    by 0x5: ???
==78260==    by 0x73CAEF: ??? (in /mnt/c/Users/Juan/Documents/GitHub/Mapanare/mapanare/self/mnc-stage1)
==78260== 
==78260== 16 bytes in 1 blocks are definitely lost in loss record 353 of 604
==78260==    at 0x4846828: malloc (in /usr/libexec/valgrind/vgpreload_memcheck-amd64-linux.so)
==78260==    by 0x728B99: __mn_range (in /mnt/c/Users/Juan/Documents/GitHub/Mapanare/mapanare/self/mnc-stage1)
==78260==    by 0x42EB95: parser__parse_block (in /mnt/c/Users/Juan/Documents/GitHub/Mapanare/mapanare/self/mnc-stage1)
==78260== 
==78260== 16 bytes in 1 blocks are definitely lost in loss record 354 of 604
==78260==    at 0x4846828: malloc (in /usr/libexec/valgrind/vgpreload_memcheck-amd64-linux.so)
==78260==    by 0x728B99: __mn_range (in /mnt/c/Users/Juan/Documents/GitHub/Mapanare/mapanare/self/mnc-stage1)
==78260==    by 0x42308E: parser__skip_semis (in /mnt/c/Users/Juan/Documents/GitHub/Mapanare/mapanare/self/mnc-stage1)
==78260== 
==78260== 16 bytes in 1 blocks are definitely lost in loss record 355 of 604
==78260==    at 0x4846828: malloc (in /usr/libexec/valgrind/vgpreload_memcheck-amd64-linux.so)
==78260==    by 0x728B99: __mn_range (in /mnt/c/Users/Juan/Documents/GitHub/Mapanare/mapanare/self/mnc-stage1)
==78260==    by 0x4306E0: parser__parse_postfix (in /mnt/c/Users/Juan/Documents/GitHub/Mapanare/mapanare/self/mnc-stage1)
==78260==    by 0x9: ???
==78260==    by 0x6A8EF5F: ???
==78260== 
==78260== 16 bytes in 1 blocks are definitely lost in loss record 356 of 604
==78260==    at 0x4846828: malloc (in /usr/libexec/valgrind/vgpreload_memcheck-amd64-linux.so)
==78260==    by 0x728B99: __mn_range (in /mnt/c/Users/Juan/Documents/GitHub/Mapanare/mapanare/self/mnc-stage1)
==78260==    by 0x42308E: parser__skip_semis (in /mnt/c/Users/Juan/Documents/GitHub/Mapanare/mapanare/self/mnc-stage1)
==78260==    by 0x6A8EF0F: ???
==78260== 
==78260== 16 bytes in 1 blocks are definitely lost in loss record 357 of 604
==78260==    at 0x4846828: malloc (in /usr/libexec/valgrind/vgpreload_memcheck-amd64-linux.so)
==78260==    by 0x728B99: __mn_range (in /mnt/c/Users/Juan/Documents/GitHub/Mapanare/mapanare/self/mnc-stage1)
==78260==    by 0x42308E: parser__skip_semis (in /mnt/c/Users/Juan/Documents/GitHub/Mapanare/mapanare/self/mnc-stage1)
==78260==    by 0x6A8EE1F: ???
==78260== 
==78260== 16 bytes in 1 blocks are definitely lost in loss record 358 of 604
==78260==    at 0x4846828: malloc (in /usr/libexec/valgrind/vgpreload_memcheck-amd64-linux.so)
==78260==    by 0x728B99: __mn_range (in /mnt/c/Users/Juan/Documents/GitHub/Mapanare/mapanare/self/mnc-stage1)
==78260==    by 0x42EB95: parser__parse_block (in /mnt/c/Users/Juan/Documents/GitHub/Mapanare/mapanare/self/mnc-stage1)
==78260==    by 0x6A8EEBF: ???
==78260==    by 0x12: ???
==78260== 
==78260== 16 bytes in 1 blocks are definitely lost in loss record 359 of 604
==78260==    at 0x4846828: malloc (in /usr/libexec/valgrind/vgpreload_memcheck-amd64-linux.so)
==78260==    by 0x728B99: __mn_range (in /mnt/c/Users/Juan/Documents/GitHub/Mapanare/mapanare/self/mnc-stage1)
==78260==    by 0x42308E: parser__skip_semis (in /mnt/c/Users/Juan/Documents/GitHub/Mapanare/mapanare/self/mnc-stage1)
==78260==    by 0x6A8F17F: ???
==78260==    by 0x724D2C: __mn_str_eq (in /mnt/c/Users/Juan/Documents/GitHub/Mapanare/mapanare/self/mnc-stage1)
==78260==    by 0x422FF4: parser__expect (in /mnt/c/Users/Juan/Documents/GitHub/Mapanare/mapanare/self/mnc-stage1)
==78260==    by 0x7F: ???
==78260==    by 0x6A8931F: ???
==78260==    by 0x5A: ???
==78260==    by 0x7F: ???
==78260==    by 0x3F: ???
==78260==    by 0x6A8F79F: ???
==78260==    by 0x1101: ???
==78260==    by 0x580053FF: ??? (in /usr/libexec/valgrind/memcheck-amd64-linux)
==78260==    by 0xF: ???
==78260== 
==78260== 16 bytes in 1 blocks are definitely lost in loss record 360 of 604
==78260==    at 0x4846828: malloc (in /usr/libexec/valgrind/vgpreload_memcheck-amd64-linux.so)
==78260==    by 0x728B99: __mn_range (in /mnt/c/Users/Juan/Documents/GitHub/Mapanare/mapanare/self/mnc-stage1)
==78260==    by 0x4306E0: parser__parse_postfix (in /mnt/c/Users/Juan/Documents/GitHub/Mapanare/mapanare/self/mnc-stage1)
==78260==    by 0x14: ???
==78260==    by 0x6A8F83F: ???
==78260== 
==78260== 16 bytes in 1 blocks are definitely lost in loss record 361 of 604
==78260==    at 0x4846828: malloc (in /usr/libexec/valgrind/vgpreload_memcheck-amd64-linux.so)
==78260==    by 0x728B99: __mn_range (in /mnt/c/Users/Juan/Documents/GitHub/Mapanare/mapanare/self/mnc-stage1)
==78260==    by 0x42308E: parser__skip_semis (in /mnt/c/Users/Juan/Documents/GitHub/Mapanare/mapanare/self/mnc-stage1)
==78260==    by 0x6A8F7EF: ???
==78260== 
==78260== 16 bytes in 1 blocks are definitely lost in loss record 362 of 604
==78260==    at 0x4846828: malloc (in /usr/libexec/valgrind/vgpreload_memcheck-amd64-linux.so)
==78260==    by 0x728B99: __mn_range (in /mnt/c/Users/Juan/Documents/GitHub/Mapanare/mapanare/self/mnc-stage1)
==78260==    by 0x42308E: parser__skip_semis (in /mnt/c/Users/Juan/Documents/GitHub/Mapanare/mapanare/self/mnc-stage1)
==78260==    by 0x6A8F6FF: ???
==78260== 
==78260== 16 bytes in 1 blocks are definitely lost in loss record 363 of 604
==78260==    at 0x4846828: malloc (in /usr/libexec/valgrind/vgpreload_memcheck-amd64-linux.so)
==78260==    by 0x728B99: __mn_range (in /mnt/c/Users/Juan/Documents/GitHub/Mapanare/mapanare/self/mnc-stage1)
==78260==    by 0x42EB95: parser__parse_block (in /mnt/c/Users/Juan/Documents/GitHub/Mapanare/mapanare/self/mnc-stage1)
==78260==    by 0x6A8F79F: ???
==78260==    by 0x1D: ???
==78260== 
==78260== 16 bytes in 1 blocks are definitely lost in loss record 364 of 604
==78260==    at 0x4846828: malloc (in /usr/libexec/valgrind/vgpreload_memcheck-amd64-linux.so)
==78260==    by 0x728B99: __mn_range (in /mnt/c/Users/Juan/Documents/GitHub/Mapanare/mapanare/self/mnc-stage1)
==78260==    by 0x42308E: parser__skip_semis (in /mnt/c/Users/Juan/Documents/GitHub/Mapanare/mapanare/self/mnc-stage1)
==78260==    by 0x6A8FA5F: ???
==78260==    by 0x724D2C: __mn_str_eq (in /mnt/c/Users/Juan/Documents/GitHub/Mapanare/mapanare/self/mnc-stage1)
==78260==    by 0x422FF4: parser__expect (in /mnt/c/Users/Juan/Documents/GitHub/Mapanare/mapanare/self/mnc-stage1)
==78260==    by 0x7F: ???
==78260==    by 0x6A8931F: ???
==78260==    by 0x5A: ???
==78260==    by 0x7F: ???
==78260==    by 0x3F: ???
==78260==    by 0x6A8FFAF: ???
==78260==    by 0x1101: ???
==78260==    by 0x580053FF: ??? (in /usr/libexec/valgrind/memcheck-amd64-linux)
==78260==    by 0xF: ???
==78260== 
==78260== 16 bytes in 1 blocks are definitely lost in loss record 365 of 604
==78260==    at 0x4846828: malloc (in /usr/libexec/valgrind/vgpreload_memcheck-amd64-linux.so)
==78260==    by 0x728B99: __mn_range (in /mnt/c/Users/Juan/Documents/GitHub/Mapanare/mapanare/self/mnc-stage1)
==78260==    by 0x4306E0: parser__parse_postfix (in /mnt/c/Users/Juan/Documents/GitHub/Mapanare/mapanare/self/mnc-stage1)
==78260==    by 0x1F: ???
==78260==    by 0x6A9004F: ???
==78260== 
==78260== 16 bytes in 1 blocks are definitely lost in loss record 366 of 604
==78260==    at 0x4846828: malloc (in /usr/libexec/valgrind/vgpreload_memcheck-amd64-linux.so)
==78260==    by 0x728B99: __mn_range (in /mnt/c/Users/Juan/Documents/GitHub/Mapanare/mapanare/self/mnc-stage1)
==78260==    by 0x42308E: parser__skip_semis (in /mnt/c/Users/Juan/Documents/GitHub/Mapanare/mapanare/self/mnc-stage1)
==78260==    by 0x6A8FFFF: ???
==78260== 
==78260== 16 bytes in 1 blocks are definitely lost in loss record 367 of 604
==78260==    at 0x4846828: malloc (in /usr/libexec/valgrind/vgpreload_memcheck-amd64-linux.so)
==78260==    by 0x728B99: __mn_range (in /mnt/c/Users/Juan/Documents/GitHub/Mapanare/mapanare/self/mnc-stage1)
==78260==    by 0x42308E: parser__skip_semis (in /mnt/c/Users/Juan/Documents/GitHub/Mapanare/mapanare/self/mnc-stage1)
==78260==    by 0x6A8FF0F: ???
==78260== 
==78260== 16 bytes in 1 blocks are definitely lost in loss record 368 of 604
==78260==    at 0x4846828: malloc (in /usr/libexec/valgrind/vgpreload_memcheck-amd64-linux.so)
==78260==    by 0x728B99: __mn_range (in /mnt/c/Users/Juan/Documents/GitHub/Mapanare/mapanare/self/mnc-stage1)
==78260==    by 0x42EB95: parser__parse_block (in /mnt/c/Users/Juan/Documents/GitHub/Mapanare/mapanare/self/mnc-stage1)
==78260==    by 0x6A8FFAF: ???
==78260==    by 0x28: ???
==78260== 
==78260== 16 bytes in 1 blocks are definitely lost in loss record 369 of 604
==78260==    at 0x4846828: malloc (in /usr/libexec/valgrind/vgpreload_memcheck-amd64-linux.so)
==78260==    by 0x728B99: __mn_range (in /mnt/c/Users/Juan/Documents/GitHub/Mapanare/mapanare/self/mnc-stage1)
==78260==    by 0x42308E: parser__skip_semis (in /mnt/c/Users/Juan/Documents/GitHub/Mapanare/mapanare/self/mnc-stage1)
==78260==    by 0x6A9026F: ???
==78260==    by 0x724D2C: __mn_str_eq (in /mnt/c/Users/Juan/Documents/GitHub/Mapanare/mapanare/self/mnc-stage1)
==78260==    by 0x422FF4: parser__expect (in /mnt/c/Users/Juan/Documents/GitHub/Mapanare/mapanare/self/mnc-stage1)
==78260==    by 0x7F: ???
==78260==    by 0x6A8931F: ???
==78260==    by 0x5A: ???
==78260==    by 0x7F: ???
==78260==    by 0x3F: ???
==78260==    by 0x6A907BF: ???
==78260==    by 0x1101: ???
==78260==    by 0x580053FF: ??? (in /usr/libexec/valgrind/memcheck-amd64-linux)
==78260==    by 0xF: ???
==78260== 
==78260== 16 bytes in 1 blocks are definitely lost in loss record 370 of 604
==78260==    at 0x4846828: malloc (in /usr/libexec/valgrind/vgpreload_memcheck-amd64-linux.so)
==78260==    by 0x728B99: __mn_range (in /mnt/c/Users/Juan/Documents/GitHub/Mapanare/mapanare/self/mnc-stage1)
==78260==    by 0x4306E0: parser__parse_postfix (in /mnt/c/Users/Juan/Documents/GitHub/Mapanare/mapanare/self/mnc-stage1)
==78260==    by 0x2D: ???
==78260==    by 0x6A9085F: ???
==78260==    by 0x5: ???
==78260== 
==78260== 16 bytes in 1 blocks are definitely lost in loss record 371 of 604
==78260==    at 0x4846828: malloc (in /usr/libexec/valgrind/vgpreload_memcheck-amd64-linux.so)
==78260==    by 0x728B99: __mn_range (in /mnt/c/Users/Juan/Documents/GitHub/Mapanare/mapanare/self/mnc-stage1)
==78260==    by 0x42308E: parser__skip_semis (in /mnt/c/Users/Juan/Documents/GitHub/Mapanare/mapanare/self/mnc-stage1)
==78260==    by 0x6A9080F: ???
==78260== 
==78260== 16 bytes in 1 blocks are definitely lost in loss record 372 of 604
==78260==    at 0x4846828: malloc (in /usr/libexec/valgrind/vgpreload_memcheck-amd64-linux.so)
==78260==    by 0x728B99: __mn_range (in /mnt/c/Users/Juan/Documents/GitHub/Mapanare/mapanare/self/mnc-stage1)
==78260==    by 0x4306E0: parser__parse_postfix (in /mnt/c/Users/Juan/Documents/GitHub/Mapanare/mapanare/self/mnc-stage1)
==78260==    by 0x34: ???
==78260==    by 0x6A90C4F: ???
==78260==    by 0x5: ???
==78260== 
==78260== 16 bytes in 1 blocks are definitely lost in loss record 373 of 604
==78260==    at 0x4846828: malloc (in /usr/libexec/valgrind/vgpreload_memcheck-amd64-linux.so)
==78260==    by 0x728B99: __mn_range (in /mnt/c/Users/Juan/Documents/GitHub/Mapanare/mapanare/self/mnc-stage1)
==78260==    by 0x42308E: parser__skip_semis (in /mnt/c/Users/Juan/Documents/GitHub/Mapanare/mapanare/self/mnc-stage1)
==78260==    by 0x6A90BFF: ???
==78260== 
==78260== 16 bytes in 1 blocks are definitely lost in loss record 374 of 604
==78260==    at 0x4846828: malloc (in /usr/libexec/valgrind/vgpreload_memcheck-amd64-linux.so)
==78260==    by 0x728B99: __mn_range (in /mnt/c/Users/Juan/Documents/GitHub/Mapanare/mapanare/self/mnc-stage1)
==78260==    by 0x4306E0: parser__parse_postfix (in /mnt/c/Users/Juan/Documents/GitHub/Mapanare/mapanare/self/mnc-stage1)
==78260==    by 0x3B: ???
==78260==    by 0x6A90F6F: ???
==78260==    by 0x5: ???
==78260== 
==78260== 16 bytes in 1 blocks are definitely lost in loss record 375 of 604
==78260==    at 0x4846828: malloc (in /usr/libexec/valgrind/vgpreload_memcheck-amd64-linux.so)
==78260==    by 0x728B99: __mn_range (in /mnt/c/Users/Juan/Documents/GitHub/Mapanare/mapanare/self/mnc-stage1)
==78260==    by 0x42308E: parser__skip_semis (in /mnt/c/Users/Juan/Documents/GitHub/Mapanare/mapanare/self/mnc-stage1)
==78260==    by 0x6A90F1F: ???
==78260== 
==78260== 16 bytes in 1 blocks are definitely lost in loss record 376 of 604
==78260==    at 0x4846828: malloc (in /usr/libexec/valgrind/vgpreload_memcheck-amd64-linux.so)
==78260==    by 0x728B99: __mn_range (in /mnt/c/Users/Juan/Documents/GitHub/Mapanare/mapanare/self/mnc-stage1)
==78260==    by 0x4306E0: parser__parse_postfix (in /mnt/c/Users/Juan/Documents/GitHub/Mapanare/mapanare/self/mnc-stage1)
==78260==    by 0x3F: ???
==78260==    by 0x6A9128F: ???
==78260==    by 0x5: ???
==78260==    by 0x8000000000000048: ???
==78260== 
==78260== 16 bytes in 1 blocks are definitely lost in loss record 377 of 604
==78260==    at 0x4846828: malloc (in /usr/libexec/valgrind/vgpreload_memcheck-amd64-linux.so)
==78260==    by 0x728B99: __mn_range (in /mnt/c/Users/Juan/Documents/GitHub/Mapanare/mapanare/self/mnc-stage1)
==78260==    by 0x42FA6B: parser__parse_expr (in /mnt/c/Users/Juan/Documents/GitHub/Mapanare/mapanare/self/mnc-stage1)
==78260==    by 0x6A8931F: ???
==78260==    by 0x5: ???
==78260==    by 0x6A9128F: ???
==78260==    by 0x3F: ???
==78260==    by 0x5A: ???
==78260==    by 0x7F: ???
==78260==    by 0x6A8931F: ???
==78260==    by 0x6A8931F: ???
==78260==    by 0x5A: ???
==78260==    by 0x7F: ???
==78260==    by 0x3F: ???
==78260== 
==78260== 16 bytes in 1 blocks are definitely lost in loss record 378 of 604
==78260==    at 0x4846828: malloc (in /usr/libexec/valgrind/vgpreload_memcheck-amd64-linux.so)
==78260==    by 0x728B99: __mn_range (in /mnt/c/Users/Juan/Documents/GitHub/Mapanare/mapanare/self/mnc-stage1)
==78260==    by 0x4306E0: parser__parse_postfix (in /mnt/c/Users/Juan/Documents/GitHub/Mapanare/mapanare/self/mnc-stage1)
==78260==    by 0x41: ???
==78260==    by 0x6A9137F: ???
==78260==    by 0x5: ???
==78260==    by 0x7F: ???
==78260==    by 0x3F: ???
==78260== 
==78260== 16 bytes in 1 blocks are definitely lost in loss record 379 of 604
==78260==    at 0x4846828: malloc (in /usr/libexec/valgrind/vgpreload_memcheck-amd64-linux.so)
==78260==    by 0x728B99: __mn_range (in /mnt/c/Users/Juan/Documents/GitHub/Mapanare/mapanare/self/mnc-stage1)
==78260==    by 0x4306E0: parser__parse_postfix (in /mnt/c/Users/Juan/Documents/GitHub/Mapanare/mapanare/self/mnc-stage1)
==78260==    by 0x43: ???
==78260==    by 0x6A9156F: ???
==78260==    by 0x5: ???
==78260== 
==78260== 16 bytes in 1 blocks are definitely lost in loss record 380 of 604
==78260==    at 0x4846828: malloc (in /usr/libexec/valgrind/vgpreload_memcheck-amd64-linux.so)
==78260==    by 0x728B99: __mn_range (in /mnt/c/Users/Juan/Documents/GitHub/Mapanare/mapanare/self/mnc-stage1)
==78260==    by 0x42308E: parser__skip_semis (in /mnt/c/Users/Juan/Documents/GitHub/Mapanare/mapanare/self/mnc-stage1)
==78260==    by 0x6A9123F: ???
==78260== 
==78260== 16 bytes in 1 blocks are definitely lost in loss record 381 of 604
==78260==    at 0x4846828: malloc (in /usr/libexec/valgrind/vgpreload_memcheck-amd64-linux.so)
==78260==    by 0x728B99: __mn_range (in /mnt/c/Users/Juan/Documents/GitHub/Mapanare/mapanare/self/mnc-stage1)
==78260==    by 0x42308E: parser__skip_semis (in /mnt/c/Users/Juan/Documents/GitHub/Mapanare/mapanare/self/mnc-stage1)
==78260==    by 0x6A9071F: ???
==78260== 
==78260== 16 bytes in 1 blocks are definitely lost in loss record 382 of 604
==78260==    at 0x4846828: malloc (in /usr/libexec/valgrind/vgpreload_memcheck-amd64-linux.so)
==78260==    by 0x728B99: __mn_range (in /mnt/c/Users/Juan/Documents/GitHub/Mapanare/mapanare/self/mnc-stage1)
==78260==    by 0x42EB95: parser__parse_block (in /mnt/c/Users/Juan/Documents/GitHub/Mapanare/mapanare/self/mnc-stage1)
==78260==    by 0x6A907BF: ???
==78260==    by 0x49: ???
==78260== 
==78260== 16 bytes in 1 blocks are definitely lost in loss record 383 of 604
==78260==    at 0x4846828: malloc (in /usr/libexec/valgrind/vgpreload_memcheck-amd64-linux.so)
==78260==    by 0x728B99: __mn_range (in /mnt/c/Users/Juan/Documents/GitHub/Mapanare/mapanare/self/mnc-stage1)
==78260==    by 0x42308E: parser__skip_semis (in /mnt/c/Users/Juan/Documents/GitHub/Mapanare/mapanare/self/mnc-stage1)
==78260==    by 0x6A917BF: ???
==78260==    by 0x724D2C: __mn_str_eq (in /mnt/c/Users/Juan/Documents/GitHub/Mapanare/mapanare/self/mnc-stage1)
==78260==    by 0x422FF4: parser__expect (in /mnt/c/Users/Juan/Documents/GitHub/Mapanare/mapanare/self/mnc-stage1)
==78260==    by 0x7F: ???
==78260==    by 0x6A8931F: ???
==78260==    by 0x5A: ???
==78260==    by 0x7F: ???
==78260==    by 0x3F: ???
==78260==    by 0x6A91CBF: ???
==78260==    by 0x1101: ???
==78260==    by 0x580053FF: ??? (in /usr/libexec/valgrind/memcheck-amd64-linux)
==78260==    by 0xF: ???
==78260== 
==78260== 16 bytes in 1 blocks are definitely lost in loss record 384 of 604
==78260==    at 0x4846828: malloc (in /usr/libexec/valgrind/vgpreload_memcheck-amd64-linux.so)
==78260==    by 0x728B99: __mn_range (in /mnt/c/Users/Juan/Documents/GitHub/Mapanare/mapanare/self/mnc-stage1)
==78260==    by 0x4306E0: parser__parse_postfix (in /mnt/c/Users/Juan/Documents/GitHub/Mapanare/mapanare/self/mnc-stage1)
==78260==    by 0x4D: ???
==78260==    by 0x6A91D5F: ???
==78260==    by 0x5: ???
==78260==    by 0x270F: ???
==78260== 
==78260== 16 bytes in 1 blocks are definitely lost in loss record 385 of 604
==78260==    at 0x4846828: malloc (in /usr/libexec/valgrind/vgpreload_memcheck-amd64-linux.so)
==78260==    by 0x728B99: __mn_range (in /mnt/c/Users/Juan/Documents/GitHub/Mapanare/mapanare/self/mnc-stage1)
==78260==    by 0x4306E0: parser__parse_postfix (in /mnt/c/Users/Juan/Documents/GitHub/Mapanare/mapanare/self/mnc-stage1)
==78260==    by 0x4F: ???
==78260==    by 0x6A91DFF: ???
==78260==    by 0x5: ???
==78260== 
==78260== 16 bytes in 1 blocks are definitely lost in loss record 386 of 604
==78260==    at 0x4846828: malloc (in /usr/libexec/valgrind/vgpreload_memcheck-amd64-linux.so)
==78260==    by 0x728B99: __mn_range (in /mnt/c/Users/Juan/Documents/GitHub/Mapanare/mapanare/self/mnc-stage1)
==78260==    by 0x42FA6B: parser__parse_expr (in /mnt/c/Users/Juan/Documents/GitHub/Mapanare/mapanare/self/mnc-stage1)
==78260==    by 0xF: ???
==78260==    by 0x8: ???
==78260==    by 0x6A91E9F: ???
==78260==    by 0x3F: ???
==78260==    by 0x5A: ???
==78260==    by 0x7F: ???
==78260==    by 0x6A8931F: ???
==78260==    by 0x6A8931F: ???
==78260==    by 0x5A: ???
==78260==    by 0x7F: ???
==78260==    by 0x3F: ???
==78260== 
==78260== 16 bytes in 1 blocks are definitely lost in loss record 387 of 604
==78260==    at 0x4846828: malloc (in /usr/libexec/valgrind/vgpreload_memcheck-amd64-linux.so)
==78260==    by 0x728B99: __mn_range (in /mnt/c/Users/Juan/Documents/GitHub/Mapanare/mapanare/self/mnc-stage1)
==78260==    by 0x42308E: parser__skip_semis (in /mnt/c/Users/Juan/Documents/GitHub/Mapanare/mapanare/self/mnc-stage1)
==78260==    by 0x6A91D0F: ???
==78260== 
==78260== 16 bytes in 1 blocks are definitely lost in loss record 388 of 604
==78260==    at 0x4846828: malloc (in /usr/libexec/valgrind/vgpreload_memcheck-amd64-linux.so)
==78260==    by 0x728B99: __mn_range (in /mnt/c/Users/Juan/Documents/GitHub/Mapanare/mapanare/self/mnc-stage1)
==78260==    by 0x4306E0: parser__parse_postfix (in /mnt/c/Users/Juan/Documents/GitHub/Mapanare/mapanare/self/mnc-stage1)
==78260==    by 0x53: ???
==78260==    by 0x6A9237F: ???
==78260==    by 0x5: ???
==78260==    by 0x6A8931F: ???
==78260==    by 0x5A: ???
==78260==    by 0x7F: ???
==78260==    by 0x3F: ???
==78260==    by 0x6A9218F: ???
==78260==    by 0x1101: ???
==78260==    by 0x580053FF: ??? (in /usr/libexec/valgrind/memcheck-amd64-linux)
==78260==    by 0xF: ???
==78260== 
==78260== 16 bytes in 1 blocks are definitely lost in loss record 389 of 604
==78260==    at 0x4846828: malloc (in /usr/libexec/valgrind/vgpreload_memcheck-amd64-linux.so)
==78260==    by 0x728B99: __mn_range (in /mnt/c/Users/Juan/Documents/GitHub/Mapanare/mapanare/self/mnc-stage1)
==78260==    by 0x4306E0: parser__parse_postfix (in /mnt/c/Users/Juan/Documents/GitHub/Mapanare/mapanare/self/mnc-stage1)
==78260==    by 0x55: ???
==78260==    by 0x6A9241F: ???
==78260==    by 0x5: ???
==78260==    by 0x6A8931F: ???
==78260==    by 0x5A: ???
==78260==    by 0x7F: ???
==78260==    by 0x3F: ???
==78260==    by 0x6A91F5F: ???
==78260==    by 0x1101: ???
==78260==    by 0x580053FF: ??? (in /usr/libexec/valgrind/memcheck-amd64-linux)
==78260==    by 0xF: ???
==78260== 
==78260== 16 bytes in 1 blocks are definitely lost in loss record 390 of 604
==78260==    at 0x4846828: malloc (in /usr/libexec/valgrind/vgpreload_memcheck-amd64-linux.so)
==78260==    by 0x728B99: __mn_range (in /mnt/c/Users/Juan/Documents/GitHub/Mapanare/mapanare/self/mnc-stage1)
==78260==    by 0x4306E0: parser__parse_postfix (in /mnt/c/Users/Juan/Documents/GitHub/Mapanare/mapanare/self/mnc-stage1)
==78260==    by 0x57: ???
==78260==    by 0x6A924BF: ???
==78260==    by 0x5: ???
==78260== 
==78260== 16 bytes in 1 blocks are definitely lost in loss record 391 of 604
==78260==    at 0x4846828: malloc (in /usr/libexec/valgrind/vgpreload_memcheck-amd64-linux.so)
==78260==    by 0x728B99: __mn_range (in /mnt/c/Users/Juan/Documents/GitHub/Mapanare/mapanare/self/mnc-stage1)
==78260==    by 0x42FA6B: parser__parse_expr (in /mnt/c/Users/Juan/Documents/GitHub/Mapanare/mapanare/self/mnc-stage1)
==78260==    by 0x5A: ???
==78260==    by 0x8: ???
==78260==    by 0x6A926CF: ???
==78260==    by 0x3F: ???
==78260==    by 0x5A: ???
==78260==    by 0x7F: ???
==78260==    by 0x6A8931F: ???
==78260==    by 0x6A8931F: ???
==78260==    by 0x5A: ???
==78260==    by 0x7F: ???
==78260==    by 0x3F: ???
==78260== 
==78260== 16 bytes in 1 blocks are definitely lost in loss record 392 of 604
==78260==    at 0x4846828: malloc (in /usr/libexec/valgrind/vgpreload_memcheck-amd64-linux.so)
==78260==    by 0x728B99: __mn_range (in /mnt/c/Users/Juan/Documents/GitHub/Mapanare/mapanare/self/mnc-stage1)
==78260==    by 0x42FA6B: parser__parse_expr (in /mnt/c/Users/Juan/Documents/GitHub/Mapanare/mapanare/self/mnc-stage1)
==78260==    by 0x5A: ???
==78260==    by 0x8: ???
==78260==    by 0x6A928FF: ???
==78260==    by 0x3F: ???
==78260==    by 0x5A: ???
==78260==    by 0x7F: ???
==78260==    by 0x6A8931F: ???
==78260==    by 0x6A8931F: ???
==78260==    by 0x5A: ???
==78260==    by 0x7F: ???
==78260==    by 0x3F: ???
==78260== 
==78260== 16 bytes in 1 blocks are definitely lost in loss record 393 of 604
==78260==    at 0x4846828: malloc (in /usr/libexec/valgrind/vgpreload_memcheck-amd64-linux.so)
==78260==    by 0x728B99: __mn_range (in /mnt/c/Users/Juan/Documents/GitHub/Mapanare/mapanare/self/mnc-stage1)
==78260==    by 0x42308E: parser__skip_semis (in /mnt/c/Users/Juan/Documents/GitHub/Mapanare/mapanare/self/mnc-stage1)
==78260==    by 0x6A9232F: ???
==78260== 
==78260== 16 bytes in 1 blocks are definitely lost in loss record 394 of 604
==78260==    at 0x4846828: malloc (in /usr/libexec/valgrind/vgpreload_memcheck-amd64-linux.so)
==78260==    by 0x728B99: __mn_range (in /mnt/c/Users/Juan/Documents/GitHub/Mapanare/mapanare/self/mnc-stage1)
==78260==    by 0x42308E: parser__skip_semis (in /mnt/c/Users/Juan/Documents/GitHub/Mapanare/mapanare/self/mnc-stage1)
==78260==    by 0x6A91C6F: ???
==78260== 
==78260== 16 bytes in 1 blocks are definitely lost in loss record 395 of 604
==78260==    at 0x4846828: malloc (in /usr/libexec/valgrind/vgpreload_memcheck-amd64-linux.so)
==78260==    by 0x728B99: __mn_range (in /mnt/c/Users/Juan/Documents/GitHub/Mapanare/mapanare/self/mnc-stage1)
==78260==    by 0x4139FD: dir_of_path (in /mnt/c/Users/Juan/Documents/GitHub/Mapanare/mapanare/self/mnc-stage1)
==78260== 
==78260== 16 bytes in 1 blocks are definitely lost in loss record 396 of 604
==78260==    at 0x4846828: malloc (in /usr/libexec/valgrind/vgpreload_memcheck-amd64-linux.so)
==78260==    by 0x728B99: __mn_range (in /mnt/c/Users/Juan/Documents/GitHub/Mapanare/mapanare/self/mnc-stage1)
==78260==    by 0x414E82: resolve_imports (in /mnt/c/Users/Juan/Documents/GitHub/Mapanare/mapanare/self/mnc-stage1)
==78260==    by 0x6A73667: ???
==78260==    by 0x5A: ???
==78260== 
==78260== 16 bytes in 1 blocks are definitely lost in loss record 397 of 604
==78260==    at 0x4846828: malloc (in /usr/libexec/valgrind/vgpreload_memcheck-amd64-linux.so)
==78260==    by 0x728B99: __mn_range (in /mnt/c/Users/Juan/Documents/GitHub/Mapanare/mapanare/self/mnc-stage1)
==78260==    by 0x41550C: resolve_imports (in /mnt/c/Users/Juan/Documents/GitHub/Mapanare/mapanare/self/mnc-stage1)
==78260==    by 0x6A73667: ???
==78260==    by 0x5A: ???
==78260== 
==78260== 16 bytes in 1 blocks are definitely lost in loss record 398 of 604
==78260==    at 0x4846828: malloc (in /usr/libexec/valgrind/vgpreload_memcheck-amd64-linux.so)
==78260==    by 0x728B99: __mn_range (in /mnt/c/Users/Juan/Documents/GitHub/Mapanare/mapanare/self/mnc-stage1)
==78260==    by 0x47679C: semantic__register_definitions (in /mnt/c/Users/Juan/Documents/GitHub/Mapanare/mapanare/self/mnc-stage1)
==78260== 
==78260== 16 bytes in 1 blocks are definitely lost in loss record 399 of 604
==78260==    at 0x4846828: malloc (in /usr/libexec/valgrind/vgpreload_memcheck-amd64-linux.so)
==78260==    by 0x728B99: __mn_range (in /mnt/c/Users/Juan/Documents/GitHub/Mapanare/mapanare/self/mnc-stage1)
==78260==    by 0x47E58C: semantic__check_definitions (in /mnt/c/Users/Juan/Documents/GitHub/Mapanare/mapanare/self/mnc-stage1)
==78260==    by 0x6AA0DFF: ???
==78260== 
==78260== 16 bytes in 1 blocks are definitely lost in loss record 400 of 604
==78260==    at 0x4846828: malloc (in /usr/libexec/valgrind/vgpreload_memcheck-amd64-linux.so)
==78260==    by 0x728B99: __mn_range (in /mnt/c/Users/Juan/Documents/GitHub/Mapanare/mapanare/self/mnc-stage1)
==78260==    by 0x46DF98: semantic__check_block (in /mnt/c/Users/Juan/Documents/GitHub/Mapanare/mapanare/self/mnc-stage1)
==78260== 
==78260== 16 bytes in 1 blocks are definitely lost in loss record 401 of 604
==78260==    at 0x4846828: malloc (in /usr/libexec/valgrind/vgpreload_memcheck-amd64-linux.so)
==78260==    by 0x728B99: __mn_range (in /mnt/c/Users/Juan/Documents/GitHub/Mapanare/mapanare/self/mnc-stage1)
==78260==    by 0x46DF98: semantic__check_block (in /mnt/c/Users/Juan/Documents/GitHub/Mapanare/mapanare/self/mnc-stage1)
==78260==    by 0x6AA821F: ???
==78260== 
==78260== 16 bytes in 1 blocks are definitely lost in loss record 402 of 604
==78260==    at 0x4846828: malloc (in /usr/libexec/valgrind/vgpreload_memcheck-amd64-linux.so)
==78260==    by 0x728B99: __mn_range (in /mnt/c/Users/Juan/Documents/GitHub/Mapanare/mapanare/self/mnc-stage1)
==78260==    by 0x46DF98: semantic__check_block (in /mnt/c/Users/Juan/Documents/GitHub/Mapanare/mapanare/self/mnc-stage1)
==78260==    by 0x6AA851F: ???
==78260== 
==78260== 16 bytes in 1 blocks are definitely lost in loss record 403 of 604
==78260==    at 0x4846828: malloc (in /usr/libexec/valgrind/vgpreload_memcheck-amd64-linux.so)
==78260==    by 0x728B99: __mn_range (in /mnt/c/Users/Juan/Documents/GitHub/Mapanare/mapanare/self/mnc-stage1)
==78260==    by 0x46DF98: semantic__check_block (in /mnt/c/Users/Juan/Documents/GitHub/Mapanare/mapanare/self/mnc-stage1)
==78260==    by 0x6AA881F: ???
==78260== 
==78260== 16 bytes in 1 blocks are definitely lost in loss record 404 of 604
==78260==    at 0x4846828: malloc (in /usr/libexec/valgrind/vgpreload_memcheck-amd64-linux.so)
==78260==    by 0x728B99: __mn_range (in /mnt/c/Users/Juan/Documents/GitHub/Mapanare/mapanare/self/mnc-stage1)
==78260==    by 0x437E86: semantic__scope_lookup (in /mnt/c/Users/Juan/Documents/GitHub/Mapanare/mapanare/self/mnc-stage1)
==78260==    by 0x6A84DAF: ???
==78260==    by 0x6A60AD7: ???
==78260==    by 0x6AA989F: ???
==78260== 
==78260== 16 bytes in 1 blocks are definitely lost in loss record 405 of 604
==78260==    at 0x4846828: malloc (in /usr/libexec/valgrind/vgpreload_memcheck-amd64-linux.so)
==78260==    by 0x728B99: __mn_range (in /mnt/c/Users/Juan/Documents/GitHub/Mapanare/mapanare/self/mnc-stage1)
==78260==    by 0x46DF98: semantic__check_block (in /mnt/c/Users/Juan/Documents/GitHub/Mapanare/mapanare/self/mnc-stage1)
==78260==    by 0x6AA8B1F: ???
==78260== 
==78260== 16 bytes in 1 blocks are definitely lost in loss record 406 of 604
==78260==    at 0x4846828: malloc (in /usr/libexec/valgrind/vgpreload_memcheck-amd64-linux.so)
==78260==    by 0x728B99: __mn_range (in /mnt/c/Users/Juan/Documents/GitHub/Mapanare/mapanare/self/mnc-stage1)
==78260==    by 0x437E86: semantic__scope_lookup (in /mnt/c/Users/Juan/Documents/GitHub/Mapanare/mapanare/self/mnc-stage1)
==78260==    by 0x73D92F: ??? (in /mnt/c/Users/Juan/Documents/GitHub/Mapanare/mapanare/self/mnc-stage1)
==78260==    by 0x6A64FD7: ???
==78260==    by 0x6AA7F8F: ???
==78260==    by 0x44E7CF: semantic__check_binary_expr (in /mnt/c/Users/Juan/Documents/GitHub/Mapanare/mapanare/self/mnc-stage1)
==78260==    by 0x73CC77: ??? (in /mnt/c/Users/Juan/Documents/GitHub/Mapanare/mapanare/self/mnc-stage1)
==78260== 
==78260== 16 bytes in 1 blocks are definitely lost in loss record 407 of 604
==78260==    at 0x4846828: malloc (in /usr/libexec/valgrind/vgpreload_memcheck-amd64-linux.so)
==78260==    by 0x728B99: __mn_range (in /mnt/c/Users/Juan/Documents/GitHub/Mapanare/mapanare/self/mnc-stage1)
==78260==    by 0x437E86: semantic__scope_lookup (in /mnt/c/Users/Juan/Documents/GitHub/Mapanare/mapanare/self/mnc-stage1)
==78260==    by 0x8000000000000002: ???
==78260==    by 0x6A5D4F7: ???
==78260==    by 0x6AAB02F: ???
==78260== 
==78260== 24 bytes in 3 blocks are indirectly lost in loss record 408 of 604
==78260==    at 0x4846828: malloc (in /usr/libexec/valgrind/vgpreload_memcheck-amd64-linux.so)
==78260==    by 0x432B31: parser__parse_atom (in /mnt/c/Users/Juan/Documents/GitHub/Mapanare/mapanare/self/mnc-stage1)
==78260== 
==78260== 24 bytes in 3 blocks are indirectly lost in loss record 409 of 604
==78260==    at 0x4846828: malloc (in /usr/libexec/valgrind/vgpreload_memcheck-amd64-linux.so)
==78260==    by 0x43062E: parser__parse_unary (in /mnt/c/Users/Juan/Documents/GitHub/Mapanare/mapanare/self/mnc-stage1)
==78260==    by 0x6: ???
==78260==    by 0x3F: ???
==78260== 
==78260== 30 bytes in 1 blocks are still reachable in loss record 410 of 604
==78260==    at 0x484D953: calloc (in /usr/libexec/valgrind/vgpreload_memcheck-amd64-linux.so)
==78260==    by 0x723DE9: __mn_alloc (in /mnt/c/Users/Juan/Documents/GitHub/Mapanare/mapanare/self/mnc-stage1)
==78260==    by 0x7249CE: __mn_str_concat (in /mnt/c/Users/Juan/Documents/GitHub/Mapanare/mapanare/self/mnc-stage1)
==78260==    by 0x45B306: semantic__check_call_resolved (in /mnt/c/Users/Juan/Documents/GitHub/Mapanare/mapanare/self/mnc-stage1)
==78260== 
==78260== 32 bytes in 1 blocks are indirectly lost in loss record 411 of 604
==78260==    at 0x4846828: malloc (in /usr/libexec/valgrind/vgpreload_memcheck-amd64-linux.so)
==78260==    by 0x42FDA6: parser__parse_expr (in /mnt/c/Users/Juan/Documents/GitHub/Mapanare/mapanare/self/mnc-stage1)
==78260==    by 0x6A8931F: ???
==78260==    by 0x5: ???
==78260==    by 0x6A9128F: ???
==78260==    by 0x3F: ???
==78260==    by 0x5A: ???
==78260==    by 0x7F: ???
==78260==    by 0x6A8931F: ???
==78260==    by 0x6A8931F: ???
==78260==    by 0x5A: ???
==78260==    by 0x7F: ???
==78260==    by 0x3F: ???
==78260== 
==78260== 32 bytes in 1 blocks are indirectly lost in loss record 412 of 604
==78260==    at 0x4846828: malloc (in /usr/libexec/valgrind/vgpreload_memcheck-amd64-linux.so)
==78260==    by 0x42FDA6: parser__parse_expr (in /mnt/c/Users/Juan/Documents/GitHub/Mapanare/mapanare/self/mnc-stage1)
==78260==    by 0x6A8931F: ???
==78260==    by 0x6: ???
==78260==    by 0x6A9146F: ???
==78260==    by 0x3F: ???
==78260==    by 0x5A: ???
==78260==    by 0x7F: ???
==78260==    by 0x6A8931F: ???
==78260==    by 0x6A8931F: ???
==78260==    by 0x5A: ???
==78260==    by 0x7F: ???
==78260==    by 0x3F: ???
==78260== 
==78260== 32 bytes in 16 blocks are definitely lost in loss record 413 of 604
==78260==    at 0x484D953: calloc (in /usr/libexec/valgrind/vgpreload_memcheck-amd64-linux.so)
==78260==    by 0x723DE9: __mn_alloc (in /mnt/c/Users/Juan/Documents/GitHub/Mapanare/mapanare/self/mnc-stage1)
==78260==    by 0x7245AB: __mn_str_from_parts (in /mnt/c/Users/Juan/Documents/GitHub/Mapanare/mapanare/self/mnc-stage1)
==78260==    by 0x413A46: dir_of_path (in /mnt/c/Users/Juan/Documents/GitHub/Mapanare/mapanare/self/mnc-stage1)
==78260== 
==78260== 42 bytes in 21 blocks are definitely lost in loss record 414 of 604
==78260==    at 0x484D953: calloc (in /usr/libexec/valgrind/vgpreload_memcheck-amd64-linux.so)
==78260==    by 0x723DE9: __mn_alloc (in /mnt/c/Users/Juan/Documents/GitHub/Mapanare/mapanare/self/mnc-stage1)
==78260==    by 0x7245AB: __mn_str_from_parts (in /mnt/c/Users/Juan/Documents/GitHub/Mapanare/mapanare/self/mnc-stage1)
==78260==    by 0x4221F4: lexer__skip_comment_to_eol (in /mnt/c/Users/Juan/Documents/GitHub/Mapanare/mapanare/self/mnc-stage1)
==78260==    by 0x800000000000023C: ???
==78260==    by 0x6A7751F: ???
==78260==    by 0x8000000000000000: ???
==78260==    by 0x6A7B93F: ???
==78260==    by 0xD0: ???
==78260==    by 0x23C: ???
==78260==    by 0x800000000000023C: ???
==78260==    by 0x4225F0: lexer__tokenize (in /mnt/c/Users/Juan/Documents/GitHub/Mapanare/mapanare/self/mnc-stage1)
==78260== 
==78260== 48 bytes in 3 blocks are indirectly lost in loss record 415 of 604
==78260==    at 0x4846828: malloc (in /usr/libexec/valgrind/vgpreload_memcheck-amd64-linux.so)
==78260==    by 0x43063B: parser__parse_unary (in /mnt/c/Users/Juan/Documents/GitHub/Mapanare/mapanare/self/mnc-stage1)
==78260==    by 0x6: ???
==78260==    by 0x3F: ???
==78260== 
==78260== 48 bytes in 3 blocks are indirectly lost in loss record 416 of 604
==78260==    at 0x4846828: malloc (in /usr/libexec/valgrind/vgpreload_memcheck-amd64-linux.so)
==78260==    by 0x431081: parser__parse_call_args (in /mnt/c/Users/Juan/Documents/GitHub/Mapanare/mapanare/self/mnc-stage1)
==78260==    by 0x6A8931F: ???
==78260==    by 0x5A: ???
==78260==    by 0x7F: ???
==78260==    by 0x3F: ???
==78260== 
==78260== 48 bytes in 3 blocks are definitely lost in loss record 417 of 604
==78260==    at 0x4846828: malloc (in /usr/libexec/valgrind/vgpreload_memcheck-amd64-linux.so)
==78260==    by 0x728B99: __mn_range (in /mnt/c/Users/Juan/Documents/GitHub/Mapanare/mapanare/self/mnc-stage1)
==78260==    by 0x430E1A: parser__parse_call_args (in /mnt/c/Users/Juan/Documents/GitHub/Mapanare/mapanare/self/mnc-stage1)
==78260==    by 0x6A8931F: ???
==78260==    by 0x5A: ???
==78260==    by 0x7F: ???
==78260==    by 0x3F: ???
==78260== 
==78260== 56 bytes in 1 blocks are indirectly lost in loss record 418 of 604
==78260==    at 0x4846828: malloc (in /usr/libexec/valgrind/vgpreload_memcheck-amd64-linux.so)
==78260==    by 0x4780C8: semantic__register_def (in /mnt/c/Users/Juan/Documents/GitHub/Mapanare/mapanare/self/mnc-stage1)
==78260== 
==78260== 56 bytes in 1 blocks are definitely lost in loss record 419 of 604
==78260==    at 0x484D953: calloc (in /usr/libexec/valgrind/vgpreload_memcheck-amd64-linux.so)
==78260==    by 0x415B0F: compile (in /mnt/c/Users/Juan/Documents/GitHub/Mapanare/mapanare/self/mnc-stage1)
==78260== 
==78260== 56 bytes in 1 blocks are definitely lost in loss record 420 of 604
==78260==    at 0x4846828: malloc (in /usr/libexec/valgrind/vgpreload_memcheck-amd64-linux.so)
==78260==    by 0x48A513: semantic__register_builtins (in /mnt/c/Users/Juan/Documents/GitHub/Mapanare/mapanare/self/mnc-stage1)
==78260== 
==78260== 56 bytes in 1 blocks are definitely lost in loss record 421 of 604
==78260==    at 0x4846828: malloc (in /usr/libexec/valgrind/vgpreload_memcheck-amd64-linux.so)
==78260==    by 0x497D52: semantic__register_builtins (in /mnt/c/Users/Juan/Documents/GitHub/Mapanare/mapanare/self/mnc-stage1)
==78260== 
==78260== 58 bytes in 1 blocks are definitely lost in loss record 422 of 604
==78260==    at 0x484D953: calloc (in /usr/libexec/valgrind/vgpreload_memcheck-amd64-linux.so)
==78260==    by 0x723DE9: __mn_alloc (in /mnt/c/Users/Juan/Documents/GitHub/Mapanare/mapanare/self/mnc-stage1)
==78260==    by 0x7245AB: __mn_str_from_parts (in /mnt/c/Users/Juan/Documents/GitHub/Mapanare/mapanare/self/mnc-stage1)
==78260==    by 0x413A7B: dir_of_path (in /mnt/c/Users/Juan/Documents/GitHub/Mapanare/mapanare/self/mnc-stage1)
==78260== 
==78260== 64 bytes in 4 blocks are indirectly lost in loss record 423 of 604
==78260==    at 0x4846828: malloc (in /usr/libexec/valgrind/vgpreload_memcheck-amd64-linux.so)
==78260==    by 0x436607: parser__parse_type_expr (in /mnt/c/Users/Juan/Documents/GitHub/Mapanare/mapanare/self/mnc-stage1)
==78260==    by 0x5A: ???
==78260==    by 0x6A8931F: ???
==78260==    by 0x5A: ???
==78260==    by 0x7F: ???
==78260==    by 0x3F: ???
==78260== 
==78260== 64 bytes in 4 blocks are indirectly lost in loss record 424 of 604
==78260==    at 0x4846828: malloc (in /usr/libexec/valgrind/vgpreload_memcheck-amd64-linux.so)
==78260==    by 0x430D69: parser__parse_call_args (in /mnt/c/Users/Juan/Documents/GitHub/Mapanare/mapanare/self/mnc-stage1)
==78260==    by 0x6A8931F: ???
==78260==    by 0x5A: ???
==78260==    by 0x7F: ???
==78260==    by 0x3F: ???
==78260== 
==78260== 64 bytes in 4 blocks are definitely lost in loss record 425 of 604
==78260==    at 0x4846828: malloc (in /usr/libexec/valgrind/vgpreload_memcheck-amd64-linux.so)
==78260==    by 0x728B99: __mn_range (in /mnt/c/Users/Juan/Documents/GitHub/Mapanare/mapanare/self/mnc-stage1)
==78260==    by 0x458D45: semantic__check_call_expr (in /mnt/c/Users/Juan/Documents/GitHub/Mapanare/mapanare/self/mnc-stage1)
==78260== 
==78260== 66 bytes in 5 blocks are definitely lost in loss record 426 of 604
==78260==    at 0x484D953: calloc (in /usr/libexec/valgrind/vgpreload_memcheck-amd64-linux.so)
==78260==    by 0x723DE9: __mn_alloc (in /mnt/c/Users/Juan/Documents/GitHub/Mapanare/mapanare/self/mnc-stage1)
==78260==    by 0x7249CE: __mn_str_concat (in /mnt/c/Users/Juan/Documents/GitHub/Mapanare/mapanare/self/mnc-stage1)
==78260==    by 0x414BE5: dedup_definitions (in /mnt/c/Users/Juan/Documents/GitHub/Mapanare/mapanare/self/mnc-stage1)
==78260== 
==78260== 74 bytes in 1 blocks are possibly lost in loss record 427 of 604
==78260==    at 0x484D953: calloc (in /usr/libexec/valgrind/vgpreload_memcheck-amd64-linux.so)
==78260==    by 0x723DE9: __mn_alloc (in /mnt/c/Users/Juan/Documents/GitHub/Mapanare/mapanare/self/mnc-stage1)
==78260==    by 0x7244D2: __mn_str_from_cstr (in /mnt/c/Users/Juan/Documents/GitHub/Mapanare/mapanare/self/mnc-stage1)
==78260==    by 0x418B0A: mn_main (in /mnt/c/Users/Juan/Documents/GitHub/Mapanare/mapanare/self/mnc-stage1)
==78260==    by 0x4989A63: clone (clone.S:100)
==78260== 
==78260== 75 bytes in 1 blocks are definitely lost in loss record 428 of 604
==78260==    at 0x484D953: calloc (in /usr/libexec/valgrind/vgpreload_memcheck-amd64-linux.so)
==78260==    by 0x723DE9: __mn_alloc (in /mnt/c/Users/Juan/Documents/GitHub/Mapanare/mapanare/self/mnc-stage1)
==78260==    by 0x7249CE: __mn_str_concat (in /mnt/c/Users/Juan/Documents/GitHub/Mapanare/mapanare/self/mnc-stage1)
==78260==    by 0x418FA1: mn_main (in /mnt/c/Users/Juan/Documents/GitHub/Mapanare/mapanare/self/mnc-stage1)
==78260== 
==78260== 76 bytes in 1 blocks are definitely lost in loss record 429 of 604
==78260==    at 0x484D953: calloc (in /usr/libexec/valgrind/vgpreload_memcheck-amd64-linux.so)
==78260==    by 0x723DE9: __mn_alloc (in /mnt/c/Users/Juan/Documents/GitHub/Mapanare/mapanare/self/mnc-stage1)
==78260==    by 0x7249CE: __mn_str_concat (in /mnt/c/Users/Juan/Documents/GitHub/Mapanare/mapanare/self/mnc-stage1)
==78260==    by 0x418FDA: mn_main (in /mnt/c/Users/Juan/Documents/GitHub/Mapanare/mapanare/self/mnc-stage1)
==78260== 
==78260== 76 bytes in 38 blocks are definitely lost in loss record 430 of 604
==78260==    at 0x484D953: calloc (in /usr/libexec/valgrind/vgpreload_memcheck-amd64-linux.so)
==78260==    by 0x723DE9: __mn_alloc (in /mnt/c/Users/Juan/Documents/GitHub/Mapanare/mapanare/self/mnc-stage1)
==78260==    by 0x7245AB: __mn_str_from_parts (in /mnt/c/Users/Juan/Documents/GitHub/Mapanare/mapanare/self/mnc-stage1)
==78260==    by 0x41FA94: lexer__scan_ident (in /mnt/c/Users/Juan/Documents/GitHub/Mapanare/mapanare/self/mnc-stage1)
==78260==    by 0x73C56F: ??? (in /mnt/c/Users/Juan/Documents/GitHub/Mapanare/mapanare/self/mnc-stage1)
==78260== 
==78260== 77 bytes in 1 blocks are definitely lost in loss record 431 of 604
==78260==    at 0x484D953: calloc (in /usr/libexec/valgrind/vgpreload_memcheck-amd64-linux.so)
==78260==    by 0x723DE9: __mn_alloc (in /mnt/c/Users/Juan/Documents/GitHub/Mapanare/mapanare/self/mnc-stage1)
==78260==    by 0x7249CE: __mn_str_concat (in /mnt/c/Users/Juan/Documents/GitHub/Mapanare/mapanare/self/mnc-stage1)
==78260==    by 0x418FF1: mn_main (in /mnt/c/Users/Juan/Documents/GitHub/Mapanare/mapanare/self/mnc-stage1)
==78260== 
==78260== 78 bytes in 1 blocks are definitely lost in loss record 432 of 604
==78260==    at 0x484D953: calloc (in /usr/libexec/valgrind/vgpreload_memcheck-amd64-linux.so)
==78260==    by 0x723DE9: __mn_alloc (in /mnt/c/Users/Juan/Documents/GitHub/Mapanare/mapanare/self/mnc-stage1)
==78260==    by 0x7249CE: __mn_str_concat (in /mnt/c/Users/Juan/Documents/GitHub/Mapanare/mapanare/self/mnc-stage1)
==78260==    by 0x41901C: mn_main (in /mnt/c/Users/Juan/Documents/GitHub/Mapanare/mapanare/self/mnc-stage1)
==78260== 
==78260== 80 bytes in 5 blocks are definitely lost in loss record 433 of 604
==78260==    at 0x4846828: malloc (in /usr/libexec/valgrind/vgpreload_memcheck-amd64-linux.so)
==78260==    by 0x728B99: __mn_range (in /mnt/c/Users/Juan/Documents/GitHub/Mapanare/mapanare/self/mnc-stage1)
==78260==    by 0x4779A0: semantic__register_def (in /mnt/c/Users/Juan/Documents/GitHub/Mapanare/mapanare/self/mnc-stage1)
==78260== 
==78260== 80 bytes in 5 blocks are definitely lost in loss record 434 of 604
==78260==    at 0x4846828: malloc (in /usr/libexec/valgrind/vgpreload_memcheck-amd64-linux.so)
==78260==    by 0x728B99: __mn_range (in /mnt/c/Users/Juan/Documents/GitHub/Mapanare/mapanare/self/mnc-stage1)
==78260==    by 0x481942: semantic__check_fn_body (in /mnt/c/Users/Juan/Documents/GitHub/Mapanare/mapanare/self/mnc-stage1)
==78260== 
==78260== 87 bytes in 1 blocks are definitely lost in loss record 435 of 604
==78260==    at 0x484D953: calloc (in /usr/libexec/valgrind/vgpreload_memcheck-amd64-linux.so)
==78260==    by 0x723DE9: __mn_alloc (in /mnt/c/Users/Juan/Documents/GitHub/Mapanare/mapanare/self/mnc-stage1)
==78260==    by 0x7249CE: __mn_str_concat (in /mnt/c/Users/Juan/Documents/GitHub/Mapanare/mapanare/self/mnc-stage1)
==78260==    by 0x419033: mn_main (in /mnt/c/Users/Juan/Documents/GitHub/Mapanare/mapanare/self/mnc-stage1)
==78260== 
==78260== 88 bytes in 44 blocks are definitely lost in loss record 436 of 604
==78260==    at 0x484D953: calloc (in /usr/libexec/valgrind/vgpreload_memcheck-amd64-linux.so)
==78260==    by 0x723DE9: __mn_alloc (in /mnt/c/Users/Juan/Documents/GitHub/Mapanare/mapanare/self/mnc-stage1)
==78260==    by 0x7245AB: __mn_str_from_parts (in /mnt/c/Users/Juan/Documents/GitHub/Mapanare/mapanare/self/mnc-stage1)
==78260==    by 0x41FA6B: lexer__scan_ident (in /mnt/c/Users/Juan/Documents/GitHub/Mapanare/mapanare/self/mnc-stage1)
==78260==    by 0x73C56F: ??? (in /mnt/c/Users/Juan/Documents/GitHub/Mapanare/mapanare/self/mnc-stage1)
==78260== 
==78260== 88 bytes in 44 blocks are definitely lost in loss record 437 of 604
==78260==    at 0x484D953: calloc (in /usr/libexec/valgrind/vgpreload_memcheck-amd64-linux.so)
==78260==    by 0x723DE9: __mn_alloc (in /mnt/c/Users/Juan/Documents/GitHub/Mapanare/mapanare/self/mnc-stage1)
==78260==    by 0x7245AB: __mn_str_from_parts (in /mnt/c/Users/Juan/Documents/GitHub/Mapanare/mapanare/self/mnc-stage1)
==78260==    by 0x420FFD: lexer__scan_op (in /mnt/c/Users/Juan/Documents/GitHub/Mapanare/mapanare/self/mnc-stage1)
==78260==    by 0x1102: ???
==78260==    by 0x6A73417: ???
==78260== 
==78260== 96 bytes in 4 blocks are indirectly lost in loss record 438 of 604
==78260==    at 0x4846828: malloc (in /usr/libexec/valgrind/vgpreload_memcheck-amd64-linux.so)
==78260==    by 0x42F608: parser__parse_return_stmt (in /mnt/c/Users/Juan/Documents/GitHub/Mapanare/mapanare/self/mnc-stage1)
==78260==    by 0x3F: ???
==78260== 
==78260== 116 bytes in 1 blocks are definitely lost in loss record 439 of 604
==78260==    at 0x484D953: calloc (in /usr/libexec/valgrind/vgpreload_memcheck-amd64-linux.so)
==78260==    by 0x723DE9: __mn_alloc (in /mnt/c/Users/Juan/Documents/GitHub/Mapanare/mapanare/self/mnc-stage1)
==78260==    by 0x7249CE: __mn_str_concat (in /mnt/c/Users/Juan/Documents/GitHub/Mapanare/mapanare/self/mnc-stage1)
==78260==    by 0x419048: mn_main (in /mnt/c/Users/Juan/Documents/GitHub/Mapanare/mapanare/self/mnc-stage1)
==78260== 
==78260== 125 bytes in 10 blocks are definitely lost in loss record 440 of 604
==78260==    at 0x484D953: calloc (in /usr/libexec/valgrind/vgpreload_memcheck-amd64-linux.so)
==78260==    by 0x723DE9: __mn_alloc (in /mnt/c/Users/Juan/Documents/GitHub/Mapanare/mapanare/self/mnc-stage1)
==78260==    by 0x7249CE: __mn_str_concat (in /mnt/c/Users/Juan/Documents/GitHub/Mapanare/mapanare/self/mnc-stage1)
==78260==    by 0x414989: has_later_def (in /mnt/c/Users/Juan/Documents/GitHub/Mapanare/mapanare/self/mnc-stage1)
==78260== 
==78260== 126 bytes in 63 blocks are definitely lost in loss record 441 of 604
==78260==    at 0x484D953: calloc (in /usr/libexec/valgrind/vgpreload_memcheck-amd64-linux.so)
==78260==    by 0x723DE9: __mn_alloc (in /mnt/c/Users/Juan/Documents/GitHub/Mapanare/mapanare/self/mnc-stage1)
==78260==    by 0x7245AB: __mn_str_from_parts (in /mnt/c/Users/Juan/Documents/GitHub/Mapanare/mapanare/self/mnc-stage1)
==78260==    by 0x4221F4: lexer__skip_comment_to_eol (in /mnt/c/Users/Juan/Documents/GitHub/Mapanare/mapanare/self/mnc-stage1)
==78260==    by 0x800000000000023C: ???
==78260==    by 0x6A7751F: ???
==78260==    by 0x8000000000000000: ???
==78260==    by 0x6A78D7F: ???
==78260==    by 0x46: ???
==78260==    by 0x23C: ???
==78260==    by 0x800000000000023C: ???
==78260==    by 0x4225F0: lexer__tokenize (in /mnt/c/Users/Juan/Documents/GitHub/Mapanare/mapanare/self/mnc-stage1)
==78260== 
==78260== 128 bytes in 8 blocks are indirectly lost in loss record 442 of 604
==78260==    at 0x4846828: malloc (in /usr/libexec/valgrind/vgpreload_memcheck-amd64-linux.so)
==78260==    by 0x433542: parser__parse_atom (in /mnt/c/Users/Juan/Documents/GitHub/Mapanare/mapanare/self/mnc-stage1)
==78260== 
==78260== 132 bytes in 66 blocks are definitely lost in loss record 443 of 604
==78260==    at 0x484D953: calloc (in /usr/libexec/valgrind/vgpreload_memcheck-amd64-linux.so)
==78260==    by 0x723DE9: __mn_alloc (in /mnt/c/Users/Juan/Documents/GitHub/Mapanare/mapanare/self/mnc-stage1)
==78260==    by 0x7245AB: __mn_str_from_parts (in /mnt/c/Users/Juan/Documents/GitHub/Mapanare/mapanare/self/mnc-stage1)
==78260==    by 0x4221F4: lexer__skip_comment_to_eol (in /mnt/c/Users/Juan/Documents/GitHub/Mapanare/mapanare/self/mnc-stage1)
==78260==    by 0x800000000000023C: ???
==78260==    by 0x6A7751F: ???
==78260==    by 0x8000000000000000: ???
==78260==    by 0x6A7779F: ???
==78260==    by 0x1: ???
==78260==    by 0x23C: ???
==78260==    by 0x800000000000023C: ???
==78260==    by 0x4225F0: lexer__tokenize (in /mnt/c/Users/Juan/Documents/GitHub/Mapanare/mapanare/self/mnc-stage1)
==78260== 
==78260== 138 bytes in 69 blocks are definitely lost in loss record 444 of 604
==78260==    at 0x484D953: calloc (in /usr/libexec/valgrind/vgpreload_memcheck-amd64-linux.so)
==78260==    by 0x723DE9: __mn_alloc (in /mnt/c/Users/Juan/Documents/GitHub/Mapanare/mapanare/self/mnc-stage1)
==78260==    by 0x7245AB: __mn_str_from_parts (in /mnt/c/Users/Juan/Documents/GitHub/Mapanare/mapanare/self/mnc-stage1)
==78260==    by 0x4221F4: lexer__skip_comment_to_eol (in /mnt/c/Users/Juan/Documents/GitHub/Mapanare/mapanare/self/mnc-stage1)
==78260==    by 0x800000000000023C: ???
==78260==    by 0x6A7751F: ???
==78260==    by 0x8000000000000000: ???
==78260==    by 0x6A7A26F: ???
==78260==    by 0x88: ???
==78260==    by 0x23C: ???
==78260==    by 0x800000000000023C: ???
==78260==    by 0x4225F0: lexer__tokenize (in /mnt/c/Users/Juan/Documents/GitHub/Mapanare/mapanare/self/mnc-stage1)
==78260== 
==78260== 144 bytes in 1 blocks are indirectly lost in loss record 445 of 604
==78260==    at 0x484D953: calloc (in /usr/libexec/valgrind/vgpreload_memcheck-amd64-linux.so)
==78260==    by 0x723DE9: __mn_alloc (in /mnt/c/Users/Juan/Documents/GitHub/Mapanare/mapanare/self/mnc-stage1)
==78260==    by 0x725AFA: __mn_list_push (in /mnt/c/Users/Juan/Documents/GitHub/Mapanare/mapanare/self/mnc-stage1)
==78260==    by 0x42ED12: parser__parse_block (in /mnt/c/Users/Juan/Documents/GitHub/Mapanare/mapanare/self/mnc-stage1)
==78260==    by 0x6A8EEBF: ???
==78260==    by 0x9: ???
==78260== 
==78260== 144 bytes in 1 blocks are indirectly lost in loss record 446 of 604
==78260==    at 0x484D953: calloc (in /usr/libexec/valgrind/vgpreload_memcheck-amd64-linux.so)
==78260==    by 0x723DE9: __mn_alloc (in /mnt/c/Users/Juan/Documents/GitHub/Mapanare/mapanare/self/mnc-stage1)
==78260==    by 0x725AFA: __mn_list_push (in /mnt/c/Users/Juan/Documents/GitHub/Mapanare/mapanare/self/mnc-stage1)
==78260==    by 0x42ED12: parser__parse_block (in /mnt/c/Users/Juan/Documents/GitHub/Mapanare/mapanare/self/mnc-stage1)
==78260==    by 0x6A8F79F: ???
==78260==    by 0x14: ???
==78260== 
==78260== 144 bytes in 1 blocks are indirectly lost in loss record 447 of 604
==78260==    at 0x484D953: calloc (in /usr/libexec/valgrind/vgpreload_memcheck-amd64-linux.so)
==78260==    by 0x723DE9: __mn_alloc (in /mnt/c/Users/Juan/Documents/GitHub/Mapanare/mapanare/self/mnc-stage1)
==78260==    by 0x725AFA: __mn_list_push (in /mnt/c/Users/Juan/Documents/GitHub/Mapanare/mapanare/self/mnc-stage1)
==78260==    by 0x42ED12: parser__parse_block (in /mnt/c/Users/Juan/Documents/GitHub/Mapanare/mapanare/self/mnc-stage1)
==78260==    by 0x6A8FFAF: ???
==78260==    by 0x1F: ???
==78260== 
==78260== 144 bytes in 1 blocks are indirectly lost in loss record 448 of 604
==78260==    at 0x484D953: calloc (in /usr/libexec/valgrind/vgpreload_memcheck-amd64-linux.so)
==78260==    by 0x723DE9: __mn_alloc (in /mnt/c/Users/Juan/Documents/GitHub/Mapanare/mapanare/self/mnc-stage1)
==78260==    by 0x725AFA: __mn_list_push (in /mnt/c/Users/Juan/Documents/GitHub/Mapanare/mapanare/self/mnc-stage1)
==78260==    by 0x42ED12: parser__parse_block (in /mnt/c/Users/Juan/Documents/GitHub/Mapanare/mapanare/self/mnc-stage1)
==78260==    by 0x6A907BF: ???
==78260==    by 0x2F: ???
==78260== 
==78260== 144 bytes in 1 blocks are indirectly lost in loss record 449 of 604
==78260==    at 0x484D953: calloc (in /usr/libexec/valgrind/vgpreload_memcheck-amd64-linux.so)
==78260==    by 0x723DE9: __mn_alloc (in /mnt/c/Users/Juan/Documents/GitHub/Mapanare/mapanare/self/mnc-stage1)
==78260==    by 0x725AFA: __mn_list_push (in /mnt/c/Users/Juan/Documents/GitHub/Mapanare/mapanare/self/mnc-stage1)
==78260==    by 0x42ED12: parser__parse_block (in /mnt/c/Users/Juan/Documents/GitHub/Mapanare/mapanare/self/mnc-stage1)
==78260==    by 0x6A91CBF: ???
==78260==    by 0x52: ???
==78260== 
==78260== 144 bytes in 3 blocks are indirectly lost in loss record 450 of 604
==78260==    at 0x4846828: malloc (in /usr/libexec/valgrind/vgpreload_memcheck-amd64-linux.so)
==78260==    by 0x431074: parser__parse_call_args (in /mnt/c/Users/Juan/Documents/GitHub/Mapanare/mapanare/self/mnc-stage1)
==78260==    by 0x6A8931F: ???
==78260==    by 0x5A: ???
==78260==    by 0x7F: ???
==78260==    by 0x3F: ???
==78260== 
==78260== 144 bytes in 1 blocks are definitely lost in loss record 451 of 604
==78260==    at 0x484D953: calloc (in /usr/libexec/valgrind/vgpreload_memcheck-amd64-linux.so)
==78260==    by 0x723DE9: __mn_alloc (in /mnt/c/Users/Juan/Documents/GitHub/Mapanare/mapanare/self/mnc-stage1)
==78260==    by 0x725AFA: __mn_list_push (in /mnt/c/Users/Juan/Documents/GitHub/Mapanare/mapanare/self/mnc-stage1)
==78260==    by 0x414DD2: resolve_imports (in /mnt/c/Users/Juan/Documents/GitHub/Mapanare/mapanare/self/mnc-stage1)
==78260==    by 0x6A73667: ???
==78260==    by 0x5A: ???
==78260== 
==78260== 144 bytes in 1 blocks are definitely lost in loss record 452 of 604
==78260==    at 0x484D953: calloc (in /usr/libexec/valgrind/vgpreload_memcheck-amd64-linux.so)
==78260==    by 0x723DE9: __mn_alloc (in /mnt/c/Users/Juan/Documents/GitHub/Mapanare/mapanare/self/mnc-stage1)
==78260==    by 0x725AFA: __mn_list_push (in /mnt/c/Users/Juan/Documents/GitHub/Mapanare/mapanare/self/mnc-stage1)
==78260==    by 0x415634: resolve_imports (in /mnt/c/Users/Juan/Documents/GitHub/Mapanare/mapanare/self/mnc-stage1)
==78260==    by 0x6A73667: ???
==78260==    by 0x5A: ???
==78260== 
==78260== 144 bytes in 1 blocks are definitely lost in loss record 453 of 604
==78260==    at 0x484D953: calloc (in /usr/libexec/valgrind/vgpreload_memcheck-amd64-linux.so)
==78260==    by 0x723DE9: __mn_alloc (in /mnt/c/Users/Juan/Documents/GitHub/Mapanare/mapanare/self/mnc-stage1)
==78260==    by 0x725AFA: __mn_list_push (in /mnt/c/Users/Juan/Documents/GitHub/Mapanare/mapanare/self/mnc-stage1)
==78260==    by 0x414B11: dedup_definitions (in /mnt/c/Users/Juan/Documents/GitHub/Mapanare/mapanare/self/mnc-stage1)
==78260== 
==78260== 144 bytes in 9 blocks are definitely lost in loss record 454 of 604
==78260==    at 0x4846828: malloc (in /usr/libexec/valgrind/vgpreload_memcheck-amd64-linux.so)
==78260==    by 0x728B99: __mn_range (in /mnt/c/Users/Juan/Documents/GitHub/Mapanare/mapanare/self/mnc-stage1)
==78260==    by 0x437E86: semantic__scope_lookup (in /mnt/c/Users/Juan/Documents/GitHub/Mapanare/mapanare/self/mnc-stage1)
==78260== 
==78260== 160 bytes in 10 blocks are definitely lost in loss record 455 of 604
==78260==    at 0x4846828: malloc (in /usr/libexec/valgrind/vgpreload_memcheck-amd64-linux.so)
==78260==    by 0x728B99: __mn_range (in /mnt/c/Users/Juan/Documents/GitHub/Mapanare/mapanare/self/mnc-stage1)
==78260==    by 0x42FA6B: parser__parse_expr (in /mnt/c/Users/Juan/Documents/GitHub/Mapanare/mapanare/self/mnc-stage1)
==78260== 
==78260== 168 bytes in 1 blocks are indirectly lost in loss record 456 of 604
==78260==    at 0x484D953: calloc (in /usr/libexec/valgrind/vgpreload_memcheck-amd64-linux.so)
==78260==    by 0x48A2CF: semantic__register_builtins (in /mnt/c/Users/Juan/Documents/GitHub/Mapanare/mapanare/self/mnc-stage1)
==78260== 
==78260== 168 bytes in 1 blocks are indirectly lost in loss record 457 of 604
==78260==    at 0x4846828: malloc (in /usr/libexec/valgrind/vgpreload_memcheck-amd64-linux.so)
==78260==    by 0x48A350: semantic__register_builtins (in /mnt/c/Users/Juan/Documents/GitHub/Mapanare/mapanare/self/mnc-stage1)
==78260== 
==78260== 168 bytes in 1 blocks are indirectly lost in loss record 458 of 604
==78260==    at 0x484D953: calloc (in /usr/libexec/valgrind/vgpreload_memcheck-amd64-linux.so)
==78260==    by 0x48A5D6: semantic__register_builtins (in /mnt/c/Users/Juan/Documents/GitHub/Mapanare/mapanare/self/mnc-stage1)
==78260== 
==78260== 168 bytes in 1 blocks are indirectly lost in loss record 459 of 604
==78260==    at 0x4846828: malloc (in /usr/libexec/valgrind/vgpreload_memcheck-amd64-linux.so)
==78260==    by 0x48A65F: semantic__register_builtins (in /mnt/c/Users/Juan/Documents/GitHub/Mapanare/mapanare/self/mnc-stage1)
==78260== 
==78260== 168 bytes in 1 blocks are indirectly lost in loss record 460 of 604
==78260==    at 0x484D953: calloc (in /usr/libexec/valgrind/vgpreload_memcheck-amd64-linux.so)
==78260==    by 0x48A8B4: semantic__register_builtins (in /mnt/c/Users/Juan/Documents/GitHub/Mapanare/mapanare/self/mnc-stage1)
==78260== 
==78260== 168 bytes in 1 blocks are indirectly lost in loss record 461 of 604
==78260==    at 0x4846828: malloc (in /usr/libexec/valgrind/vgpreload_memcheck-amd64-linux.so)
==78260==    by 0x48A93D: semantic__register_builtins (in /mnt/c/Users/Juan/Documents/GitHub/Mapanare/mapanare/self/mnc-stage1)
==78260== 
==78260== 168 bytes in 1 blocks are indirectly lost in loss record 462 of 604
==78260==    at 0x484D953: calloc (in /usr/libexec/valgrind/vgpreload_memcheck-amd64-linux.so)
==78260==    by 0x48AB92: semantic__register_builtins (in /mnt/c/Users/Juan/Documents/GitHub/Mapanare/mapanare/self/mnc-stage1)
==78260== 
==78260== 168 bytes in 1 blocks are indirectly lost in loss record 463 of 604
==78260==    at 0x4846828: malloc (in /usr/libexec/valgrind/vgpreload_memcheck-amd64-linux.so)
==78260==    by 0x48AC1B: semantic__register_builtins (in /mnt/c/Users/Juan/Documents/GitHub/Mapanare/mapanare/self/mnc-stage1)
==78260== 
==78260== 168 bytes in 1 blocks are indirectly lost in loss record 464 of 604
==78260==    at 0x484D953: calloc (in /usr/libexec/valgrind/vgpreload_memcheck-amd64-linux.so)
==78260==    by 0x48AE70: semantic__register_builtins (in /mnt/c/Users/Juan/Documents/GitHub/Mapanare/mapanare/self/mnc-stage1)
==78260== 
==78260== 168 bytes in 1 blocks are indirectly lost in loss record 465 of 604
==78260==    at 0x4846828: malloc (in /usr/libexec/valgrind/vgpreload_memcheck-amd64-linux.so)
==78260==    by 0x48AEF9: semantic__register_builtins (in /mnt/c/Users/Juan/Documents/GitHub/Mapanare/mapanare/self/mnc-stage1)
==78260== 
==78260== 168 bytes in 1 blocks are indirectly lost in loss record 466 of 604
==78260==    at 0x484D953: calloc (in /usr/libexec/valgrind/vgpreload_memcheck-amd64-linux.so)
==78260==    by 0x48B157: semantic__register_builtins (in /mnt/c/Users/Juan/Documents/GitHub/Mapanare/mapanare/self/mnc-stage1)
==78260== 
==78260== 168 bytes in 1 blocks are indirectly lost in loss record 467 of 604
==78260==    at 0x4846828: malloc (in /usr/libexec/valgrind/vgpreload_memcheck-amd64-linux.so)
==78260==    by 0x48B20C: semantic__register_builtins (in /mnt/c/Users/Juan/Documents/GitHub/Mapanare/mapanare/self/mnc-stage1)
==78260== 
==78260== 168 bytes in 1 blocks are indirectly lost in loss record 468 of 604
==78260==    at 0x484D953: calloc (in /usr/libexec/valgrind/vgpreload_memcheck-amd64-linux.so)
==78260==    by 0x48B4C2: semantic__register_builtins (in /mnt/c/Users/Juan/Documents/GitHub/Mapanare/mapanare/self/mnc-stage1)
==78260== 
==78260== 168 bytes in 1 blocks are indirectly lost in loss record 469 of 604
==78260==    at 0x4846828: malloc (in /usr/libexec/valgrind/vgpreload_memcheck-amd64-linux.so)
==78260==    by 0x48B587: semantic__register_builtins (in /mnt/c/Users/Juan/Documents/GitHub/Mapanare/mapanare/self/mnc-stage1)
==78260== 
==78260== 168 bytes in 1 blocks are indirectly lost in loss record 470 of 604
==78260==    at 0x484D953: calloc (in /usr/libexec/valgrind/vgpreload_memcheck-amd64-linux.so)
==78260==    by 0x48B87F: semantic__register_builtins (in /mnt/c/Users/Juan/Documents/GitHub/Mapanare/mapanare/self/mnc-stage1)
==78260== 
==78260== 168 bytes in 1 blocks are indirectly lost in loss record 471 of 604
==78260==    at 0x4846828: malloc (in /usr/libexec/valgrind/vgpreload_memcheck-amd64-linux.so)
==78260==    by 0x48B944: semantic__register_builtins (in /mnt/c/Users/Juan/Documents/GitHub/Mapanare/mapanare/self/mnc-stage1)
==78260== 
==78260== 168 bytes in 1 blocks are indirectly lost in loss record 472 of 604
==78260==    at 0x484D953: calloc (in /usr/libexec/valgrind/vgpreload_memcheck-amd64-linux.so)
==78260==    by 0x48BC3C: semantic__register_builtins (in /mnt/c/Users/Juan/Documents/GitHub/Mapanare/mapanare/self/mnc-stage1)
==78260== 
==78260== 168 bytes in 1 blocks are indirectly lost in loss record 473 of 604
==78260==    at 0x4846828: malloc (in /usr/libexec/valgrind/vgpreload_memcheck-amd64-linux.so)
==78260==    by 0x48BD01: semantic__register_builtins (in /mnt/c/Users/Juan/Documents/GitHub/Mapanare/mapanare/self/mnc-stage1)
==78260== 
==78260== 168 bytes in 1 blocks are indirectly lost in loss record 474 of 604
==78260==    at 0x484D953: calloc (in /usr/libexec/valgrind/vgpreload_memcheck-amd64-linux.so)
==78260==    by 0x48BFF9: semantic__register_builtins (in /mnt/c/Users/Juan/Documents/GitHub/Mapanare/mapanare/self/mnc-stage1)
==78260== 
==78260== 168 bytes in 1 blocks are indirectly lost in loss record 475 of 604
==78260==    at 0x4846828: malloc (in /usr/libexec/valgrind/vgpreload_memcheck-amd64-linux.so)
==78260==    by 0x48C0BE: semantic__register_builtins (in /mnt/c/Users/Juan/Documents/GitHub/Mapanare/mapanare/self/mnc-stage1)
==78260== 
==78260== 168 bytes in 1 blocks are indirectly lost in loss record 476 of 604
==78260==    at 0x484D953: calloc (in /usr/libexec/valgrind/vgpreload_memcheck-amd64-linux.so)
==78260==    by 0x48C3B6: semantic__register_builtins (in /mnt/c/Users/Juan/Documents/GitHub/Mapanare/mapanare/self/mnc-stage1)
==78260== 
==78260== 168 bytes in 1 blocks are indirectly lost in loss record 477 of 604
==78260==    at 0x4846828: malloc (in /usr/libexec/valgrind/vgpreload_memcheck-amd64-linux.so)
==78260==    by 0x48C47B: semantic__register_builtins (in /mnt/c/Users/Juan/Documents/GitHub/Mapanare/mapanare/self/mnc-stage1)
==78260== 
==78260== 168 bytes in 1 blocks are indirectly lost in loss record 478 of 604
==78260==    at 0x484D953: calloc (in /usr/libexec/valgrind/vgpreload_memcheck-amd64-linux.so)
==78260==    by 0x48C773: semantic__register_builtins (in /mnt/c/Users/Juan/Documents/GitHub/Mapanare/mapanare/self/mnc-stage1)
==78260== 
==78260== 168 bytes in 1 blocks are indirectly lost in loss record 479 of 604
==78260==    at 0x4846828: malloc (in /usr/libexec/valgrind/vgpreload_memcheck-amd64-linux.so)
==78260==    by 0x48C838: semantic__register_builtins (in /mnt/c/Users/Juan/Documents/GitHub/Mapanare/mapanare/self/mnc-stage1)
==78260== 
==78260== 168 bytes in 1 blocks are indirectly lost in loss record 480 of 604
==78260==    at 0x484D953: calloc (in /usr/libexec/valgrind/vgpreload_memcheck-amd64-linux.so)
==78260==    by 0x48CB2E: semantic__register_builtins (in /mnt/c/Users/Juan/Documents/GitHub/Mapanare/mapanare/self/mnc-stage1)
==78260== 
==78260== 168 bytes in 1 blocks are indirectly lost in loss record 481 of 604
==78260==    at 0x4846828: malloc (in /usr/libexec/valgrind/vgpreload_memcheck-amd64-linux.so)
==78260==    by 0x48CBF3: semantic__register_builtins (in /mnt/c/Users/Juan/Documents/GitHub/Mapanare/mapanare/self/mnc-stage1)
==78260== 
==78260== 168 bytes in 1 blocks are indirectly lost in loss record 482 of 604
==78260==    at 0x484D953: calloc (in /usr/libexec/valgrind/vgpreload_memcheck-amd64-linux.so)
==78260==    by 0x48CEE7: semantic__register_builtins (in /mnt/c/Users/Juan/Documents/GitHub/Mapanare/mapanare/self/mnc-stage1)
==78260== 
==78260== 168 bytes in 1 blocks are indirectly lost in loss record 483 of 604
==78260==    at 0x4846828: malloc (in /usr/libexec/valgrind/vgpreload_memcheck-amd64-linux.so)
==78260==    by 0x48CFAC: semantic__register_builtins (in /mnt/c/Users/Juan/Documents/GitHub/Mapanare/mapanare/self/mnc-stage1)
==78260== 
==78260== 168 bytes in 1 blocks are indirectly lost in loss record 484 of 604
==78260==    at 0x484D953: calloc (in /usr/libexec/valgrind/vgpreload_memcheck-amd64-linux.so)
==78260==    by 0x48D2A0: semantic__register_builtins (in /mnt/c/Users/Juan/Documents/GitHub/Mapanare/mapanare/self/mnc-stage1)
==78260== 
==78260== 168 bytes in 1 blocks are indirectly lost in loss record 485 of 604
==78260==    at 0x4846828: malloc (in /usr/libexec/valgrind/vgpreload_memcheck-amd64-linux.so)
==78260==    by 0x48D365: semantic__register_builtins (in /mnt/c/Users/Juan/Documents/GitHub/Mapanare/mapanare/self/mnc-stage1)
==78260== 
==78260== 168 bytes in 1 blocks are indirectly lost in loss record 486 of 604
==78260==    at 0x484D953: calloc (in /usr/libexec/valgrind/vgpreload_memcheck-amd64-linux.so)
==78260==    by 0x48D659: semantic__register_builtins (in /mnt/c/Users/Juan/Documents/GitHub/Mapanare/mapanare/self/mnc-stage1)
==78260== 
==78260== 168 bytes in 1 blocks are indirectly lost in loss record 487 of 604
==78260==    at 0x4846828: malloc (in /usr/libexec/valgrind/vgpreload_memcheck-amd64-linux.so)
==78260==    by 0x48D71E: semantic__register_builtins (in /mnt/c/Users/Juan/Documents/GitHub/Mapanare/mapanare/self/mnc-stage1)
==78260== 
==78260== 168 bytes in 1 blocks are indirectly lost in loss record 488 of 604
==78260==    at 0x484D953: calloc (in /usr/libexec/valgrind/vgpreload_memcheck-amd64-linux.so)
==78260==    by 0x48DA12: semantic__register_builtins (in /mnt/c/Users/Juan/Documents/GitHub/Mapanare/mapanare/self/mnc-stage1)
==78260== 
==78260== 168 bytes in 1 blocks are indirectly lost in loss record 489 of 604
==78260==    at 0x4846828: malloc (in /usr/libexec/valgrind/vgpreload_memcheck-amd64-linux.so)
==78260==    by 0x48DAD7: semantic__register_builtins (in /mnt/c/Users/Juan/Documents/GitHub/Mapanare/mapanare/self/mnc-stage1)
==78260== 
==78260== 168 bytes in 1 blocks are indirectly lost in loss record 490 of 604
==78260==    at 0x484D953: calloc (in /usr/libexec/valgrind/vgpreload_memcheck-amd64-linux.so)
==78260==    by 0x48DDCB: semantic__register_builtins (in /mnt/c/Users/Juan/Documents/GitHub/Mapanare/mapanare/self/mnc-stage1)
==78260== 
==78260== 168 bytes in 1 blocks are indirectly lost in loss record 491 of 604
==78260==    at 0x4846828: malloc (in /usr/libexec/valgrind/vgpreload_memcheck-amd64-linux.so)
==78260==    by 0x48DE90: semantic__register_builtins (in /mnt/c/Users/Juan/Documents/GitHub/Mapanare/mapanare/self/mnc-stage1)
==78260== 
==78260== 168 bytes in 1 blocks are indirectly lost in loss record 492 of 604
==78260==    at 0x484D953: calloc (in /usr/libexec/valgrind/vgpreload_memcheck-amd64-linux.so)
==78260==    by 0x48E184: semantic__register_builtins (in /mnt/c/Users/Juan/Documents/GitHub/Mapanare/mapanare/self/mnc-stage1)
==78260== 
==78260== 168 bytes in 1 blocks are indirectly lost in loss record 493 of 604
==78260==    at 0x4846828: malloc (in /usr/libexec/valgrind/vgpreload_memcheck-amd64-linux.so)
==78260==    by 0x48E249: semantic__register_builtins (in /mnt/c/Users/Juan/Documents/GitHub/Mapanare/mapanare/self/mnc-stage1)
==78260== 
==78260== 168 bytes in 1 blocks are indirectly lost in loss record 494 of 604
==78260==    at 0x484D953: calloc (in /usr/libexec/valgrind/vgpreload_memcheck-amd64-linux.so)
==78260==    by 0x48E53D: semantic__register_builtins (in /mnt/c/Users/Juan/Documents/GitHub/Mapanare/mapanare/self/mnc-stage1)
==78260== 
==78260== 168 bytes in 1 blocks are indirectly lost in loss record 495 of 604
==78260==    at 0x4846828: malloc (in /usr/libexec/valgrind/vgpreload_memcheck-amd64-linux.so)
==78260==    by 0x48E602: semantic__register_builtins (in /mnt/c/Users/Juan/Documents/GitHub/Mapanare/mapanare/self/mnc-stage1)
==78260== 
==78260== 168 bytes in 1 blocks are indirectly lost in loss record 496 of 604
==78260==    at 0x484D953: calloc (in /usr/libexec/valgrind/vgpreload_memcheck-amd64-linux.so)
==78260==    by 0x48E8F6: semantic__register_builtins (in /mnt/c/Users/Juan/Documents/GitHub/Mapanare/mapanare/self/mnc-stage1)
==78260== 
==78260== 168 bytes in 1 blocks are indirectly lost in loss record 497 of 604
==78260==    at 0x4846828: malloc (in /usr/libexec/valgrind/vgpreload_memcheck-amd64-linux.so)
==78260==    by 0x48E9BB: semantic__register_builtins (in /mnt/c/Users/Juan/Documents/GitHub/Mapanare/mapanare/self/mnc-stage1)
==78260== 
==78260== 168 bytes in 1 blocks are indirectly lost in loss record 498 of 604
==78260==    at 0x484D953: calloc (in /usr/libexec/valgrind/vgpreload_memcheck-amd64-linux.so)
==78260==    by 0x48ECAF: semantic__register_builtins (in /mnt/c/Users/Juan/Documents/GitHub/Mapanare/mapanare/self/mnc-stage1)
==78260== 
==78260== 168 bytes in 1 blocks are indirectly lost in loss record 499 of 604
==78260==    at 0x4846828: malloc (in /usr/libexec/valgrind/vgpreload_memcheck-amd64-linux.so)
==78260==    by 0x48ED74: semantic__register_builtins (in /mnt/c/Users/Juan/Documents/GitHub/Mapanare/mapanare/self/mnc-stage1)
==78260== 
==78260== 168 bytes in 1 blocks are indirectly lost in loss record 500 of 604
==78260==    at 0x484D953: calloc (in /usr/libexec/valgrind/vgpreload_memcheck-amd64-linux.so)
==78260==    by 0x48F068: semantic__register_builtins (in /mnt/c/Users/Juan/Documents/GitHub/Mapanare/mapanare/self/mnc-stage1)
==78260== 
==78260== 168 bytes in 1 blocks are indirectly lost in loss record 501 of 604
==78260==    at 0x4846828: malloc (in /usr/libexec/valgrind/vgpreload_memcheck-amd64-linux.so)
==78260==    by 0x48F12D: semantic__register_builtins (in /mnt/c/Users/Juan/Documents/GitHub/Mapanare/mapanare/self/mnc-stage1)
==78260== 
==78260== 168 bytes in 1 blocks are indirectly lost in loss record 502 of 604
==78260==    at 0x484D953: calloc (in /usr/libexec/valgrind/vgpreload_memcheck-amd64-linux.so)
==78260==    by 0x48F421: semantic__register_builtins (in /mnt/c/Users/Juan/Documents/GitHub/Mapanare/mapanare/self/mnc-stage1)
==78260== 
==78260== 168 bytes in 1 blocks are indirectly lost in loss record 503 of 604
==78260==    at 0x4846828: malloc (in /usr/libexec/valgrind/vgpreload_memcheck-amd64-linux.so)
==78260==    by 0x48F4E6: semantic__register_builtins (in /mnt/c/Users/Juan/Documents/GitHub/Mapanare/mapanare/self/mnc-stage1)
==78260== 
==78260== 168 bytes in 1 blocks are indirectly lost in loss record 504 of 604
==78260==    at 0x484D953: calloc (in /usr/libexec/valgrind/vgpreload_memcheck-amd64-linux.so)
==78260==    by 0x48F7DA: semantic__register_builtins (in /mnt/c/Users/Juan/Documents/GitHub/Mapanare/mapanare/self/mnc-stage1)
==78260== 
==78260== 168 bytes in 1 blocks are indirectly lost in loss record 505 of 604
==78260==    at 0x4846828: malloc (in /usr/libexec/valgrind/vgpreload_memcheck-amd64-linux.so)
==78260==    by 0x48F89F: semantic__register_builtins (in /mnt/c/Users/Juan/Documents/GitHub/Mapanare/mapanare/self/mnc-stage1)
==78260== 
==78260== 168 bytes in 1 blocks are indirectly lost in loss record 506 of 604
==78260==    at 0x484D953: calloc (in /usr/libexec/valgrind/vgpreload_memcheck-amd64-linux.so)
==78260==    by 0x48FB93: semantic__register_builtins (in /mnt/c/Users/Juan/Documents/GitHub/Mapanare/mapanare/self/mnc-stage1)
==78260== 
==78260== 168 bytes in 1 blocks are indirectly lost in loss record 507 of 604
==78260==    at 0x4846828: malloc (in /usr/libexec/valgrind/vgpreload_memcheck-amd64-linux.so)
==78260==    by 0x48FC58: semantic__register_builtins (in /mnt/c/Users/Juan/Documents/GitHub/Mapanare/mapanare/self/mnc-stage1)
==78260== 
==78260== 168 bytes in 1 blocks are indirectly lost in loss record 508 of 604
==78260==    at 0x484D953: calloc (in /usr/libexec/valgrind/vgpreload_memcheck-amd64-linux.so)
==78260==    by 0x48FF4C: semantic__register_builtins (in /mnt/c/Users/Juan/Documents/GitHub/Mapanare/mapanare/self/mnc-stage1)
==78260== 
==78260== 168 bytes in 1 blocks are indirectly lost in loss record 509 of 604
==78260==    at 0x4846828: malloc (in /usr/libexec/valgrind/vgpreload_memcheck-amd64-linux.so)
==78260==    by 0x490011: semantic__register_builtins (in /mnt/c/Users/Juan/Documents/GitHub/Mapanare/mapanare/self/mnc-stage1)
==78260== 
==78260== 168 bytes in 1 blocks are indirectly lost in loss record 510 of 604
==78260==    at 0x484D953: calloc (in /usr/libexec/valgrind/vgpreload_memcheck-amd64-linux.so)
==78260==    by 0x490305: semantic__register_builtins (in /mnt/c/Users/Juan/Documents/GitHub/Mapanare/mapanare/self/mnc-stage1)
==78260== 
==78260== 168 bytes in 1 blocks are indirectly lost in loss record 511 of 604
==78260==    at 0x4846828: malloc (in /usr/libexec/valgrind/vgpreload_memcheck-amd64-linux.so)
==78260==    by 0x4903CA: semantic__register_builtins (in /mnt/c/Users/Juan/Documents/GitHub/Mapanare/mapanare/self/mnc-stage1)
==78260== 
==78260== 168 bytes in 1 blocks are indirectly lost in loss record 512 of 604
==78260==    at 0x484D953: calloc (in /usr/libexec/valgrind/vgpreload_memcheck-amd64-linux.so)
==78260==    by 0x4906C0: semantic__register_builtins (in /mnt/c/Users/Juan/Documents/GitHub/Mapanare/mapanare/self/mnc-stage1)
==78260== 
==78260== 168 bytes in 1 blocks are indirectly lost in loss record 513 of 604
==78260==    at 0x4846828: malloc (in /usr/libexec/valgrind/vgpreload_memcheck-amd64-linux.so)
==78260==    by 0x490785: semantic__register_builtins (in /mnt/c/Users/Juan/Documents/GitHub/Mapanare/mapanare/self/mnc-stage1)
==78260== 
==78260== 168 bytes in 1 blocks are indirectly lost in loss record 514 of 604
==78260==    at 0x484D953: calloc (in /usr/libexec/valgrind/vgpreload_memcheck-amd64-linux.so)
==78260==    by 0x490A7D: semantic__register_builtins (in /mnt/c/Users/Juan/Documents/GitHub/Mapanare/mapanare/self/mnc-stage1)
==78260== 
==78260== 168 bytes in 1 blocks are indirectly lost in loss record 515 of 604
==78260==    at 0x4846828: malloc (in /usr/libexec/valgrind/vgpreload_memcheck-amd64-linux.so)
==78260==    by 0x490B42: semantic__register_builtins (in /mnt/c/Users/Juan/Documents/GitHub/Mapanare/mapanare/self/mnc-stage1)
==78260== 
==78260== 168 bytes in 1 blocks are indirectly lost in loss record 516 of 604
==78260==    at 0x484D953: calloc (in /usr/libexec/valgrind/vgpreload_memcheck-amd64-linux.so)
==78260==    by 0x490E38: semantic__register_builtins (in /mnt/c/Users/Juan/Documents/GitHub/Mapanare/mapanare/self/mnc-stage1)
==78260== 
==78260== 168 bytes in 1 blocks are indirectly lost in loss record 517 of 604
==78260==    at 0x4846828: malloc (in /usr/libexec/valgrind/vgpreload_memcheck-amd64-linux.so)
==78260==    by 0x490EFD: semantic__register_builtins (in /mnt/c/Users/Juan/Documents/GitHub/Mapanare/mapanare/self/mnc-stage1)
==78260== 
==78260== 168 bytes in 1 blocks are indirectly lost in loss record 518 of 604
==78260==    at 0x484D953: calloc (in /usr/libexec/valgrind/vgpreload_memcheck-amd64-linux.so)
==78260==    by 0x4911F1: semantic__register_builtins (in /mnt/c/Users/Juan/Documents/GitHub/Mapanare/mapanare/self/mnc-stage1)
==78260== 
==78260== 168 bytes in 1 blocks are indirectly lost in loss record 519 of 604
==78260==    at 0x4846828: malloc (in /usr/libexec/valgrind/vgpreload_memcheck-amd64-linux.so)
==78260==    by 0x4912B6: semantic__register_builtins (in /mnt/c/Users/Juan/Documents/GitHub/Mapanare/mapanare/self/mnc-stage1)
==78260== 
==78260== 168 bytes in 1 blocks are indirectly lost in loss record 520 of 604
==78260==    at 0x484D953: calloc (in /usr/libexec/valgrind/vgpreload_memcheck-amd64-linux.so)
==78260==    by 0x4915AA: semantic__register_builtins (in /mnt/c/Users/Juan/Documents/GitHub/Mapanare/mapanare/self/mnc-stage1)
==78260== 
==78260== 168 bytes in 1 blocks are indirectly lost in loss record 521 of 604
==78260==    at 0x4846828: malloc (in /usr/libexec/valgrind/vgpreload_memcheck-amd64-linux.so)
==78260==    by 0x49166F: semantic__register_builtins (in /mnt/c/Users/Juan/Documents/GitHub/Mapanare/mapanare/self/mnc-stage1)
==78260== 
==78260== 168 bytes in 1 blocks are indirectly lost in loss record 522 of 604
==78260==    at 0x484D953: calloc (in /usr/libexec/valgrind/vgpreload_memcheck-amd64-linux.so)
==78260==    by 0x491963: semantic__register_builtins (in /mnt/c/Users/Juan/Documents/GitHub/Mapanare/mapanare/self/mnc-stage1)
==78260== 
==78260== 168 bytes in 1 blocks are indirectly lost in loss record 523 of 604
==78260==    at 0x4846828: malloc (in /usr/libexec/valgrind/vgpreload_memcheck-amd64-linux.so)
==78260==    by 0x491A28: semantic__register_builtins (in /mnt/c/Users/Juan/Documents/GitHub/Mapanare/mapanare/self/mnc-stage1)
==78260== 
==78260== 168 bytes in 1 blocks are indirectly lost in loss record 524 of 604
==78260==    at 0x484D953: calloc (in /usr/libexec/valgrind/vgpreload_memcheck-amd64-linux.so)
==78260==    by 0x491D1C: semantic__register_builtins (in /mnt/c/Users/Juan/Documents/GitHub/Mapanare/mapanare/self/mnc-stage1)
==78260== 
==78260== 168 bytes in 1 blocks are indirectly lost in loss record 525 of 604
==78260==    at 0x4846828: malloc (in /usr/libexec/valgrind/vgpreload_memcheck-amd64-linux.so)
==78260==    by 0x491DE1: semantic__register_builtins (in /mnt/c/Users/Juan/Documents/GitHub/Mapanare/mapanare/self/mnc-stage1)
==78260== 
==78260== 168 bytes in 1 blocks are indirectly lost in loss record 526 of 604
==78260==    at 0x484D953: calloc (in /usr/libexec/valgrind/vgpreload_memcheck-amd64-linux.so)
==78260==    by 0x4920D5: semantic__register_builtins (in /mnt/c/Users/Juan/Documents/GitHub/Mapanare/mapanare/self/mnc-stage1)
==78260== 
==78260== 168 bytes in 1 blocks are indirectly lost in loss record 527 of 604
==78260==    at 0x4846828: malloc (in /usr/libexec/valgrind/vgpreload_memcheck-amd64-linux.so)
==78260==    by 0x49219A: semantic__register_builtins (in /mnt/c/Users/Juan/Documents/GitHub/Mapanare/mapanare/self/mnc-stage1)
==78260== 
==78260== 168 bytes in 1 blocks are indirectly lost in loss record 528 of 604
==78260==    at 0x484D953: calloc (in /usr/libexec/valgrind/vgpreload_memcheck-amd64-linux.so)
==78260==    by 0x49248E: semantic__register_builtins (in /mnt/c/Users/Juan/Documents/GitHub/Mapanare/mapanare/self/mnc-stage1)
==78260== 
==78260== 168 bytes in 1 blocks are indirectly lost in loss record 529 of 604
==78260==    at 0x4846828: malloc (in /usr/libexec/valgrind/vgpreload_memcheck-amd64-linux.so)
==78260==    by 0x492553: semantic__register_builtins (in /mnt/c/Users/Juan/Documents/GitHub/Mapanare/mapanare/self/mnc-stage1)
==78260== 
==78260== 168 bytes in 1 blocks are indirectly lost in loss record 530 of 604
==78260==    at 0x484D953: calloc (in /usr/libexec/valgrind/vgpreload_memcheck-amd64-linux.so)
==78260==    by 0x492849: semantic__register_builtins (in /mnt/c/Users/Juan/Documents/GitHub/Mapanare/mapanare/self/mnc-stage1)
==78260== 
==78260== 168 bytes in 1 blocks are indirectly lost in loss record 531 of 604
==78260==    at 0x4846828: malloc (in /usr/libexec/valgrind/vgpreload_memcheck-amd64-linux.so)
==78260==    by 0x49290E: semantic__register_builtins (in /mnt/c/Users/Juan/Documents/GitHub/Mapanare/mapanare/self/mnc-stage1)
==78260== 
==78260== 168 bytes in 1 blocks are indirectly lost in loss record 532 of 604
==78260==    at 0x484D953: calloc (in /usr/libexec/valgrind/vgpreload_memcheck-amd64-linux.so)
==78260==    by 0x492C04: semantic__register_builtins (in /mnt/c/Users/Juan/Documents/GitHub/Mapanare/mapanare/self/mnc-stage1)
==78260== 
==78260== 168 bytes in 1 blocks are indirectly lost in loss record 533 of 604
==78260==    at 0x4846828: malloc (in /usr/libexec/valgrind/vgpreload_memcheck-amd64-linux.so)
==78260==    by 0x492CC9: semantic__register_builtins (in /mnt/c/Users/Juan/Documents/GitHub/Mapanare/mapanare/self/mnc-stage1)
==78260== 
==78260== 168 bytes in 1 blocks are indirectly lost in loss record 534 of 604
==78260==    at 0x484D953: calloc (in /usr/libexec/valgrind/vgpreload_memcheck-amd64-linux.so)
==78260==    by 0x492FBF: semantic__register_builtins (in /mnt/c/Users/Juan/Documents/GitHub/Mapanare/mapanare/self/mnc-stage1)
==78260== 
==78260== 168 bytes in 1 blocks are indirectly lost in loss record 535 of 604
==78260==    at 0x4846828: malloc (in /usr/libexec/valgrind/vgpreload_memcheck-amd64-linux.so)
==78260==    by 0x493084: semantic__register_builtins (in /mnt/c/Users/Juan/Documents/GitHub/Mapanare/mapanare/self/mnc-stage1)
==78260== 
==78260== 168 bytes in 1 blocks are indirectly lost in loss record 536 of 604
==78260==    at 0x484D953: calloc (in /usr/libexec/valgrind/vgpreload_memcheck-amd64-linux.so)
==78260==    by 0x49337A: semantic__register_builtins (in /mnt/c/Users/Juan/Documents/GitHub/Mapanare/mapanare/self/mnc-stage1)
==78260== 
==78260== 168 bytes in 1 blocks are indirectly lost in loss record 537 of 604
==78260==    at 0x4846828: malloc (in /usr/libexec/valgrind/vgpreload_memcheck-amd64-linux.so)
==78260==    by 0x49343F: semantic__register_builtins (in /mnt/c/Users/Juan/Documents/GitHub/Mapanare/mapanare/self/mnc-stage1)
==78260== 
==78260== 168 bytes in 1 blocks are indirectly lost in loss record 538 of 604
==78260==    at 0x484D953: calloc (in /usr/libexec/valgrind/vgpreload_memcheck-amd64-linux.so)
==78260==    by 0x493735: semantic__register_builtins (in /mnt/c/Users/Juan/Documents/GitHub/Mapanare/mapanare/self/mnc-stage1)
==78260== 
==78260== 168 bytes in 1 blocks are indirectly lost in loss record 539 of 604
==78260==    at 0x4846828: malloc (in /usr/libexec/valgrind/vgpreload_memcheck-amd64-linux.so)
==78260==    by 0x4937FA: semantic__register_builtins (in /mnt/c/Users/Juan/Documents/GitHub/Mapanare/mapanare/self/mnc-stage1)
==78260== 
==78260== 168 bytes in 1 blocks are indirectly lost in loss record 540 of 604
==78260==    at 0x484D953: calloc (in /usr/libexec/valgrind/vgpreload_memcheck-amd64-linux.so)
==78260==    by 0x493AF2: semantic__register_builtins (in /mnt/c/Users/Juan/Documents/GitHub/Mapanare/mapanare/self/mnc-stage1)
==78260== 
==78260== 168 bytes in 1 blocks are indirectly lost in loss record 541 of 604
==78260==    at 0x4846828: malloc (in /usr/libexec/valgrind/vgpreload_memcheck-amd64-linux.so)
==78260==    by 0x493BB7: semantic__register_builtins (in /mnt/c/Users/Juan/Documents/GitHub/Mapanare/mapanare/self/mnc-stage1)
==78260== 
==78260== 168 bytes in 1 blocks are indirectly lost in loss record 542 of 604
==78260==    at 0x484D953: calloc (in /usr/libexec/valgrind/vgpreload_memcheck-amd64-linux.so)
==78260==    by 0x493EAF: semantic__register_builtins (in /mnt/c/Users/Juan/Documents/GitHub/Mapanare/mapanare/self/mnc-stage1)
==78260== 
==78260== 168 bytes in 1 blocks are indirectly lost in loss record 543 of 604
==78260==    at 0x4846828: malloc (in /usr/libexec/valgrind/vgpreload_memcheck-amd64-linux.so)
==78260==    by 0x493F74: semantic__register_builtins (in /mnt/c/Users/Juan/Documents/GitHub/Mapanare/mapanare/self/mnc-stage1)
==78260== 
==78260== 168 bytes in 1 blocks are indirectly lost in loss record 544 of 604
==78260==    at 0x484D953: calloc (in /usr/libexec/valgrind/vgpreload_memcheck-amd64-linux.so)
==78260==    by 0x49426C: semantic__register_builtins (in /mnt/c/Users/Juan/Documents/GitHub/Mapanare/mapanare/self/mnc-stage1)
==78260== 
==78260== 168 bytes in 1 blocks are indirectly lost in loss record 545 of 604
==78260==    at 0x4846828: malloc (in /usr/libexec/valgrind/vgpreload_memcheck-amd64-linux.so)
==78260==    by 0x494331: semantic__register_builtins (in /mnt/c/Users/Juan/Documents/GitHub/Mapanare/mapanare/self/mnc-stage1)
==78260== 
==78260== 168 bytes in 1 blocks are indirectly lost in loss record 546 of 604
==78260==    at 0x484D953: calloc (in /usr/libexec/valgrind/vgpreload_memcheck-amd64-linux.so)
==78260==    by 0x494629: semantic__register_builtins (in /mnt/c/Users/Juan/Documents/GitHub/Mapanare/mapanare/self/mnc-stage1)
==78260== 
==78260== 168 bytes in 1 blocks are indirectly lost in loss record 547 of 604
==78260==    at 0x4846828: malloc (in /usr/libexec/valgrind/vgpreload_memcheck-amd64-linux.so)
==78260==    by 0x4946EE: semantic__register_builtins (in /mnt/c/Users/Juan/Documents/GitHub/Mapanare/mapanare/self/mnc-stage1)
==78260== 
==78260== 168 bytes in 1 blocks are indirectly lost in loss record 548 of 604
==78260==    at 0x484D953: calloc (in /usr/libexec/valgrind/vgpreload_memcheck-amd64-linux.so)
==78260==    by 0x4949E6: semantic__register_builtins (in /mnt/c/Users/Juan/Documents/GitHub/Mapanare/mapanare/self/mnc-stage1)
==78260== 
==78260== 168 bytes in 1 blocks are indirectly lost in loss record 549 of 604
==78260==    at 0x4846828: malloc (in /usr/libexec/valgrind/vgpreload_memcheck-amd64-linux.so)
==78260==    by 0x494AAB: semantic__register_builtins (in /mnt/c/Users/Juan/Documents/GitHub/Mapanare/mapanare/self/mnc-stage1)
==78260== 
==78260== 168 bytes in 1 blocks are indirectly lost in loss record 550 of 604
==78260==    at 0x484D953: calloc (in /usr/libexec/valgrind/vgpreload_memcheck-amd64-linux.so)
==78260==    by 0x494DA3: semantic__register_builtins (in /mnt/c/Users/Juan/Documents/GitHub/Mapanare/mapanare/self/mnc-stage1)
==78260== 
==78260== 168 bytes in 1 blocks are indirectly lost in loss record 551 of 604
==78260==    at 0x4846828: malloc (in /usr/libexec/valgrind/vgpreload_memcheck-amd64-linux.so)
==78260==    by 0x494E68: semantic__register_builtins (in /mnt/c/Users/Juan/Documents/GitHub/Mapanare/mapanare/self/mnc-stage1)
==78260== 
==78260== 168 bytes in 1 blocks are indirectly lost in loss record 552 of 604
==78260==    at 0x484D953: calloc (in /usr/libexec/valgrind/vgpreload_memcheck-amd64-linux.so)
==78260==    by 0x495160: semantic__register_builtins (in /mnt/c/Users/Juan/Documents/GitHub/Mapanare/mapanare/self/mnc-stage1)
==78260== 
==78260== 168 bytes in 1 blocks are indirectly lost in loss record 553 of 604
==78260==    at 0x4846828: malloc (in /usr/libexec/valgrind/vgpreload_memcheck-amd64-linux.so)
==78260==    by 0x495225: semantic__register_builtins (in /mnt/c/Users/Juan/Documents/GitHub/Mapanare/mapanare/self/mnc-stage1)
==78260== 
==78260== 168 bytes in 1 blocks are indirectly lost in loss record 554 of 604
==78260==    at 0x484D953: calloc (in /usr/libexec/valgrind/vgpreload_memcheck-amd64-linux.so)
==78260==    by 0x49551B: semantic__register_builtins (in /mnt/c/Users/Juan/Documents/GitHub/Mapanare/mapanare/self/mnc-stage1)
==78260== 
==78260== 168 bytes in 1 blocks are indirectly lost in loss record 555 of 604
==78260==    at 0x4846828: malloc (in /usr/libexec/valgrind/vgpreload_memcheck-amd64-linux.so)
==78260==    by 0x4955E0: semantic__register_builtins (in /mnt/c/Users/Juan/Documents/GitHub/Mapanare/mapanare/self/mnc-stage1)
==78260== 
==78260== 168 bytes in 1 blocks are indirectly lost in loss record 556 of 604
==78260==    at 0x484D953: calloc (in /usr/libexec/valgrind/vgpreload_memcheck-amd64-linux.so)
==78260==    by 0x4958D6: semantic__register_builtins (in /mnt/c/Users/Juan/Documents/GitHub/Mapanare/mapanare/self/mnc-stage1)
==78260== 
==78260== 168 bytes in 1 blocks are indirectly lost in loss record 557 of 604
==78260==    at 0x4846828: malloc (in /usr/libexec/valgrind/vgpreload_memcheck-amd64-linux.so)
==78260==    by 0x49599B: semantic__register_builtins (in /mnt/c/Users/Juan/Documents/GitHub/Mapanare/mapanare/self/mnc-stage1)
==78260== 
==78260== 168 bytes in 1 blocks are indirectly lost in loss record 558 of 604
==78260==    at 0x484D953: calloc (in /usr/libexec/valgrind/vgpreload_memcheck-amd64-linux.so)
==78260==    by 0x495C91: semantic__register_builtins (in /mnt/c/Users/Juan/Documents/GitHub/Mapanare/mapanare/self/mnc-stage1)
==78260== 
==78260== 168 bytes in 1 blocks are indirectly lost in loss record 559 of 604
==78260==    at 0x4846828: malloc (in /usr/libexec/valgrind/vgpreload_memcheck-amd64-linux.so)
==78260==    by 0x495D56: semantic__register_builtins (in /mnt/c/Users/Juan/Documents/GitHub/Mapanare/mapanare/self/mnc-stage1)
==78260== 
==78260== 168 bytes in 1 blocks are indirectly lost in loss record 560 of 604
==78260==    at 0x484D953: calloc (in /usr/libexec/valgrind/vgpreload_memcheck-amd64-linux.so)
==78260==    by 0x49604A: semantic__register_builtins (in /mnt/c/Users/Juan/Documents/GitHub/Mapanare/mapanare/self/mnc-stage1)
==78260== 
==78260== 168 bytes in 1 blocks are indirectly lost in loss record 561 of 604
==78260==    at 0x4846828: malloc (in /usr/libexec/valgrind/vgpreload_memcheck-amd64-linux.so)
==78260==    by 0x49610F: semantic__register_builtins (in /mnt/c/Users/Juan/Documents/GitHub/Mapanare/mapanare/self/mnc-stage1)
==78260== 
==78260== 168 bytes in 1 blocks are indirectly lost in loss record 562 of 604
==78260==    at 0x484D953: calloc (in /usr/libexec/valgrind/vgpreload_memcheck-amd64-linux.so)
==78260==    by 0x496403: semantic__register_builtins (in /mnt/c/Users/Juan/Documents/GitHub/Mapanare/mapanare/self/mnc-stage1)
==78260== 
==78260== 168 bytes in 1 blocks are indirectly lost in loss record 563 of 604
==78260==    at 0x4846828: malloc (in /usr/libexec/valgrind/vgpreload_memcheck-amd64-linux.so)
==78260==    by 0x4964C8: semantic__register_builtins (in /mnt/c/Users/Juan/Documents/GitHub/Mapanare/mapanare/self/mnc-stage1)
==78260== 
==78260== 168 bytes in 1 blocks are indirectly lost in loss record 564 of 604
==78260==    at 0x484D953: calloc (in /usr/libexec/valgrind/vgpreload_memcheck-amd64-linux.so)
==78260==    by 0x4967BC: semantic__register_builtins (in /mnt/c/Users/Juan/Documents/GitHub/Mapanare/mapanare/self/mnc-stage1)
==78260== 
==78260== 168 bytes in 1 blocks are indirectly lost in loss record 565 of 604
==78260==    at 0x4846828: malloc (in /usr/libexec/valgrind/vgpreload_memcheck-amd64-linux.so)
==78260==    by 0x496881: semantic__register_builtins (in /mnt/c/Users/Juan/Documents/GitHub/Mapanare/mapanare/self/mnc-stage1)
==78260== 
==78260== 168 bytes in 1 blocks are indirectly lost in loss record 566 of 604
==78260==    at 0x484D953: calloc (in /usr/libexec/valgrind/vgpreload_memcheck-amd64-linux.so)
==78260==    by 0x496B75: semantic__register_builtins (in /mnt/c/Users/Juan/Documents/GitHub/Mapanare/mapanare/self/mnc-stage1)
==78260== 
==78260== 168 bytes in 1 blocks are indirectly lost in loss record 567 of 604
==78260==    at 0x4846828: malloc (in /usr/libexec/valgrind/vgpreload_memcheck-amd64-linux.so)
==78260==    by 0x496C3A: semantic__register_builtins (in /mnt/c/Users/Juan/Documents/GitHub/Mapanare/mapanare/self/mnc-stage1)
==78260== 
==78260== 168 bytes in 1 blocks are indirectly lost in loss record 568 of 604
==78260==    at 0x484D953: calloc (in /usr/libexec/valgrind/vgpreload_memcheck-amd64-linux.so)
==78260==    by 0x496F2E: semantic__register_builtins (in /mnt/c/Users/Juan/Documents/GitHub/Mapanare/mapanare/self/mnc-stage1)
==78260== 
==78260== 168 bytes in 1 blocks are indirectly lost in loss record 569 of 604
==78260==    at 0x4846828: malloc (in /usr/libexec/valgrind/vgpreload_memcheck-amd64-linux.so)
==78260==    by 0x496FF3: semantic__register_builtins (in /mnt/c/Users/Juan/Documents/GitHub/Mapanare/mapanare/self/mnc-stage1)
==78260== 
==78260== 168 bytes in 1 blocks are indirectly lost in loss record 570 of 604
==78260==    at 0x484D953: calloc (in /usr/libexec/valgrind/vgpreload_memcheck-amd64-linux.so)
==78260==    by 0x4972E7: semantic__register_builtins (in /mnt/c/Users/Juan/Documents/GitHub/Mapanare/mapanare/self/mnc-stage1)
==78260== 
==78260== 168 bytes in 1 blocks are indirectly lost in loss record 571 of 604
==78260==    at 0x4846828: malloc (in /usr/libexec/valgrind/vgpreload_memcheck-amd64-linux.so)
==78260==    by 0x4973AC: semantic__register_builtins (in /mnt/c/Users/Juan/Documents/GitHub/Mapanare/mapanare/self/mnc-stage1)
==78260== 
==78260== 168 bytes in 1 blocks are indirectly lost in loss record 572 of 604
==78260==    at 0x484D953: calloc (in /usr/libexec/valgrind/vgpreload_memcheck-amd64-linux.so)
==78260==    by 0x4976A1: semantic__register_builtins (in /mnt/c/Users/Juan/Documents/GitHub/Mapanare/mapanare/self/mnc-stage1)
==78260== 
==78260== 168 bytes in 1 blocks are indirectly lost in loss record 573 of 604
==78260==    at 0x4846828: malloc (in /usr/libexec/valgrind/vgpreload_memcheck-amd64-linux.so)
==78260==    by 0x497766: semantic__register_builtins (in /mnt/c/Users/Juan/Documents/GitHub/Mapanare/mapanare/self/mnc-stage1)
==78260== 
==78260== 168 bytes in 1 blocks are indirectly lost in loss record 574 of 604
==78260==    at 0x484D953: calloc (in /usr/libexec/valgrind/vgpreload_memcheck-amd64-linux.so)
==78260==    by 0x497A5C: semantic__register_builtins (in /mnt/c/Users/Juan/Documents/GitHub/Mapanare/mapanare/self/mnc-stage1)
==78260== 
==78260== 168 bytes in 1 blocks are indirectly lost in loss record 575 of 604
==78260==    at 0x4846828: malloc (in /usr/libexec/valgrind/vgpreload_memcheck-amd64-linux.so)
==78260==    by 0x497B21: semantic__register_builtins (in /mnt/c/Users/Juan/Documents/GitHub/Mapanare/mapanare/self/mnc-stage1)
==78260== 
==78260== 168 bytes in 1 blocks are indirectly lost in loss record 576 of 604
==78260==    at 0x484D953: calloc (in /usr/libexec/valgrind/vgpreload_memcheck-amd64-linux.so)
==78260==    by 0x43AEBD: semantic__resolve_type_opt (in /mnt/c/Users/Juan/Documents/GitHub/Mapanare/mapanare/self/mnc-stage1)
==78260==    by 0x6A84DAF: ???
==78260== 
==78260== 168 bytes in 1 blocks are indirectly lost in loss record 577 of 604
==78260==    at 0x484D953: calloc (in /usr/libexec/valgrind/vgpreload_memcheck-amd64-linux.so)
==78260==    by 0x45B4C2: semantic__check_call_resolved (in /mnt/c/Users/Juan/Documents/GitHub/Mapanare/mapanare/self/mnc-stage1)
==78260== 
==78260== 168 bytes in 1 blocks are definitely lost in loss record 578 of 604
==78260==    at 0x484D953: calloc (in /usr/libexec/valgrind/vgpreload_memcheck-amd64-linux.so)
==78260==    by 0x415BCF: compile (in /mnt/c/Users/Juan/Documents/GitHub/Mapanare/mapanare/self/mnc-stage1)
==78260== 
==78260== 192 bytes in 4 blocks are indirectly lost in loss record 579 of 604
==78260==    at 0x4846828: malloc (in /usr/libexec/valgrind/vgpreload_memcheck-amd64-linux.so)
==78260==    by 0x430D56: parser__parse_call_args (in /mnt/c/Users/Juan/Documents/GitHub/Mapanare/mapanare/self/mnc-stage1)
==78260==    by 0x6A8931F: ???
==78260==    by 0x5A: ???
==78260==    by 0x7F: ???
==78260==    by 0x3F: ???
==78260== 
==78260== 224 bytes in 4 blocks are definitely lost in loss record 580 of 604
==78260==    at 0x4846828: malloc (in /usr/libexec/valgrind/vgpreload_memcheck-amd64-linux.so)
==78260==    by 0x4780C8: semantic__register_def (in /mnt/c/Users/Juan/Documents/GitHub/Mapanare/mapanare/self/mnc-stage1)
==78260== 
==78260== 224 bytes in 4 blocks are definitely lost in loss record 581 of 604
==78260==    at 0x4846828: malloc (in /usr/libexec/valgrind/vgpreload_memcheck-amd64-linux.so)
==78260==    by 0x473172: semantic__check_let_stmt (in /mnt/c/Users/Juan/Documents/GitHub/Mapanare/mapanare/self/mnc-stage1)
==78260== 
==78260== 256 bytes in 4 blocks are indirectly lost in loss record 582 of 604
==78260==    at 0x4846828: malloc (in /usr/libexec/valgrind/vgpreload_memcheck-amd64-linux.so)
==78260==    by 0x42F454: parser__parse_let_stmt (in /mnt/c/Users/Juan/Documents/GitHub/Mapanare/mapanare/self/mnc-stage1)
==78260== 
==78260== 288 bytes in 1 blocks are possibly lost in loss record 583 of 604
==78260==    at 0x484D953: calloc (in /usr/libexec/valgrind/vgpreload_memcheck-amd64-linux.so)
==78260==    by 0x40145AB: calloc (rtld-malloc.h:44)
==78260==    by 0x40145AB: allocate_dtv (dl-tls.c:370)
==78260==    by 0x40145AB: _dl_allocate_tls (dl-tls.c:629)
==78260==    by 0x48FD616: allocate_stack (allocatestack.c:429)
==78260==    by 0x48FD616: pthread_create@@GLIBC_2.34 (pthread_create.c:655)
==78260==    by 0x4137E1: main (in /mnt/c/Users/Juan/Documents/GitHub/Mapanare/mapanare/self/mnc-stage1)
==78260== 
==78260== 336 bytes in 2 blocks are definitely lost in loss record 584 of 604
==78260==    at 0x484D953: calloc (in /usr/libexec/valgrind/vgpreload_memcheck-amd64-linux.so)
==78260==    by 0x43AEBD: semantic__resolve_type_opt (in /mnt/c/Users/Juan/Documents/GitHub/Mapanare/mapanare/self/mnc-stage1)
==78260== 
==78260== 336 bytes in 2 blocks are definitely lost in loss record 585 of 604
==78260==    at 0x484D953: calloc (in /usr/libexec/valgrind/vgpreload_memcheck-amd64-linux.so)
==78260==    by 0x4525DC: semantic__check_arithmetic_binary (in /mnt/c/Users/Juan/Documents/GitHub/Mapanare/mapanare/self/mnc-stage1)
==78260== 
==78260== 398 bytes in 199 blocks are definitely lost in loss record 586 of 604
==78260==    at 0x484D953: calloc (in /usr/libexec/valgrind/vgpreload_memcheck-amd64-linux.so)
==78260==    by 0x723DE9: __mn_alloc (in /mnt/c/Users/Juan/Documents/GitHub/Mapanare/mapanare/self/mnc-stage1)
==78260==    by 0x7245AB: __mn_str_from_parts (in /mnt/c/Users/Juan/Documents/GitHub/Mapanare/mapanare/self/mnc-stage1)
==78260==    by 0x42244E: lexer__tokenize (in /mnt/c/Users/Juan/Documents/GitHub/Mapanare/mapanare/self/mnc-stage1)
==78260== 
==78260== 400 bytes in 1 blocks are possibly lost in loss record 587 of 604
==78260==    at 0x484D953: calloc (in /usr/libexec/valgrind/vgpreload_memcheck-amd64-linux.so)
==78260==    by 0x723DE9: __mn_alloc (in /mnt/c/Users/Juan/Documents/GitHub/Mapanare/mapanare/self/mnc-stage1)
==78260==    by 0x725AFA: __mn_list_push (in /mnt/c/Users/Juan/Documents/GitHub/Mapanare/mapanare/self/mnc-stage1)
==78260==    by 0x45B3D3: semantic__check_call_resolved (in /mnt/c/Users/Juan/Documents/GitHub/Mapanare/mapanare/self/mnc-stage1)
==78260== 
==78260== 432 bytes in 3 blocks are indirectly lost in loss record 588 of 604
==78260==    at 0x484D953: calloc (in /usr/libexec/valgrind/vgpreload_memcheck-amd64-linux.so)
==78260==    by 0x723DE9: __mn_alloc (in /mnt/c/Users/Juan/Documents/GitHub/Mapanare/mapanare/self/mnc-stage1)
==78260==    by 0x725AFA: __mn_list_push (in /mnt/c/Users/Juan/Documents/GitHub/Mapanare/mapanare/self/mnc-stage1)
==78260==    by 0x430E0E: parser__parse_call_args (in /mnt/c/Users/Juan/Documents/GitHub/Mapanare/mapanare/self/mnc-stage1)
==78260==    by 0x6A8931F: ???
==78260==    by 0x5A: ???
==78260==    by 0x7F: ???
==78260==    by 0x3F: ???
==78260== 
==78260== 504 bytes in 3 blocks are indirectly lost in loss record 589 of 604
==78260==    at 0x484D953: calloc (in /usr/libexec/valgrind/vgpreload_memcheck-amd64-linux.so)
==78260==    by 0x436E4B: semantic__unknown_type (in /mnt/c/Users/Juan/Documents/GitHub/Mapanare/mapanare/self/mnc-stage1)
==78260== 
==78260== 504 bytes in 3 blocks are definitely lost in loss record 590 of 604
==78260==    at 0x484D953: calloc (in /usr/libexec/valgrind/vgpreload_memcheck-amd64-linux.so)
==78260==    by 0x43B478: semantic__infer_expr (in /mnt/c/Users/Juan/Documents/GitHub/Mapanare/mapanare/self/mnc-stage1)
==78260== 
==78260== 504 bytes in 3 blocks are definitely lost in loss record 591 of 604
==78260==    at 0x484D953: calloc (in /usr/libexec/valgrind/vgpreload_memcheck-amd64-linux.so)
==78260==    by 0x43AEBD: semantic__resolve_type_opt (in /mnt/c/Users/Juan/Documents/GitHub/Mapanare/mapanare/self/mnc-stage1)
==78260==    by 0x73D92F: ??? (in /mnt/c/Users/Juan/Documents/GitHub/Mapanare/mapanare/self/mnc-stage1)
==78260== 
==78260== 574 bytes in 1 blocks are definitely lost in loss record 592 of 604
==78260==    at 0x484D953: calloc (in /usr/libexec/valgrind/vgpreload_memcheck-amd64-linux.so)
==78260==    by 0x723DE9: __mn_alloc (in /mnt/c/Users/Juan/Documents/GitHub/Mapanare/mapanare/self/mnc-stage1)
==78260==    by 0x7266C3: __mn_file_read (in /mnt/c/Users/Juan/Documents/GitHub/Mapanare/mapanare/self/mnc-stage1)
==78260==    by 0x728A47: __mn_file_read_or_empty (in /mnt/c/Users/Juan/Documents/GitHub/Mapanare/mapanare/self/mnc-stage1)
==78260==    by 0x418E28: mn_main (in /mnt/c/Users/Juan/Documents/GitHub/Mapanare/mapanare/self/mnc-stage1)
==78260==    by 0x4989A63: clone (clone.S:100)
==78260== 
==78260== 672 bytes in 4 blocks are indirectly lost in loss record 593 of 604
==78260==    at 0x484D953: calloc (in /usr/libexec/valgrind/vgpreload_memcheck-amd64-linux.so)
==78260==    by 0x439E73: semantic__resolve_type_expr (in /mnt/c/Users/Juan/Documents/GitHub/Mapanare/mapanare/self/mnc-stage1)
==78260== 
==78260== 672 bytes in 4 blocks are definitely lost in loss record 594 of 604
==78260==    at 0x484D953: calloc (in /usr/libexec/valgrind/vgpreload_memcheck-amd64-linux.so)
==78260==    by 0x439E73: semantic__resolve_type_expr (in /mnt/c/Users/Juan/Documents/GitHub/Mapanare/mapanare/self/mnc-stage1)
==78260== 
==78260== 704 bytes in 44 blocks are definitely lost in loss record 595 of 604
==78260==    at 0x4846828: malloc (in /usr/libexec/valgrind/vgpreload_memcheck-amd64-linux.so)
==78260==    by 0x728B99: __mn_range (in /mnt/c/Users/Juan/Documents/GitHub/Mapanare/mapanare/self/mnc-stage1)
==78260==    by 0x41FA11: lexer__scan_ident (in /mnt/c/Users/Juan/Documents/GitHub/Mapanare/mapanare/self/mnc-stage1)
==78260== 
==78260== 840 bytes in 5 blocks are indirectly lost in loss record 596 of 604
==78260==    at 0x4846828: malloc (in /usr/libexec/valgrind/vgpreload_memcheck-amd64-linux.so)
==78260==    by 0x477EA4: semantic__register_def (in /mnt/c/Users/Juan/Documents/GitHub/Mapanare/mapanare/self/mnc-stage1)
==78260== 
==78260== 1,360 bytes in 5 blocks are indirectly lost in loss record 597 of 604
==78260==    at 0x4846828: malloc (in /usr/libexec/valgrind/vgpreload_memcheck-amd64-linux.so)
==78260==    by 0x42797A: parser__parse_fn_body (in /mnt/c/Users/Juan/Documents/GitHub/Mapanare/mapanare/self/mnc-stage1)
==78260== 
==78260== 2,880 bytes in 4 blocks are indirectly lost in loss record 598 of 604
==78260==    at 0x484D953: calloc (in /usr/libexec/valgrind/vgpreload_memcheck-amd64-linux.so)
==78260==    by 0x723DE9: __mn_alloc (in /mnt/c/Users/Juan/Documents/GitHub/Mapanare/mapanare/self/mnc-stage1)
==78260==    by 0x725AFA: __mn_list_push (in /mnt/c/Users/Juan/Documents/GitHub/Mapanare/mapanare/self/mnc-stage1)
==78260==    by 0x427957: parser__parse_fn_body (in /mnt/c/Users/Juan/Documents/GitHub/Mapanare/mapanare/self/mnc-stage1)
==78260== 
==78260== 3,888 bytes in 3 blocks are definitely lost in loss record 599 of 604
==78260==    at 0x484D953: calloc (in /usr/libexec/valgrind/vgpreload_memcheck-amd64-linux.so)
==78260==    by 0x723DE9: __mn_alloc (in /mnt/c/Users/Juan/Documents/GitHub/Mapanare/mapanare/self/mnc-stage1)
==78260==    by 0x725AFA: __mn_list_push (in /mnt/c/Users/Juan/Documents/GitHub/Mapanare/mapanare/self/mnc-stage1)
==78260==    by 0x459466: semantic__check_call_expr (in /mnt/c/Users/Juan/Documents/GitHub/Mapanare/mapanare/self/mnc-stage1)
==78260== 
==78260== 3,904 (3,232 direct, 672 indirect) bytes in 2 blocks are definitely lost in loss record 600 of 604
==78260==    at 0x484D953: calloc (in /usr/libexec/valgrind/vgpreload_memcheck-amd64-linux.so)
==78260==    by 0x723DE9: __mn_alloc (in /mnt/c/Users/Juan/Documents/GitHub/Mapanare/mapanare/self/mnc-stage1)
==78260==    by 0x725AFA: __mn_list_push (in /mnt/c/Users/Juan/Documents/GitHub/Mapanare/mapanare/self/mnc-stage1)
==78260==    by 0x473140: semantic__check_let_stmt (in /mnt/c/Users/Juan/Documents/GitHub/Mapanare/mapanare/self/mnc-stage1)
==78260== 
==78260== 6,816 (144 direct, 6,672 indirect) bytes in 1 blocks are definitely lost in loss record 601 of 604
==78260==    at 0x484D953: calloc (in /usr/libexec/valgrind/vgpreload_memcheck-amd64-linux.so)
==78260==    by 0x723DE9: __mn_alloc (in /mnt/c/Users/Juan/Documents/GitHub/Mapanare/mapanare/self/mnc-stage1)
==78260==    by 0x725AFA: __mn_list_push (in /mnt/c/Users/Juan/Documents/GitHub/Mapanare/mapanare/self/mnc-stage1)
==78260==    by 0x423E21: parser__parse (in /mnt/c/Users/Juan/Documents/GitHub/Mapanare/mapanare/self/mnc-stage1)
==78260== 
==78260== 8,444 (8,208 direct, 236 indirect) bytes in 1 blocks are definitely lost in loss record 602 of 604
==78260==    at 0x484D953: calloc (in /usr/libexec/valgrind/vgpreload_memcheck-amd64-linux.so)
==78260==    by 0x723DE9: __mn_alloc (in /mnt/c/Users/Juan/Documents/GitHub/Mapanare/mapanare/self/mnc-stage1)
==78260==    by 0x725BBF: __mn_list_push (in /mnt/c/Users/Juan/Documents/GitHub/Mapanare/mapanare/self/mnc-stage1)
==78260==    by 0x4229EF: lexer__tokenize (in /mnt/c/Users/Juan/Documents/GitHub/Mapanare/mapanare/self/mnc-stage1)
==78260== 
==78260== 25,616 bytes in 1 blocks are indirectly lost in loss record 603 of 604
==78260==    at 0x484D953: calloc (in /usr/libexec/valgrind/vgpreload_memcheck-amd64-linux.so)
==78260==    by 0x723DE9: __mn_alloc (in /mnt/c/Users/Juan/Documents/GitHub/Mapanare/mapanare/self/mnc-stage1)
==78260==    by 0x725BBF: __mn_list_push (in /mnt/c/Users/Juan/Documents/GitHub/Mapanare/mapanare/self/mnc-stage1)
==78260==    by 0x4780B6: semantic__register_def (in /mnt/c/Users/Juan/Documents/GitHub/Mapanare/mapanare/self/mnc-stage1)
==78260== 
==78260== 47,792 (280 direct, 47,512 indirect) bytes in 5 blocks are definitely lost in loss record 604 of 604
==78260==    at 0x4846828: malloc (in /usr/libexec/valgrind/vgpreload_memcheck-amd64-linux.so)
==78260==    by 0x48175A: semantic__check_fn_body (in /mnt/c/Users/Juan/Documents/GitHub/Mapanare/mapanare/self/mnc-stage1)
==78260== 
==78260== LEAK SUMMARY:
==78260==    definitely lost: 24,919 bytes in 1,068 blocks
==78260==    indirectly lost: 55,092 bytes in 253 blocks
==78260==      possibly lost: 762 bytes in 3 blocks
==78260==    still reachable: 30 bytes in 1 blocks
==78260==         suppressed: 0 bytes in 0 blocks
==78260== 
==78260== For lists of detected and suppressed errors, rerun with: -s
==78260== ERROR SUMMARY: 0 errors from 0 contexts (suppressed: 0 from 0)
